{"learning_rate": 0.001454603294786294, "batch_size": 64, "dropout_rate": 0.34159865755511554, "l2_reg": 0.0001025198173141607, "layer_size_0": 64, "layer_size_1": 16, "layer_size_2": 64, "layer_size_3": 32}