{"learning_rate": 0.0002615818831332964, "batch_size": 32, "dropout_rate": 0.10268118611076651, "l2_reg": 0.005516825833071364, "layer_size_0": 80, "layer_size_1": 64, "layer_size_2": 16, "layer_size_3": 80}