{"learning_rate": 8.365196682217405e-05, "batch_size": 16, "dropout_rate": 0.1901448061415038, "l2_reg": 2.1931340451597754e-05, "layer_size_0": 112, "layer_size_1": 64, "layer_size_2": 96, "layer_size_3": 96}