DATE,EVENT,BOUT,FIGHTER,odds
2014-08-23,UFC Fight Night: Henderson vs Dos Anjos,Aaron Phillips vs. Matt Hobar,Aaron Phillips,-165
2014-08-23,UFC Fight Night: Henderson vs Dos Anjos,Aaron Phillips vs. Matt Hobar,Matt Hobar,165
2013-07-27,UFC on FOX: Johnson vs Moraga,Aaron Riley vs. Justin Salas,Aaron Riley,128
2013-07-27,UFC on FOX: Johnson vs Moraga,Aaron Riley vs. Justin Salas,Justin Salas,-128
2013-12-14,UFC on FOX: Johnson vs. Benavidez 2,Abel Trujillo vs. Roger Bowling,Abel Trujillo,-103
2013-12-14,UFC on FOX: Johnson vs. Benavidez 2,Abel Trujillo vs. Roger Bowling,Roger Bowling,103
2014-10-04,UFC Fight Night: Nelson vs Story,Akira Corassani vs. Max Holloway,Akira Corassani,244
2014-10-04,UFC Fight Night: Nelson vs Story,Akira Corassani vs. Max Holloway,Max Holloway,-244
2013-11-30,The Ultimate Fighter: Team Rousey vs. Team Tate Finale,Akira Corassani vs. Maximo Blanco,Akira Corassani,152
2013-11-30,The Ultimate Fighter: Team Rousey vs. Team Tate Finale,Akira Corassani vs. Maximo Blanco,Maximo Blanco,-152
2013-04-06,UFC on FUEL TV: Mousasi vs Latifi,Akira Corassani vs. Robert Peralta,Akira Corassani,147
2013-04-06,UFC on FUEL TV: Mousasi vs Latifi,Akira Corassani vs. Robert Peralta,Robert Peralta,-147
2015-01-24,UFC on FOX: Gustafsson vs Johnson,Akira Corassani vs. Sam Sicilia,Akira Corassani,178
2015-01-24,UFC on FOX: Gustafsson vs Johnson,Akira Corassani vs. Sam Sicilia,Sam Sicilia,-178
2014-05-24,UFC 173: Barao vs Dillashaw,Al Iaquinta vs. Mitch Clarke,Al Iaquinta,-163
2014-05-24,UFC 173: Barao vs Dillashaw,Al Iaquinta vs. Mitch Clarke,Mitch Clarke,163
2013-10-26,UFC Fight Night: Machida vs Munoz,Al Iaquinta vs. Piotr Hallmann,Al Iaquinta,-110
2013-10-26,UFC Fight Night: Machida vs Munoz,Al Iaquinta vs. Piotr Hallmann,Piotr Hallmann,110
2014-09-05,UFC Fight Night: Jacare vs Mousasi,Al Iaquinta vs. Rodrigo Damm,Al Iaquinta,-202
2014-09-05,UFC Fight Night: Jacare vs Mousasi,Al Iaquinta vs. Rodrigo Damm,Rodrigo Damm,202
2015-02-28,UFC 184: Rousey vs Zingano,Alan Jouban vs. Richard Walsh,Alan Jouban,195
2015-02-28,UFC 184: Rousey vs Zingano,Alan Jouban vs. Richard Walsh,Richard Walsh,-195
2014-01-25,UFC on FOX: Henderson vs Thomson,Alex Caceres vs. Sergio Pettis,Alex Caceres,106
2014-01-25,UFC on FOX: Henderson vs Thomson,Alex Caceres vs. Sergio Pettis,Sergio Pettis,-106
2014-12-06,UFC 181: Hendricks vs Lawler II,Alex White vs. Clay Collard,Alex White,-119
2014-12-06,UFC 181: Hendricks vs Lawler II,Alex White vs. Clay Collard,Clay Collard,119
2015-01-24,UFC on FOX: Gustafsson vs Johnson,Alexander Gustafsson vs. Anthony Johnson,Alexander Gustafsson,180
2015-01-24,UFC on FOX: Gustafsson vs Johnson,Alexander Gustafsson vs. Anthony Johnson,Anthony Johnson,-180
2014-03-08,UFC Fight Night: Gustafsson vs Manuwa,Alexander Gustafsson vs. Jimi Manuwa,Alexander Gustafsson,-141
2014-03-08,UFC Fight Night: Gustafsson vs Manuwa,Alexander Gustafsson vs. Jimi Manuwa,Jimi Manuwa,141
2013-02-02,UFC 156: Aldo vs Edgar,Alistair Overeem vs. Antonio Silva,Alistair Overeem,-142
2013-02-02,UFC 156: Aldo vs Edgar,Alistair Overeem vs. Antonio Silva,Antonio Silva,142
2014-09-05,UFC Fight Night: Jacare vs Mousasi,Alistair Overeem vs. Ben Rothwell,Alistair Overeem,-157
2014-09-05,UFC Fight Night: Jacare vs Mousasi,Alistair Overeem vs. Ben Rothwell,Ben Rothwell,157
2014-12-13,UFC on FOX: Dos Santos vs Miocic,Alistair Overeem vs. Stefan Struve,Alistair Overeem,-204
2014-12-13,UFC on FOX: Dos Santos vs Miocic,Alistair Overeem vs. Stefan Struve,Stefan Struve,204
2013-08-17,UFC Fight Night: Shogun vs Sonnen,Alistair Overeem vs. Travis Browne,Alistair Overeem,105
2013-08-17,UFC Fight Night: Shogun vs Sonnen,Alistair Overeem vs. Travis Browne,Travis Browne,-105
2014-06-14,UFC 174: Johnson vs Bagautinov,Andrei Arlovski vs. Brendan Schaub,Andrei Arlovski,101
2014-06-14,UFC 174: Johnson vs Bagautinov,Andrei Arlovski vs. Brendan Schaub,Brendan Schaub,-101
2013-10-26,UFC Fight Night: Machida vs Munoz,Andy Ogle vs. Cole Miller,Andy Ogle,-163
2013-10-26,UFC Fight Night: Machida vs Munoz,Andy Ogle vs. Cole Miller,Cole Miller,163
2013-02-16,UFC on FUEL TV: Barao vs McDonald,Andy Ogle vs. Josh Grispi,Andy Ogle,-116
2013-02-16,UFC on FUEL TV: Barao vs McDonald,Andy Ogle vs. Josh Grispi,Josh Grispi,116
2014-05-31,UFC Fight Night: Munoz vs Mousasi,Andy Ogle vs. Maximo Blanco,Andy Ogle,-112
2014-05-31,UFC Fight Night: Munoz vs Mousasi,Andy Ogle vs. Maximo Blanco,Maximo Blanco,112
2015-05-23,UFC 187: Johnson vs Cormier,Anthony Johnson vs. Daniel Cormier,Anthony Johnson,-174
2015-05-23,UFC 187: Johnson vs Cormier,Anthony Johnson vs. Daniel Cormier,Daniel Cormier,174
2014-07-26,UFC on FOX: Lawler vs Brown,Anthony Johnson vs. Rogerio Nogueira,Anthony Johnson,-224
2014-07-26,UFC on FOX: Lawler vs Brown,Anthony Johnson vs. Rogerio Nogueira,Rogerio Nogueira,224
2014-05-10,UFC Fight Night: Brown vs Silva,Anthony Lapsley vs. Albert Tumenov,Anthony Lapsley,116
2014-05-10,UFC Fight Night: Brown vs Silva,Anthony Lapsley vs. Albert Tumenov,Albert Tumenov,-116
2014-05-24,UFC 173: Barao vs Dillashaw,Anthony Njokuani vs. Vinc Pichel,Anthony Njokuani,122
2014-05-24,UFC 173: Barao vs Dillashaw,Anthony Njokuani vs. Vinc Pichel,Vinc Pichel,-122
2014-11-07,UFC Fight Night: Rockhold vs Bisping,Anthony Perosh vs. Guto Inocente,Anthony Perosh,134
2014-11-07,UFC Fight Night: Rockhold vs Bisping,Anthony Perosh vs. Guto Inocente,Guto Inocente,-134
2015-05-09,UFC Fight Night: Miocic vs Hunt,Anthony Perosh vs. Sean O'Connell,Anthony Perosh,121
2015-05-09,UFC Fight Night: Miocic vs Hunt,Anthony Perosh vs. Sean O'Connell,Sean O'Connell,-121
2013-01-26,UFC on FOX: Johnson vs Dodson,Anthony Pettis vs. Donald Cerrone,Anthony Pettis,-215
2013-01-26,UFC on FOX: Johnson vs Dodson,Anthony Pettis vs. Donald Cerrone,Donald Cerrone,215
2014-12-06,UFC 181: Hendricks vs Lawler II,Anthony Pettis vs. Gilbert Melendez,Anthony Pettis,-160
2014-12-06,UFC 181: Hendricks vs Lawler II,Anthony Pettis vs. Gilbert Melendez,Gilbert Melendez,160
2015-03-14,UFC 185: Pettis vs Dos Anjos,Anthony Pettis vs. Rafael Dos Anjos,Anthony Pettis,107
2015-03-14,UFC 185: Pettis vs Dos Anjos,Anthony Pettis vs. Rafael Dos Anjos,Rafael Dos Anjos,-107
2014-12-20,UFC Fight Night: Machida vs Dollaway,Antonio Carlos Junior vs. Patrick Cummins,Antonio Carlos Junior,163
2014-12-20,UFC Fight Night: Machida vs Dollaway,Antonio Carlos Junior vs. Patrick Cummins,Patrick Cummins,-163
2013-03-16,UFC 158: St-Pierre vs Diaz,Antonio Carvalho vs. Darren Elkins,Antonio Carvalho,182
2013-03-16,UFC 158: St-Pierre vs Diaz,Antonio Carvalho vs. Darren Elkins,Darren Elkins,-182
2013-06-08,UFC on FUEL TV: Nogueira vs. Werdum,Antonio Rodrigo Nogueira vs. Fabricio Werdum,Antonio Rodrigo Nogueira,-111
2013-06-08,UFC on FUEL TV: Nogueira vs. Werdum,Antonio Rodrigo Nogueira vs. Fabricio Werdum,Fabricio Werdum,111
2014-04-11,UFC Fight Night: Minotauro vs Nelson,Antonio Rodrigo Nogueira vs. Roy Nelson,Antonio Rodrigo Nogueira,-159
2014-04-11,UFC Fight Night: Minotauro vs Nelson,Antonio Rodrigo Nogueira vs. Roy Nelson,Roy Nelson,159
2014-09-13,UFC Fight Night: Bigfoot vs Arlovski,Antonio Silva vs. Andrei Arlovski,Antonio Silva,209
2014-09-13,UFC Fight Night: Bigfoot vs Arlovski,Antonio Silva vs. Andrei Arlovski,Andrei Arlovski,-209
2015-02-22,UFC Fight Night: Bigfoot vs Mir,Antonio Silva vs. Frank Mir,Antonio Silva,131
2015-02-22,UFC Fight Night: Bigfoot vs Mir,Antonio Silva vs. Frank Mir,Frank Mir,-131
2013-08-31,UFC 164: Henderson vs Pettis 2,Ben Rothwell vs. Brandon Vera,Ben Rothwell,103
2013-08-31,UFC 164: Henderson vs Pettis 2,Ben Rothwell vs. Brandon Vera,Brandon Vera,-103
2015-06-06,UFC Fight Night: Boetsch vs Henderson,Ben Rothwell vs. Matt Mitrione,Ben Rothwell,121
2015-06-06,UFC Fight Night: Boetsch vs Henderson,Ben Rothwell vs. Matt Mitrione,Matt Mitrione,-121
2014-08-23,UFC Fight Night: Henderson vs Dos Anjos,Beneil Dariush vs. Anthony Rocco Martin,Beneil Dariush,104
2014-08-23,UFC Fight Night: Henderson vs Dos Anjos,Beneil Dariush vs. Anthony Rocco Martin,Anthony Rocco Martin,-104
2013-08-31,UFC 164: Henderson vs Pettis 2,Benson Henderson vs. Anthony Pettis,Benson Henderson,-116
2013-08-31,UFC 164: Henderson vs Pettis 2,Benson Henderson vs. Anthony Pettis,Anthony Pettis,116
2015-02-14,UFC Fight Night: Henderson vs Thatch,Benson Henderson vs. Brandon Thatch,Benson Henderson,-119
2015-02-14,UFC Fight Night: Henderson vs Thatch,Benson Henderson vs. Brandon Thatch,Brandon Thatch,119
2014-01-25,UFC on FOX: Henderson vs Thomson,Benson Henderson vs. Josh Thomson,Benson Henderson,-151
2014-01-25,UFC on FOX: Henderson vs Thomson,Benson Henderson vs. Josh Thomson,Josh Thomson,151
2014-08-23,UFC Fight Night: Henderson vs Dos Anjos,Benson Henderson vs. Rafael Dos Anjos,Benson Henderson,-157
2014-08-23,UFC Fight Night: Henderson vs Dos Anjos,Benson Henderson vs. Rafael Dos Anjos,Rafael Dos Anjos,157
2014-06-07,UFC Fight Night: Henderson vs Khabilov,Benson Henderson vs. Rustam Khabilov,Benson Henderson,-145
2014-06-07,UFC Fight Night: Henderson vs Khabilov,Benson Henderson vs. Rustam Khabilov,Rustam Khabilov,145
2014-06-07,UFC Fight Night: Henderson vs Khabilov,Bobby Voelker vs. Lance Benoist,Bobby Voelker,238
2014-06-07,UFC Fight Night: Henderson vs Khabilov,Bobby Voelker vs. Lance Benoist,Lance Benoist,-238
2013-10-26,UFC Fight Night: Machida vs Munoz,Brad Scott vs. Michael Kuiper,Brad Scott,161
2013-10-26,UFC Fight Night: Machida vs Munoz,Brad Scott vs. Michael Kuiper,Michael Kuiper,-161
2015-01-03,UFC 182: Jones vs Cormier,Brad Tavares vs. Nate Marquardt,Brad Tavares,-105
2015-01-03,UFC 182: Jones vs Cormier,Brad Tavares vs. Nate Marquardt,Nate Marquardt,105
2013-08-28,UFC Fight Night: Condit vs Kampmann 2,Brad Tavares vs. Robert McDaniel,Brad Tavares,-118
2013-08-28,UFC Fight Night: Condit vs Kampmann 2,Brad Tavares vs. Robert McDaniel,Robert McDaniel,118
2015-05-09,UFC Fight Night: Miocic vs Hunt,Brad Tavares vs. Robert Whittaker,Brad Tavares,-128
2015-05-09,UFC Fight Night: Miocic vs Hunt,Brad Tavares vs. Robert Whittaker,Robert Whittaker,128
2014-04-19,UFC on FOX: Werdum vs Browne,Brad Tavares vs. Yoel Romero,Brad Tavares,-152
2014-04-19,UFC on FOX: Werdum vs Browne,Brad Tavares vs. Yoel Romero,Yoel Romero,152
2013-02-23,UFC 157: Rousey vs Carmouche,Brendan Schaub vs. Lavar Johnson,Brendan Schaub,-155
2013-02-23,UFC 157: Rousey vs Carmouche,Brendan Schaub vs. Lavar Johnson,Lavar Johnson,155
2013-09-21,UFC 165: Jones vs Gustafsson,Brendan Schaub vs. Matt Mitrione,Brendan Schaub,-128
2013-09-21,UFC 165: Jones vs Gustafsson,Brendan Schaub vs. Matt Mitrione,Matt Mitrione,128
2013-05-25,UFC 160: Velasquez vs Silva 2,Brian Bowles vs. George Roop,Brian Bowles,115
2013-05-25,UFC 160: Velasquez vs Silva 2,Brian Bowles vs. George Roop,George Roop,-115
2015-06-06,UFC Fight Night: Boetsch vs Henderson,Brian Ebersole vs. Omari Akhmedov,Brian Ebersole,115
2015-06-06,UFC Fight Night: Boetsch vs Henderson,Brian Ebersole vs. Omari Akhmedov,Omari Akhmedov,-115
2013-11-16,UFC 167: St-Pierre vs Hendricks,Brian Ebersole vs. Rick Story,Brian Ebersole,210
2013-11-16,UFC 167: St-Pierre vs Hendricks,Brian Ebersole vs. Rick Story,Rick Story,-210
2013-04-27,UFC 159: Jones vs Sonnen,Bryan Caraway vs. Johnny Bedford,Bryan Caraway,164
2013-04-27,UFC 159: Jones vs Sonnen,Bryan Caraway vs. Johnny Bedford,Johnny Bedford,-164
2013-05-25,UFC 160: Velasquez vs Silva 2,Cain Velasquez vs. Antonio Silva,Cain Velasquez,-458
2013-05-25,UFC 160: Velasquez vs Silva 2,Cain Velasquez vs. Antonio Silva,Antonio Silva,458
2013-10-19,UFC 166: Velasquez vs Dos Santos 3,Cain Velasquez vs. Junior Dos Santos,Cain Velasquez,-141
2013-10-19,UFC 166: Velasquez vs Dos Santos 3,Cain Velasquez vs. Junior Dos Santos,Junior Dos Santos,141
2013-06-08,UFC on FUEL TV: Nogueira vs. Werdum,Caio Magalhaes vs. Karlos Vemola,Caio Magalhaes,-122
2013-06-08,UFC on FUEL TV: Nogueira vs. Werdum,Caio Magalhaes vs. Karlos Vemola,Karlos Vemola,122
2014-11-08,UFC Fight Night 56: Shogun vs Saint Preux,Caio Magalhaes vs. Trevor Smith,Caio Magalhaes,-111
2014-11-08,UFC Fight Night 56: Shogun vs Saint Preux,Caio Magalhaes vs. Trevor Smith,Trevor Smith,111
2013-03-16,UFC 158: St-Pierre vs Diaz,Carlos Condit vs. Johny Hendricks,Carlos Condit,201
2013-03-16,UFC 158: St-Pierre vs Diaz,Carlos Condit vs. Johny Hendricks,Johny Hendricks,-201
2013-08-28,UFC Fight Night: Condit vs Kampmann 2,Carlos Condit vs. Martin Kampmann,Carlos Condit,-129
2013-08-28,UFC Fight Night: Condit vs Kampmann 2,Carlos Condit vs. Martin Kampmann,Martin Kampmann,129
2015-05-30,UFC Fight Night: Condit vs Alves,Carlos Condit vs. Thiago Alves,Carlos Condit,106
2015-05-30,UFC Fight Night: Condit vs Alves,Carlos Condit vs. Thiago Alves,Thiago Alves,-106
2014-03-15,UFC 171: Hendricks vs Lawler,Carlos Condit vs. Tyron Woodley,Carlos Condit,-153
2014-03-15,UFC 171: Hendricks vs Lawler,Carlos Condit vs. Tyron Woodley,Tyron Woodley,153
2014-10-04,UFC Fight Night: Nelson vs Story,Cathal Pendred vs. Gasan Umalatov,Cathal Pendred,-121
2014-10-04,UFC Fight Night: Nelson vs Story,Cathal Pendred vs. Gasan Umalatov,Gasan Umalatov,121
2015-01-18,UFC Fight Night: McGregor vs Siver,Cathal Pendred vs. Sean Spencer,Cathal Pendred,104
2015-01-18,UFC Fight Night: McGregor vs Siver,Cathal Pendred vs. Sean Spencer,Sean Spencer,-104
2014-06-28,UFC Fight Night: Swanson vs Stephens,Cezar Ferreira vs. Andrew Craig,Cezar Ferreira,112
2014-06-28,UFC Fight Night: Swanson vs Stephens,Cezar Ferreira vs. Andrew Craig,Andrew Craig,-112
2014-03-23,UFC Fight Night: Shogun vs Henderson 2,Cezar Ferreira vs. CB Dollaway,Cezar Ferreira,174
2014-03-23,UFC Fight Night: Shogun vs Henderson 2,Cezar Ferreira vs. CB Dollaway,CB Dollaway,-174
2013-11-09,UFC Fight Night: Belfort vs Henderson 2,Cezar Ferreira vs. Daniel Sarafian,Cezar Ferreira,105
2013-11-09,UFC Fight Night: Belfort vs Henderson 2,Cezar Ferreira vs. Daniel Sarafian,Daniel Sarafian,-105
2015-02-22,UFC Fight Night: Bigfoot vs Mir,Cezar Ferreira vs. Sam Alvey,Cezar Ferreira,-118
2015-02-22,UFC Fight Night: Bigfoot vs Mir,Cezar Ferreira vs. Sam Alvey,Sam Alvey,118
2015-04-25,UFC 186: Johnson vs Horiguchi,Chad Laprise vs. Bryan Barberena,Chad Laprise,-104
2015-04-25,UFC 186: Johnson vs Horiguchi,Chad Laprise vs. Bryan Barberena,Bryan Barberena,104
2014-10-04,UFC Fight Night: MacDonald vs Saffiedine,Chad Laprise vs. Yosdenis Cedeno,Chad Laprise,-106
2014-10-04,UFC Fight Night: MacDonald vs Saffiedine,Chad Laprise vs. Yosdenis Cedeno,Yosdenis Cedeno,106
2013-08-31,UFC 164: Henderson vs Pettis 2,Chad Mendes vs. Clay Guida,Chad Mendes,-178
2013-08-31,UFC 164: Henderson vs Pettis 2,Chad Mendes vs. Clay Guida,Clay Guida,178
2013-04-20,UFC on FOX: Henderson vs Melendez,Chad Mendes vs. Darren Elkins,Chad Mendes,-199
2013-04-20,UFC on FOX: Henderson vs Melendez,Chad Mendes vs. Darren Elkins,Darren Elkins,199
2015-04-04,UFC Fight Night: Mendes vs Lamas,Chad Mendes vs. Ricardo Lamas,Chad Mendes,-178
2015-04-04,UFC Fight Night: Mendes vs Lamas,Chad Mendes vs. Ricardo Lamas,Ricardo Lamas,178
2014-02-15,UFC Fight Night: Machida vs Mousasi,Charles Oliveira vs. Andy Ogle,Charles Oliveira,125
2014-02-15,UFC Fight Night: Machida vs Mousasi,Charles Oliveira vs. Andy Ogle,Andy Ogle,-125
2015-01-18,UFC Fight Night: McGregor vs Siver,Charles Rosa vs. Sean Soriano,Charles Rosa,107
2015-01-18,UFC Fight Night: McGregor vs Siver,Charles Rosa vs. Sean Soriano,Sean Soriano,-107
2015-02-14,UFC Fight Night: Henderson vs Thatch,Chas Skelly vs. Jim Alers,Chas Skelly,-126
2015-02-14,UFC Fight Night: Henderson vs Thatch,Chas Skelly vs. Jim Alers,Jim Alers,126
2014-08-23,UFC Fight Night: Henderson vs Dos Anjos,Chas Skelly vs. Tom Niinimaki,Chas Skelly,172
2014-08-23,UFC Fight Night: Henderson vs Dos Anjos,Chas Skelly vs. Tom Niinimaki,Tom Niinimaki,-172
2014-07-05,UFC 175: Weidman vs Machida,Chris Camozzi vs. Bruno Santos,Chris Camozzi,-108
2014-07-05,UFC 175: Weidman vs Machida,Chris Camozzi vs. Bruno Santos,Bruno Santos,108
2013-11-06,UFC Fight Night: Fight for the Troops 3,Chris Camozzi vs. Lorenz Larkin,Chris Camozzi,120
2013-11-06,UFC Fight Night: Fight for the Troops 3,Chris Camozzi vs. Lorenz Larkin,Lorenz Larkin,-120
2015-03-14,UFC 185: Pettis vs Dos Anjos,Chris Cariaso vs. Henry Cejudo,Chris Cariaso,-112
2015-03-14,UFC 185: Pettis vs Dos Anjos,Chris Cariaso vs. Henry Cejudo,Henry Cejudo,112
2012-12-29,UFC 155: Dos Santos vs Velasquez II,Chris Cariaso vs. John Moraga,Chris Cariaso,-148
2012-12-29,UFC 155: Dos Santos vs Velasquez II,Chris Cariaso vs. John Moraga,John Moraga,148
2014-05-10,UFC Fight Night: Brown vs Silva,Chris Cariaso vs. Louis Smolka,Chris Cariaso,-133
2014-05-10,UFC Fight Night: Brown vs Silva,Chris Cariaso vs. Louis Smolka,Louis Smolka,133
2013-09-21,UFC 165: Jones vs Gustafsson,Chris Clements vs. Stephen Thompson,Chris Clements,160
2013-09-21,UFC 165: Jones vs Gustafsson,Chris Clements vs. Stephen Thompson,Stephen Thompson,-160
2014-05-24,UFC 173: Barao vs Dillashaw,Chris Holdsworth vs. Chico Camus,Chris Holdsworth,154
2014-05-24,UFC 173: Barao vs Dillashaw,Chris Holdsworth vs. Chico Camus,Chico Camus,-154
2014-06-28,UFC Fight Night: Te Huna vs Marquardt,Chris Indich vs. Vik Grujic,Chris Indich,-137
2014-06-28,UFC Fight Night: Te Huna vs Marquardt,Chris Indich vs. Vik Grujic,Vik Grujic,137
2013-07-06,UFC 162: Silva vs Weidman,Chris Leben vs. Andrew Craig,Chris Leben,-127
2013-07-06,UFC 162: Silva vs Weidman,Chris Leben vs. Andrew Craig,Andrew Craig,127
2013-12-28,UFC 168: Weidman vs Silva 2,Chris Leben vs. Uriah Hall,Chris Leben,133
2013-12-28,UFC 168: Weidman vs Silva 2,Chris Leben vs. Uriah Hall,Uriah Hall,-133
2015-06-06,UFC Fight Night: Boetsch vs Henderson,Chris Wade vs. Christos Giagos,Chris Wade,-103
2015-06-06,UFC Fight Night: Boetsch vs Henderson,Chris Wade vs. Christos Giagos,Christos Giagos,103
2014-07-26,UFC on FOX: Lawler vs Brown,Clay Guida vs. Dennis Bermudez,Clay Guida,160
2014-07-26,UFC on FOX: Lawler vs Brown,Clay Guida vs. Dennis Bermudez,Dennis Bermudez,-160
2013-01-26,UFC on FOX: Johnson vs Dodson,Clay Guida vs. Hatsu Hioki,Clay Guida,-138
2013-01-26,UFC on FOX: Johnson vs Dodson,Clay Guida vs. Hatsu Hioki,Hatsu Hioki,138
2015-04-04,UFC Fight Night: Mendes vs Lamas,Clay Guida vs. Robert Peralta,Clay Guida,-106
2015-04-04,UFC Fight Night: Mendes vs Lamas,Clay Guida vs. Robert Peralta,Robert Peralta,106
2014-04-11,UFC Fight Night: Minotauro vs Nelson,Clay Guida vs. Tatsuya Kawajiri,Clay Guida,121
2014-04-11,UFC Fight Night: Minotauro vs Nelson,Clay Guida vs. Tatsuya Kawajiri,Tatsuya Kawajiri,-121
2014-06-28,UFC Fight Night: Swanson vs Stephens,Clint Hester vs. Antonio Braga Neto,Clint Hester,258
2014-06-28,UFC Fight Night: Swanson vs Stephens,Clint Hester vs. Antonio Braga Neto,Antonio Braga Neto,-258
2013-11-16,UFC 167: St-Pierre vs Hendricks,Cody Donovan vs. Gian Villante,Cody Donovan,-165
2013-11-16,UFC 167: St-Pierre vs Hendricks,Cody Donovan vs. Gian Villante,Gian Villante,165
2014-07-19,UFC Fight Night: McGregor vs Brandao,Cody Donovan vs. Nikita Krylov,Cody Donovan,126
2014-07-19,UFC Fight Night: McGregor vs Brandao,Cody Donovan vs. Nikita Krylov,Nikita Krylov,-126
2013-08-17,UFC Fight Night: Shogun vs Sonnen,Cody Donovan vs. Ovince Saint Preux,Cody Donovan,-160
2013-08-17,UFC Fight Night: Shogun vs Sonnen,Cody Donovan vs. Ovince Saint Preux,Ovince Saint Preux,160
2013-04-13,The Ultimate Fighter: Team Jones vs. Team Sonnen Finale,Cole Miller vs. Bart Palaszewski,Cole Miller,-120
2013-04-13,The Ultimate Fighter: Team Jones vs. Team Sonnen Finale,Cole Miller vs. Bart Palaszewski,Bart Palaszewski,120
2014-01-15,UFC Fight Night: Rockhold vs Philippou,Cole Miller vs. Sam Sicilia,Cole Miller,121
2014-01-15,UFC Fight Night: Rockhold vs Philippou,Cole Miller vs. Sam Sicilia,Sam Sicilia,-121
2013-11-06,UFC Fight Night: Fight for the Troops 3,Colton Smith vs. Michael Chiesa,Colton Smith,-107
2013-11-06,UFC Fight Night: Fight for the Troops 3,Colton Smith vs. Michael Chiesa,Michael Chiesa,107
2013-05-25,UFC 160: Velasquez vs Silva 2,Colton Smith vs. Robert Whittaker,Colton Smith,-138
2013-05-25,UFC 160: Velasquez vs Silva 2,Colton Smith vs. Robert Whittaker,Robert Whittaker,138
2015-01-18,UFC Fight Night: McGregor vs Siver,Conor McGregor vs. Dennis Siver,Conor McGregor,-119
2015-01-18,UFC Fight Night: McGregor vs Siver,Conor McGregor vs. Dennis Siver,Dennis Siver,119
2014-07-19,UFC Fight Night: McGregor vs Brandao,Conor McGregor vs. Diego Brandao,Conor McGregor,-161
2014-07-19,UFC Fight Night: McGregor vs Brandao,Conor McGregor vs. Diego Brandao,Diego Brandao,161
2013-08-17,UFC Fight Night: Shogun vs Sonnen,Conor McGregor vs. Max Holloway,Conor McGregor,169
2013-08-17,UFC Fight Night: Shogun vs Sonnen,Conor McGregor vs. Max Holloway,Max Holloway,-169
2013-09-21,UFC 165: Jones vs Gustafsson,Constantinos Philippou vs. Francis Carmont,Constantinos Philippou,125
2013-09-21,UFC 165: Jones vs Gustafsson,Constantinos Philippou vs. Francis Carmont,Francis Carmont,-125
2014-05-10,UFC Fight Night: Brown vs Silva,Constantinos Philippou vs. Lorenz Larkin,Constantinos Philippou,110
2014-05-10,UFC Fight Night: Brown vs Silva,Constantinos Philippou vs. Lorenz Larkin,Lorenz Larkin,-110
2015-04-18,UFC on FOX: Machida vs Rockhold,Corey Anderson vs. Gian Villante,Corey Anderson,-407
2015-04-18,UFC on FOX: Machida vs Rockhold,Corey Anderson vs. Gian Villante,Gian Villante,407
2013-02-23,UFC 157: Rousey vs Carmouche,Court McGee vs. Josh Neer,Court McGee,-122
2013-02-23,UFC 157: Rousey vs Carmouche,Court McGee vs. Josh Neer,Josh Neer,122
2013-08-28,UFC Fight Night: Condit vs Kampmann 2,Court McGee vs. Robert Whittaker,Court McGee,104
2013-08-28,UFC Fight Night: Condit vs Kampmann 2,Court McGee vs. Robert Whittaker,Robert Whittaker,-104
2013-12-14,UFC on FOX: Johnson vs. Benavidez 2,Court McGee vs. Ryan LaFlare,Court McGee,117
2013-12-14,UFC on FOX: Johnson vs. Benavidez 2,Court McGee vs. Ryan LaFlare,Ryan LaFlare,-117
2014-02-15,UFC Fight Night: Machida vs Mousasi,Cristiano Marcello vs. Joe Proctor,Cristiano Marcello,102
2014-02-15,UFC Fight Night: Machida vs Mousasi,Cristiano Marcello vs. Joe Proctor,Joe Proctor,-102
2013-07-06,UFC 162: Silva vs Weidman,Cub Swanson vs. Dennis Siver,Cub Swanson,105
2013-07-06,UFC 162: Silva vs Weidman,Cub Swanson vs. Dennis Siver,Dennis Siver,-105
2013-02-16,UFC on FUEL TV: Barao vs McDonald,Cub Swanson vs. Dustin Poirier,Cub Swanson,112
2013-02-16,UFC on FUEL TV: Barao vs McDonald,Cub Swanson vs. Dustin Poirier,Dustin Poirier,-112
2014-06-28,UFC Fight Night: Swanson vs Stephens,Cub Swanson vs. Jeremy Stephens,Cub Swanson,-105
2014-06-28,UFC Fight Night: Swanson vs Stephens,Cub Swanson vs. Jeremy Stephens,Jeremy Stephens,105
2015-04-18,UFC on FOX: Machida vs Rockhold,Cub Swanson vs. Max Holloway,Cub Swanson,117
2015-04-18,UFC on FOX: Machida vs Rockhold,Cub Swanson vs. Max Holloway,Max Holloway,-117
2014-03-08,UFC Fight Night: Gustafsson vs Manuwa,Cyrille Diabate vs. Ilir Latifi,Cyrille Diabate,-141
2014-03-08,UFC Fight Night: Gustafsson vs Manuwa,Cyrille Diabate vs. Ilir Latifi,Ilir Latifi,141
2015-01-24,UFC on FOX: Gustafsson vs Johnson,Dan Henderson vs. Gegard Mousasi,Dan Henderson,228
2015-01-24,UFC on FOX: Gustafsson vs Johnson,Dan Henderson vs. Gegard Mousasi,Gegard Mousasi,-228
2014-05-24,UFC 173: Barao vs Dillashaw,Daniel Cormier vs. Dan Henderson,Daniel Cormier,-197
2014-05-24,UFC 173: Barao vs Dillashaw,Daniel Cormier vs. Dan Henderson,Dan Henderson,197
2013-10-19,UFC 166: Velasquez vs Dos Santos 3,Daniel Cormier vs. Roy Nelson,Daniel Cormier,-183
2013-10-19,UFC 166: Velasquez vs Dos Santos 3,Daniel Cormier vs. Roy Nelson,Roy Nelson,183
2015-02-14,UFC Fight Night: Henderson vs Thatch,Daniel Kelly vs. Patrick Walsh,Daniel Kelly,155
2015-02-14,UFC Fight Night: Henderson vs Thatch,Daniel Kelly vs. Patrick Walsh,Patrick Walsh,-155
2015-05-09,UFC Fight Night: Miocic vs Hunt,Daniel Kelly vs. Sam Alvey,Daniel Kelly,-118
2015-05-09,UFC Fight Night: Miocic vs Hunt,Daniel Kelly vs. Sam Alvey,Sam Alvey,118
2015-04-11,UFC Fight Night: Gonzaga vs Cro Cop 2,Daniel Omielanczuk vs. Anthony Hamilton,Daniel Omielanczuk,173
2015-04-11,UFC Fight Night: Gonzaga vs Cro Cop 2,Daniel Omielanczuk vs. Anthony Hamilton,Anthony Hamilton,-173
2014-03-15,UFC 171: Hendricks vs Lawler,Daniel Pineda vs. Robert Whiteford,Daniel Pineda,-165
2014-03-15,UFC 171: Hendricks vs Lawler,Daniel Pineda vs. Robert Whiteford,Robert Whiteford,165
2014-06-14,UFC 174: Johnson vs Bagautinov,Daniel Sarafian vs. Kiichi Kunimoto,Daniel Sarafian,-150
2014-06-14,UFC 174: Johnson vs Bagautinov,Daniel Sarafian vs. Kiichi Kunimoto,Kiichi Kunimoto,150
2014-04-26,UFC 172: Jones vs Teixeira,Danny Castillo vs. Charlie Brenneman,Danny Castillo,-131
2014-04-26,UFC 172: Jones vs Teixeira,Danny Castillo vs. Charlie Brenneman,Charlie Brenneman,131
2013-12-14,UFC on FOX: Johnson vs. Benavidez 2,Danny Castillo vs. Edson Barboza,Danny Castillo,-121
2013-12-14,UFC on FOX: Johnson vs. Benavidez 2,Danny Castillo vs. Edson Barboza,Edson Barboza,121
2015-01-03,UFC 182: Jones vs Cormier,Danny Castillo vs. Paul Felder,Danny Castillo,-157
2015-01-03,UFC 182: Jones vs Cormier,Danny Castillo vs. Paul Felder,Paul Felder,157
2013-07-27,UFC on FOX: Johnson vs Moraga,Danny Castillo vs. Tim Means,Danny Castillo,-147
2013-07-27,UFC on FOX: Johnson vs Moraga,Danny Castillo vs. Tim Means,Tim Means,147
2014-10-04,UFC Fight Night: MacDonald vs Saffiedine,Daron Cruickshank vs. Anthony Njokuani,Daron Cruickshank,-113
2014-10-04,UFC Fight Night: MacDonald vs Saffiedine,Daron Cruickshank vs. Anthony Njokuani,Anthony Njokuani,113
2015-03-14,UFC 185: Pettis vs Dos Anjos,Daron Cruickshank vs. Beneil Dariush,Daron Cruickshank,123
2015-03-14,UFC 185: Pettis vs Dos Anjos,Daron Cruickshank vs. Beneil Dariush,Beneil Dariush,-123
2014-07-26,UFC on FOX: Lawler vs Brown,Daron Cruickshank vs. Jorge Masvidal,Daron Cruickshank,148
2014-07-26,UFC on FOX: Lawler vs Brown,Daron Cruickshank vs. Jorge Masvidal,Jorge Masvidal,-148
2014-01-25,UFC on FOX: Henderson vs Thomson,Daron Cruickshank vs. Mike Rio,Daron Cruickshank,105
2014-01-25,UFC on FOX: Henderson vs Thomson,Daron Cruickshank vs. Mike Rio,Mike Rio,-105
2014-12-20,UFC Fight Night: Machida vs Dollaway,Darren Elkins vs. Hacran Dias,Darren Elkins,-104
2014-12-20,UFC Fight Night: Machida vs Dollaway,Darren Elkins vs. Hacran Dias,Hacran Dias,104
2013-08-28,UFC Fight Night: Condit vs Kampmann 2,Darren Elkins vs. Hatsu Hioki,Darren Elkins,-105
2013-08-28,UFC Fight Night: Condit vs Kampmann 2,Darren Elkins vs. Hatsu Hioki,Hatsu Hioki,105
2014-01-25,UFC on FOX: Henderson vs Thomson,Darren Elkins vs. Jeremy Stephens,Darren Elkins,-107
2014-01-25,UFC on FOX: Henderson vs Thomson,Darren Elkins vs. Jeremy Stephens,Jeremy Stephens,107
2014-10-25,UFC 179: Aldo vs Mendes 2,Darren Elkins vs. Lucas Martins,Darren Elkins,-150
2014-10-25,UFC 179: Aldo vs Mendes 2,Darren Elkins vs. Lucas Martins,Lucas Martins,150
2014-12-13,UFC on FOX: Dos Santos vs Miocic,David Michaud vs. Garett Whiteley,David Michaud,-165
2014-12-13,UFC on FOX: Dos Santos vs Miocic,David Michaud vs. Garett Whiteley,Garett Whiteley,165
2014-06-14,UFC 174: Johnson vs Bagautinov,Demetrious Johnson vs. Ali Bagautinov,Demetrious Johnson,-176
2014-06-14,UFC 174: Johnson vs Bagautinov,Demetrious Johnson vs. Ali Bagautinov,Ali Bagautinov,176
2014-09-27,UFC 178: Johnson vs Cariaso,Demetrious Johnson vs. Chris Cariaso,Demetrious Johnson,-155
2014-09-27,UFC 178: Johnson vs Cariaso,Demetrious Johnson vs. Chris Cariaso,Chris Cariaso,155
2013-01-26,UFC on FOX: Johnson vs Dodson,Demetrious Johnson vs. John Dodson,Demetrious Johnson,-154
2013-01-26,UFC on FOX: Johnson vs Dodson,Demetrious Johnson vs. John Dodson,John Dodson,154
2013-07-27,UFC on FOX: Johnson vs Moraga,Demetrious Johnson vs. John Moraga,Demetrious Johnson,-198
2013-07-27,UFC on FOX: Johnson vs Moraga,Demetrious Johnson vs. John Moraga,John Moraga,198
2013-12-14,UFC on FOX: Johnson vs. Benavidez 2,Demetrious Johnson vs. Joseph Benavidez,Demetrious Johnson,-174
2013-12-14,UFC on FOX: Johnson vs. Benavidez 2,Demetrious Johnson vs. Joseph Benavidez,Joseph Benavidez,174
2015-04-25,UFC 186: Johnson vs Horiguchi,Demetrious Johnson vs. Kyoji Horiguchi,Demetrious Johnson,-150
2015-04-25,UFC 186: Johnson vs Horiguchi,Demetrious Johnson vs. Kyoji Horiguchi,Kyoji Horiguchi,150
2013-10-09,UFC Fight Night: Maia vs Shields,Demian Maia vs. Jake Shields,Demian Maia,-148
2013-10-09,UFC Fight Night: Maia vs Shields,Demian Maia vs. Jake Shields,Jake Shields,148
2015-03-21,UFC Fight Night: Maia vs LaFlare,Demian Maia vs. Ryan LaFlare,Demian Maia,119
2015-03-21,UFC Fight Night: Maia vs LaFlare,Demian Maia vs. Ryan LaFlare,Ryan LaFlare,-119
2014-03-15,UFC 171: Hendricks vs Lawler,Dennis Bermudez vs. Jimy Hettes,Dennis Bermudez,-117
2014-03-15,UFC 171: Hendricks vs Lawler,Dennis Bermudez vs. Jimy Hettes,Jimy Hettes,117
2013-02-23,UFC 157: Rousey vs Carmouche,Dennis Bermudez vs. Matt Grice,Dennis Bermudez,-129
2013-02-23,UFC 157: Rousey vs Carmouche,Dennis Bermudez vs. Matt Grice,Matt Grice,129
2013-05-25,UFC 160: Velasquez vs Silva 2,Dennis Bermudez vs. Max Holloway,Dennis Bermudez,-140
2013-05-25,UFC 160: Velasquez vs Silva 2,Dennis Bermudez vs. Max Holloway,Max Holloway,140
2013-11-06,UFC Fight Night: Fight for the Troops 3,Dennis Bermudez vs. Steven Siler,Dennis Bermudez,-134
2013-11-06,UFC Fight Night: Fight for the Troops 3,Dennis Bermudez vs. Steven Siler,Steven Siler,134
2015-02-28,UFC 184: Rousey vs Zingano,Derrick Lewis vs. Ruan Potts,Derrick Lewis,-262
2015-02-28,UFC 184: Rousey vs Zingano,Derrick Lewis vs. Ruan Potts,Ruan Potts,262
2015-02-28,UFC 184: Rousey vs Zingano,Dhiego Lima vs. Tim Means,Dhiego Lima,-133
2015-02-28,UFC 184: Rousey vs Zingano,Dhiego Lima vs. Tim Means,Tim Means,133
2013-08-17,UFC Fight Night: Shogun vs Sonnen,Diego Brandao vs. Daniel Pineda,Diego Brandao,110
2013-08-17,UFC Fight Night: Shogun vs Sonnen,Diego Brandao vs. Daniel Pineda,Daniel Pineda,-110
2015-04-18,UFC on FOX: Machida vs Rockhold,Diego Brandao vs. Jimy Hettes,Diego Brandao,149
2015-04-18,UFC on FOX: Machida vs Rockhold,Diego Brandao vs. Jimy Hettes,Jimy Hettes,-149
2013-04-06,UFC on FUEL TV: Mousasi vs Latifi,Diego Brandao vs. Pablo Garza,Diego Brandao,-113
2013-04-06,UFC on FUEL TV: Mousasi vs Latifi,Diego Brandao vs. Pablo Garza,Pablo Garza,113
2014-10-25,UFC 179: Aldo vs Mendes 2,Diego Ferreira vs. Beneil Dariush,Diego Ferreira,-126
2014-10-25,UFC 179: Aldo vs Mendes 2,Diego Ferreira vs. Beneil Dariush,Beneil Dariush,126
2014-03-15,UFC 171: Hendricks vs Lawler,Diego Sanchez vs. Myles Jury,Diego Sanchez,141
2014-03-15,UFC 171: Hendricks vs Lawler,Diego Sanchez vs. Myles Jury,Myles Jury,-141
2014-06-07,UFC Fight Night: Henderson vs Khabilov,Diego Sanchez vs. Ross Pearson,Diego Sanchez,152
2014-06-07,UFC Fight Night: Henderson vs Khabilov,Diego Sanchez vs. Ross Pearson,Ross Pearson,-152
2014-09-27,UFC 178: Johnson vs Cariaso,Dominick Cruz vs. Takeya Mizugaki,Dominick Cruz,-121
2014-09-27,UFC 178: Johnson vs Cariaso,Dominick Cruz vs. Takeya Mizugaki,Takeya Mizugaki,121
2014-01-25,UFC on FOX: Henderson vs Thomson,Donald Cerrone vs. Adriano Martins,Donald Cerrone,117
2014-01-25,UFC on FOX: Henderson vs Thomson,Donald Cerrone vs. Adriano Martins,Adriano Martins,-117
2015-01-18,UFC Fight Night: McGregor vs Siver,Donald Cerrone vs. Benson Henderson,Donald Cerrone,160
2015-01-18,UFC Fight Night: McGregor vs Siver,Donald Cerrone vs. Benson Henderson,Benson Henderson,-160
2014-04-19,UFC on FOX: Werdum vs Browne,Donald Cerrone vs. Edson Barboza,Donald Cerrone,-142
2014-04-19,UFC on FOX: Werdum vs Browne,Donald Cerrone vs. Edson Barboza,Edson Barboza,142
2014-07-16,UFC Fight Night: Cowboy vs Miller,Donald Cerrone vs. Jim Miller,Donald Cerrone,-108
2014-07-16,UFC Fight Night: Cowboy vs Miller,Donald Cerrone vs. Jim Miller,Jim Miller,108
2015-05-23,UFC 187: Johnson vs Cormier,Donald Cerrone vs. John Makdessi,Donald Cerrone,149
2015-05-23,UFC 187: Johnson vs Cormier,Donald Cerrone vs. John Makdessi,John Makdessi,-149
2015-01-03,UFC 182: Jones vs Cormier,Donald Cerrone vs. Myles Jury,Donald Cerrone,140
2015-01-03,UFC 182: Jones vs Cormier,Donald Cerrone vs. Myles Jury,Myles Jury,-140
2013-08-28,UFC Fight Night: Condit vs Kampmann 2,Donald Cerrone vs. Rafael Dos Anjos,Donald Cerrone,176
2013-08-28,UFC Fight Night: Condit vs Kampmann 2,Donald Cerrone vs. Rafael Dos Anjos,Rafael Dos Anjos,-176
2014-03-01,UFC Fight Night: Kim vs Hathaway,Dong Hyun Kim vs. John Hathaway,Dong Hyun Kim,104
2014-03-01,UFC Fight Night: Kim vs Hathaway,Dong Hyun Kim vs. John Hathaway,John Hathaway,-104
2015-05-23,UFC 187: Johnson vs Cormier,Dong Hyun Kim vs. Joshua Burkman,Dong Hyun Kim,-121
2015-05-23,UFC 187: Johnson vs Cormier,Dong Hyun Kim vs. Joshua Burkman,Joshua Burkman,121
2013-03-02,UFC on FUEL TV: Silva vs. Stann,Dong Hyun Kim vs. Siyar Bahadurzada,Dong Hyun Kim,101
2013-03-02,UFC on FUEL TV: Silva vs. Stann,Dong Hyun Kim vs. Siyar Bahadurzada,Siyar Bahadurzada,-101
2015-02-22,UFC Fight Night: Bigfoot vs Mir,Douglas Silva de Andrade vs. Cody Gibson,Douglas Silva de Andrade,153
2015-02-22,UFC Fight Night: Bigfoot vs Mir,Douglas Silva de Andrade vs. Cody Gibson,Cody Gibson,-153
2014-04-16,UFC Fight Night: Bisping vs Kennedy,Dustin Poirier vs. Akira Corassani,Dustin Poirier,-246
2014-04-16,UFC Fight Night: Bisping vs Kennedy,Dustin Poirier vs. Akira Corassani,Akira Corassani,246
2014-09-27,UFC 178: Johnson vs Cariaso,Dustin Poirier vs. Conor McGregor,Dustin Poirier,109
2014-09-27,UFC 178: Johnson vs Cariaso,Dustin Poirier vs. Conor McGregor,Conor McGregor,-109
2013-12-28,UFC 168: Weidman vs Silva 2,Dustin Poirier vs. Diego Brandao,Dustin Poirier,-140
2013-12-28,UFC 168: Weidman vs Silva 2,Dustin Poirier vs. Diego Brandao,Diego Brandao,140
2015-04-04,UFC Fight Night: Mendes vs Lamas,Dustin Poirier vs. Diego Ferreira,Dustin Poirier,-199
2015-04-04,UFC Fight Night: Mendes vs Lamas,Dustin Poirier vs. Diego Ferreira,Diego Ferreira,199
2012-12-15,The Ultimate Fighter: Team Carwin vs. Team Nelson Finale,Dustin Poirier vs. Jonathan Brookins,Dustin Poirier,-132
2012-12-15,The Ultimate Fighter: Team Carwin vs. Team Nelson Finale,Dustin Poirier vs. Jonathan Brookins,Jonathan Brookins,132
2015-06-06,UFC Fight Night: Boetsch vs Henderson,Dustin Poirier vs. Yancy Medeiros,Dustin Poirier,-162
2015-06-06,UFC Fight Night: Boetsch vs Henderson,Dustin Poirier vs. Yancy Medeiros,Yancy Medeiros,162
2015-05-09,UFC Fight Night: Miocic vs Hunt,Dylan Andrews vs. Brad Scott,Dylan Andrews,103
2015-05-09,UFC Fight Night: Miocic vs Hunt,Dylan Andrews vs. Brad Scott,Brad Scott,-103
2013-12-06,UFC Fight Night: Hunt vs Bigfoot,Dylan Andrews vs. Clint Hester,Dylan Andrews,117
2013-12-06,UFC Fight Night: Hunt vs Bigfoot,Dylan Andrews vs. Clint Hester,Clint Hester,-117
2013-08-28,UFC Fight Night: Condit vs Kampmann 2,Dylan Andrews vs. Papy Abedi,Dylan Andrews,111
2013-08-28,UFC Fight Night: Condit vs Kampmann 2,Dylan Andrews vs. Papy Abedi,Papy Abedi,-111
2014-11-07,UFC Fight Night: Rockhold vs Bisping,Dylan Andrews vs. Sam Alvey,Dylan Andrews,-128
2014-11-07,UFC Fight Night: Rockhold vs Bisping,Dylan Andrews vs. Sam Alvey,Sam Alvey,128
2015-01-31,UFC 183: Silva vs Diaz,Ed Herman vs. Derek Brunson,Ed Herman,109
2015-01-31,UFC 183: Silva vs Diaz,Ed Herman vs. Derek Brunson,Derek Brunson,-109
2014-05-10,UFC Fight Night: Brown vs Silva,Ed Herman vs. Rafael Natal,Ed Herman,212
2014-05-10,UFC Fight Night: Brown vs Silva,Ed Herman vs. Rafael Natal,Rafael Natal,-212
2013-11-16,UFC 167: St-Pierre vs Hendricks,Ed Herman vs. Thales Leites,Ed Herman,103
2013-11-16,UFC 167: St-Pierre vs Hendricks,Ed Herman vs. Thales Leites,Thales Leites,-103
2015-04-18,UFC on FOX: Machida vs Rockhold,Eddie Gordon vs. Chris Dempsey,Eddie Gordon,-172
2015-04-18,UFC on FOX: Machida vs Rockhold,Eddie Gordon vs. Chris Dempsey,Chris Dempsey,172
2014-12-06,UFC 181: Hendricks vs Lawler II,Eddie Gordon vs. Josh Samman,Eddie Gordon,106
2014-12-06,UFC 181: Hendricks vs Lawler II,Eddie Gordon vs. Josh Samman,Josh Samman,-106
2014-05-10,UFC Fight Night: Brown vs Silva,Eddie Wineland vs. Johnny Eduardo,Eddie Wineland,-118
2014-05-10,UFC Fight Night: Brown vs Silva,Eddie Wineland vs. Johnny Eduardo,Johnny Eduardo,118
2014-01-25,UFC on FOX: Henderson vs Thomson,Eddie Wineland vs. Yves Jabouin,Eddie Wineland,128
2014-01-25,UFC on FOX: Henderson vs Thomson,Eddie Wineland vs. Yves Jabouin,Yves Jabouin,-128
2015-03-21,UFC Fight Night: Maia vs LaFlare,Edimilson Souza vs. Katsunori Kikuno,Edimilson Souza,107
2015-03-21,UFC Fight Night: Maia vs LaFlare,Edimilson Souza vs. Katsunori Kikuno,Katsunori Kikuno,-107
2014-05-31,UFC Fight Night: Miocic vs Maldonado,Edimilson Souza vs. Mark Eddiva,Edimilson Souza,175
2014-05-31,UFC Fight Night: Miocic vs Maldonado,Edimilson Souza vs. Mark Eddiva,Mark Eddiva,-175
2015-02-22,UFC Fight Night: Bigfoot vs Mir,Edson Barboza vs. Michael Johnson,Edson Barboza,116
2015-02-22,UFC Fight Night: Bigfoot vs Mir,Edson Barboza vs. Michael Johnson,Michael Johnson,-116
2013-07-06,UFC 162: Silva vs Weidman,Edson Barboza vs. Rafaello Oliveira,Edson Barboza,111
2013-07-06,UFC 162: Silva vs Weidman,Edson Barboza vs. Rafaello Oliveira,Rafaello Oliveira,-111
2013-02-02,UFC 156: Aldo vs Edgar,Edwin Figueroa vs. Francisco Rivera,Edwin Figueroa,110
2013-02-02,UFC 156: Aldo vs Edgar,Edwin Figueroa vs. Francisco Rivera,Francisco Rivera,-110
2015-06-13,UFC 188: Velasquez vs Werdum,Efrain Escudero vs. Drew Dober,Efrain Escudero,-135
2015-06-13,UFC 188: Velasquez vs Werdum,Efrain Escudero vs. Drew Dober,Drew Dober,135
2015-02-14,UFC Fight Night: Henderson vs Thatch,Efrain Escudero vs. Rodrigo de Lima,Efrain Escudero,-129
2015-02-14,UFC Fight Night: Henderson vs Thatch,Efrain Escudero vs. Rodrigo de Lima,Rodrigo de Lima,129
2014-05-31,UFC Fight Night: Miocic vs Maldonado,Elias Silverio vs. Ernest Chavez,Elias Silverio,-133
2014-05-31,UFC Fight Night: Miocic vs Maldonado,Elias Silverio vs. Ernest Chavez,Ernest Chavez,133
2014-12-20,UFC Fight Night: Machida vs Dollaway,Elias Silverio vs. Rashid Magomedov,Elias Silverio,-133
2014-12-20,UFC Fight Night: Machida vs Dollaway,Elias Silverio vs. Rashid Magomedov,Rashid Magomedov,133
2014-10-04,UFC Fight Night: MacDonald vs Saffiedine,Elias Theodorou vs. Bruno Santos,Elias Theodorou,-163
2014-10-04,UFC Fight Night: MacDonald vs Saffiedine,Elias Theodorou vs. Bruno Santos,Bruno Santos,163
2015-03-14,UFC 185: Pettis vs Dos Anjos,Elias Theodorou vs. Roger Narvaez,Elias Theodorou,-185
2015-03-14,UFC 185: Pettis vs Dos Anjos,Elias Theodorou vs. Roger Narvaez,Roger Narvaez,185
2013-10-09,UFC Fight Night: Maia vs Shields,Erick Silva vs. Dong Hyun Kim,Erick Silva,179
2013-10-09,UFC Fight Night: Maia vs Shields,Erick Silva vs. Dong Hyun Kim,Dong Hyun Kim,-179
2013-06-08,UFC on FUEL TV: Nogueira vs. Werdum,Erick Silva vs. Jason High,Erick Silva,-166
2013-06-08,UFC on FUEL TV: Nogueira vs. Werdum,Erick Silva vs. Jason High,Jason High,166
2015-03-21,UFC Fight Night: Maia vs LaFlare,Erick Silva vs. Josh Koscheck,Erick Silva,123
2015-03-21,UFC Fight Night: Maia vs LaFlare,Erick Silva vs. Josh Koscheck,Josh Koscheck,-123
2014-12-20,UFC Fight Night: Machida vs Dollaway,Erick Silva vs. Mike Rhodes,Erick Silva,107
2014-12-20,UFC Fight Night: Machida vs Dollaway,Erick Silva vs. Mike Rhodes,Mike Rhodes,-107
2014-05-10,UFC Fight Night: Brown vs Silva,Erik Koch vs. Daron Cruickshank,Erik Koch,-105
2014-05-10,UFC Fight Night: Brown vs Silva,Erik Koch vs. Daron Cruickshank,Daron Cruickshank,105
2013-08-31,UFC 164: Henderson vs Pettis 2,Erik Koch vs. Dustin Poirier,Erik Koch,155
2013-08-31,UFC 164: Henderson vs Pettis 2,Erik Koch vs. Dustin Poirier,Dustin Poirier,-155
2013-01-26,UFC on FOX: Johnson vs Dodson,Erik Koch vs. Ricardo Lamas,Erik Koch,-105
2013-01-26,UFC on FOX: Johnson vs Dodson,Erik Koch vs. Ricardo Lamas,Ricardo Lamas,105
2014-06-07,UFC Fight Night: Henderson vs Khabilov,Erik Perez vs. Bryan Caraway,Erik Perez,-217
2014-06-07,UFC Fight Night: Henderson vs Khabilov,Erik Perez vs. Bryan Caraway,Bryan Caraway,217
2012-12-29,UFC 155: Dos Santos vs Velasquez II,Erik Perez vs. Byron Bloodworth,Erik Perez,-210
2012-12-29,UFC 155: Dos Santos vs Velasquez II,Erik Perez vs. Byron Bloodworth,Byron Bloodworth,210
2013-11-16,UFC 167: St-Pierre vs Hendricks,Erik Perez vs. Edwin Figueroa,Erik Perez,-192
2013-11-16,UFC 167: St-Pierre vs Hendricks,Erik Perez vs. Edwin Figueroa,Edwin Figueroa,192
2014-03-23,UFC Fight Night: Shogun vs Henderson 2,Fabio Maldonado vs. Gian Villante,Fabio Maldonado,-129
2014-03-23,UFC Fight Night: Shogun vs Henderson 2,Fabio Maldonado vs. Gian Villante,Gian Villante,129
2014-10-25,UFC 179: Aldo vs Mendes 2,Fabio Maldonado vs. Hans Stringer,Fabio Maldonado,103
2014-10-25,UFC 179: Aldo vs Mendes 2,Fabio Maldonado vs. Hans Stringer,Hans Stringer,-103
2013-10-09,UFC Fight Night: Maia vs Shields,Fabio Maldonado vs. Joey Beltran,Fabio Maldonado,-122
2013-10-09,UFC Fight Night: Maia vs Shields,Fabio Maldonado vs. Joey Beltran,Joey Beltran,122
2013-05-18,UFC on FX: Belfort vs. Rockhold,Fabio Maldonado vs. Roger Hollett,Fabio Maldonado,-178
2013-05-18,UFC on FX: Belfort vs. Rockhold,Fabio Maldonado vs. Roger Hollett,Roger Hollett,178
2014-10-25,UFC 179: Aldo vs Mendes 2,Fabricio Camoes vs. Anthony Rocco Martin,Fabricio Camoes,133
2014-10-25,UFC 179: Aldo vs Mendes 2,Fabricio Camoes vs. Anthony Rocco Martin,Anthony Rocco Martin,-133
2014-11-15,UFC 180: Werdum vs Hunt,Fabricio Werdum vs. Mark Hunt,Fabricio Werdum,113
2014-11-15,UFC 180: Werdum vs Hunt,Fabricio Werdum vs. Mark Hunt,Mark Hunt,-113
2014-04-19,UFC on FOX: Werdum vs Browne,Fabricio Werdum vs. Travis Browne,Fabricio Werdum,104
2014-04-19,UFC on FOX: Werdum vs Browne,Fabricio Werdum vs. Travis Browne,Travis Browne,-104
2014-10-25,UFC 179: Aldo vs Mendes 2,Felipe Arantes vs. Andre Fili,Felipe Arantes,116
2014-10-25,UFC 179: Aldo vs Mendes 2,Felipe Arantes vs. Andre Fili,Andre Fili,-116
2014-02-15,UFC Fight Night: Machida vs Mousasi,Felipe Arantes vs. Maximo Blanco,Felipe Arantes,-103
2014-02-15,UFC Fight Night: Machida vs Mousasi,Felipe Arantes vs. Maximo Blanco,Maximo Blanco,103
2015-05-30,UFC Fight Night: Condit vs Alves,Francimar Barroso vs. Ryan Jimmo,Francimar Barroso,116
2015-05-30,UFC Fight Night: Condit vs Alves,Francimar Barroso vs. Ryan Jimmo,Ryan Jimmo,-116
2014-05-31,UFC Fight Night: Munoz vs Mousasi,Francis Carmont vs. CB Dollaway,Francis Carmont,119
2014-05-31,UFC Fight Night: Munoz vs Mousasi,Francis Carmont vs. CB Dollaway,CB Dollaway,-119
2014-08-23,UFC Fight Night: Henderson vs Dos Anjos,Francis Carmont vs. Thales Leites,Francis Carmont,-160
2014-08-23,UFC Fight Night: Henderson vs Dos Anjos,Francis Carmont vs. Thales Leites,Thales Leites,160
2015-06-06,UFC Fight Night: Boetsch vs Henderson,Francisco Rivera vs. Alex Caceres,Francisco Rivera,136
2015-06-06,UFC Fight Night: Boetsch vs Henderson,Francisco Rivera vs. Alex Caceres,Alex Caceres,-136
2015-03-21,UFC Fight Night: Maia vs LaFlare,Francisco Trinaldo vs. Akbarh Arreola,Francisco Trinaldo,-100
2015-03-21,UFC Fight Night: Maia vs LaFlare,Francisco Trinaldo vs. Akbarh Arreola,Akbarh Arreola,100
2013-01-19,UFC on FX: Belfort vs Bisping,Francisco Trinaldo vs. CJ Keith,Francisco Trinaldo,134
2013-01-19,UFC on FX: Belfort vs Bisping,Francisco Trinaldo vs. CJ Keith,CJ Keith,-134
2014-02-15,UFC Fight Night: Machida vs Mousasi,Francisco Trinaldo vs. Jesse Ronson,Francisco Trinaldo,119
2014-02-15,UFC Fight Night: Machida vs Mousasi,Francisco Trinaldo vs. Jesse Ronson,Jesse Ronson,-119
2014-09-13,UFC Fight Night: Bigfoot vs Arlovski,Francisco Trinaldo vs. Leandro Silva,Francisco Trinaldo,109
2014-09-13,UFC Fight Night: Bigfoot vs Arlovski,Francisco Trinaldo vs. Leandro Silva,Leandro Silva,-109
2013-05-18,UFC on FX: Belfort vs. Rockhold,Francisco Trinaldo vs. Mike Rio,Francisco Trinaldo,-112
2013-05-18,UFC on FX: Belfort vs. Rockhold,Francisco Trinaldo vs. Mike Rio,Mike Rio,112
2015-05-30,UFC Fight Night: Condit vs Alves,Francisco Trinaldo vs. Norman Parke,Francisco Trinaldo,143
2015-05-30,UFC Fight Night: Condit vs Alves,Francisco Trinaldo vs. Norman Parke,Norman Parke,-143
2014-02-01,UFC 169: Barao vs Faber 2,Frank Mir vs. Alistair Overeem,Frank Mir,138
2014-02-01,UFC 169: Barao vs Faber 2,Frank Mir vs. Alistair Overeem,Alistair Overeem,-138
2013-08-31,UFC 164: Henderson vs Pettis 2,Frank Mir vs. Josh Barnett,Frank Mir,122
2013-08-31,UFC 164: Henderson vs Pettis 2,Frank Mir vs. Josh Barnett,Josh Barnett,-122
2014-07-06,The Ultimate Fighter: Team Edgar vs. Team Penn Finale,Frankie Edgar vs. BJ Penn,Frankie Edgar,-153
2014-07-06,The Ultimate Fighter: Team Edgar vs. Team Penn Finale,Frankie Edgar vs. BJ Penn,BJ Penn,153
2013-07-06,UFC 162: Silva vs Weidman,Frankie Edgar vs. Charles Oliveira,Frankie Edgar,-130
2013-07-06,UFC 162: Silva vs Weidman,Frankie Edgar vs. Charles Oliveira,Charles Oliveira,130
2014-11-22,UFC Fight Night: Edgar vs Swanson,Frankie Edgar vs. Cub Swanson,Frankie Edgar,-126
2014-11-22,UFC Fight Night: Edgar vs Swanson,Frankie Edgar vs. Cub Swanson,Cub Swanson,126
2015-05-16,UFC Fight Night: Edgar vs Faber,Frankie Edgar vs. Urijah Faber,Frankie Edgar,-154
2015-05-16,UFC Fight Night: Edgar vs Faber,Frankie Edgar vs. Urijah Faber,Urijah Faber,154
2013-01-19,UFC on FX: Belfort vs Bisping,Gabriel Gonzaga vs. Ben Rothwell,Gabriel Gonzaga,-194
2013-01-19,UFC on FX: Belfort vs Bisping,Gabriel Gonzaga vs. Ben Rothwell,Ben Rothwell,194
2013-07-06,UFC 162: Silva vs Weidman,Gabriel Gonzaga vs. Dave Herman,Gabriel Gonzaga,102
2013-07-06,UFC 162: Silva vs Weidman,Gabriel Gonzaga vs. Dave Herman,Dave Herman,-102
2014-12-13,UFC on FOX: Dos Santos vs Miocic,Gabriel Gonzaga vs. Matt Mitrione,Gabriel Gonzaga,-146
2014-12-13,UFC on FOX: Dos Santos vs Miocic,Gabriel Gonzaga vs. Matt Mitrione,Matt Mitrione,146
2015-04-11,UFC Fight Night: Gonzaga vs Cro Cop 2,Gabriel Gonzaga vs. Mirko Filipovic,Gabriel Gonzaga,-162
2015-04-11,UFC Fight Night: Gonzaga vs Cro Cop 2,Gabriel Gonzaga vs. Mirko Filipovic,Mirko Filipovic,162
2013-10-19,UFC 166: Velasquez vs Dos Santos 3,Gabriel Gonzaga vs. Shawn Jordan,Gabriel Gonzaga,-118
2013-10-19,UFC 166: Velasquez vs Dos Santos 3,Gabriel Gonzaga vs. Shawn Jordan,Shawn Jordan,118
2015-05-16,UFC Fight Night: Edgar vs Faber,Gegard Mousasi vs. Constantinos Philippou,Gegard Mousasi,-153
2015-05-16,UFC Fight Night: Edgar vs Faber,Gegard Mousasi vs. Constantinos Philippou,Constantinos Philippou,153
2014-04-16,UFC Fight Night: Bisping vs Kennedy,George Roop vs. Dustin Kimura,George Roop,-131
2014-04-16,UFC Fight Night: Bisping vs Kennedy,George Roop vs. Dustin Kimura,Dustin Kimura,131
2013-11-06,UFC Fight Night: Fight for the Troops 3,George Roop vs. Francisco Rivera,George Roop,-110
2013-11-06,UFC Fight Night: Fight for the Troops 3,George Roop vs. Francisco Rivera,Francisco Rivera,110
2013-03-16,UFC 158: St-Pierre vs Diaz,George Roop vs. Reuben Duran,George Roop,-101
2013-03-16,UFC 158: St-Pierre vs Diaz,George Roop vs. Reuben Duran,Reuben Duran,101
2013-10-19,UFC 166: Velasquez vs Dos Santos 3,George Sotiropoulos vs. KJ Noons,George Sotiropoulos,-215
2013-10-19,UFC 166: Velasquez vs Dos Santos 3,George Sotiropoulos vs. KJ Noons,KJ Noons,215
2015-04-18,UFC on FOX: Machida vs Rockhold,George Sullivan vs. Tim Means,George Sullivan,137
2015-04-18,UFC on FOX: Machida vs Rockhold,George Sullivan vs. Tim Means,Tim Means,-137
2013-11-16,UFC 167: St-Pierre vs Hendricks,Georges St-Pierre vs. Johny Hendricks,Georges St-Pierre,-183
2013-11-16,UFC 167: St-Pierre vs Hendricks,Georges St-Pierre vs. Johny Hendricks,Johny Hendricks,183
2013-03-16,UFC 158: St-Pierre vs Diaz,Georges St-Pierre vs. Nick Diaz,Georges St-Pierre,-300
2013-03-16,UFC 158: St-Pierre vs Diaz,Georges St-Pierre vs. Nick Diaz,Nick Diaz,300
2014-06-28,UFC Fight Night: Te Huna vs Marquardt,Gian Villante vs. Sean O'Connell,Gian Villante,-102
2014-06-28,UFC Fight Night: Te Huna vs Marquardt,Gian Villante vs. Sean O'Connell,Sean O'Connell,102
2013-10-19,UFC 166: Velasquez vs Dos Santos 3,Gilbert Melendez vs. Diego Sanchez,Gilbert Melendez,143
2013-10-19,UFC 166: Velasquez vs Dos Santos 3,Gilbert Melendez vs. Diego Sanchez,Diego Sanchez,-143
2013-05-18,UFC on FX: Belfort vs. Rockhold,Gleison Tibau vs. John Cholish,Gleison Tibau,-132
2013-05-18,UFC on FX: Belfort vs. Rockhold,Gleison Tibau vs. John Cholish,John Cholish,132
2013-12-28,UFC 168: Weidman vs Silva 2,Gleison Tibau vs. Michael Johnson,Gleison Tibau,-107
2013-12-28,UFC 168: Weidman vs Silva 2,Gleison Tibau vs. Michael Johnson,Michael Johnson,107
2014-07-16,UFC Fight Night: Cowboy vs Miller,Gleison Tibau vs. Pat Healy,Gleison Tibau,-155
2014-07-16,UFC Fight Night: Cowboy vs Miller,Gleison Tibau vs. Pat Healy,Pat Healy,155
2014-09-13,UFC Fight Night: Bigfoot vs Arlovski,Gleison Tibau vs. Piotr Hallmann,Gleison Tibau,132
2014-09-13,UFC Fight Night: Bigfoot vs Arlovski,Gleison Tibau vs. Piotr Hallmann,Piotr Hallmann,-132
2013-05-25,UFC 160: Velasquez vs Silva 2,Glover Teixeira vs. James Te Huna,Glover Teixeira,105
2013-05-25,UFC 160: Velasquez vs Silva 2,Glover Teixeira vs. James Te Huna,James Te Huna,-105
2014-10-25,UFC 179: Aldo vs Mendes 2,Glover Teixeira vs. Phil Davis,Glover Teixeira,119
2014-10-25,UFC 179: Aldo vs Mendes 2,Glover Teixeira vs. Phil Davis,Phil Davis,-119
2013-09-04,UFC Fight Night: Teixeira vs Bader,Glover Teixeira vs. Ryan Bader,Glover Teixeira,102
2013-09-04,UFC Fight Night: Teixeira vs Bader,Glover Teixeira vs. Ryan Bader,Ryan Bader,-102
2015-03-21,UFC Fight Night: Maia vs LaFlare,Godofredo Pepey vs. Andre Fili,Godofredo Pepey,216
2015-03-21,UFC Fight Night: Maia vs LaFlare,Godofredo Pepey vs. Andre Fili,Andre Fili,-216
2014-09-13,UFC Fight Night: Bigfoot vs Arlovski,Godofredo Pepey vs. Dashon Johnson,Godofredo Pepey,120
2014-09-13,UFC Fight Night: Bigfoot vs Arlovski,Godofredo Pepey vs. Dashon Johnson,Dashon Johnson,-120
2013-06-08,UFC on FUEL TV: Nogueira vs. Werdum,Godofredo Pepey vs. Felipe Arantes,Godofredo Pepey,149
2013-06-08,UFC on FUEL TV: Nogueira vs. Werdum,Godofredo Pepey vs. Felipe Arantes,Felipe Arantes,-149
2013-01-19,UFC on FX: Belfort vs Bisping,Godofredo Pepey vs. Milton Vieira,Godofredo Pepey,-140
2013-01-19,UFC on FX: Belfort vs Bisping,Godofredo Pepey vs. Milton Vieira,Milton Vieira,140
2013-11-09,UFC Fight Night: Belfort vs Henderson 2,Godofredo Pepey vs. Sam Sicilia,Godofredo Pepey,-104
2013-11-09,UFC Fight Night: Belfort vs Henderson 2,Godofredo Pepey vs. Sam Sicilia,Sam Sicilia,104
2015-04-04,UFC Fight Night: Mendes vs Lamas,Gray Maynard vs. Alexander Yakovlev,Gray Maynard,-128
2015-04-04,UFC Fight Night: Mendes vs Lamas,Gray Maynard vs. Alexander Yakovlev,Alexander Yakovlev,128
2013-11-30,The Ultimate Fighter: Team Rousey vs. Team Tate Finale,Gray Maynard vs. Nate Diaz,Gray Maynard,105
2013-11-30,The Ultimate Fighter: Team Rousey vs. Team Tate Finale,Gray Maynard vs. Nate Diaz,Nate Diaz,-105
2014-08-16,UFC Fight Night: Bader vs Saint Preux,Gray Maynard vs. Ross Pearson,Gray Maynard,145
2014-08-16,UFC Fight Night: Bader vs Saint Preux,Gray Maynard vs. Ross Pearson,Ross Pearson,-145
2013-05-25,UFC 160: Velasquez vs Silva 2,Gray Maynard vs. TJ Grant,Gray Maynard,109
2013-05-25,UFC 160: Velasquez vs Silva 2,Gray Maynard vs. TJ Grant,TJ Grant,-109
2015-05-16,UFC Fight Night: Edgar vs Faber,Guangyou Ning vs. Royston Wee,Guangyou Ning,101
2015-05-16,UFC Fight Night: Edgar vs Faber,Guangyou Ning vs. Royston Wee,Royston Wee,-101
2013-02-16,UFC on FUEL TV: Barao vs McDonald,Gunnar Nelson vs. Jorge Santiago,Gunnar Nelson,-289
2013-02-16,UFC on FUEL TV: Barao vs McDonald,Gunnar Nelson vs. Jorge Santiago,Jorge Santiago,289
2014-03-08,UFC Fight Night: Gustafsson vs Manuwa,Gunnar Nelson vs. Omari Akhmedov,Gunnar Nelson,-112
2014-03-08,UFC Fight Night: Gustafsson vs Manuwa,Gunnar Nelson vs. Omari Akhmedov,Omari Akhmedov,112
2014-10-04,UFC Fight Night: Nelson vs Story,Gunnar Nelson vs. Rick Story,Gunnar Nelson,147
2014-10-04,UFC Fight Night: Nelson vs Story,Gunnar Nelson vs. Rick Story,Rick Story,-147
2014-07-19,UFC Fight Night: McGregor vs Brandao,Gunnar Nelson vs. Zak Cummings,Gunnar Nelson,-133
2014-07-19,UFC Fight Night: McGregor vs Brandao,Gunnar Nelson vs. Zak Cummings,Zak Cummings,133
2014-06-28,UFC Fight Night: Te Huna vs Marquardt,Hatsu Hioki vs. Charles Oliveira,Hatsu Hioki,129
2014-06-28,UFC Fight Night: Te Huna vs Marquardt,Hatsu Hioki vs. Charles Oliveira,Charles Oliveira,-129
2015-05-09,UFC Fight Night: Miocic vs Hunt,Hatsu Hioki vs. Dan Hooker,Hatsu Hioki,-128
2015-05-09,UFC Fight Night: Miocic vs Hunt,Hatsu Hioki vs. Dan Hooker,Dan Hooker,128
2014-03-01,UFC Fight Night: Kim vs Hathaway,Hatsu Hioki vs. Ivan Menjivar,Hatsu Hioki,-139
2014-03-01,UFC Fight Night: Kim vs Hathaway,Hatsu Hioki vs. Ivan Menjivar,Ivan Menjivar,139
2014-07-26,UFC on FOX: Lawler vs Brown,Hernani Perpetuo vs. Tim Means,Hernani Perpetuo,193
2014-07-26,UFC on FOX: Lawler vs Brown,Hernani Perpetuo vs. Tim Means,Tim Means,-193
2015-05-16,UFC Fight Night: Edgar vs Faber,Hyun Gyu Lim vs. Neil Magny,Hyun Gyu Lim,165
2015-05-16,UFC Fight Night: Edgar vs Faber,Hyun Gyu Lim vs. Neil Magny,Neil Magny,-165
2014-09-20,UFC Fight Night: Hunt vs Nelson,Hyun Gyu Lim vs. Takenori Sato,Hyun Gyu Lim,-170
2014-09-20,UFC Fight Night: Hunt vs Nelson,Hyun Gyu Lim vs. Takenori Sato,Takenori Sato,170
2013-08-03,UFC 163: Aldo vs Jung,Ian McCall vs. Iliarde Santos,Ian McCall,-193
2013-08-03,UFC 163: Aldo vs Jung,Ian McCall vs. Iliarde Santos,Iliarde Santos,193
2015-01-31,UFC 183: Silva vs Diaz,Ian McCall vs. John Lineker,Ian McCall,166
2015-01-31,UFC 183: Silva vs Diaz,Ian McCall vs. John Lineker,John Lineker,-166
2014-09-13,UFC Fight Night: Bigfoot vs Arlovski,Igor Araujo vs. George Sullivan,Igor Araujo,118
2014-09-13,UFC Fight Night: Bigfoot vs Arlovski,Igor Araujo vs. George Sullivan,George Sullivan,-118
2013-10-09,UFC Fight Night: Maia vs Shields,Iliarde Santos vs. Chris Cariaso,Iliarde Santos,261
2013-10-09,UFC Fight Night: Maia vs Shields,Iliarde Santos vs. Chris Cariaso,Chris Cariaso,-261
2014-01-15,UFC Fight Night: Rockhold vs Philippou,Isaac Vallie-Flagg vs. Elias Silverio,Isaac Vallie-Flagg,173
2014-01-15,UFC Fight Night: Rockhold vs Philippou,Isaac Vallie-Flagg vs. Elias Silverio,Elias Silverio,-173
2015-02-22,UFC Fight Night: Bigfoot vs Mir,Iuri Alcantara vs. Frankie Saenz,Iuri Alcantara,125
2015-02-22,UFC Fight Night: Bigfoot vs Mir,Iuri Alcantara vs. Frankie Saenz,Frankie Saenz,-125
2014-09-13,UFC Fight Night: Bigfoot vs Arlovski,Iuri Alcantara vs. Russell Doane,Iuri Alcantara,116
2014-09-13,UFC Fight Night: Bigfoot vs Arlovski,Iuri Alcantara vs. Russell Doane,Russell Doane,-116
2014-02-15,UFC Fight Night: Machida vs Mousasi,Iuri Alcantara vs. Wilson Reis,Iuri Alcantara,128
2014-02-15,UFC Fight Night: Machida vs Mousasi,Iuri Alcantara vs. Wilson Reis,Wilson Reis,-128
2015-02-22,UFC Fight Night: Bigfoot vs Mir,Ivan Jorge vs. Josh Shockley,Ivan Jorge,123
2015-02-22,UFC Fight Night: Bigfoot vs Mir,Ivan Jorge vs. Josh Shockley,Josh Shockley,-123
2015-04-18,UFC on FOX: Machida vs Rockhold,Jacare Souza vs. Chris Camozzi,Jacare Souza,112
2015-04-18,UFC on FOX: Machida vs Rockhold,Jacare Souza vs. Chris Camozzi,Chris Camozzi,-112
2014-02-15,UFC Fight Night: Machida vs Mousasi,Jacare Souza vs. Francis Carmont,Jacare Souza,-116
2014-02-15,UFC Fight Night: Machida vs Mousasi,Jacare Souza vs. Francis Carmont,Francis Carmont,116
2014-09-05,UFC Fight Night: Jacare vs Mousasi,Jacare Souza vs. Gegard Mousasi,Jacare Souza,120
2014-09-05,UFC Fight Night: Jacare vs Mousasi,Jacare Souza vs. Gegard Mousasi,Gegard Mousasi,-120
2015-02-28,UFC 184: Rousey vs Zingano,Jake Ellenberger vs. Josh Koscheck,Jake Ellenberger,-132
2015-02-28,UFC 184: Rousey vs Zingano,Jake Ellenberger vs. Josh Koscheck,Josh Koscheck,132
2014-11-15,UFC 180: Werdum vs Hunt,Jake Ellenberger vs. Kelvin Gastelum,Jake Ellenberger,105
2014-11-15,UFC 180: Werdum vs Hunt,Jake Ellenberger vs. Kelvin Gastelum,Kelvin Gastelum,-105
2013-03-16,UFC 158: St-Pierre vs Diaz,Jake Ellenberger vs. Nate Marquardt,Jake Ellenberger,-142
2013-03-16,UFC 158: St-Pierre vs Diaz,Jake Ellenberger vs. Nate Marquardt,Nate Marquardt,142
2015-05-09,UFC Fight Night: Miocic vs Hunt,Jake Matthews vs. James Vick,Jake Matthews,-241
2015-05-09,UFC Fight Night: Miocic vs Hunt,Jake Matthews vs. James Vick,James Vick,241
2014-11-07,UFC Fight Night: Rockhold vs Bisping,Jake Matthews vs. Vagner Rocha,Jake Matthews,-235
2014-11-07,UFC Fight Night: Rockhold vs Bisping,Jake Matthews vs. Vagner Rocha,Vagner Rocha,235
2014-03-15,UFC 171: Hendricks vs Lawler,Jake Shields vs. Hector Lombard,Jake Shields,123
2014-03-15,UFC 171: Hendricks vs Lawler,Jake Shields vs. Hector Lombard,Hector Lombard,-123
2013-06-15,UFC 161: Evans vs Henderson,Jake Shields vs. Tyron Woodley,Jake Shields,171
2013-06-15,UFC 161: Evans vs Henderson,Jake Shields vs. Tyron Woodley,Tyron Woodley,-171
2013-08-28,UFC Fight Night: Condit vs Kampmann 2,James Head vs. Jason High,James Head,-141
2013-08-28,UFC Fight Night: Condit vs Kampmann 2,James Head vs. Jason High,Jason High,141
2015-02-28,UFC 184: Rousey vs Zingano,James Krause vs. Valmir Lazaro,James Krause,102
2015-02-28,UFC 184: Rousey vs Zingano,James Krause vs. Valmir Lazaro,Valmir Lazaro,-102
2014-06-28,UFC Fight Night: Te Huna vs Marquardt,James Te Huna vs. Nate Marquardt,James Te Huna,107
2014-06-28,UFC Fight Night: Te Huna vs Marquardt,James Te Huna vs. Nate Marquardt,Nate Marquardt,-107
2013-02-16,UFC on FUEL TV: Barao vs McDonald,James Te Huna vs. Ryan Jimmo,James Te Huna,123
2013-02-16,UFC on FUEL TV: Barao vs McDonald,James Te Huna vs. Ryan Jimmo,Ryan Jimmo,-123
2014-11-22,UFC Fight Night: Edgar vs Swanson,James Vick vs. Nick Hein,James Vick,170
2014-11-22,UFC Fight Night: Edgar vs Swanson,James Vick vs. Nick Hein,Nick Hein,-170
2014-02-01,UFC 169: Barao vs Faber 2,Jamie Varner vs. Abel Trujillo,Jamie Varner,-124
2014-02-01,UFC 169: Barao vs Faber 2,Jamie Varner vs. Abel Trujillo,Abel Trujillo,124
2014-12-13,UFC on FOX: Dos Santos vs Miocic,Jamie Varner vs. Drew Dober,Jamie Varner,-222
2014-12-13,UFC on FOX: Dos Santos vs Miocic,Jamie Varner vs. Drew Dober,Drew Dober,222
2013-08-31,UFC 164: Henderson vs Pettis 2,Jamie Varner vs. Gleison Tibau,Jamie Varner,-119
2013-08-31,UFC 164: Henderson vs Pettis 2,Jamie Varner vs. Gleison Tibau,Gleison Tibau,119
2014-05-24,UFC 173: Barao vs Dillashaw,Jamie Varner vs. James Krause,Jamie Varner,-155
2014-05-24,UFC 173: Barao vs Dillashaw,Jamie Varner vs. James Krause,James Krause,155
2013-08-31,UFC 164: Henderson vs Pettis 2,Jared Hamman vs. Magnus Cedenblad,Jared Hamman,-171
2013-08-31,UFC 164: Henderson vs Pettis 2,Jared Hamman vs. Magnus Cedenblad,Magnus Cedenblad,171
2012-12-15,The Ultimate Fighter: Team Carwin vs. Team Nelson Finale,Jared Papazian vs. Tim Elliott,Jared Papazian,-107
2012-12-15,The Ultimate Fighter: Team Carwin vs. Team Nelson Finale,Jared Papazian vs. Tim Elliott,Tim Elliott,107
2014-11-22,UFC Fight Night: Edgar vs Swanson,Jared Rosholt vs. Aleksei Oleinik,Jared Rosholt,-119
2014-11-22,UFC Fight Night: Edgar vs Swanson,Jared Rosholt vs. Aleksei Oleinik,Aleksei Oleinik,119
2014-04-11,UFC Fight Night: Minotauro vs Nelson,Jared Rosholt vs. Daniel Omielanczuk,Jared Rosholt,-140
2014-04-11,UFC Fight Night: Minotauro vs Nelson,Jared Rosholt vs. Daniel Omielanczuk,Daniel Omielanczuk,140
2015-03-14,UFC 185: Pettis vs Dos Anjos,Jared Rosholt vs. Josh Copeland,Jared Rosholt,-210
2015-03-14,UFC 185: Pettis vs Dos Anjos,Jared Rosholt vs. Josh Copeland,Josh Copeland,210
2014-12-12,The Ultimate Fighter: A Champion Will Be Crowned Finale,Jeremy Stephens vs. Charles Oliveira,Jeremy Stephens,108
2014-12-12,The Ultimate Fighter: A Champion Will Be Crowned Finale,Jeremy Stephens vs. Charles Oliveira,Charles Oliveira,-108
2014-07-06,The Ultimate Fighter: Team Edgar vs. Team Penn Finale,Jesse Ronson vs. Kevin Lee,Jesse Ronson,107
2014-07-06,The Ultimate Fighter: Team Edgar vs. Team Penn Finale,Jesse Ronson vs. Kevin Lee,Kevin Lee,-107
2015-04-18,UFC on FOX: Machida vs Rockhold,Jim Miller vs. Beneil Dariush,Jim Miller,135
2015-04-18,UFC on FOX: Machida vs Rockhold,Jim Miller vs. Beneil Dariush,Beneil Dariush,-135
2013-12-28,UFC 168: Weidman vs Silva 2,Jim Miller vs. Fabricio Camoes,Jim Miller,-152
2013-12-28,UFC 168: Weidman vs Silva 2,Jim Miller vs. Fabricio Camoes,Fabricio Camoes,152
2012-12-29,UFC 155: Dos Santos vs Velasquez II,Jim Miller vs. Joe Lauzon,Jim Miller,-126
2012-12-29,UFC 155: Dos Santos vs Velasquez II,Jim Miller vs. Joe Lauzon,Joe Lauzon,126
2014-04-26,UFC 172: Jones vs Teixeira,Jim Miller vs. Yancy Medeiros,Jim Miller,106
2014-04-26,UFC 172: Jones vs Teixeira,Jim Miller vs. Yancy Medeiros,Yancy Medeiros,-106
2013-02-16,UFC on FUEL TV: Barao vs McDonald,Jimi Manuwa vs. Cyrille Diabate,Jimi Manuwa,143
2013-02-16,UFC on FUEL TV: Barao vs McDonald,Jimi Manuwa vs. Cyrille Diabate,Cyrille Diabate,-143
2015-04-11,UFC Fight Night: Gonzaga vs Cro Cop 2,Jimi Manuwa vs. Jan Blachowicz,Jimi Manuwa,121
2015-04-11,UFC Fight Night: Gonzaga vs Cro Cop 2,Jimi Manuwa vs. Jan Blachowicz,Jan Blachowicz,-121
2013-10-26,UFC Fight Night: Machida vs Munoz,Jimi Manuwa vs. Ryan Jimmo,Jimi Manuwa,112
2013-10-26,UFC Fight Night: Machida vs Munoz,Jimi Manuwa vs. Ryan Jimmo,Ryan Jimmo,-112
2015-01-31,UFC 183: Silva vs Diaz,Joe Lauzon vs. Al Iaquinta,Joe Lauzon,270
2015-01-31,UFC 183: Silva vs Diaz,Joe Lauzon vs. Al Iaquinta,Al Iaquinta,-270
2013-12-14,UFC on FOX: Johnson vs. Benavidez 2,Joe Lauzon vs. Mac Danzig,Joe Lauzon,129
2013-12-14,UFC on FOX: Johnson vs. Benavidez 2,Joe Lauzon vs. Mac Danzig,Mac Danzig,-129
2014-09-05,UFC Fight Night: Jacare vs Mousasi,Joe Lauzon vs. Michael Chiesa,Joe Lauzon,185
2014-09-05,UFC Fight Night: Jacare vs Mousasi,Joe Lauzon vs. Michael Chiesa,Michael Chiesa,-185
2013-08-17,UFC Fight Night: Shogun vs Sonnen,Joe Lauzon vs. Michael Johnson,Joe Lauzon,117
2013-08-17,UFC Fight Night: Shogun vs Sonnen,Joe Lauzon vs. Michael Johnson,Michael Johnson,-117
2015-06-06,UFC Fight Night: Boetsch vs Henderson,Joe Proctor vs. Justin Edwards,Joe Proctor,122
2015-06-06,UFC Fight Night: Boetsch vs Henderson,Joe Proctor vs. Justin Edwards,Justin Edwards,-122
2014-12-12,The Ultimate Fighter: A Champion Will Be Crowned Finale,Joe Proctor vs. Yancy Medeiros,Joe Proctor,167
2014-12-12,The Ultimate Fighter: A Champion Will Be Crowned Finale,Joe Proctor vs. Yancy Medeiros,Yancy Medeiros,-167
2014-12-13,UFC on FOX: Dos Santos vs Miocic,Joe Riggs vs. Ben Saunders,Joe Riggs,-128
2014-12-13,UFC on FOX: Dos Santos vs Miocic,Joe Riggs vs. Ben Saunders,Ben Saunders,128
2015-06-06,UFC Fight Night: Boetsch vs Henderson,Joe Soto vs. Anthony Birchak,Joe Soto,663
2015-06-06,UFC Fight Night: Boetsch vs Henderson,Joe Soto vs. Anthony Birchak,Anthony Birchak,-663
2013-07-27,UFC on FOX: Johnson vs Moraga,John Albert vs. Yaotzin Meza,John Albert,-250
2013-07-27,UFC on FOX: Johnson vs Moraga,John Albert vs. Yaotzin Meza,Yaotzin Meza,250
2014-06-07,UFC Fight Night: Henderson vs Khabilov,John Dodson vs. John Moraga,John Dodson,-125
2014-06-07,UFC Fight Night: Henderson vs Khabilov,John Dodson vs. John Moraga,John Moraga,125
2015-05-23,UFC 187: Johnson vs Cormier,John Dodson vs. Zach Makovsky,John Dodson,107
2015-05-23,UFC 187: Johnson vs Cormier,John Dodson vs. Zach Makovsky,Zach Makovsky,-107
2014-09-27,UFC 178: Johnson vs Cariaso,John Howard vs. Brian Ebersole,John Howard,125
2014-09-27,UFC 178: Johnson vs Cariaso,John Howard vs. Brian Ebersole,Brian Ebersole,-125
2015-01-18,UFC Fight Night: McGregor vs Siver,John Howard vs. Lorenz Larkin,John Howard,150
2015-01-18,UFC Fight Night: McGregor vs Siver,John Howard vs. Lorenz Larkin,Lorenz Larkin,-150
2014-04-11,UFC Fight Night: Minotauro vs Nelson,John Howard vs. Ryan LaFlare,John Howard,178
2014-04-11,UFC Fight Night: Minotauro vs Nelson,John Howard vs. Ryan LaFlare,Ryan LaFlare,-178
2013-12-28,UFC 168: Weidman vs Silva 2,John Howard vs. Siyar Bahadurzada,John Howard,105
2013-12-28,UFC 168: Weidman vs Silva 2,John Howard vs. Siyar Bahadurzada,Siyar Bahadurzada,-105
2014-02-01,UFC 169: Barao vs Faber 2,John Lineker vs. Ali Bagautinov,John Lineker,-136
2014-02-01,UFC 169: Barao vs Faber 2,John Lineker vs. Ali Bagautinov,Ali Bagautinov,136
2014-07-16,UFC Fight Night: Cowboy vs Miller,John Lineker vs. Alptekin Ozkilic,John Lineker,-119
2014-07-16,UFC Fight Night: Cowboy vs Miller,John Lineker vs. Alptekin Ozkilic,Alptekin Ozkilic,119
2013-05-18,UFC on FX: Belfort vs. Rockhold,John Lineker vs. Azamat Gashimov,John Lineker,126
2013-05-18,UFC on FX: Belfort vs. Rockhold,John Lineker vs. Azamat Gashimov,Azamat Gashimov,-126
2014-02-01,UFC 169: Barao vs Faber 2,John Makdessi vs. Alan Patrick,John Makdessi,127
2014-02-01,UFC 169: Barao vs Faber 2,John Makdessi vs. Alan Patrick,Alan Patrick,-127
2013-03-16,UFC 158: St-Pierre vs Diaz,John Makdessi vs. Daron Cruickshank,John Makdessi,114
2013-03-16,UFC 158: St-Pierre vs Diaz,John Makdessi vs. Daron Cruickshank,Daron Cruickshank,-114
2013-09-21,UFC 165: Jones vs Gustafsson,John Makdessi vs. Renee Forte,John Makdessi,117
2013-09-21,UFC 165: Jones vs Gustafsson,John Makdessi vs. Renee Forte,Renee Forte,-117
2014-01-15,UFC Fight Night: Rockhold vs Philippou,John Moraga vs. Dustin Ortiz,John Moraga,162
2014-01-15,UFC Fight Night: Rockhold vs Philippou,John Moraga vs. Dustin Ortiz,Dustin Ortiz,-162
2014-09-05,UFC Fight Night: Jacare vs Mousasi,John Moraga vs. Justin Scoggins,John Moraga,259
2014-09-05,UFC Fight Night: Jacare vs Mousasi,John Moraga vs. Justin Scoggins,Justin Scoggins,-259
2014-06-28,UFC Fight Night: Swanson vs Stephens,Johnny Bedford vs. Cody Gibson,Johnny Bedford,-119
2014-06-28,UFC Fight Night: Swanson vs Stephens,Johnny Bedford vs. Cody Gibson,Cody Gibson,119
2012-12-15,The Ultimate Fighter: Team Carwin vs. Team Nelson Finale,Johnny Bedford vs. Marcos Vinicius,Johnny Bedford,-217
2012-12-15,The Ultimate Fighter: Team Carwin vs. Team Nelson Finale,Johnny Bedford vs. Marcos Vinicius,Marcos Vinicius,217
2015-03-14,UFC 185: Pettis vs Dos Anjos,Johny Hendricks vs. Matt Brown,Johny Hendricks,-107
2015-03-14,UFC 185: Pettis vs Dos Anjos,Johny Hendricks vs. Matt Brown,Matt Brown,107
2014-03-15,UFC 171: Hendricks vs Lawler,Johny Hendricks vs. Robbie Lawler,Johny Hendricks,-167
2014-03-15,UFC 171: Hendricks vs Lawler,Johny Hendricks vs. Robbie Lawler,Robbie Lawler,166
2014-12-06,UFC 181: Hendricks vs Lawler II,Johny Hendricks vs. Robbie Lawler,Johny Hendricks,-171
2014-12-06,UFC 181: Hendricks vs Lawler II,Johny Hendricks vs. Robbie Lawler,Robbie Lawler,196
2013-02-02,UFC 156: Aldo vs Edgar,Jon Fitch vs. Demian Maia,Jon Fitch,-190
2013-02-02,UFC 156: Aldo vs Edgar,Jon Fitch vs. Demian Maia,Demian Maia,190
2013-09-21,UFC 165: Jones vs Gustafsson,Jon Jones vs. Alexander Gustafsson,Jon Jones,-206
2013-09-21,UFC 165: Jones vs Gustafsson,Jon Jones vs. Alexander Gustafsson,Alexander Gustafsson,206
2013-04-27,UFC 159: Jones vs Sonnen,Jon Jones vs. Chael Sonnen,Jon Jones,-115
2013-04-27,UFC 159: Jones vs Sonnen,Jon Jones vs. Chael Sonnen,Chael Sonnen,115
2015-01-03,UFC 182: Jones vs Cormier,Jon Jones vs. Daniel Cormier,Jon Jones,-199
2015-01-03,UFC 182: Jones vs Cormier,Jon Jones vs. Daniel Cormier,Daniel Cormier,199
2014-04-26,UFC 172: Jones vs Teixeira,Jon Jones vs. Glover Teixeira,Jon Jones,-174
2014-04-26,UFC 172: Jones vs Teixeira,Jon Jones vs. Glover Teixeira,Glover Teixeira,174
2014-09-27,UFC 178: Johnson vs Cariaso,Jon Tuck vs. Kevin Lee,Jon Tuck,186
2014-09-27,UFC 178: Johnson vs Cariaso,Jon Tuck vs. Kevin Lee,Kevin Lee,-186
2015-01-31,UFC 183: Silva vs Diaz,Jordan Mein vs. Thiago Alves,Jordan Mein,-109
2015-01-31,UFC 183: Silva vs Diaz,Jordan Mein vs. Thiago Alves,Thiago Alves,109
2015-04-04,UFC Fight Night: Mendes vs Lamas,Jorge Masvidal vs. Al Iaquinta,Jorge Masvidal,109
2015-04-04,UFC Fight Night: Mendes vs Lamas,Jorge Masvidal vs. Al Iaquinta,Al Iaquinta,-109
2014-09-27,UFC 178: Johnson vs Cariaso,Jorge Masvidal vs. James Krause,Jorge Masvidal,-123
2014-09-27,UFC 178: Johnson vs Cariaso,Jorge Masvidal vs. James Krause,James Krause,123
2014-04-19,UFC on FOX: Werdum vs Browne,Jorge Masvidal vs. Pat Healy,Jorge Masvidal,-161
2014-04-19,UFC on FOX: Werdum vs Browne,Jorge Masvidal vs. Pat Healy,Pat Healy,161
2013-11-06,UFC Fight Night: Fight for the Troops 3,Jorge Masvidal vs. Rustam Khabilov,Jorge Masvidal,534
2013-11-06,UFC Fight Night: Fight for the Troops 3,Jorge Masvidal vs. Rustam Khabilov,Rustam Khabilov,-534
2015-03-21,UFC Fight Night: Maia vs LaFlare,Jorge de Oliveira vs. Christos Giagos,Jorge de Oliveira,157
2015-03-21,UFC Fight Night: Maia vs LaFlare,Jorge de Oliveira vs. Christos Giagos,Christos Giagos,-157
2014-10-25,UFC 179: Aldo vs Mendes 2,Jose Aldo vs. Chad Mendes,Jose Aldo,158
2014-10-25,UFC 179: Aldo vs Mendes 2,Jose Aldo vs. Chad Mendes,Chad Mendes,-158
2013-08-03,UFC 163: Aldo vs Jung,Jose Aldo vs. Chan Sung Jung,Jose Aldo,120
2013-08-03,UFC 163: Aldo vs Jung,Jose Aldo vs. Chan Sung Jung,Chan Sung Jung,-120
2013-02-02,UFC 156: Aldo vs Edgar,Jose Aldo vs. Frankie Edgar,Jose Aldo,185
2013-02-02,UFC 156: Aldo vs Edgar,Jose Aldo vs. Frankie Edgar,Frankie Edgar,-185
2014-02-01,UFC 169: Barao vs Faber 2,Jose Aldo vs. Ricardo Lamas,Jose Aldo,-120
2014-02-01,UFC 169: Barao vs Faber 2,Jose Aldo vs. Ricardo Lamas,Ricardo Lamas,120
2015-06-06,UFC Fight Night: Boetsch vs Henderson,Jose Quinonez vs. Leonardo Morales,Jose Quinonez,-130
2015-06-06,UFC Fight Night: Boetsch vs Henderson,Jose Quinonez vs. Leonardo Morales,Leonardo Morales,130
2013-04-20,UFC on FOX: Henderson vs Melendez,Joseph Benavidez vs. Darren Uyenoyama,Joseph Benavidez,-137
2013-04-20,UFC on FOX: Henderson vs Melendez,Joseph Benavidez vs. Darren Uyenoyama,Darren Uyenoyama,137
2014-11-22,UFC Fight Night: Edgar vs Swanson,Joseph Benavidez vs. Dustin Ortiz,Joseph Benavidez,126
2014-11-22,UFC Fight Night: Edgar vs Swanson,Joseph Benavidez vs. Dustin Ortiz,Dustin Ortiz,-126
2013-02-02,UFC 156: Aldo vs Edgar,Joseph Benavidez vs. Ian McCall,Joseph Benavidez,-138
2013-02-02,UFC 156: Aldo vs Edgar,Joseph Benavidez vs. Ian McCall,Ian McCall,138
2015-05-23,UFC 187: Johnson vs Cormier,Joseph Benavidez vs. John Moraga,Joseph Benavidez,-149
2015-05-23,UFC 187: Johnson vs Cormier,Joseph Benavidez vs. John Moraga,John Moraga,149
2013-09-04,UFC Fight Night: Teixeira vs Bader,Joseph Benavidez vs. Jussier Formiga,Joseph Benavidez,-124
2013-09-04,UFC Fight Night: Teixeira vs Bader,Joseph Benavidez vs. Jussier Formiga,Jussier Formiga,124
2014-04-26,UFC 172: Jones vs Teixeira,Joseph Benavidez vs. Tim Elliott,Joseph Benavidez,124
2014-04-26,UFC 172: Jones vs Teixeira,Joseph Benavidez vs. Tim Elliott,Tim Elliott,-124
2013-12-28,UFC 168: Weidman vs Silva 2,Josh Barnett vs. Travis Browne,Josh Barnett,-114
2013-12-28,UFC 168: Weidman vs Silva 2,Josh Barnett vs. Travis Browne,Travis Browne,114
2013-02-23,UFC 157: Rousey vs Carmouche,Josh Koscheck vs. Robbie Lawler,Josh Koscheck,-126
2013-02-23,UFC 157: Rousey vs Carmouche,Josh Koscheck vs. Robbie Lawler,Robbie Lawler,126
2013-11-16,UFC 167: St-Pierre vs Hendricks,Josh Koscheck vs. Tyron Woodley,Josh Koscheck,-159
2013-11-16,UFC 167: St-Pierre vs Hendricks,Josh Koscheck vs. Tyron Woodley,Tyron Woodley,159
2014-07-26,UFC on FOX: Lawler vs Brown,Josh Thomson vs. King Green,Josh Thomson,121
2014-07-26,UFC on FOX: Lawler vs Brown,Josh Thomson vs. King Green,King Green,-121
2014-07-06,The Ultimate Fighter: Team Edgar vs. Team Penn Finale,Jumabieke Tuerxun vs. Leandro Issa,Jumabieke Tuerxun,111
2014-07-06,The Ultimate Fighter: Team Edgar vs. Team Penn Finale,Jumabieke Tuerxun vs. Leandro Issa,Leandro Issa,-111
2014-11-07,UFC Fight Night: Rockhold vs Bisping,Jumabieke Tuerxun vs. Marcus Brimage,Jumabieke Tuerxun,129
2014-11-07,UFC Fight Night: Rockhold vs Bisping,Jumabieke Tuerxun vs. Marcus Brimage,Marcus Brimage,-129
2012-12-29,UFC 155: Dos Santos vs Velasquez II,Junior Dos Santos vs. Cain Velasquez,Junior Dos Santos,162
2012-12-29,UFC 155: Dos Santos vs Velasquez II,Junior Dos Santos vs. Cain Velasquez,Cain Velasquez,-162
2013-05-25,UFC 160: Velasquez vs Silva 2,Junior Dos Santos vs. Mark Hunt,Junior Dos Santos,-127
2013-05-25,UFC 160: Velasquez vs Silva 2,Junior Dos Santos vs. Mark Hunt,Mark Hunt,127
2014-12-13,UFC on FOX: Dos Santos vs Miocic,Junior Dos Santos vs. Stipe Miocic,Junior Dos Santos,-121
2014-12-13,UFC on FOX: Dos Santos vs Miocic,Junior Dos Santos vs. Stipe Miocic,Stipe Miocic,121
2013-05-18,UFC on FX: Belfort vs. Rockhold,Jussier Formiga vs. Chris Cariaso,Jussier Formiga,165
2013-05-18,UFC on FX: Belfort vs. Rockhold,Jussier Formiga vs. Chris Cariaso,Chris Cariaso,-165
2014-03-23,UFC Fight Night: Shogun vs Henderson 2,Jussier Formiga vs. Scott Jorgensen,Jussier Formiga,-104
2014-03-23,UFC Fight Night: Shogun vs Henderson 2,Jussier Formiga vs. Scott Jorgensen,Scott Jorgensen,104
2015-05-30,UFC Fight Night: Condit vs Alves,Jussier Formiga vs. Wilson Reis,Jussier Formiga,154
2015-05-30,UFC Fight Night: Condit vs Alves,Jussier Formiga vs. Wilson Reis,Wilson Reis,-154
2014-08-16,UFC Fight Night: Bader vs Saint Preux,Jussier Formiga vs. Zach Makovsky,Jussier Formiga,133
2014-08-16,UFC Fight Night: Bader vs Saint Preux,Jussier Formiga vs. Zach Makovsky,Zach Makovsky,-133
2013-04-13,The Ultimate Fighter: Team Jones vs. Team Sonnen Finale,Justin Lawrence vs. Daniel Pineda,Justin Lawrence,-155
2013-04-13,The Ultimate Fighter: Team Jones vs. Team Sonnen Finale,Justin Lawrence vs. Daniel Pineda,Daniel Pineda,155
2014-05-10,UFC Fight Night: Brown vs Silva,Justin Salas vs. Ben Wall,Justin Salas,-123
2014-05-10,UFC Fight Night: Brown vs Silva,Justin Salas vs. Ben Wall,Ben Wall,123
2014-07-16,UFC Fight Night: Cowboy vs Miller,Justin Salas vs. Joe Proctor,Justin Salas,-142
2014-07-16,UFC Fight Night: Cowboy vs Miller,Justin Salas vs. Joe Proctor,Joe Proctor,142
2014-07-06,The Ultimate Fighter: Team Edgar vs. Team Penn Finale,Justin Scoggins vs. Dustin Ortiz,Justin Scoggins,-232
2014-07-06,The Ultimate Fighter: Team Edgar vs. Team Penn Finale,Justin Scoggins vs. Dustin Ortiz,Dustin Ortiz,232
2015-05-23,UFC 187: Johnson vs Cormier,Justin Scoggins vs. Josh Sampo,Justin Scoggins,-283
2015-05-23,UFC 187: Johnson vs Cormier,Justin Scoggins vs. Josh Sampo,Josh Sampo,283
2015-05-30,UFC Fight Night: Condit vs Alves,KJ Noons vs. Alex Oliveira,KJ Noons,133
2015-05-30,UFC Fight Night: Condit vs Alves,KJ Noons vs. Alex Oliveira,Alex Oliveira,-133
2014-09-20,UFC Fight Night: Hunt vs Nelson,Katsunori Kikuno vs. Sam Sicilia,Katsunori Kikuno,-113
2014-09-20,UFC Fight Night: Hunt vs Nelson,Katsunori Kikuno vs. Sam Sicilia,Sam Sicilia,113
2013-08-28,UFC Fight Night: Condit vs Kampmann 2,Kelvin Gastelum vs. Brian Melancon,Kelvin Gastelum,121
2013-08-28,UFC Fight Night: Condit vs Kampmann 2,Kelvin Gastelum vs. Brian Melancon,Brian Melancon,-121
2015-06-13,UFC 188: Velasquez vs Werdum,Kelvin Gastelum vs. Nate Marquardt,Kelvin Gastelum,-147
2015-06-13,UFC 188: Velasquez vs Werdum,Kelvin Gastelum vs. Nate Marquardt,Nate Marquardt,147
2014-06-28,UFC Fight Night: Swanson vs Stephens,Kelvin Gastelum vs. Nicholas Musoke,Kelvin Gastelum,-147
2014-06-28,UFC Fight Night: Swanson vs Stephens,Kelvin Gastelum vs. Nicholas Musoke,Nicholas Musoke,147
2014-03-15,UFC 171: Hendricks vs Lawler,Kelvin Gastelum vs. Rick Story,Kelvin Gastelum,153
2014-03-15,UFC 171: Hendricks vs Lawler,Kelvin Gastelum vs. Rick Story,Rick Story,-153
2013-02-23,UFC 157: Rousey vs Carmouche,Kenny Robertson vs. Brock Jardine,Kenny Robertson,122
2013-02-23,UFC 157: Rousey vs Carmouche,Kenny Robertson vs. Brock Jardine,Brock Jardine,-122
2014-07-05,UFC 175: Weidman vs Machida,Kenny Robertson vs. Ildemar Alcantara,Kenny Robertson,-111
2014-07-05,UFC 175: Weidman vs Machida,Kenny Robertson vs. Ildemar Alcantara,Ildemar Alcantara,111
2013-05-25,UFC 160: Velasquez vs Silva 2,Khabib Nurmagomedov vs. Abel Trujillo,Khabib Nurmagomedov,-122
2013-05-25,UFC 160: Velasquez vs Silva 2,Khabib Nurmagomedov vs. Abel Trujillo,Abel Trujillo,122
2014-09-20,UFC Fight Night: Hunt vs Nelson,Kiichi Kunimoto vs. Richard Walsh,Kiichi Kunimoto,194
2014-09-20,UFC Fight Night: Hunt vs Nelson,Kiichi Kunimoto vs. Richard Walsh,Richard Walsh,-194
2014-11-22,UFC Fight Night: Edgar vs Swanson,King Green vs. Edson Barboza,King Green,-134
2014-11-22,UFC Fight Night: Edgar vs Swanson,King Green vs. Edson Barboza,Edson Barboza,134
2013-11-06,UFC Fight Night: Fight for the Troops 3,King Green vs. James Krause,King Green,-143
2013-11-06,UFC Fight Night: Fight for the Troops 3,King Green vs. James Krause,James Krause,143
2013-12-14,UFC on FOX: Johnson vs. Benavidez 2,King Green vs. Pat Healy,King Green,-140
2013-12-14,UFC on FOX: Johnson vs. Benavidez 2,King Green vs. Pat Healy,Pat Healy,140
2014-07-26,UFC on FOX: Lawler vs Brown,Kyle Kingsbury vs. Patrick Cummins,Kyle Kingsbury,176
2014-07-26,UFC on FOX: Lawler vs Brown,Kyle Kingsbury vs. Patrick Cummins,Patrick Cummins,-176
2014-05-10,UFC Fight Night: Brown vs Silva,Kyoji Horiguchi vs. Darrell Montague,Kyoji Horiguchi,-183
2014-05-10,UFC Fight Night: Brown vs Silva,Kyoji Horiguchi vs. Darrell Montague,Darrell Montague,183
2014-09-20,UFC Fight Night: Hunt vs Nelson,Kyoji Horiguchi vs. Jon Delos Reyes,Kyoji Horiguchi,150
2014-09-20,UFC Fight Night: Hunt vs Nelson,Kyoji Horiguchi vs. Jon Delos Reyes,Jon Delos Reyes,-150
2015-01-03,UFC 182: Jones vs Cormier,Kyoji Horiguchi vs. Louis Gaudinot,Kyoji Horiguchi,-264
2015-01-03,UFC 182: Jones vs Cormier,Kyoji Horiguchi vs. Louis Gaudinot,Louis Gaudinot,264
2014-12-20,UFC Fight Night: Machida vs Dollaway,Leandro Issa vs. Yuta Sasaki,Leandro Issa,134
2014-12-20,UFC Fight Night: Machida vs Dollaway,Leandro Issa vs. Yuta Sasaki,Yuta Sasaki,-134
2014-11-08,UFC Fight Night 56: Shogun vs Saint Preux,Leandro Silva vs. Charlie Brenneman,Leandro Silva,-127
2014-11-08,UFC Fight Night 56: Shogun vs Saint Preux,Leandro Silva vs. Charlie Brenneman,Charlie Brenneman,127
2013-04-27,UFC 159: Jones vs Sonnen,Leonard Garcia vs. Cody McKenzie,Leonard Garcia,196
2013-04-27,UFC 159: Jones vs Sonnen,Leonard Garcia vs. Cody McKenzie,Cody McKenzie,-196
2012-12-29,UFC 155: Dos Santos vs Velasquez II,Leonard Garcia vs. Max Holloway,Leonard Garcia,251
2012-12-29,UFC 155: Dos Santos vs Velasquez II,Leonard Garcia vs. Max Holloway,Max Holloway,-251
2015-03-21,UFC Fight Night: Maia vs LaFlare,Leonardo Mafra vs. Cain Carrizosa,Leonardo Mafra,156
2015-03-21,UFC Fight Night: Maia vs LaFlare,Leonardo Mafra vs. Cain Carrizosa,Cain Carrizosa,-156
2015-03-21,UFC Fight Night: Maia vs LaFlare,Leonardo Santos vs. Anthony Rocco Martin,Leonardo Santos,197
2015-03-21,UFC Fight Night: Maia vs LaFlare,Leonardo Santos vs. Anthony Rocco Martin,Anthony Rocco Martin,-197
2014-09-13,UFC Fight Night: Bigfoot vs Arlovski,Leonardo Santos vs. Efrain Escudero,Leonardo Santos,190
2014-09-13,UFC Fight Night: Bigfoot vs Arlovski,Leonardo Santos vs. Efrain Escudero,Efrain Escudero,-190
2014-03-23,UFC Fight Night: Shogun vs Henderson 2,Leonardo Santos vs. Norman Parke,Leonardo Santos,203
2014-03-23,UFC Fight Night: Shogun vs Henderson 2,Leonardo Santos vs. Norman Parke,Norman Parke,-203
2015-05-16,UFC Fight Night: Edgar vs Faber,Li Jingliang vs. Dhiego Lima,Li Jingliang,139
2015-05-16,UFC Fight Night: Edgar vs Faber,Li Jingliang vs. Dhiego Lima,Dhiego Lima,-139
2014-01-15,UFC Fight Night: Rockhold vs Philippou,Lorenz Larkin vs. Brad Tavares,Lorenz Larkin,134
2014-01-15,UFC Fight Night: Rockhold vs Philippou,Lorenz Larkin vs. Brad Tavares,Brad Tavares,-134
2014-08-30,UFC 177: Dillashaw vs Soto,Lorenz Larkin vs. Derek Brunson,Lorenz Larkin,-101
2014-08-30,UFC 177: Dillashaw vs Soto,Lorenz Larkin vs. Derek Brunson,Derek Brunson,101
2013-08-31,UFC 164: Henderson vs Pettis 2,Louis Gaudinot vs. Tim Elliott,Louis Gaudinot,178
2013-08-31,UFC 164: Henderson vs Pettis 2,Louis Gaudinot vs. Tim Elliott,Tim Elliott,-178
2014-07-16,UFC Fight Night: Cowboy vs Miller,Lucas Martins vs. Alex White,Lucas Martins,121
2014-07-16,UFC Fight Night: Cowboy vs Miller,Lucas Martins vs. Alex White,Alex White,-121
2013-05-18,UFC on FX: Belfort vs. Rockhold,Lucas Martins vs. Jeremy Larsen,Lucas Martins,144
2013-05-18,UFC on FX: Belfort vs. Rockhold,Lucas Martins vs. Jeremy Larsen,Jeremy Larsen,-144
2015-05-30,UFC Fight Night: Condit vs Alves,Lucas Martins vs. Mirsad Bektic,Lucas Martins,196
2015-05-30,UFC Fight Night: Condit vs Alves,Lucas Martins vs. Mirsad Bektic,Mirsad Bektic,-196
2013-10-26,UFC Fight Night: Machida vs Munoz,Luke Barnatt vs. Andrew Craig,Luke Barnatt,-103
2013-10-26,UFC Fight Night: Machida vs Munoz,Luke Barnatt vs. Andrew Craig,Andrew Craig,103
2014-11-22,UFC Fight Night: Edgar vs Swanson,Luke Barnatt vs. Roger Narvaez,Luke Barnatt,-193
2014-11-22,UFC Fight Night: Edgar vs Swanson,Luke Barnatt vs. Roger Narvaez,Roger Narvaez,193
2014-05-31,UFC Fight Night: Munoz vs Mousasi,Luke Barnatt vs. Sean Strickland,Luke Barnatt,164
2014-05-31,UFC Fight Night: Munoz vs Mousasi,Luke Barnatt vs. Sean Strickland,Sean Strickland,-164
2014-01-15,UFC Fight Night: Rockhold vs Philippou,Luke Rockhold vs. Constantinos Philippou,Luke Rockhold,123
2014-01-15,UFC Fight Night: Rockhold vs Philippou,Luke Rockhold vs. Constantinos Philippou,Constantinos Philippou,-123
2014-11-07,UFC Fight Night: Rockhold vs Bisping,Luke Rockhold vs. Michael Bisping,Luke Rockhold,140
2014-11-07,UFC Fight Night: Rockhold vs Bisping,Luke Rockhold vs. Michael Bisping,Michael Bisping,-140
2014-04-26,UFC 172: Jones vs Teixeira,Luke Rockhold vs. Tim Boetsch,Luke Rockhold,105
2014-04-26,UFC 172: Jones vs Teixeira,Luke Rockhold vs. Tim Boetsch,Tim Boetsch,-105
2014-12-20,UFC Fight Night: Machida vs Dollaway,Lyoto Machida vs. CB Dollaway,Lyoto Machida,127
2014-12-20,UFC Fight Night: Machida vs Dollaway,Lyoto Machida vs. CB Dollaway,CB Dollaway,-127
2013-02-23,UFC 157: Rousey vs Carmouche,Lyoto Machida vs. Dan Henderson,Lyoto Machida,-234
2013-02-23,UFC 157: Rousey vs Carmouche,Lyoto Machida vs. Dan Henderson,Dan Henderson,234
2014-02-15,UFC Fight Night: Machida vs Mousasi,Lyoto Machida vs. Gegard Mousasi,Lyoto Machida,-140
2014-02-15,UFC Fight Night: Machida vs Mousasi,Lyoto Machida vs. Gegard Mousasi,Gegard Mousasi,140
2015-04-18,UFC on FOX: Machida vs Rockhold,Lyoto Machida vs. Luke Rockhold,Lyoto Machida,-153
2015-04-18,UFC on FOX: Machida vs Rockhold,Lyoto Machida vs. Luke Rockhold,Luke Rockhold,153
2013-10-26,UFC Fight Night: Machida vs Munoz,Lyoto Machida vs. Mark Munoz,Lyoto Machida,-124
2013-10-26,UFC Fight Night: Machida vs Munoz,Lyoto Machida vs. Mark Munoz,Mark Munoz,124
2013-08-03,UFC 163: Aldo vs Jung,Lyoto Machida vs. Phil Davis,Lyoto Machida,117
2013-08-03,UFC 163: Aldo vs Jung,Lyoto Machida vs. Phil Davis,Phil Davis,-117
2013-07-27,UFC on FOX: Johnson vs Moraga,Mac Danzig vs. Melvin Guillard,Mac Danzig,210
2013-07-27,UFC on FOX: Johnson vs Moraga,Mac Danzig vs. Melvin Guillard,Melvin Guillard,-210
2014-05-31,UFC Fight Night: Munoz vs Mousasi,Magnus Cedenblad vs. Krzysztof Jotko,Magnus Cedenblad,167
2014-05-31,UFC Fight Night: Munoz vs Mousasi,Magnus Cedenblad vs. Krzysztof Jotko,Krzysztof Jotko,-167
2014-09-27,UFC 178: Johnson vs Cariaso,Manvel Gamburyan vs. Cody Gibson,Manvel Gamburyan,118
2014-09-27,UFC 178: Johnson vs Cariaso,Manvel Gamburyan vs. Cody Gibson,Cody Gibson,-118
2013-08-17,UFC Fight Night: Shogun vs Sonnen,Manvel Gamburyan vs. Cole Miller,Manvel Gamburyan,-128
2013-08-17,UFC Fight Night: Shogun vs Sonnen,Manvel Gamburyan vs. Cole Miller,Cole Miller,128
2014-06-28,UFC Fight Night: Swanson vs Stephens,Marcelo Guimaraes vs. Andy Enz,Marcelo Guimaraes,113
2014-06-28,UFC Fight Night: Swanson vs Stephens,Marcelo Guimaraes vs. Andy Enz,Andy Enz,-113
2014-12-20,UFC Fight Night: Machida vs Dollaway,Marcio Alexandre Junior vs. Tim Means,Marcio Alexandre Junior,147
2014-12-20,UFC Fight Night: Machida vs Dollaway,Marcio Alexandre Junior vs. Tim Means,Tim Means,-147
2014-12-20,UFC Fight Night: Machida vs Dollaway,Marcos Rogerio de Lima vs. Igor Pokrajac,Marcos Rogerio de Lima,-143
2014-12-20,UFC Fight Night: Machida vs Dollaway,Marcos Rogerio de Lima vs. Igor Pokrajac,Igor Pokrajac,143
2014-07-05,UFC 175: Weidman vs Machida,Marcus Brimage vs. Russell Doane,Marcus Brimage,121
2014-07-05,UFC 175: Weidman vs Machida,Marcus Brimage vs. Russell Doane,Russell Doane,-121
2013-12-06,UFC Fight Night: Hunt vs Bigfoot,Mark Hunt vs. Antonio Silva,Mark Hunt,-196
2013-12-06,UFC Fight Night: Hunt vs Bigfoot,Mark Hunt vs. Antonio Silva,Antonio Silva,196
2014-09-20,UFC Fight Night: Hunt vs Nelson,Mark Hunt vs. Roy Nelson,Mark Hunt,-184
2014-09-20,UFC Fight Night: Hunt vs Nelson,Mark Hunt vs. Roy Nelson,Roy Nelson,184
2014-05-31,UFC Fight Night: Munoz vs Mousasi,Mark Munoz vs. Gegard Mousasi,Mark Munoz,-105
2014-05-31,UFC Fight Night: Munoz vs Mousasi,Mark Munoz vs. Gegard Mousasi,Gegard Mousasi,105
2015-05-16,UFC Fight Night: Edgar vs Faber,Mark Munoz vs. Luke Barnatt,Mark Munoz,-114
2015-05-16,UFC Fight Night: Edgar vs Faber,Mark Munoz vs. Luke Barnatt,Luke Barnatt,114
2015-02-28,UFC 184: Rousey vs Zingano,Mark Munoz vs. Roan Carneiro,Mark Munoz,106
2015-02-28,UFC 184: Rousey vs Zingano,Mark Munoz vs. Roan Carneiro,Roan Carneiro,-106
2013-07-06,UFC 162: Silva vs Weidman,Mark Munoz vs. Tim Boetsch,Mark Munoz,-111
2013-07-06,UFC 162: Silva vs Weidman,Mark Munoz vs. Tim Boetsch,Tim Boetsch,111
2014-05-10,UFC Fight Night: Brown vs Silva,Matt Brown vs. Erick Silva,Matt Brown,-117
2014-05-10,UFC Fight Night: Brown vs Silva,Matt Brown vs. Erick Silva,Erick Silva,117
2013-04-20,UFC on FOX: Henderson vs Melendez,Matt Brown vs. Jordan Mein,Matt Brown,100
2013-04-20,UFC on FOX: Henderson vs Melendez,Matt Brown vs. Jordan Mein,Jordan Mein,-100
2013-08-17,UFC Fight Night: Shogun vs Sonnen,Matt Brown vs. Mike Pyle,Matt Brown,-285
2013-08-17,UFC Fight Night: Shogun vs Sonnen,Matt Brown vs. Mike Pyle,Mike Pyle,285
2014-09-05,UFC Fight Night: Jacare vs Mousasi,Matt Mitrione vs. Derrick Lewis,Matt Mitrione,126
2014-09-05,UFC Fight Night: Jacare vs Mousasi,Matt Mitrione vs. Derrick Lewis,Derrick Lewis,-126
2013-04-06,UFC on FUEL TV: Mousasi vs Latifi,Matt Mitrione vs. Philip De Fries,Matt Mitrione,108
2013-04-06,UFC on FUEL TV: Mousasi vs Latifi,Matt Mitrione vs. Philip De Fries,Philip De Fries,-108
2014-03-01,UFC Fight Night: Kim vs Hathaway,Matt Mitrione vs. Shawn Jordan,Matt Mitrione,102
2014-03-01,UFC Fight Night: Kim vs Hathaway,Matt Mitrione vs. Shawn Jordan,Shawn Jordan,-102
2015-01-18,UFC Fight Night: McGregor vs Siver,Matt Van Buren vs. Sean O'Connell,Matt Van Buren,316
2015-01-18,UFC Fight Night: McGregor vs Siver,Matt Van Buren vs. Sean O'Connell,Sean O'Connell,-316
2014-11-22,UFC Fight Night: Edgar vs Swanson,Matt Wiman vs. Isaac Vallie-Flagg,Matt Wiman,-186
2014-11-22,UFC Fight Night: Edgar vs Swanson,Matt Wiman vs. Isaac Vallie-Flagg,Isaac Vallie-Flagg,186
2013-08-17,UFC Fight Night: Shogun vs Sonnen,Mauricio Rua vs. Chael Sonnen,Mauricio Rua,174
2013-08-17,UFC Fight Night: Shogun vs Sonnen,Mauricio Rua vs. Chael Sonnen,Chael Sonnen,-174
2014-03-23,UFC Fight Night: Shogun vs Henderson 2,Mauricio Rua vs. Dan Henderson,Mauricio Rua,-194
2014-03-23,UFC Fight Night: Shogun vs Henderson 2,Mauricio Rua vs. Dan Henderson,Dan Henderson,194
2013-12-06,UFC Fight Night: Hunt vs Bigfoot,Mauricio Rua vs. James Te Huna,Mauricio Rua,106
2013-12-06,UFC Fight Night: Hunt vs Bigfoot,Mauricio Rua vs. James Te Huna,James Te Huna,-106
2014-11-08,UFC Fight Night 56: Shogun vs Saint Preux,Mauricio Rua vs. Ovince Saint Preux,Mauricio Rua,-176
2014-11-08,UFC Fight Night 56: Shogun vs Saint Preux,Mauricio Rua vs. Ovince Saint Preux,Ovince Saint Preux,176
2014-04-26,UFC 172: Jones vs Teixeira,Max Holloway vs. Andre Fili,Max Holloway,-122
2014-04-26,UFC 172: Jones vs Teixeira,Max Holloway vs. Andre Fili,Andre Fili,122
2015-02-14,UFC Fight Night: Henderson vs Thatch,Max Holloway vs. Cole Miller,Max Holloway,-183
2015-02-14,UFC Fight Night: Henderson vs Thatch,Max Holloway vs. Cole Miller,Cole Miller,183
2014-09-20,UFC Fight Night: Hunt vs Nelson,Maximo Blanco vs. Dan Hooker,Maximo Blanco,120
2014-09-20,UFC Fight Night: Hunt vs Nelson,Maximo Blanco vs. Dan Hooker,Dan Hooker,-120
2012-12-29,UFC 155: Dos Santos vs Velasquez II,Melvin Guillard vs. Jamie Varner,Melvin Guillard,-115
2012-12-29,UFC 155: Dos Santos vs Velasquez II,Melvin Guillard vs. Jamie Varner,Jamie Varner,115
2013-04-27,UFC 159: Jones vs Sonnen,Michael Bisping vs. Alan Belcher,Michael Bisping,-140
2013-04-27,UFC 159: Jones vs Sonnen,Michael Bisping vs. Alan Belcher,Alan Belcher,140
2015-04-25,UFC 186: Johnson vs Horiguchi,Michael Bisping vs. CB Dollaway,Michael Bisping,125
2015-04-25,UFC 186: Johnson vs Horiguchi,Michael Bisping vs. CB Dollaway,CB Dollaway,-125
2014-08-23,UFC Fight Night: Bisping vs Le,Michael Bisping vs. Cung Le,Michael Bisping,-215
2014-08-23,UFC Fight Night: Bisping vs Le,Michael Bisping vs. Cung Le,Cung Le,215
2014-04-16,UFC Fight Night: Bisping vs Kennedy,Michael Bisping vs. Tim Kennedy,Michael Bisping,-156
2014-04-16,UFC Fight Night: Bisping vs Kennedy,Michael Bisping vs. Tim Kennedy,Tim Kennedy,156
2013-02-23,UFC 157: Rousey vs Carmouche,Michael Chiesa vs. Anton Kuivanen,Michael Chiesa,-169
2013-02-23,UFC 157: Rousey vs Carmouche,Michael Chiesa vs. Anton Kuivanen,Anton Kuivanen,169
2014-05-24,UFC 173: Barao vs Dillashaw,Michael Chiesa vs. Francisco Trinaldo,Michael Chiesa,-132
2014-05-24,UFC 173: Barao vs Dillashaw,Michael Chiesa vs. Francisco Trinaldo,Francisco Trinaldo,132
2013-07-27,UFC on FOX: Johnson vs Moraga,Michael Chiesa vs. Jorge Masvidal,Michael Chiesa,136
2013-07-27,UFC on FOX: Johnson vs Moraga,Michael Chiesa vs. Jorge Masvidal,Jorge Masvidal,-136
2015-04-04,UFC Fight Night: Mendes vs Lamas,Michael Chiesa vs. Mitch Clarke,Michael Chiesa,-201
2015-04-04,UFC Fight Night: Mendes vs Lamas,Michael Chiesa vs. Mitch Clarke,Mitch Clarke,201
2014-03-08,UFC Fight Night: Gustafsson vs Manuwa,Michael Johnson vs. Melvin Guillard,Michael Johnson,192
2014-03-08,UFC Fight Night: Gustafsson vs Manuwa,Michael Johnson vs. Melvin Guillard,Melvin Guillard,-192
2012-12-29,UFC 155: Dos Santos vs Velasquez II,Michael Johnson vs. Myles Jury,Michael Johnson,-104
2012-12-29,UFC 155: Dos Santos vs Velasquez II,Michael Johnson vs. Myles Jury,Myles Jury,104
2013-04-06,UFC on FUEL TV: Mousasi vs Latifi,Michael Kuiper vs. Tom Lawlor,Michael Kuiper,139
2013-04-06,UFC on FUEL TV: Mousasi vs Latifi,Michael Kuiper vs. Tom Lawlor,Tom Lawlor,-139
2015-02-14,UFC Fight Night: Henderson vs Thatch,Michel Prazeres vs. Kevin Lee,Michel Prazeres,129
2015-02-14,UFC Fight Night: Henderson vs Thatch,Michel Prazeres vs. Kevin Lee,Kevin Lee,-129
2014-03-23,UFC Fight Night: Shogun vs Henderson 2,Michel Prazeres vs. Mairbek Taisumov,Michel Prazeres,130
2014-03-23,UFC Fight Night: Shogun vs Henderson 2,Michel Prazeres vs. Mairbek Taisumov,Mairbek Taisumov,-130
2014-09-20,UFC Fight Night: Hunt vs Nelson,Michinori Tanaka vs. Kyung Ho Kang,Michinori Tanaka,-164
2014-09-20,UFC Fight Night: Hunt vs Nelson,Michinori Tanaka vs. Kyung Ho Kang,Kyung Ho Kang,164
2013-08-17,UFC Fight Night: Shogun vs Sonnen,Mike Brown vs. Steven Siler,Mike Brown,106
2013-08-17,UFC Fight Night: Shogun vs Sonnen,Mike Brown vs. Steven Siler,Steven Siler,-106
2013-07-06,UFC 162: Silva vs Weidman,Mike Pierce vs. David Mitchell,Mike Pierce,-123
2013-07-06,UFC 162: Silva vs Weidman,Mike Pierce vs. David Mitchell,David Mitchell,123
2015-05-23,UFC 187: Johnson vs Cormier,Mike Pyle vs. Colby Covington,Mike Pyle,360
2015-05-23,UFC 187: Johnson vs Cormier,Mike Pyle vs. Colby Covington,Colby Covington,-360
2012-12-15,The Ultimate Fighter: Team Carwin vs. Team Nelson Finale,Mike Pyle vs. James Head,Mike Pyle,146
2012-12-15,The Ultimate Fighter: Team Carwin vs. Team Nelson Finale,Mike Pyle vs. James Head,James Head,-146
2014-08-23,UFC Fight Night: Henderson vs Dos Anjos,Mike Pyle vs. Jordan Mein,Mike Pyle,257
2014-08-23,UFC Fight Night: Henderson vs Dos Anjos,Mike Pyle vs. Jordan Mein,Jordan Mein,-257
2013-05-25,UFC 160: Velasquez vs Silva 2,Mike Pyle vs. Rick Story,Mike Pyle,401
2013-05-25,UFC 160: Velasquez vs Silva 2,Mike Pyle vs. Rick Story,Rick Story,-401
2014-02-22,UFC 170: Rousey vs McMann,Mike Pyle vs. TJ Waldburger,Mike Pyle,290
2014-02-22,UFC 170: Rousey vs McMann,Mike Pyle vs. TJ Waldburger,TJ Waldburger,-290
2013-03-16,UFC 158: St-Pierre vs Diaz,Mike Ricci vs. Colin Fletcher,Mike Ricci,112
2013-03-16,UFC 158: St-Pierre vs Diaz,Mike Ricci vs. Colin Fletcher,Colin Fletcher,-112
2013-09-21,UFC 165: Jones vs Gustafsson,Mike Ricci vs. Myles Jury,Mike Ricci,148
2013-09-21,UFC 165: Jones vs Gustafsson,Mike Ricci vs. Myles Jury,Myles Jury,-148
2013-01-26,UFC on FOX: Johnson vs Dodson,Mike Russow vs. Shawn Jordan,Mike Russow,-103
2013-01-26,UFC on FOX: Johnson vs Dodson,Mike Russow vs. Shawn Jordan,Shawn Jordan,103
2013-01-26,UFC on FOX: Johnson vs Dodson,Mike Stumpf vs. Pascal Krauss,Mike Stumpf,147
2013-01-26,UFC on FOX: Johnson vs Dodson,Mike Stumpf vs. Pascal Krauss,Pascal Krauss,-147
2013-06-15,UFC 161: Evans vs Henderson,Mitch Clarke vs. John Maguire,Mitch Clarke,146
2013-06-15,UFC 161: Evans vs Henderson,Mitch Clarke vs. John Maguire,John Maguire,-146
2013-09-21,UFC 165: Jones vs Gustafsson,Mitch Gagnon vs. Dustin Kimura,Mitch Gagnon,-183
2013-09-21,UFC 165: Jones vs Gustafsson,Mitch Gagnon vs. Dustin Kimura,Dustin Kimura,183
2014-09-20,UFC Fight Night: Hunt vs Nelson,Myles Jury vs. Takanori Gomi,Myles Jury,-183
2014-09-20,UFC Fight Night: Hunt vs Nelson,Myles Jury vs. Takanori Gomi,Takanori Gomi,183
2014-03-01,UFC Fight Night: Kim vs Hathaway,Nam Phan vs. Vaughan Lee,Nam Phan,159
2014-03-01,UFC Fight Night: Kim vs Hathaway,Nam Phan vs. Vaughan Lee,Vaughan Lee,-159
2013-04-20,UFC on FOX: Henderson vs Melendez,Nate Diaz vs. Josh Thomson,Nate Diaz,-125
2013-04-20,UFC on FOX: Henderson vs Melendez,Nate Diaz vs. Josh Thomson,Josh Thomson,125
2013-10-19,UFC 166: Velasquez vs Dos Santos 3,Nate Marquardt vs. Hector Lombard,Nate Marquardt,-158
2013-10-19,UFC 166: Velasquez vs Dos Santos 3,Nate Marquardt vs. Hector Lombard,Hector Lombard,158
2014-08-23,UFC Fight Night: Henderson vs Dos Anjos,Neil Magny vs. Alex Garcia,Neil Magny,183
2014-08-23,UFC Fight Night: Henderson vs Dos Anjos,Neil Magny vs. Alex Garcia,Alex Garcia,-183
2015-02-14,UFC Fight Night: Henderson vs Thatch,Neil Magny vs. Kiichi Kunimoto,Neil Magny,-188
2015-02-14,UFC Fight Night: Henderson vs Thatch,Neil Magny vs. Kiichi Kunimoto,Kiichi Kunimoto,188
2013-11-06,UFC Fight Night: Fight for the Troops 3,Neil Magny vs. Seth Baczynski,Neil Magny,-170
2013-11-06,UFC Fight Night: Fight for the Troops 3,Neil Magny vs. Seth Baczynski,Seth Baczynski,170
2014-05-10,UFC Fight Night: Brown vs Silva,Neil Magny vs. Tim Means,Neil Magny,-126
2014-05-10,UFC Fight Night: Brown vs Silva,Neil Magny vs. Tim Means,Tim Means,126
2015-01-24,UFC on FOX: Gustafsson vs Johnson,Neil Seery vs. Chris Beal,Neil Seery,118
2015-01-24,UFC on FOX: Gustafsson vs Johnson,Neil Seery vs. Chris Beal,Chris Beal,-118
2014-07-19,UFC Fight Night: McGregor vs Brandao,Neil Seery vs. Phil Harris,Neil Seery,122
2014-07-19,UFC Fight Night: McGregor vs Brandao,Neil Seery vs. Phil Harris,Phil Harris,-122
2015-01-24,UFC on FOX: Gustafsson vs Johnson,Nicholas Musoke vs. Albert Tumenov,Nicholas Musoke,123
2015-01-24,UFC on FOX: Gustafsson vs Johnson,Nicholas Musoke vs. Albert Tumenov,Albert Tumenov,-123
2014-10-04,UFC Fight Night: Nelson vs Story,Nicholas Musoke vs. Alexander Yakovlev,Nicholas Musoke,-112
2014-10-04,UFC Fight Night: Nelson vs Story,Nicholas Musoke vs. Alexander Yakovlev,Alexander Yakovlev,112
2014-02-01,UFC 169: Barao vs Faber 2,Nick Catone vs. Tom Watson,Nick Catone,-160
2014-02-01,UFC 169: Barao vs Faber 2,Nick Catone vs. Tom Watson,Tom Watson,160
2013-12-06,UFC Fight Night: Hunt vs Bigfoot,Nick Ring vs. Caio Magalhaes,Nick Ring,108
2013-12-06,UFC Fight Night: Hunt vs Bigfoot,Nick Ring vs. Caio Magalhaes,Caio Magalhaes,-108
2013-03-16,UFC 158: St-Pierre vs Diaz,Nick Ring vs. Chris Camozzi,Nick Ring,149
2013-03-16,UFC 158: St-Pierre vs Diaz,Nick Ring vs. Chris Camozzi,Chris Camozzi,-149
2015-01-24,UFC on FOX: Gustafsson vs Johnson,Nikita Krylov vs. Stanislav Nedkov,Nikita Krylov,-109
2015-01-24,UFC on FOX: Gustafsson vs Johnson,Nikita Krylov vs. Stanislav Nedkov,Stanislav Nedkov,109
2014-10-04,UFC Fight Night: Nelson vs Story,Niklas Backstrom vs. Mike Wilkinson,Niklas Backstrom,103
2014-10-04,UFC Fight Night: Nelson vs Story,Niklas Backstrom vs. Mike Wilkinson,Mike Wilkinson,-103
2015-05-16,UFC Fight Night: Edgar vs Faber,Nolan Ticman vs. Yao Zhikui,Nolan Ticman,141
2015-05-16,UFC Fight Night: Edgar vs Faber,Nolan Ticman vs. Yao Zhikui,Yao Zhikui,-141
2015-04-25,UFC 186: Johnson vs Horiguchi,Nordine Taleb vs. Chris Clements,Nordine Taleb,-188
2015-04-25,UFC 186: Johnson vs Horiguchi,Nordine Taleb vs. Chris Clements,Chris Clements,188
2014-10-04,UFC Fight Night: MacDonald vs Saffiedine,Nordine Taleb vs. Li Jingliang,Nordine Taleb,-124
2014-10-04,UFC Fight Night: MacDonald vs Saffiedine,Nordine Taleb vs. Li Jingliang,Li Jingliang,124
2015-01-18,UFC Fight Night: McGregor vs Siver,Norman Parke vs. Gleison Tibau,Norman Parke,-139
2015-01-18,UFC Fight Night: McGregor vs Siver,Norman Parke vs. Gleison Tibau,Gleison Tibau,139
2013-10-26,UFC Fight Night: Machida vs Munoz,Norman Parke vs. Jon Tuck,Norman Parke,-176
2013-10-26,UFC Fight Night: Machida vs Munoz,Norman Parke vs. Jon Tuck,Jon Tuck,176
2013-07-06,UFC 162: Silva vs Weidman,Norman Parke vs. Kazuki Tokudome,Norman Parke,-130
2013-07-06,UFC 162: Silva vs Weidman,Norman Parke vs. Kazuki Tokudome,Kazuki Tokudome,130
2014-07-19,UFC Fight Night: McGregor vs Brandao,Norman Parke vs. Naoyuki Kotani,Norman Parke,-167
2014-07-19,UFC Fight Night: McGregor vs Brandao,Norman Parke vs. Naoyuki Kotani,Naoyuki Kotani,167
2015-04-25,UFC 186: Johnson vs Horiguchi,Olivier Aubin-Mercier vs. David Michaud,Olivier Aubin-Mercier,103
2015-04-25,UFC 186: Johnson vs Horiguchi,Olivier Aubin-Mercier vs. David Michaud,David Michaud,-103
2014-10-04,UFC Fight Night: MacDonald vs Saffiedine,Olivier Aubin-Mercier vs. Jake Lindsey,Olivier Aubin-Mercier,-117
2014-10-04,UFC Fight Night: MacDonald vs Saffiedine,Olivier Aubin-Mercier vs. Jake Lindsey,Jake Lindsey,117
2015-01-03,UFC 182: Jones vs Cormier,Omari Akhmedov vs. Mats Nilsson,Omari Akhmedov,-138
2015-01-03,UFC 182: Jones vs Cormier,Omari Akhmedov vs. Mats Nilsson,Mats Nilsson,138
2014-03-15,UFC 171: Hendricks vs Lawler,Ovince Saint Preux vs. Nikita Krylov,Ovince Saint Preux,184
2014-03-15,UFC 171: Hendricks vs Lawler,Ovince Saint Preux vs. Nikita Krylov,Nikita Krylov,-184
2015-04-18,UFC on FOX: Machida vs Rockhold,Ovince Saint Preux vs. Patrick Cummins,Ovince Saint Preux,175
2015-04-18,UFC on FOX: Machida vs Rockhold,Ovince Saint Preux vs. Patrick Cummins,Patrick Cummins,-175
2014-06-14,UFC 174: Johnson vs Bagautinov,Ovince Saint Preux vs. Ryan Jimmo,Ovince Saint Preux,120
2014-06-14,UFC 174: Johnson vs Bagautinov,Ovince Saint Preux vs. Ryan Jimmo,Ryan Jimmo,-120
2015-01-18,UFC Fight Night: McGregor vs Siver,Paddy Holohan vs. Shane Howell,Paddy Holohan,-179
2015-01-18,UFC Fight Night: McGregor vs Siver,Paddy Holohan vs. Shane Howell,Shane Howell,179
2013-04-06,UFC on FUEL TV: Mousasi vs Latifi,Papy Abedi vs. Besam Yousef,Papy Abedi,108
2013-04-06,UFC on FUEL TV: Mousasi vs Latifi,Papy Abedi vs. Besam Yousef,Besam Yousef,-108
2013-08-31,UFC 164: Henderson vs Pettis 2,Pascal Krauss vs. Hyun Gyu Lim,Pascal Krauss,-156
2013-08-31,UFC 164: Henderson vs Pettis 2,Pascal Krauss vs. Hyun Gyu Lim,Hyun Gyu Lim,156
2012-12-15,The Ultimate Fighter: Team Carwin vs. Team Nelson Finale,Pat Barry vs. Shane del Rosario,Pat Barry,119
2012-12-15,The Ultimate Fighter: Team Carwin vs. Team Nelson Finale,Pat Barry vs. Shane del Rosario,Shane del Rosario,-119
2013-06-15,UFC 161: Evans vs Henderson,Pat Barry vs. Shawn Jordan,Pat Barry,164
2013-06-15,UFC 161: Evans vs Henderson,Pat Barry vs. Shawn Jordan,Shawn Jordan,-164
2013-12-06,UFC Fight Night: Hunt vs Bigfoot,Pat Barry vs. Soa Palelei,Pat Barry,118
2013-12-06,UFC Fight Night: Hunt vs Bigfoot,Pat Barry vs. Soa Palelei,Soa Palelei,-118
2013-09-21,UFC 165: Jones vs Gustafsson,Pat Healy vs. Khabib Nurmagomedov,Pat Healy,304
2013-09-21,UFC 165: Jones vs Gustafsson,Pat Healy vs. Khabib Nurmagomedov,Khabib Nurmagomedov,-304
2015-04-25,UFC 186: Johnson vs Horiguchi,Patrick Cote vs. Joe Riggs,Patrick Cote,250
2015-04-25,UFC 186: Johnson vs Horiguchi,Patrick Cote vs. Joe Riggs,Joe Riggs,-250
2014-04-16,UFC Fight Night: Bisping vs Kennedy,Patrick Cote vs. Kyle Noke,Patrick Cote,255
2014-04-16,UFC Fight Night: Bisping vs Kennedy,Patrick Cote vs. Kyle Noke,Kyle Noke,-255
2014-09-27,UFC 178: Johnson vs Cariaso,Patrick Cote vs. Stephen Thompson,Patrick Cote,247
2014-09-27,UFC 178: Johnson vs Cariaso,Patrick Cote vs. Stephen Thompson,Stephen Thompson,-247
2013-02-16,UFC on FUEL TV: Barao vs McDonald,Paul Sass vs. Danny Castillo,Paul Sass,121
2013-02-16,UFC on FUEL TV: Barao vs McDonald,Paul Sass vs. Danny Castillo,Danny Castillo,-121
2013-11-09,UFC Fight Night: Belfort vs Henderson 2,Paulo Thiago vs. Brandon Thatch,Paulo Thiago,479
2013-11-09,UFC Fight Night: Belfort vs Henderson 2,Paulo Thiago vs. Brandon Thatch,Brandon Thatch,-479
2014-05-31,UFC Fight Night: Miocic vs Maldonado,Paulo Thiago vs. Gasan Umalatov,Paulo Thiago,111
2014-05-31,UFC Fight Night: Miocic vs Maldonado,Paulo Thiago vs. Gasan Umalatov,Gasan Umalatov,-111
2014-09-13,UFC Fight Night: Bigfoot vs Arlovski,Paulo Thiago vs. Sean Spencer,Paulo Thiago,116
2014-09-13,UFC Fight Night: Bigfoot vs Arlovski,Paulo Thiago vs. Sean Spencer,Sean Spencer,-116
2015-04-11,UFC Fight Night: Gonzaga vs Cro Cop 2,Pawel Pawlak vs. Sheldon Westcott,Pawel Pawlak,-110
2015-04-11,UFC Fight Night: Gonzaga vs Cro Cop 2,Pawel Pawlak vs. Sheldon Westcott,Sheldon Westcott,110
2014-04-26,UFC 172: Jones vs Teixeira,Phil Davis vs. Anthony Johnson,Phil Davis,124
2014-04-26,UFC 172: Jones vs Teixeira,Phil Davis vs. Anthony Johnson,Anthony Johnson,-124
2015-01-24,UFC on FOX: Gustafsson vs Johnson,Phil Davis vs. Ryan Bader,Phil Davis,106
2015-01-24,UFC on FOX: Gustafsson vs Johnson,Phil Davis vs. Ryan Bader,Ryan Bader,-106
2013-04-27,UFC 159: Jones vs Sonnen,Phil Davis vs. Vinny Magalhaes,Phil Davis,-159
2013-04-27,UFC 159: Jones vs Sonnen,Phil Davis vs. Vinny Magalhaes,Vinny Magalhaes,159
2013-10-26,UFC Fight Night: Machida vs Munoz,Phil Harris vs. John Lineker,Phil Harris,129
2013-10-26,UFC Fight Night: Machida vs Munoz,Phil Harris vs. John Lineker,John Lineker,-129
2013-02-16,UFC on FUEL TV: Barao vs McDonald,Phil Harris vs. Ulysses Gomez,Phil Harris,-304
2013-02-16,UFC on FUEL TV: Barao vs McDonald,Phil Harris vs. Ulysses Gomez,Ulysses Gomez,304
2012-12-29,UFC 155: Dos Santos vs Velasquez II,Philip De Fries vs. Todd Duffee,Philip De Fries,113
2012-12-29,UFC 155: Dos Santos vs Velasquez II,Philip De Fries vs. Todd Duffee,Todd Duffee,-113
2015-05-16,UFC Fight Night: Edgar vs Faber,Phillipe Nover vs. Yui Chul Nam,Phillipe Nover,123
2015-05-16,UFC Fight Night: Edgar vs Faber,Phillipe Nover vs. Yui Chul Nam,Yui Chul Nam,-123
2013-11-09,UFC Fight Night: Belfort vs Henderson 2,Rafael Cavalcante vs. Igor Pokrajac,Rafael Cavalcante,109
2013-11-09,UFC Fight Night: Belfort vs Henderson 2,Rafael Cavalcante vs. Igor Pokrajac,Igor Pokrajac,-109
2014-06-07,UFC Fight Night: Henderson vs Khabilov,Rafael Dos Anjos vs. Jason High,Rafael Dos Anjos,-156
2014-06-07,UFC Fight Night: Henderson vs Khabilov,Rafael Dos Anjos vs. Jason High,Jason High,156
2014-04-19,UFC on FOX: Werdum vs Browne,Rafael Dos Anjos vs. Khabib Nurmagomedov,Rafael Dos Anjos,171
2014-04-19,UFC on FOX: Werdum vs Browne,Rafael Dos Anjos vs. Khabib Nurmagomedov,Khabib Nurmagomedov,-171
2014-12-13,UFC on FOX: Dos Santos vs Miocic,Rafael Dos Anjos vs. Nate Diaz,Rafael Dos Anjos,-113
2014-12-13,UFC on FOX: Dos Santos vs Miocic,Rafael Dos Anjos vs. Nate Diaz,Nate Diaz,113
2014-09-05,UFC Fight Night: Jacare vs Mousasi,Rafael Natal vs. Chris Camozzi,Rafael Natal,-119
2014-09-05,UFC Fight Night: Jacare vs Mousasi,Rafael Natal vs. Chris Camozzi,Chris Camozzi,119
2015-01-31,UFC 183: Silva vs Diaz,Rafael Natal vs. Tom Watson,Rafael Natal,-139
2015-01-31,UFC 183: Silva vs Diaz,Rafael Natal vs. Tom Watson,Tom Watson,139
2013-09-04,UFC Fight Night: Teixeira vs Bader,Rafael Natal vs. Tor Troeng,Rafael Natal,107
2013-09-04,UFC Fight Night: Teixeira vs Bader,Rafael Natal vs. Tor Troeng,Tor Troeng,-107
2014-02-22,UFC 170: Rousey vs McMann,Rafaello Oliveira vs. Erik Koch,Rafaello Oliveira,-100
2014-02-22,UFC 170: Rousey vs McMann,Rafaello Oliveira vs. Erik Koch,Erik Koch,100
2014-01-25,UFC on FOX: Henderson vs Thomson,Ramiro Hernandez vs. Hugo Viana,Ramiro Hernandez,154
2014-01-25,UFC on FOX: Henderson vs Thomson,Ramiro Hernandez vs. Hugo Viana,Hugo Viana,-154
2014-04-11,UFC Fight Night: Minotauro vs Nelson,Ramsey Nijem vs. Beneil Dariush,Ramsey Nijem,-250
2014-04-11,UFC Fight Night: Minotauro vs Nelson,Ramsey Nijem vs. Beneil Dariush,Beneil Dariush,250
2014-08-30,UFC 177: Dillashaw vs Soto,Ramsey Nijem vs. Diego Ferreira,Ramsey Nijem,-231
2014-08-30,UFC 177: Dillashaw vs Soto,Ramsey Nijem vs. Diego Ferreira,Diego Ferreira,231
2014-01-15,UFC Fight Night: Rockhold vs Philippou,Ramsey Nijem vs. Justin Edwards,Ramsey Nijem,-221
2014-01-15,UFC Fight Night: Rockhold vs Philippou,Ramsey Nijem vs. Justin Edwards,Justin Edwards,221
2013-04-20,UFC on FOX: Henderson vs Melendez,Ramsey Nijem vs. Myles Jury,Ramsey Nijem,-105
2013-04-20,UFC on FOX: Henderson vs Melendez,Ramsey Nijem vs. Myles Jury,Myles Jury,105
2014-09-13,UFC Fight Night: Bigfoot vs Arlovski,Rani Yahya vs. Johnny Bedford,Rani Yahya,149
2014-09-13,UFC Fight Night: Bigfoot vs Arlovski,Rani Yahya vs. Johnny Bedford,Johnny Bedford,-149
2013-08-03,UFC 163: Aldo vs Jung,Rani Yahya vs. Josh Clopton,Rani Yahya,-111
2013-08-03,UFC 163: Aldo vs Jung,Rani Yahya vs. Josh Clopton,Josh Clopton,111
2014-10-04,UFC Fight Night: MacDonald vs Saffiedine,Raphael Assuncao vs. Bryan Caraway,Raphael Assuncao,-168
2014-10-04,UFC Fight Night: MacDonald vs Saffiedine,Raphael Assuncao vs. Bryan Caraway,Bryan Caraway,168
2013-10-09,UFC Fight Night: Maia vs Shields,Raphael Assuncao vs. TJ Dillashaw,Raphael Assuncao,101
2013-10-09,UFC Fight Night: Maia vs Shields,Raphael Assuncao vs. TJ Dillashaw,TJ Dillashaw,-101
2013-06-08,UFC on FUEL TV: Nogueira vs. Werdum,Raphael Assuncao vs. Vaughan Lee,Raphael Assuncao,-135
2013-06-08,UFC on FUEL TV: Nogueira vs. Werdum,Raphael Assuncao vs. Vaughan Lee,Vaughan Lee,135
2013-11-16,UFC 167: St-Pierre vs Hendricks,Rashad Evans vs. Chael Sonnen,Rashad Evans,191
2013-11-16,UFC 167: St-Pierre vs Hendricks,Rashad Evans vs. Chael Sonnen,Chael Sonnen,-191
2013-06-15,UFC 161: Evans vs Henderson,Rashad Evans vs. Dan Henderson,Rashad Evans,-213
2013-06-15,UFC 161: Evans vs Henderson,Rashad Evans vs. Dan Henderson,Dan Henderson,213
2013-02-02,UFC 156: Aldo vs Edgar,Rashad Evans vs. Rogerio Nogueira,Rashad Evans,-156
2013-02-02,UFC 156: Aldo vs Edgar,Rashad Evans vs. Rogerio Nogueira,Rogerio Nogueira,156
2015-02-14,UFC Fight Night: Henderson vs Thatch,Ray Borg vs. Chris Kelades,Ray Borg,-214
2015-02-14,UFC Fight Night: Henderson vs Thatch,Ray Borg vs. Chris Kelades,Chris Kelades,214
2013-09-21,UFC 165: Jones vs Gustafsson,Renan Barao vs. Eddie Wineland,Renan Barao,-180
2013-09-21,UFC 165: Jones vs Gustafsson,Renan Barao vs. Eddie Wineland,Eddie Wineland,180
2013-02-16,UFC on FUEL TV: Barao vs McDonald,Renan Barao vs. Michael McDonald,Renan Barao,110
2013-02-16,UFC on FUEL TV: Barao vs McDonald,Renan Barao vs. Michael McDonald,Michael McDonald,-110
2014-12-20,UFC Fight Night: Machida vs Dollaway,Renan Barao vs. Mitch Gagnon,Renan Barao,111
2014-12-20,UFC Fight Night: Machida vs Dollaway,Renan Barao vs. Mitch Gagnon,Mitch Gagnon,-111
2014-05-24,UFC 173: Barao vs Dillashaw,Renan Barao vs. TJ Dillashaw,Renan Barao,-110
2014-05-24,UFC 173: Barao vs Dillashaw,Renan Barao vs. TJ Dillashaw,TJ Dillashaw,110
2014-02-01,UFC 169: Barao vs Faber 2,Renan Barao vs. Urijah Faber,Renan Barao,-142
2014-02-01,UFC 169: Barao vs Faber 2,Renan Barao vs. Urijah Faber,Urijah Faber,142
2012-12-15,The Ultimate Fighter: Team Carwin vs. Team Nelson Finale,Reuben Duran vs. Hugo Viana,Reuben Duran,-117
2012-12-15,The Ultimate Fighter: Team Carwin vs. Team Nelson Finale,Reuben Duran vs. Hugo Viana,Hugo Viana,117
2013-04-06,UFC on FUEL TV: Mousasi vs Latifi,Reza Madadi vs. Michael Johnson,Reza Madadi,104
2013-04-06,UFC on FUEL TV: Mousasi vs Latifi,Reza Madadi vs. Michael Johnson,Michael Johnson,-104
2015-06-06,UFC Fight Night: Boetsch vs Henderson,Ricardo Abreu vs. Jake Collier,Ricardo Abreu,171
2015-06-06,UFC Fight Night: Boetsch vs Henderson,Ricardo Abreu vs. Jake Collier,Jake Collier,-171
2014-11-15,UFC 180: Werdum vs Hunt,Ricardo Lamas vs. Dennis Bermudez,Ricardo Lamas,190
2014-11-15,UFC 180: Werdum vs Hunt,Ricardo Lamas vs. Dennis Bermudez,Dennis Bermudez,-190
2014-06-28,UFC Fight Night: Swanson vs Stephens,Ricardo Lamas vs. Hacran Dias,Ricardo Lamas,123
2014-06-28,UFC Fight Night: Swanson vs Stephens,Ricardo Lamas vs. Hacran Dias,Hacran Dias,-123
2015-01-31,UFC 183: Silva vs Diaz,Richardson Moreira vs. Ildemar Alcantara,Richardson Moreira,103
2015-01-31,UFC 183: Silva vs Diaz,Richardson Moreira vs. Ildemar Alcantara,Ildemar Alcantara,-103
2014-11-07,UFC Fight Night: Rockhold vs Bisping,Richie Vaculik vs. Louis Smolka,Richie Vaculik,147
2014-11-07,UFC Fight Night: Rockhold vs Bisping,Richie Vaculik vs. Louis Smolka,Louis Smolka,-147
2014-07-16,UFC Fight Night: Cowboy vs Miller,Rick Story vs. Leonardo Mafra,Rick Story,-303
2014-07-16,UFC Fight Night: Cowboy vs Miller,Rick Story vs. Leonardo Mafra,Leonardo Mafra,303
2013-03-02,UFC on FUEL TV: Silva vs. Stann,Riki Fukuda vs. Brad Tavares,Riki Fukuda,-105
2013-03-02,UFC on FUEL TV: Silva vs. Stann,Riki Fukuda vs. Brad Tavares,Brad Tavares,105
2013-07-27,UFC on FOX: Johnson vs Moraga,Robbie Lawler vs. Bobby Voelker,Robbie Lawler,-119
2013-07-27,UFC on FOX: Johnson vs Moraga,Robbie Lawler vs. Bobby Voelker,Bobby Voelker,119
2014-05-24,UFC 173: Barao vs Dillashaw,Robbie Lawler vs. Jake Ellenberger,Robbie Lawler,175
2014-05-24,UFC 173: Barao vs Dillashaw,Robbie Lawler vs. Jake Ellenberger,Jake Ellenberger,-175
2014-07-26,UFC on FOX: Lawler vs Brown,Robbie Lawler vs. Matt Brown,Robbie Lawler,143
2014-07-26,UFC on FOX: Lawler vs Brown,Robbie Lawler vs. Matt Brown,Matt Brown,-143
2013-12-28,UFC 168: Weidman vs Silva 2,Robert Peralta vs. Estevan Payan,Robert Peralta,-174
2013-12-28,UFC 168: Weidman vs Silva 2,Robert Peralta vs. Estevan Payan,Estevan Payan,174
2014-11-07,UFC Fight Night: Rockhold vs Bisping,Robert Whittaker vs. Clint Hester,Robert Whittaker,100
2014-11-07,UFC Fight Night: Rockhold vs Bisping,Robert Whittaker vs. Clint Hester,Clint Hester,-100
2014-06-28,UFC Fight Night: Te Huna vs Marquardt,Robert Whittaker vs. Mike Rhodes,Robert Whittaker,-110
2014-06-28,UFC Fight Night: Te Huna vs Marquardt,Robert Whittaker vs. Mike Rhodes,Mike Rhodes,110
2014-02-22,UFC 170: Rousey vs McMann,Robert Whittaker vs. Stephen Thompson,Robert Whittaker,-111
2014-02-22,UFC 170: Rousey vs McMann,Robert Whittaker vs. Stephen Thompson,Stephen Thompson,111
2014-02-15,UFC Fight Night: Machida vs Mousasi,Rodrigo Damm vs. Ivan Jorge,Rodrigo Damm,105
2014-02-15,UFC Fight Night: Machida vs Mousasi,Rodrigo Damm vs. Ivan Jorge,Ivan Jorge,-105
2013-06-08,UFC on FUEL TV: Nogueira vs. Werdum,Rodrigo Damm vs. Mizuto Hirota,Rodrigo Damm,-105
2013-06-08,UFC on FUEL TV: Nogueira vs. Werdum,Rodrigo Damm vs. Mizuto Hirota,Mizuto Hirota,105
2014-05-31,UFC Fight Night: Miocic vs Maldonado,Rodrigo Damm vs. Rashid Magomedov,Rodrigo Damm,107
2014-05-31,UFC Fight Night: Miocic vs Maldonado,Rodrigo Damm vs. Rashid Magomedov,Rashid Magomedov,-107
2013-09-21,UFC 165: Jones vs Gustafsson,Roland Delorme vs. Alex Caceres,Roland Delorme,131
2013-09-21,UFC 165: Jones vs Gustafsson,Roland Delorme vs. Alex Caceres,Alex Caceres,-131
2013-06-15,UFC 161: Evans vs Henderson,Roland Delorme vs. Edwin Figueroa,Roland Delorme,-147
2013-06-15,UFC 161: Evans vs Henderson,Roland Delorme vs. Edwin Figueroa,Edwin Figueroa,147
2015-05-16,UFC Fight Night: Edgar vs Faber,Roldan Sangcha'an vs. Jon Delos Reyes,Roldan Sangcha'an,-120
2015-05-16,UFC Fight Night: Edgar vs Faber,Roldan Sangcha'an vs. Jon Delos Reyes,Jon Delos Reyes,120
2015-04-04,UFC Fight Night: Mendes vs Lamas,Ron Stallings vs. Justin Jones,Ron Stallings,173
2015-04-04,UFC Fight Night: Mendes vs Lamas,Ron Stallings vs. Justin Jones,Justin Jones,-173
2013-01-19,UFC on FX: Belfort vs Bisping,Ronny Markes vs. Andrew Craig,Ronny Markes,-223
2013-01-19,UFC on FX: Belfort vs Bisping,Ronny Markes vs. Andrew Craig,Andrew Craig,223
2014-03-23,UFC Fight Night: Shogun vs Henderson 2,Ronny Markes vs. Thiago Santos,Ronny Markes,-164
2014-03-23,UFC Fight Night: Shogun vs Henderson 2,Ronny Markes vs. Thiago Santos,Thiago Santos,164
2013-11-06,UFC Fight Night: Fight for the Troops 3,Ronny Markes vs. Yoel Romero,Ronny Markes,-104
2013-11-06,UFC Fight Night: Fight for the Troops 3,Ronny Markes vs. Yoel Romero,Yoel Romero,104
2013-11-09,UFC Fight Night: Belfort vs Henderson 2,Rony Jason vs. Jeremy Stephens,Rony Jason,133
2013-11-09,UFC Fight Night: Belfort vs Henderson 2,Rony Jason vs. Jeremy Stephens,Jeremy Stephens,-133
2013-06-08,UFC on FUEL TV: Nogueira vs. Werdum,Rony Jason vs. Mike Wilkinson,Rony Jason,-128
2013-06-08,UFC on FUEL TV: Nogueira vs. Werdum,Rony Jason vs. Mike Wilkinson,Mike Wilkinson,128
2014-05-31,UFC Fight Night: Miocic vs Maldonado,Rony Jason vs. Robert Peralta,Rony Jason,130
2014-05-31,UFC Fight Night: Miocic vs Maldonado,Rony Jason vs. Robert Peralta,Robert Peralta,-130
2014-03-23,UFC Fight Night: Shogun vs Henderson 2,Rony Jason vs. Steven Siler,Rony Jason,120
2014-03-23,UFC Fight Night: Shogun vs Henderson 2,Rony Jason vs. Steven Siler,Steven Siler,-120
2014-02-22,UFC 170: Rousey vs McMann,Rory MacDonald vs. Demian Maia,Rory MacDonald,-179
2014-02-22,UFC 170: Rousey vs McMann,Rory MacDonald vs. Demian Maia,Demian Maia,179
2013-07-27,UFC on FOX: Johnson vs Moraga,Rory MacDonald vs. Jake Ellenberger,Rory MacDonald,-101
2013-07-27,UFC on FOX: Johnson vs Moraga,Rory MacDonald vs. Jake Ellenberger,Jake Ellenberger,101
2013-11-16,UFC 167: St-Pierre vs Hendricks,Rory MacDonald vs. Robbie Lawler,Rory MacDonald,-197
2013-11-16,UFC 167: St-Pierre vs Hendricks,Rory MacDonald vs. Robbie Lawler,Robbie Lawler,197
2014-10-04,UFC Fight Night: MacDonald vs Saffiedine,Rory MacDonald vs. Tarec Saffiedine,Rory MacDonald,-239
2014-10-04,UFC Fight Night: MacDonald vs Saffiedine,Rory MacDonald vs. Tarec Saffiedine,Tarec Saffiedine,239
2014-06-14,UFC 174: Johnson vs Bagautinov,Rory MacDonald vs. Tyron Woodley,Rory MacDonald,-185
2014-06-14,UFC 174: Johnson vs Bagautinov,Rory MacDonald vs. Tyron Woodley,Tyron Woodley,185
2014-11-07,UFC Fight Night: Rockhold vs Bisping,Ross Pearson vs. Al Iaquinta,Ross Pearson,101
2014-11-07,UFC Fight Night: Rockhold vs Bisping,Ross Pearson vs. Al Iaquinta,Al Iaquinta,-101
2015-03-14,UFC 185: Pettis vs Dos Anjos,Ross Pearson vs. Sam Stout,Ross Pearson,-261
2015-03-14,UFC 185: Pettis vs Dos Anjos,Ross Pearson vs. Sam Stout,Sam Stout,261
2013-10-09,UFC Fight Night: Maia vs Shields,Rousimar Palhares vs. Mike Pierce,Rousimar Palhares,125
2013-10-09,UFC Fight Night: Maia vs Shields,Rousimar Palhares vs. Mike Pierce,Mike Pierce,-125
2015-03-14,UFC 185: Pettis vs Dos Anjos,Roy Nelson vs. Alistair Overeem,Roy Nelson,241
2015-03-14,UFC 185: Pettis vs Dos Anjos,Roy Nelson vs. Alistair Overeem,Alistair Overeem,-241
2013-04-27,UFC 159: Jones vs Sonnen,Roy Nelson vs. Cheick Kongo,Roy Nelson,223
2013-04-27,UFC 159: Jones vs Sonnen,Roy Nelson vs. Cheick Kongo,Cheick Kongo,-223
2012-12-15,The Ultimate Fighter: Team Carwin vs. Team Nelson Finale,Roy Nelson vs. Matt Mitrione,Roy Nelson,190
2012-12-15,The Ultimate Fighter: Team Carwin vs. Team Nelson Finale,Roy Nelson vs. Matt Mitrione,Matt Mitrione,-190
2013-06-15,UFC 161: Evans vs Henderson,Roy Nelson vs. Stipe Miocic,Roy Nelson,194
2013-06-15,UFC 161: Evans vs Henderson,Roy Nelson vs. Stipe Miocic,Stipe Miocic,-194
2014-08-30,UFC 177: Dillashaw vs Soto,Ruan Potts vs. Anthony Hamilton,Ruan Potts,139
2014-08-30,UFC 177: Dillashaw vs Soto,Ruan Potts vs. Anthony Hamilton,Anthony Hamilton,-139
2015-02-22,UFC Fight Night: Bigfoot vs Mir,Rustam Khabilov vs. Adriano Martins,Rustam Khabilov,-148
2015-02-22,UFC Fight Night: Bigfoot vs Mir,Rustam Khabilov vs. Adriano Martins,Adriano Martins,148
2013-12-06,UFC Fight Night: Hunt vs Bigfoot,Ryan Bader vs. Anthony Perosh,Ryan Bader,-231
2013-12-06,UFC Fight Night: Hunt vs Bigfoot,Ryan Bader vs. Anthony Perosh,Anthony Perosh,231
2014-08-16,UFC Fight Night: Bader vs Saint Preux,Ryan Bader vs. Ovince Saint Preux,Ryan Bader,-217
2014-08-16,UFC Fight Night: Bader vs Saint Preux,Ryan Bader vs. Ovince Saint Preux,Ovince Saint Preux,217
2014-06-14,UFC 174: Johnson vs Bagautinov,Ryan Bader vs. Rafael Cavalcante,Ryan Bader,-245
2014-06-14,UFC 174: Johnson vs Bagautinov,Ryan Bader vs. Rafael Cavalcante,Rafael Cavalcante,245
2013-01-26,UFC on FOX: Johnson vs Dodson,Ryan Bader vs. Vladimir Matyushenko,Ryan Bader,-148
2013-01-26,UFC on FOX: Johnson vs Dodson,Ryan Bader vs. Vladimir Matyushenko,Vladimir Matyushenko,148
2013-08-31,UFC 164: Henderson vs Pettis 2,Ryan Couture vs. Al Iaquinta,Ryan Couture,108
2013-08-31,UFC 164: Henderson vs Pettis 2,Ryan Couture vs. Al Iaquinta,Al Iaquinta,-108
2013-06-15,UFC 161: Evans vs Henderson,Ryan Jimmo vs. Igor Pokrajac,Ryan Jimmo,-120
2013-06-15,UFC 161: Evans vs Henderson,Ryan Jimmo vs. Igor Pokrajac,Igor Pokrajac,120
2014-08-23,UFC Fight Night: Bisping vs Le,Sai Wang vs. Danny Mitchell,Sai Wang,109
2014-08-23,UFC Fight Night: Bisping vs Le,Sai Wang vs. Danny Mitchell,Danny Mitchell,-109
2013-04-13,The Ultimate Fighter: Team Jones vs. Team Sonnen Finale,Sam Sicilia vs. Maximo Blanco,Sam Sicilia,111
2013-04-13,The Ultimate Fighter: Team Jones vs. Team Sonnen Finale,Sam Sicilia vs. Maximo Blanco,Maximo Blanco,-111
2013-12-14,UFC on FOX: Johnson vs. Benavidez 2,Sam Stout vs. Cody McKenzie,Sam Stout,167
2013-12-14,UFC on FOX: Johnson vs. Benavidez 2,Sam Stout vs. Cody McKenzie,Cody McKenzie,-167
2014-04-16,UFC Fight Night: Bisping vs Kennedy,Sam Stout vs. KJ Noons,Sam Stout,128
2014-04-16,UFC Fight Night: Bisping vs Kennedy,Sam Stout vs. KJ Noons,KJ Noons,-128
2015-02-22,UFC Fight Night: Bigfoot vs Mir,Santiago Ponzinibbio vs. Sean Strickland,Santiago Ponzinibbio,184
2015-02-22,UFC Fight Night: Bigfoot vs Mir,Santiago Ponzinibbio vs. Sean Strickland,Sean Strickland,-184
2014-06-07,UFC Fight Night: Henderson vs Khabilov,Scott Jorgensen vs. Danny Martinez,Scott Jorgensen,121
2014-06-07,UFC Fight Night: Henderson vs Khabilov,Scott Jorgensen vs. Danny Martinez,Danny Martinez,-121
2014-10-25,UFC 179: Aldo vs Mendes 2,Scott Jorgensen vs. Wilson Reis,Scott Jorgensen,161
2014-10-25,UFC 179: Aldo vs Mendes 2,Scott Jorgensen vs. Wilson Reis,Wilson Reis,-161
2013-06-15,UFC 161: Evans vs Henderson,Sean Pierson vs. Kenny Robertson,Sean Pierson,117
2013-06-15,UFC 161: Evans vs Henderson,Sean Pierson vs. Kenny Robertson,Kenny Robertson,-117
2014-09-05,UFC Fight Night: Jacare vs Mousasi,Sean Soriano vs. Chas Skelly,Sean Soriano,135
2014-09-05,UFC Fight Night: Jacare vs Mousasi,Sean Soriano vs. Chas Skelly,Chas Skelly,-135
2014-03-15,UFC 171: Hendricks vs Lawler,Sean Spencer vs. Alex Garcia,Sean Spencer,132
2014-03-15,UFC 171: Hendricks vs Lawler,Sean Spencer vs. Alex Garcia,Alex Garcia,-132
2013-08-03,UFC 163: Aldo vs Jung,Sergio Moraes vs. Neil Magny,Sergio Moraes,170
2013-08-03,UFC 163: Aldo vs Jung,Sergio Moraes vs. Neil Magny,Neil Magny,-170
2014-12-06,UFC 181: Hendricks vs Lawler II,Sergio Pettis vs. Matt Hobar,Sergio Pettis,-114
2014-12-06,UFC 181: Hendricks vs Lawler II,Sergio Pettis vs. Matt Hobar,Matt Hobar,114
2015-03-14,UFC 185: Pettis vs Dos Anjos,Sergio Pettis vs. Ryan Benoit,Sergio Pettis,-170
2015-03-14,UFC 185: Pettis vs Dos Anjos,Sergio Pettis vs. Ryan Benoit,Ryan Benoit,170
2015-04-11,UFC Fight Night: Gonzaga vs Cro Cop 2,Seth Baczynski vs. Leon Edwards,Seth Baczynski,173
2015-04-11,UFC Fight Night: Gonzaga vs Cro Cop 2,Seth Baczynski vs. Leon Edwards,Leon Edwards,-173
2015-06-06,UFC Fight Night: Boetsch vs Henderson,Shawn Jordan vs. Derrick Lewis,Shawn Jordan,-110
2015-06-06,UFC Fight Night: Boetsch vs Henderson,Shawn Jordan vs. Derrick Lewis,Derrick Lewis,110
2014-08-16,UFC Fight Night: Bader vs Saint Preux,Shawn Jordan vs. Jack May,Shawn Jordan,-152
2014-08-16,UFC Fight Night: Bader vs Saint Preux,Shawn Jordan vs. Jack May,Jack May,152
2013-01-26,UFC on FOX: Johnson vs Dodson,Simeon Thoresen vs. David Mitchell,Simeon Thoresen,-127
2013-01-26,UFC on FOX: Johnson vs Dodson,Simeon Thoresen vs. David Mitchell,David Mitchell,127
2014-06-28,UFC Fight Night: Te Huna vs Marquardt,Soa Palelei vs. Jared Rosholt,Soa Palelei,165
2014-06-28,UFC Fight Night: Te Huna vs Marquardt,Soa Palelei vs. Jared Rosholt,Jared Rosholt,-165
2014-11-07,UFC Fight Night: Rockhold vs Bisping,Soa Palelei vs. Walt Harris,Soa Palelei,-101
2014-11-07,UFC Fight Night: Rockhold vs Bisping,Soa Palelei vs. Walt Harris,Walt Harris,101
2013-03-02,UFC on FUEL TV: Silva vs. Stann,Stefan Struve vs. Mark Hunt,Stefan Struve,172
2013-03-02,UFC on FUEL TV: Silva vs. Stann,Stefan Struve vs. Mark Hunt,Mark Hunt,-172
2013-05-25,UFC 160: Velasquez vs Silva 2,Stephen Thompson vs. Nah-Shon Burrell,Stephen Thompson,116
2013-05-25,UFC 160: Velasquez vs Silva 2,Stephen Thompson vs. Nah-Shon Burrell,Nah-Shon Burrell,-116
2014-07-26,UFC on FOX: Lawler vs Brown,Steven Siler vs. Noad Lahat,Steven Siler,-119
2014-07-26,UFC on FOX: Lawler vs Brown,Steven Siler vs. Noad Lahat,Noad Lahat,119
2014-05-31,UFC Fight Night: Miocic vs Maldonado,Stipe Miocic vs. Fabio Maldonado,Stipe Miocic,-129
2014-05-31,UFC Fight Night: Miocic vs Maldonado,Stipe Miocic vs. Fabio Maldonado,Fabio Maldonado,129
2014-01-25,UFC on FOX: Henderson vs Thomson,Stipe Miocic vs. Gabriel Gonzaga,Stipe Miocic,128
2014-01-25,UFC on FOX: Henderson vs Thomson,Stipe Miocic vs. Gabriel Gonzaga,Gabriel Gonzaga,-128
2015-05-09,UFC Fight Night: Miocic vs Hunt,Stipe Miocic vs. Mark Hunt,Stipe Miocic,-118
2015-05-09,UFC Fight Night: Miocic vs Hunt,Stipe Miocic vs. Mark Hunt,Mark Hunt,118
2013-04-20,UFC on FOX: Henderson vs Melendez,TJ Dillashaw vs. Hugo Viana,TJ Dillashaw,-155
2013-04-20,UFC on FOX: Henderson vs Melendez,TJ Dillashaw vs. Hugo Viana,Hugo Viana,155
2013-03-16,UFC 158: St-Pierre vs Diaz,TJ Dillashaw vs. Issei Tamura,TJ Dillashaw,-154
2013-03-16,UFC 158: St-Pierre vs Diaz,TJ Dillashaw vs. Issei Tamura,Issei Tamura,154
2014-01-15,UFC Fight Night: Rockhold vs Philippou,TJ Dillashaw vs. Mike Easton,TJ Dillashaw,-133
2014-01-15,UFC Fight Night: Rockhold vs Philippou,TJ Dillashaw vs. Mike Easton,Mike Easton,133
2013-01-26,UFC on FOX: Johnson vs Dodson,TJ Grant vs. Matt Wiman,TJ Grant,103
2013-01-26,UFC on FOX: Johnson vs Dodson,TJ Grant vs. Matt Wiman,Matt Wiman,-103
2013-10-19,UFC 166: Velasquez vs Dos Santos 3,TJ Waldburger vs. Adlan Amagov,TJ Waldburger,120
2013-10-19,UFC 166: Velasquez vs Dos Santos 3,TJ Waldburger vs. Adlan Amagov,Adlan Amagov,-120
2012-12-15,The Ultimate Fighter: Team Carwin vs. Team Nelson Finale,TJ Waldburger vs. Nick Catone,TJ Waldburger,-109
2012-12-15,The Ultimate Fighter: Team Carwin vs. Team Nelson Finale,TJ Waldburger vs. Nick Catone,Nick Catone,109
2015-05-16,UFC Fight Night: Edgar vs Faber,Tae Hyun Bang vs. Jon Tuck,Tae Hyun Bang,-130
2015-05-16,UFC Fight Night: Edgar vs Faber,Tae Hyun Bang vs. Jon Tuck,Jon Tuck,130
2013-03-02,UFC on FUEL TV: Silva vs. Stann,Takanori Gomi vs. Diego Sanchez,Takanori Gomi,147
2013-03-02,UFC on FUEL TV: Silva vs. Stann,Takanori Gomi vs. Diego Sanchez,Diego Sanchez,-147
2014-04-26,UFC 172: Jones vs Teixeira,Takanori Gomi vs. Isaac Vallie-Flagg,Takanori Gomi,-128
2014-04-26,UFC 172: Jones vs Teixeira,Takanori Gomi vs. Isaac Vallie-Flagg,Isaac Vallie-Flagg,128
2013-03-02,UFC on FUEL TV: Silva vs. Stann,Takeya Mizugaki vs. Bryan Caraway,Takeya Mizugaki,121
2013-03-02,UFC on FUEL TV: Silva vs. Stann,Takeya Mizugaki vs. Bryan Caraway,Bryan Caraway,-121
2013-08-28,UFC Fight Night: Condit vs Kampmann 2,Takeya Mizugaki vs. Erik Perez,Takeya Mizugaki,136
2013-08-28,UFC Fight Night: Condit vs Kampmann 2,Takeya Mizugaki vs. Erik Perez,Erik Perez,-136
2014-05-24,UFC 173: Barao vs Dillashaw,Takeya Mizugaki vs. Francisco Rivera,Takeya Mizugaki,-122
2014-05-24,UFC 173: Barao vs Dillashaw,Takeya Mizugaki vs. Francisco Rivera,Francisco Rivera,122
2013-12-06,UFC Fight Night: Hunt vs Bigfoot,Takeya Mizugaki vs. Nam Phan,Takeya Mizugaki,-154
2013-12-06,UFC Fight Night: Hunt vs Bigfoot,Takeya Mizugaki vs. Nam Phan,Nam Phan,154
2015-01-18,UFC Fight Night: McGregor vs Siver,Tateki Matsuda vs. Joby Sanchez,Tateki Matsuda,135
2015-01-18,UFC Fight Night: McGregor vs Siver,Tateki Matsuda vs. Joby Sanchez,Joby Sanchez,-135
2013-02-16,UFC on FUEL TV: Barao vs McDonald,Terry Etim vs. Renee Forte,Terry Etim,-109
2013-02-16,UFC on FUEL TV: Barao vs McDonald,Terry Etim vs. Renee Forte,Renee Forte,109
2015-01-31,UFC 183: Silva vs Diaz,Thales Leites vs. Tim Boetsch,Thales Leites,-126
2015-01-31,UFC 183: Silva vs Diaz,Thales Leites vs. Tim Boetsch,Tim Boetsch,126
2013-08-03,UFC 163: Aldo vs Jung,Thales Leites vs. Tom Watson,Thales Leites,107
2013-08-03,UFC 163: Aldo vs Jung,Thales Leites vs. Tom Watson,Tom Watson,-107
2014-04-11,UFC Fight Night: Minotauro vs Nelson,Thales Leites vs. Trevor Smith,Thales Leites,115
2014-04-11,UFC Fight Night: Minotauro vs Nelson,Thales Leites vs. Trevor Smith,Trevor Smith,-115
2014-04-19,UFC on FOX: Werdum vs Browne,Thiago Alves vs. Seth Baczynski,Thiago Alves,-197
2014-04-19,UFC on FOX: Werdum vs Browne,Thiago Alves vs. Seth Baczynski,Seth Baczynski,197
2014-03-23,UFC Fight Night: Shogun vs Henderson 2,Thiago Perpetuo vs. Kenny Robertson,Thiago Perpetuo,-163
2014-03-23,UFC Fight Night: Shogun vs Henderson 2,Thiago Perpetuo vs. Kenny Robertson,Kenny Robertson,163
2015-01-31,UFC 183: Silva vs Diaz,Thiago Santos vs. Andy Enz,Thiago Santos,-109
2015-01-31,UFC 183: Silva vs Diaz,Thiago Santos vs. Andy Enz,Andy Enz,109
2013-10-09,UFC Fight Night: Maia vs Shields,Thiago Silva vs. Matt Hamill,Thiago Silva,114
2013-10-09,UFC Fight Night: Maia vs Shields,Thiago Silva vs. Matt Hamill,Matt Hamill,-114
2013-11-09,UFC Fight Night: Belfort vs Henderson 2,Thiago Tavares vs. Justin Salas,Thiago Tavares,-106
2013-11-09,UFC Fight Night: Belfort vs Henderson 2,Thiago Tavares vs. Justin Salas,Justin Salas,106
2013-01-19,UFC on FX: Belfort vs Bisping,Thiago Tavares vs. Khabib Nurmagomedov,Thiago Tavares,-122
2013-01-19,UFC on FX: Belfort vs Bisping,Thiago Tavares vs. Khabib Nurmagomedov,Khabib Nurmagomedov,122
2014-08-16,UFC Fight Night: Bader vs Saint Preux,Thiago Tavares vs. Robert Peralta,Thiago Tavares,-120
2014-08-16,UFC Fight Night: Bader vs Saint Preux,Thiago Tavares vs. Robert Peralta,Robert Peralta,120
2015-02-22,UFC Fight Night: Bigfoot vs Mir,Tiago dos Santos e Silva vs. Mike de la Torre,Tiago dos Santos e Silva,-108
2015-02-22,UFC Fight Night: Bigfoot vs Mir,Tiago dos Santos e Silva vs. Mike de la Torre,Mike de la Torre,108
2014-08-16,UFC Fight Night: Bader vs Saint Preux,Tim Boetsch vs. Brad Tavares,Tim Boetsch,154
2014-08-16,UFC Fight Night: Bader vs Saint Preux,Tim Boetsch vs. Brad Tavares,Brad Tavares,-154
2013-10-19,UFC 166: Velasquez vs Dos Santos 3,Tim Boetsch vs. CB Dollaway,Tim Boetsch,144
2013-10-19,UFC 166: Velasquez vs Dos Santos 3,Tim Boetsch vs. CB Dollaway,CB Dollaway,-144
2012-12-29,UFC 155: Dos Santos vs Velasquez II,Tim Boetsch vs. Constantinos Philippou,Tim Boetsch,-132
2012-12-29,UFC 155: Dos Santos vs Velasquez II,Tim Boetsch vs. Constantinos Philippou,Constantinos Philippou,132
2015-06-06,UFC Fight Night: Boetsch vs Henderson,Tim Boetsch vs. Dan Henderson,Tim Boetsch,-147
2015-06-06,UFC Fight Night: Boetsch vs Henderson,Tim Boetsch vs. Dan Henderson,Dan Henderson,147
2013-11-16,UFC 167: St-Pierre vs Hendricks,Tim Elliott vs. Ali Bagautinov,Tim Elliott,-120
2013-11-16,UFC 167: St-Pierre vs Hendricks,Tim Elliott vs. Ali Bagautinov,Ali Bagautinov,120
2013-11-06,UFC Fight Night: Fight for the Troops 3,Tim Kennedy vs. Rafael Natal,Tim Kennedy,159
2013-11-06,UFC Fight Night: Fight for the Troops 3,Tim Kennedy vs. Rafael Natal,Rafael Natal,-159
2014-09-27,UFC 178: Johnson vs Cariaso,Tim Kennedy vs. Yoel Romero,Tim Kennedy,111
2014-09-27,UFC 178: Johnson vs Cariaso,Tim Kennedy vs. Yoel Romero,Yoel Romero,-111
2014-12-06,UFC 181: Hendricks vs Lawler II,Todd Duffee vs. Anthony Hamilton,Todd Duffee,119
2014-12-06,UFC 181: Hendricks vs Lawler II,Todd Duffee vs. Anthony Hamilton,Anthony Hamilton,-119
2013-02-16,UFC on FUEL TV: Barao vs McDonald,Tom Watson vs. Stanislav Nedkov,Tom Watson,150
2013-02-16,UFC on FUEL TV: Barao vs McDonald,Tom Watson vs. Stanislav Nedkov,Stanislav Nedkov,-150
2014-12-06,UFC 181: Hendricks vs Lawler II,Tony Ferguson vs. Abel Trujillo,Tony Ferguson,102
2014-12-06,UFC 181: Hendricks vs Lawler II,Tony Ferguson vs. Abel Trujillo,Abel Trujillo,-102
2014-08-30,UFC 177: Dillashaw vs Soto,Tony Ferguson vs. Danny Castillo,Tony Ferguson,114
2014-08-30,UFC 177: Dillashaw vs Soto,Tony Ferguson vs. Danny Castillo,Danny Castillo,-114
2015-02-28,UFC 184: Rousey vs Zingano,Tony Ferguson vs. Gleison Tibau,Tony Ferguson,-138
2015-02-28,UFC 184: Rousey vs Zingano,Tony Ferguson vs. Gleison Tibau,Gleison Tibau,138
2014-05-24,UFC 173: Barao vs Dillashaw,Tony Ferguson vs. Katsunori Kikuno,Tony Ferguson,112
2014-05-24,UFC 173: Barao vs Dillashaw,Tony Ferguson vs. Katsunori Kikuno,Katsunori Kikuno,-112
2013-10-19,UFC 166: Velasquez vs Dos Santos 3,Tony Ferguson vs. Mike Rio,Tony Ferguson,-111
2013-10-19,UFC 166: Velasquez vs Dos Santos 3,Tony Ferguson vs. Mike Rio,Mike Rio,111
2014-10-04,UFC Fight Night: Nelson vs Story,Tor Troeng vs. Krzysztof Jotko,Tor Troeng,125
2014-10-04,UFC Fight Night: Nelson vs Story,Tor Troeng vs. Krzysztof Jotko,Krzysztof Jotko,-125
2014-07-19,UFC Fight Night: McGregor vs Brandao,Tor Troeng vs. Trevor Smith,Tor Troeng,105
2014-07-19,UFC Fight Night: McGregor vs Brandao,Tor Troeng vs. Trevor Smith,Trevor Smith,-105
2015-05-23,UFC 187: Johnson vs Cormier,Travis Browne vs. Andrei Arlovski,Travis Browne,128
2015-05-23,UFC 187: Johnson vs Cormier,Travis Browne vs. Andrei Arlovski,Andrei Arlovski,-128
2014-12-06,UFC 181: Hendricks vs Lawler II,Travis Browne vs. Brendan Schaub,Travis Browne,171
2014-12-06,UFC 181: Hendricks vs Lawler II,Travis Browne vs. Brendan Schaub,Brendan Schaub,-171
2013-04-13,The Ultimate Fighter: Team Jones vs. Team Sonnen Finale,Travis Browne vs. Gabriel Gonzaga,Travis Browne,150
2013-04-13,The Ultimate Fighter: Team Jones vs. Team Sonnen Finale,Travis Browne vs. Gabriel Gonzaga,Gabriel Gonzaga,-150
2014-01-15,UFC Fight Night: Rockhold vs Philippou,Trevor Smith vs. Brian Houston,Trevor Smith,-137
2014-01-15,UFC Fight Night: Rockhold vs Philippou,Trevor Smith vs. Brian Houston,Brian Houston,137
2014-08-23,UFC Fight Night: Bisping vs Le,Tyron Woodley vs. Dong Hyun Kim,Tyron Woodley,141
2014-08-23,UFC Fight Night: Bisping vs Le,Tyron Woodley vs. Dong Hyun Kim,Dong Hyun Kim,-141
2015-01-31,UFC 183: Silva vs Diaz,Tyron Woodley vs. Kelvin Gastelum,Tyron Woodley,173
2015-01-31,UFC 183: Silva vs Diaz,Tyron Woodley vs. Kelvin Gastelum,Kelvin Gastelum,-173
2013-08-17,UFC Fight Night: Shogun vs Sonnen,Uriah Hall vs. John Howard,Uriah Hall,-108
2013-08-17,UFC Fight Night: Shogun vs Sonnen,Uriah Hall vs. John Howard,John Howard,108
2015-05-23,UFC 187: Johnson vs Cormier,Uriah Hall vs. Rafael Natal,Uriah Hall,121
2015-05-23,UFC 187: Johnson vs Cormier,Uriah Hall vs. Rafael Natal,Rafael Natal,-121
2014-07-05,UFC 175: Weidman vs Machida,Uriah Hall vs. Thiago Santos,Uriah Hall,-133
2014-07-05,UFC 175: Weidman vs Machida,Uriah Hall vs. Thiago Santos,Thiago Santos,133
2014-07-05,UFC 175: Weidman vs Machida,Urijah Faber vs. Alex Caceres,Urijah Faber,144
2014-07-05,UFC 175: Weidman vs Machida,Urijah Faber vs. Alex Caceres,Alex Caceres,-144
2014-12-06,UFC 181: Hendricks vs Lawler II,Urijah Faber vs. Francisco Rivera,Urijah Faber,104
2014-12-06,UFC 181: Hendricks vs Lawler II,Urijah Faber vs. Francisco Rivera,Francisco Rivera,-104
2013-08-17,UFC Fight Night: Shogun vs Sonnen,Urijah Faber vs. Iuri Alcantara,Urijah Faber,-106
2013-08-17,UFC Fight Night: Shogun vs Sonnen,Urijah Faber vs. Iuri Alcantara,Iuri Alcantara,106
2013-02-23,UFC 157: Rousey vs Carmouche,Urijah Faber vs. Ivan Menjivar,Urijah Faber,-102
2013-02-23,UFC 157: Rousey vs Carmouche,Urijah Faber vs. Ivan Menjivar,Ivan Menjivar,102
2013-12-14,UFC on FOX: Johnson vs. Benavidez 2,Urijah Faber vs. Michael McDonald,Urijah Faber,146
2013-12-14,UFC on FOX: Johnson vs. Benavidez 2,Urijah Faber vs. Michael McDonald,Michael McDonald,-146
2013-04-13,The Ultimate Fighter: Team Jones vs. Team Sonnen Finale,Urijah Faber vs. Scott Jorgensen,Urijah Faber,106
2013-04-13,The Ultimate Fighter: Team Jones vs. Team Sonnen Finale,Urijah Faber vs. Scott Jorgensen,Scott Jorgensen,-106
2014-05-31,UFC Fight Night: Munoz vs Mousasi,Vaughan Lee vs. Iuri Alcantara,Vaughan Lee,-124
2014-05-31,UFC Fight Night: Munoz vs Mousasi,Vaughan Lee vs. Iuri Alcantara,Iuri Alcantara,124
2013-02-16,UFC on FUEL TV: Barao vs McDonald,Vaughan Lee vs. Motonobu Tezuka,Vaughan Lee,-108
2013-02-16,UFC on FUEL TV: Barao vs McDonald,Vaughan Lee vs. Motonobu Tezuka,Motonobu Tezuka,108
2015-05-09,UFC Fight Night: Miocic vs Hunt,Vik Grujic vs. Brendan O'Reilly,Vik Grujic,136
2015-05-09,UFC Fight Night: Miocic vs Hunt,Vik Grujic vs. Brendan O'Reilly,Brendan O'Reilly,-136
2014-11-07,UFC Fight Night: Rockhold vs Bisping,Vik Grujic vs. Chris Clements,Vik Grujic,101
2014-11-07,UFC Fight Night: Rockhold vs Bisping,Vik Grujic vs. Chris Clements,Chris Clements,-101
2014-01-15,UFC Fight Night: Rockhold vs Philippou,Vinc Pichel vs. Garett Whiteley,Vinc Pichel,123
2014-01-15,UFC Fight Night: Rockhold vs Philippou,Vinc Pichel vs. Garett Whiteley,Garett Whiteley,-123
2013-08-03,UFC 163: Aldo vs Jung,Vinny Magalhaes vs. Anthony Perosh,Vinny Magalhaes,-150
2013-08-03,UFC 163: Aldo vs Jung,Vinny Magalhaes vs. Anthony Perosh,Anthony Perosh,150
2014-02-15,UFC Fight Night: Machida vs Mousasi,Viscardi Andrade vs. Nicholas Musoke,Viscardi Andrade,-171
2014-02-15,UFC Fight Night: Machida vs Mousasi,Viscardi Andrade vs. Nicholas Musoke,Nicholas Musoke,171
2013-11-09,UFC Fight Night: Belfort vs Henderson 2,Vitor Belfort vs. Dan Henderson,Vitor Belfort,-184
2013-11-09,UFC Fight Night: Belfort vs Henderson 2,Vitor Belfort vs. Dan Henderson,Dan Henderson,184
2013-01-19,UFC on FX: Belfort vs Bisping,Vitor Belfort vs. Michael Bisping,Vitor Belfort,132
2013-01-19,UFC on FX: Belfort vs Bisping,Vitor Belfort vs. Michael Bisping,Michael Bisping,-132
2014-11-08,UFC Fight Night 56: Shogun vs Saint Preux,Wagner Silva vs. Colby Covington,Wagner Silva,401
2014-11-08,UFC Fight Night 56: Shogun vs Saint Preux,Wagner Silva vs. Colby Covington,Colby Covington,-401
2014-01-25,UFC on FOX: Henderson vs Thomson,Walt Harris vs. Nikita Krylov,Walt Harris,145
2014-01-25,UFC on FOX: Henderson vs Thomson,Walt Harris vs. Nikita Krylov,Nikita Krylov,-145
2013-03-02,UFC on FUEL TV: Silva vs. Stann,Wanderlei Silva vs. Brian Stann,Wanderlei Silva,132
2013-03-02,UFC on FUEL TV: Silva vs. Stann,Wanderlei Silva vs. Brian Stann,Brian Stann,-132
2014-11-08,UFC Fight Night 56: Shogun vs Saint Preux,Warlley Alves vs. Alan Jouban,Warlley Alves,-234
2014-11-08,UFC Fight Night 56: Shogun vs Saint Preux,Warlley Alves vs. Alan Jouban,Alan Jouban,234
2014-03-15,UFC 171: Hendricks vs Lawler,Will Campuzano vs. Justin Scoggins,Will Campuzano,355
2014-03-15,UFC 171: Hendricks vs Lawler,Will Campuzano vs. Justin Scoggins,Justin Scoggins,-355
2013-12-28,UFC 168: Weidman vs Silva 2,William Macario vs. Bobby Voelker,William Macario,-202
2013-12-28,UFC 168: Weidman vs Silva 2,William Macario vs. Bobby Voelker,Bobby Voelker,202
2015-02-22,UFC Fight Night: Bigfoot vs Mir,William Macario vs. Matt Dwyer,William Macario,-200
2015-02-22,UFC Fight Night: Bigfoot vs Mir,William Macario vs. Matt Dwyer,Matt Dwyer,200
2014-10-25,UFC 179: Aldo vs Mendes 2,William Macario vs. Neil Magny,William Macario,-152
2014-10-25,UFC 179: Aldo vs Mendes 2,William Macario vs. Neil Magny,Neil Magny,152
2015-06-13,UFC 188: Velasquez vs Werdum,Yair Rodriguez vs. Charles Rosa,Yair Rodriguez,-140
2015-06-13,UFC 188: Velasquez vs Werdum,Yair Rodriguez vs. Charles Rosa,Charles Rosa,140
2014-10-25,UFC 179: Aldo vs Mendes 2,Yan Cabral vs. Naoyuki Kotani,Yan Cabral,-162
2014-10-25,UFC 179: Aldo vs Mendes 2,Yan Cabral vs. Naoyuki Kotani,Naoyuki Kotani,162
2014-05-10,UFC Fight Night: Brown vs Silva,Yan Cabral vs. Zak Cummings,Yan Cabral,-118
2014-05-10,UFC Fight Night: Brown vs Silva,Yan Cabral vs. Zak Cummings,Zak Cummings,118
2014-06-07,UFC Fight Night: Henderson vs Khabilov,Yaotzin Meza vs. Sergio Pettis,Yaotzin Meza,192
2014-06-07,UFC Fight Night: Henderson vs Khabilov,Yaotzin Meza vs. Sergio Pettis,Sergio Pettis,-192
2014-01-15,UFC Fight Night: Rockhold vs Philippou,Yoel Romero vs. Derek Brunson,Yoel Romero,122
2014-01-15,UFC Fight Night: Rockhold vs Philippou,Yoel Romero vs. Derek Brunson,Derek Brunson,-122
2014-09-20,UFC Fight Night: Hunt vs Nelson,Yoshihiro Akiyama vs. Amir Sadollah,Yoshihiro Akiyama,133
2014-09-20,UFC Fight Night: Hunt vs Nelson,Yoshihiro Akiyama vs. Amir Sadollah,Amir Sadollah,-133
2013-09-04,UFC Fight Night: Teixeira vs Bader,Yuri Villefort vs. Sean Spencer,Yuri Villefort,-151
2013-09-04,UFC Fight Night: Teixeira vs Bader,Yuri Villefort vs. Sean Spencer,Sean Spencer,151
2012-12-29,UFC 155: Dos Santos vs Velasquez II,Yushin Okami vs. Alan Belcher,Yushin Okami,-128
2012-12-29,UFC 155: Dos Santos vs Velasquez II,Yushin Okami vs. Alan Belcher,Alan Belcher,128
2013-03-02,UFC on FUEL TV: Silva vs. Stann,Yushin Okami vs. Hector Lombard,Yushin Okami,-168
2013-03-02,UFC on FUEL TV: Silva vs. Stann,Yushin Okami vs. Hector Lombard,Hector Lombard,168
2013-09-04,UFC Fight Night: Teixeira vs Bader,Yushin Okami vs. Jacare Souza,Yushin Okami,143
2013-09-04,UFC Fight Night: Teixeira vs Bader,Yushin Okami vs. Jacare Souza,Jacare Souza,-143
2014-11-22,UFC Fight Night: Edgar vs Swanson,Yves Edwards vs. Akbarh Arreola,Yves Edwards,-125
2014-11-22,UFC Fight Night: Edgar vs Swanson,Yves Edwards vs. Akbarh Arreola,Akbarh Arreola,125
2013-07-27,UFC on FOX: Johnson vs Moraga,Yves Edwards vs. Daron Cruickshank,Yves Edwards,104
2013-07-27,UFC on FOX: Johnson vs Moraga,Yves Edwards vs. Daron Cruickshank,Daron Cruickshank,-104
2014-06-07,UFC Fight Night: Henderson vs Khabilov,Yves Edwards vs. Piotr Hallmann,Yves Edwards,109
2014-06-07,UFC Fight Night: Henderson vs Khabilov,Yves Edwards vs. Piotr Hallmann,Piotr Hallmann,-109
2013-06-15,UFC 161: Evans vs Henderson,Yves Jabouin vs. Dustin Pague,Yves Jabouin,-123
2013-06-15,UFC 161: Evans vs Henderson,Yves Jabouin vs. Dustin Pague,Dustin Pague,123
2014-06-14,UFC 174: Johnson vs Bagautinov,Yves Jabouin vs. Mike Easton,Yves Jabouin,109
2014-06-14,UFC 174: Johnson vs Bagautinov,Yves Jabouin vs. Mike Easton,Mike Easton,-109
2015-04-25,UFC 186: Johnson vs Horiguchi,Yves Jabouin vs. Thomas Almeida,Yves Jabouin,134
2015-04-25,UFC 186: Johnson vs Horiguchi,Yves Jabouin vs. Thomas Almeida,Thomas Almeida,-134
2014-02-22,UFC 170: Rousey vs McMann,Zach Makovsky vs. Josh Sampo,Zach Makovsky,113
2014-02-22,UFC 170: Rousey vs McMann,Zach Makovsky vs. Josh Sampo,Josh Sampo,-113
2015-02-14,UFC Fight Night: Henderson vs Thatch,Zach Makovsky vs. Tim Elliott,Zach Makovsky,127
2015-02-14,UFC Fight Night: Henderson vs Thatch,Zach Makovsky vs. Tim Elliott,Tim Elliott,-127
2015-01-18,UFC Fight Night: McGregor vs Siver,Zhang Lipeng vs. Chris Wade,Zhang Lipeng,266
2015-01-18,UFC Fight Night: McGregor vs Siver,Zhang Lipeng vs. Chris Wade,Chris Wade,-266
2015-05-16,UFC Fight Night: Edgar vs Faber,Zhang Lipeng vs. Kajan Johnson,Zhang Lipeng,103
2015-05-16,UFC Fight Night: Edgar vs Faber,Zhang Lipeng vs. Kajan Johnson,Kajan Johnson,-103
2014-10-04,UFC Fight Night: Nelson vs Story,Zubaira Tukhugov vs. Ernest Chavez,Zubaira Tukhugov,-182
2014-10-04,UFC Fight Night: Nelson vs Story,Zubaira Tukhugov vs. Ernest Chavez,Ernest Chavez,182
