DATE,EVENT,BOUT,FIGHTER,odds
2021-04-17,UFC Fight Night: Whittaker vs. Gastelum,Abdul Razak Alhassan vs. Jacob Malkoun,Abdul Razak Alhassan,115
2021-04-17,UFC Fight Night: Whittaker vs. Gastelum,Abdul Razak Alhassan vs. Jacob Malkoun,Jacob Malkoun,-115
2020-11-14,UFC Fight Night: Felder vs. Dos Anjos,Abdul Razak Alhassan vs. Khaos Williams,Abdul Razak Alhassan,234
2020-11-14,UFC Fight Night: Felder vs. Dos Anjos,Abdul Razak Alhassan vs. Khaos Williams,Khaos Williams,-234
2021-03-20,UFC Fight Night: Brunson vs. Holland,Adrian Yanez vs. Gustavo Lopez,Adrian Yanez,-156
2021-03-20,UFC Fight Night: Brunson vs. Holland,Adrian Yanez vs. Gustavo Lopez,Gustavo Lopez,156
2021-07-24,UFC Fight Night: Sandhagen vs. Dillashaw,Adrian Yanez vs. Randy Costa,Adrian Yanez,-112
2021-07-24,UFC Fight Night: Sandhagen vs. Dillashaw,Adrian Yanez vs. Randy Costa,Randy Costa,112
2022-06-18,UFC Fight Night: Kattar vs. Emmett,Adrian Yanez vs. Tony Kelley,Adrian Yanez,-252
2022-06-18,UFC Fight Night: Kattar vs. Emmett,Adrian Yanez vs. Tony Kelley,Tony Kelley,252
2021-11-06,UFC 268: Usman vs. Covington 2,Al Iaquinta vs. King Green,Al Iaquinta,149
2021-11-06,UFC 268: Usman vs. Covington 2,Al Iaquinta vs. King Green,King Green,-149
2022-04-16,UFC Fight Night: Luque vs. Muhammad,Alatengheili vs. Kevin Croom,Alatengheili,-112
2022-04-16,UFC Fight Night: Luque vs. Muhammad,Alatengheili vs. Kevin Croom,Kevin Croom,112
2021-10-02,UFC Fight Night: Santos vs. Walker,Alejandro Perez vs. Johnny Eduardo,Alejandro Perez,-167
2021-10-02,UFC Fight Night: Santos vs. Walker,Alejandro Perez vs. Johnny Eduardo,Johnny Eduardo,167
2022-02-26,UFC Fight Night: Makhachev vs. Green,Alejandro Perez vs. Jonathan Martinez,Alejandro Perez,174
2022-02-26,UFC Fight Night: Makhachev vs. Green,Alejandro Perez vs. Jonathan Martinez,Jonathan Martinez,-174
2021-06-19,UFC Fight Night: Jung vs. Ige,Aleksa Camur vs. Nicolae Negumereanu,Aleksa Camur,-227
2021-06-19,UFC Fight Night: Jung vs. Ige,Aleksa Camur vs. Nicolae Negumereanu,Nicolae Negumereanu,227
2021-02-20,UFC Fight Night: Blaydes vs. Lewis,Aleksei Oleinik vs. Chris Daukaus,Aleksei Oleinik,303
2021-02-20,UFC Fight Night: Blaydes vs. Lewis,Aleksei Oleinik vs. Chris Daukaus,Chris Daukaus,-303
2020-05-09,UFC 249: Ferguson vs. Gaethje,Aleksei Oleinik vs. Fabricio Werdum,Aleksei Oleinik,208
2020-05-09,UFC 249: Ferguson vs. Gaethje,Aleksei Oleinik vs. Fabricio Werdum,Fabricio Werdum,-208
2022-04-09,UFC 273: Volkanovski vs. The Korean Zombie,Aleksei Oleinik vs. Jared Vanderaa,Aleksei Oleinik,188
2022-04-09,UFC 273: Volkanovski vs. The Korean Zombie,Aleksei Oleinik vs. Jared Vanderaa,Jared Vanderaa,-188
2021-06-19,UFC Fight Night: Jung vs. Ige,Aleksei Oleinik vs. Serghei Spivac,Aleksei Oleinik,426
2021-06-19,UFC Fight Night: Jung vs. Ige,Aleksei Oleinik vs. Serghei Spivac,Serghei Spivac,-426
2021-08-28,UFC Fight Night: Barboza vs. Chikadze,Alessio Di Chirico vs. Abdul Razak Alhassan,Alessio Di Chirico,-175
2021-08-28,UFC Fight Night: Barboza vs. Chikadze,Alessio Di Chirico vs. Abdul Razak Alhassan,Abdul Razak Alhassan,175
2020-08-29,UFC Fight Night: Smith vs. Rakic,Alessio Di Chirico vs. Zak Cummings,Alessio Di Chirico,-104
2020-08-29,UFC Fight Night: Smith vs. Rakic,Alessio Di Chirico vs. Zak Cummings,Zak Cummings,104
2020-06-06,UFC 250: Nunes vs. Spencer,Alex Caceres vs. Chase Hooper,Alex Caceres,224
2020-06-06,UFC 250: Nunes vs. Spencer,Alex Caceres vs. Chase Hooper,Chase Hooper,-224
2021-10-23,UFC Fight Night: Costa vs. Vettori,Alex Caceres vs. SeungWoo Choi,Alex Caceres,-215
2021-10-23,UFC Fight Night: Costa vs. Vettori,Alex Caceres vs. SeungWoo Choi,SeungWoo Choi,215
2021-09-04,UFC Fight Night: Brunson vs. Till,Alex Morono vs. David Zawada,Alex Morono,-210
2021-09-04,UFC Fight Night: Brunson vs. Till,Alex Morono vs. David Zawada,David Zawada,210
2021-12-04,UFC Fight Night: Font vs. Aldo,Alex Morono vs. Mickey Gall,Alex Morono,-212
2021-12-04,UFC Fight Night: Font vs. Aldo,Alex Morono vs. Mickey Gall,Mickey Gall,212
2020-11-14,UFC Fight Night: Felder vs. Dos Anjos,Alex Morono vs. Rhys McKee,Alex Morono,-231
2020-11-14,UFC Fight Night: Felder vs. Dos Anjos,Alex Morono vs. Rhys McKee,Rhys McKee,231
2020-03-07,UFC 248: Adesanya vs. Romero,Alex Oliveira vs. Max Griffin,Alex Oliveira,-181
2020-03-07,UFC 248: Adesanya vs. Romero,Alex Oliveira vs. Max Griffin,Max Griffin,181
2021-10-02,UFC Fight Night: Santos vs. Walker,Alex Oliveira vs. Niko Price,Alex Oliveira,-204
2021-10-02,UFC Fight Night: Santos vs. Walker,Alex Oliveira vs. Niko Price,Niko Price,204
2020-07-25,UFC Fight Night: Whittaker vs. Till,Alex Oliveira vs. Peter Sobotta,Alex Oliveira,-236
2020-07-25,UFC Fight Night: Whittaker vs. Till,Alex Oliveira vs. Peter Sobotta,Peter Sobotta,236
2021-04-24,UFC 261: Usman vs. Masvidal 2,Alex Oliveira vs. Randy Brown,Alex Oliveira,103
2021-04-24,UFC 261: Usman vs. Masvidal 2,Alex Oliveira vs. Randy Brown,Randy Brown,-103
2022-03-12,UFC Fight Night: Santos vs. Ankalaev,Alex Pereira vs. Bruno Silva,Alex Pereira,-108
2022-03-12,UFC Fight Night: Santos vs. Ankalaev,Alex Pereira vs. Bruno Silva,Bruno Silva,108
2020-05-13,UFC Fight Night: Smith vs. Teixeira,Alexander Hernandez vs. Drew Dober,Alexander Hernandez,-123
2020-05-13,UFC Fight Night: Smith vs. Teixeira,Alexander Hernandez vs. Drew Dober,Drew Dober,123
2022-02-12,UFC 271: Adesanya vs. Whittaker 2,Alexander Hernandez vs. Renato Moicano,Alexander Hernandez,-146
2022-02-12,UFC 271: Adesanya vs. Whittaker 2,Alexander Hernandez vs. Renato Moicano,Renato Moicano,146
2021-02-27,UFC Fight Night: Rozenstruik vs. Gane,Alexander Hernandez vs. Thiago Moises,Alexander Hernandez,-130
2021-02-27,UFC Fight Night: Rozenstruik vs. Gane,Alexander Hernandez vs. Thiago Moises,Thiago Moises,130
2022-04-09,UFC 273: Volkanovski vs. The Korean Zombie,Alexander Volkanovski vs. Chan Sung Jung,Alexander Volkanovski,-283
2022-04-09,UFC 273: Volkanovski vs. The Korean Zombie,Alexander Volkanovski vs. Chan Sung Jung,Chan Sung Jung,283
2020-07-11,UFC 251: Usman vs. Masvidal,Alexander Volkanovski vs. Max Holloway,Alexander Volkanovski,136
2020-07-11,UFC 251: Usman vs. Masvidal,Alexander Volkanovski vs. Max Holloway,Max Holloway,-116
2022-07-02,UFC 276: Adesanya vs. Cannonier,Alexander Volkanovski vs. Max Holloway,Alexander Volkanovski,106
2022-07-02,UFC 276: Adesanya vs. Cannonier,Alexander Volkanovski vs. Max Holloway,Max Holloway,113
2022-06-04,UFC Fight Night: Volkov vs. Rozenstruik,Alexander Volkov vs. Jairzinho Rozenstruik,Alexander Volkov,-123
2022-06-04,UFC Fight Night: Volkov vs. Rozenstruik,Alexander Volkov vs. Jairzinho Rozenstruik,Jairzinho Rozenstruik,123
2021-10-30,UFC 267: Blachowicz vs. Teixeira,Alexander Volkov vs. Marcin Tybura,Alexander Volkov,102
2021-10-30,UFC 267: Blachowicz vs. Teixeira,Alexander Volkov vs. Marcin Tybura,Marcin Tybura,-102
2022-03-19,UFC Fight Night: Volkov vs. Aspinall,Alexander Volkov vs. Tom Aspinall,Alexander Volkov,167
2022-03-19,UFC Fight Night: Volkov vs. Aspinall,Alexander Volkov vs. Tom Aspinall,Tom Aspinall,-167
2020-10-24,UFC 254: Khabib vs. Gaethje,Alexander Volkov vs. Walt Harris,Alexander Volkov,-237
2020-10-24,UFC 254: Khabib vs. Gaethje,Alexander Volkov vs. Walt Harris,Walt Harris,237
2022-04-30,UFC Fight Night: Font vs. Vera,Alexandr Romanov vs. Chase Sherman,Alexandr Romanov,-477
2022-04-30,UFC Fight Night: Font vs. Vera,Alexandr Romanov vs. Chase Sherman,Chase Sherman,477
2021-10-09,UFC Fight Night: Dern vs. Rodriguez,Alexandr Romanov vs. Jared Vanderaa,Alexandr Romanov,-167
2021-10-09,UFC Fight Night: Dern vs. Rodriguez,Alexandr Romanov vs. Jared Vanderaa,Jared Vanderaa,167
2021-04-17,UFC Fight Night: Whittaker vs. Gastelum,Alexandr Romanov vs. Juan Espino,Alexandr Romanov,190
2021-04-17,UFC Fight Night: Whittaker vs. Gastelum,Alexandr Romanov vs. Juan Espino,Juan Espino,-190
2020-11-07,UFC Fight Night: Santos vs. Teixeira,Alexandr Romanov vs. Marcos Rogerio de Lima,Alexandr Romanov,-120
2020-11-07,UFC Fight Night: Santos vs. Teixeira,Alexandr Romanov vs. Marcos Rogerio de Lima,Marcos Rogerio de Lima,120
2020-07-18,UFC Fight Night: Figueiredo vs. Benavidez 2,Alexandre Pantoja vs. Askar Askarov,Alexandre Pantoja,-122
2020-07-18,UFC Fight Night: Figueiredo vs. Benavidez 2,Alexandre Pantoja vs. Askar Askarov,Askar Askarov,122
2021-08-21,UFC Fight Night: Cannonier vs. Gastelum,Alexandre Pantoja vs. Brandon Royval,Alexandre Pantoja,-116
2021-08-21,UFC Fight Night: Cannonier vs. Gastelum,Alexandre Pantoja vs. Brandon Royval,Brandon Royval,116
2020-10-10,UFC Fight Night: Moraes vs. Sandhagen,Ali AlQaisi vs. Tony Kelley,Ali AlQaisi,-185
2020-10-10,UFC Fight Night: Moraes vs. Sandhagen,Ali AlQaisi vs. Tony Kelley,Tony Kelley,185
2021-02-06,UFC Fight Night: Overeem vs. Volkov,Alistair Overeem vs. Alexander Volkov,Alistair Overeem,147
2021-02-06,UFC Fight Night: Overeem vs. Volkov,Alistair Overeem vs. Alexander Volkov,Alexander Volkov,-147
2020-09-05,UFC Fight Night: Overeem vs. Sakai,Alistair Overeem vs. Augusto Sakai,Alistair Overeem,102
2020-09-05,UFC Fight Night: Overeem vs. Sakai,Alistair Overeem vs. Augusto Sakai,Augusto Sakai,-102
2020-05-16,UFC Fight Night: Overeem vs. Harris,Alistair Overeem vs. Walt Harris,Alistair Overeem,111
2020-05-16,UFC Fight Night: Overeem vs. Harris,Alistair Overeem vs. Walt Harris,Walt Harris,-111
2020-06-06,UFC 250: Nunes vs. Spencer,Alonzo Menifield vs. Devin Clark,Alonzo Menifield,121
2020-06-06,UFC 250: Nunes vs. Spencer,Alonzo Menifield vs. Devin Clark,Devin Clark,-121
2021-08-07,UFC 265: Lewis vs. Gane,Alonzo Menifield vs. Ed Herman,Alonzo Menifield,-170
2021-08-07,UFC 265: Lewis vs. Gane,Alonzo Menifield vs. Ed Herman,Ed Herman,170
2021-12-04,UFC Fight Night: Font vs. Aldo,Alonzo Menifield vs. William Knight,Alonzo Menifield,-148
2021-12-04,UFC Fight Night: Font vs. Aldo,Alonzo Menifield vs. William Knight,William Knight,148
2021-01-23,UFC 257: Poirier vs. McGregor,Amir Albazi vs. Zhalgas Zhumagulov,Amir Albazi,-246
2021-01-23,UFC 257: Poirier vs. McGregor,Amir Albazi vs. Zhalgas Zhumagulov,Zhalgas Zhumagulov,246
2021-02-13,UFC 258: Usman vs. Burns,Andre Ewell vs. Chris Gutierrez,Andre Ewell,128
2021-02-13,UFC 258: Usman vs. Burns,Andre Ewell vs. Chris Gutierrez,Chris Gutierrez,-128
2020-09-19,UFC Fight Night: Covington vs. Woodley,Andre Ewell vs. Irwin Rivera,Andre Ewell,-134
2020-09-19,UFC Fight Night: Covington vs. Woodley,Andre Ewell vs. Irwin Rivera,Irwin Rivera,134
2022-06-11,UFC 275: Teixeira vs. Prochazka,Andre Fialho vs. Jake Matthews,Andre Fialho,150
2022-06-11,UFC 275: Teixeira vs. Prochazka,Andre Fialho vs. Jake Matthews,Jake Matthews,-150
2020-06-13,UFC Fight Night: Eye vs. Calvillo,Andre Fili vs. Charles Jourdain,Andre Fili,-106
2020-06-13,UFC Fight Night: Eye vs. Calvillo,Andre Fili vs. Charles Jourdain,Charles Jourdain,106
2022-04-30,UFC Fight Night: Font vs. Vera,Andre Fili vs. Joanderson Brito,Andre Fili,120
2022-04-30,UFC Fight Night: Font vs. Vera,Andre Fili vs. Joanderson Brito,Joanderson Brito,-120
2020-09-05,UFC Fight Night: Overeem vs. Sakai,Andre Muniz vs. Bartosz Fabinski,Andre Muniz,158
2020-09-05,UFC Fight Night: Overeem vs. Sakai,Andre Muniz vs. Bartosz Fabinski,Bartosz Fabinski,-158
2021-12-11,UFC 269: Oliveira vs. Poirier,Andre Muniz vs. Eryk Anders,Andre Muniz,-145
2021-12-11,UFC 269: Oliveira vs. Poirier,Andre Muniz vs. Eryk Anders,Eryk Anders,145
2021-05-01,UFC Fight Night: Reyes vs. Prochazka,Andreas Michailidis vs. KB Bhullar,Andreas Michailidis,-193
2021-05-01,UFC Fight Night: Reyes vs. Prochazka,Andreas Michailidis vs. KB Bhullar,KB Bhullar,193
2021-10-16,UFC Fight Night: Ladd vs. Dumont,Andrei Arlovski vs. Carlos Felipe,Andrei Arlovski,156
2021-10-16,UFC Fight Night: Ladd vs. Dumont,Andrei Arlovski vs. Carlos Felipe,Carlos Felipe,-156
2021-04-17,UFC Fight Night: Whittaker vs. Gastelum,Andrei Arlovski vs. Chase Sherman,Andrei Arlovski,116
2021-04-17,UFC Fight Night: Whittaker vs. Gastelum,Andrei Arlovski vs. Chase Sherman,Chase Sherman,-116
2022-04-30,UFC Fight Night: Font vs. Vera,Andrei Arlovski vs. Jake Collier,Andrei Arlovski,164
2022-04-30,UFC Fight Night: Font vs. Vera,Andrei Arlovski vs. Jake Collier,Jake Collier,-164
2022-02-12,UFC 271: Adesanya vs. Whittaker 2,Andrei Arlovski vs. Jared Vanderaa,Andrei Arlovski,114
2022-02-12,UFC 271: Adesanya vs. Whittaker 2,Andrei Arlovski vs. Jared Vanderaa,Jared Vanderaa,-114
2020-11-07,UFC Fight Night: Santos vs. Teixeira,Andrei Arlovski vs. Tanner Boser,Andrei Arlovski,191
2020-11-07,UFC Fight Night: Santos vs. Teixeira,Andrei Arlovski vs. Tanner Boser,Tanner Boser,-191
2021-02-20,UFC Fight Night: Blaydes vs. Lewis,Andrei Arlovski vs. Tom Aspinall,Andrei Arlovski,841
2021-02-20,UFC Fight Night: Blaydes vs. Lewis,Andrei Arlovski vs. Tom Aspinall,Tom Aspinall,-841
2021-10-16,UFC Fight Night: Ladd vs. Dumont,Andrew Sanchez vs. Bruno Silva,Andrew Sanchez,100
2021-10-16,UFC Fight Night: Ladd vs. Dumont,Andrew Sanchez vs. Bruno Silva,Bruno Silva,-100
2021-01-23,UFC 257: Poirier vs. McGregor,Andrew Sanchez vs. Makhmud Muradov,Andrew Sanchez,-107
2021-01-23,UFC 257: Poirier vs. McGregor,Andrew Sanchez vs. Makhmud Muradov,Makhmud Muradov,107
2020-08-08,UFC Fight Night: Lewis vs. Oleinik,Andrew Sanchez vs. Wellington Turman,Andrew Sanchez,108
2020-08-08,UFC Fight Night: Lewis vs. Oleinik,Andrew Sanchez vs. Wellington Turman,Wellington Turman,-108
2020-05-16,UFC Fight Night: Overeem vs. Harris,Anthony Hernandez vs. Kevin Holland,Anthony Hernandez,125
2020-05-16,UFC Fight Night: Overeem vs. Harris,Anthony Hernandez vs. Kevin Holland,Kevin Holland,-125
2020-12-19,UFC Fight Night: Thompson vs. Neal,Anthony Pettis vs. Alex Morono,Anthony Pettis,180
2020-12-19,UFC Fight Night: Thompson vs. Neal,Anthony Pettis vs. Alex Morono,Alex Morono,-180
2020-05-09,UFC 249: Ferguson vs. Gaethje,Anthony Pettis vs. Donald Cerrone,Anthony Pettis,119
2020-05-09,UFC 249: Ferguson vs. Gaethje,Anthony Pettis vs. Donald Cerrone,Donald Cerrone,-119
2020-08-29,UFC Fight Night: Smith vs. Rakic,Anthony Smith vs. Aleksandar Rakic,Anthony Smith,265
2020-08-29,UFC Fight Night: Smith vs. Rakic,Anthony Smith vs. Aleksandar Rakic,Aleksandar Rakic,-265
2020-11-28,UFC Fight Night: Smith vs. Clark,Anthony Smith vs. Devin Clark,Anthony Smith,234
2020-11-28,UFC Fight Night: Smith vs. Clark,Anthony Smith vs. Devin Clark,Devin Clark,-234
2020-05-13,UFC Fight Night: Smith vs. Teixeira,Anthony Smith vs. Glover Teixeira,Anthony Smith,-121
2020-05-13,UFC Fight Night: Smith vs. Teixeira,Anthony Smith vs. Glover Teixeira,Glover Teixeira,121
2021-04-24,UFC 261: Usman vs. Masvidal 2,Anthony Smith vs. Jimmy Crute,Anthony Smith,385
2021-04-24,UFC 261: Usman vs. Masvidal 2,Anthony Smith vs. Jimmy Crute,Jimmy Crute,-385
2021-09-18,UFC Fight Night: Smith vs. Spann,Anthony Smith vs. Ryan Spann,Anthony Smith,141
2021-09-18,UFC Fight Night: Smith vs. Spann,Anthony Smith vs. Ryan Spann,Ryan Spann,-141
2022-04-23,UFC Fight Night: Lemos vs. Andrade,Aoriqileng vs. Cameron Else,Aoriqileng,-171
2022-04-23,UFC Fight Night: Lemos vs. Andrade,Aoriqileng vs. Cameron Else,Cameron Else,171
2021-09-18,UFC Fight Night: Smith vs. Spann,Arman Tsarukyan vs. Christos Giagos,Arman Tsarukyan,-310
2021-09-18,UFC Fight Night: Smith vs. Spann,Arman Tsarukyan vs. Christos Giagos,Christos Giagos,310
2022-02-26,UFC Fight Night: Makhachev vs. Green,Arman Tsarukyan vs. Joel Alvarez,Arman Tsarukyan,-175
2022-02-26,UFC Fight Night: Makhachev vs. Green,Arman Tsarukyan vs. Joel Alvarez,Joel Alvarez,175
2022-06-25,UFC Fight Night: Tsarukyan vs. Gamrot,Arman Tsarukyan vs. Mateusz Gamrot,Arman Tsarukyan,-158
2022-06-25,UFC Fight Night: Tsarukyan vs. Gamrot,Arman Tsarukyan vs. Mateusz Gamrot,Mateusz Gamrot,158
2021-01-23,UFC 257: Poirier vs. McGregor,Arman Tsarukyan vs. Matt Frevola,Arman Tsarukyan,-271
2021-01-23,UFC 257: Poirier vs. McGregor,Arman Tsarukyan vs. Matt Frevola,Matt Frevola,271
2022-03-19,UFC Fight Night: Volkov vs. Aspinall,Arnold Allen vs. Dan Hooker,Arnold Allen,-113
2022-03-19,UFC Fight Night: Volkov vs. Aspinall,Arnold Allen vs. Dan Hooker,Dan Hooker,113
2021-04-10,UFC Fight Night: Vettori vs. Holland,Arnold Allen vs. Sodiq Yusuff,Arnold Allen,-110
2021-04-10,UFC Fight Night: Vettori vs. Holland,Arnold Allen vs. Sodiq Yusuff,Sodiq Yusuff,110
2022-03-26,UFC Fight Night: Blaydes vs. Daukaus,Askar Askarov vs. Kai Kara-France,Askar Askarov,-110
2022-03-26,UFC Fight Night: Blaydes vs. Daukaus,Askar Askarov vs. Kai Kara-France,Kai Kara-France,110
2021-12-11,UFC 269: Oliveira vs. Poirier,Augusto Sakai vs. Tai Tuivasa,Augusto Sakai,111
2021-12-11,UFC 269: Oliveira vs. Poirier,Augusto Sakai vs. Tai Tuivasa,Tai Tuivasa,-111
2020-08-22,UFC Fight Night: Munhoz vs. Edgar,Austin Hubbard vs. Joe Solecki,Austin Hubbard,128
2020-08-22,UFC Fight Night: Munhoz vs. Edgar,Austin Hubbard vs. Joe Solecki,Joe Solecki,-128
2021-08-21,UFC Fight Night: Cannonier vs. Gastelum,Austin Lingo vs. Luis Saldana,Austin Lingo,-134
2021-08-21,UFC Fight Night: Cannonier vs. Gastelum,Austin Lingo vs. Luis Saldana,Luis Saldana,134
2021-04-17,UFC Fight Night: Whittaker vs. Gastelum,Bartosz Fabinski vs. Gerald Meerschaert,Bartosz Fabinski,-162
2021-04-17,UFC Fight Night: Whittaker vs. Gastelum,Bartosz Fabinski vs. Gerald Meerschaert,Gerald Meerschaert,162
2021-10-16,UFC Fight Night: Ladd vs. Dumont,Batgerel Danaa vs. Brandon Davis,Batgerel Danaa,-177
2021-10-16,UFC Fight Night: Ladd vs. Dumont,Batgerel Danaa vs. Brandon Davis,Brandon Davis,177
2020-03-07,UFC 248: Adesanya vs. Romero,Batgerel Danaa vs. Guido Cannetti,Batgerel Danaa,-145
2020-03-07,UFC 248: Adesanya vs. Romero,Batgerel Danaa vs. Guido Cannetti,Guido Cannetti,145
2021-04-24,UFC 261: Usman vs. Masvidal 2,Batgerel Danaa vs. Kevin Natividad,Batgerel Danaa,-121
2021-04-24,UFC 261: Usman vs. Masvidal 2,Batgerel Danaa vs. Kevin Natividad,Kevin Natividad,121
2021-02-13,UFC 258: Usman vs. Burns,Belal Muhammad vs. Dhiego Lima,Belal Muhammad,-198
2021-02-13,UFC 258: Usman vs. Burns,Belal Muhammad vs. Dhiego Lima,Dhiego Lima,198
2020-06-20,UFC Fight Night: Blaydes vs. Volkov,Belal Muhammad vs. Lyman Good,Belal Muhammad,-118
2020-06-20,UFC Fight Night: Blaydes vs. Volkov,Belal Muhammad vs. Lyman Good,Lyman Good,118
2020-10-10,UFC Fight Night: Moraes vs. Sandhagen,Ben Rothwell vs. Marcin Tybura,Ben Rothwell,316
2020-10-10,UFC Fight Night: Moraes vs. Sandhagen,Ben Rothwell vs. Marcin Tybura,Marcin Tybura,-316
2021-11-13,UFC Fight Night: Holloway vs. Rodriguez,Ben Rothwell vs. Marcos Rogerio de Lima,Ben Rothwell,321
2021-11-13,UFC Fight Night: Holloway vs. Rodriguez,Ben Rothwell vs. Marcos Rogerio de Lima,Marcos Rogerio de Lima,-321
2020-05-13,UFC Fight Night: Smith vs. Teixeira,Ben Rothwell vs. Ovince Saint Preux,Ben Rothwell,118
2020-05-13,UFC Fight Night: Smith vs. Teixeira,Ben Rothwell vs. Ovince Saint Preux,Ovince Saint Preux,-118
2020-03-07,UFC 248: Adesanya vs. Romero,Beneil Dariush vs. Drakkar Klose,Beneil Dariush,-215
2020-03-07,UFC 248: Adesanya vs. Romero,Beneil Dariush vs. Drakkar Klose,Drakkar Klose,215
2020-08-08,UFC Fight Night: Lewis vs. Oleinik,Beneil Dariush vs. Scott Holtzman,Beneil Dariush,-121
2020-08-08,UFC Fight Night: Lewis vs. Oleinik,Beneil Dariush vs. Scott Holtzman,Scott Holtzman,121
2020-09-12,UFC Fight Night: Waterson vs. Hill,Billy Quarantillo vs. Kyle Nelson,Billy Quarantillo,-156
2020-09-12,UFC Fight Night: Waterson vs. Hill,Billy Quarantillo vs. Kyle Nelson,Kyle Nelson,156
2020-05-30,UFC Fight Night: Woodley vs. Burns,Billy Quarantillo vs. Spike Carlyle,Billy Quarantillo,159
2020-05-30,UFC Fight Night: Woodley vs. Burns,Billy Quarantillo vs. Spike Carlyle,Spike Carlyle,-159
2020-05-30,UFC Fight Night: Woodley vs. Burns,Blagoy Ivanov vs. Augusto Sakai,Blagoy Ivanov,147
2020-05-30,UFC Fight Night: Woodley vs. Burns,Blagoy Ivanov vs. Augusto Sakai,Augusto Sakai,-147
2022-05-07,UFC 274: Oliveira vs. Gaethje,Blagoy Ivanov vs. Marcos Rogerio de Lima,Blagoy Ivanov,229
2022-05-07,UFC 274: Oliveira vs. Gaethje,Blagoy Ivanov vs. Marcos Rogerio de Lima,Marcos Rogerio de Lima,-229
2020-09-26,UFC 253: Adesanya vs. Costa,Brad Riddell vs. Alex Da Silva,Brad Riddell,-137
2020-09-26,UFC 253: Adesanya vs. Costa,Brad Riddell vs. Alex Da Silva,Alex Da Silva,137
2022-07-02,UFC 276: Adesanya vs. Cannonier,Brad Riddell vs. Jalin Turner,Brad Riddell,124
2022-07-02,UFC 276: Adesanya vs. Cannonier,Brad Riddell vs. Jalin Turner,Jalin Turner,-124
2020-02-22,UFC Fight Night: Felder vs. Hooker,Brad Riddell vs. Magomed Mustafaev,Brad Riddell,-174
2020-02-22,UFC Fight Night: Felder vs. Hooker,Brad Riddell vs. Magomed Mustafaev,Magomed Mustafaev,174
2021-12-04,UFC Fight Night: Font vs. Aldo,Brad Riddell vs. Rafael Fiziev,Brad Riddell,-141
2021-12-04,UFC Fight Night: Font vs. Aldo,Brad Riddell vs. Rafael Fiziev,Rafael Fiziev,141
2021-01-23,UFC 257: Poirier vs. McGregor,Brad Tavares vs. Antonio Carlos Junior,Brad Tavares,113
2021-01-23,UFC 257: Poirier vs. McGregor,Brad Tavares vs. Antonio Carlos Junior,Antonio Carlos Junior,-113
2022-07-02,UFC 276: Adesanya vs. Cannonier,Brad Tavares vs. Dricus Du Plessis,Brad Tavares,153
2022-07-02,UFC 276: Adesanya vs. Cannonier,Brad Tavares vs. Dricus Du Plessis,Dricus Du Plessis,-153
2020-11-21,UFC 255: Figueiredo vs. Perez,Brandon Moreno vs. Brandon Royval,Brandon Moreno,-186
2020-11-21,UFC 255: Figueiredo vs. Perez,Brandon Moreno vs. Brandon Royval,Brandon Royval,186
2022-01-22,UFC 270: Ngannou vs. Gane,Brandon Moreno vs. Deiveson Figueiredo,Brandon Moreno,-184
2022-01-22,UFC 270: Ngannou vs. Gane,Brandon Moreno vs. Deiveson Figueiredo,Deiveson Figueiredo,184
2022-05-07,UFC 274: Oliveira vs. Gaethje,Brandon Royval vs. Matt Schnell,Brandon Royval,-108
2022-05-07,UFC 274: Oliveira vs. Gaethje,Brandon Royval vs. Matt Schnell,Matt Schnell,108
2022-01-15,UFC Fight Night: Kattar vs. Chikadze,Brandon Royval vs. Rogerio Bontorin,Brandon Royval,-143
2022-01-15,UFC Fight Night: Kattar vs. Chikadze,Brandon Royval vs. Rogerio Bontorin,Rogerio Bontorin,143
2021-12-04,UFC Fight Night: Font vs. Aldo,Brendan Allen vs. Chris Curtis,Brendan Allen,-349
2021-12-04,UFC Fight Night: Font vs. Aldo,Brendan Allen vs. Chris Curtis,Chris Curtis,349
2022-06-11,UFC 275: Teixeira vs. Prochazka,Brendan Allen vs. Jacob Malkoun,Brendan Allen,118
2022-06-11,UFC 275: Teixeira vs. Prochazka,Brendan Allen vs. Jacob Malkoun,Jacob Malkoun,-118
2020-11-14,UFC Fight Night: Felder vs. Dos Anjos,Brendan Allen vs. Sean Strickland,Brendan Allen,119
2020-11-14,UFC Fight Night: Felder vs. Dos Anjos,Brendan Allen vs. Sean Strickland,Sean Strickland,-119
2020-02-29,UFC Fight Night: Benavidez vs. Figueiredo,Brendan Allen vs. Tom Breese,Brendan Allen,107
2020-02-29,UFC Fight Night: Benavidez vs. Figueiredo,Brendan Allen vs. Tom Breese,Tom Breese,-107
2020-07-18,UFC Fight Night: Figueiredo vs. Benavidez 2,Brett Johns vs. Montel Jackson,Brett Johns,146
2020-07-18,UFC Fight Night: Figueiredo vs. Benavidez 2,Brett Johns vs. Montel Jackson,Montel Jackson,-146
2021-08-21,UFC Fight Night: Cannonier vs. Gastelum,Brian Kelleher vs. Domingo Pilarte,Brian Kelleher,163
2021-08-21,UFC Fight Night: Cannonier vs. Gastelum,Brian Kelleher vs. Domingo Pilarte,Domingo Pilarte,-163
2022-01-15,UFC Fight Night: Kattar vs. Chikadze,Brian Kelleher vs. Kevin Croom,Brian Kelleher,-101
2022-01-15,UFC Fight Night: Kattar vs. Chikadze,Brian Kelleher vs. Kevin Croom,Kevin Croom,101
2022-06-25,UFC Fight Night: Tsarukyan vs. Gamrot,Brian Kelleher vs. Mario Bautista,Brian Kelleher,261
2022-06-25,UFC Fight Night: Tsarukyan vs. Gamrot,Brian Kelleher vs. Mario Bautista,Mario Bautista,-261
2022-03-05,UFC 272: Covington vs. Masvidal,Brian Kelleher vs. Umar Nurmagomedov,Brian Kelleher,574
2022-03-05,UFC 272: Covington vs. Masvidal,Brian Kelleher vs. Umar Nurmagomedov,Umar Nurmagomedov,-574
2021-05-22,UFC Fight Night: Font vs. Garbrandt,Bruno Silva vs. Victor Rodriguez,Bruno Silva,-173
2021-05-22,UFC Fight Night: Font vs. Garbrandt,Bruno Silva vs. Victor Rodriguez,Victor Rodriguez,173
2020-09-12,UFC Fight Night: Waterson vs. Hill,Bryan Barberena vs. Anthony Ivy,Bryan Barberena,-146
2020-09-12,UFC Fight Night: Waterson vs. Hill,Bryan Barberena vs. Anthony Ivy,Anthony Ivy,146
2020-10-31,UFC Fight Night: Hall vs. Silva,Bryce Mitchell vs. Andre Fili,Bryce Mitchell,-209
2020-10-31,UFC Fight Night: Hall vs. Silva,Bryce Mitchell vs. Andre Fili,Andre Fili,209
2020-05-09,UFC 249: Ferguson vs. Gaethje,Bryce Mitchell vs. Charles Rosa,Bryce Mitchell,-291
2020-05-09,UFC 249: Ferguson vs. Gaethje,Bryce Mitchell vs. Charles Rosa,Charles Rosa,291
2020-02-22,UFC Fight Night: Felder vs. Hooker,Callan Potter vs. Song Kenan,Callan Potter,132
2020-02-22,UFC Fight Night: Felder vs. Hooker,Callan Potter vs. Song Kenan,Song Kenan,-132
2020-07-15,UFC Fight Night: Kattar vs. Ige,Calvin Kattar vs. Dan Ige,Calvin Kattar,192
2020-07-15,UFC Fight Night: Kattar vs. Ige,Calvin Kattar vs. Dan Ige,Dan Ige,-192
2022-01-15,UFC Fight Night: Kattar vs. Chikadze,Calvin Kattar vs. Giga Chikadze,Calvin Kattar,285
2022-01-15,UFC Fight Night: Kattar vs. Chikadze,Calvin Kattar vs. Giga Chikadze,Giga Chikadze,-285
2022-06-18,UFC Fight Night: Kattar vs. Emmett,Calvin Kattar vs. Josh Emmett,Calvin Kattar,-137
2022-06-18,UFC Fight Night: Kattar vs. Emmett,Calvin Kattar vs. Josh Emmett,Josh Emmett,137
2020-10-03,UFC Fight Night: Holm vs. Aldana,Carlos Condit vs. Court McGee,Carlos Condit,-133
2020-10-03,UFC Fight Night: Holm vs. Aldana,Carlos Condit vs. Court McGee,Court McGee,133
2021-01-16,UFC Fight Night: Holloway vs. Kattar,Carlos Condit vs. Matt Brown,Carlos Condit,-100
2021-01-16,UFC Fight Night: Holloway vs. Kattar,Carlos Condit vs. Matt Brown,Matt Brown,100
2021-07-10,UFC 264: Poirier vs. McGregor 3,Carlos Condit vs. Max Griffin,Carlos Condit,-115
2021-07-10,UFC 264: Poirier vs. McGregor 3,Carlos Condit vs. Max Griffin,Max Griffin,115
2021-06-12,UFC 263: Adesanya vs. Vettori 2,Carlos Felipe vs. Jake Collier,Carlos Felipe,-127
2021-06-12,UFC 263: Adesanya vs. Vettori 2,Carlos Felipe vs. Jake Collier,Jake Collier,127
2021-01-16,UFC Fight Night: Holloway vs. Kattar,Carlos Felipe vs. Justin Tafa,Carlos Felipe,122
2021-01-16,UFC Fight Night: Holloway vs. Kattar,Carlos Felipe vs. Justin Tafa,Justin Tafa,-122
2022-02-12,UFC 271: Adesanya vs. Whittaker 2,Carlos Ulberg vs. Fabio Cherant,Carlos Ulberg,-111
2022-02-12,UFC 271: Adesanya vs. Whittaker 2,Carlos Ulberg vs. Fabio Cherant,Fabio Cherant,111
2022-06-25,UFC Fight Night: Tsarukyan vs. Gamrot,Carlos Ulberg vs. Tafon Nchukwi,Carlos Ulberg,137
2022-06-25,UFC Fight Night: Tsarukyan vs. Gamrot,Carlos Ulberg vs. Tafon Nchukwi,Tafon Nchukwi,-137
2020-10-03,UFC Fight Night: Holm vs. Aldana,Casey Kenney vs. Alatengheili,Casey Kenney,-149
2020-10-03,UFC Fight Night: Holm vs. Aldana,Casey Kenney vs. Alatengheili,Alatengheili,149
2021-06-19,UFC Fight Night: Jung vs. Ige,Chan Sung Jung vs. Dan Ige,Chan Sung Jung,144
2021-06-19,UFC Fight Night: Jung vs. Ige,Chan Sung Jung vs. Dan Ige,Dan Ige,-144
2020-06-06,UFC 250: Nunes vs. Spencer,Charles Byrd vs. Maki Pitolo,Charles Byrd,118
2020-06-06,UFC 250: Nunes vs. Spencer,Charles Byrd vs. Maki Pitolo,Maki Pitolo,-118
2021-12-18,UFC Fight Night: Lewis vs. Daukaus,Charles Jourdain vs. Andre Ewell,Charles Jourdain,-139
2021-12-18,UFC Fight Night: Lewis vs. Daukaus,Charles Jourdain vs. Andre Ewell,Andre Ewell,139
2020-10-03,UFC Fight Night: Holm vs. Aldana,Charles Jourdain vs. Josh Culibao,Charles Jourdain,-183
2020-10-03,UFC Fight Night: Holm vs. Aldana,Charles Jourdain vs. Josh Culibao,Josh Culibao,183
2021-12-11,UFC 269: Oliveira vs. Poirier,Charles Oliveira vs. Dustin Poirier,Charles Oliveira,-101
2021-12-11,UFC 269: Oliveira vs. Poirier,Charles Oliveira vs. Dustin Poirier,Dustin Poirier,101
2022-05-07,UFC 274: Oliveira vs. Gaethje,Charles Oliveira vs. Justin Gaethje,Charles Oliveira,-221
2022-05-07,UFC 274: Oliveira vs. Gaethje,Charles Oliveira vs. Justin Gaethje,Justin Gaethje,221
2021-05-15,UFC 262: Oliveira vs. Chandler,Charles Oliveira vs. Michael Chandler,Charles Oliveira,-397
2021-05-15,UFC 262: Oliveira vs. Chandler,Charles Oliveira vs. Michael Chandler,Michael Chandler,397
2021-10-09,UFC Fight Night: Dern vs. Rodriguez,Charles Rosa vs. Damon Jackson,Charles Rosa,-148
2021-10-09,UFC Fight Night: Dern vs. Rodriguez,Charles Rosa vs. Damon Jackson,Damon Jackson,148
2021-02-20,UFC Fight Night: Blaydes vs. Lewis,Charles Rosa vs. Darrick Minner,Charles Rosa,138
2021-02-20,UFC Fight Night: Blaydes vs. Lewis,Charles Rosa vs. Darrick Minner,Darrick Minner,-138
2021-06-26,UFC Fight Night: Gane vs. Volkov,Charles Rosa vs. Justin Jaynes,Charles Rosa,108
2021-06-26,UFC Fight Night: Gane vs. Volkov,Charles Rosa vs. Justin Jaynes,Justin Jaynes,-108
2020-06-13,UFC Fight Night: Eye vs. Calvillo,Charles Rosa vs. Kevin Aguilar,Charles Rosa,140
2020-06-13,UFC Fight Night: Eye vs. Calvillo,Charles Rosa vs. Kevin Aguilar,Kevin Aguilar,-140
2022-02-19,UFC Fight Night: Walker vs. Hill,Chas Skelly vs. Mark Striegl,Chas Skelly,-133
2022-02-19,UFC Fight Night: Walker vs. Hill,Chas Skelly vs. Mark Striegl,Mark Striegl,133
2022-05-21,UFC Fight Night: Holm vs. Vieira,Chase Hooper vs. Felipe Colares,Chase Hooper,-212
2022-05-21,UFC Fight Night: Holm vs. Vieira,Chase Hooper vs. Felipe Colares,Felipe Colares,212
2020-12-12,UFC 256: Figueiredo vs. Moreno,Chase Hooper vs. Peter Barrett,Chase Hooper,-250
2020-12-12,UFC 256: Figueiredo vs. Moreno,Chase Hooper vs. Peter Barrett,Peter Barrett,250
2021-06-12,UFC 263: Adesanya vs. Vettori 2,Chase Hooper vs. Steven Peterson,Chase Hooper,-250
2021-06-12,UFC 263: Adesanya vs. Vettori 2,Chase Hooper vs. Steven Peterson,Steven Peterson,250
2022-05-21,UFC Fight Night: Holm vs. Vieira,Chidi Njokuani vs. Dusko Todorovic,Chidi Njokuani,175
2022-05-21,UFC Fight Night: Holm vs. Vieira,Chidi Njokuani vs. Dusko Todorovic,Dusko Todorovic,-175
2022-06-25,UFC Fight Night: Tsarukyan vs. Gamrot,Chris Curtis vs. Rodolfo Vieira,Chris Curtis,152
2022-06-25,UFC Fight Night: Tsarukyan vs. Gamrot,Chris Curtis vs. Rodolfo Vieira,Rodolfo Vieira,-152
2020-10-10,UFC Fight Night: Moraes vs. Sandhagen,Chris Daukaus vs. Rodrigo Nascimento,Chris Daukaus,116
2020-10-10,UFC Fight Night: Moraes vs. Sandhagen,Chris Daukaus vs. Rodrigo Nascimento,Rodrigo Nascimento,-116
2020-10-31,UFC Fight Night: Hall vs. Silva,Chris Gruetzemacher vs. Alexander Hernandez,Chris Gruetzemacher,199
2020-10-31,UFC Fight Night: Hall vs. Silva,Chris Gruetzemacher vs. Alexander Hernandez,Alexander Hernandez,-199
2021-07-31,UFC Fight Night: Hall vs. Strickland,Chris Gruetzemacher vs. Rafa Garcia,Chris Gruetzemacher,144
2021-07-31,UFC Fight Night: Hall vs. Strickland,Chris Gruetzemacher vs. Rafa Garcia,Rafa Garcia,-144
2022-03-26,UFC Fight Night: Blaydes vs. Daukaus,Chris Gutierrez vs. Batgerel Danaa,Chris Gutierrez,-119
2022-03-26,UFC Fight Night: Blaydes vs. Daukaus,Chris Gutierrez vs. Batgerel Danaa,Batgerel Danaa,119
2021-10-09,UFC Fight Night: Dern vs. Rodriguez,Chris Gutierrez vs. Felipe Colares,Chris Gutierrez,-193
2021-10-09,UFC Fight Night: Dern vs. Rodriguez,Chris Gutierrez vs. Felipe Colares,Felipe Colares,193
2020-05-30,UFC Fight Night: Woodley vs. Burns,Chris Gutierrez vs. Vince Morales,Chris Gutierrez,-113
2020-05-30,UFC Fight Night: Woodley vs. Burns,Chris Gutierrez vs. Vince Morales,Vince Morales,113
2021-05-15,UFC 262: Oliveira vs. Chandler,Christos Giagos vs. Sean Soriano,Christos Giagos,108
2021-05-15,UFC 262: Oliveira vs. Chandler,Christos Giagos vs. Sean Soriano,Sean Soriano,-108
2021-06-26,UFC Fight Night: Gane vs. Volkov,Ciryl Gane vs. Alexander Volkov,Ciryl Gane,-128
2021-06-26,UFC Fight Night: Gane vs. Volkov,Ciryl Gane vs. Alexander Volkov,Alexander Volkov,128
2021-12-04,UFC Fight Night: Font vs. Aldo,Claudio Puelles vs. Chris Gruetzemacher,Claudio Puelles,-159
2021-12-04,UFC Fight Night: Font vs. Aldo,Claudio Puelles vs. Chris Gruetzemacher,Chris Gruetzemacher,159
2021-06-05,UFC Fight Night: Rozenstruik vs. Sakai,Claudio Puelles vs. Jordan Leavitt,Claudio Puelles,184
2021-06-05,UFC Fight Night: Rozenstruik vs. Sakai,Claudio Puelles vs. Jordan Leavitt,Jordan Leavitt,-184
2020-10-17,UFC Fight Night: Ortega vs. The Korean Zombie,Claudio Silva vs. James Krause,Claudio Silva,128
2020-10-17,UFC Fight Night: Ortega vs. The Korean Zombie,Claudio Silva vs. James Krause,James Krause,-128
2022-04-23,UFC Fight Night: Lemos vs. Andrade,Clay Guida vs. Claudio Puelles,Clay Guida,244
2022-04-23,UFC Fight Night: Lemos vs. Andrade,Clay Guida vs. Claudio Puelles,Claudio Puelles,-244
2020-06-20,UFC Fight Night: Blaydes vs. Volkov,Clay Guida vs. King Green,Clay Guida,117
2020-06-20,UFC Fight Night: Blaydes vs. Volkov,Clay Guida vs. King Green,King Green,-117
2021-12-04,UFC Fight Night: Font vs. Aldo,Clay Guida vs. Leonardo Santos,Clay Guida,117
2021-12-04,UFC Fight Night: Font vs. Aldo,Clay Guida vs. Leonardo Santos,Leonardo Santos,-117
2021-08-21,UFC Fight Night: Cannonier vs. Gastelum,Clay Guida vs. Mark Madsen,Clay Guida,163
2021-08-21,UFC Fight Night: Cannonier vs. Gastelum,Clay Guida vs. Mark Madsen,Mark Madsen,-163
2021-11-20,UFC Fight Night: Vieira vs. Tate,Cody Durden vs. Aoriqileng,Cody Durden,-102
2021-11-20,UFC Fight Night: Vieira vs. Tate,Cody Durden vs. Aoriqileng,Aoriqileng,102
2020-06-06,UFC 250: Nunes vs. Spencer,Cody Stamann vs. Brian Kelleher,Cody Stamann,-428
2020-06-06,UFC 250: Nunes vs. Spencer,Cody Stamann vs. Brian Kelleher,Brian Kelleher,428
2022-01-22,UFC 270: Ngannou vs. Gane,Cody Stamann vs. Said Nurmagomedov,Cody Stamann,-103
2022-01-22,UFC 270: Ngannou vs. Gane,Cody Stamann vs. Said Nurmagomedov,Said Nurmagomedov,103
2022-03-05,UFC 272: Covington vs. Masvidal,Colby Covington vs. Jorge Masvidal,Colby Covington,110
2022-03-05,UFC 272: Covington vs. Masvidal,Colby Covington vs. Jorge Masvidal,Jorge Masvidal,-110
2020-09-19,UFC Fight Night: Covington vs. Woodley,Colby Covington vs. Tyron Woodley,Colby Covington,-209
2020-09-19,UFC Fight Night: Covington vs. Woodley,Colby Covington vs. Tyron Woodley,Tyron Woodley,209
2020-09-05,UFC Fight Night: Overeem vs. Sakai,Cole Smith vs. Hunter Azure,Cole Smith,139
2020-09-05,UFC Fight Night: Overeem vs. Sakai,Cole Smith vs. Hunter Azure,Hunter Azure,-139
2021-02-06,UFC Fight Night: Overeem vs. Volkov,Cory Sandhagen vs. Frankie Edgar,Cory Sandhagen,-149
2021-02-06,UFC Fight Night: Overeem vs. Volkov,Cory Sandhagen vs. Frankie Edgar,Frankie Edgar,149
2021-07-24,UFC Fight Night: Sandhagen vs. Dillashaw,Cory Sandhagen vs. TJ Dillashaw,Cory Sandhagen,-156
2021-07-24,UFC Fight Night: Sandhagen vs. Dillashaw,Cory Sandhagen vs. TJ Dillashaw,TJ Dillashaw,156
2021-05-22,UFC Fight Night: Font vs. Garbrandt,Court McGee vs. Claudio Silva,Court McGee,-102
2021-05-22,UFC Fight Night: Font vs. Garbrandt,Court McGee vs. Claudio Silva,Claudio Silva,102
2022-06-18,UFC Fight Night: Kattar vs. Emmett,Court McGee vs. Jeremiah Wells,Court McGee,-121
2022-06-18,UFC Fight Night: Kattar vs. Emmett,Court McGee vs. Jeremiah Wells,Jeremiah Wells,121
2022-01-15,UFC Fight Night: Kattar vs. Chikadze,Court McGee vs. Ramiz Brahimaj,Court McGee,130
2022-01-15,UFC Fight Night: Kattar vs. Chikadze,Court McGee vs. Ramiz Brahimaj,Ramiz Brahimaj,-130
2020-12-12,UFC 256: Figueiredo vs. Moreno,Cub Swanson vs. Daniel Pineda,Cub Swanson,-143
2020-12-12,UFC 256: Figueiredo vs. Moreno,Cub Swanson vs. Daniel Pineda,Daniel Pineda,143
2021-12-18,UFC Fight Night: Lewis vs. Daukaus,Cub Swanson vs. Darren Elkins,Cub Swanson,-105
2021-12-18,UFC Fight Night: Lewis vs. Daukaus,Cub Swanson vs. Darren Elkins,Darren Elkins,105
2020-06-20,UFC Fight Night: Blaydes vs. Volkov,Curtis Blaydes vs. Alexander Volkov,Curtis Blaydes,-204
2020-06-20,UFC Fight Night: Blaydes vs. Volkov,Curtis Blaydes vs. Alexander Volkov,Alexander Volkov,204
2022-03-26,UFC Fight Night: Blaydes vs. Daukaus,Curtis Blaydes vs. Chris Daukaus,Curtis Blaydes,-414
2022-03-26,UFC Fight Night: Blaydes vs. Daukaus,Curtis Blaydes vs. Chris Daukaus,Chris Daukaus,414
2021-02-20,UFC Fight Night: Blaydes vs. Lewis,Curtis Blaydes vs. Derrick Lewis,Curtis Blaydes,-312
2021-02-20,UFC Fight Night: Blaydes vs. Lewis,Curtis Blaydes vs. Derrick Lewis,Derrick Lewis,312
2021-09-25,UFC 266: Volkanovski vs. Ortega,Curtis Blaydes vs. Jairzinho Rozenstruik,Curtis Blaydes,-412
2021-09-25,UFC 266: Volkanovski vs. Ortega,Curtis Blaydes vs. Jairzinho Rozenstruik,Jairzinho Rozenstruik,412
2020-10-24,UFC 254: Khabib vs. Gaethje,Da Woon Jung vs. Sam Alvey,Da Woon Jung,-150
2020-10-24,UFC 254: Khabib vs. Gaethje,Da Woon Jung vs. Sam Alvey,Sam Alvey,150
2021-04-10,UFC Fight Night: Vettori vs. Holland,Da Woon Jung vs. William Knight,Da Woon Jung,107
2021-04-10,UFC Fight Night: Vettori vs. Holland,Da Woon Jung vs. William Knight,William Knight,-107
2022-03-12,UFC Fight Night: Santos vs. Ankalaev,Dalcha Lungiambula vs. Cody Brundage,Dalcha Lungiambula,158
2022-03-12,UFC Fight Night: Santos vs. Ankalaev,Dalcha Lungiambula vs. Cody Brundage,Cody Brundage,-158
2021-09-04,UFC Fight Night: Brunson vs. Till,Dalcha Lungiambula vs. Marc-Andre Barriault,Dalcha Lungiambula,-119
2021-09-04,UFC Fight Night: Brunson vs. Till,Dalcha Lungiambula vs. Marc-Andre Barriault,Marc-Andre Barriault,119
2021-01-20,UFC Fight Night: Chiesa vs. Magny,Dalcha Lungiambula vs. Markus Perez,Dalcha Lungiambula,-108
2021-01-20,UFC Fight Night: Chiesa vs. Magny,Dalcha Lungiambula vs. Markus Perez,Markus Perez,108
2022-06-18,UFC Fight Night: Kattar vs. Emmett,Damir Ismagulov vs. Guram Kutateladze,Damir Ismagulov,-213
2022-06-18,UFC Fight Night: Kattar vs. Emmett,Damir Ismagulov vs. Guram Kutateladze,Guram Kutateladze,213
2022-03-12,UFC Fight Night: Santos vs. Ankalaev,Damon Jackson vs. Kamuela Kirk,Damon Jackson,230
2022-03-12,UFC Fight Night: Santos vs. Ankalaev,Damon Jackson vs. Kamuela Kirk,Kamuela Kirk,-230
2021-09-25,UFC 266: Volkanovski vs. Ortega,Dan Hooker vs. Nasrat Haqparast,Dan Hooker,149
2021-09-25,UFC 266: Volkanovski vs. Ortega,Dan Hooker vs. Nasrat Haqparast,Nasrat Haqparast,-149
2020-05-16,UFC Fight Night: Overeem vs. Harris,Dan Ige vs. Edson Barboza,Dan Ige,-196
2020-05-16,UFC Fight Night: Overeem vs. Harris,Dan Ige vs. Edson Barboza,Edson Barboza,196
2021-03-13,UFC Fight Night: Edwards vs. Muhammad,Dan Ige vs. Gavin Tucker,Dan Ige,-144
2021-03-13,UFC Fight Night: Edwards vs. Muhammad,Dan Ige vs. Gavin Tucker,Gavin Tucker,144
2022-06-04,UFC Fight Night: Volkov vs. Rozenstruik,Dan Ige vs. Movsar Evloev,Dan Ige,175
2022-06-04,UFC Fight Night: Volkov vs. Rozenstruik,Dan Ige vs. Movsar Evloev,Movsar Evloev,-175
2022-04-30,UFC Fight Night: Font vs. Vera,Daniel Lacerda vs. Francisco Figueiredo,Daniel Lacerda,133
2022-04-30,UFC Fight Night: Font vs. Vera,Daniel Lacerda vs. Francisco Figueiredo,Francisco Figueiredo,-133
2020-08-22,UFC Fight Night: Munhoz vs. Edgar,Daniel Rodriguez vs. Dwight Grant,Daniel Rodriguez,125
2020-08-22,UFC Fight Night: Munhoz vs. Edgar,Daniel Rodriguez vs. Dwight Grant,Dwight Grant,-125
2020-11-21,UFC 255: Figueiredo vs. Perez,Daniel Rodriguez vs. Nicolas Dalby,Daniel Rodriguez,-138
2020-11-21,UFC 255: Figueiredo vs. Perez,Daniel Rodriguez vs. Nicolas Dalby,Nicolas Dalby,138
2021-07-31,UFC Fight Night: Hall vs. Strickland,Danny Chavez vs. Kai Kamaka,Danny Chavez,133
2021-07-31,UFC Fight Night: Hall vs. Strickland,Danny Chavez vs. Kai Kamaka,Kai Kamaka,-133
2021-10-16,UFC Fight Night: Ladd vs. Dumont,Danny Roberts vs. Ramazan Emeev,Danny Roberts,204
2021-10-16,UFC Fight Night: Ladd vs. Dumont,Danny Roberts vs. Ramazan Emeev,Ramazan Emeev,-204
2021-07-24,UFC Fight Night: Sandhagen vs. Dillashaw,Darren Elkins vs. Darrick Minner,Darren Elkins,136
2021-07-24,UFC Fight Night: Sandhagen vs. Dillashaw,Darren Elkins vs. Darrick Minner,Darrick Minner,-136
2020-11-07,UFC Fight Night: Santos vs. Teixeira,Darren Elkins vs. Eduardo Garagorri,Darren Elkins,-116
2020-11-07,UFC Fight Night: Santos vs. Teixeira,Darren Elkins vs. Eduardo Garagorri,Eduardo Garagorri,116
2020-05-16,UFC Fight Night: Overeem vs. Harris,Darren Elkins vs. Nate Landwehr,Darren Elkins,-149
2020-05-16,UFC Fight Night: Overeem vs. Harris,Darren Elkins vs. Nate Landwehr,Nate Landwehr,149
2022-04-30,UFC Fight Night: Font vs. Vera,Darren Elkins vs. Tristan Connelly,Darren Elkins,-150
2022-04-30,UFC Fight Night: Font vs. Vera,Darren Elkins vs. Tristan Connelly,Tristan Connelly,150
2021-11-20,UFC Fight Night: Vieira vs. Tate,Davey Grant vs. Adrian Yanez,Davey Grant,163
2021-11-20,UFC Fight Night: Vieira vs. Tate,Davey Grant vs. Adrian Yanez,Adrian Yanez,-163
2022-05-14,UFC Fight Night: Blachowicz vs. Rakic,Davey Grant vs. Louis Smolka,Davey Grant,-104
2022-05-14,UFC Fight Night: Blachowicz vs. Rakic,Davey Grant vs. Louis Smolka,Louis Smolka,104
2020-07-18,UFC Fight Night: Figueiredo vs. Benavidez 2,Davi Ramos vs. Arman Tsarukyan,Davi Ramos,102
2020-07-18,UFC Fight Night: Figueiredo vs. Benavidez 2,Davi Ramos vs. Arman Tsarukyan,Arman Tsarukyan,-102
2021-01-16,UFC Fight Night: Holloway vs. Kattar,David Zawada vs. Ramazan Emeev,David Zawada,169
2021-01-16,UFC Fight Night: Holloway vs. Kattar,David Zawada vs. Ramazan Emeev,Ramazan Emeev,-169
2020-11-21,UFC 255: Figueiredo vs. Perez,Deiveson Figueiredo vs. Alex Perez,Deiveson Figueiredo,118
2020-11-21,UFC 255: Figueiredo vs. Perez,Deiveson Figueiredo vs. Alex Perez,Alex Perez,-118
2020-12-12,UFC 256: Figueiredo vs. Moreno,Deiveson Figueiredo vs. Brandon Moreno,Deiveson Figueiredo,120
2020-12-12,UFC 256: Figueiredo vs. Moreno,Deiveson Figueiredo vs. Brandon Moreno,Brandon Moreno,-108
2021-06-12,UFC 263: Adesanya vs. Vettori 2,Deiveson Figueiredo vs. Brandon Moreno,Deiveson Figueiredo,133
2021-06-12,UFC 263: Adesanya vs. Vettori 2,Deiveson Figueiredo vs. Brandon Moreno,Brandon Moreno,-116
2020-07-18,UFC Fight Night: Figueiredo vs. Benavidez 2,Deiveson Figueiredo vs. Joseph Benavidez,Deiveson Figueiredo,139
2020-07-18,UFC Fight Night: Figueiredo vs. Benavidez 2,Deiveson Figueiredo vs. Joseph Benavidez,Joseph Benavidez,-139
2021-06-12,UFC 263: Adesanya vs. Vettori 2,Demian Maia vs. Belal Muhammad,Demian Maia,123
2021-06-12,UFC 263: Adesanya vs. Vettori 2,Demian Maia vs. Belal Muhammad,Belal Muhammad,-123
2020-03-14,UFC Fight Night: Lee vs. Oliveira,Demian Maia vs. Gilbert Burns,Demian Maia,-125
2020-03-14,UFC Fight Night: Lee vs. Oliveira,Demian Maia vs. Gilbert Burns,Gilbert Burns,125
2021-09-04,UFC Fight Night: Brunson vs. Till,Derek Brunson vs. Darren Till,Derek Brunson,-169
2021-09-04,UFC Fight Night: Brunson vs. Till,Derek Brunson vs. Darren Till,Darren Till,169
2020-08-01,UFC Fight Night: Brunson vs. Shahbazyan,Derek Brunson vs. Edmen Shahbazyan,Derek Brunson,280
2020-08-01,UFC Fight Night: Brunson vs. Shahbazyan,Derek Brunson vs. Edmen Shahbazyan,Edmen Shahbazyan,-280
2021-03-20,UFC Fight Night: Brunson vs. Holland,Derek Brunson vs. Kevin Holland,Derek Brunson,212
2021-03-20,UFC Fight Night: Brunson vs. Holland,Derek Brunson vs. Kevin Holland,Kevin Holland,-212
2020-12-19,UFC Fight Night: Thompson vs. Neal,Deron Winn vs. Antonio Arroyo,Deron Winn,108
2020-12-19,UFC Fight Night: Thompson vs. Neal,Deron Winn vs. Antonio Arroyo,Antonio Arroyo,-108
2020-08-08,UFC Fight Night: Lewis vs. Oleinik,Derrick Lewis vs. Aleksei Oleinik,Derrick Lewis,-183
2020-08-08,UFC Fight Night: Lewis vs. Oleinik,Derrick Lewis vs. Aleksei Oleinik,Aleksei Oleinik,183
2021-12-18,UFC Fight Night: Lewis vs. Daukaus,Derrick Lewis vs. Chris Daukaus,Derrick Lewis,158
2021-12-18,UFC Fight Night: Lewis vs. Daukaus,Derrick Lewis vs. Chris Daukaus,Chris Daukaus,-158
2021-08-07,UFC 265: Lewis vs. Gane,Derrick Lewis vs. Ciryl Gane,Derrick Lewis,176
2021-08-07,UFC 265: Lewis vs. Gane,Derrick Lewis vs. Ciryl Gane,Ciryl Gane,-176
2022-02-12,UFC 271: Adesanya vs. Whittaker 2,Derrick Lewis vs. Tai Tuivasa,Derrick Lewis,102
2022-02-12,UFC 271: Adesanya vs. Whittaker 2,Derrick Lewis vs. Tai Tuivasa,Tai Tuivasa,-102
2022-04-16,UFC Fight Night: Luque vs. Muhammad,Devin Clark vs. William Knight,Devin Clark,-166
2022-04-16,UFC Fight Night: Luque vs. Muhammad,Devin Clark vs. William Knight,William Knight,166
2021-10-02,UFC Fight Night: Santos vs. Walker,Devonte Smith vs. Jamie Mullarkey,Devonte Smith,-145
2021-10-02,UFC Fight Night: Santos vs. Walker,Devonte Smith vs. Jamie Mullarkey,Jamie Mullarkey,145
2021-02-06,UFC Fight Night: Overeem vs. Volkov,Devonte Smith vs. Justin Jaynes,Devonte Smith,-214
2021-02-06,UFC Fight Night: Overeem vs. Volkov,Devonte Smith vs. Justin Jaynes,Justin Jaynes,214
2022-03-05,UFC 272: Covington vs. Masvidal,Devonte Smith vs. Ludovit Klein,Devonte Smith,-130
2022-03-05,UFC 272: Covington vs. Masvidal,Devonte Smith vs. Ludovit Klein,Ludovit Klein,130
2021-02-06,UFC Fight Night: Overeem vs. Volkov,Diego Ferreira vs. Beneil Dariush,Diego Ferreira,131
2021-02-06,UFC Fight Night: Overeem vs. Volkov,Diego Ferreira vs. Beneil Dariush,Beneil Dariush,-131
2021-05-08,UFC Fight Night: Rodriguez vs. Waterson,Diego Ferreira vs. Gregor Gillespie,Diego Ferreira,101
2021-05-08,UFC Fight Night: Rodriguez vs. Waterson,Diego Ferreira vs. Gregor Gillespie,Gregor Gillespie,-101
2021-12-18,UFC Fight Night: Lewis vs. Daukaus,Diego Ferreira vs. Mateusz Gamrot,Diego Ferreira,161
2021-12-18,UFC Fight Night: Lewis vs. Daukaus,Diego Ferreira vs. Mateusz Gamrot,Mateusz Gamrot,-161
2020-09-26,UFC 253: Adesanya vs. Costa,Diego Sanchez vs. Jake Matthews,Diego Sanchez,516
2020-09-26,UFC 253: Adesanya vs. Costa,Diego Sanchez vs. Jake Matthews,Jake Matthews,-516
2021-03-06,UFC 259: Blachowicz vs. Adesanya,Dominick Cruz vs. Casey Kenney,Dominick Cruz,-101
2021-03-06,UFC 259: Blachowicz vs. Adesanya,Dominick Cruz vs. Casey Kenney,Casey Kenney,101
2020-09-26,UFC 253: Adesanya vs. Costa,Dominick Reyes vs. Jan Blachowicz,Dominick Reyes,-104
2020-09-26,UFC 253: Adesanya vs. Costa,Dominick Reyes vs. Jan Blachowicz,Jan Blachowicz,104
2021-05-01,UFC Fight Night: Reyes vs. Prochazka,Dominick Reyes vs. Jiri Prochazka,Dominick Reyes,-193
2021-05-01,UFC Fight Night: Reyes vs. Prochazka,Dominick Reyes vs. Jiri Prochazka,Jiri Prochazka,193
2021-12-18,UFC Fight Night: Lewis vs. Daukaus,Don'Tale Mayes vs. Josh Parisian,Don'Tale Mayes,101
2021-12-18,UFC Fight Night: Lewis vs. Daukaus,Don'Tale Mayes vs. Josh Parisian,Josh Parisian,-101
2020-11-14,UFC Fight Night: Felder vs. Dos Anjos,Don'Tale Mayes vs. Roque Martinez,Don'Tale Mayes,-112
2020-11-14,UFC Fight Night: Felder vs. Dos Anjos,Don'Tale Mayes vs. Roque Martinez,Roque Martinez,112
2021-05-08,UFC Fight Night: Rodriguez vs. Waterson,Donald Cerrone vs. Alex Morono,Donald Cerrone,183
2021-05-08,UFC Fight Night: Rodriguez vs. Waterson,Donald Cerrone vs. Alex Morono,Alex Morono,-183
2021-10-02,UFC Fight Night: Santos vs. Walker,Douglas Silva de Andrade vs. Gaetano Pirrello,Douglas Silva de Andrade,119
2021-10-02,UFC Fight Night: Santos vs. Walker,Douglas Silva de Andrade vs. Gaetano Pirrello,Gaetano Pirrello,-119
2022-02-12,UFC 271: Adesanya vs. Whittaker 2,Douglas Silva de Andrade vs. Sergey Morozov,Douglas Silva de Andrade,170
2022-02-12,UFC 271: Adesanya vs. Whittaker 2,Douglas Silva de Andrade vs. Sergey Morozov,Sergey Morozov,-170
2022-04-16,UFC Fight Night: Luque vs. Muhammad,Drakkar Klose vs. Brandon Jenkins,Drakkar Klose,-191
2022-04-16,UFC Fight Night: Luque vs. Muhammad,Drakkar Klose vs. Brandon Jenkins,Brandon Jenkins,191
2021-06-12,UFC 263: Adesanya vs. Vettori 2,Drew Dober vs. Brad Riddell,Drew Dober,119
2021-06-12,UFC 263: Adesanya vs. Vettori 2,Drew Dober vs. Brad Riddell,Brad Riddell,-119
2022-03-12,UFC Fight Night: Santos vs. Ankalaev,Drew Dober vs. Terrance McKinney,Drew Dober,-106
2022-03-12,UFC Fight Night: Santos vs. Ankalaev,Drew Dober vs. Terrance McKinney,Terrance McKinney,106
2021-08-28,UFC Fight Night: Barboza vs. Chikadze,Dustin Jacoby vs. Darren Stewart,Dustin Jacoby,142
2021-08-28,UFC Fight Night: Barboza vs. Chikadze,Dustin Jacoby vs. Darren Stewart,Darren Stewart,-142
2021-11-06,UFC 268: Usman vs. Covington 2,Dustin Jacoby vs. John Allan,Dustin Jacoby,-106
2021-11-06,UFC 268: Usman vs. Covington 2,Dustin Jacoby vs. John Allan,John Allan,106
2020-10-31,UFC Fight Night: Hall vs. Silva,Dustin Jacoby vs. Justin Ledet,Dustin Jacoby,-105
2020-10-31,UFC Fight Night: Hall vs. Silva,Dustin Jacoby vs. Justin Ledet,Justin Ledet,105
2021-02-27,UFC Fight Night: Rozenstruik vs. Gane,Dustin Jacoby vs. Maxim Grishin,Dustin Jacoby,-105
2021-02-27,UFC Fight Night: Rozenstruik vs. Gane,Dustin Jacoby vs. Maxim Grishin,Maxim Grishin,105
2022-03-05,UFC 272: Covington vs. Masvidal,Dustin Jacoby vs. Michal Oleksiejczuk,Dustin Jacoby,112
2022-03-05,UFC 272: Covington vs. Masvidal,Dustin Jacoby vs. Michal Oleksiejczuk,Michal Oleksiejczuk,-112
2021-01-23,UFC 257: Poirier vs. McGregor,Dustin Poirier vs. Conor McGregor,Dustin Poirier,-175
2021-01-23,UFC 257: Poirier vs. McGregor,Dustin Poirier vs. Conor McGregor,Conor McGregor,212
2021-07-10,UFC 264: Poirier vs. McGregor 3,Dustin Poirier vs. Conor McGregor,Dustin Poirier,-219
2021-07-10,UFC 264: Poirier vs. McGregor 3,Dustin Poirier vs. Conor McGregor,Conor McGregor,257
2020-06-27,UFC Fight Night: Poirier vs. Hooker,Dustin Poirier vs. Dan Hooker,Dustin Poirier,-188
2020-06-27,UFC Fight Night: Poirier vs. Hooker,Dustin Poirier vs. Dan Hooker,Dan Hooker,188
2021-12-18,UFC Fight Night: Lewis vs. Daukaus,Dustin Stoltzfus vs. Gerald Meerschaert,Dustin Stoltzfus,127
2021-12-18,UFC Fight Night: Lewis vs. Daukaus,Dustin Stoltzfus vs. Gerald Meerschaert,Gerald Meerschaert,-127
2022-04-23,UFC Fight Night: Lemos vs. Andrade,Dwight Grant vs. Sergey Khandozhko,Dwight Grant,113
2022-04-23,UFC Fight Night: Lemos vs. Andrade,Dwight Grant vs. Sergey Khandozhko,Sergey Khandozhko,-113
2021-04-24,UFC 261: Usman vs. Masvidal 2,Dwight Grant vs. Stefan Sekulic,Dwight Grant,-142
2021-04-24,UFC 261: Usman vs. Masvidal 2,Dwight Grant vs. Stefan Sekulic,Stefan Sekulic,142
2020-09-12,UFC Fight Night: Waterson vs. Hill,Ed Herman vs. Mike Rodriguez,Ed Herman,113
2020-09-12,UFC Fight Night: Waterson vs. Hill,Ed Herman vs. Mike Rodriguez,Mike Rodriguez,-113
2022-06-18,UFC Fight Night: Kattar vs. Emmett,Eddie Wineland vs. Cody Stamann,Eddie Wineland,441
2022-06-18,UFC Fight Night: Kattar vs. Emmett,Eddie Wineland vs. Cody Stamann,Cody Stamann,-441
2021-02-20,UFC Fight Night: Blaydes vs. Lewis,Eddie Wineland vs. John Castaneda,Eddie Wineland,168
2021-02-20,UFC Fight Night: Blaydes vs. Lewis,Eddie Wineland vs. John Castaneda,John Castaneda,-168
2020-06-06,UFC 250: Nunes vs. Spencer,Eddie Wineland vs. Sean O'Malley,Eddie Wineland,506
2020-06-06,UFC 250: Nunes vs. Spencer,Eddie Wineland vs. Sean O'Malley,Sean O'Malley,-506
2021-11-06,UFC 268: Usman vs. Covington 2,Edmen Shahbazyan vs. Nassourdine Imavov,Edmen Shahbazyan,102
2021-11-06,UFC 268: Usman vs. Covington 2,Edmen Shahbazyan vs. Nassourdine Imavov,Nassourdine Imavov,-102
2022-03-05,UFC 272: Covington vs. Masvidal,Edson Barboza vs. Bryce Mitchell,Edson Barboza,179
2022-03-05,UFC 272: Covington vs. Masvidal,Edson Barboza vs. Bryce Mitchell,Bryce Mitchell,-179
2021-08-28,UFC Fight Night: Barboza vs. Chikadze,Edson Barboza vs. Giga Chikadze,Edson Barboza,129
2021-08-28,UFC Fight Night: Barboza vs. Chikadze,Edson Barboza vs. Giga Chikadze,Giga Chikadze,-129
2020-10-10,UFC Fight Night: Moraes vs. Sandhagen,Edson Barboza vs. Makwan Amirkhani,Edson Barboza,-162
2020-10-10,UFC Fight Night: Moraes vs. Sandhagen,Edson Barboza vs. Makwan Amirkhani,Makwan Amirkhani,162
2020-03-14,UFC Fight Night: Lee vs. Oliveira,Elizeu Zaleski dos Santos vs. Aleksei Kunchenko,Elizeu Zaleski dos Santos,-218
2020-03-14,UFC Fight Night: Lee vs. Oliveira,Elizeu Zaleski dos Santos vs. Aleksei Kunchenko,Aleksei Kunchenko,218
2020-07-11,UFC 251: Usman vs. Masvidal,Elizeu Zaleski dos Santos vs. Muslim Salikhov,Elizeu Zaleski dos Santos,-163
2020-07-11,UFC 251: Usman vs. Masvidal,Elizeu Zaleski dos Santos vs. Muslim Salikhov,Muslim Salikhov,163
2021-06-12,UFC 263: Adesanya vs. Vettori 2,Eryk Anders vs. Darren Stewart,Eryk Anders,224
2021-06-12,UFC 263: Adesanya vs. Vettori 2,Eryk Anders vs. Darren Stewart,Darren Stewart,-224
2022-05-21,UFC Fight Night: Holm vs. Vieira,Eryk Anders vs. JunYong Park,Eryk Anders,206
2022-05-21,UFC Fight Night: Holm vs. Vieira,Eryk Anders vs. JunYong Park,JunYong Park,-206
2020-05-16,UFC Fight Night: Overeem vs. Harris,Eryk Anders vs. Krzysztof Jotko,Eryk Anders,220
2020-05-16,UFC Fight Night: Overeem vs. Harris,Eryk Anders vs. Krzysztof Jotko,Krzysztof Jotko,-220
2020-07-25,UFC Fight Night: Whittaker vs. Till,Fabricio Werdum vs. Alexander Gustafsson,Fabricio Werdum,127
2020-07-25,UFC Fight Night: Whittaker vs. Till,Fabricio Werdum vs. Alexander Gustafsson,Alexander Gustafsson,-127
2021-06-12,UFC 263: Adesanya vs. Vettori 2,Fares Ziam vs. Luigi Vendramini,Fares Ziam,-122
2021-06-12,UFC 263: Adesanya vs. Vettori 2,Fares Ziam vs. Luigi Vendramini,Luigi Vendramini,122
2022-01-22,UFC 270: Ngannou vs. Gane,Francis Ngannou vs. Ciryl Gane,Francis Ngannou,121
2022-01-22,UFC 270: Ngannou vs. Gane,Francis Ngannou vs. Ciryl Gane,Ciryl Gane,-121
2020-05-09,UFC 249: Ferguson vs. Gaethje,Francis Ngannou vs. Jairzinho Rozenstruik,Francis Ngannou,-205
2020-05-09,UFC 249: Ferguson vs. Gaethje,Francis Ngannou vs. Jairzinho Rozenstruik,Jairzinho Rozenstruik,205
2021-07-17,UFC Fight Night: Makhachev vs. Moises,Francisco Figueiredo vs. Malcolm Gordon,Francisco Figueiredo,-245
2021-07-17,UFC Fight Night: Makhachev vs. Moises,Francisco Figueiredo vs. Malcolm Gordon,Malcolm Gordon,245
2022-05-07,UFC 274: Oliveira vs. Gaethje,Francisco Trinaldo vs. Danny Roberts,Francisco Trinaldo,-161
2022-05-07,UFC 274: Oliveira vs. Gaethje,Francisco Trinaldo vs. Danny Roberts,Danny Roberts,161
2021-10-23,UFC Fight Night: Costa vs. Vettori,Francisco Trinaldo vs. Dwight Grant,Francisco Trinaldo,137
2021-10-23,UFC Fight Night: Costa vs. Vettori,Francisco Trinaldo vs. Dwight Grant,Dwight Grant,-137
2020-03-14,UFC Fight Night: Lee vs. Oliveira,Francisco Trinaldo vs. John Makdessi,Francisco Trinaldo,167
2020-03-14,UFC Fight Night: Lee vs. Oliveira,Francisco Trinaldo vs. John Makdessi,John Makdessi,-167
2021-06-05,UFC Fight Night: Rozenstruik vs. Sakai,Francisco Trinaldo vs. Muslim Salikhov,Francisco Trinaldo,108
2021-06-05,UFC Fight Night: Rozenstruik vs. Sakai,Francisco Trinaldo vs. Muslim Salikhov,Muslim Salikhov,-108
2021-11-06,UFC 268: Usman vs. Covington 2,Frankie Edgar vs. Marlon Vera,Frankie Edgar,-106
2021-11-06,UFC 268: Usman vs. Covington 2,Frankie Edgar vs. Marlon Vera,Marlon Vera,106
2020-08-01,UFC Fight Night: Brunson vs. Shahbazyan,Frankie Saenz vs. Jonathan Martinez,Frankie Saenz,187
2020-08-01,UFC Fight Night: Brunson vs. Shahbazyan,Frankie Saenz vs. Jonathan Martinez,Jonathan Martinez,-187
2021-07-17,UFC Fight Night: Makhachev vs. Moises,Gabriel Benitez vs. Billy Quarantillo,Gabriel Benitez,-137
2021-07-17,UFC Fight Night: Makhachev vs. Moises,Gabriel Benitez vs. Billy Quarantillo,Billy Quarantillo,137
2022-02-19,UFC Fight Night: Walker vs. Hill,Gabriel Benitez vs. David Onama,Gabriel Benitez,111
2022-02-19,UFC Fight Night: Walker vs. Hill,Gabriel Benitez vs. David Onama,David Onama,-111
2020-12-05,UFC Fight Night: Hermansson vs. Vettori,Gabriel Benitez vs. Justin Jaynes,Gabriel Benitez,-166
2020-12-05,UFC Fight Night: Hermansson vs. Vettori,Gabriel Benitez vs. Justin Jaynes,Justin Jaynes,166
2020-05-13,UFC Fight Night: Smith vs. Teixeira,Gabriel Benitez vs. Omar Morales,Gabriel Benitez,-125
2020-05-13,UFC Fight Night: Smith vs. Teixeira,Gabriel Benitez vs. Omar Morales,Omar Morales,125
2020-10-17,UFC Fight Night: Ortega vs. The Korean Zombie,Gadzhimurad Antigulov vs. Maxim Grishin,Gadzhimurad Antigulov,-114
2020-10-17,UFC Fight Night: Ortega vs. The Korean Zombie,Gadzhimurad Antigulov vs. Maxim Grishin,Maxim Grishin,114
2020-12-12,UFC 256: Figueiredo vs. Moreno,Gavin Tucker vs. Billy Quarantillo,Gavin Tucker,165
2020-12-12,UFC 256: Figueiredo vs. Moreno,Gavin Tucker vs. Billy Quarantillo,Billy Quarantillo,-165
2020-08-08,UFC Fight Night: Lewis vs. Oleinik,Gavin Tucker vs. Justin Jaynes,Gavin Tucker,167
2020-08-08,UFC Fight Night: Lewis vs. Oleinik,Gavin Tucker vs. Justin Jaynes,Justin Jaynes,-167
2021-12-11,UFC 269: Oliveira vs. Poirier,Geoff Neal vs. Santiago Ponzinibbio,Geoff Neal,115
2021-12-11,UFC 269: Oliveira vs. Poirier,Geoff Neal vs. Santiago Ponzinibbio,Santiago Ponzinibbio,-115
2020-03-07,UFC 248: Adesanya vs. Romero,Gerald Meerschaert vs. Deron Winn,Gerald Meerschaert,-121
2020-03-07,UFC 248: Adesanya vs. Romero,Gerald Meerschaert vs. Deron Winn,Deron Winn,121
2020-11-14,UFC Fight Night: Felder vs. Dos Anjos,Geraldo de Freitas vs. Tony Gravely,Geraldo de Freitas,-137
2020-11-14,UFC Fight Night: Felder vs. Dos Anjos,Geraldo de Freitas vs. Tony Gravely,Tony Gravely,137
2021-11-06,UFC 268: Usman vs. Covington 2,Gian Villante vs. Chris Barnett,Gian Villante,124
2021-11-06,UFC 268: Usman vs. Covington 2,Gian Villante vs. Chris Barnett,Chris Barnett,-124
2020-12-05,UFC Fight Night: Hermansson vs. Vettori,Gian Villante vs. Jake Collier,Gian Villante,172
2020-12-05,UFC Fight Night: Hermansson vs. Vettori,Gian Villante vs. Jake Collier,Jake Collier,-172
2020-06-27,UFC Fight Night: Poirier vs. Hooker,Gian Villante vs. Maurice Greene,Gian Villante,291
2020-06-27,UFC Fight Night: Poirier vs. Hooker,Gian Villante vs. Maurice Greene,Maurice Greene,-291
2021-05-01,UFC Fight Night: Reyes vs. Prochazka,Giga Chikadze vs. Cub Swanson,Giga Chikadze,-109
2021-05-01,UFC Fight Night: Reyes vs. Prochazka,Giga Chikadze vs. Cub Swanson,Cub Swanson,109
2020-10-10,UFC Fight Night: Moraes vs. Sandhagen,Giga Chikadze vs. Omar Morales,Giga Chikadze,104
2020-10-10,UFC Fight Night: Moraes vs. Sandhagen,Giga Chikadze vs. Omar Morales,Omar Morales,-104
2022-04-09,UFC 273: Volkanovski vs. The Korean Zombie,Gilbert Burns vs. Khamzat Chimaev,Gilbert Burns,259
2022-04-09,UFC 273: Volkanovski vs. The Korean Zombie,Gilbert Burns vs. Khamzat Chimaev,Khamzat Chimaev,-259
2021-07-10,UFC 264: Poirier vs. McGregor 3,Gilbert Burns vs. Stephen Thompson,Gilbert Burns,141
2021-07-10,UFC 264: Poirier vs. McGregor 3,Gilbert Burns vs. Stephen Thompson,Stephen Thompson,-141
2022-06-11,UFC 275: Teixeira vs. Prochazka,Glover Teixeira vs. Jiri Prochazka,Glover Teixeira,-110
2022-06-11,UFC 275: Teixeira vs. Prochazka,Glover Teixeira vs. Jiri Prochazka,Jiri Prochazka,110
2021-10-23,UFC Fight Night: Costa vs. Vettori,Grant Dawson vs. Ricky Glenn,Grant Dawson,-214
2021-10-23,UFC Fight Night: Costa vs. Vettori,Grant Dawson vs. Ricky Glenn,Ricky Glenn,214
2020-05-09,UFC 249: Ferguson vs. Gaethje,Greg Hardy vs. Yorgan De Castro,Greg Hardy,-200
2020-05-09,UFC 249: Ferguson vs. Gaethje,Greg Hardy vs. Yorgan De Castro,Yorgan De Castro,200
2022-03-19,UFC Fight Night: Volkov vs. Aspinall,Gunnar Nelson vs. Takashi Sato,Gunnar Nelson,-122
2022-03-19,UFC Fight Night: Volkov vs. Aspinall,Gunnar Nelson vs. Takashi Sato,Takashi Sato,122
2021-09-18,UFC Fight Night: Smith vs. Spann,Gustavo Lopez vs. Alatengheili,Gustavo Lopez,103
2021-09-18,UFC Fight Night: Smith vs. Spann,Gustavo Lopez vs. Alatengheili,Alatengheili,-103
2020-11-07,UFC Fight Night: Santos vs. Teixeira,Gustavo Lopez vs. Anthony Birchak,Gustavo Lopez,184
2020-11-07,UFC Fight Night: Santos vs. Teixeira,Gustavo Lopez vs. Anthony Birchak,Anthony Birchak,-184
2022-02-05,UFC Fight Night: Hermansson vs. Strickland,Hakeem Dawodu vs. Michael Trizano,Hakeem Dawodu,-139
2022-02-05,UFC Fight Night: Hermansson vs. Strickland,Hakeem Dawodu vs. Michael Trizano,Michael Trizano,139
2020-09-26,UFC 253: Adesanya vs. Costa,Hakeem Dawodu vs. Zubaira Tukhugov,Hakeem Dawodu,-124
2020-09-26,UFC 253: Adesanya vs. Costa,Hakeem Dawodu vs. Zubaira Tukhugov,Zubaira Tukhugov,124
2020-05-09,UFC 249: Ferguson vs. Gaethje,Henry Cejudo vs. Dominick Cruz,Henry Cejudo,-150
2020-05-09,UFC 249: Ferguson vs. Gaethje,Henry Cejudo vs. Dominick Cruz,Dominick Cruz,150
2020-08-15,UFC 252: Miocic vs. Cormier 3,Herbert Burns vs. Daniel Pineda,Herbert Burns,-249
2020-08-15,UFC 252: Miocic vs. Cormier 3,Herbert Burns vs. Daniel Pineda,Daniel Pineda,249
2021-10-30,UFC 267: Blachowicz vs. Teixeira,Hu Yaozong vs. Andre Petroski,Hu Yaozong,209
2021-10-30,UFC 267: Blachowicz vs. Teixeira,Hu Yaozong vs. Andre Petroski,Andre Petroski,-209
2020-05-13,UFC Fight Night: Smith vs. Teixeira,Hunter Azure vs. Brian Kelleher,Hunter Azure,-214
2020-05-13,UFC Fight Night: Smith vs. Teixeira,Hunter Azure vs. Brian Kelleher,Brian Kelleher,214
2021-04-10,UFC Fight Night: Vettori vs. Holland,Hunter Azure vs. Jack Shore,Hunter Azure,179
2021-04-10,UFC Fight Night: Vettori vs. Holland,Hunter Azure vs. Jack Shore,Jack Shore,-179
2020-06-06,UFC 250: Nunes vs. Spencer,Ian Heinisch vs. Gerald Meerschaert,Ian Heinisch,117
2020-06-06,UFC 250: Nunes vs. Spencer,Ian Heinisch vs. Gerald Meerschaert,Gerald Meerschaert,-117
2022-04-09,UFC 273: Volkanovski vs. The Korean Zombie,Ian Machado Garry vs. Darian Weeks,Ian Machado Garry,104
2022-04-09,UFC 273: Volkanovski vs. The Korean Zombie,Ian Machado Garry vs. Darian Weeks,Darian Weeks,-104
2021-01-20,UFC Fight Night: Chiesa vs. Magny,Ike Villanueva vs. Vinicius Moreira,Ike Villanueva,-108
2021-01-20,UFC Fight Night: Chiesa vs. Magny,Ike Villanueva vs. Vinicius Moreira,Vinicius Moreira,108
2020-12-05,UFC Fight Night: Hermansson vs. Vettori,Ilia Topuria vs. Damon Jackson,Ilia Topuria,-422
2020-12-05,UFC Fight Night: Hermansson vs. Vettori,Ilia Topuria vs. Damon Jackson,Damon Jackson,422
2021-09-18,UFC Fight Night: Smith vs. Spann,Impa Kasanganay vs. Carlston Harris,Impa Kasanganay,109
2021-09-18,UFC Fight Night: Smith vs. Spann,Impa Kasanganay vs. Carlston Harris,Carlston Harris,-109
2020-10-10,UFC Fight Night: Moraes vs. Sandhagen,Impa Kasanganay vs. Joaquin Buckley,Impa Kasanganay,-178
2020-10-10,UFC Fight Night: Moraes vs. Sandhagen,Impa Kasanganay vs. Joaquin Buckley,Joaquin Buckley,178
2021-04-10,UFC Fight Night: Vettori vs. Holland,Impa Kasanganay vs. Sasha Palatnikov,Impa Kasanganay,-129
2021-04-10,UFC Fight Night: Vettori vs. Holland,Impa Kasanganay vs. Sasha Palatnikov,Sasha Palatnikov,129
2021-09-18,UFC Fight Night: Smith vs. Spann,Ion Cutelaba vs. Devin Clark,Ion Cutelaba,129
2021-09-18,UFC Fight Night: Smith vs. Spann,Ion Cutelaba vs. Devin Clark,Devin Clark,-129
2021-05-01,UFC Fight Night: Reyes vs. Prochazka,Ion Cutelaba vs. Dustin Jacoby,Ion Cutelaba,-166
2021-05-01,UFC Fight Night: Reyes vs. Prochazka,Ion Cutelaba vs. Dustin Jacoby,Dustin Jacoby,166
2020-02-29,UFC Fight Night: Benavidez vs. Figueiredo,Ion Cutelaba vs. Magomed Ankalaev,Ion Cutelaba,136
2020-02-29,UFC Fight Night: Benavidez vs. Figueiredo,Ion Cutelaba vs. Magomed Ankalaev,Magomed Ankalaev,-136
2021-10-30,UFC 267: Blachowicz vs. Teixeira,Islam Makhachev vs. Dan Hooker,Islam Makhachev,-259
2021-10-30,UFC 267: Blachowicz vs. Teixeira,Islam Makhachev vs. Dan Hooker,Dan Hooker,259
2021-03-06,UFC 259: Blachowicz vs. Adesanya,Islam Makhachev vs. Drew Dober,Islam Makhachev,-229
2021-03-06,UFC 259: Blachowicz vs. Adesanya,Islam Makhachev vs. Drew Dober,Drew Dober,229
2022-02-26,UFC Fight Night: Makhachev vs. Green,Islam Makhachev vs. King Green,Islam Makhachev,-245
2022-02-26,UFC Fight Night: Makhachev vs. Green,Islam Makhachev vs. King Green,King Green,245
2021-07-17,UFC Fight Night: Makhachev vs. Moises,Islam Makhachev vs. Thiago Moises,Islam Makhachev,-296
2021-07-17,UFC Fight Night: Makhachev vs. Moises,Islam Makhachev vs. Thiago Moises,Thiago Moises,296
2022-07-02,UFC 276: Adesanya vs. Cannonier,Israel Adesanya vs. Jared Cannonier,Israel Adesanya,-367
2022-07-02,UFC 276: Adesanya vs. Cannonier,Israel Adesanya vs. Jared Cannonier,Jared Cannonier,367
2021-06-12,UFC 263: Adesanya vs. Vettori 2,Israel Adesanya vs. Marvin Vettori,Israel Adesanya,-106
2021-06-12,UFC 263: Adesanya vs. Vettori 2,Israel Adesanya vs. Marvin Vettori,Marvin Vettori,106
2020-09-26,UFC 253: Adesanya vs. Costa,Israel Adesanya vs. Paulo Costa,Israel Adesanya,-346
2020-09-26,UFC 253: Adesanya vs. Costa,Israel Adesanya vs. Paulo Costa,Paulo Costa,346
2022-02-12,UFC 271: Adesanya vs. Whittaker 2,Israel Adesanya vs. Robert Whittaker,Israel Adesanya,-100
2022-02-12,UFC 271: Adesanya vs. Whittaker 2,Israel Adesanya vs. Robert Whittaker,Robert Whittaker,100
2020-03-07,UFC 248: Adesanya vs. Romero,Israel Adesanya vs. Yoel Romero,Israel Adesanya,-303
2020-03-07,UFC 248: Adesanya vs. Romero,Israel Adesanya vs. Yoel Romero,Yoel Romero,303
2022-06-25,UFC Fight Night: Tsarukyan vs. Gamrot,JP Buys vs. Cody Durden,JP Buys,105
2022-06-25,UFC Fight Night: Tsarukyan vs. Gamrot,JP Buys vs. Cody Durden,Cody Durden,-105
2021-05-15,UFC 262: Oliveira vs. Chandler,Jacare Souza vs. Andre Muniz,Jacare Souza,-122
2021-05-15,UFC 262: Oliveira vs. Chandler,Jacare Souza vs. Andre Muniz,Andre Muniz,122
2022-06-11,UFC 275: Teixeira vs. Prochazka,Jack Della Maddalena vs. Ramazan Emeev,Jack Della Maddalena,-106
2022-06-11,UFC 275: Teixeira vs. Prochazka,Jack Della Maddalena vs. Ramazan Emeev,Ramazan Emeev,106
2021-05-22,UFC Fight Night: Font vs. Garbrandt,Jack Hermansson vs. Edmen Shahbazyan,Jack Hermansson,118
2021-05-22,UFC Fight Night: Font vs. Garbrandt,Jack Hermansson vs. Edmen Shahbazyan,Edmen Shahbazyan,-118
2020-07-18,UFC Fight Night: Figueiredo vs. Benavidez 2,Jack Hermansson vs. Kelvin Gastelum,Jack Hermansson,131
2020-07-18,UFC Fight Night: Figueiredo vs. Benavidez 2,Jack Hermansson vs. Kelvin Gastelum,Kelvin Gastelum,-131
2020-12-05,UFC Fight Night: Hermansson vs. Vettori,Jack Hermansson vs. Marvin Vettori,Jack Hermansson,103
2020-12-05,UFC Fight Night: Hermansson vs. Vettori,Jack Hermansson vs. Marvin Vettori,Marvin Vettori,-103
2022-02-05,UFC Fight Night: Hermansson vs. Strickland,Jack Hermansson vs. Sean Strickland,Jack Hermansson,121
2022-02-05,UFC Fight Night: Hermansson vs. Strickland,Jack Hermansson vs. Sean Strickland,Sean Strickland,-121
2020-07-15,UFC Fight Night: Kattar vs. Ige,Jack Shore vs. Aaron Phillips,Jack Shore,-537
2020-07-15,UFC Fight Night: Kattar vs. Ige,Jack Shore vs. Aaron Phillips,Aaron Phillips,537
2022-03-19,UFC Fight Night: Volkov vs. Aspinall,Jack Shore vs. Timur Valiev,Jack Shore,-243
2022-03-19,UFC Fight Night: Volkov vs. Aspinall,Jack Shore vs. Timur Valiev,Timur Valiev,243
2021-01-16,UFC Fight Night: Holloway vs. Kattar,Jacob Kilburn vs. Austin Lingo,Jacob Kilburn,191
2021-01-16,UFC Fight Night: Holloway vs. Kattar,Jacob Kilburn vs. Austin Lingo,Austin Lingo,-191
2022-03-19,UFC Fight Night: Volkov vs. Aspinall,Jai Herbert vs. Ilia Topuria,Jai Herbert,318
2022-03-19,UFC Fight Night: Volkov vs. Aspinall,Jai Herbert vs. Ilia Topuria,Ilia Topuria,-318
2022-05-21,UFC Fight Night: Holm vs. Vieira,Jailton Almeida vs. Parker Porter,Jailton Almeida,-253
2022-05-21,UFC Fight Night: Holm vs. Vieira,Jailton Almeida vs. Parker Porter,Parker Porter,253
2021-06-05,UFC Fight Night: Rozenstruik vs. Sakai,Jairzinho Rozenstruik vs. Augusto Sakai,Jairzinho Rozenstruik,112
2021-06-05,UFC Fight Night: Rozenstruik vs. Sakai,Jairzinho Rozenstruik vs. Augusto Sakai,Augusto Sakai,-112
2021-02-27,UFC Fight Night: Rozenstruik vs. Gane,Jairzinho Rozenstruik vs. Ciryl Gane,Jairzinho Rozenstruik,198
2021-02-27,UFC Fight Night: Rozenstruik vs. Gane,Jairzinho Rozenstruik vs. Ciryl Gane,Ciryl Gane,-198
2022-01-15,UFC Fight Night: Kattar vs. Chikadze,Jake Collier vs. Chase Sherman,Jake Collier,-198
2022-01-15,UFC Fight Night: Kattar vs. Chikadze,Jake Collier vs. Chase Sherman,Chase Sherman,198
2020-02-22,UFC Fight Night: Felder vs. Hooker,Jake Matthews vs. Emil Meek,Jake Matthews,-436
2020-02-22,UFC Fight Night: Felder vs. Hooker,Jake Matthews vs. Emil Meek,Emil Meek,436
2022-03-05,UFC 272: Covington vs. Masvidal,Jalin Turner vs. Jamie Mullarkey,Jalin Turner,-129
2022-03-05,UFC 272: Covington vs. Masvidal,Jalin Turner vs. Jamie Mullarkey,Jamie Mullarkey,129
2021-08-28,UFC Fight Night: Barboza vs. Chikadze,Jamall Emmers vs. Pat Sabatini,Jamall Emmers,-108
2021-08-28,UFC Fight Night: Barboza vs. Chikadze,Jamall Emmers vs. Pat Sabatini,Pat Sabatini,108
2020-10-17,UFC Fight Night: Ortega vs. The Korean Zombie,Jamie Mullarkey vs. Fares Ziam,Jamie Mullarkey,130
2020-10-17,UFC Fight Night: Ortega vs. The Korean Zombie,Jamie Mullarkey vs. Fares Ziam,Fares Ziam,-130
2021-03-27,UFC 260: Miocic vs. Ngannou,Jamie Mullarkey vs. Khama Worthy,Jamie Mullarkey,-120
2021-03-27,UFC 260: Miocic vs. Ngannou,Jamie Mullarkey vs. Khama Worthy,Khama Worthy,120
2021-10-23,UFC Fight Night: Costa vs. Vettori,Jamie Pickett vs. Laureano Staropoli,Jamie Pickett,158
2021-10-23,UFC Fight Night: Costa vs. Vettori,Jamie Pickett vs. Laureano Staropoli,Laureano Staropoli,-158
2022-05-14,UFC Fight Night: Blachowicz vs. Rakic,Jan Blachowicz vs. Aleksandar Rakic,Jan Blachowicz,-139
2022-05-14,UFC Fight Night: Blachowicz vs. Rakic,Jan Blachowicz vs. Aleksandar Rakic,Aleksandar Rakic,139
2021-10-30,UFC 267: Blachowicz vs. Teixeira,Jan Blachowicz vs. Glover Teixeira,Jan Blachowicz,-261
2021-10-30,UFC 267: Blachowicz vs. Teixeira,Jan Blachowicz vs. Glover Teixeira,Glover Teixeira,261
2021-03-06,UFC 259: Blachowicz vs. Adesanya,Jan Blachowicz vs. Israel Adesanya,Jan Blachowicz,196
2021-03-06,UFC 259: Blachowicz vs. Adesanya,Jan Blachowicz vs. Israel Adesanya,Israel Adesanya,-196
2022-02-12,UFC 271: Adesanya vs. Whittaker 2,Jared Cannonier vs. Derek Brunson,Jared Cannonier,267
2022-02-12,UFC 271: Adesanya vs. Whittaker 2,Jared Cannonier vs. Derek Brunson,Derek Brunson,-267
2021-08-21,UFC Fight Night: Cannonier vs. Gastelum,Jared Cannonier vs. Kelvin Gastelum,Jared Cannonier,212
2021-08-21,UFC Fight Night: Cannonier vs. Gastelum,Jared Cannonier vs. Kelvin Gastelum,Kelvin Gastelum,-212
2021-03-27,UFC 260: Miocic vs. Ngannou,Jared Gooden vs. Abubakar Nurmagomedov,Jared Gooden,208
2021-03-27,UFC 260: Miocic vs. Ngannou,Jared Gooden vs. Abubakar Nurmagomedov,Abubakar Nurmagomedov,-208
2020-07-15,UFC Fight Night: Kattar vs. Ige,Jared Gordon vs. Chris Fishgold,Jared Gordon,-122
2020-07-15,UFC Fight Night: Kattar vs. Ige,Jared Gordon vs. Chris Fishgold,Chris Fishgold,122
2021-02-20,UFC Fight Night: Blaydes vs. Lewis,Jared Gordon vs. Danny Chavez,Jared Gordon,-105
2021-02-20,UFC Fight Night: Blaydes vs. Lewis,Jared Gordon vs. Danny Chavez,Danny Chavez,105
2022-04-30,UFC Fight Night: Font vs. Vera,Jared Gordon vs. Grant Dawson,Jared Gordon,112
2022-04-30,UFC Fight Night: Font vs. Vera,Jared Gordon vs. Grant Dawson,Grant Dawson,-112
2022-06-04,UFC Fight Night: Volkov vs. Rozenstruik,Jeff Molina vs. Zhalgas Zhumagulov,Jeff Molina,-265
2022-06-04,UFC Fight Night: Volkov vs. Rozenstruik,Jeff Molina vs. Zhalgas Zhumagulov,Zhalgas Zhumagulov,265
2020-05-09,UFC 249: Ferguson vs. Gaethje,Jeremy Stephens vs. Calvin Kattar,Jeremy Stephens,106
2020-05-09,UFC 249: Ferguson vs. Gaethje,Jeremy Stephens vs. Calvin Kattar,Calvin Kattar,-106
2021-07-17,UFC Fight Night: Makhachev vs. Moises,Jeremy Stephens vs. Mateusz Gamrot,Jeremy Stephens,206
2021-07-17,UFC Fight Night: Makhachev vs. Moises,Jeremy Stephens vs. Mateusz Gamrot,Mateusz Gamrot,-206
2022-07-02,UFC 276: Adesanya vs. Cannonier,Jim Miller vs. Donald Cerrone,Jim Miller,-169
2022-07-02,UFC 276: Adesanya vs. Cannonier,Jim Miller vs. Donald Cerrone,Donald Cerrone,169
2021-04-10,UFC Fight Night: Vettori vs. Holland,Jim Miller vs. Joe Solecki,Jim Miller,250
2021-04-10,UFC Fight Night: Vettori vs. Holland,Jim Miller vs. Joe Solecki,Joe Solecki,-250
2020-06-20,UFC Fight Night: Blaydes vs. Volkov,Jim Miller vs. Roosevelt Roberts,Jim Miller,235
2020-06-20,UFC Fight Night: Blaydes vs. Volkov,Jim Miller vs. Roosevelt Roberts,Roosevelt Roberts,-235
2020-08-15,UFC 252: Miocic vs. Cormier 3,Jim Miller vs. Vinc Pichel,Jim Miller,-104
2020-08-15,UFC 252: Miocic vs. Cormier 3,Jim Miller vs. Vinc Pichel,Vinc Pichel,104
2020-07-15,UFC Fight Night: Kattar vs. Ige,Jimmie Rivera vs. Cody Stamann,Jimmie Rivera,157
2020-07-15,UFC Fight Night: Kattar vs. Ige,Jimmie Rivera vs. Cody Stamann,Cody Stamann,-157
2021-12-04,UFC Fight Night: Font vs. Aldo,Jimmy Crute vs. Jamahal Hill,Jimmy Crute,-209
2021-12-04,UFC Fight Night: Font vs. Aldo,Jimmy Crute vs. Jamahal Hill,Jamahal Hill,209
2020-02-22,UFC Fight Night: Felder vs. Hooker,Jimmy Crute vs. Michal Oleksiejczuk,Jimmy Crute,-110
2020-02-22,UFC Fight Night: Felder vs. Hooker,Jimmy Crute vs. Michal Oleksiejczuk,Michal Oleksiejczuk,110
2020-10-17,UFC Fight Night: Ortega vs. The Korean Zombie,Jimmy Crute vs. Modestas Bukauskas,Jimmy Crute,-247
2020-10-17,UFC Fight Night: Ortega vs. The Korean Zombie,Jimmy Crute vs. Modestas Bukauskas,Modestas Bukauskas,247
2021-06-19,UFC Fight Night: Jung vs. Ige,Joaquim Silva vs. Ricky Glenn,Joaquim Silva,144
2021-06-19,UFC Fight Night: Jung vs. Ige,Joaquim Silva vs. Ricky Glenn,Ricky Glenn,-144
2022-02-19,UFC Fight Night: Walker vs. Hill,Joaquin Buckley vs. Abdul Razak Alhassan,Joaquin Buckley,-196
2022-02-19,UFC Fight Night: Walker vs. Hill,Joaquin Buckley vs. Abdul Razak Alhassan,Abdul Razak Alhassan,196
2022-06-18,UFC Fight Night: Kattar vs. Emmett,Joaquin Buckley vs. Albert Duraev,Joaquin Buckley,-158
2022-06-18,UFC Fight Night: Kattar vs. Emmett,Joaquin Buckley vs. Albert Duraev,Albert Duraev,158
2021-01-16,UFC Fight Night: Holloway vs. Kattar,Joaquin Buckley vs. Alessio Di Chirico,Joaquin Buckley,-145
2021-01-16,UFC Fight Night: Holloway vs. Kattar,Joaquin Buckley vs. Alessio Di Chirico,Alessio Di Chirico,145
2021-09-18,UFC Fight Night: Smith vs. Spann,Joaquin Buckley vs. Antonio Arroyo,Joaquin Buckley,-110
2021-09-18,UFC Fight Night: Smith vs. Spann,Joaquin Buckley vs. Antonio Arroyo,Antonio Arroyo,110
2020-11-21,UFC 255: Figueiredo vs. Perez,Joaquin Buckley vs. Jordan Wright,Joaquin Buckley,-161
2020-11-21,UFC 255: Figueiredo vs. Perez,Joaquin Buckley vs. Jordan Wright,Jordan Wright,161
2020-07-18,UFC Fight Night: Figueiredo vs. Benavidez 2,Joe Duffy vs. Joel Alvarez,Joe Duffy,124
2020-07-18,UFC Fight Night: Figueiredo vs. Benavidez 2,Joe Duffy vs. Joel Alvarez,Joel Alvarez,-124
2022-06-04,UFC Fight Night: Volkov vs. Rozenstruik,Joe Solecki vs. Alex Da Silva,Joe Solecki,-189
2022-06-04,UFC Fight Night: Volkov vs. Rozenstruik,Joe Solecki vs. Alex Da Silva,Alex Da Silva,189
2021-10-02,UFC Fight Night: Santos vs. Walker,Joe Solecki vs. Jared Gordon,Joe Solecki,-152
2021-10-02,UFC Fight Night: Santos vs. Walker,Joe Solecki vs. Jared Gordon,Jared Gordon,152
2020-10-24,UFC 254: Khabib vs. Gaethje,Joel Alvarez vs. Alexander Yakovlev,Joel Alvarez,-190
2020-10-24,UFC 254: Khabib vs. Gaethje,Joel Alvarez vs. Alexander Yakovlev,Alexander Yakovlev,190
2020-08-15,UFC 252: Miocic vs. Cormier 3,John Dodson vs. Merab Dvalishvili,John Dodson,314
2020-08-15,UFC 252: Miocic vs. Cormier 3,John Dodson vs. Merab Dvalishvili,Merab Dvalishvili,-314
2021-08-07,UFC 265: Lewis vs. Gane,Johnny Munoz vs. Jamey Simmons,Johnny Munoz,-146
2021-08-07,UFC 265: Lewis vs. Gane,Johnny Munoz vs. Jamey Simmons,Jamey Simmons,146
2022-06-04,UFC Fight Night: Volkov vs. Rozenstruik,Johnny Munoz vs. Tony Gravely,Johnny Munoz,-108
2022-06-04,UFC Fight Night: Volkov vs. Rozenstruik,Johnny Munoz vs. Tony Gravely,Tony Gravely,108
2022-02-19,UFC Fight Night: Walker vs. Hill,Johnny Walker vs. Jamahal Hill,Johnny Walker,-170
2022-02-19,UFC Fight Night: Walker vs. Hill,Johnny Walker vs. Jamahal Hill,Jamahal Hill,170
2020-03-14,UFC Fight Night: Lee vs. Oliveira,Johnny Walker vs. Nikita Krylov,Johnny Walker,149
2020-03-14,UFC Fight Night: Lee vs. Oliveira,Johnny Walker vs. Nikita Krylov,Nikita Krylov,-149
2020-09-19,UFC Fight Night: Covington vs. Woodley,Johnny Walker vs. Ryan Spann,Johnny Walker,106
2020-09-19,UFC Fight Night: Covington vs. Woodley,Johnny Walker vs. Ryan Spann,Ryan Spann,-106
2021-03-13,UFC Fight Night: Edwards vs. Muhammad,Jonathan Martinez vs. Davey Grant,Jonathan Martinez,-180
2021-03-13,UFC Fight Night: Edwards vs. Muhammad,Jonathan Martinez vs. Davey Grant,Davey Grant,180
2022-05-21,UFC Fight Night: Holm vs. Vieira,Jonathan Martinez vs. Vince Morales,Jonathan Martinez,-165
2022-05-21,UFC Fight Night: Holm vs. Vieira,Jonathan Martinez vs. Vince Morales,Vince Morales,165
2020-11-28,UFC Fight Night: Smith vs. Clark,Jonathan Pearce vs. Kai Kamaka,Jonathan Pearce,481
2020-11-28,UFC Fight Night: Smith vs. Clark,Jonathan Pearce vs. Kai Kamaka,Kai Kamaka,-481
2021-09-25,UFC 266: Volkanovski vs. Ortega,Jonathan Pearce vs. Omar Morales,Jonathan Pearce,-102
2021-09-25,UFC 266: Volkanovski vs. Ortega,Jonathan Pearce vs. Omar Morales,Omar Morales,102
2020-09-19,UFC Fight Night: Covington vs. Woodley,Jordan Espinosa vs. David Dvorak,Jordan Espinosa,-143
2020-09-19,UFC Fight Night: Covington vs. Woodley,Jordan Espinosa vs. David Dvorak,David Dvorak,143
2020-06-13,UFC Fight Night: Eye vs. Calvillo,Jordan Espinosa vs. Mark De La Rosa,Jordan Espinosa,-139
2020-06-13,UFC Fight Night: Eye vs. Calvillo,Jordan Espinosa vs. Mark De La Rosa,Mark De La Rosa,139
2020-06-27,UFC Fight Night: Poirier vs. Hooker,Jordan Griffin vs. Youssef Zalal,Jordan Griffin,332
2020-06-27,UFC Fight Night: Poirier vs. Hooker,Jordan Griffin vs. Youssef Zalal,Youssef Zalal,-332
2021-12-18,UFC Fight Night: Lewis vs. Daukaus,Jordan Leavitt vs. Matt Sayles,Jordan Leavitt,-136
2021-12-18,UFC Fight Night: Lewis vs. Daukaus,Jordan Leavitt vs. Matt Sayles,Matt Sayles,136
2021-12-11,UFC 269: Oliveira vs. Poirier,Jordan Wright vs. Bruno Silva,Jordan Wright,139
2021-12-11,UFC 269: Oliveira vs. Poirier,Jordan Wright vs. Bruno Silva,Bruno Silva,-139
2021-05-15,UFC 262: Oliveira vs. Chandler,Jordan Wright vs. Jamie Pickett,Jordan Wright,-126
2021-05-15,UFC 262: Oliveira vs. Chandler,Jordan Wright vs. Jamie Pickett,Jamie Pickett,126
2022-04-23,UFC Fight Night: Lemos vs. Andrade,Jordan Wright vs. Marc-Andre Barriault,Jordan Wright,-154
2022-04-23,UFC Fight Night: Lemos vs. Andrade,Jordan Wright vs. Marc-Andre Barriault,Marc-Andre Barriault,154
2020-12-19,UFC Fight Night: Thompson vs. Neal,Jose Aldo vs. Marlon Vera,Jose Aldo,105
2020-12-19,UFC Fight Night: Thompson vs. Neal,Jose Aldo vs. Marlon Vera,Marlon Vera,-105
2021-08-07,UFC 265: Lewis vs. Gane,Jose Aldo vs. Pedro Munhoz,Jose Aldo,124
2021-08-07,UFC 265: Lewis vs. Gane,Jose Aldo vs. Pedro Munhoz,Pedro Munhoz,-124
2021-03-06,UFC 259: Blachowicz vs. Adesanya,Joseph Benavidez vs. Askar Askarov,Joseph Benavidez,109
2021-03-06,UFC 259: Blachowicz vs. Adesanya,Joseph Benavidez vs. Askar Askarov,Askar Askarov,-109
2020-02-29,UFC Fight Night: Benavidez vs. Figueiredo,Joseph Benavidez vs. Deiveson Figueiredo,Joseph Benavidez,-129
2020-02-29,UFC Fight Night: Benavidez vs. Figueiredo,Joseph Benavidez vs. Deiveson Figueiredo,Deiveson Figueiredo,129
2022-05-21,UFC Fight Night: Holm vs. Vieira,Joseph Holmes vs. Alen Amedovski,Joseph Holmes,-333
2022-05-21,UFC Fight Night: Holm vs. Vieira,Joseph Holmes vs. Alen Amedovski,Alen Amedovski,333
2021-12-11,UFC 269: Oliveira vs. Poirier,Josh Emmett vs. Dan Ige,Josh Emmett,156
2021-12-11,UFC 269: Oliveira vs. Poirier,Josh Emmett vs. Dan Ige,Dan Ige,-156
2020-06-20,UFC Fight Night: Blaydes vs. Volkov,Josh Emmett vs. Shane Burgos,Josh Emmett,134
2020-06-20,UFC Fight Night: Blaydes vs. Volkov,Josh Emmett vs. Shane Burgos,Shane Burgos,-134
2022-06-25,UFC Fight Night: Tsarukyan vs. Gamrot,Josh Parisian vs. Alan Baudot,Josh Parisian,112
2022-06-25,UFC Fight Night: Tsarukyan vs. Gamrot,Josh Parisian vs. Alan Baudot,Alan Baudot,-112
2021-06-19,UFC Fight Night: Jung vs. Ige,Josh Parisian vs. Roque Martinez,Josh Parisian,-114
2021-06-19,UFC Fight Night: Jung vs. Ige,Josh Parisian vs. Roque Martinez,Roque Martinez,114
2020-09-26,UFC 253: Adesanya vs. Costa,Juan Espino vs. Jeff Hughes,Juan Espino,-170
2020-09-26,UFC 253: Adesanya vs. Costa,Juan Espino vs. Jeff Hughes,Jeff Hughes,170
2021-09-04,UFC Fight Night: Brunson vs. Till,Julian Erosa vs. Charles Jourdain,Julian Erosa,257
2021-09-04,UFC Fight Night: Brunson vs. Till,Julian Erosa vs. Charles Jourdain,Charles Jourdain,-257
2021-06-19,UFC Fight Night: Jung vs. Ige,Julian Erosa vs. SeungWoo Choi,Julian Erosa,145
2021-06-19,UFC Fight Night: Jung vs. Ige,Julian Erosa vs. SeungWoo Choi,SeungWoo Choi,-145
2022-02-05,UFC Fight Night: Hermansson vs. Strickland,Julian Erosa vs. Steven Peterson,Julian Erosa,116
2022-02-05,UFC Fight Night: Hermansson vs. Strickland,Julian Erosa vs. Steven Peterson,Steven Peterson,-116
2022-06-18,UFC Fight Night: Kattar vs. Emmett,Julian Marquez vs. Gregory Rodrigues,Julian Marquez,159
2022-06-18,UFC Fight Night: Kattar vs. Emmett,Julian Marquez vs. Gregory Rodrigues,Gregory Rodrigues,-159
2021-07-24,UFC Fight Night: Sandhagen vs. Dillashaw,Julio Arce vs. Andre Ewell,Julio Arce,-129
2021-07-24,UFC Fight Night: Sandhagen vs. Dillashaw,Julio Arce vs. Andre Ewell,Andre Ewell,129
2021-10-23,UFC Fight Night: Costa vs. Vettori,JunYong Park vs. Gregory Rodrigues,JunYong Park,-108
2021-10-23,UFC Fight Night: Costa vs. Vettori,JunYong Park vs. Gregory Rodrigues,Gregory Rodrigues,108
2020-10-17,UFC Fight Night: Ortega vs. The Korean Zombie,JunYong Park vs. John Phillips,JunYong Park,-290
2020-10-17,UFC Fight Night: Ortega vs. The Korean Zombie,JunYong Park vs. John Phillips,John Phillips,290
2021-05-08,UFC Fight Night: Rodriguez vs. Waterson,JunYong Park vs. Tafon Nchukwi,JunYong Park,-125
2021-05-08,UFC Fight Night: Rodriguez vs. Waterson,JunYong Park vs. Tafon Nchukwi,Tafon Nchukwi,125
2020-12-12,UFC 256: Figueiredo vs. Moreno,Junior Dos Santos vs. Ciryl Gane,Junior Dos Santos,170
2020-12-12,UFC 256: Figueiredo vs. Moreno,Junior Dos Santos vs. Ciryl Gane,Ciryl Gane,-170
2020-08-15,UFC 252: Miocic vs. Cormier 3,Junior Dos Santos vs. Jairzinho Rozenstruik,Junior Dos Santos,-174
2020-08-15,UFC 252: Miocic vs. Cormier 3,Junior Dos Santos vs. Jairzinho Rozenstruik,Jairzinho Rozenstruik,174
2020-06-06,UFC 250: Nunes vs. Spencer,Jussier Formiga vs. Alex Perez,Jussier Formiga,246
2020-06-06,UFC 250: Nunes vs. Spencer,Jussier Formiga vs. Alex Perez,Alex Perez,-246
2020-03-14,UFC Fight Night: Lee vs. Oliveira,Jussier Formiga vs. Brandon Moreno,Jussier Formiga,227
2020-03-14,UFC Fight Night: Lee vs. Oliveira,Jussier Formiga vs. Brandon Moreno,Brandon Moreno,-227
2021-11-06,UFC 268: Usman vs. Covington 2,Justin Gaethje vs. Michael Chandler,Justin Gaethje,-198
2021-11-06,UFC 268: Usman vs. Covington 2,Justin Gaethje vs. Michael Chandler,Michael Chandler,198
2021-12-18,UFC Fight Night: Lewis vs. Daukaus,Justin Tafa vs. Harry Hunsucker,Justin Tafa,-234
2021-12-18,UFC Fight Night: Lewis vs. Daukaus,Justin Tafa vs. Harry Hunsucker,Harry Hunsucker,234
2021-05-22,UFC Fight Night: Font vs. Garbrandt,Justin Tafa vs. Jared Vanderaa,Justin Tafa,-194
2021-05-22,UFC Fight Night: Font vs. Garbrandt,Justin Tafa vs. Jared Vanderaa,Jared Vanderaa,194
2021-05-01,UFC Fight Night: Reyes vs. Prochazka,Kai Kamaka vs. TJ Brown,Kai Kamaka,102
2021-05-01,UFC Fight Night: Reyes vs. Prochazka,Kai Kamaka vs. TJ Brown,TJ Brown,-102
2020-09-26,UFC 253: Adesanya vs. Costa,Kai Kara-France vs. Brandon Royval,Kai Kara-France,-158
2020-09-26,UFC 253: Adesanya vs. Costa,Kai Kara-France vs. Brandon Royval,Brandon Royval,158
2021-12-11,UFC 269: Oliveira vs. Poirier,Kai Kara-France vs. Cody Garbrandt,Kai Kara-France,-115
2021-12-11,UFC 269: Oliveira vs. Poirier,Kai Kara-France vs. Cody Garbrandt,Cody Garbrandt,115
2020-02-22,UFC Fight Night: Felder vs. Hooker,Kai Kara-France vs. Tyson Nam,Kai Kara-France,-237
2020-02-22,UFC Fight Night: Felder vs. Hooker,Kai Kara-France vs. Tyson Nam,Tyson Nam,237
2021-11-06,UFC 268: Usman vs. Covington 2,Kamaru Usman vs. Colby Covington,Kamaru Usman,-289
2021-11-06,UFC 268: Usman vs. Covington 2,Kamaru Usman vs. Colby Covington,Colby Covington,289
2021-02-13,UFC 258: Usman vs. Burns,Kamaru Usman vs. Gilbert Burns,Kamaru Usman,-356
2021-02-13,UFC 258: Usman vs. Burns,Kamaru Usman vs. Gilbert Burns,Gilbert Burns,356
2020-07-11,UFC 251: Usman vs. Masvidal,Kamaru Usman vs. Jorge Masvidal,Kamaru Usman,-208
2020-07-11,UFC 251: Usman vs. Masvidal,Kamaru Usman vs. Jorge Masvidal,Jorge Masvidal,225
2021-04-24,UFC 261: Usman vs. Masvidal 2,Kamaru Usman vs. Jorge Masvidal,Kamaru Usman,-300
2021-04-24,UFC 261: Usman vs. Masvidal 2,Kamaru Usman vs. Jorge Masvidal,Jorge Masvidal,330
2021-04-24,UFC 261: Usman vs. Masvidal 2,Karl Roberson vs. Brendan Allen,Karl Roberson,113
2021-04-24,UFC 261: Usman vs. Masvidal 2,Karl Roberson vs. Brendan Allen,Brendan Allen,-113
2020-06-13,UFC Fight Night: Eye vs. Calvillo,Karl Roberson vs. Marvin Vettori,Karl Roberson,127
2020-06-13,UFC Fight Night: Eye vs. Calvillo,Karl Roberson vs. Marvin Vettori,Marvin Vettori,-127
2021-02-13,UFC 258: Usman vs. Burns,Kelvin Gastelum vs. Ian Heinisch,Kelvin Gastelum,-163
2021-02-13,UFC 258: Usman vs. Burns,Kelvin Gastelum vs. Ian Heinisch,Ian Heinisch,163
2021-11-13,UFC Fight Night: Holloway vs. Rodriguez,Kennedy Nzechukwu vs. Da Woon Jung,Kennedy Nzechukwu,137
2021-11-13,UFC Fight Night: Holloway vs. Rodriguez,Kennedy Nzechukwu vs. Da Woon Jung,Da Woon Jung,-137
2021-06-26,UFC Fight Night: Gane vs. Volkov,Kennedy Nzechukwu vs. Danilo Marques,Kennedy Nzechukwu,140
2021-06-26,UFC Fight Night: Gane vs. Volkov,Kennedy Nzechukwu vs. Danilo Marques,Danilo Marques,-140
2020-02-22,UFC Fight Night: Felder vs. Hooker,Kevin Aguilar vs. Zubaira Tukhugov,Kevin Aguilar,119
2020-02-22,UFC Fight Night: Felder vs. Hooker,Kevin Aguilar vs. Zubaira Tukhugov,Zubaira Tukhugov,-119
2022-03-05,UFC 272: Covington vs. Masvidal,Kevin Holland vs. Alex Oliveira,Kevin Holland,-272
2022-03-05,UFC 272: Covington vs. Masvidal,Kevin Holland vs. Alex Oliveira,Alex Oliveira,272
2020-09-19,UFC Fight Night: Covington vs. Woodley,Kevin Holland vs. Darren Stewart,Kevin Holland,-160
2020-09-19,UFC Fight Night: Covington vs. Woodley,Kevin Holland vs. Darren Stewart,Darren Stewart,160
2020-12-12,UFC 256: Figueiredo vs. Moreno,Kevin Holland vs. Jacare Souza,Kevin Holland,-263
2020-12-12,UFC 256: Figueiredo vs. Moreno,Kevin Holland vs. Jacare Souza,Jacare Souza,263
2020-03-14,UFC Fight Night: Lee vs. Oliveira,Kevin Lee vs. Charles Oliveira,Kevin Lee,-113
2020-03-14,UFC Fight Night: Lee vs. Oliveira,Kevin Lee vs. Charles Oliveira,Charles Oliveira,113
2021-08-28,UFC Fight Night: Barboza vs. Chikadze,Kevin Lee vs. Daniel Rodriguez,Kevin Lee,-155
2021-08-28,UFC Fight Night: Barboza vs. Chikadze,Kevin Lee vs. Daniel Rodriguez,Daniel Rodriguez,155
2020-10-24,UFC 254: Khabib vs. Gaethje,Khabib Nurmagomedov vs. Justin Gaethje,Khabib Nurmagomedov,-467
2020-10-24,UFC 254: Khabib vs. Gaethje,Khabib Nurmagomedov vs. Justin Gaethje,Justin Gaethje,467
2021-07-17,UFC Fight Night: Makhachev vs. Moises,Khalid Taha vs. Sergey Morozov,Khalid Taha,-145
2021-07-17,UFC Fight Night: Makhachev vs. Moises,Khalid Taha vs. Sergey Morozov,Sergey Morozov,145
2022-03-12,UFC Fight Night: Santos vs. Ankalaev,Khalil Rountree Jr. vs. Karl Roberson,Khalil Rountree Jr.,126
2022-03-12,UFC Fight Night: Santos vs. Ankalaev,Khalil Rountree Jr. vs. Karl Roberson,Karl Roberson,-126
2021-01-23,UFC 257: Poirier vs. McGregor,Khalil Rountree Jr. vs. Marcin Prachnio,Khalil Rountree Jr.,-169
2021-01-23,UFC 257: Poirier vs. McGregor,Khalil Rountree Jr. vs. Marcin Prachnio,Marcin Prachnio,169
2021-10-23,UFC Fight Night: Costa vs. Vettori,Khama Worthy vs. Jai Herbert,Khama Worthy,-104
2021-10-23,UFC Fight Night: Costa vs. Vettori,Khama Worthy vs. Jai Herbert,Jai Herbert,104
2020-09-19,UFC Fight Night: Covington vs. Woodley,Khamzat Chimaev vs. Gerald Meerschaert,Khamzat Chimaev,-215
2020-09-19,UFC Fight Night: Covington vs. Woodley,Khamzat Chimaev vs. Gerald Meerschaert,Gerald Meerschaert,215
2021-06-19,UFC Fight Night: Jung vs. Ige,Khaos Williams vs. Matthew Semelsberger,Khaos Williams,-130
2021-06-19,UFC Fight Night: Jung vs. Ige,Khaos Williams vs. Matthew Semelsberger,Matthew Semelsberger,130
2020-09-12,UFC Fight Night: Waterson vs. Hill,King Green vs. Alan Patrick,King Green,-201
2020-09-12,UFC Fight Night: Waterson vs. Hill,King Green vs. Alan Patrick,Alan Patrick,201
2022-02-12,UFC 271: Adesanya vs. Whittaker 2,King Green vs. Nasrat Haqparast,King Green,-101
2022-02-12,UFC 271: Adesanya vs. Whittaker 2,King Green vs. Nasrat Haqparast,Nasrat Haqparast,101
2021-08-07,UFC 265: Lewis vs. Gane,King Green vs. Rafael Fiziev,King Green,-111
2021-08-07,UFC 265: Lewis vs. Gane,King Green vs. Rafael Fiziev,Rafael Fiziev,111
2020-10-31,UFC Fight Night: Hall vs. Silva,King Green vs. Thiago Moises,King Green,-131
2020-10-31,UFC Fight Night: Hall vs. Silva,King Green vs. Thiago Moises,Thiago Moises,131
2022-03-12,UFC Fight Night: Santos vs. Ankalaev,Kris Moutinho vs. Guido Cannetti,Kris Moutinho,-107
2022-03-12,UFC Fight Night: Santos vs. Ankalaev,Kris Moutinho vs. Guido Cannetti,Guido Cannetti,107
2022-04-30,UFC Fight Night: Font vs. Vera,Krzysztof Jotko vs. Gerald Meerschaert,Krzysztof Jotko,-159
2022-04-30,UFC Fight Night: Font vs. Vera,Krzysztof Jotko vs. Gerald Meerschaert,Gerald Meerschaert,159
2022-02-19,UFC Fight Night: Walker vs. Hill,Kyle Daukaus vs. Jamie Pickett,Kyle Daukaus,-144
2022-02-19,UFC Fight Night: Walker vs. Hill,Kyle Daukaus vs. Jamie Pickett,Jamie Pickett,144
2022-02-12,UFC 271: Adesanya vs. Whittaker 2,Kyler Phillips vs. Marcelo Rojo,Kyler Phillips,-358
2022-02-12,UFC 271: Adesanya vs. Whittaker 2,Kyler Phillips vs. Marcelo Rojo,Marcelo Rojo,358
2021-07-24,UFC Fight Night: Sandhagen vs. Dillashaw,Kyler Phillips vs. Raulian Paiva,Kyler Phillips,-209
2021-07-24,UFC Fight Night: Sandhagen vs. Dillashaw,Kyler Phillips vs. Raulian Paiva,Raulian Paiva,209
2022-06-11,UFC 275: Teixeira vs. Prochazka,Kyung Ho Kang vs. Batgerel Danaa,Kyung Ho Kang,117
2022-06-11,UFC 275: Teixeira vs. Prochazka,Kyung Ho Kang vs. Batgerel Danaa,Batgerel Danaa,-117
2022-04-23,UFC Fight Night: Lemos vs. Andrade,Lando Vannata vs. Charles Jourdain,Lando Vannata,111
2022-04-23,UFC Fight Night: Lemos vs. Andrade,Lando Vannata vs. Charles Jourdain,Charles Jourdain,-111
2020-08-01,UFC Fight Night: Brunson vs. Shahbazyan,Lando Vannata vs. King Green,Lando Vannata,104
2020-08-01,UFC Fight Night: Brunson vs. Shahbazyan,Lando Vannata vs. King Green,King Green,-104
2021-05-15,UFC 262: Oliveira vs. Chandler,Lando Vannata vs. Mike Grundy,Lando Vannata,-112
2021-05-15,UFC 262: Oliveira vs. Chandler,Lando Vannata vs. Mike Grundy,Mike Grundy,112
2021-06-12,UFC 263: Adesanya vs. Vettori 2,Leon Edwards vs. Nate Diaz,Leon Edwards,-184
2021-06-12,UFC 263: Adesanya vs. Vettori 2,Leon Edwards vs. Nate Diaz,Nate Diaz,184
2021-03-20,UFC Fight Night: Brunson vs. Holland,Leonardo Santos vs. Grant Dawson,Leonardo Santos,244
2021-03-20,UFC Fight Night: Brunson vs. Holland,Leonardo Santos vs. Grant Dawson,Grant Dawson,-244
2021-01-20,UFC Fight Night: Chiesa vs. Magny,Lerone Murphy vs. Douglas Silva de Andrade,Lerone Murphy,-261
2021-01-20,UFC Fight Night: Chiesa vs. Magny,Lerone Murphy vs. Douglas Silva de Andrade,Douglas Silva de Andrade,261
2021-10-30,UFC 267: Blachowicz vs. Teixeira,Li Jingliang vs. Khamzat Chimaev,Li Jingliang,152
2021-10-30,UFC 267: Blachowicz vs. Teixeira,Li Jingliang vs. Khamzat Chimaev,Khamzat Chimaev,-152
2020-05-30,UFC Fight Night: Woodley vs. Burns,Louis Smolka vs. Casey Kenney,Louis Smolka,132
2020-05-30,UFC Fight Night: Woodley vs. Burns,Louis Smolka vs. Casey Kenney,Casey Kenney,-132
2020-12-05,UFC Fight Night: Hermansson vs. Vettori,Louis Smolka vs. Jose Quinonez,Louis Smolka,185
2020-12-05,UFC Fight Night: Hermansson vs. Vettori,Louis Smolka vs. Jose Quinonez,Jose Quinonez,-185
2021-12-04,UFC Fight Night: Font vs. Aldo,Louis Smolka vs. Vince Morales,Louis Smolka,-100
2021-12-04,UFC Fight Night: Font vs. Aldo,Louis Smolka vs. Vince Morales,Vince Morales,100
2021-05-08,UFC Fight Night: Rodriguez vs. Waterson,Ludovit Klein vs. Michael Trizano,Ludovit Klein,-115
2021-05-08,UFC Fight Night: Rodriguez vs. Waterson,Ludovit Klein vs. Michael Trizano,Michael Trizano,115
2020-10-03,UFC Fight Night: Holm vs. Aldana,Luigi Vendramini vs. Jessin Ayari,Luigi Vendramini,-119
2020-10-03,UFC Fight Night: Holm vs. Aldana,Luigi Vendramini vs. Jessin Ayari,Jessin Ayari,119
2021-04-17,UFC Fight Night: Whittaker vs. Gastelum,Luis Pena vs. Alexander Munoz,Luis Pena,-236
2021-04-17,UFC Fight Night: Whittaker vs. Gastelum,Luis Pena vs. Alexander Munoz,Alexander Munoz,236
2020-06-27,UFC Fight Night: Poirier vs. Hooker,Luis Pena vs. Khama Worthy,Luis Pena,-266
2020-06-27,UFC Fight Night: Poirier vs. Hooker,Luis Pena vs. Khama Worthy,Khama Worthy,266
2022-03-26,UFC Fight Night: Blaydes vs. Daukaus,Luis Saldana vs. Bruno Souza,Luis Saldana,-130
2022-03-26,UFC Fight Night: Blaydes vs. Daukaus,Luis Saldana vs. Bruno Souza,Bruno Souza,130
2021-05-01,UFC Fight Night: Reyes vs. Prochazka,Luke Sanders vs. Felipe Colares,Luke Sanders,125
2021-05-01,UFC Fight Night: Reyes vs. Prochazka,Luke Sanders vs. Felipe Colares,Felipe Colares,-125
2020-11-28,UFC Fight Night: Smith vs. Clark,Luke Sanders vs. Nate Maness,Luke Sanders,117
2020-11-28,UFC Fight Night: Smith vs. Clark,Luke Sanders vs. Nate Maness,Nate Maness,-117
2020-10-24,UFC 254: Khabib vs. Gaethje,Magomed Ankalaev vs. Ion Cutelaba,Magomed Ankalaev,-179
2020-10-24,UFC 254: Khabib vs. Gaethje,Magomed Ankalaev vs. Ion Cutelaba,Ion Cutelaba,179
2021-10-30,UFC 267: Blachowicz vs. Teixeira,Magomed Ankalaev vs. Volkan Oezdemir,Magomed Ankalaev,-223
2021-10-30,UFC 267: Blachowicz vs. Teixeira,Magomed Ankalaev vs. Volkan Oezdemir,Volkan Oezdemir,223
2021-08-28,UFC Fight Night: Barboza vs. Chikadze,Makhmud Muradov vs. Gerald Meerschaert,Makhmud Muradov,-124
2021-08-28,UFC Fight Night: Barboza vs. Chikadze,Makhmud Muradov vs. Gerald Meerschaert,Gerald Meerschaert,124
2020-08-08,UFC Fight Night: Lewis vs. Oleinik,Maki Pitolo vs. Darren Stewart,Maki Pitolo,107
2020-08-08,UFC Fight Night: Lewis vs. Oleinik,Maki Pitolo vs. Darren Stewart,Darren Stewart,-107
2021-12-04,UFC Fight Night: Font vs. Aldo,Maki Pitolo vs. Dusko Todorovic,Maki Pitolo,109
2021-12-04,UFC Fight Night: Font vs. Aldo,Maki Pitolo vs. Dusko Todorovic,Dusko Todorovic,-109
2021-02-13,UFC 258: Usman vs. Burns,Maki Pitolo vs. Julian Marquez,Maki Pitolo,-147
2021-02-13,UFC 258: Usman vs. Burns,Maki Pitolo vs. Julian Marquez,Julian Marquez,147
2020-07-11,UFC 251: Usman vs. Masvidal,Makwan Amirkhani vs. Danny Henry,Makwan Amirkhani,-121
2020-07-11,UFC 251: Usman vs. Masvidal,Makwan Amirkhani vs. Danny Henry,Danny Henry,121
2021-10-30,UFC 267: Blachowicz vs. Teixeira,Makwan Amirkhani vs. Lerone Murphy,Makwan Amirkhani,268
2021-10-30,UFC 267: Blachowicz vs. Teixeira,Makwan Amirkhani vs. Lerone Murphy,Lerone Murphy,-268
2022-02-12,UFC 271: Adesanya vs. Whittaker 2,Mana Martinez vs. Ronnie Lawrence,Mana Martinez,227
2022-02-12,UFC 271: Adesanya vs. Whittaker 2,Mana Martinez vs. Ronnie Lawrence,Ronnie Lawrence,-227
2021-03-13,UFC Fight Night: Edwards vs. Muhammad,Manel Kape vs. Matheus Nicolau,Manel Kape,139
2021-03-13,UFC Fight Night: Edwards vs. Muhammad,Manel Kape vs. Matheus Nicolau,Matheus Nicolau,-139
2021-08-07,UFC 265: Lewis vs. Gane,Manel Kape vs. Ode Osbourne,Manel Kape,-101
2021-08-07,UFC 265: Lewis vs. Gane,Manel Kape vs. Ode Osbourne,Ode Osbourne,101
2021-12-04,UFC Fight Night: Font vs. Aldo,Manel Kape vs. Zhalgas Zhumagulov,Manel Kape,-148
2021-12-04,UFC Fight Night: Font vs. Aldo,Manel Kape vs. Zhalgas Zhumagulov,Zhalgas Zhumagulov,148
2021-11-13,UFC Fight Night: Holloway vs. Rodriguez,Marc Diakiese vs. Rafael Alves,Marc Diakiese,-149
2021-11-13,UFC Fight Night: Holloway vs. Rodriguez,Marc Diakiese vs. Rafael Alves,Rafael Alves,149
2020-07-18,UFC Fight Night: Figueiredo vs. Benavidez 2,Marc Diakiese vs. Rafael Fiziev,Marc Diakiese,-155
2020-07-18,UFC Fight Night: Figueiredo vs. Benavidez 2,Marc Diakiese vs. Rafael Fiziev,Rafael Fiziev,155
2022-03-26,UFC Fight Night: Blaydes vs. Daukaus,Marc Diakiese vs. Viacheslav Borshchev,Marc Diakiese,118
2022-03-26,UFC Fight Night: Blaydes vs. Daukaus,Marc Diakiese vs. Viacheslav Borshchev,Viacheslav Borshchev,-118
2021-03-27,UFC 260: Miocic vs. Ngannou,Marc-Andre Barriault vs. Abu Azaitar,Marc-Andre Barriault,124
2021-03-27,UFC 260: Miocic vs. Ngannou,Marc-Andre Barriault vs. Abu Azaitar,Abu Azaitar,-124
2021-06-26,UFC Fight Night: Gane vs. Volkov,Marcin Prachnio vs. Ike Villanueva,Marcin Prachnio,-163
2021-06-26,UFC Fight Night: Gane vs. Volkov,Marcin Prachnio vs. Ike Villanueva,Ike Villanueva,163
2020-08-22,UFC Fight Night: Munhoz vs. Edgar,Marcin Prachnio vs. Mike Rodriguez,Marcin Prachnio,109
2020-08-22,UFC Fight Night: Munhoz vs. Edgar,Marcin Prachnio vs. Mike Rodriguez,Mike Rodriguez,-109
2022-04-23,UFC Fight Night: Lemos vs. Andrade,Marcin Prachnio vs. Philipe Lins,Marcin Prachnio,-144
2022-04-23,UFC Fight Night: Lemos vs. Andrade,Marcin Prachnio vs. Philipe Lins,Philipe Lins,144
2020-12-19,UFC Fight Night: Thompson vs. Neal,Marcin Tybura vs. Greg Hardy,Marcin Tybura,-111
2020-12-19,UFC Fight Night: Thompson vs. Neal,Marcin Tybura vs. Greg Hardy,Greg Hardy,111
2020-02-29,UFC Fight Night: Benavidez vs. Figueiredo,Marcin Tybura vs. Serghei Spivac,Marcin Tybura,295
2020-02-29,UFC Fight Night: Benavidez vs. Figueiredo,Marcin Tybura vs. Serghei Spivac,Serghei Spivac,-295
2020-03-07,UFC 248: Adesanya vs. Romero,Mark Madsen vs. Austin Hubbard,Mark Madsen,-436
2020-03-07,UFC 248: Adesanya vs. Romero,Mark Madsen vs. Austin Hubbard,Austin Hubbard,436
2020-10-10,UFC Fight Night: Moraes vs. Sandhagen,Marlon Moraes vs. Cory Sandhagen,Marlon Moraes,137
2020-10-10,UFC Fight Night: Moraes vs. Sandhagen,Marlon Moraes vs. Cory Sandhagen,Cory Sandhagen,-137
2021-09-25,UFC 266: Volkanovski vs. Ortega,Marlon Moraes vs. Merab Dvalishvili,Marlon Moraes,318
2021-09-25,UFC 266: Volkanovski vs. Ortega,Marlon Moraes vs. Merab Dvalishvili,Merab Dvalishvili,-318
2020-12-19,UFC Fight Night: Thompson vs. Neal,Marlon Moraes vs. Rob Font,Marlon Moraes,107
2020-12-19,UFC Fight Night: Thompson vs. Neal,Marlon Moraes vs. Rob Font,Rob Font,-107
2022-03-12,UFC Fight Night: Santos vs. Ankalaev,Marlon Moraes vs. Song Yadong,Marlon Moraes,328
2022-03-12,UFC Fight Night: Santos vs. Ankalaev,Marlon Moraes vs. Song Yadong,Song Yadong,-328
2021-06-19,UFC Fight Night: Jung vs. Ige,Marlon Vera vs. Davey Grant,Marlon Vera,-143
2021-06-19,UFC Fight Night: Jung vs. Ige,Marlon Vera vs. Davey Grant,Davey Grant,143
2020-11-28,UFC Fight Night: Smith vs. Clark,Martin Day vs. Anderson Dos Santos,Martin Day,-143
2020-11-28,UFC Fight Night: Smith vs. Clark,Martin Day vs. Anderson Dos Santos,Anderson Dos Santos,143
2020-07-11,UFC 251: Usman vs. Masvidal,Martin Day vs. Davey Grant,Martin Day,-112
2020-07-11,UFC 251: Usman vs. Masvidal,Martin Day vs. Davey Grant,Davey Grant,112
2021-04-10,UFC Fight Night: Vettori vs. Holland,Marvin Vettori vs. Kevin Holland,Marvin Vettori,106
2021-04-10,UFC Fight Night: Vettori vs. Holland,Marvin Vettori vs. Kevin Holland,Kevin Holland,-106
2022-03-26,UFC Fight Night: Blaydes vs. Daukaus,Matheus Nicolau vs. David Dvorak,Matheus Nicolau,112
2022-03-26,UFC Fight Night: Blaydes vs. Daukaus,Matheus Nicolau vs. David Dvorak,David Dvorak,-112
2022-03-26,UFC Fight Night: Blaydes vs. Daukaus,Matt Brown vs. Bryan Barberena,Matt Brown,-131
2022-03-26,UFC Fight Night: Blaydes vs. Daukaus,Matt Brown vs. Bryan Barberena,Bryan Barberena,131
2021-06-19,UFC Fight Night: Jung vs. Ige,Matt Brown vs. Dhiego Lima,Matt Brown,-215
2021-06-19,UFC Fight Night: Jung vs. Ige,Matt Brown vs. Dhiego Lima,Dhiego Lima,215
2020-05-16,UFC Fight Night: Overeem vs. Harris,Matt Brown vs. Miguel Baeza,Matt Brown,125
2020-05-16,UFC Fight Night: Overeem vs. Harris,Matt Brown vs. Miguel Baeza,Miguel Baeza,-125
2021-01-20,UFC Fight Night: Chiesa vs. Magny,Matt Schnell vs. Tyson Nam,Matt Schnell,-141
2021-01-20,UFC Fight Night: Chiesa vs. Magny,Matt Schnell vs. Tyson Nam,Tyson Nam,141
2020-10-31,UFC Fight Night: Hall vs. Silva,Maurice Greene vs. Greg Hardy,Maurice Greene,140
2020-10-31,UFC Fight Night: Hall vs. Silva,Maurice Greene vs. Greg Hardy,Greg Hardy,-140
2021-05-08,UFC Fight Night: Rodriguez vs. Waterson,Maurice Greene vs. Marcos Rogerio de Lima,Maurice Greene,191
2021-05-08,UFC Fight Night: Rodriguez vs. Waterson,Maurice Greene vs. Marcos Rogerio de Lima,Marcos Rogerio de Lima,-191
2022-05-07,UFC 274: Oliveira vs. Gaethje,Mauricio Rua vs. Ovince Saint Preux,Mauricio Rua,-106
2022-05-07,UFC 274: Oliveira vs. Gaethje,Mauricio Rua vs. Ovince Saint Preux,Ovince Saint Preux,106
2020-11-21,UFC 255: Figueiredo vs. Perez,Mauricio Rua vs. Paul Craig,Mauricio Rua,129
2020-11-21,UFC 255: Figueiredo vs. Perez,Mauricio Rua vs. Paul Craig,Paul Craig,-129
2020-07-25,UFC Fight Night: Whittaker vs. Till,Mauricio Rua vs. Rogerio Nogueira,Mauricio Rua,-187
2020-07-25,UFC Fight Night: Whittaker vs. Till,Mauricio Rua vs. Rogerio Nogueira,Rogerio Nogueira,187
2021-01-16,UFC Fight Night: Holloway vs. Kattar,Max Holloway vs. Calvin Kattar,Max Holloway,-341
2021-01-16,UFC Fight Night: Holloway vs. Kattar,Max Holloway vs. Calvin Kattar,Calvin Kattar,341
2021-11-13,UFC Fight Night: Holloway vs. Rodriguez,Max Holloway vs. Yair Rodriguez,Max Holloway,-260
2021-11-13,UFC Fight Night: Holloway vs. Rodriguez,Max Holloway vs. Yair Rodriguez,Yair Rodriguez,260
2021-05-01,UFC Fight Night: Reyes vs. Prochazka,Merab Dvalishvili vs. Cody Stamann,Merab Dvalishvili,-183
2021-05-01,UFC Fight Night: Reyes vs. Prochazka,Merab Dvalishvili vs. Cody Stamann,Cody Stamann,183
2022-05-07,UFC 274: Oliveira vs. Gaethje,Michael Chandler vs. Tony Ferguson,Michael Chandler,318
2022-05-07,UFC 274: Oliveira vs. Gaethje,Michael Chandler vs. Tony Ferguson,Tony Ferguson,-318
2021-01-20,UFC Fight Night: Chiesa vs. Magny,Michael Chiesa vs. Neil Magny,Michael Chiesa,163
2021-01-20,UFC Fight Night: Chiesa vs. Magny,Michael Chiesa vs. Neil Magny,Neil Magny,-163
2021-11-20,UFC Fight Night: Vieira vs. Tate,Michael Chiesa vs. Sean Brady,Michael Chiesa,132
2021-11-20,UFC Fight Night: Vieira vs. Tate,Michael Chiesa vs. Sean Brady,Sean Brady,-132
2021-08-07,UFC 265: Lewis vs. Gane,Michael Chiesa vs. Vicente Luque,Michael Chiesa,117
2021-08-07,UFC 265: Lewis vs. Gane,Michael Chiesa vs. Vicente Luque,Vicente Luque,-117
2022-05-14,UFC Fight Night: Blachowicz vs. Rakic,Michael Johnson vs. Alan Patrick,Michael Johnson,-232
2022-05-14,UFC Fight Night: Blachowicz vs. Rakic,Michael Johnson vs. Alan Patrick,Alan Patrick,232
2021-02-06,UFC Fight Night: Overeem vs. Volkov,Michael Johnson vs. Clay Guida,Michael Johnson,-224
2021-02-06,UFC Fight Night: Overeem vs. Volkov,Michael Johnson vs. Clay Guida,Clay Guida,224
2020-05-13,UFC Fight Night: Smith vs. Teixeira,Michael Johnson vs. Thiago Moises,Michael Johnson,-114
2020-05-13,UFC Fight Night: Smith vs. Teixeira,Michael Johnson vs. Thiago Moises,Thiago Moises,114
2020-12-19,UFC Fight Night: Thompson vs. Neal,Michel Pereira vs. Khaos Williams,Michel Pereira,-103
2020-12-19,UFC Fight Night: Thompson vs. Neal,Michel Pereira vs. Khaos Williams,Khaos Williams,103
2020-09-05,UFC Fight Night: Overeem vs. Sakai,Michel Pereira vs. Zelim Imadaev,Michel Pereira,-122
2020-09-05,UFC Fight Night: Overeem vs. Sakai,Michel Pereira vs. Zelim Imadaev,Zelim Imadaev,122
2021-07-24,UFC Fight Night: Sandhagen vs. Dillashaw,Mickey Gall vs. Jordan Williams,Mickey Gall,-116
2021-07-24,UFC Fight Night: Sandhagen vs. Dillashaw,Mickey Gall vs. Jordan Williams,Jordan Williams,116
2022-04-16,UFC Fight Night: Luque vs. Muhammad,Miguel Baeza vs. Andre Fialho,Miguel Baeza,-170
2022-04-16,UFC Fight Night: Luque vs. Muhammad,Miguel Baeza vs. Andre Fialho,Andre Fialho,170
2021-11-13,UFC Fight Night: Holloway vs. Rodriguez,Miguel Baeza vs. Khaos Williams,Miguel Baeza,117
2021-11-13,UFC Fight Night: Holloway vs. Rodriguez,Miguel Baeza vs. Khaos Williams,Khaos Williams,-117
2020-11-28,UFC Fight Night: Smith vs. Clark,Miguel Baeza vs. Takashi Sato,Miguel Baeza,-256
2020-11-28,UFC Fight Night: Smith vs. Clark,Miguel Baeza vs. Takashi Sato,Takashi Sato,256
2022-03-19,UFC Fight Night: Volkov vs. Aspinall,Mike Grundy vs. Makwan Amirkhani,Mike Grundy,-128
2022-03-19,UFC Fight Night: Volkov vs. Aspinall,Mike Grundy vs. Makwan Amirkhani,Makwan Amirkhani,128
2021-04-10,UFC Fight Night: Vettori vs. Holland,Mike Perry vs. Daniel Rodriguez,Mike Perry,-127
2021-04-10,UFC Fight Night: Vettori vs. Holland,Mike Perry vs. Daniel Rodriguez,Daniel Rodriguez,127
2020-06-27,UFC Fight Night: Poirier vs. Hooker,Mike Perry vs. Mickey Gall,Mike Perry,-166
2020-06-27,UFC Fight Night: Poirier vs. Hooker,Mike Perry vs. Mickey Gall,Mickey Gall,166
2020-11-21,UFC 255: Figueiredo vs. Perez,Mike Perry vs. Tim Means,Mike Perry,-125
2020-11-21,UFC 255: Figueiredo vs. Perez,Mike Perry vs. Tim Means,Tim Means,125
2021-02-06,UFC Fight Night: Overeem vs. Volkov,Mike Rodriguez vs. Danilo Marques,Mike Rodriguez,131
2021-02-06,UFC Fight Night: Overeem vs. Volkov,Mike Rodriguez vs. Danilo Marques,Danilo Marques,-131
2021-09-18,UFC Fight Night: Smith vs. Spann,Mike Rodriguez vs. Tafon Nchukwi,Mike Rodriguez,177
2021-09-18,UFC Fight Night: Smith vs. Spann,Mike Rodriguez vs. Tafon Nchukwi,Tafon Nchukwi,-177
2021-08-07,UFC 265: Lewis vs. Gane,Miles Johns vs. Anderson Dos Santos,Miles Johns,-225
2021-08-07,UFC 265: Lewis vs. Gane,Miles Johns vs. Anderson Dos Santos,Anderson Dos Santos,225
2022-02-05,UFC Fight Night: Hermansson vs. Strickland,Miles Johns vs. John Castaneda,Miles Johns,-232
2022-02-05,UFC Fight Night: Hermansson vs. Strickland,Miles Johns vs. John Castaneda,John Castaneda,232
2020-09-19,UFC Fight Night: Covington vs. Woodley,Mirsad Bektic vs. Damon Jackson,Mirsad Bektic,-285
2020-09-19,UFC Fight Night: Covington vs. Woodley,Mirsad Bektic vs. Damon Jackson,Damon Jackson,285
2021-10-02,UFC Fight Night: Santos vs. Walker,Misha Cirkunov vs. Krzysztof Jotko,Misha Cirkunov,126
2021-10-02,UFC Fight Night: Santos vs. Walker,Misha Cirkunov vs. Krzysztof Jotko,Krzysztof Jotko,-126
2021-03-13,UFC Fight Night: Edwards vs. Muhammad,Misha Cirkunov vs. Ryan Spann,Misha Cirkunov,-125
2021-03-13,UFC Fight Night: Edwards vs. Muhammad,Misha Cirkunov vs. Ryan Spann,Ryan Spann,125
2022-02-26,UFC Fight Night: Makhachev vs. Green,Misha Cirkunov vs. Wellington Turman,Misha Cirkunov,-144
2022-02-26,UFC Fight Night: Makhachev vs. Green,Misha Cirkunov vs. Wellington Turman,Wellington Turman,144
2021-09-04,UFC Fight Night: Brunson vs. Till,Modestas Bukauskas vs. Khalil Rountree Jr.,Modestas Bukauskas,-157
2021-09-04,UFC Fight Night: Brunson vs. Till,Modestas Bukauskas vs. Khalil Rountree Jr.,Khalil Rountree Jr.,157
2021-03-27,UFC 260: Miocic vs. Ngannou,Modestas Bukauskas vs. Michal Oleksiejczuk,Modestas Bukauskas,209
2021-03-27,UFC 260: Miocic vs. Ngannou,Modestas Bukauskas vs. Michal Oleksiejczuk,Michal Oleksiejczuk,-209
2021-09-18,UFC Fight Night: Smith vs. Spann,Montel Jackson vs. JP Buys,Montel Jackson,-393
2021-09-18,UFC Fight Night: Smith vs. Spann,Montel Jackson vs. JP Buys,JP Buys,393
2021-06-12,UFC 263: Adesanya vs. Vettori 2,Movsar Evloev vs. Hakeem Dawodu,Movsar Evloev,101
2021-06-12,UFC 263: Adesanya vs. Vettori 2,Movsar Evloev vs. Hakeem Dawodu,Hakeem Dawodu,-101
2020-07-25,UFC Fight Night: Whittaker vs. Till,Movsar Evloev vs. Mike Grundy,Movsar Evloev,-156
2020-07-25,UFC Fight Night: Whittaker vs. Till,Movsar Evloev vs. Mike Grundy,Mike Grundy,156
2021-07-24,UFC Fight Night: Sandhagen vs. Dillashaw,Nassourdine Imavov vs. Ian Heinisch,Nassourdine Imavov,-160
2021-07-24,UFC Fight Night: Sandhagen vs. Dillashaw,Nassourdine Imavov vs. Ian Heinisch,Ian Heinisch,160
2022-04-30,UFC Fight Night: Font vs. Vera,Natan Levy vs. Mike Breeden,Natan Levy,-304
2022-04-30,UFC Fight Night: Font vs. Vera,Natan Levy vs. Mike Breeden,Mike Breeden,304
2021-02-20,UFC Fight Night: Blaydes vs. Lewis,Nate Landwehr vs. Julian Erosa,Nate Landwehr,-112
2021-02-20,UFC Fight Night: Blaydes vs. Lewis,Nate Landwehr vs. Julian Erosa,Julian Erosa,112
2021-10-16,UFC Fight Night: Ladd vs. Dumont,Nate Landwehr vs. Ludovit Klein,Nate Landwehr,269
2021-10-16,UFC Fight Night: Ladd vs. Dumont,Nate Landwehr vs. Ludovit Klein,Ludovit Klein,-269
2021-09-18,UFC Fight Night: Smith vs. Spann,Nate Maness vs. Tony Gravely,Nate Maness,159
2021-09-18,UFC Fight Night: Smith vs. Spann,Nate Maness vs. Tony Gravely,Tony Gravely,-159
2022-06-25,UFC Fight Night: Tsarukyan vs. Gamrot,Nate Maness vs. Umar Nurmagomedov,Nate Maness,555
2022-06-25,UFC Fight Night: Tsarukyan vs. Gamrot,Nate Maness vs. Umar Nurmagomedov,Umar Nurmagomedov,-555
2020-10-24,UFC 254: Khabib vs. Gaethje,Nathaniel Wood vs. Casey Kenney,Nathaniel Wood,107
2020-10-24,UFC 254: Khabib vs. Gaethje,Nathaniel Wood vs. Casey Kenney,Casey Kenney,-107
2020-06-06,UFC 250: Nunes vs. Spencer,Neil Magny vs. Anthony Rocco Martin,Neil Magny,104
2020-06-06,UFC 250: Nunes vs. Spencer,Neil Magny vs. Anthony Rocco Martin,Anthony Rocco Martin,-104
2021-05-08,UFC Fight Night: Rodriguez vs. Waterson,Neil Magny vs. Geoff Neal,Neil Magny,-122
2021-05-08,UFC Fight Night: Rodriguez vs. Waterson,Neil Magny vs. Geoff Neal,Geoff Neal,122
2020-03-07,UFC 248: Adesanya vs. Romero,Neil Magny vs. Li Jingliang,Neil Magny,117
2020-03-07,UFC 248: Adesanya vs. Romero,Neil Magny vs. Li Jingliang,Li Jingliang,-117
2022-03-26,UFC Fight Night: Blaydes vs. Daukaus,Neil Magny vs. Max Griffin,Neil Magny,-188
2022-03-26,UFC Fight Night: Blaydes vs. Daukaus,Neil Magny vs. Max Griffin,Max Griffin,188
2022-06-25,UFC Fight Night: Tsarukyan vs. Gamrot,Neil Magny vs. Shavkat Rakhmonov,Neil Magny,130
2022-06-25,UFC Fight Night: Tsarukyan vs. Gamrot,Neil Magny vs. Shavkat Rakhmonov,Shavkat Rakhmonov,-130
2021-09-25,UFC 266: Volkanovski vs. Ortega,Nick Diaz vs. Robbie Lawler,Nick Diaz,-147
2021-09-25,UFC 266: Volkanovski vs. Ortega,Nick Diaz vs. Robbie Lawler,Robbie Lawler,147
2022-05-14,UFC Fight Night: Blachowicz vs. Rakic,Nick Maximov vs. Andre Petroski,Nick Maximov,-101
2022-05-14,UFC Fight Night: Blachowicz vs. Rakic,Nick Maximov vs. Andre Petroski,Andre Petroski,101
2021-10-23,UFC Fight Night: Costa vs. Vettori,Nicolae Negumereanu vs. Ike Villanueva,Nicolae Negumereanu,-186
2021-10-23,UFC Fight Night: Costa vs. Vettori,Nicolae Negumereanu vs. Ike Villanueva,Ike Villanueva,186
2022-03-05,UFC 272: Covington vs. Masvidal,Nicolae Negumereanu vs. Kennedy Nzechukwu,Nicolae Negumereanu,129
2022-03-05,UFC 272: Covington vs. Masvidal,Nicolae Negumereanu vs. Kennedy Nzechukwu,Kennedy Nzechukwu,-129
2021-02-27,UFC Fight Night: Rozenstruik vs. Gane,Nikita Krylov vs. Magomed Ankalaev,Nikita Krylov,138
2021-02-27,UFC Fight Night: Rozenstruik vs. Gane,Nikita Krylov vs. Magomed Ankalaev,Magomed Ankalaev,-138
2022-03-19,UFC Fight Night: Volkov vs. Aspinall,Nikita Krylov vs. Paul Craig,Nikita Krylov,-161
2022-03-19,UFC Fight Night: Volkov vs. Aspinall,Nikita Krylov vs. Paul Craig,Paul Craig,161
2022-06-04,UFC Fight Night: Volkov vs. Rozenstruik,Niklas Stolze vs. Benoit Saint Denis,Niklas Stolze,107
2022-06-04,UFC Fight Night: Volkov vs. Rozenstruik,Niklas Stolze vs. Benoit Saint Denis,Benoit Saint Denis,-107
2021-07-31,UFC Fight Night: Hall vs. Strickland,Niklas Stolze vs. Jared Gooden,Niklas Stolze,-129
2021-07-31,UFC Fight Night: Hall vs. Strickland,Niklas Stolze vs. Jared Gooden,Jared Gooden,129
2021-07-10,UFC 264: Poirier vs. McGregor 3,Niko Price vs. Michel Pereira,Niko Price,203
2021-07-10,UFC 264: Poirier vs. McGregor 3,Niko Price vs. Michel Pereira,Michel Pereira,-203
2021-02-06,UFC Fight Night: Overeem vs. Volkov,Ode Osbourne vs. Jerome Rivera,Ode Osbourne,121
2021-02-06,UFC Fight Night: Overeem vs. Volkov,Ode Osbourne vs. Jerome Rivera,Jerome Rivera,-121
2022-06-04,UFC Fight Night: Volkov vs. Rozenstruik,Ode Osbourne vs. Zarrukh Adashev,Ode Osbourne,133
2022-06-04,UFC Fight Night: Volkov vs. Rozenstruik,Ode Osbourne vs. Zarrukh Adashev,Zarrukh Adashev,-133
2022-05-21,UFC Fight Night: Holm vs. Vieira,Omar Morales vs. Uros Medic,Omar Morales,-104
2022-05-21,UFC Fight Night: Holm vs. Vieira,Omar Morales vs. Uros Medic,Uros Medic,104
2021-07-10,UFC 264: Poirier vs. McGregor 3,Omari Akhmedov vs. Brad Tavares,Omari Akhmedov,-163
2021-07-10,UFC 264: Poirier vs. McGregor 3,Omari Akhmedov vs. Brad Tavares,Brad Tavares,163
2021-01-20,UFC Fight Night: Chiesa vs. Magny,Omari Akhmedov vs. Tom Breese,Omari Akhmedov,-118
2021-01-20,UFC Fight Night: Chiesa vs. Magny,Omari Akhmedov vs. Tom Breese,Tom Breese,118
2020-09-12,UFC Fight Night: Waterson vs. Hill,Ottman Azaitar vs. Khama Worthy,Ottman Azaitar,106
2020-09-12,UFC Fight Night: Waterson vs. Hill,Ottman Azaitar vs. Khama Worthy,Khama Worthy,-106
2020-09-05,UFC Fight Night: Overeem vs. Sakai,Ovince Saint Preux vs. Alonzo Menifield,Ovince Saint Preux,168
2020-09-05,UFC Fight Night: Overeem vs. Sakai,Ovince Saint Preux vs. Alonzo Menifield,Alonzo Menifield,-168
2020-12-05,UFC Fight Night: Hermansson vs. Vettori,Ovince Saint Preux vs. Jamahal Hill,Ovince Saint Preux,201
2020-12-05,UFC Fight Night: Hermansson vs. Vettori,Ovince Saint Preux vs. Jamahal Hill,Jamahal Hill,-201
2022-03-19,UFC Fight Night: Volkov vs. Aspinall,Paddy Pimblett vs. Kazula Vargas,Paddy Pimblett,-134
2022-03-19,UFC Fight Night: Volkov vs. Aspinall,Paddy Pimblett vs. Kazula Vargas,Kazula Vargas,134
2022-02-19,UFC Fight Night: Walker vs. Hill,Parker Porter vs. Alan Baudot,Parker Porter,-206
2022-02-19,UFC Fight Night: Walker vs. Hill,Parker Porter vs. Alan Baudot,Alan Baudot,206
2021-08-21,UFC Fight Night: Cannonier vs. Gastelum,Parker Porter vs. Chase Sherman,Parker Porter,-126
2021-08-21,UFC Fight Night: Cannonier vs. Gastelum,Parker Porter vs. Chase Sherman,Chase Sherman,126
2022-04-16,UFC Fight Night: Luque vs. Muhammad,Pat Sabatini vs. TJ Laramie,Pat Sabatini,-240
2022-04-16,UFC Fight Night: Luque vs. Muhammad,Pat Sabatini vs. TJ Laramie,TJ Laramie,240
2021-11-20,UFC Fight Night: Vieira vs. Tate,Pat Sabatini vs. Tucker Lutz,Pat Sabatini,116
2021-11-20,UFC Fight Night: Vieira vs. Tate,Pat Sabatini vs. Tucker Lutz,Tucker Lutz,-116
2020-07-25,UFC Fight Night: Whittaker vs. Till,Paul Craig vs. Gadzhimurad Antigulov,Paul Craig,-129
2020-07-25,UFC Fight Night: Whittaker vs. Till,Paul Craig vs. Gadzhimurad Antigulov,Gadzhimurad Antigulov,129
2021-06-12,UFC 263: Adesanya vs. Vettori 2,Paul Craig vs. Jamahal Hill,Paul Craig,113
2021-06-12,UFC 263: Adesanya vs. Vettori 2,Paul Craig vs. Jamahal Hill,Jamahal Hill,-113
2020-02-22,UFC Fight Night: Felder vs. Hooker,Paul Felder vs. Dan Hooker,Paul Felder,158
2020-02-22,UFC Fight Night: Felder vs. Hooker,Paul Felder vs. Dan Hooker,Dan Hooker,-158
2020-11-14,UFC Fight Night: Felder vs. Dos Anjos,Paul Felder vs. Rafael Dos Anjos,Paul Felder,257
2020-11-14,UFC Fight Night: Felder vs. Dos Anjos,Paul Felder vs. Rafael Dos Anjos,Rafael Dos Anjos,-257
2021-10-23,UFC Fight Night: Costa vs. Vettori,Paulo Costa vs. Marvin Vettori,Paulo Costa,301
2021-10-23,UFC Fight Night: Costa vs. Vettori,Paulo Costa vs. Marvin Vettori,Marvin Vettori,-301
2021-12-11,UFC 269: Oliveira vs. Poirier,Pedro Munhoz vs. Dominick Cruz,Pedro Munhoz,141
2021-12-11,UFC 269: Oliveira vs. Poirier,Pedro Munhoz vs. Dominick Cruz,Dominick Cruz,-141
2020-08-22,UFC Fight Night: Munhoz vs. Edgar,Pedro Munhoz vs. Frankie Edgar,Pedro Munhoz,214
2020-08-22,UFC Fight Night: Munhoz vs. Edgar,Pedro Munhoz vs. Frankie Edgar,Frankie Edgar,-214
2021-02-27,UFC Fight Night: Rozenstruik vs. Gane,Pedro Munhoz vs. Jimmie Rivera,Pedro Munhoz,135
2021-02-27,UFC Fight Night: Rozenstruik vs. Gane,Pedro Munhoz vs. Jimmie Rivera,Jimmie Rivera,-135
2021-10-30,UFC 267: Blachowicz vs. Teixeira,Petr Yan vs. Cory Sandhagen,Petr Yan,114
2021-10-30,UFC 267: Blachowicz vs. Teixeira,Petr Yan vs. Cory Sandhagen,Cory Sandhagen,-114
2020-07-11,UFC 251: Usman vs. Masvidal,Petr Yan vs. Jose Aldo,Petr Yan,-172
2020-07-11,UFC 251: Usman vs. Masvidal,Petr Yan vs. Jose Aldo,Jose Aldo,172
2022-06-18,UFC Fight Night: Kattar vs. Emmett,Phil Hawes vs. Deron Winn,Phil Hawes,-173
2022-06-18,UFC Fight Night: Kattar vs. Emmett,Phil Hawes vs. Deron Winn,Deron Winn,173
2021-05-08,UFC Fight Night: Rodriguez vs. Waterson,Phil Hawes vs. Kyle Daukaus,Phil Hawes,114
2021-05-08,UFC Fight Night: Rodriguez vs. Waterson,Phil Hawes vs. Kyle Daukaus,Kyle Daukaus,-114
2021-02-20,UFC Fight Night: Blaydes vs. Lewis,Phil Hawes vs. Nassourdine Imavov,Phil Hawes,-105
2021-02-20,UFC Fight Night: Blaydes vs. Lewis,Phil Hawes vs. Nassourdine Imavov,Nassourdine Imavov,105
2020-06-27,UFC Fight Night: Poirier vs. Hooker,Philipe Lins vs. Tanner Boser,Philipe Lins,158
2020-06-27,UFC Fight Night: Poirier vs. Hooker,Philipe Lins vs. Tanner Boser,Tanner Boser,-158
2021-07-24,UFC Fight Night: Sandhagen vs. Dillashaw,Punahele Soriano vs. Brendan Allen,Punahele Soriano,114
2021-07-24,UFC Fight Night: Sandhagen vs. Dillashaw,Punahele Soriano vs. Brendan Allen,Brendan Allen,-114
2021-01-16,UFC Fight Night: Holloway vs. Kattar,Punahele Soriano vs. Dusko Todorovic,Punahele Soriano,124
2021-01-16,UFC Fight Night: Holloway vs. Kattar,Punahele Soriano vs. Dusko Todorovic,Dusko Todorovic,-124
2022-02-05,UFC Fight Night: Hermansson vs. Strickland,Punahele Soriano vs. Nick Maximov,Punahele Soriano,136
2022-02-05,UFC Fight Night: Hermansson vs. Strickland,Punahele Soriano vs. Nick Maximov,Nick Maximov,-136
2022-04-16,UFC Fight Night: Luque vs. Muhammad,Rafa Garcia vs. Jesse Ronson,Rafa Garcia,-156
2022-04-16,UFC Fight Night: Luque vs. Muhammad,Rafa Garcia vs. Jesse Ronson,Jesse Ronson,156
2022-03-05,UFC 272: Covington vs. Masvidal,Rafael Dos Anjos vs. Renato Moicano,Rafael Dos Anjos,-152
2022-03-05,UFC 272: Covington vs. Masvidal,Rafael Dos Anjos vs. Renato Moicano,Renato Moicano,152
2022-02-26,UFC Fight Night: Makhachev vs. Green,Ramiz Brahimaj vs. Micheal Gillmore,Ramiz Brahimaj,-162
2022-02-26,UFC Fight Night: Makhachev vs. Green,Ramiz Brahimaj vs. Micheal Gillmore,Micheal Gillmore,162
2021-10-09,UFC Fight Night: Dern vs. Rodriguez,Randy Brown vs. Jared Gooden,Randy Brown,-173
2021-10-09,UFC Fight Night: Dern vs. Rodriguez,Randy Brown vs. Jared Gooden,Jared Gooden,173
2022-05-07,UFC 274: Oliveira vs. Gaethje,Randy Brown vs. Khaos Williams,Randy Brown,107
2022-05-07,UFC 274: Oliveira vs. Gaethje,Randy Brown vs. Khaos Williams,Khaos Williams,-107
2021-12-11,UFC 269: Oliveira vs. Poirier,Randy Costa vs. Tony Kelley,Randy Costa,-282
2021-12-11,UFC 269: Oliveira vs. Poirier,Randy Costa vs. Tony Kelley,Tony Kelley,282
2020-03-14,UFC Fight Night: Lee vs. Oliveira,Rani Yahya vs. Enrique Barzola,Rani Yahya,159
2020-03-14,UFC Fight Night: Lee vs. Oliveira,Rani Yahya vs. Enrique Barzola,Enrique Barzola,-159
2021-11-20,UFC Fight Night: Vieira vs. Tate,Rani Yahya vs. Kyung Ho Kang,Rani Yahya,-129
2021-11-20,UFC Fight Night: Vieira vs. Tate,Rani Yahya vs. Kyung Ho Kang,Kyung Ho Kang,129
2021-03-13,UFC Fight Night: Edwards vs. Muhammad,Rani Yahya vs. Ray Rodriguez,Rani Yahya,-130
2021-03-13,UFC Fight Night: Edwards vs. Muhammad,Rani Yahya vs. Ray Rodriguez,Ray Rodriguez,130
2020-11-07,UFC Fight Night: Santos vs. Teixeira,Raoni Barcelos vs. Khalid Taha,Raoni Barcelos,-142
2020-11-07,UFC Fight Night: Santos vs. Teixeira,Raoni Barcelos vs. Khalid Taha,Khalid Taha,142
2021-06-26,UFC Fight Night: Gane vs. Volkov,Raoni Barcelos vs. Timur Valiev,Raoni Barcelos,116
2021-06-26,UFC Fight Night: Gane vs. Volkov,Raoni Barcelos vs. Timur Valiev,Timur Valiev,-116
2020-06-06,UFC 250: Nunes vs. Spencer,Raphael Assuncao vs. Cody Garbrandt,Raphael Assuncao,115
2020-06-06,UFC 250: Nunes vs. Spencer,Raphael Assuncao vs. Cody Garbrandt,Cody Garbrandt,-115
2021-12-18,UFC Fight Night: Lewis vs. Daukaus,Raphael Assuncao vs. Ricky Simon,Raphael Assuncao,189
2021-12-18,UFC Fight Night: Lewis vs. Daukaus,Raphael Assuncao vs. Ricky Simon,Ricky Simon,-189
2021-12-11,UFC 269: Oliveira vs. Poirier,Raulian Paiva vs. Sean O'Malley,Raulian Paiva,278
2021-12-11,UFC 269: Oliveira vs. Poirier,Raulian Paiva vs. Sean O'Malley,Sean O'Malley,-278
2022-06-25,UFC Fight Night: Tsarukyan vs. Gamrot,Raulian Paiva vs. Sergey Morozov,Raulian Paiva,115
2022-06-25,UFC Fight Night: Tsarukyan vs. Gamrot,Raulian Paiva vs. Sergey Morozov,Sergey Morozov,-115
2020-03-14,UFC Fight Night: Lee vs. Oliveira,Renato Moicano vs. Damir Hadzovic,Renato Moicano,-193
2020-03-14,UFC Fight Night: Lee vs. Oliveira,Renato Moicano vs. Damir Hadzovic,Damir Hadzovic,193
2021-06-26,UFC Fight Night: Gane vs. Volkov,Renato Moicano vs. Jai Herbert,Renato Moicano,-127
2021-06-26,UFC Fight Night: Gane vs. Volkov,Renato Moicano vs. Jai Herbert,Jai Herbert,127
2020-12-12,UFC 256: Figueiredo vs. Moreno,Renato Moicano vs. Rafael Fiziev,Renato Moicano,-109
2020-12-12,UFC 256: Figueiredo vs. Moreno,Renato Moicano vs. Rafael Fiziev,Rafael Fiziev,109
2021-05-22,UFC Fight Night: Font vs. Garbrandt,Ricardo Ramos vs. Bill Algeo,Ricardo Ramos,-147
2021-05-22,UFC Fight Night: Font vs. Garbrandt,Ricardo Ramos vs. Bill Algeo,Bill Algeo,147
2022-06-18,UFC Fight Night: Kattar vs. Emmett,Ricardo Ramos vs. Danny Chavez,Ricardo Ramos,-181
2022-06-18,UFC Fight Night: Kattar vs. Emmett,Ricardo Ramos vs. Danny Chavez,Danny Chavez,181
2020-07-15,UFC Fight Night: Kattar vs. Ige,Ricardo Ramos vs. Lerone Murphy,Ricardo Ramos,-136
2020-07-15,UFC Fight Night: Kattar vs. Ige,Ricardo Ramos vs. Lerone Murphy,Lerone Murphy,136
2021-10-30,UFC 267: Blachowicz vs. Teixeira,Ricardo Ramos vs. Zubaira Tukhugov,Ricardo Ramos,-117
2021-10-30,UFC 267: Blachowicz vs. Teixeira,Ricardo Ramos vs. Zubaira Tukhugov,Zubaira Tukhugov,117
2021-02-13,UFC 258: Usman vs. Burns,Ricky Simon vs. Brian Kelleher,Ricky Simon,-349
2021-02-13,UFC 258: Usman vs. Burns,Ricky Simon vs. Brian Kelleher,Brian Kelleher,349
2020-05-13,UFC Fight Night: Smith vs. Teixeira,Ricky Simon vs. Ray Borg,Ricky Simon,124
2020-05-13,UFC Fight Night: Smith vs. Teixeira,Ricky Simon vs. Ray Borg,Ray Borg,-124
2021-05-22,UFC Fight Night: Font vs. Garbrandt,Rob Font vs. Cody Garbrandt,Rob Font,-127
2021-05-22,UFC Fight Night: Font vs. Garbrandt,Rob Font vs. Cody Garbrandt,Cody Garbrandt,127
2021-12-04,UFC Fight Night: Font vs. Aldo,Rob Font vs. Jose Aldo,Rob Font,-158
2021-12-04,UFC Fight Night: Font vs. Aldo,Rob Font vs. Jose Aldo,Jose Aldo,158
2022-04-30,UFC Fight Night: Font vs. Vera,Rob Font vs. Marlon Vera,Rob Font,-153
2022-04-30,UFC Fight Night: Font vs. Vera,Rob Font vs. Marlon Vera,Marlon Vera,153
2022-07-02,UFC 276: Adesanya vs. Cannonier,Robbie Lawler vs. Bryan Barberena,Robbie Lawler,282
2022-07-02,UFC 276: Adesanya vs. Cannonier,Robbie Lawler vs. Bryan Barberena,Bryan Barberena,-282
2020-08-29,UFC Fight Night: Smith vs. Rakic,Robbie Lawler vs. Neil Magny,Robbie Lawler,454
2020-08-29,UFC Fight Night: Smith vs. Rakic,Robbie Lawler vs. Neil Magny,Neil Magny,-454
2020-07-25,UFC Fight Night: Whittaker vs. Till,Robert Whittaker vs. Darren Till,Robert Whittaker,-185
2020-07-25,UFC Fight Night: Whittaker vs. Till,Robert Whittaker vs. Darren Till,Darren Till,185
2020-10-24,UFC 254: Khabib vs. Gaethje,Robert Whittaker vs. Jared Cannonier,Robert Whittaker,-330
2020-10-24,UFC 254: Khabib vs. Gaethje,Robert Whittaker vs. Jared Cannonier,Jared Cannonier,330
2021-04-17,UFC Fight Night: Whittaker vs. Gastelum,Robert Whittaker vs. Kelvin Gastelum,Robert Whittaker,-155
2021-04-17,UFC Fight Night: Whittaker vs. Gastelum,Robert Whittaker vs. Kelvin Gastelum,Kelvin Gastelum,155
2021-02-13,UFC 258: Usman vs. Burns,Rodolfo Vieira vs. Anthony Hernandez,Rodolfo Vieira,-102
2021-02-13,UFC 258: Usman vs. Burns,Rodolfo Vieira vs. Anthony Hernandez,Anthony Hernandez,102
2021-07-17,UFC Fight Night: Makhachev vs. Moises,Rodolfo Vieira vs. Dustin Stoltzfus,Rodolfo Vieira,-135
2021-07-17,UFC Fight Night: Makhachev vs. Moises,Rodolfo Vieira vs. Dustin Stoltzfus,Dustin Stoltzfus,135
2020-03-07,UFC 248: Adesanya vs. Romero,Rodolfo Vieira vs. Saparbeg Safarov,Rodolfo Vieira,-153
2020-03-07,UFC 248: Adesanya vs. Romero,Rodolfo Vieira vs. Saparbeg Safarov,Saparbeg Safarov,153
2021-03-06,UFC 259: Blachowicz vs. Adesanya,Rogerio Bontorin vs. Kai Kara-France,Rogerio Bontorin,155
2021-03-06,UFC 259: Blachowicz vs. Adesanya,Rogerio Bontorin vs. Kai Kara-France,Kai Kara-France,-155
2022-06-18,UFC Fight Night: Kattar vs. Emmett,Roman Dolidze vs. Kyle Daukaus,Roman Dolidze,-134
2022-06-18,UFC Fight Night: Kattar vs. Emmett,Roman Dolidze vs. Kyle Daukaus,Kyle Daukaus,134
2021-06-05,UFC Fight Night: Rozenstruik vs. Sakai,Roman Dolidze vs. Laureano Staropoli,Roman Dolidze,-172
2021-06-05,UFC Fight Night: Rozenstruik vs. Sakai,Roman Dolidze vs. Laureano Staropoli,Laureano Staropoli,172
2022-02-26,UFC Fight Night: Makhachev vs. Green,Rongzhu vs. Ignacio Bahamondes,Rongzhu,-156
2022-02-26,UFC Fight Night: Makhachev vs. Green,Rongzhu vs. Ignacio Bahamondes,Ignacio Bahamondes,156
2021-08-21,UFC Fight Night: Cannonier vs. Gastelum,Roosevelt Roberts vs. Ignacio Bahamondes,Roosevelt Roberts,-101
2021-08-21,UFC Fight Night: Cannonier vs. Gastelum,Roosevelt Roberts vs. Ignacio Bahamondes,Ignacio Bahamondes,101
2021-07-31,UFC Fight Night: Hall vs. Strickland,Ryan Benoit vs. Zarrukh Adashev,Ryan Benoit,127
2021-07-31,UFC Fight Night: Hall vs. Strickland,Ryan Benoit vs. Zarrukh Adashev,Zarrukh Adashev,-127
2021-12-11,UFC 269: Oliveira vs. Poirier,Ryan Hall vs. Darrick Minner,Ryan Hall,-102
2021-12-11,UFC 269: Oliveira vs. Poirier,Ryan Hall vs. Darrick Minner,Darrick Minner,102
2021-07-10,UFC 264: Poirier vs. McGregor 3,Ryan Hall vs. Ilia Topuria,Ryan Hall,175
2021-07-10,UFC 264: Poirier vs. McGregor 3,Ryan Hall vs. Ilia Topuria,Ilia Topuria,-175
2022-05-14,UFC Fight Night: Blachowicz vs. Rakic,Ryan Spann vs. Ion Cutelaba,Ryan Spann,131
2022-05-14,UFC Fight Night: Blachowicz vs. Rakic,Ryan Spann vs. Ion Cutelaba,Ion Cutelaba,-131
2020-05-09,UFC 249: Ferguson vs. Gaethje,Ryan Spann vs. Sam Alvey,Ryan Spann,-221
2020-05-09,UFC 249: Ferguson vs. Gaethje,Ryan Spann vs. Sam Alvey,Sam Alvey,221
2022-02-05,UFC Fight Night: Hermansson vs. Strickland,Sam Alvey vs. Brendan Allen,Sam Alvey,273
2022-02-05,UFC Fight Night: Hermansson vs. Strickland,Sam Alvey vs. Brendan Allen,Brendan Allen,-273
2021-04-10,UFC Fight Night: Vettori vs. Holland,Sam Alvey vs. Julian Marquez,Sam Alvey,-113
2021-04-10,UFC Fight Night: Vettori vs. Holland,Sam Alvey vs. Julian Marquez,Julian Marquez,113
2021-08-28,UFC Fight Night: Barboza vs. Chikadze,Sam Alvey vs. Wellington Turman,Sam Alvey,123
2021-08-28,UFC Fight Night: Barboza vs. Chikadze,Sam Alvey vs. Wellington Turman,Wellington Turman,-123
2021-01-16,UFC Fight Night: Holloway vs. Kattar,Santiago Ponzinibbio vs. Li Jingliang,Santiago Ponzinibbio,-149
2021-01-16,UFC Fight Night: Holloway vs. Kattar,Santiago Ponzinibbio vs. Li Jingliang,Li Jingliang,149
2022-05-21,UFC Fight Night: Holm vs. Vieira,Santiago Ponzinibbio vs. Michel Pereira,Santiago Ponzinibbio,-104
2022-05-21,UFC Fight Night: Holm vs. Vieira,Santiago Ponzinibbio vs. Michel Pereira,Michel Pereira,104
2021-06-05,UFC Fight Night: Rozenstruik vs. Sakai,Santiago Ponzinibbio vs. Miguel Baeza,Santiago Ponzinibbio,109
2021-06-05,UFC Fight Night: Rozenstruik vs. Sakai,Santiago Ponzinibbio vs. Miguel Baeza,Miguel Baeza,-109
2021-08-21,UFC Fight Night: Cannonier vs. Gastelum,Sasha Palatnikov vs. Ramiz Brahimaj,Sasha Palatnikov,-106
2021-08-21,UFC Fight Night: Cannonier vs. Gastelum,Sasha Palatnikov vs. Ramiz Brahimaj,Ramiz Brahimaj,106
2021-04-10,UFC Fight Night: Vettori vs. Holland,Scott Holtzman vs. Mateusz Gamrot,Scott Holtzman,107
2021-04-10,UFC Fight Night: Vettori vs. Holland,Scott Holtzman vs. Mateusz Gamrot,Mateusz Gamrot,-107
2020-08-29,UFC Fight Night: Smith vs. Rakic,Sean Brady vs. Christian Aguilera,Sean Brady,-137
2020-08-29,UFC Fight Night: Smith vs. Rakic,Sean Brady vs. Christian Aguilera,Christian Aguilera,137
2020-02-29,UFC Fight Night: Benavidez vs. Figueiredo,Sean Brady vs. Ismail Naurdiev,Sean Brady,230
2020-02-29,UFC Fight Night: Benavidez vs. Figueiredo,Sean Brady vs. Ismail Naurdiev,Ismail Naurdiev,-230
2021-03-06,UFC 259: Blachowicz vs. Adesanya,Sean Brady vs. Jake Matthews,Sean Brady,100
2021-03-06,UFC 259: Blachowicz vs. Adesanya,Sean Brady vs. Jake Matthews,Jake Matthews,-100
2020-03-07,UFC 248: Adesanya vs. Romero,Sean O'Malley vs. Jose Quinonez,Sean O'Malley,-103
2020-03-07,UFC 248: Adesanya vs. Romero,Sean O'Malley vs. Jose Quinonez,Jose Quinonez,103
2020-08-15,UFC 252: Miocic vs. Cormier 3,Sean O'Malley vs. Marlon Vera,Sean O'Malley,-231
2020-08-15,UFC 252: Miocic vs. Cormier 3,Sean O'Malley vs. Marlon Vera,Marlon Vera,231
2021-03-27,UFC 260: Miocic vs. Ngannou,Sean O'Malley vs. Thomas Almeida,Sean O'Malley,-193
2021-03-27,UFC 260: Miocic vs. Ngannou,Sean O'Malley vs. Thomas Almeida,Thomas Almeida,193
2020-10-31,UFC Fight Night: Hall vs. Silva,Sean Strickland vs. Jack Marshman,Sean Strickland,-388
2020-10-31,UFC Fight Night: Hall vs. Silva,Sean Strickland vs. Jack Marshman,Jack Marshman,388
2021-05-01,UFC Fight Night: Reyes vs. Prochazka,Sean Strickland vs. Krzysztof Jotko,Sean Strickland,-134
2021-05-01,UFC Fight Night: Reyes vs. Prochazka,Sean Strickland vs. Krzysztof Jotko,Krzysztof Jotko,134
2021-11-13,UFC Fight Night: Holloway vs. Rodriguez,Sean Woodson vs. Collin Anglin,Sean Woodson,-138
2021-11-13,UFC Fight Night: Holloway vs. Rodriguez,Sean Woodson vs. Collin Anglin,Collin Anglin,138
2020-06-27,UFC Fight Night: Poirier vs. Hooker,Sean Woodson vs. Julian Erosa,Sean Woodson,-281
2020-06-27,UFC Fight Night: Poirier vs. Hooker,Sean Woodson vs. Julian Erosa,Julian Erosa,281
2021-06-05,UFC Fight Night: Rozenstruik vs. Sakai,Sean Woodson vs. Youssef Zalal,Sean Woodson,206
2021-06-05,UFC Fight Night: Rozenstruik vs. Sakai,Sean Woodson vs. Youssef Zalal,Youssef Zalal,-206
2022-03-05,UFC 272: Covington vs. Masvidal,Serghei Spivac vs. Greg Hardy,Serghei Spivac,-174
2022-03-05,UFC 272: Covington vs. Masvidal,Serghei Spivac vs. Greg Hardy,Greg Hardy,174
2022-06-11,UFC 275: Teixeira vs. Prochazka,SeungWoo Choi vs. Josh Culibao,SeungWoo Choi,127
2022-06-11,UFC 275: Teixeira vs. Prochazka,SeungWoo Choi vs. Josh Culibao,Josh Culibao,-127
2021-02-06,UFC Fight Night: Overeem vs. Volkov,SeungWoo Choi vs. Youssef Zalal,SeungWoo Choi,358
2021-02-06,UFC Fight Night: Overeem vs. Volkov,SeungWoo Choi vs. Youssef Zalal,Youssef Zalal,-358
2021-09-25,UFC 266: Volkanovski vs. Ortega,Shamil Abdurakhimov vs. Chris Daukaus,Shamil Abdurakhimov,203
2021-09-25,UFC 266: Volkanovski vs. Ortega,Shamil Abdurakhimov vs. Chris Daukaus,Chris Daukaus,-203
2022-03-19,UFC Fight Night: Volkov vs. Aspinall,Shamil Abdurakhimov vs. Sergei Pavlovich,Shamil Abdurakhimov,156
2022-03-19,UFC Fight Night: Volkov vs. Aspinall,Shamil Abdurakhimov vs. Sergei Pavlovich,Sergei Pavlovich,-156
2021-10-30,UFC 267: Blachowicz vs. Teixeira,Shamil Gamzatov vs. Michal Oleksiejczuk,Shamil Gamzatov,156
2021-10-30,UFC 267: Blachowicz vs. Teixeira,Shamil Gamzatov vs. Michal Oleksiejczuk,Michal Oleksiejczuk,-156
2021-11-06,UFC 268: Usman vs. Covington 2,Shane Burgos vs. Billy Quarantillo,Shane Burgos,-109
2021-11-06,UFC 268: Usman vs. Covington 2,Shane Burgos vs. Billy Quarantillo,Billy Quarantillo,109
2021-05-15,UFC 262: Oliveira vs. Chandler,Shane Burgos vs. Edson Barboza,Shane Burgos,-107
2021-05-15,UFC 262: Oliveira vs. Chandler,Shane Burgos vs. Edson Barboza,Edson Barboza,107
2021-03-27,UFC 260: Miocic vs. Ngannou,Shane Young vs. Omar Morales,Shane Young,-102
2021-03-27,UFC 260: Miocic vs. Ngannou,Shane Young vs. Omar Morales,Omar Morales,102
2022-02-05,UFC Fight Night: Hermansson vs. Strickland,Shavkat Rakhmonov vs. Carlston Harris,Shavkat Rakhmonov,-137
2022-02-05,UFC Fight Night: Hermansson vs. Strickland,Shavkat Rakhmonov vs. Carlston Harris,Carlston Harris,137
2021-06-26,UFC Fight Night: Gane vs. Volkov,Shavkat Rakhmonov vs. Michel Prazeres,Shavkat Rakhmonov,-117
2021-06-26,UFC Fight Night: Gane vs. Volkov,Shavkat Rakhmonov vs. Michel Prazeres,Michel Prazeres,117
2021-11-20,UFC Fight Night: Vieira vs. Tate,Shayilan Nuerdanbieke vs. Sean Soriano,Shayilan Nuerdanbieke,-104
2021-11-20,UFC Fight Night: Vieira vs. Tate,Shayilan Nuerdanbieke vs. Sean Soriano,Sean Soriano,104
2022-06-25,UFC Fight Night: Tsarukyan vs. Gamrot,Shayilan Nuerdanbieke vs. TJ Brown,Shayilan Nuerdanbieke,153
2022-06-25,UFC Fight Night: Tsarukyan vs. Gamrot,Shayilan Nuerdanbieke vs. TJ Brown,TJ Brown,-153
2022-03-12,UFC Fight Night: Santos vs. Ankalaev,Sodiq Yusuff vs. Alex Caceres,Sodiq Yusuff,133
2022-03-12,UFC Fight Night: Santos vs. Ankalaev,Sodiq Yusuff vs. Alex Caceres,Alex Caceres,-133
2021-03-20,UFC Fight Night: Brunson vs. Holland,Song Kenan vs. Max Griffin,Song Kenan,-102
2021-03-20,UFC Fight Night: Brunson vs. Holland,Song Kenan vs. Max Griffin,Max Griffin,102
2021-08-07,UFC 265: Lewis vs. Gane,Song Yadong vs. Casey Kenney,Song Yadong,-208
2021-08-07,UFC 265: Lewis vs. Gane,Song Yadong vs. Casey Kenney,Casey Kenney,208
2021-11-13,UFC Fight Night: Holloway vs. Rodriguez,Song Yadong vs. Julio Arce,Song Yadong,-229
2021-11-13,UFC Fight Night: Holloway vs. Rodriguez,Song Yadong vs. Julio Arce,Julio Arce,229
2021-03-06,UFC 259: Blachowicz vs. Adesanya,Song Yadong vs. Kyler Phillips,Song Yadong,-127
2021-03-06,UFC 259: Blachowicz vs. Adesanya,Song Yadong vs. Kyler Phillips,Kyler Phillips,127
2020-05-16,UFC Fight Night: Overeem vs. Harris,Song Yadong vs. Marlon Vera,Song Yadong,-207
2020-05-16,UFC Fight Night: Overeem vs. Harris,Song Yadong vs. Marlon Vera,Marlon Vera,207
2020-11-28,UFC Fight Night: Smith vs. Clark,Spike Carlyle vs. Bill Algeo,Spike Carlyle,-174
2020-11-28,UFC Fight Night: Smith vs. Clark,Spike Carlyle vs. Bill Algeo,Bill Algeo,174
2020-10-24,UFC 254: Khabib vs. Gaethje,Stefan Struve vs. Tai Tuivasa,Stefan Struve,167
2020-10-24,UFC 254: Khabib vs. Gaethje,Stefan Struve vs. Tai Tuivasa,Tai Tuivasa,-167
2021-12-18,UFC Fight Night: Lewis vs. Daukaus,Stephen Thompson vs. Belal Muhammad,Stephen Thompson,-111
2021-12-18,UFC Fight Night: Lewis vs. Daukaus,Stephen Thompson vs. Belal Muhammad,Belal Muhammad,111
2020-12-19,UFC Fight Night: Thompson vs. Neal,Stephen Thompson vs. Geoff Neal,Stephen Thompson,105
2020-12-19,UFC Fight Night: Thompson vs. Neal,Stephen Thompson vs. Geoff Neal,Geoff Neal,-105
2021-10-09,UFC Fight Night: Dern vs. Rodriguez,Steve Garcia vs. Charlie Ontiveros,Steve Garcia,-128
2021-10-09,UFC Fight Night: Dern vs. Rodriguez,Steve Garcia vs. Charlie Ontiveros,Charlie Ontiveros,128
2020-08-15,UFC 252: Miocic vs. Cormier 3,Stipe Miocic vs. Daniel Cormier,Stipe Miocic,108
2020-08-15,UFC 252: Miocic vs. Cormier 3,Stipe Miocic vs. Daniel Cormier,Daniel Cormier,-108
2021-03-27,UFC 260: Miocic vs. Ngannou,Stipe Miocic vs. Francis Ngannou,Stipe Miocic,131
2021-03-27,UFC 260: Miocic vs. Ngannou,Stipe Miocic vs. Francis Ngannou,Francis Ngannou,-131
2020-11-28,UFC Fight Night: Smith vs. Clark,Sumudaerji vs. Malcolm Gordon,Sumudaerji,-199
2020-11-28,UFC Fight Night: Smith vs. Clark,Sumudaerji vs. Malcolm Gordon,Malcolm Gordon,199
2021-01-20,UFC Fight Night: Chiesa vs. Magny,Sumudaerji vs. Zarrukh Adashev,Sumudaerji,-261
2021-01-20,UFC Fight Night: Chiesa vs. Magny,Sumudaerji vs. Zarrukh Adashev,Zarrukh Adashev,261
2022-01-15,UFC Fight Night: Kattar vs. Chikadze,TJ Brown vs. Charles Rosa,TJ Brown,-221
2022-01-15,UFC Fight Night: Kattar vs. Chikadze,TJ Brown vs. Charles Rosa,Charles Rosa,221
2021-07-10,UFC 264: Poirier vs. McGregor 3,Tai Tuivasa vs. Greg Hardy,Tai Tuivasa,109
2021-07-10,UFC 264: Poirier vs. McGregor 3,Tai Tuivasa vs. Greg Hardy,Greg Hardy,-109
2021-06-05,UFC Fight Night: Rozenstruik vs. Sakai,Tanner Boser vs. Ilir Latifi,Tanner Boser,-165
2021-06-05,UFC Fight Night: Rozenstruik vs. Sakai,Tanner Boser vs. Ilir Latifi,Ilir Latifi,165
2021-06-26,UFC Fight Night: Gane vs. Volkov,Tanner Boser vs. Ovince Saint Preux,Tanner Boser,-290
2021-06-26,UFC Fight Night: Gane vs. Volkov,Tanner Boser vs. Ovince Saint Preux,Ovince Saint Preux,290
2020-07-25,UFC Fight Night: Whittaker vs. Till,Tanner Boser vs. Raphael Pessoa,Tanner Boser,-155
2020-07-25,UFC Fight Night: Whittaker vs. Till,Tanner Boser vs. Raphael Pessoa,Raphael Pessoa,155
2022-02-26,UFC Fight Night: Makhachev vs. Green,Terrance McKinney vs. Fares Ziam,Terrance McKinney,226
2022-02-26,UFC Fight Night: Makhachev vs. Green,Terrance McKinney vs. Fares Ziam,Fares Ziam,-226
2022-06-25,UFC Fight Night: Tsarukyan vs. Gamrot,Thiago Moises vs. Christos Giagos,Thiago Moises,-165
2022-06-25,UFC Fight Night: Tsarukyan vs. Gamrot,Thiago Moises vs. Christos Giagos,Christos Giagos,165
2021-11-13,UFC Fight Night: Holloway vs. Rodriguez,Thiago Moises vs. Joel Alvarez,Thiago Moises,108
2021-11-13,UFC Fight Night: Holloway vs. Rodriguez,Thiago Moises vs. Joel Alvarez,Joel Alvarez,-108
2021-03-06,UFC 259: Blachowicz vs. Adesanya,Thiago Santos vs. Aleksandar Rakic,Thiago Santos,152
2021-03-06,UFC 259: Blachowicz vs. Adesanya,Thiago Santos vs. Aleksandar Rakic,Aleksandar Rakic,-152
2020-11-07,UFC Fight Night: Santos vs. Teixeira,Thiago Santos vs. Glover Teixeira,Thiago Santos,-197
2020-11-07,UFC Fight Night: Santos vs. Teixeira,Thiago Santos vs. Glover Teixeira,Glover Teixeira,197
2021-10-02,UFC Fight Night: Santos vs. Walker,Thiago Santos vs. Johnny Walker,Thiago Santos,-114
2021-10-02,UFC Fight Night: Santos vs. Walker,Thiago Santos vs. Johnny Walker,Johnny Walker,114
2022-03-12,UFC Fight Night: Santos vs. Ankalaev,Thiago Santos vs. Magomed Ankalaev,Thiago Santos,191
2022-03-12,UFC Fight Night: Santos vs. Ankalaev,Thiago Santos vs. Magomed Ankalaev,Magomed Ankalaev,-191
2020-10-17,UFC Fight Night: Ortega vs. The Korean Zombie,Thomas Almeida vs. Jonathan Martinez,Thomas Almeida,115
2020-10-17,UFC Fight Night: Ortega vs. The Korean Zombie,Thomas Almeida vs. Jonathan Martinez,Jonathan Martinez,-115
2021-03-06,UFC 259: Blachowicz vs. Adesanya,Tim Elliott vs. Jordan Espinosa,Tim Elliott,-101
2021-03-06,UFC 259: Blachowicz vs. Adesanya,Tim Elliott vs. Jordan Espinosa,Jordan Espinosa,101
2021-10-09,UFC Fight Night: Dern vs. Rodriguez,Tim Elliott vs. Matheus Nicolau,Tim Elliott,102
2021-10-09,UFC Fight Night: Dern vs. Rodriguez,Tim Elliott vs. Matheus Nicolau,Matheus Nicolau,-102
2020-07-15,UFC Fight Night: Kattar vs. Ige,Tim Elliott vs. Ryan Benoit,Tim Elliott,-132
2020-07-15,UFC Fight Night: Kattar vs. Ige,Tim Elliott vs. Ryan Benoit,Ryan Benoit,132
2022-03-05,UFC 272: Covington vs. Masvidal,Tim Elliott vs. Tagir Ulanbekov,Tim Elliott,-122
2022-03-05,UFC 272: Covington vs. Masvidal,Tim Elliott vs. Tagir Ulanbekov,Tagir Ulanbekov,122
2022-06-18,UFC Fight Night: Kattar vs. Emmett,Tim Means vs. Kevin Holland,Tim Means,283
2022-06-18,UFC Fight Night: Kattar vs. Emmett,Tim Means vs. Kevin Holland,Kevin Holland,-283
2020-08-08,UFC Fight Night: Lewis vs. Oleinik,Tim Means vs. Laureano Staropoli,Tim Means,-133
2020-08-08,UFC Fight Night: Lewis vs. Oleinik,Tim Means vs. Laureano Staropoli,Laureano Staropoli,133
2021-06-26,UFC Fight Night: Gane vs. Volkov,Tim Means vs. Nicolas Dalby,Tim Means,-247
2021-06-26,UFC Fight Night: Gane vs. Volkov,Tim Means vs. Nicolas Dalby,Nicolas Dalby,247
2021-09-04,UFC Fight Night: Brunson vs. Till,Tom Aspinall vs. Serghei Spivac,Tom Aspinall,-134
2021-09-04,UFC Fight Night: Brunson vs. Till,Tom Aspinall vs. Serghei Spivac,Serghei Spivac,134
2021-05-15,UFC 262: Oliveira vs. Chandler,Tony Ferguson vs. Beneil Dariush,Tony Ferguson,124
2021-05-15,UFC 262: Oliveira vs. Chandler,Tony Ferguson vs. Beneil Dariush,Beneil Dariush,-124
2020-12-12,UFC 256: Figueiredo vs. Moreno,Tony Ferguson vs. Charles Oliveira,Tony Ferguson,105
2020-12-12,UFC 256: Figueiredo vs. Moreno,Tony Ferguson vs. Charles Oliveira,Charles Oliveira,-105
2020-05-09,UFC 249: Ferguson vs. Gaethje,Tony Ferguson vs. Justin Gaethje,Tony Ferguson,-427
2020-05-09,UFC 249: Ferguson vs. Gaethje,Tony Ferguson vs. Justin Gaethje,Justin Gaethje,427
2021-04-17,UFC Fight Night: Whittaker vs. Gastelum,Tony Gravely vs. Anthony Birchak,Tony Gravely,-119
2021-04-17,UFC Fight Night: Whittaker vs. Gastelum,Tony Gravely vs. Anthony Birchak,Anthony Birchak,119
2020-11-07,UFC Fight Night: Santos vs. Teixeira,Trevin Giles vs. Bevon Lewis,Trevin Giles,-124
2020-11-07,UFC Fight Night: Santos vs. Teixeira,Trevin Giles vs. Bevon Lewis,Bevon Lewis,124
2021-07-10,UFC 264: Poirier vs. McGregor 3,Trevin Giles vs. Dricus Du Plessis,Trevin Giles,-119
2021-07-10,UFC 264: Poirier vs. McGregor 3,Trevin Giles vs. Dricus Du Plessis,Dricus Du Plessis,119
2021-03-20,UFC Fight Night: Brunson vs. Holland,Trevin Giles vs. Roman Dolidze,Trevin Giles,-124
2021-03-20,UFC Fight Night: Brunson vs. Holland,Trevin Giles vs. Roman Dolidze,Roman Dolidze,124
2020-05-30,UFC Fight Night: Woodley vs. Burns,Tyron Woodley vs. Gilbert Burns,Tyron Woodley,107
2020-05-30,UFC Fight Night: Woodley vs. Burns,Tyron Woodley vs. Gilbert Burns,Gilbert Burns,-107
2021-03-27,UFC 260: Miocic vs. Ngannou,Tyron Woodley vs. Vicente Luque,Tyron Woodley,226
2021-03-27,UFC 260: Miocic vs. Ngannou,Tyron Woodley vs. Vicente Luque,Vicente Luque,-226
2022-04-23,UFC Fight Night: Lemos vs. Andrade,Tyson Pedro vs. Ike Villanueva,Tyson Pedro,-493
2022-04-23,UFC Fight Night: Lemos vs. Andrade,Tyson Pedro vs. Ike Villanueva,Ike Villanueva,493
2020-10-31,UFC Fight Night: Hall vs. Silva,Uriah Hall vs. Anderson Silva,Uriah Hall,-110
2020-10-31,UFC Fight Night: Hall vs. Silva,Uriah Hall vs. Anderson Silva,Anderson Silva,110
2022-07-02,UFC 276: Adesanya vs. Cannonier,Uriah Hall vs. Andre Muniz,Uriah Hall,175
2022-07-02,UFC 276: Adesanya vs. Cannonier,Uriah Hall vs. Andre Muniz,Andre Muniz,-175
2021-07-31,UFC Fight Night: Hall vs. Strickland,Uriah Hall vs. Sean Strickland,Uriah Hall,339
2021-07-31,UFC Fight Night: Hall vs. Strickland,Uriah Hall vs. Sean Strickland,Sean Strickland,-339
2021-09-25,UFC 266: Volkanovski vs. Ortega,Uros Medic vs. Jalin Turner,Uros Medic,-192
2021-09-25,UFC 266: Volkanovski vs. Ortega,Uros Medic vs. Jalin Turner,Jalin Turner,192
2022-04-16,UFC Fight Night: Luque vs. Muhammad,Vicente Luque vs. Belal Muhammad,Vicente Luque,-159
2022-04-16,UFC Fight Night: Luque vs. Muhammad,Vicente Luque vs. Belal Muhammad,Belal Muhammad,159
2020-05-09,UFC 249: Ferguson vs. Gaethje,Vicente Luque vs. Niko Price,Vicente Luque,-193
2020-05-09,UFC 249: Ferguson vs. Gaethje,Vicente Luque vs. Niko Price,Niko Price,193
2020-08-01,UFC Fight Night: Brunson vs. Shahbazyan,Vicente Luque vs. Randy Brown,Vicente Luque,-117
2020-08-01,UFC Fight Night: Brunson vs. Shahbazyan,Vicente Luque vs. Randy Brown,Randy Brown,117
2021-08-21,UFC Fight Night: Cannonier vs. Gastelum,Vinc Pichel vs. Austin Hubbard,Vinc Pichel,147
2021-08-21,UFC Fight Night: Cannonier vs. Gastelum,Vinc Pichel vs. Austin Hubbard,Austin Hubbard,-147
2022-04-09,UFC 273: Volkanovski vs. The Korean Zombie,Vinc Pichel vs. Mark Madsen,Vinc Pichel,116
2022-04-09,UFC 273: Volkanovski vs. The Korean Zombie,Vinc Pichel vs. Mark Madsen,Mark Madsen,-116
2021-08-07,UFC 265: Lewis vs. Gane,Vince Morales vs. Drako Rodriguez,Vince Morales,-104
2021-08-07,UFC 265: Lewis vs. Gane,Vince Morales vs. Drako Rodriguez,Drako Rodriguez,104
2021-06-05,UFC Fight Night: Rozenstruik vs. Sakai,Walt Harris vs. Marcin Tybura,Walt Harris,302
2021-06-05,UFC Fight Night: Rozenstruik vs. Sakai,Walt Harris vs. Marcin Tybura,Marcin Tybura,-302
2021-01-20,UFC Fight Night: Chiesa vs. Magny,Warlley Alves vs. Mounir Lazzez,Warlley Alves,112
2021-01-20,UFC Fight Night: Chiesa vs. Magny,Warlley Alves vs. Mounir Lazzez,Mounir Lazzez,-112
2021-06-19,UFC Fight Night: Jung vs. Ige,Wellington Turman vs. Bruno Silva,Wellington Turman,119
2021-06-19,UFC Fight Night: Jung vs. Ige,Wellington Turman vs. Bruno Silva,Bruno Silva,-119
2021-08-21,UFC Fight Night: Cannonier vs. Gastelum,William Knight vs. Fabio Cherant,William Knight,-196
2021-08-21,UFC Fight Night: Cannonier vs. Gastelum,William Knight vs. Fabio Cherant,Fabio Cherant,196
2022-02-12,UFC 271: Adesanya vs. Whittaker 2,William Knight vs. Maxim Grishin,William Knight,-111
2022-02-12,UFC 271: Adesanya vs. Whittaker 2,William Knight vs. Maxim Grishin,Maxim Grishin,111
2021-06-26,UFC Fight Night: Gane vs. Volkov,Yancy Medeiros vs. Damir Hadzovic,Yancy Medeiros,120
2021-06-26,UFC Fight Night: Gane vs. Volkov,Yancy Medeiros vs. Damir Hadzovic,Damir Hadzovic,-120
2020-10-03,UFC Fight Night: Holm vs. Aldana,Yorgan De Castro vs. Carlos Felipe,Yorgan De Castro,156
2020-10-03,UFC Fight Night: Holm vs. Aldana,Yorgan De Castro vs. Carlos Felipe,Carlos Felipe,-156
2021-04-10,UFC Fight Night: Vettori vs. Holland,Yorgan De Castro vs. Jarjis Danho,Yorgan De Castro,-128
2021-04-10,UFC Fight Night: Vettori vs. Holland,Yorgan De Castro vs. Jarjis Danho,Jarjis Danho,128
2021-07-10,UFC 264: Poirier vs. McGregor 3,Zhalgas Zhumagulov vs. Jerome Rivera,Zhalgas Zhumagulov,-101
2021-07-10,UFC 264: Poirier vs. McGregor 3,Zhalgas Zhumagulov vs. Jerome Rivera,Jerome Rivera,101
