DATE,EVENT,BOUT,FIGHTER,odds
2023-08-12,UFC Fight Night: Luque vs. Dos Anjos,AJ Dobson vs. Tafon Nchukwi,AJ Dobson,175
2023-08-12,UFC Fight Night: Luque vs. Dos Anjos,AJ Dobson vs. Tafon Nchukwi,Tafon Nchukwi,-175
2022-08-20,UFC 278: Usman vs. Edwards,AJ Fletcher vs. Ange Loosa,AJ Fletcher,-200
2022-08-20,UFC 278: Usman vs. Edwards,AJ Fletcher vs. Ange Loosa,Ange Loosa,200
2023-10-21,UFC 294: Makhachev vs. Volkanovski 2,Abu Azaitar vs. Sedriques Dumas,Abu Azaitar,213
2023-10-21,UFC 294: Makhachev vs. Volkanovski 2,Abu Azaitar vs. Sedriques Dumas,Sedriques Dumas,-213
2023-06-03,UFC Fight Night: Kara-France vs. Albazi,Abubakar Nurmagomedov vs. Elizeu Zaleski dos Santos,Abubakar Nurmagomedov,174
2023-06-03,UFC Fight Night: Kara-France vs. Albazi,Abubakar Nurmagomedov vs. Elizeu Zaleski dos Santos,Elizeu Zaleski dos Santos,-174
2022-10-22,UFC 280: Oliveira vs. Makhachev,Abubakar Nurmagomedov vs. Gadzhi Omargadzhiev,Abubakar Nurmagomedov,-174
2022-10-22,UFC 280: Oliveira vs. Makhachev,Abubakar Nurmagomedov vs. Gadzhi Omargadzhiev,Gadzhi Omargadzhiev,174
2024-05-18,UFC Fight Night: Barboza vs. Murphy,Abus Magomedov vs. Warlley Alves,Abus Magomedov,-165
2024-05-18,UFC Fight Night: Barboza vs. Murphy,Abus Magomedov vs. Warlley Alves,Warlley Alves,165
2024-05-18,UFC Fight Night: Barboza vs. Murphy,Adrian Yanez vs. Vinicius Salvador,Adrian Yanez,-175
2024-05-18,UFC Fight Night: Barboza vs. Murphy,Adrian Yanez vs. Vinicius Salvador,Vinicius Salvador,175
2023-06-10,UFC 289: Nunes vs. Aldana,Aiemann Zahabi vs. Aoriqileng,Aiemann Zahabi,165
2023-06-10,UFC 289: Nunes vs. Aldana,Aiemann Zahabi vs. Aoriqileng,Aoriqileng,-165
2024-03-02,UFC Fight Night: Rozenstruik vs. Gaziev,Aiemann Zahabi vs. Javid Basharat,Aiemann Zahabi,209
2024-03-02,UFC Fight Night: Rozenstruik vs. Gaziev,Aiemann Zahabi vs. Javid Basharat,Javid Basharat,-209
2022-07-09,UFC Fight Night: Dos Anjos vs. Fiziev,Aiemann Zahabi vs. Ricky Turcios,Aiemann Zahabi,209
2022-07-09,UFC Fight Night: Dos Anjos vs. Fiziev,Aiemann Zahabi vs. Ricky Turcios,Ricky Turcios,-209
2024-05-18,UFC Fight Night: Barboza vs. Murphy,Alatengheili vs. Kleydson Rodrigues,Alatengheili,175
2024-05-18,UFC Fight Night: Barboza vs. Murphy,Alatengheili vs. Kleydson Rodrigues,Kleydson Rodrigues,-175
2023-07-15,UFC Fight Night: Holm vs. Bueno Silva,Albert Duraev vs. JunYong Park,Albert Duraev,165
2023-07-15,UFC Fight Night: Holm vs. Bueno Silva,Albert Duraev vs. JunYong Park,JunYong Park,-165
2024-05-04,UFC 301: Pantoja vs. Erceg,Alessandro Costa vs. Kevin Borjas,Alessandro Costa,-129
2024-05-04,UFC 301: Pantoja vs. Erceg,Alessandro Costa vs. Kevin Borjas,Kevin Borjas,129
2022-09-03,UFC Fight Night: Gane vs. Tuivasa,Alessio Di Chirico vs. Roman Kopylov,Alessio Di Chirico,-161
2022-09-03,UFC Fight Night: Gane vs. Tuivasa,Alessio Di Chirico vs. Roman Kopylov,Roman Kopylov,161
2023-06-03,UFC Fight Night: Kara-France vs. Albazi,Alex Caceres vs. Daniel Pineda,Alex Caceres,-693
2023-06-03,UFC Fight Night: Kara-France vs. Albazi,Alex Caceres vs. Daniel Pineda,Daniel Pineda,693
2022-12-17,UFC Fight Night: Cannonier vs. Strickland,Alex Caceres vs. Julian Erosa,Alex Caceres,-392
2022-12-17,UFC Fight Night: Cannonier vs. Strickland,Alex Caceres vs. Julian Erosa,Julian Erosa,392
2024-05-11,UFC Fight Night: Lewis vs. Nascimento,Alex Caceres vs. Sean Woodson,Alex Caceres,-175
2024-05-11,UFC Fight Night: Lewis vs. Nascimento,Alex Caceres vs. Sean Woodson,Sean Woodson,175
2023-10-07,UFC Fight Night: Dawson vs. Green,Alex Morono vs. Joaquin Buckley,Alex Morono,107
2023-10-07,UFC Fight Night: Dawson vs. Green,Alex Morono vs. Joaquin Buckley,Joaquin Buckley,-107
2022-07-30,UFC 277: Pena vs. Nunes 2,Alex Morono vs. Matthew Semelsberger,Alex Morono,-102
2022-07-30,UFC 277: Pena vs. Nunes 2,Alex Morono vs. Matthew Semelsberger,Matthew Semelsberger,102
2023-04-08,UFC 287: Pereira vs. Adesanya 2,Alex Pereira vs. Israel Adesanya,Alex Pereira,186
2023-04-08,UFC 287: Pereira vs. Adesanya 2,Alex Pereira vs. Israel Adesanya,Israel Adesanya,-186
2024-04-13,UFC 300: Pereira vs. Hill,Alex Pereira vs. Jamahal Hill,Alex Pereira,-209
2024-04-13,UFC 300: Pereira vs. Hill,Alex Pereira vs. Jamahal Hill,Jamahal Hill,209
2024-06-29,UFC 303: Pereira vs. Prochazka 2,Alex Pereira vs. Jiri Prochazka,Alex Pereira,-203
2024-06-29,UFC 303: Pereira vs. Prochazka 2,Alex Pereira vs. Jiri Prochazka,Jiri Prochazka,203
2024-03-02,UFC Fight Night: Rozenstruik vs. Gaziev,Alex Perez vs. Muhammad Mokaev,Alex Perez,209
2024-03-02,UFC Fight Night: Rozenstruik vs. Gaziev,Alex Perez vs. Muhammad Mokaev,Muhammad Mokaev,-209
2024-06-15,UFC Fight Night: Perez vs. Taira,Alex Perez vs. Tatsuro Taira,Alex Perez,209
2024-06-15,UFC Fight Night: Perez vs. Taira,Alex Perez vs. Tatsuro Taira,Tatsuro Taira,-209
2023-10-07,UFC Fight Night: Dawson vs. Green,Alexander Hernandez vs. Bill Algeo,Alexander Hernandez,-107
2023-10-07,UFC Fight Night: Dawson vs. Green,Alexander Hernandez vs. Bill Algeo,Bill Algeo,107
2024-04-06,UFC Fight Night: Allen vs. Curtis 2,Alexander Hernandez vs. Damon Jackson,Alexander Hernandez,-131
2024-04-06,UFC Fight Night: Allen vs. Curtis 2,Alexander Hernandez vs. Damon Jackson,Damon Jackson,131
2023-07-15,UFC Fight Night: Holm vs. Bueno Silva,Alexander Munoz vs. Carl Deaton,Alexander Munoz,147
2023-07-15,UFC Fight Night: Holm vs. Bueno Silva,Alexander Munoz vs. Carl Deaton,Carl Deaton,-147
2024-02-17,UFC 298: Volkanovski vs. Topuria,Alexander Volkanovski vs. Ilia Topuria,Alexander Volkanovski,-175
2024-02-17,UFC 298: Volkanovski vs. Topuria,Alexander Volkanovski vs. Ilia Topuria,Ilia Topuria,175
2023-07-08,UFC 290: Volkanovski vs. Rodriguez,Alexander Volkanovski vs. Yair Rodriguez,Alexander Volkanovski,-693
2023-07-08,UFC 290: Volkanovski vs. Rodriguez,Alexander Volkanovski vs. Yair Rodriguez,Yair Rodriguez,693
2023-03-11,UFC Fight Night: Yan vs. Dvalishvili,Alexander Volkov vs. Alexandr Romanov,Alexander Volkov,-102
2023-03-11,UFC Fight Night: Yan vs. Dvalishvili,Alexander Volkov vs. Alexandr Romanov,Alexandr Romanov,102
2023-07-01,UFC Fight Night: Strickland vs. Magomedov,Alexandr Romanov vs. Blagoy Ivanov,Alexandr Romanov,-228
2023-07-01,UFC Fight Night: Strickland vs. Magomedov,Alexandr Romanov vs. Blagoy Ivanov,Blagoy Ivanov,228
2022-07-30,UFC 277: Pena vs. Nunes 2,Alexandre Pantoja vs. Alex Perez,Alexandre Pantoja,147
2022-07-30,UFC 277: Pena vs. Nunes 2,Alexandre Pantoja vs. Alex Perez,Alex Perez,-147
2023-12-16,UFC 296: Edwards vs. Covington,Alexandre Pantoja vs. Brandon Royval,Alexandre Pantoja,147
2023-12-16,UFC 296: Edwards vs. Covington,Alexandre Pantoja vs. Brandon Royval,Brandon Royval,-147
2024-05-04,UFC 301: Pantoja vs. Erceg,Alexandre Pantoja vs. Steve Erceg,Alexandre Pantoja,147
2024-05-04,UFC 301: Pantoja vs. Erceg,Alexandre Pantoja vs. Steve Erceg,Steve Erceg,-147
2023-01-14,UFC Fight Night: Strickland vs. Imavov,Allan Nascimento vs. Carlos Hernandez,Allan Nascimento,-174
2023-01-14,UFC Fight Night: Strickland vs. Imavov,Allan Nascimento vs. Carlos Hernandez,Carlos Hernandez,174
2024-05-11,UFC Fight Night: Lewis vs. Nascimento,Alonzo Menifield vs. Carlos Ulberg,Alonzo Menifield,186
2024-05-11,UFC Fight Night: Lewis vs. Nascimento,Alonzo Menifield vs. Carlos Ulberg,Carlos Ulberg,-186
2023-12-16,UFC 296: Edwards vs. Covington,Alonzo Menifield vs. Dustin Jacoby,Alonzo Menifield,165
2023-12-16,UFC 296: Edwards vs. Covington,Alonzo Menifield vs. Dustin Jacoby,Dustin Jacoby,-165
2022-08-20,UFC 278: Usman vs. Edwards,Amir Albazi vs. Francisco Figueiredo,Amir Albazi,-147
2022-08-20,UFC 278: Usman vs. Edwards,Amir Albazi vs. Francisco Figueiredo,Francisco Figueiredo,147
2023-05-20,UFC Fight Night: Dern vs. Hill,Andre Fialho vs. Joaquin Buckley,Andre Fialho,209
2023-05-20,UFC Fight Night: Dern vs. Hill,Andre Fialho vs. Joaquin Buckley,Joaquin Buckley,-209
2022-11-19,UFC Fight Night: Nzechukwu vs. Cutelaba,Andre Fialho vs. Muslim Salikhov,Andre Fialho,147
2022-11-19,UFC Fight Night: Nzechukwu vs. Cutelaba,Andre Fialho vs. Muslim Salikhov,Muslim Salikhov,-147
2022-09-17,UFC Fight Night: Sandhagen vs. Song,Andre Fili vs. Bill Algeo,Andre Fili,175
2022-09-17,UFC Fight Night: Sandhagen vs. Song,Andre Fili vs. Bill Algeo,Bill Algeo,-175
2023-12-16,UFC 296: Edwards vs. Covington,Andre Fili vs. Lucas Almeida,Andre Fili,-107
2023-12-16,UFC 296: Edwards vs. Covington,Andre Fili vs. Lucas Almeida,Lucas Almeida,107
2023-02-25,UFC Fight Night: Muniz vs. Allen,Andre Muniz vs. Brendan Allen,Andre Muniz,161
2023-02-25,UFC Fight Night: Muniz vs. Allen,Andre Muniz vs. Brendan Allen,Brendan Allen,-161
2024-09-07,UFC Fight Night: Burns vs. Brady,Andre Petroski vs. Dylan Budka,Andre Petroski,-120
2024-09-07,UFC Fight Night: Burns vs. Brady,Andre Petroski vs. Dylan Budka,Dylan Budka,120
2023-08-19,UFC 292: Sterling vs. O'Malley,Andre Petroski vs. Gerald Meerschaert,Andre Petroski,-186
2023-08-19,UFC 292: Sterling vs. O'Malley,Andre Petroski vs. Gerald Meerschaert,Gerald Meerschaert,186
2024-03-30,UFC Fight Night: Blanchfield vs. Fiorot,Andre Petroski vs. Jacob Malkoun,Andre Petroski,174
2024-03-30,UFC Fight Night: Blanchfield vs. Fiorot,Andre Petroski vs. Jacob Malkoun,Jacob Malkoun,-174
2023-10-14,UFC Fight Night: Yusuff vs. Barboza,Andre Petroski vs. Michel Pereira,Andre Petroski,102
2023-10-14,UFC Fight Night: Yusuff vs. Barboza,Andre Petroski vs. Michel Pereira,Michel Pereira,-102
2022-11-12,UFC 281: Adesanya vs. Pereira,Andre Petroski vs. Wellington Turman,Andre Petroski,-209
2022-11-12,UFC 281: Adesanya vs. Pereira,Andre Petroski vs. Wellington Turman,Wellington Turman,209
2023-06-03,UFC Fight Night: Kara-France vs. Albazi,Andrei Arlovski vs. Don'Tale Mayes,Andrei Arlovski,175
2023-06-03,UFC Fight Night: Kara-France vs. Albazi,Andrei Arlovski vs. Don'Tale Mayes,Don'Tale Mayes,-175
2022-10-29,UFC Fight Night: Kattar vs. Allen,Andrei Arlovski vs. Marcos Rogerio de Lima,Andrei Arlovski,213
2022-10-29,UFC Fight Night: Kattar vs. Allen,Andrei Arlovski vs. Marcos Rogerio de Lima,Marcos Rogerio de Lima,-213
2024-06-29,UFC 303: Pereira vs. Prochazka 2,Andrei Arlovski vs. Martin Buday,Andrei Arlovski,209
2024-06-29,UFC 303: Pereira vs. Prochazka 2,Andrei Arlovski vs. Martin Buday,Martin Buday,-209
2024-01-13,UFC Fight Night: Ankalaev vs. Walker 2,Andrei Arlovski vs. Waldo Cortes-Acosta,Andrei Arlovski,463
2024-01-13,UFC Fight Night: Ankalaev vs. Walker 2,Andrei Arlovski vs. Waldo Cortes-Acosta,Waldo Cortes-Acosta,-463
2023-09-02,UFC Fight Night: Gane vs. Spivac,Ange Loosa vs. Rhys McKee,Ange Loosa,-126
2023-09-02,UFC Fight Night: Gane vs. Spivac,Ange Loosa vs. Rhys McKee,Rhys McKee,126
2022-09-17,UFC Fight Night: Sandhagen vs. Song,Anthony Hernandez vs. Marc-Andre Barriault,Anthony Hernandez,-200
2022-09-17,UFC Fight Night: Sandhagen vs. Song,Anthony Hernandez vs. Marc-Andre Barriault,Marc-Andre Barriault,200
2024-02-17,UFC 298: Volkanovski vs. Topuria,Anthony Hernandez vs. Roman Kopylov,Anthony Hernandez,-178
2024-02-17,UFC 298: Volkanovski vs. Topuria,Anthony Hernandez vs. Roman Kopylov,Roman Kopylov,178
2023-05-13,UFC Fight Night: Rozenstruik vs. Almeida,Anthony Smith vs. Johnny Walker,Anthony Smith,213
2023-05-13,UFC Fight Night: Rozenstruik vs. Almeida,Anthony Smith vs. Johnny Walker,Johnny Walker,-213
2023-12-09,UFC Fight Night: Song vs. Gutierrez,Anthony Smith vs. Khalil Rountree Jr.,Anthony Smith,-175
2023-12-09,UFC Fight Night: Song vs. Gutierrez,Anthony Smith vs. Khalil Rountree Jr.,Khalil Rountree Jr.,175
2024-06-29,UFC 303: Pereira vs. Prochazka 2,Anthony Smith vs. Roman Dolidze,Anthony Smith,-100
2024-06-29,UFC 303: Pereira vs. Prochazka 2,Anthony Smith vs. Roman Dolidze,Roman Dolidze,-100
2023-08-26,UFC Fight Night: Holloway vs. The Korean Zombie,Anthony Smith vs. Ryan Spann,Anthony Smith,147
2023-08-26,UFC Fight Night: Holloway vs. The Korean Zombie,Anthony Smith vs. Ryan Spann,Ryan Spann,-147
2024-05-04,UFC 301: Pantoja vs. Erceg,Anthony Smith vs. Vitor Petrino,Anthony Smith,174
2024-05-04,UFC 301: Pantoja vs. Erceg,Anthony Smith vs. Vitor Petrino,Vitor Petrino,-174
2022-08-20,UFC 278: Usman vs. Edwards,Aoriqileng vs. Jay Perrin,Aoriqileng,-178
2022-08-20,UFC 278: Usman vs. Edwards,Aoriqileng vs. Jay Perrin,Jay Perrin,178
2023-10-07,UFC Fight Night: Dawson vs. Green,Aoriqileng vs. Johnny Munoz,Aoriqileng,175
2023-10-07,UFC Fight Night: Dawson vs. Green,Aoriqileng vs. Johnny Munoz,Johnny Munoz,-175
2022-12-17,UFC Fight Night: Cannonier vs. Strickland,Arman Tsarukyan vs. Damir Ismagulov,Arman Tsarukyan,-209
2022-12-17,UFC Fight Night: Cannonier vs. Strickland,Arman Tsarukyan vs. Damir Ismagulov,Damir Ismagulov,209
2023-06-17,UFC Fight Night: Vettori vs. Cannonier,Arman Tsarukyan vs. Joaquim Silva,Arman Tsarukyan,-800
2023-06-17,UFC Fight Night: Vettori vs. Cannonier,Arman Tsarukyan vs. Joaquim Silva,Joaquim Silva,800
2022-10-22,UFC 280: Oliveira vs. Makhachev,Armen Petrosyan vs. AJ Dobson,Armen Petrosyan,-169
2022-10-22,UFC 280: Oliveira vs. Makhachev,Armen Petrosyan vs. AJ Dobson,AJ Dobson,169
2023-06-17,UFC Fight Night: Vettori vs. Cannonier,Armen Petrosyan vs. Christian Leroy Duncan,Armen Petrosyan,-120
2023-06-17,UFC Fight Night: Vettori vs. Cannonier,Armen Petrosyan vs. Christian Leroy Duncan,Christian Leroy Duncan,120
2024-07-27,UFC 304: Edwards vs. Muhammad 2,Arnold Allen vs. Giga Chikadze,Arnold Allen,-151
2024-07-27,UFC 304: Edwards vs. Muhammad 2,Arnold Allen vs. Giga Chikadze,Giga Chikadze,151
2024-01-20,UFC 297: Strickland vs. Du Plessis,Arnold Allen vs. Movsar Evloev,Arnold Allen,131
2024-01-20,UFC 297: Strickland vs. Du Plessis,Arnold Allen vs. Movsar Evloev,Movsar Evloev,-131
2024-06-15,UFC Fight Night: Perez vs. Taira,Asu Almabayev vs. Jose Johnson,Asu Almabayev,-174
2024-06-15,UFC Fight Night: Perez vs. Taira,Asu Almabayev vs. Jose Johnson,Jose Johnson,174
2023-02-25,UFC Fight Night: Muniz vs. Allen,Augusto Sakai vs. Don'Tale Mayes,Augusto Sakai,-100
2023-02-25,UFC Fight Night: Muniz vs. Allen,Augusto Sakai vs. Don'Tale Mayes,Don'Tale Mayes,-100
2022-08-06,UFC Fight Night: Santos vs. Hill,Augusto Sakai vs. Serghei Spivac,Augusto Sakai,209
2022-08-06,UFC Fight Night: Santos vs. Hill,Augusto Sakai vs. Serghei Spivac,Serghei Spivac,-209
2024-04-27,UFC Fight Night: Nicolau vs. Perez,Austin Hubbard vs. Michal Figlak,Austin Hubbard,102
2024-04-27,UFC Fight Night: Nicolau vs. Perez,Austin Hubbard vs. Michal Figlak,Michal Figlak,-102
2023-07-15,UFC Fight Night: Holm vs. Bueno Silva,Austin Lingo vs. Melquizael Costa,Austin Lingo,102
2023-07-15,UFC Fight Night: Holm vs. Bueno Silva,Austin Lingo vs. Melquizael Costa,Melquizael Costa,-102
2024-08-03,UFC Fight Night: Sandhagen vs. Nurmagomedov,Azamat Murzakanov vs. Alonzo Menifield,Azamat Murzakanov,107
2024-08-03,UFC Fight Night: Sandhagen vs. Nurmagomedov,Azamat Murzakanov vs. Alonzo Menifield,Alonzo Menifield,-107
2024-02-03,UFC Fight Night: Dolidze vs. Imavov,Azat Maksum vs. Charles Johnson,Azat Maksum,125
2024-02-03,UFC Fight Night: Dolidze vs. Imavov,Azat Maksum vs. Charles Johnson,Charles Johnson,-125
2023-05-06,UFC 288: Sterling vs. Cejudo,Belal Muhammad vs. Gilbert Burns,Belal Muhammad,102
2023-05-06,UFC 288: Sterling vs. Cejudo,Belal Muhammad vs. Gilbert Burns,Gilbert Burns,-102
2022-10-22,UFC 280: Oliveira vs. Makhachev,Belal Muhammad vs. Sean Brady,Belal Muhammad,147
2022-10-22,UFC 280: Oliveira vs. Makhachev,Belal Muhammad vs. Sean Brady,Sean Brady,-147
2023-12-02,UFC Fight Night: Dariush vs. Tsarukyan,Beneil Dariush vs. Arman Tsarukyan,Beneil Dariush,-100
2023-12-02,UFC Fight Night: Dariush vs. Tsarukyan,Beneil Dariush vs. Arman Tsarukyan,Arman Tsarukyan,-100
2022-10-22,UFC 280: Oliveira vs. Makhachev,Beneil Dariush vs. Mateusz Gamrot,Beneil Dariush,-175
2022-10-22,UFC 280: Oliveira vs. Makhachev,Beneil Dariush vs. Mateusz Gamrot,Mateusz Gamrot,175
2023-09-02,UFC Fight Night: Gane vs. Spivac,Benoit Saint Denis vs. Thiago Moises,Benoit Saint Denis,-125
2023-09-02,UFC Fight Night: Gane vs. Spivac,Benoit Saint Denis vs. Thiago Moises,Thiago Moises,125
2022-07-16,UFC Fight Night: Ortega vs. Rodriguez,Bill Algeo vs. Herbert Burns,Bill Algeo,-165
2022-07-16,UFC Fight Night: Ortega vs. Rodriguez,Bill Algeo vs. Herbert Burns,Herbert Burns,165
2024-03-30,UFC Fight Night: Blanchfield vs. Fiorot,Bill Algeo vs. Kyle Nelson,Bill Algeo,-186
2024-03-30,UFC Fight Night: Blanchfield vs. Fiorot,Bill Algeo vs. Kyle Nelson,Kyle Nelson,186
2023-04-15,UFC Fight Night: Holloway vs. Allen,Bill Algeo vs. TJ Brown,Bill Algeo,-107
2023-04-15,UFC Fight Night: Holloway vs. Allen,Bill Algeo vs. TJ Brown,TJ Brown,107
2022-12-10,UFC 282: Blachowicz vs. Ankalaev,Billy Quarantillo vs. Alexander Hernandez,Billy Quarantillo,209
2022-12-10,UFC 282: Blachowicz vs. Ankalaev,Billy Quarantillo vs. Alexander Hernandez,Alexander Hernandez,-209
2023-08-05,UFC Fight Night: Sandhagen vs. Font,Billy Quarantillo vs. Damon Jackson,Billy Quarantillo,174
2023-08-05,UFC Fight Night: Sandhagen vs. Font,Billy Quarantillo vs. Damon Jackson,Damon Jackson,-174
2024-03-23,UFC Fight Night: Ribas vs. Namajunas,Billy Quarantillo vs. Youssef Zalal,Billy Quarantillo,209
2024-03-23,UFC Fight Night: Ribas vs. Namajunas,Billy Quarantillo vs. Youssef Zalal,Youssef Zalal,-209
2024-05-11,UFC Fight Night: Lewis vs. Nascimento,Billy Ray Goff vs. Trey Waters,Billy Ray Goff,-125
2024-05-11,UFC Fight Night: Lewis vs. Nascimento,Billy Ray Goff vs. Trey Waters,Trey Waters,125
2024-04-13,UFC 300: Pereira vs. Hill,Bo Nickal vs. Cody Brundage,Bo Nickal,-463
2024-04-13,UFC 300: Pereira vs. Hill,Bo Nickal vs. Cody Brundage,Cody Brundage,463
2023-08-19,UFC 292: Sterling vs. O'Malley,Brad Katona vs. Cody Gibson,Brad Katona,-131
2023-08-19,UFC 292: Sterling vs. O'Malley,Brad Katona vs. Cody Gibson,Cody Gibson,131
2024-01-20,UFC 297: Strickland vs. Du Plessis,Brad Katona vs. Garrett Armfield,Brad Katona,174
2024-01-20,UFC 297: Strickland vs. Du Plessis,Brad Katona vs. Garrett Armfield,Garrett Armfield,-174
2024-06-08,UFC Fight Night: Cannonier vs. Imavov,Brad Katona vs. Jesse Butler,Brad Katona,105
2024-06-08,UFC Fight Night: Cannonier vs. Imavov,Brad Katona vs. Jesse Butler,Jesse Butler,-105
2022-11-12,UFC 281: Adesanya vs. Pereira,Brad Riddell vs. Renato Moicano,Brad Riddell,-147
2022-11-12,UFC 281: Adesanya vs. Pereira,Brad Riddell vs. Renato Moicano,Renato Moicano,147
2023-04-22,UFC Fight Night: Pavlovich vs. Blaydes,Brad Tavares vs. Bruno Silva,Brad Tavares,-148
2023-04-22,UFC Fight Night: Pavlovich vs. Blaydes,Brad Tavares vs. Bruno Silva,Bruno Silva,148
2024-02-10,UFC Fight Night: Hermansson vs. Pyfer,Brad Tavares vs. Gregory Rodrigues,Brad Tavares,175
2024-02-10,UFC Fight Night: Hermansson vs. Pyfer,Brad Tavares vs. Gregory Rodrigues,Gregory Rodrigues,-175
2023-04-22,UFC Fight Night: Pavlovich vs. Blaydes,Brady Hiestand vs. Batgerel Danaa,Brady Hiestand,-165
2023-04-22,UFC Fight Night: Pavlovich vs. Blaydes,Brady Hiestand vs. Batgerel Danaa,Batgerel Danaa,165
2022-11-19,UFC Fight Night: Nzechukwu vs. Cutelaba,Brady Hiestand vs. Fernie Garcia,Brady Hiestand,-175
2022-11-19,UFC Fight Night: Nzechukwu vs. Cutelaba,Brady Hiestand vs. Fernie Garcia,Fernie Garcia,175
2024-06-15,UFC Fight Night: Perez vs. Taira,Brady Hiestand vs. Garrett Armfield,Brady Hiestand,-131
2024-06-15,UFC Fight Night: Perez vs. Taira,Brady Hiestand vs. Garrett Armfield,Garrett Armfield,131
2023-07-08,UFC 290: Volkanovski vs. Rodriguez,Brandon Moreno vs. Alexandre Pantoja,Brandon Moreno,-209
2023-07-08,UFC 290: Volkanovski vs. Rodriguez,Brandon Moreno vs. Alexandre Pantoja,Alexandre Pantoja,209
2024-02-24,UFC Fight Night: Moreno vs. Royval 2,Brandon Moreno vs. Brandon Royval,Brandon Moreno,-209
2024-02-24,UFC Fight Night: Moreno vs. Royval 2,Brandon Moreno vs. Brandon Royval,Brandon Royval,209
2022-07-30,UFC 277: Pena vs. Nunes 2,Brandon Moreno vs. Kai Kara-France,Brandon Moreno,-174
2022-07-30,UFC 277: Pena vs. Nunes 2,Brandon Moreno vs. Kai Kara-France,Kai Kara-France,174
2023-04-15,UFC Fight Night: Holloway vs. Allen,Brandon Royval vs. Matheus Nicolau,Brandon Royval,-100
2023-04-15,UFC Fight Night: Holloway vs. Allen,Brandon Royval vs. Matheus Nicolau,Matheus Nicolau,-100
2023-06-24,UFC Fight Night: Emmett vs. Topuria,Brendan Allen vs. Bruno Silva,Brendan Allen,-541
2023-06-24,UFC Fight Night: Emmett vs. Topuria,Brendan Allen vs. Bruno Silva,Bruno Silva,541
2024-04-06,UFC Fight Night: Allen vs. Curtis 2,Brendan Allen vs. Chris Curtis,Brendan Allen,-693
2024-04-06,UFC Fight Night: Allen vs. Curtis 2,Brendan Allen vs. Chris Curtis,Chris Curtis,693
2023-11-18,UFC Fight Night: Allen vs. Craig,Brendan Allen vs. Paul Craig,Brendan Allen,-217
2023-11-18,UFC Fight Night: Allen vs. Craig,Brendan Allen vs. Paul Craig,Paul Craig,217
2024-07-20,UFC Fight Night: Lemos vs. Jandiroba,Brian Kelleher vs. Cody Gibson,Brian Kelleher,175
2024-07-20,UFC Fight Night: Lemos vs. Jandiroba,Brian Kelleher vs. Cody Gibson,Cody Gibson,-175
2024-06-08,UFC Fight Night: Cannonier vs. Imavov,Brunno Ferreira vs. Dustin Stoltzfus,Brunno Ferreira,-174
2024-06-08,UFC Fight Night: Cannonier vs. Imavov,Brunno Ferreira vs. Dustin Stoltzfus,Dustin Stoltzfus,174
2022-08-13,UFC Fight Night: Vera vs. Cruz,Bruno Silva vs. Gerald Meerschaert,Bruno Silva,148
2022-08-13,UFC Fight Night: Vera vs. Cruz,Bruno Silva vs. Gerald Meerschaert,Gerald Meerschaert,-148
2022-12-03,UFC Fight Night: Thompson vs. Holland,Bryan Barberena vs. Rafael Dos Anjos,Bryan Barberena,131
2022-12-03,UFC Fight Night: Thompson vs. Holland,Bryan Barberena vs. Rafael Dos Anjos,Rafael Dos Anjos,-131
2023-09-23,UFC Fight Night: Fiziev vs. Gamrot,Bryan Battle vs. AJ Fletcher,Bryan Battle,-138
2023-09-23,UFC Fight Night: Fiziev vs. Gamrot,Bryan Battle vs. AJ Fletcher,AJ Fletcher,138
2023-05-13,UFC Fight Night: Rozenstruik vs. Almeida,Bryan Battle vs. Gabe Green,Bryan Battle,-209
2023-05-13,UFC Fight Night: Rozenstruik vs. Almeida,Bryan Battle vs. Gabe Green,Gabe Green,209
2022-12-17,UFC Fight Night: Cannonier vs. Strickland,Bryan Battle vs. Rinat Fakhretdinov,Bryan Battle,-131
2022-12-17,UFC Fight Night: Cannonier vs. Strickland,Bryan Battle vs. Rinat Fakhretdinov,Rinat Fakhretdinov,131
2022-08-06,UFC Fight Night: Santos vs. Hill,Bryan Battle vs. Takashi Sato,Bryan Battle,-463
2022-08-06,UFC Fight Night: Santos vs. Hill,Bryan Battle vs. Takashi Sato,Takashi Sato,463
2023-09-23,UFC Fight Night: Fiziev vs. Gamrot,Bryce Mitchell vs. Dan Ige,Bryce Mitchell,-151
2023-09-23,UFC Fight Night: Fiziev vs. Gamrot,Bryce Mitchell vs. Dan Ige,Dan Ige,151
2022-12-10,UFC 282: Blachowicz vs. Ankalaev,Bryce Mitchell vs. Ilia Topuria,Bryce Mitchell,-120
2022-12-10,UFC 282: Blachowicz vs. Ankalaev,Bryce Mitchell vs. Ilia Topuria,Ilia Topuria,120
2024-03-09,UFC 299: O'Malley vs. Vera 2,CJ Vergara vs. Asu Almabayev,CJ Vergara,209
2024-03-09,UFC 299: O'Malley vs. Vera 2,CJ Vergara vs. Asu Almabayev,Asu Almabayev,-209
2023-03-25,UFC Fight Night: Vera vs. Sandhagen,CJ Vergara vs. Daniel Lacerda,CJ Vergara,-135
2023-03-25,UFC Fight Night: Vera vs. Sandhagen,CJ Vergara vs. Daniel Lacerda,Daniel Lacerda,135
2023-07-29,UFC 291: Poirier vs. Gaethje 2,CJ Vergara vs. Vinicius Salvador,CJ Vergara,161
2023-07-29,UFC 291: Poirier vs. Gaethje 2,CJ Vergara vs. Vinicius Salvador,Vinicius Salvador,-161
2023-11-04,UFC Fight Night: Almeida vs. Lewis,Caio Borralho vs. Abus Magomedov,Caio Borralho,-200
2023-11-04,UFC Fight Night: Almeida vs. Lewis,Caio Borralho vs. Abus Magomedov,Abus Magomedov,200
2022-07-09,UFC Fight Night: Dos Anjos vs. Fiziev,Caio Borralho vs. Armen Petrosyan,Caio Borralho,-186
2022-07-09,UFC Fight Night: Dos Anjos vs. Fiziev,Caio Borralho vs. Armen Petrosyan,Armen Petrosyan,186
2023-04-29,UFC Fight Night: Song vs. Simon,Caio Borralho vs. Michal Oleksiejczuk,Caio Borralho,-100
2023-04-29,UFC Fight Night: Song vs. Simon,Caio Borralho vs. Michal Oleksiejczuk,Michal Oleksiejczuk,-100
2022-10-29,UFC Fight Night: Kattar vs. Allen,Calvin Kattar vs. Arnold Allen,Calvin Kattar,200
2022-10-29,UFC Fight Night: Kattar vs. Allen,Calvin Kattar vs. Arnold Allen,Arnold Allen,-200
2022-11-05,UFC Fight Night: Rodriguez vs. Lemos,Carlos Candelario vs. Jake Hadley,Carlos Candelario,189
2022-11-05,UFC Fight Night: Rodriguez vs. Lemos,Carlos Candelario vs. Jake Hadley,Jake Hadley,-189
2023-06-17,UFC Fight Night: Vettori vs. Cannonier,Carlos Hernandez vs. Denys Bondar,Carlos Hernandez,662
2023-06-17,UFC Fight Night: Vettori vs. Cannonier,Carlos Hernandez vs. Denys Bondar,Denys Bondar,-662
2023-09-09,UFC 293: Adesanya vs. Strickland,Carlos Ulberg vs. Da Woon Jung,Carlos Ulberg,-161
2023-09-09,UFC 293: Adesanya vs. Strickland,Carlos Ulberg vs. Da Woon Jung,Da Woon Jung,161
2023-05-13,UFC Fight Night: Rozenstruik vs. Almeida,Carlos Ulberg vs. Ihor Potieria,Carlos Ulberg,-178
2023-05-13,UFC Fight Night: Rozenstruik vs. Almeida,Carlos Ulberg vs. Ihor Potieria,Ihor Potieria,178
2022-11-12,UFC 281: Adesanya vs. Pereira,Carlos Ulberg vs. Nicolae Negumereanu,Carlos Ulberg,-175
2022-11-12,UFC 281: Adesanya vs. Pereira,Carlos Ulberg vs. Nicolae Negumereanu,Nicolae Negumereanu,175
2023-03-11,UFC Fight Night: Yan vs. Dvalishvili,Carlston Harris vs. Jared Gooden,Carlston Harris,-147
2023-03-11,UFC Fight Night: Yan vs. Dvalishvili,Carlston Harris vs. Jared Gooden,Jared Gooden,147
2024-06-01,UFC 302: Makhachev vs. Poirier,Cesar Almeida vs. Roman Kopylov,Cesar Almeida,-100
2024-06-01,UFC 302: Makhachev vs. Poirier,Cesar Almeida vs. Roman Kopylov,Roman Kopylov,-100
2022-09-10,UFC 279: Diaz vs. Ferguson,Chad Anheliger vs. Alatengheili,Chad Anheliger,174
2022-09-10,UFC 279: Diaz vs. Ferguson,Chad Anheliger vs. Alatengheili,Alatengheili,-174
2023-11-18,UFC Fight Night: Allen vs. Craig,Chad Anheliger vs. Jose Johnson,Chad Anheliger,151
2023-11-18,UFC Fight Night: Allen vs. Craig,Chad Anheliger vs. Jose Johnson,Jose Johnson,-151
2024-05-11,UFC Fight Night: Lewis vs. Nascimento,Charles Johnson vs. Jake Hadley,Charles Johnson,-117
2024-05-11,UFC Fight Night: Lewis vs. Nascimento,Charles Johnson vs. Jake Hadley,Jake Hadley,117
2023-01-14,UFC Fight Night: Strickland vs. Imavov,Charles Johnson vs. Jimmy Flick,Charles Johnson,-166
2023-01-14,UFC Fight Night: Strickland vs. Imavov,Charles Johnson vs. Jimmy Flick,Jimmy Flick,166
2022-11-19,UFC Fight Night: Nzechukwu vs. Cutelaba,Charles Johnson vs. Zhalgas Zhumagulov,Charles Johnson,-183
2022-11-19,UFC Fight Night: Nzechukwu vs. Cutelaba,Charles Johnson vs. Zhalgas Zhumagulov,Zhalgas Zhumagulov,183
2024-06-29,UFC 303: Pereira vs. Prochazka 2,Charles Jourdain vs. Jean Silva,Charles Jourdain,200
2024-06-29,UFC 303: Pereira vs. Prochazka 2,Charles Jourdain vs. Jean Silva,Jean Silva,-200
2022-09-03,UFC Fight Night: Gane vs. Tuivasa,Charles Jourdain vs. Nathaniel Wood,Charles Jourdain,129
2022-09-03,UFC Fight Night: Gane vs. Tuivasa,Charles Jourdain vs. Nathaniel Wood,Nathaniel Wood,-129
2024-01-20,UFC 297: Strickland vs. Du Plessis,Charles Jourdain vs. Sean Woodson,Charles Jourdain,-129
2024-01-20,UFC 297: Strickland vs. Du Plessis,Charles Jourdain vs. Sean Woodson,Sean Woodson,129
2024-04-13,UFC 300: Pereira vs. Hill,Charles Oliveira vs. Arman Tsarukyan,Charles Oliveira,-147
2024-04-13,UFC 300: Pereira vs. Hill,Charles Oliveira vs. Arman Tsarukyan,Arman Tsarukyan,147
2023-06-10,UFC 289: Nunes vs. Aldana,Charles Oliveira vs. Beneil Dariush,Charles Oliveira,147
2023-06-10,UFC 289: Nunes vs. Aldana,Charles Oliveira vs. Beneil Dariush,Beneil Dariush,-147
2022-10-22,UFC 280: Oliveira vs. Makhachev,Charles Oliveira vs. Islam Makhachev,Charles Oliveira,169
2022-10-22,UFC 280: Oliveira vs. Makhachev,Charles Oliveira vs. Islam Makhachev,Islam Makhachev,-169
2024-06-08,UFC Fight Night: Cannonier vs. Imavov,Charles Radtke vs. Carlos Prates,Charles Radtke,-175
2024-06-08,UFC Fight Night: Cannonier vs. Imavov,Charles Radtke vs. Carlos Prates,Carlos Prates,175
2023-11-18,UFC Fight Night: Allen vs. Craig,Chase Hooper vs. Jordan Leavitt,Chase Hooper,120
2023-11-18,UFC Fight Night: Allen vs. Craig,Chase Hooper vs. Jordan Leavitt,Jordan Leavitt,-120
2023-05-20,UFC Fight Night: Dern vs. Hill,Chase Hooper vs. Nick Fiore,Chase Hooper,-147
2023-05-20,UFC Fight Night: Dern vs. Hill,Chase Hooper vs. Nick Fiore,Nick Fiore,147
2022-10-29,UFC Fight Night: Kattar vs. Allen,Chase Hooper vs. Steve Garcia,Chase Hooper,-169
2022-10-29,UFC Fight Night: Kattar vs. Allen,Chase Hooper vs. Steve Garcia,Steve Garcia,169
2024-05-11,UFC Fight Night: Lewis vs. Nascimento,Chase Hooper vs. Viacheslav Borshchev,Chase Hooper,-174
2024-05-11,UFC Fight Night: Lewis vs. Nascimento,Chase Hooper vs. Viacheslav Borshchev,Viacheslav Borshchev,174
2022-11-19,UFC Fight Night: Nzechukwu vs. Cutelaba,Chase Sherman vs. Waldo Cortes-Acosta,Chase Sherman,213
2022-11-19,UFC Fight Night: Nzechukwu vs. Cutelaba,Chase Sherman vs. Waldo Cortes-Acosta,Waldo Cortes-Acosta,-213
2023-03-25,UFC Fight Night: Vera vs. Sandhagen,Chidi Njokuani vs. Albert Duraev,Chidi Njokuani,122
2023-03-25,UFC Fight Night: Vera vs. Sandhagen,Chidi Njokuani vs. Albert Duraev,Albert Duraev,-122
2022-09-17,UFC Fight Night: Sandhagen vs. Song,Chidi Njokuani vs. Gregory Rodrigues,Chidi Njokuani,178
2022-09-17,UFC Fight Night: Sandhagen vs. Song,Chidi Njokuani vs. Gregory Rodrigues,Gregory Rodrigues,-178
2023-08-26,UFC Fight Night: Holloway vs. The Korean Zombie,Chidi Njokuani vs. Michal Oleksiejczuk,Chidi Njokuani,129
2023-08-26,UFC Fight Night: Holloway vs. The Korean Zombie,Chidi Njokuani vs. Michal Oleksiejczuk,Michal Oleksiejczuk,-129
2024-03-30,UFC Fight Night: Blanchfield vs. Fiorot,Chidi Njokuani vs. Rhys McKee,Chidi Njokuani,-151
2024-03-30,UFC Fight Night: Blanchfield vs. Fiorot,Chidi Njokuani vs. Rhys McKee,Rhys McKee,151
2022-12-10,UFC 282: Blachowicz vs. Ankalaev,Chris Curtis vs. Joaquin Buckley,Chris Curtis,191
2022-12-10,UFC 282: Blachowicz vs. Ankalaev,Chris Curtis vs. Joaquin Buckley,Joaquin Buckley,-191
2023-04-08,UFC 287: Pereira vs. Adesanya 2,Chris Curtis vs. Kelvin Gastelum,Chris Curtis,209
2023-04-08,UFC 287: Pereira vs. Adesanya 2,Chris Curtis vs. Kelvin Gastelum,Kelvin Gastelum,-209
2024-01-20,UFC 297: Strickland vs. Du Plessis,Chris Curtis vs. Marc-Andre Barriault,Chris Curtis,122
2024-01-20,UFC 297: Strickland vs. Du Plessis,Chris Curtis vs. Marc-Andre Barriault,Marc-Andre Barriault,-122
2023-07-22,UFC Fight Night: Aspinall vs. Tybura,Chris Duncan vs. Yanal Ashmouz,Chris Duncan,662
2023-07-22,UFC Fight Night: Aspinall vs. Tybura,Chris Duncan vs. Yanal Ashmouz,Yanal Ashmouz,-662
2023-10-14,UFC Fight Night: Yusuff vs. Barboza,Chris Gutierrez vs. Alatengheili,Chris Gutierrez,-213
2023-10-14,UFC Fight Night: Yusuff vs. Barboza,Chris Gutierrez vs. Alatengheili,Alatengheili,213
2024-03-02,UFC Fight Night: Rozenstruik vs. Gaziev,Christian Leroy Duncan vs. Claudio Ribeiro,Christian Leroy Duncan,-174
2024-03-02,UFC Fight Night: Rozenstruik vs. Gaziev,Christian Leroy Duncan vs. Claudio Ribeiro,Claudio Ribeiro,174
2023-11-18,UFC Fight Night: Allen vs. Craig,Christian Leroy Duncan vs. Denis Tiuliulin,Christian Leroy Duncan,-209
2023-11-18,UFC Fight Night: Allen vs. Craig,Christian Leroy Duncan vs. Denis Tiuliulin,Denis Tiuliulin,209
2024-07-27,UFC 304: Edwards vs. Muhammad 2,Christian Leroy Duncan vs. Gregory Rodrigues,Christian Leroy Duncan,102
2024-07-27,UFC 304: Edwards vs. Muhammad 2,Christian Leroy Duncan vs. Gregory Rodrigues,Gregory Rodrigues,-102
2023-10-14,UFC Fight Night: Yusuff vs. Barboza,Christian Rodriguez vs. Cameron Saaiman,Christian Rodriguez,131
2023-10-14,UFC Fight Night: Yusuff vs. Barboza,Christian Rodriguez vs. Cameron Saaiman,Cameron Saaiman,-131
2024-03-16,UFC Fight Night: Tuivasa vs. Tybura,Christian Rodriguez vs. Isaac Dulgarian,Christian Rodriguez,102
2024-03-16,UFC Fight Night: Tuivasa vs. Tybura,Christian Rodriguez vs. Isaac Dulgarian,Isaac Dulgarian,-102
2023-09-02,UFC Fight Night: Gane vs. Spivac,Ciryl Gane vs. Serghei Spivac,Ciryl Gane,-209
2023-09-02,UFC Fight Night: Gane vs. Spivac,Ciryl Gane vs. Serghei Spivac,Serghei Spivac,209
2022-09-03,UFC Fight Night: Gane vs. Tuivasa,Ciryl Gane vs. Tai Tuivasa,Ciryl Gane,-217
2022-09-03,UFC Fight Night: Gane vs. Tuivasa,Ciryl Gane vs. Tai Tuivasa,Tai Tuivasa,217
2024-02-24,UFC Fight Night: Moreno vs. Royval 2,Claudio Puelles vs. Fares Ziam,Claudio Puelles,183
2024-02-24,UFC Fight Night: Moreno vs. Royval 2,Claudio Puelles vs. Fares Ziam,Fares Ziam,-183
2022-07-23,UFC Fight Night: Blaydes vs. Aspinall,Claudio Silva vs. Nicolas Dalby,Claudio Silva,-100
2022-07-23,UFC Fight Night: Blaydes vs. Aspinall,Claudio Silva vs. Nicolas Dalby,Nicolas Dalby,-100
2023-12-02,UFC Fight Night: Dariush vs. Tsarukyan,Clay Guida vs. Joaquim Silva,Clay Guida,-151
2023-12-02,UFC Fight Night: Dariush vs. Tsarukyan,Clay Guida vs. Joaquim Silva,Joaquim Silva,151
2023-04-15,UFC Fight Night: Holloway vs. Allen,Clay Guida vs. Rafa Garcia,Clay Guida,209
2023-04-15,UFC Fight Night: Holloway vs. Allen,Clay Guida vs. Rafa Garcia,Rafa Garcia,-209
2022-12-03,UFC Fight Night: Thompson vs. Holland,Clay Guida vs. Scott Holtzman,Clay Guida,178
2022-12-03,UFC Fight Night: Thompson vs. Holland,Clay Guida vs. Scott Holtzman,Scott Holtzman,-178
2022-12-17,UFC Fight Night: Cannonier vs. Strickland,Cody Brundage vs. Michal Oleksiejczuk,Cody Brundage,-147
2022-12-17,UFC Fight Night: Cannonier vs. Strickland,Cody Brundage vs. Michal Oleksiejczuk,Michal Oleksiejczuk,147
2023-06-24,UFC Fight Night: Emmett vs. Topuria,Cody Brundage vs. Sedriques Dumas,Cody Brundage,-174
2023-06-24,UFC Fight Night: Emmett vs. Topuria,Cody Brundage vs. Sedriques Dumas,Sedriques Dumas,174
2022-07-09,UFC Fight Night: Dos Anjos vs. Fiziev,Cody Brundage vs. Tresean Gore,Cody Brundage,-165
2022-07-09,UFC Fight Night: Dos Anjos vs. Fiziev,Cody Brundage vs. Tresean Gore,Tresean Gore,165
2024-07-20,UFC Fight Night: Lemos vs. Jandiroba,Cody Durden vs. Bruno Silva,Cody Durden,-175
2024-07-20,UFC Fight Night: Lemos vs. Jandiroba,Cody Durden vs. Bruno Silva,Bruno Silva,175
2023-04-29,UFC Fight Night: Song vs. Simon,Cody Durden vs. Charles Johnson,Cody Durden,-102
2023-04-29,UFC Fight Night: Song vs. Simon,Cody Durden vs. Charles Johnson,Charles Johnson,102
2023-08-05,UFC Fight Night: Sandhagen vs. Font,Cody Durden vs. Jake Hadley,Cody Durden,161
2023-08-05,UFC Fight Night: Sandhagen vs. Font,Cody Durden vs. Jake Hadley,Jake Hadley,-161
2023-12-16,UFC 296: Edwards vs. Covington,Cody Garbrandt vs. Brian Kelleher,Cody Garbrandt,-213
2023-12-16,UFC 296: Edwards vs. Covington,Cody Garbrandt vs. Brian Kelleher,Brian Kelleher,213
2023-03-04,UFC 285: Jones vs. Gane,Cody Garbrandt vs. Trevin Jones,Cody Garbrandt,-147
2023-03-04,UFC 285: Jones vs. Gane,Cody Garbrandt vs. Trevin Jones,Trevin Jones,147
2023-05-13,UFC Fight Night: Rozenstruik vs. Almeida,Cody Stamann vs. Douglas Silva de Andrade,Cody Stamann,-191
2023-05-13,UFC Fight Night: Rozenstruik vs. Almeida,Cody Stamann vs. Douglas Silva de Andrade,Douglas Silva de Andrade,191
2024-06-08,UFC Fight Night: Cannonier vs. Imavov,Cody Stamann vs. Taylor Lapilus,Cody Stamann,165
2024-06-08,UFC Fight Night: Cannonier vs. Imavov,Cody Stamann vs. Taylor Lapilus,Taylor Lapilus,-165
2023-08-05,UFC Fight Night: Sandhagen vs. Font,Cory Sandhagen vs. Rob Font,Cory Sandhagen,-145
2023-08-05,UFC Fight Night: Sandhagen vs. Font,Cory Sandhagen vs. Rob Font,Rob Font,145
2022-09-17,UFC Fight Night: Sandhagen vs. Song,Cory Sandhagen vs. Song Yadong,Cory Sandhagen,-100
2022-09-17,UFC Fight Night: Sandhagen vs. Song,Cory Sandhagen vs. Song Yadong,Song Yadong,-100
2024-08-03,UFC Fight Night: Sandhagen vs. Nurmagomedov,Cory Sandhagen vs. Umar Nurmagomedov,Cory Sandhagen,102
2024-08-03,UFC Fight Night: Sandhagen vs. Nurmagomedov,Cory Sandhagen vs. Umar Nurmagomedov,Umar Nurmagomedov,-102
2024-04-06,UFC Fight Night: Allen vs. Curtis 2,Court McGee vs. Alex Morono,Court McGee,213
2024-04-06,UFC Fight Night: Allen vs. Curtis 2,Court McGee vs. Alex Morono,Alex Morono,-213
2024-02-24,UFC Fight Night: Moreno vs. Royval 2,Cristian Quinonez vs. Raoni Barcelos,Cristian Quinonez,-151
2024-02-24,UFC Fight Night: Moreno vs. Royval 2,Cristian Quinonez vs. Raoni Barcelos,Raoni Barcelos,151
2024-06-29,UFC 303: Pereira vs. Prochazka 2,Cub Swanson vs. Andre Fili,Cub Swanson,-166
2024-06-29,UFC 303: Pereira vs. Prochazka 2,Cub Swanson vs. Andre Fili,Andre Fili,166
2023-08-12,UFC Fight Night: Luque vs. Dos Anjos,Cub Swanson vs. Hakeem Dawodu,Cub Swanson,147
2023-08-12,UFC Fight Night: Luque vs. Dos Anjos,Cub Swanson vs. Hakeem Dawodu,Hakeem Dawodu,-147
2022-10-15,UFC Fight Night: Grasso vs. Araujo,Cub Swanson vs. Jonathan Martinez,Cub Swanson,147
2022-10-15,UFC Fight Night: Grasso vs. Araujo,Cub Swanson vs. Jonathan Martinez,Jonathan Martinez,-147
2024-03-09,UFC 299: O'Malley vs. Vera 2,Curtis Blaydes vs. Jailton Almeida,Curtis Blaydes,-178
2024-03-09,UFC 299: O'Malley vs. Vera 2,Curtis Blaydes vs. Jailton Almeida,Jailton Almeida,178
2022-07-23,UFC Fight Night: Blaydes vs. Aspinall,Curtis Blaydes vs. Tom Aspinall,Curtis Blaydes,-175
2022-07-23,UFC Fight Night: Blaydes vs. Aspinall,Curtis Blaydes vs. Tom Aspinall,Tom Aspinall,175
2023-02-04,UFC Fight Night: Lewis vs. Spivac,Da Woon Jung vs. Devin Clark,Da Woon Jung,-175
2023-02-04,UFC Fight Night: Lewis vs. Spivac,Da Woon Jung vs. Devin Clark,Devin Clark,175
2023-06-03,UFC Fight Night: Kara-France vs. Albazi,Da'Mon Blackshear vs. Luan Lacerda,Da'Mon Blackshear,-131
2023-06-03,UFC Fight Night: Kara-France vs. Albazi,Da'Mon Blackshear vs. Luan Lacerda,Luan Lacerda,131
2023-08-19,UFC 292: Sterling vs. O'Malley,Da'Mon Blackshear vs. Mario Bautista,Da'Mon Blackshear,125
2023-08-19,UFC 292: Sterling vs. O'Malley,Da'Mon Blackshear vs. Mario Bautista,Mario Bautista,-125
2023-07-01,UFC Fight Night: Strickland vs. Magomedov,Damir Ismagulov vs. Grant Dawson,Damir Ismagulov,102
2023-07-01,UFC Fight Night: Strickland vs. Magomedov,Damir Ismagulov vs. Grant Dawson,Grant Dawson,-102
2024-08-10,UFC Fight Night: Tybura vs. Spivac 2,Damon Jackson vs. Chepe Mariscal,Damon Jackson,-109
2024-08-10,UFC Fight Night: Tybura vs. Spivac 2,Damon Jackson vs. Chepe Mariscal,Chepe Mariscal,109
2022-09-17,UFC Fight Night: Sandhagen vs. Song,Damon Jackson vs. Pat Sabatini,Damon Jackson,174
2022-09-17,UFC Fight Night: Sandhagen vs. Song,Damon Jackson vs. Pat Sabatini,Pat Sabatini,-174
2022-11-12,UFC 281: Adesanya vs. Pereira,Dan Hooker vs. Claudio Puelles,Dan Hooker,-102
2022-11-12,UFC 281: Adesanya vs. Pereira,Dan Hooker vs. Claudio Puelles,Claudio Puelles,102
2024-02-10,UFC Fight Night: Hermansson vs. Pyfer,Dan Ige vs. Andre Fili,Dan Ige,-175
2024-02-10,UFC Fight Night: Hermansson vs. Pyfer,Dan Ige vs. Andre Fili,Andre Fili,175
2023-01-14,UFC Fight Night: Strickland vs. Imavov,Dan Ige vs. Damon Jackson,Dan Ige,-131
2023-01-14,UFC Fight Night: Strickland vs. Imavov,Dan Ige vs. Damon Jackson,Damon Jackson,131
2024-06-29,UFC 303: Pereira vs. Prochazka 2,Dan Ige vs. Diego Lopes,Dan Ige,-101
2024-06-29,UFC 303: Pereira vs. Prochazka 2,Dan Ige vs. Diego Lopes,Diego Lopes,101
2023-06-10,UFC 289: Nunes vs. Aldana,Dan Ige vs. Nate Landwehr,Dan Ige,-165
2023-06-10,UFC 289: Nunes vs. Aldana,Dan Ige vs. Nate Landwehr,Nate Landwehr,165
2022-08-20,UFC 278: Usman vs. Edwards,Daniel Lacerda vs. Victor Altamirano,Daniel Lacerda,125
2022-08-20,UFC 278: Usman vs. Edwards,Daniel Lacerda vs. Victor Altamirano,Victor Altamirano,-125
2023-03-25,UFC Fight Night: Vera vs. Sandhagen,Daniel Pineda vs. Tucker Lutz,Daniel Pineda,175
2023-03-25,UFC Fight Night: Vera vs. Sandhagen,Daniel Pineda vs. Tucker Lutz,Tucker Lutz,-175
2023-05-13,UFC Fight Night: Rozenstruik vs. Almeida,Daniel Rodriguez vs. Ian Machado Garry,Daniel Rodriguez,131
2023-05-13,UFC Fight Night: Rozenstruik vs. Almeida,Daniel Rodriguez vs. Ian Machado Garry,Ian Machado Garry,-131
2023-06-03,UFC Fight Night: Kara-France vs. Albazi,Daniel Santos vs. Johnny Munoz,Daniel Santos,161
2023-06-03,UFC Fight Night: Kara-France vs. Albazi,Daniel Santos vs. Johnny Munoz,Johnny Munoz,-161
2023-09-16,UFC Fight Night: Grasso vs. Shevchenko 2,Daniel Zellhuber vs. Christos Giagos,Daniel Zellhuber,-178
2023-09-16,UFC Fight Night: Grasso vs. Shevchenko 2,Daniel Zellhuber vs. Christos Giagos,Christos Giagos,178
2024-02-24,UFC Fight Night: Moreno vs. Royval 2,Daniel Zellhuber vs. Francisco Prado,Daniel Zellhuber,131
2024-02-24,UFC Fight Night: Moreno vs. Royval 2,Daniel Zellhuber vs. Francisco Prado,Francisco Prado,-131
2022-09-10,UFC 279: Diaz vs. Ferguson,Darian Weeks vs. Yohan Lainesse,Darian Weeks,-100
2022-09-10,UFC 279: Diaz vs. Ferguson,Darian Weeks vs. Yohan Lainesse,Yohan Lainesse,-100
2022-12-03,UFC Fight Night: Thompson vs. Holland,Darren Elkins vs. Jonathan Pearce,Darren Elkins,178
2022-12-03,UFC Fight Night: Thompson vs. Holland,Darren Elkins vs. Jonathan Pearce,Jonathan Pearce,-178
2023-10-14,UFC Fight Night: Yusuff vs. Barboza,Darren Elkins vs. TJ Brown,Darren Elkins,147
2023-10-14,UFC Fight Night: Yusuff vs. Barboza,Darren Elkins vs. TJ Brown,TJ Brown,-147
2022-12-10,UFC 282: Blachowicz vs. Ankalaev,Darren Till vs. Dricus Du Plessis,Darren Till,175
2022-12-10,UFC 282: Blachowicz vs. Ankalaev,Darren Till vs. Dricus Du Plessis,Dricus Du Plessis,-175
2022-11-05,UFC Fight Night: Rodriguez vs. Lemos,Darrick Minner vs. Shayilan Nuerdanbieke,Darrick Minner,174
2022-11-05,UFC Fight Night: Rodriguez vs. Lemos,Darrick Minner vs. Shayilan Nuerdanbieke,Shayilan Nuerdanbieke,-174
2023-07-22,UFC Fight Night: Aspinall vs. Tybura,Davey Grant vs. Daniel Marcos,Davey Grant,165
2023-07-22,UFC Fight Night: Aspinall vs. Tybura,Davey Grant vs. Daniel Marcos,Daniel Marcos,-165
2022-12-17,UFC Fight Night: Cannonier vs. Strickland,David Dvorak vs. Manel Kape,David Dvorak,-102
2022-12-17,UFC Fight Night: Cannonier vs. Strickland,David Dvorak vs. Manel Kape,Manel Kape,102
2023-06-24,UFC Fight Night: Emmett vs. Topuria,David Onama vs. Gabriel Santos,David Onama,-100
2023-06-24,UFC Fight Night: Emmett vs. Topuria,David Onama vs. Gabriel Santos,Gabriel Santos,-100
2023-01-21,UFC 283: Teixeira vs. Hill,Deiveson Figueiredo vs. Brandon Moreno,Deiveson Figueiredo,175
2023-01-21,UFC 283: Teixeira vs. Hill,Deiveson Figueiredo vs. Brandon Moreno,Brandon Moreno,-175
2024-04-13,UFC 300: Pereira vs. Hill,Deiveson Figueiredo vs. Cody Garbrandt,Deiveson Figueiredo,-147
2024-04-13,UFC 300: Pereira vs. Hill,Deiveson Figueiredo vs. Cody Garbrandt,Cody Garbrandt,147
2022-09-10,UFC 279: Diaz vs. Ferguson,Denis Tiuliulin vs. Jamie Pickett,Denis Tiuliulin,-102
2022-09-10,UFC 279: Diaz vs. Ferguson,Denis Tiuliulin vs. Jamie Pickett,Jamie Pickett,102
2024-08-24,UFC Fight Night: Cannonier vs. Borralho,Dennis Buzukja vs. Francis Marshall,Dennis Buzukja,-122
2024-08-24,UFC Fight Night: Cannonier vs. Borralho,Dennis Buzukja vs. Francis Marshall,Francis Marshall,122
2023-11-11,UFC 295: Prochazka vs. Pereira,Dennis Buzukja vs. Jamall Emmers,Dennis Buzukja,165
2023-11-11,UFC 295: Prochazka vs. Pereira,Dennis Buzukja vs. Jamall Emmers,Jamall Emmers,-165
2023-03-04,UFC 285: Jones vs. Gane,Derek Brunson vs. Dricus Du Plessis,Derek Brunson,165
2023-03-04,UFC 285: Jones vs. Gane,Derek Brunson vs. Dricus Du Plessis,Dricus Du Plessis,-165
2023-07-29,UFC 291: Poirier vs. Gaethje 2,Derrick Lewis vs. Marcos Rogerio de Lima,Derrick Lewis,175
2023-07-29,UFC 291: Poirier vs. Gaethje 2,Derrick Lewis vs. Marcos Rogerio de Lima,Marcos Rogerio de Lima,-175
2024-05-11,UFC Fight Night: Lewis vs. Nascimento,Derrick Lewis vs. Rodrigo Nascimento,Derrick Lewis,-161
2024-05-11,UFC Fight Night: Lewis vs. Nascimento,Derrick Lewis vs. Rodrigo Nascimento,Rodrigo Nascimento,161
2022-07-30,UFC 277: Pena vs. Nunes 2,Derrick Lewis vs. Sergei Pavlovich,Derrick Lewis,-102
2022-07-30,UFC 277: Pena vs. Nunes 2,Derrick Lewis vs. Sergei Pavlovich,Sergei Pavlovich,102
2023-02-04,UFC Fight Night: Lewis vs. Spivac,Derrick Lewis vs. Serghei Spivac,Derrick Lewis,178
2023-02-04,UFC Fight Night: Lewis vs. Spivac,Derrick Lewis vs. Serghei Spivac,Serghei Spivac,-178
2022-08-13,UFC Fight Night: Vera vs. Cruz,Devin Clark vs. Azamat Murzakanov,Devin Clark,-183
2022-08-13,UFC Fight Night: Vera vs. Cruz,Devin Clark vs. Azamat Murzakanov,Azamat Murzakanov,183
2024-02-10,UFC Fight Night: Hermansson vs. Pyfer,Devin Clark vs. Marcin Prachnio,Devin Clark,-100
2024-02-10,UFC Fight Night: Hermansson vs. Pyfer,Devin Clark vs. Marcin Prachnio,Marcin Prachnio,-100
2024-05-11,UFC Fight Night: Lewis vs. Nascimento,Diego Ferreira vs. Mateusz Rebecki,Diego Ferreira,175
2024-05-11,UFC Fight Night: Lewis vs. Nascimento,Diego Ferreira vs. Mateusz Rebecki,Mateusz Rebecki,-175
2023-05-20,UFC Fight Night: Dern vs. Hill,Diego Ferreira vs. Michael Johnson,Diego Ferreira,-165
2023-05-20,UFC Fight Night: Dern vs. Hill,Diego Ferreira vs. Michael Johnson,Michael Johnson,165
2023-08-05,UFC Fight Night: Sandhagen vs. Font,Diego Lopes vs. Gavin Tucker,Diego Lopes,-100
2023-08-05,UFC Fight Night: Sandhagen vs. Font,Diego Lopes vs. Gavin Tucker,Gavin Tucker,-100
2023-11-11,UFC 295: Prochazka vs. Pereira,Diego Lopes vs. Pat Sabatini,Diego Lopes,174
2023-11-11,UFC 295: Prochazka vs. Pereira,Diego Lopes vs. Pat Sabatini,Pat Sabatini,-174
2024-06-08,UFC Fight Night: Cannonier vs. Imavov,Dominick Reyes vs. Dustin Jacoby,Dominick Reyes,175
2024-06-08,UFC Fight Night: Cannonier vs. Imavov,Dominick Reyes vs. Dustin Jacoby,Dustin Jacoby,-175
2022-11-12,UFC 281: Adesanya vs. Pereira,Dominick Reyes vs. Ryan Spann,Dominick Reyes,-147
2022-11-12,UFC 281: Adesanya vs. Pereira,Dominick Reyes vs. Ryan Spann,Ryan Spann,147
2024-04-27,UFC Fight Night: Nicolau vs. Perez,Don'Tale Mayes vs. Caio Machado,Don'Tale Mayes,161
2024-04-27,UFC Fight Night: Nicolau vs. Perez,Don'Tale Mayes vs. Caio Machado,Caio Machado,-161
2024-07-20,UFC Fight Night: Lemos vs. Jandiroba,Dooho Choi vs. Bill Algeo,Dooho Choi,200
2024-07-20,UFC Fight Night: Lemos vs. Jandiroba,Dooho Choi vs. Bill Algeo,Bill Algeo,-200
2023-02-04,UFC Fight Night: Lewis vs. Spivac,Dooho Choi vs. Kyle Nelson,Dooho Choi,-110
2023-02-04,UFC Fight Night: Lewis vs. Spivac,Dooho Choi vs. Kyle Nelson,Kyle Nelson,110
2024-06-15,UFC Fight Night: Perez vs. Taira,Douglas Silva de Andrade vs. Miles Johns,Douglas Silva de Andrade,175
2024-06-15,UFC Fight Night: Perez vs. Taira,Douglas Silva de Andrade vs. Miles Johns,Miles Johns,-175
2022-07-09,UFC Fight Night: Dos Anjos vs. Fiziev,Douglas Silva de Andrade vs. Said Nurmagomedov,Douglas Silva de Andrade,213
2022-07-09,UFC Fight Night: Dos Anjos vs. Fiziev,Douglas Silva de Andrade vs. Said Nurmagomedov,Said Nurmagomedov,-213
2023-12-02,UFC Fight Night: Dariush vs. Tsarukyan,Drakkar Klose vs. Joe Solecki,Drakkar Klose,175
2023-12-02,UFC Fight Night: Dariush vs. Tsarukyan,Drakkar Klose vs. Joe Solecki,Joe Solecki,-175
2022-07-30,UFC 277: Pena vs. Nunes 2,Drakkar Klose vs. Rafa Garcia,Drakkar Klose,-102
2022-07-30,UFC 277: Pena vs. Nunes 2,Drakkar Klose vs. Rafa Garcia,Rafa Garcia,102
2024-07-13,UFC Fight Night: Namajunas vs. Cortez,Drew Dober vs. Jean Silva,Drew Dober,178
2024-07-13,UFC Fight Night: Namajunas vs. Cortez,Drew Dober vs. Jean Silva,Jean Silva,-178
2022-12-17,UFC Fight Night: Cannonier vs. Strickland,Drew Dober vs. King Green,Drew Dober,175
2022-12-17,UFC Fight Night: Cannonier vs. Strickland,Drew Dober vs. King Green,King Green,-175
2023-05-06,UFC 288: Sterling vs. Cejudo,Drew Dober vs. Matt Frevola,Drew Dober,-100
2023-05-06,UFC 288: Sterling vs. Cejudo,Drew Dober vs. Matt Frevola,Matt Frevola,-100
2022-07-30,UFC 277: Pena vs. Nunes 2,Drew Dober vs. Rafael Alves,Drew Dober,-107
2022-07-30,UFC 277: Pena vs. Nunes 2,Drew Dober vs. Rafael Alves,Rafael Alves,107
2023-10-07,UFC Fight Night: Dawson vs. Green,Drew Dober vs. Ricky Glenn,Drew Dober,105
2023-10-07,UFC Fight Night: Dawson vs. Green,Drew Dober vs. Ricky Glenn,Ricky Glenn,-105
2024-08-17,UFC 305: Du Plessis vs. Adesanya,Dricus Du Plessis vs. Israel Adesanya,Dricus Du Plessis,-125
2024-08-17,UFC 305: Du Plessis vs. Adesanya,Dricus Du Plessis vs. Israel Adesanya,Israel Adesanya,125
2023-04-15,UFC Fight Night: Holloway vs. Allen,Dustin Jacoby vs. Azamat Murzakanov,Dustin Jacoby,-175
2023-04-15,UFC Fight Night: Holloway vs. Allen,Dustin Jacoby vs. Azamat Murzakanov,Azamat Murzakanov,175
2022-07-16,UFC Fight Night: Ortega vs. Rodriguez,Dustin Jacoby vs. Da Woon Jung,Dustin Jacoby,165
2022-07-16,UFC Fight Night: Ortega vs. Rodriguez,Dustin Jacoby vs. Da Woon Jung,Da Woon Jung,-165
2023-08-05,UFC Fight Night: Sandhagen vs. Font,Dustin Jacoby vs. Kennedy Nzechukwu,Dustin Jacoby,131
2023-08-05,UFC Fight Night: Sandhagen vs. Font,Dustin Jacoby vs. Kennedy Nzechukwu,Kennedy Nzechukwu,-131
2022-10-29,UFC Fight Night: Kattar vs. Allen,Dustin Jacoby vs. Khalil Rountree Jr.,Dustin Jacoby,-209
2022-10-29,UFC Fight Night: Kattar vs. Allen,Dustin Jacoby vs. Khalil Rountree Jr.,Khalil Rountree Jr.,209
2024-03-09,UFC 299: O'Malley vs. Vera 2,Dustin Poirier vs. Benoit Saint Denis,Dustin Poirier,-131
2024-03-09,UFC 299: O'Malley vs. Vera 2,Dustin Poirier vs. Benoit Saint Denis,Benoit Saint Denis,131
2023-07-29,UFC 291: Poirier vs. Gaethje 2,Dustin Poirier vs. Justin Gaethje,Dustin Poirier,-175
2023-07-29,UFC 291: Poirier vs. Gaethje 2,Dustin Poirier vs. Justin Gaethje,Justin Gaethje,175
2022-11-12,UFC 281: Adesanya vs. Pereira,Dustin Poirier vs. Michael Chandler,Dustin Poirier,-213
2022-11-12,UFC 281: Adesanya vs. Pereira,Dustin Poirier vs. Michael Chandler,Michael Chandler,213
2022-07-16,UFC Fight Night: Ortega vs. Rodriguez,Dwight Grant vs. Dustin Stoltzfus,Dwight Grant,120
2022-07-16,UFC Fight Night: Ortega vs. Rodriguez,Dwight Grant vs. Dustin Stoltzfus,Dustin Stoltzfus,-120
2024-02-24,UFC Fight Night: Moreno vs. Royval 2,Edgar Chairez vs. Daniel Lacerda,Edgar Chairez,-151
2024-02-24,UFC Fight Night: Moreno vs. Royval 2,Edgar Chairez vs. Daniel Lacerda,Daniel Lacerda,151
2024-03-23,UFC Fight Night: Ribas vs. Namajunas,Edmen Shahbazyan vs. AJ Dobson,Edmen Shahbazyan,-174
2024-03-23,UFC Fight Night: Ribas vs. Namajunas,Edmen Shahbazyan vs. AJ Dobson,AJ Dobson,174
2023-05-20,UFC Fight Night: Dern vs. Hill,Edmen Shahbazyan vs. Anthony Hernandez,Edmen Shahbazyan,102
2023-05-20,UFC Fight Night: Dern vs. Hill,Edmen Shahbazyan vs. Anthony Hernandez,Anthony Hernandez,-102
2022-12-10,UFC 282: Blachowicz vs. Ankalaev,Edmen Shahbazyan vs. Dalcha Lungiambula,Edmen Shahbazyan,-209
2022-12-10,UFC 282: Blachowicz vs. Ankalaev,Edmen Shahbazyan vs. Dalcha Lungiambula,Dalcha Lungiambula,209
2024-08-24,UFC Fight Night: Cannonier vs. Borralho,Edmen Shahbazyan vs. Gerald Meerschaert,Edmen Shahbazyan,-174
2024-08-24,UFC Fight Night: Cannonier vs. Borralho,Edmen Shahbazyan vs. Gerald Meerschaert,Gerald Meerschaert,174
2023-04-15,UFC Fight Night: Holloway vs. Allen,Edson Barboza vs. Billy Quarantillo,Edson Barboza,-147
2023-04-15,UFC Fight Night: Holloway vs. Allen,Edson Barboza vs. Billy Quarantillo,Billy Quarantillo,147
2024-05-18,UFC Fight Night: Barboza vs. Murphy,Edson Barboza vs. Lerone Murphy,Edson Barboza,174
2024-05-18,UFC Fight Night: Barboza vs. Murphy,Edson Barboza vs. Lerone Murphy,Lerone Murphy,-174
2024-02-24,UFC Fight Night: Moreno vs. Royval 2,Erik Silva vs. Muhammad Naimov,Erik Silva,174
2024-02-24,UFC Fight Night: Moreno vs. Royval 2,Erik Silva vs. Muhammad Naimov,Muhammad Naimov,-174
2024-03-02,UFC Fight Night: Rozenstruik vs. Gaziev,Eryk Anders vs. Jamie Pickett,Eryk Anders,-100
2024-03-02,UFC Fight Night: Rozenstruik vs. Gaziev,Eryk Anders vs. Jamie Pickett,Jamie Pickett,-100
2022-12-03,UFC Fight Night: Thompson vs. Holland,Eryk Anders vs. Kyle Daukaus,Eryk Anders,175
2022-12-03,UFC Fight Night: Thompson vs. Holland,Eryk Anders vs. Kyle Daukaus,Kyle Daukaus,-175
2024-07-13,UFC Fight Night: Namajunas vs. Cortez,Evan Elder vs. Darrius Flowers,Evan Elder,-200
2024-07-13,UFC Fight Night: Namajunas vs. Cortez,Evan Elder vs. Darrius Flowers,Darrius Flowers,200
2023-07-15,UFC Fight Night: Holm vs. Bueno Silva,Evan Elder vs. Genaro Valdez,Evan Elder,-178
2023-07-15,UFC Fight Night: Holm vs. Bueno Silva,Evan Elder vs. Genaro Valdez,Genaro Valdez,178
2023-09-02,UFC Fight Night: Gane vs. Spivac,Farid Basharat vs. Kleydson Rodrigues,Farid Basharat,-165
2023-09-02,UFC Fight Night: Gane vs. Spivac,Farid Basharat vs. Kleydson Rodrigues,Kleydson Rodrigues,165
2024-01-13,UFC Fight Night: Ankalaev vs. Walker 2,Farid Basharat vs. Taylor Lapilus,Farid Basharat,-165
2024-01-13,UFC Fight Night: Ankalaev vs. Walker 2,Farid Basharat vs. Taylor Lapilus,Taylor Lapilus,165
2024-09-07,UFC Fight Night: Burns vs. Brady,Felipe dos Santos vs. Andre Lima,Felipe dos Santos,165
2024-09-07,UFC Fight Night: Burns vs. Brady,Felipe dos Santos vs. Andre Lima,Andre Lima,-165
2023-09-16,UFC Fight Night: Grasso vs. Shevchenko 2,Fernando Padilla vs. Kyle Nelson,Fernando Padilla,-129
2023-09-16,UFC Fight Night: Grasso vs. Shevchenko 2,Fernando Padilla vs. Kyle Nelson,Kyle Nelson,129
2023-04-22,UFC Fight Night: Pavlovich vs. Blaydes,Francis Marshall vs. William Gomis,Francis Marshall,178
2023-04-22,UFC Fight Night: Pavlovich vs. Blaydes,Francis Marshall vs. William Gomis,William Gomis,-178
2022-11-12,UFC 281: Adesanya vs. Pereira,Frankie Edgar vs. Chris Gutierrez,Frankie Edgar,151
2022-11-12,UFC 281: Adesanya vs. Pereira,Frankie Edgar vs. Chris Gutierrez,Chris Gutierrez,-151
2022-08-13,UFC Fight Night: Vera vs. Cruz,Gabriel Benitez vs. Charlie Ontiveros,Gabriel Benitez,-178
2022-08-13,UFC Fight Night: Vera vs. Cruz,Gabriel Benitez vs. Charlie Ontiveros,Charlie Ontiveros,178
2024-04-27,UFC Fight Night: Nicolau vs. Perez,Gabriel Benitez vs. Maheshate,Gabriel Benitez,147
2024-04-27,UFC Fight Night: Nicolau vs. Perez,Gabriel Benitez vs. Maheshate,Maheshate,-147
2024-07-13,UFC Fight Night: Namajunas vs. Cortez,Gabriel Bonfim vs. Ange Loosa,Gabriel Bonfim,-178
2024-07-13,UFC Fight Night: Namajunas vs. Cortez,Gabriel Bonfim vs. Ange Loosa,Ange Loosa,178
2023-11-04,UFC Fight Night: Almeida vs. Lewis,Gabriel Bonfim vs. Nicolas Dalby,Gabriel Bonfim,-662
2023-11-04,UFC Fight Night: Almeida vs. Lewis,Gabriel Bonfim vs. Nicolas Dalby,Nicolas Dalby,662
2023-07-29,UFC 291: Poirier vs. Gaethje 2,Gabriel Bonfim vs. Trevin Giles,Gabriel Bonfim,174
2023-07-29,UFC 291: Poirier vs. Gaethje 2,Gabriel Bonfim vs. Trevin Giles,Trevin Giles,-174
2024-02-17,UFC 298: Volkanovski vs. Topuria,Geoff Neal vs. Ian Machado Garry,Geoff Neal,200
2024-02-17,UFC 298: Volkanovski vs. Topuria,Geoff Neal vs. Ian Machado Garry,Ian Machado Garry,-200
2023-03-04,UFC 285: Jones vs. Gane,Geoff Neal vs. Shavkat Rakhmonov,Geoff Neal,178
2023-03-04,UFC 285: Jones vs. Gane,Geoff Neal vs. Shavkat Rakhmonov,Shavkat Rakhmonov,-178
2024-03-16,UFC Fight Night: Tuivasa vs. Tybura,Gerald Meerschaert vs. Bryan Barberena,Gerald Meerschaert,-169
2024-03-16,UFC Fight Night: Tuivasa vs. Tybura,Gerald Meerschaert vs. Bryan Barberena,Bryan Barberena,169
2023-04-08,UFC 287: Pereira vs. Adesanya 2,Gerald Meerschaert vs. Joe Pyfer,Gerald Meerschaert,147
2023-04-08,UFC 287: Pereira vs. Adesanya 2,Gerald Meerschaert vs. Joe Pyfer,Joe Pyfer,-147
2023-08-26,UFC Fight Night: Holloway vs. The Korean Zombie,Giga Chikadze vs. Alex Caceres,Giga Chikadze,175
2023-08-26,UFC Fight Night: Holloway vs. The Korean Zombie,Giga Chikadze vs. Alex Caceres,Alex Caceres,-175
2024-03-09,UFC 299: O'Malley vs. Vera 2,Gilbert Burns vs. Jack Della Maddalena,Gilbert Burns,175
2024-03-09,UFC 299: O'Malley vs. Vera 2,Gilbert Burns vs. Jack Della Maddalena,Jack Della Maddalena,-175
2023-04-08,UFC 287: Pereira vs. Adesanya 2,Gilbert Burns vs. Jorge Masvidal,Gilbert Burns,102
2023-04-08,UFC 287: Pereira vs. Adesanya 2,Gilbert Burns vs. Jorge Masvidal,Jorge Masvidal,-102
2023-01-21,UFC 283: Teixeira vs. Hill,Gilbert Burns vs. Neil Magny,Gilbert Burns,-161
2023-01-21,UFC 283: Teixeira vs. Hill,Gilbert Burns vs. Neil Magny,Neil Magny,161
2024-09-07,UFC Fight Night: Burns vs. Brady,Gilbert Burns vs. Sean Brady,Gilbert Burns,-102
2024-09-07,UFC Fight Night: Burns vs. Brady,Gilbert Burns vs. Sean Brady,Sean Brady,102
2024-02-03,UFC Fight Night: Dolidze vs. Imavov,Gilbert Urbina vs. Charles Radtke,Gilbert Urbina,-175
2024-02-03,UFC Fight Night: Dolidze vs. Imavov,Gilbert Urbina vs. Charles Radtke,Charles Radtke,175
2023-01-21,UFC 283: Teixeira vs. Hill,Glover Teixeira vs. Jamahal Hill,Glover Teixeira,107
2023-01-21,UFC 283: Teixeira vs. Hill,Glover Teixeira vs. Jamahal Hill,Jamahal Hill,-107
2024-06-01,UFC 302: Makhachev vs. Poirier,Grant Dawson vs. Joe Solecki,Grant Dawson,-161
2024-06-01,UFC 302: Makhachev vs. Poirier,Grant Dawson vs. Joe Solecki,Joe Solecki,161
2023-10-07,UFC Fight Night: Dawson vs. Green,Grant Dawson vs. King Green,Grant Dawson,147
2023-10-07,UFC Fight Night: Dawson vs. Green,Grant Dawson vs. King Green,King Green,-147
2022-11-05,UFC Fight Night: Rodriguez vs. Lemos,Grant Dawson vs. Mark Madsen,Grant Dawson,-178
2022-11-05,UFC Fight Night: Rodriguez vs. Lemos,Grant Dawson vs. Mark Madsen,Mark Madsen,178
2023-08-19,UFC 292: Sterling vs. O'Malley,Gregory Rodrigues vs. Denis Tiuliulin,Gregory Rodrigues,-209
2023-08-19,UFC 292: Sterling vs. O'Malley,Gregory Rodrigues vs. Denis Tiuliulin,Denis Tiuliulin,209
2022-10-01,UFC Fight Night: Dern vs. Yan,Guido Cannetti vs. Randy Costa,Guido Cannetti,209
2022-10-01,UFC Fight Night: Dern vs. Yan,Guido Cannetti vs. Randy Costa,Randy Costa,-209
2023-03-18,UFC 286: Edwards vs. Usman 3,Gunnar Nelson vs. Bryan Barberena,Gunnar Nelson,169
2023-03-18,UFC 286: Edwards vs. Usman 3,Gunnar Nelson vs. Bryan Barberena,Bryan Barberena,-169
2023-07-01,UFC Fight Night: Strickland vs. Magomedov,Guram Kutateladze vs. Elves Brener,Guram Kutateladze,175
2023-07-01,UFC Fight Night: Strickland vs. Magomedov,Guram Kutateladze vs. Elves Brener,Elves Brener,-175
2022-09-10,UFC 279: Diaz vs. Ferguson,Hakeem Dawodu vs. Julian Erosa,Hakeem Dawodu,-213
2022-09-10,UFC 279: Diaz vs. Ferguson,Hakeem Dawodu vs. Julian Erosa,Julian Erosa,213
2023-12-09,UFC Fight Night: Song vs. Gutierrez,HyunSung Park vs. Shannon Ross,HyunSung Park,-256
2023-12-09,UFC Fight Night: Song vs. Gutierrez,HyunSung Park vs. Shannon Ross,Shannon Ross,256
2022-07-02,UFC 276: Adesanya vs. Cannonier,Ian Machado Garry vs. Gabe Green,Ian Machado Garry,-166
2022-07-02,UFC 276: Adesanya vs. Cannonier,Ian Machado Garry vs. Gabe Green,Gabe Green,166
2024-06-29,UFC 303: Pereira vs. Prochazka 2,Ian Machado Garry vs. Michael Page,Ian Machado Garry,-256
2024-06-29,UFC 303: Pereira vs. Prochazka 2,Ian Machado Garry vs. Michael Page,Michael Page,256
2023-03-04,UFC 285: Jones vs. Gane,Ian Machado Garry vs. Song Kenan,Ian Machado Garry,-213
2023-03-04,UFC 285: Jones vs. Gane,Ian Machado Garry vs. Song Kenan,Song Kenan,213
2024-04-06,UFC Fight Night: Allen vs. Curtis 2,Ignacio Bahamondes vs. Christos Giagos,Ignacio Bahamondes,-200
2024-04-06,UFC Fight Night: Allen vs. Curtis 2,Ignacio Bahamondes vs. Christos Giagos,Christos Giagos,200
2023-08-05,UFC Fight Night: Sandhagen vs. Font,Ignacio Bahamondes vs. Ludovit Klein,Ignacio Bahamondes,-151
2023-08-05,UFC Fight Night: Sandhagen vs. Font,Ignacio Bahamondes vs. Ludovit Klein,Ludovit Klein,151
2023-04-08,UFC 287: Pereira vs. Adesanya 2,Ignacio Bahamondes vs. Trey Ogden,Ignacio Bahamondes,-200
2023-04-08,UFC 287: Pereira vs. Adesanya 2,Ignacio Bahamondes vs. Trey Ogden,Trey Ogden,200
2023-10-21,UFC 294: Makhachev vs. Volkanovski 2,Ikram Aliskerov vs. Warlley Alves,Ikram Aliskerov,-100
2023-10-21,UFC 294: Makhachev vs. Volkanovski 2,Ikram Aliskerov vs. Warlley Alves,Warlley Alves,-100
2022-10-01,UFC Fight Night: Dern vs. Yan,Ilir Latifi vs. Aleksei Oleinik,Ilir Latifi,-147
2022-10-01,UFC Fight Night: Dern vs. Yan,Ilir Latifi vs. Aleksei Oleinik,Aleksei Oleinik,147
2023-05-20,UFC Fight Night: Dern vs. Hill,Ilir Latifi vs. Rodrigo Nascimento,Ilir Latifi,165
2023-05-20,UFC Fight Night: Dern vs. Hill,Ilir Latifi vs. Rodrigo Nascimento,Rodrigo Nascimento,-165
2024-03-09,UFC 299: O'Malley vs. Vera 2,Ion Cutelaba vs. Philipe Lins,Ion Cutelaba,-209
2024-03-09,UFC 299: O'Malley vs. Vera 2,Ion Cutelaba vs. Philipe Lins,Philipe Lins,209
2024-09-07,UFC Fight Night: Burns vs. Brady,Isaac Dulgarian vs. Brendon Marotte,Isaac Dulgarian,-217
2024-09-07,UFC Fight Night: Burns vs. Brady,Isaac Dulgarian vs. Brendon Marotte,Brendon Marotte,217
2023-02-11,UFC 284: Makhachev vs. Volkanovski,Islam Makhachev vs. Alexander Volkanovski,Islam Makhachev,-183
2023-02-11,UFC 284: Makhachev vs. Volkanovski,Islam Makhachev vs. Alexander Volkanovski,Alexander Volkanovski,171
2023-10-21,UFC 294: Makhachev vs. Volkanovski 2,Islam Makhachev vs. Alexander Volkanovski,Islam Makhachev,-159
2023-10-21,UFC 294: Makhachev vs. Volkanovski 2,Islam Makhachev vs. Alexander Volkanovski,Alexander Volkanovski,169
2024-06-01,UFC 302: Makhachev vs. Poirier,Islam Makhachev vs. Dustin Poirier,Islam Makhachev,-800
2024-06-01,UFC 302: Makhachev vs. Poirier,Islam Makhachev vs. Dustin Poirier,Dustin Poirier,800
2023-07-01,UFC Fight Night: Strickland vs. Magomedov,Ismael Bonfim vs. Benoit Saint Denis,Ismael Bonfim,-175
2023-07-01,UFC Fight Night: Strickland vs. Magomedov,Ismael Bonfim vs. Benoit Saint Denis,Benoit Saint Denis,175
2024-05-04,UFC 301: Pantoja vs. Erceg,Ismael Bonfim vs. Vinc Pichel,Ismael Bonfim,-186
2024-05-04,UFC 301: Pantoja vs. Erceg,Ismael Bonfim vs. Vinc Pichel,Vinc Pichel,186
2022-11-12,UFC 281: Adesanya vs. Pereira,Israel Adesanya vs. Alex Pereira,Israel Adesanya,-217
2022-11-12,UFC 281: Adesanya vs. Pereira,Israel Adesanya vs. Alex Pereira,Alex Pereira,217
2023-09-09,UFC 293: Adesanya vs. Strickland,Israel Adesanya vs. Sean Strickland,Israel Adesanya,-151
2023-09-09,UFC 293: Adesanya vs. Strickland,Israel Adesanya vs. Sean Strickland,Sean Strickland,151
2023-08-12,UFC Fight Night: Luque vs. Dos Anjos,JP Buys vs. Marcus McGhee,JP Buys,174
2023-08-12,UFC Fight Night: Luque vs. Dos Anjos,JP Buys vs. Marcus McGhee,Marcus McGhee,-174
2022-11-19,UFC Fight Night: Nzechukwu vs. Cutelaba,Jack Della Maddalena vs. Danny Roberts,Jack Della Maddalena,-662
2022-11-19,UFC Fight Night: Nzechukwu vs. Cutelaba,Jack Della Maddalena vs. Danny Roberts,Danny Roberts,662
2023-02-11,UFC 284: Makhachev vs. Volkanovski,Jack Della Maddalena vs. Randy Brown,Jack Della Maddalena,-100
2023-02-11,UFC 284: Makhachev vs. Volkanovski,Jack Della Maddalena vs. Randy Brown,Randy Brown,-100
2022-07-23,UFC Fight Night: Blaydes vs. Aspinall,Jack Hermansson vs. Chris Curtis,Jack Hermansson,-386
2022-07-23,UFC Fight Night: Blaydes vs. Aspinall,Jack Hermansson vs. Chris Curtis,Chris Curtis,386
2024-02-10,UFC Fight Night: Hermansson vs. Pyfer,Jack Hermansson vs. Joe Pyfer,Jack Hermansson,102
2024-02-10,UFC Fight Night: Hermansson vs. Pyfer,Jack Hermansson vs. Joe Pyfer,Joe Pyfer,-102
2022-12-03,UFC Fight Night: Thompson vs. Holland,Jack Hermansson vs. Roman Dolidze,Jack Hermansson,-147
2022-12-03,UFC Fight Night: Thompson vs. Holland,Jack Hermansson vs. Roman Dolidze,Roman Dolidze,147
2023-09-09,UFC 293: Adesanya vs. Strickland,Jack Jenkins vs. Chepe Mariscal,Jack Jenkins,-100
2023-09-09,UFC 293: Adesanya vs. Strickland,Jack Jenkins vs. Chepe Mariscal,Chepe Mariscal,-100
2024-08-17,UFC 305: Du Plessis vs. Adesanya,Jack Jenkins vs. Herbert Burns,Jack Jenkins,-213
2024-08-17,UFC 305: Du Plessis vs. Adesanya,Jack Jenkins vs. Herbert Burns,Herbert Burns,213
2024-05-04,UFC 301: Pantoja vs. Erceg,Jack Shore vs. Joanderson Brito,Jack Shore,102
2024-05-04,UFC 301: Pantoja vs. Erceg,Jack Shore vs. Joanderson Brito,Joanderson Brito,-102
2023-03-18,UFC 286: Edwards vs. Usman 3,Jack Shore vs. Makwan Amirkhani,Jack Shore,-463
2023-03-18,UFC 286: Edwards vs. Usman 3,Jack Shore vs. Makwan Amirkhani,Makwan Amirkhani,463
2023-09-23,UFC Fight Night: Fiziev vs. Gamrot,Jacob Malkoun vs. Cody Brundage,Jacob Malkoun,-186
2023-09-23,UFC Fight Night: Fiziev vs. Gamrot,Jacob Malkoun vs. Cody Brundage,Cody Brundage,186
2024-03-16,UFC Fight Night: Tuivasa vs. Tybura,Jafel Filho vs. Ode Osbourne,Jafel Filho,-147
2024-03-16,UFC Fight Night: Tuivasa vs. Tybura,Jafel Filho vs. Ode Osbourne,Ode Osbourne,147
2023-07-22,UFC Fight Night: Aspinall vs. Tybura,Jai Herbert vs. Fares Ziam,Jai Herbert,213
2023-07-22,UFC Fight Night: Aspinall vs. Tybura,Jai Herbert vs. Fares Ziam,Fares Ziam,-213
2022-07-23,UFC Fight Night: Blaydes vs. Aspinall,Jai Herbert vs. Kyle Nelson,Jai Herbert,-165
2022-07-23,UFC Fight Night: Blaydes vs. Aspinall,Jai Herbert vs. Kyle Nelson,Kyle Nelson,165
2023-03-18,UFC 286: Edwards vs. Usman 3,Jai Herbert vs. Ludovit Klein,Jai Herbert,178
2023-03-18,UFC 286: Edwards vs. Usman 3,Jai Herbert vs. Ludovit Klein,Ludovit Klein,-178
2024-08-03,UFC Fight Night: Sandhagen vs. Nurmagomedov,Jai Herbert vs. Rolando Bedoya,Jai Herbert,463
2024-08-03,UFC Fight Night: Sandhagen vs. Nurmagomedov,Jai Herbert vs. Rolando Bedoya,Rolando Bedoya,-463
2024-06-01,UFC 302: Makhachev vs. Poirier,Jailton Almeida vs. Alexandr Romanov,Jailton Almeida,-178
2024-06-01,UFC 302: Makhachev vs. Poirier,Jailton Almeida vs. Alexandr Romanov,Alexandr Romanov,178
2023-11-04,UFC Fight Night: Almeida vs. Lewis,Jailton Almeida vs. Derrick Lewis,Jailton Almeida,-392
2023-11-04,UFC Fight Night: Almeida vs. Lewis,Jailton Almeida vs. Derrick Lewis,Derrick Lewis,392
2022-12-10,UFC 282: Blachowicz vs. Ankalaev,Jairzinho Rozenstruik vs. Chris Daukaus,Jairzinho Rozenstruik,102
2022-12-10,UFC 282: Blachowicz vs. Ankalaev,Jairzinho Rozenstruik vs. Chris Daukaus,Chris Daukaus,-102
2023-05-13,UFC Fight Night: Rozenstruik vs. Almeida,Jairzinho Rozenstruik vs. Jailton Almeida,Jairzinho Rozenstruik,102
2023-05-13,UFC Fight Night: Rozenstruik vs. Almeida,Jairzinho Rozenstruik vs. Jailton Almeida,Jailton Almeida,-102
2024-03-02,UFC Fight Night: Rozenstruik vs. Gaziev,Jairzinho Rozenstruik vs. Shamil Gaziev,Jairzinho Rozenstruik,-169
2024-03-02,UFC Fight Night: Rozenstruik vs. Gaziev,Jairzinho Rozenstruik vs. Shamil Gaziev,Shamil Gaziev,169
2022-09-10,UFC 279: Diaz vs. Ferguson,Jake Collier vs. Chris Barnett,Jake Collier,-200
2022-09-10,UFC 279: Diaz vs. Ferguson,Jake Collier vs. Chris Barnett,Chris Barnett,200
2024-07-27,UFC 304: Edwards vs. Muhammad 2,Jake Hadley vs. Caolan Loughran,Jake Hadley,102
2024-07-27,UFC 304: Edwards vs. Muhammad 2,Jake Hadley vs. Caolan Loughran,Caolan Loughran,-102
2023-03-18,UFC 286: Edwards vs. Usman 3,Jake Hadley vs. Malcolm Gordon,Jake Hadley,-213
2023-03-18,UFC 286: Edwards vs. Usman 3,Jake Hadley vs. Malcolm Gordon,Malcolm Gordon,213
2022-12-17,UFC Fight Night: Cannonier vs. Strickland,Jake Matthews vs. Matthew Semelsberger,Jake Matthews,-175
2022-12-17,UFC Fight Night: Cannonier vs. Strickland,Jake Matthews vs. Matthew Semelsberger,Matthew Semelsberger,175
2023-07-08,UFC 290: Volkanovski vs. Rodriguez,Jalin Turner vs. Dan Hooker,Jalin Turner,-107
2023-07-08,UFC 290: Volkanovski vs. Rodriguez,Jalin Turner vs. Dan Hooker,Dan Hooker,107
2023-12-02,UFC Fight Night: Dariush vs. Tsarukyan,Jalin Turner vs. King Green,Jalin Turner,151
2023-12-02,UFC Fight Night: Dariush vs. Tsarukyan,Jalin Turner vs. King Green,King Green,-151
2024-04-13,UFC 300: Pereira vs. Hill,Jalin Turner vs. Renato Moicano,Jalin Turner,-213
2024-04-13,UFC 300: Pereira vs. Hill,Jalin Turner vs. Renato Moicano,Renato Moicano,213
2023-06-24,UFC Fight Night: Emmett vs. Topuria,Jamall Emmers vs. Jack Jenkins,Jamall Emmers,102
2023-06-24,UFC Fight Night: Emmett vs. Topuria,Jamall Emmers vs. Jack Jenkins,Jack Jenkins,-102
2023-09-09,UFC 293: Adesanya vs. Strickland,Jamie Mullarkey vs. John Makdessi,Jamie Mullarkey,-131
2023-09-09,UFC 293: Adesanya vs. Strickland,Jamie Mullarkey vs. John Makdessi,John Makdessi,131
2023-07-29,UFC 291: Poirier vs. Gaethje 2,Jan Blachowicz vs. Alex Pereira,Jan Blachowicz,-147
2023-07-29,UFC 291: Poirier vs. Gaethje 2,Jan Blachowicz vs. Alex Pereira,Alex Pereira,147
2022-12-10,UFC 282: Blachowicz vs. Ankalaev,Jan Blachowicz vs. Magomed Ankalaev,Jan Blachowicz,174
2022-12-10,UFC 282: Blachowicz vs. Ankalaev,Jan Blachowicz vs. Magomed Ankalaev,Magomed Ankalaev,-174
2024-08-24,UFC Fight Night: Cannonier vs. Borralho,Jared Cannonier vs. Caio Borralho,Jared Cannonier,213
2024-08-24,UFC Fight Night: Cannonier vs. Borralho,Jared Cannonier vs. Caio Borralho,Caio Borralho,-213
2024-06-08,UFC Fight Night: Cannonier vs. Imavov,Jared Cannonier vs. Nassourdine Imavov,Jared Cannonier,178
2024-06-08,UFC Fight Night: Cannonier vs. Imavov,Jared Cannonier vs. Nassourdine Imavov,Nassourdine Imavov,-178
2022-12-17,UFC Fight Night: Cannonier vs. Strickland,Jared Cannonier vs. Sean Strickland,Jared Cannonier,209
2022-12-17,UFC Fight Night: Cannonier vs. Strickland,Jared Cannonier vs. Sean Strickland,Sean Strickland,-209
2023-11-11,UFC 295: Prochazka vs. Pereira,Jared Gordon vs. Mark Madsen,Jared Gordon,-213
2023-11-11,UFC 295: Prochazka vs. Pereira,Jared Gordon vs. Mark Madsen,Mark Madsen,213
2022-07-09,UFC Fight Night: Dos Anjos vs. Fiziev,Jared Vanderaa vs. Chase Sherman,Jared Vanderaa,-213
2022-07-09,UFC Fight Night: Dos Anjos vs. Fiziev,Jared Vanderaa vs. Chase Sherman,Chase Sherman,213
2023-11-18,UFC Fight Night: Allen vs. Craig,Jeka Saragih vs. Lucas Alexander,Jeka Saragih,215
2023-11-18,UFC Fight Night: Allen vs. Craig,Jeka Saragih vs. Lucas Alexander,Lucas Alexander,-215
2024-06-15,UFC Fight Night: Perez vs. Taira,Jeka Saragih vs. Westin Wilson,Jeka Saragih,-175
2024-06-15,UFC Fight Night: Perez vs. Taira,Jeka Saragih vs. Westin Wilson,Westin Wilson,175
2024-02-03,UFC Fight Night: Dolidze vs. Imavov,JeongYeong Lee vs. Blake Bilder,JeongYeong Lee,-175
2024-02-03,UFC Fight Night: Dolidze vs. Imavov,JeongYeong Lee vs. Blake Bilder,Blake Bilder,175
2024-07-20,UFC Fight Night: Lemos vs. Jandiroba,JeongYeong Lee vs. Hyder Amil,JeongYeong Lee,-174
2024-07-20,UFC Fight Night: Lemos vs. Jandiroba,JeongYeong Lee vs. Hyder Amil,Hyder Amil,174
2023-08-05,UFC Fight Night: Sandhagen vs. Font,Jeremiah Wells vs. Carlston Harris,Jeremiah Wells,-161
2023-08-05,UFC Fight Night: Sandhagen vs. Font,Jeremiah Wells vs. Carlston Harris,Carlston Harris,161
2023-04-22,UFC Fight Night: Pavlovich vs. Blaydes,Jeremiah Wells vs. Matthew Semelsberger,Jeremiah Wells,174
2023-04-22,UFC Fight Night: Pavlovich vs. Blaydes,Jeremiah Wells vs. Matthew Semelsberger,Matthew Semelsberger,-174
2024-02-24,UFC Fight Night: Moreno vs. Royval 2,Jesus Aguilar vs. Mateus Mendonca,Jesus Aguilar,-169
2024-02-24,UFC Fight Night: Moreno vs. Royval 2,Jesus Aguilar vs. Mateus Mendonca,Mateus Mendonca,169
2024-08-10,UFC Fight Night: Tybura vs. Spivac 2,Jhonata Diniz vs. Karl Williams,Jhonata Diniz,178
2024-08-10,UFC Fight Night: Tybura vs. Spivac 2,Jhonata Diniz vs. Karl Williams,Karl Williams,-178
2023-02-18,UFC Fight Night: Andrade vs. Blanchfield,Jim Miller vs. Alexander Hernandez,Jim Miller,174
2023-02-18,UFC Fight Night: Andrade vs. Blanchfield,Jim Miller vs. Alexander Hernandez,Alexander Hernandez,-174
2024-01-13,UFC Fight Night: Ankalaev vs. Walker 2,Jim Miller vs. Gabriel Benitez,Jim Miller,102
2024-01-13,UFC Fight Night: Ankalaev vs. Walker 2,Jim Miller vs. Gabriel Benitez,Gabriel Benitez,-102
2023-02-11,UFC 284: Makhachev vs. Volkanovski,Jimmy Crute vs. Alonzo Menifield,Jimmy Crute,-159
2023-02-11,UFC 284: Makhachev vs. Volkanovski,Jimmy Crute vs. Alonzo Menifield,Alonzo Menifield,162
2023-07-08,UFC 290: Volkanovski vs. Rodriguez,Jimmy Crute vs. Alonzo Menifield,Jimmy Crute,110
2023-07-08,UFC 290: Volkanovski vs. Rodriguez,Jimmy Crute vs. Alonzo Menifield,Alonzo Menifield,110
2023-06-17,UFC Fight Night: Vettori vs. Cannonier,Jimmy Flick vs. Alessandro Costa,Jimmy Flick,175
2023-06-17,UFC Fight Night: Vettori vs. Cannonier,Jimmy Flick vs. Alessandro Costa,Alessandro Costa,-175
2024-06-15,UFC Fight Night: Perez vs. Taira,Jimmy Flick vs. Nate Maness,Jimmy Flick,178
2024-06-15,UFC Fight Night: Perez vs. Taira,Jimmy Flick vs. Nate Maness,Nate Maness,-178
2024-04-13,UFC 300: Pereira vs. Hill,Jiri Prochazka vs. Aleksandar Rakic,Jiri Prochazka,165
2024-04-13,UFC 300: Pereira vs. Hill,Jiri Prochazka vs. Aleksandar Rakic,Aleksandar Rakic,-165
2023-11-11,UFC 295: Prochazka vs. Pereira,Jiri Prochazka vs. Alex Pereira,Jiri Prochazka,209
2023-11-11,UFC 295: Prochazka vs. Pereira,Jiri Prochazka vs. Alex Pereira,Alex Pereira,-209
2024-05-04,UFC 301: Pantoja vs. Erceg,Joaquim Silva vs. Drakkar Klose,Joaquim Silva,213
2024-05-04,UFC 301: Pantoja vs. Erceg,Joaquim Silva vs. Drakkar Klose,Drakkar Klose,-213
2022-10-01,UFC Fight Night: Dern vs. Yan,Joaquim Silva vs. Jesse Ronson,Joaquim Silva,131
2022-10-01,UFC Fight Night: Dern vs. Yan,Joaquim Silva vs. Jesse Ronson,Jesse Ronson,-131
2024-05-11,UFC Fight Night: Lewis vs. Nascimento,Joaquin Buckley vs. Nursulton Ruziboev,Joaquin Buckley,131
2024-05-11,UFC Fight Night: Lewis vs. Nascimento,Joaquin Buckley vs. Nursulton Ruziboev,Nursulton Ruziboev,-131
2023-10-07,UFC Fight Night: Dawson vs. Green,Joe Pyfer vs. Abdul Razak Alhassan,Joe Pyfer,-213
2023-10-07,UFC Fight Night: Dawson vs. Green,Joe Pyfer vs. Abdul Razak Alhassan,Abdul Razak Alhassan,213
2024-06-29,UFC 303: Pereira vs. Prochazka 2,Joe Pyfer vs. Marc-Andre Barriault,Joe Pyfer,-213
2024-06-29,UFC 303: Pereira vs. Prochazka 2,Joe Pyfer vs. Marc-Andre Barriault,Marc-Andre Barriault,213
2024-08-03,UFC Fight Night: Sandhagen vs. Nurmagomedov,Joel Alvarez vs. Elves Brener,Joel Alvarez,165
2024-08-03,UFC Fight Night: Sandhagen vs. Nurmagomedov,Joel Alvarez vs. Elves Brener,Elves Brener,-165
2024-06-08,UFC Fight Night: Cannonier vs. Imavov,John Castaneda vs. Daniel Marcos,John Castaneda,-102
2024-06-08,UFC Fight Night: Cannonier vs. Imavov,John Castaneda vs. Daniel Marcos,Daniel Marcos,102
2022-10-01,UFC Fight Night: Dern vs. Yan,John Castaneda vs. Daniel Santos,John Castaneda,-118
2022-10-01,UFC Fight Night: Dern vs. Yan,John Castaneda vs. Daniel Santos,Daniel Santos,118
2023-11-11,UFC 295: Prochazka vs. Pereira,John Castaneda vs. Kyung Ho Kang,John Castaneda,115
2023-11-11,UFC 295: Prochazka vs. Pereira,John Castaneda vs. Kyung Ho Kang,Kyung Ho Kang,-115
2022-09-03,UFC Fight Night: Gane vs. Tuivasa,John Makdessi vs. Nasrat Haqparast,John Makdessi,102
2022-09-03,UFC Fight Night: Gane vs. Tuivasa,John Makdessi vs. Nasrat Haqparast,Nasrat Haqparast,-102
2022-09-10,UFC 279: Diaz vs. Ferguson,Johnny Walker vs. Ion Cutelaba,Johnny Walker,-178
2022-09-10,UFC 279: Diaz vs. Ferguson,Johnny Walker vs. Ion Cutelaba,Ion Cutelaba,178
2024-06-22,UFC Fight Night: Whittaker vs. Aliskerov,Johnny Walker vs. Volkan Oezdemir,Johnny Walker,-175
2024-06-22,UFC Fight Night: Whittaker vs. Aliskerov,Johnny Walker vs. Volkan Oezdemir,Volkan Oezdemir,175
2023-03-04,UFC 285: Jones vs. Gane,Jon Jones vs. Ciryl Gane,Jon Jones,-178
2023-03-04,UFC 285: Jones vs. Gane,Jon Jones vs. Ciryl Gane,Ciryl Gane,178
2023-10-14,UFC Fight Night: Yusuff vs. Barboza,Jonathan Martinez vs. Adrian Yanez,Jonathan Martinez,-166
2023-10-14,UFC Fight Night: Yusuff vs. Barboza,Jonathan Martinez vs. Adrian Yanez,Adrian Yanez,166
2024-04-27,UFC Fight Night: Nicolau vs. Perez,Jonathan Pearce vs. David Onama,Jonathan Pearce,-175
2024-04-27,UFC Fight Night: Nicolau vs. Perez,Jonathan Pearce vs. David Onama,David Onama,175
2023-11-18,UFC Fight Night: Allen vs. Craig,Jonathan Pearce vs. Joanderson Brito,Jonathan Pearce,-151
2023-11-18,UFC Fight Night: Allen vs. Craig,Jonathan Pearce vs. Joanderson Brito,Joanderson Brito,151
2022-10-15,UFC Fight Night: Grasso vs. Araujo,Jordan Wright vs. Dusko Todorovic,Jordan Wright,102
2022-10-15,UFC Fight Night: Grasso vs. Araujo,Jordan Wright vs. Dusko Todorovic,Dusko Todorovic,-102
2023-02-18,UFC Fight Night: Andrade vs. Blanchfield,Jordan Wright vs. Zac Pauga,Jordan Wright,147
2023-02-18,UFC Fight Night: Andrade vs. Blanchfield,Jordan Wright vs. Zac Pauga,Zac Pauga,-147
2024-05-04,UFC 301: Pantoja vs. Erceg,Jose Aldo vs. Jonathan Martinez,Jose Aldo,213
2024-05-04,UFC 301: Pantoja vs. Erceg,Jose Aldo vs. Jonathan Martinez,Jonathan Martinez,-213
2022-08-20,UFC 278: Usman vs. Edwards,Jose Aldo vs. Merab Dvalishvili,Jose Aldo,463
2022-08-20,UFC 278: Usman vs. Edwards,Jose Aldo vs. Merab Dvalishvili,Merab Dvalishvili,-463
2023-05-06,UFC 288: Sterling vs. Cejudo,Joseph Holmes vs. Claudio Ribeiro,Joseph Holmes,-213
2023-05-06,UFC 288: Sterling vs. Cejudo,Joseph Holmes vs. Claudio Ribeiro,Claudio Ribeiro,213
2022-10-29,UFC Fight Night: Kattar vs. Allen,Joseph Holmes vs. JunYong Park,Joseph Holmes,-165
2022-10-29,UFC Fight Night: Kattar vs. Allen,Joseph Holmes vs. JunYong Park,JunYong Park,165
2023-02-11,UFC 284: Makhachev vs. Volkanovski,Josh Culibao vs. Melsik Baghdasaryan,Josh Culibao,-147
2023-02-11,UFC 284: Makhachev vs. Volkanovski,Josh Culibao vs. Melsik Baghdasaryan,Melsik Baghdasaryan,147
2024-08-17,UFC 305: Du Plessis vs. Adesanya,Josh Culibao vs. Ricardo Ramos,Josh Culibao,-209
2024-08-17,UFC 305: Du Plessis vs. Adesanya,Josh Culibao vs. Ricardo Ramos,Ricardo Ramos,209
2023-12-16,UFC 296: Edwards vs. Covington,Josh Emmett vs. Bryce Mitchell,Josh Emmett,662
2023-12-16,UFC 296: Edwards vs. Covington,Josh Emmett vs. Bryce Mitchell,Bryce Mitchell,-662
2023-06-24,UFC Fight Night: Emmett vs. Topuria,Josh Emmett vs. Ilia Topuria,Josh Emmett,800
2023-06-24,UFC Fight Night: Emmett vs. Topuria,Josh Emmett vs. Ilia Topuria,Ilia Topuria,-800
2024-07-13,UFC Fight Night: Namajunas vs. Cortez,Josh Fremd vs. Andre Petroski,Josh Fremd,174
2024-07-13,UFC Fight Night: Namajunas vs. Cortez,Josh Fremd vs. Andre Petroski,Andre Petroski,-174
2023-08-12,UFC Fight Night: Luque vs. Dos Anjos,Josh Fremd vs. Jamie Pickett,Josh Fremd,-186
2023-08-12,UFC Fight Night: Luque vs. Dos Anjos,Josh Fremd vs. Jamie Pickett,Jamie Pickett,186
2022-10-29,UFC Fight Night: Kattar vs. Allen,Josh Fremd vs. Tresean Gore,Josh Fremd,102
2022-10-29,UFC Fight Night: Kattar vs. Allen,Josh Fremd vs. Tresean Gore,Tresean Gore,-102
2023-08-12,UFC Fight Night: Luque vs. Dos Anjos,Josh Parisian vs. Martin Buday,Josh Parisian,174
2023-08-12,UFC Fight Night: Luque vs. Dos Anjos,Josh Parisian vs. Martin Buday,Martin Buday,-174
2024-06-15,UFC Fight Night: Perez vs. Taira,Josh Quinlan vs. Adam Fugitt,Josh Quinlan,141
2024-06-15,UFC Fight Night: Perez vs. Taira,Josh Quinlan vs. Adam Fugitt,Adam Fugitt,-141
2024-07-13,UFC Fight Night: Namajunas vs. Cortez,Joshua Van vs. Charles Johnson,Joshua Van,-175
2024-07-13,UFC Fight Night: Namajunas vs. Cortez,Joshua Van vs. Charles Johnson,Charles Johnson,175
2024-07-13,UFC Fight Night: Namajunas vs. Cortez,Julian Erosa vs. Christian Rodriguez,Julian Erosa,463
2024-07-13,UFC Fight Night: Namajunas vs. Cortez,Julian Erosa vs. Christian Rodriguez,Christian Rodriguez,-463
2023-03-04,UFC 285: Jones vs. Gane,Julian Marquez vs. Marc-Andre Barriault,Julian Marquez,107
2023-03-04,UFC 285: Jones vs. Gane,Julian Marquez vs. Marc-Andre Barriault,Marc-Andre Barriault,-107
2024-06-08,UFC Fight Night: Cannonier vs. Imavov,Julian Marquez vs. Zachary Reese,Julian Marquez,151
2024-06-08,UFC Fight Night: Cannonier vs. Imavov,Julian Marquez vs. Zachary Reese,Zachary Reese,-151
2024-03-30,UFC Fight Night: Blanchfield vs. Fiorot,Julio Arce vs. Herbert Burns,Julio Arce,-178
2024-03-30,UFC Fight Night: Blanchfield vs. Fiorot,Julio Arce vs. Herbert Burns,Herbert Burns,178
2022-11-12,UFC 281: Adesanya vs. Pereira,Julio Arce vs. Montel Jackson,Julio Arce,213
2022-11-12,UFC 281: Adesanya vs. Pereira,Julio Arce vs. Montel Jackson,Montel Jackson,-213
2023-12-09,UFC Fight Night: Song vs. Gutierrez,JunYong Park vs. Andre Muniz,JunYong Park,-102
2023-12-09,UFC Fight Night: Song vs. Gutierrez,JunYong Park vs. Andre Muniz,Andre Muniz,102
2023-02-04,UFC Fight Night: Lewis vs. Spivac,JunYong Park vs. Denis Tiuliulin,JunYong Park,-209
2023-02-04,UFC Fight Night: Lewis vs. Spivac,JunYong Park vs. Denis Tiuliulin,Denis Tiuliulin,209
2023-08-26,UFC Fight Night: Holloway vs. The Korean Zombie,Junior Tafa vs. Parker Porter,Junior Tafa,-213
2023-08-26,UFC Fight Night: Holloway vs. The Korean Zombie,Junior Tafa vs. Parker Porter,Parker Porter,213
2024-08-17,UFC 305: Du Plessis vs. Adesanya,Junior Tafa vs. Valter Walker,Junior Tafa,102
2024-08-17,UFC 305: Du Plessis vs. Adesanya,Junior Tafa vs. Valter Walker,Valter Walker,-102
2024-04-13,UFC 300: Pereira vs. Hill,Justin Gaethje vs. Max Holloway,Justin Gaethje,200
2024-04-13,UFC 300: Pereira vs. Hill,Justin Gaethje vs. Max Holloway,Max Holloway,-200
2023-03-18,UFC 286: Edwards vs. Usman 3,Justin Gaethje vs. Rafael Fiziev,Justin Gaethje,-100
2023-03-18,UFC 286: Edwards vs. Usman 3,Justin Gaethje vs. Rafael Fiziev,Rafael Fiziev,-100
2023-02-11,UFC 284: Makhachev vs. Volkanovski,Justin Tafa vs. Parker Porter,Justin Tafa,-209
2023-02-11,UFC 284: Makhachev vs. Volkanovski,Justin Tafa vs. Parker Porter,Parker Porter,209
2023-06-03,UFC Fight Night: Kara-France vs. Albazi,Kai Kara-France vs. Amir Albazi,Kai Kara-France,174
2023-06-03,UFC Fight Night: Kara-France vs. Albazi,Kai Kara-France vs. Amir Albazi,Amir Albazi,-174
2024-08-17,UFC 305: Du Plessis vs. Adesanya,Kai Kara-France vs. Steve Erceg,Kai Kara-France,-107
2024-08-17,UFC 305: Du Plessis vs. Adesanya,Kai Kara-France vs. Steve Erceg,Steve Erceg,107
2023-10-21,UFC 294: Makhachev vs. Volkanovski 2,Kamaru Usman vs. Khamzat Chimaev,Kamaru Usman,-200
2023-10-21,UFC 294: Makhachev vs. Volkanovski 2,Kamaru Usman vs. Khamzat Chimaev,Khamzat Chimaev,200
2022-08-20,UFC 278: Usman vs. Edwards,Kamaru Usman vs. Leon Edwards,Kamaru Usman,-662
2022-08-20,UFC 278: Usman vs. Edwards,Kamaru Usman vs. Leon Edwards,Leon Edwards,662
2023-07-08,UFC 290: Volkanovski vs. Rodriguez,Kamuela Kirk vs. Esteban Ribovics,Kamuela Kirk,161
2023-07-08,UFC 290: Volkanovski vs. Rodriguez,Kamuela Kirk vs. Esteban Ribovics,Esteban Ribovics,-161
2023-05-13,UFC Fight Night: Rozenstruik vs. Almeida,Karl Williams vs. Chase Sherman,Karl Williams,-693
2023-05-13,UFC Fight Night: Rozenstruik vs. Almeida,Karl Williams vs. Chase Sherman,Chase Sherman,693
2024-03-23,UFC Fight Night: Ribas vs. Namajunas,Karl Williams vs. Justin Tafa,Karl Williams,-147
2024-03-23,UFC Fight Night: Ribas vs. Namajunas,Karl Williams vs. Justin Tafa,Justin Tafa,147
2024-06-22,UFC Fight Night: Whittaker vs. Aliskerov,Kelvin Gastelum vs. Daniel Rodriguez,Kelvin Gastelum,-200
2024-06-22,UFC Fight Night: Whittaker vs. Aliskerov,Kelvin Gastelum vs. Daniel Rodriguez,Daniel Rodriguez,200
2023-05-06,UFC 288: Sterling vs. Cejudo,Kennedy Nzechukwu vs. Devin Clark,Kennedy Nzechukwu,-183
2023-05-06,UFC 288: Sterling vs. Cejudo,Kennedy Nzechukwu vs. Devin Clark,Devin Clark,183
2022-11-19,UFC Fight Night: Nzechukwu vs. Cutelaba,Kennedy Nzechukwu vs. Ion Cutelaba,Kennedy Nzechukwu,-174
2022-11-19,UFC Fight Night: Nzechukwu vs. Cutelaba,Kennedy Nzechukwu vs. Ion Cutelaba,Ion Cutelaba,174
2022-07-09,UFC Fight Night: Dos Anjos vs. Fiziev,Kennedy Nzechukwu vs. Karl Roberson,Kennedy Nzechukwu,-169
2022-07-09,UFC Fight Night: Dos Anjos vs. Fiziev,Kennedy Nzechukwu vs. Karl Roberson,Karl Roberson,169
2023-09-16,UFC Fight Night: Grasso vs. Shevchenko 2,Kevin Holland vs. Jack Della Maddalena,Kevin Holland,125
2023-09-16,UFC Fight Night: Grasso vs. Shevchenko 2,Kevin Holland vs. Jack Della Maddalena,Jack Della Maddalena,-125
2024-06-01,UFC 302: Makhachev vs. Poirier,Kevin Holland vs. Michal Oleksiejczuk,Kevin Holland,-209
2024-06-01,UFC 302: Makhachev vs. Poirier,Kevin Holland vs. Michal Oleksiejczuk,Michal Oleksiejczuk,209
2023-04-08,UFC 287: Pereira vs. Adesanya 2,Kevin Holland vs. Santiago Ponzinibbio,Kevin Holland,-165
2023-04-08,UFC 287: Pereira vs. Adesanya 2,Kevin Holland vs. Santiago Ponzinibbio,Santiago Ponzinibbio,165
2023-07-01,UFC Fight Night: Strickland vs. Magomedov,Kevin Lee vs. Rinat Fakhretdinov,Kevin Lee,147
2023-07-01,UFC Fight Night: Strickland vs. Magomedov,Kevin Lee vs. Rinat Fakhretdinov,Rinat Fakhretdinov,-147
2023-08-12,UFC Fight Night: Luque vs. Dos Anjos,Khalil Rountree Jr. vs. Chris Daukaus,Khalil Rountree Jr.,209
2023-08-12,UFC Fight Night: Luque vs. Dos Anjos,Khalil Rountree Jr. vs. Chris Daukaus,Chris Daukaus,-209
2022-09-10,UFC 279: Diaz vs. Ferguson,Khamzat Chimaev vs. Kevin Holland,Khamzat Chimaev,175
2022-09-10,UFC 279: Diaz vs. Ferguson,Khamzat Chimaev vs. Kevin Holland,Kevin Holland,-175
2024-05-18,UFC Fight Night: Barboza vs. Murphy,Khaos Williams vs. Carlston Harris,Khaos Williams,102
2024-05-18,UFC Fight Night: Barboza vs. Murphy,Khaos Williams vs. Carlston Harris,Carlston Harris,-102
2024-04-13,UFC 300: Pereira vs. Hill,King Green vs. Jim Miller,King Green,-209
2024-04-13,UFC 300: Pereira vs. Hill,King Green vs. Jim Miller,Jim Miller,209
2024-07-27,UFC 304: Edwards vs. Muhammad 2,King Green vs. Paddy Pimblett,King Green,-165
2024-07-27,UFC 304: Edwards vs. Muhammad 2,King Green vs. Paddy Pimblett,Paddy Pimblett,165
2023-05-06,UFC 288: Sterling vs. Cejudo,Kron Gracie vs. Charles Jourdain,Kron Gracie,200
2023-05-06,UFC 288: Sterling vs. Cejudo,Kron Gracie vs. Charles Jourdain,Charles Jourdain,-200
2022-10-01,UFC Fight Night: Dern vs. Yan,Krzysztof Jotko vs. Brendan Allen,Krzysztof Jotko,147
2022-10-01,UFC Fight Night: Dern vs. Yan,Krzysztof Jotko vs. Brendan Allen,Brendan Allen,-147
2023-08-19,UFC 292: Sterling vs. O'Malley,Kurt Holobaugh vs. Austin Hubbard,Kurt Holobaugh,186
2023-08-19,UFC 292: Sterling vs. O'Malley,Kurt Holobaugh vs. Austin Hubbard,Austin Hubbard,-186
2024-07-20,UFC Fight Night: Lemos vs. Jandiroba,Kurt Holobaugh vs. Kaynan Kruschewsky,Kurt Holobaugh,165
2024-07-20,UFC Fight Night: Lemos vs. Jandiroba,Kurt Holobaugh vs. Kaynan Kruschewsky,Kaynan Kruschewsky,-165
2024-03-23,UFC Fight Night: Ribas vs. Namajunas,Kurt Holobaugh vs. Trey Ogden,Kurt Holobaugh,165
2024-03-23,UFC Fight Night: Ribas vs. Namajunas,Kurt Holobaugh vs. Trey Ogden,Trey Ogden,-165
2023-06-10,UFC 289: Nunes vs. Aldana,Kyle Nelson vs. Blake Bilder,Kyle Nelson,161
2023-06-10,UFC 289: Nunes vs. Aldana,Kyle Nelson vs. Blake Bilder,Blake Bilder,-161
2023-08-05,UFC Fight Night: Sandhagen vs. Font,Kyler Phillips vs. Raoni Barcelos,Kyler Phillips,-209
2023-08-05,UFC Fight Night: Sandhagen vs. Font,Kyler Phillips vs. Raoni Barcelos,Raoni Barcelos,209
2023-06-17,UFC Fight Night: Vettori vs. Cannonier,Kyung Ho Kang vs. Cristian Quinonez,Kyung Ho Kang,209
2023-06-17,UFC Fight Night: Vettori vs. Cannonier,Kyung Ho Kang vs. Cristian Quinonez,Cristian Quinonez,-209
2024-06-22,UFC Fight Night: Whittaker vs. Aliskerov,Kyung Ho Kang vs. Muin Gafurov,Kyung Ho Kang,161
2024-06-22,UFC Fight Night: Whittaker vs. Aliskerov,Kyung Ho Kang vs. Muin Gafurov,Muin Gafurov,-161
2023-04-15,UFC Fight Night: Holloway vs. Allen,Lando Vannata vs. Daniel Zellhuber,Lando Vannata,165
2023-04-15,UFC Fight Night: Holloway vs. Allen,Lando Vannata vs. Daniel Zellhuber,Daniel Zellhuber,-165
2024-07-27,UFC 304: Edwards vs. Muhammad 2,Leon Edwards vs. Belal Muhammad,Leon Edwards,-175
2024-07-27,UFC 304: Edwards vs. Muhammad 2,Leon Edwards vs. Belal Muhammad,Belal Muhammad,175
2023-12-16,UFC 296: Edwards vs. Covington,Leon Edwards vs. Colby Covington,Leon Edwards,-174
2023-12-16,UFC 296: Edwards vs. Covington,Leon Edwards vs. Colby Covington,Colby Covington,174
2023-03-18,UFC 286: Edwards vs. Usman 3,Leon Edwards vs. Kamaru Usman,Leon Edwards,213
2023-03-18,UFC 286: Edwards vs. Usman 3,Leon Edwards vs. Kamaru Usman,Kamaru Usman,-213
2022-08-20,UFC 278: Usman vs. Edwards,Leonardo Santos vs. Jared Gordon,Leonardo Santos,209
2022-08-20,UFC 278: Usman vs. Edwards,Leonardo Santos vs. Jared Gordon,Jared Gordon,-209
2023-07-22,UFC Fight Night: Aspinall vs. Tybura,Lerone Murphy vs. Josh Culibao,Lerone Murphy,-107
2023-07-22,UFC Fight Night: Aspinall vs. Tybura,Lerone Murphy vs. Josh Culibao,Josh Culibao,107
2024-08-17,UFC 305: Du Plessis vs. Adesanya,Li Jingliang vs. Carlos Prates,Li Jingliang,-175
2024-08-17,UFC 305: Du Plessis vs. Adesanya,Li Jingliang vs. Carlos Prates,Carlos Prates,175
2022-09-10,UFC 279: Diaz vs. Ferguson,Li Jingliang vs. Daniel Rodriguez,Li Jingliang,-102
2022-09-10,UFC 279: Diaz vs. Ferguson,Li Jingliang vs. Daniel Rodriguez,Daniel Rodriguez,102
2022-07-16,UFC Fight Night: Ortega vs. Rodriguez,Li Jingliang vs. Muslim Salikhov,Li Jingliang,-161
2022-07-16,UFC Fight Night: Ortega vs. Rodriguez,Li Jingliang vs. Muslim Salikhov,Muslim Salikhov,161
2022-11-05,UFC Fight Night: Rodriguez vs. Lemos,Liudvik Sholinian vs. Johnny Munoz,Liudvik Sholinian,217
2022-11-05,UFC Fight Night: Rodriguez vs. Lemos,Liudvik Sholinian vs. Johnny Munoz,Johnny Munoz,-217
2024-07-20,UFC Fight Night: Lemos vs. Jandiroba,Loik Radzhabov vs. Trey Ogden,Loik Radzhabov,-147
2024-07-20,UFC Fight Night: Lemos vs. Jandiroba,Loik Radzhabov vs. Trey Ogden,Trey Ogden,147
2022-07-30,UFC 277: Pena vs. Nunes 2,Magomed Ankalaev vs. Anthony Smith,Magomed Ankalaev,-463
2022-07-30,UFC 277: Pena vs. Nunes 2,Magomed Ankalaev vs. Anthony Smith,Anthony Smith,463
2024-01-13,UFC Fight Night: Ankalaev vs. Walker 2,Magomed Ankalaev vs. Johnny Walker,Magomed Ankalaev,-175
2024-01-13,UFC Fight Night: Ankalaev vs. Walker 2,Magomed Ankalaev vs. Johnny Walker,Johnny Walker,175
2023-05-20,UFC Fight Night: Dern vs. Hill,Maheshate vs. Viacheslav Borshchev,Maheshate,-174
2023-05-20,UFC Fight Night: Dern vs. Hill,Maheshate vs. Viacheslav Borshchev,Viacheslav Borshchev,174
2023-07-22,UFC Fight Night: Aspinall vs. Tybura,Makhmud Muradov vs. Bryan Barberena,Makhmud Muradov,-161
2023-07-22,UFC Fight Night: Aspinall vs. Tybura,Makhmud Muradov vs. Bryan Barberena,Bryan Barberena,161
2022-10-22,UFC 280: Oliveira vs. Makhachev,Makhmud Muradov vs. Caio Borralho,Makhmud Muradov,161
2022-10-22,UFC 280: Oliveira vs. Makhachev,Makhmud Muradov vs. Caio Borralho,Caio Borralho,-161
2022-07-23,UFC Fight Night: Blaydes vs. Aspinall,Makwan Amirkhani vs. Jonathan Pearce,Makwan Amirkhani,174
2022-07-23,UFC Fight Night: Blaydes vs. Aspinall,Makwan Amirkhani vs. Jonathan Pearce,Jonathan Pearce,-174
2024-01-20,UFC 297: Strickland vs. Du Plessis,Malcolm Gordon vs. Jimmy Flick,Malcolm Gordon,-151
2024-01-20,UFC 297: Strickland vs. Du Plessis,Malcolm Gordon vs. Jimmy Flick,Jimmy Flick,151
2022-10-15,UFC Fight Night: Grasso vs. Araujo,Mana Martinez vs. Brandon Davis,Mana Martinez,-174
2022-10-15,UFC Fight Night: Grasso vs. Araujo,Mana Martinez vs. Brandon Davis,Brandon Davis,174
2023-03-04,UFC 285: Jones vs. Gane,Mana Martinez vs. Cameron Saaiman,Mana Martinez,175
2023-03-04,UFC 285: Jones vs. Gane,Mana Martinez vs. Cameron Saaiman,Cameron Saaiman,-175
2024-02-24,UFC Fight Night: Moreno vs. Royval 2,Manuel Torres vs. Chris Duncan,Manuel Torres,147
2024-02-24,UFC Fight Night: Moreno vs. Royval 2,Manuel Torres vs. Chris Duncan,Chris Duncan,-147
2023-06-17,UFC Fight Night: Vettori vs. Cannonier,Manuel Torres vs. Nikolas Motta,Manuel Torres,-100
2023-06-17,UFC Fight Night: Vettori vs. Cannonier,Manuel Torres vs. Nikolas Motta,Nikolas Motta,-100
2022-07-23,UFC Fight Night: Blaydes vs. Aspinall,Marc Diakiese vs. Damir Hadzovic,Marc Diakiese,-178
2022-07-23,UFC Fight Night: Blaydes vs. Aspinall,Marc Diakiese vs. Damir Hadzovic,Damir Hadzovic,178
2023-07-22,UFC Fight Night: Aspinall vs. Tybura,Marc Diakiese vs. Joel Alvarez,Marc Diakiese,107
2023-07-22,UFC Fight Night: Aspinall vs. Tybura,Marc Diakiese vs. Joel Alvarez,Joel Alvarez,-107
2023-06-10,UFC 289: Nunes vs. Aldana,Marc-Andre Barriault vs. Eryk Anders,Marc-Andre Barriault,-147
2023-06-10,UFC 289: Nunes vs. Aldana,Marc-Andre Barriault vs. Eryk Anders,Eryk Anders,147
2022-08-20,UFC 278: Usman vs. Edwards,Marcin Tybura vs. Alexandr Romanov,Marcin Tybura,174
2022-08-20,UFC 278: Usman vs. Edwards,Marcin Tybura vs. Alexandr Romanov,Alexandr Romanov,-174
2023-02-04,UFC Fight Night: Lewis vs. Spivac,Marcin Tybura vs. Blagoy Ivanov,Marcin Tybura,-213
2023-02-04,UFC Fight Night: Lewis vs. Spivac,Marcin Tybura vs. Blagoy Ivanov,Blagoy Ivanov,213
2024-08-10,UFC Fight Night: Tybura vs. Spivac 2,Marcin Tybura vs. Serghei Spivac,Marcin Tybura,125
2024-08-10,UFC Fight Night: Tybura vs. Spivac 2,Marcin Tybura vs. Serghei Spivac,Serghei Spivac,-125
2024-02-17,UFC 298: Volkanovski vs. Topuria,Marcos Rogerio de Lima vs. Junior Tafa,Marcos Rogerio de Lima,175
2024-02-17,UFC 298: Volkanovski vs. Topuria,Marcos Rogerio de Lima vs. Junior Tafa,Junior Tafa,-175
2023-04-29,UFC Fight Night: Song vs. Simon,Marcos Rogerio de Lima vs. Waldo Cortes-Acosta,Marcos Rogerio de Lima,-174
2023-04-29,UFC Fight Night: Song vs. Simon,Marcos Rogerio de Lima vs. Waldo Cortes-Acosta,Waldo Cortes-Acosta,174
2024-01-13,UFC Fight Night: Ankalaev vs. Walker 2,Marcus McGhee vs. Gaston Bolanos,Marcus McGhee,-120
2024-01-13,UFC Fight Night: Ankalaev vs. Walker 2,Marcus McGhee vs. Gaston Bolanos,Gaston Bolanos,120
2022-11-05,UFC Fight Night: Rodriguez vs. Lemos,Mario Bautista vs. Benito Lopez,Mario Bautista,-178
2022-11-05,UFC Fight Night: Rodriguez vs. Lemos,Mario Bautista vs. Benito Lopez,Benito Lopez,178
2023-03-11,UFC Fight Night: Yan vs. Dvalishvili,Mario Bautista vs. Guido Cannetti,Mario Bautista,-213
2023-03-11,UFC Fight Night: Yan vs. Dvalishvili,Mario Bautista vs. Guido Cannetti,Guido Cannetti,213
2023-03-25,UFC Fight Night: Vera vs. Sandhagen,Marlon Vera vs. Cory Sandhagen,Marlon Vera,392
2023-03-25,UFC Fight Night: Vera vs. Sandhagen,Marlon Vera vs. Cory Sandhagen,Cory Sandhagen,-392
2024-08-03,UFC Fight Night: Sandhagen vs. Nurmagomedov,Marlon Vera vs. Deiveson Figueiredo,Marlon Vera,-147
2024-08-03,UFC Fight Night: Sandhagen vs. Nurmagomedov,Marlon Vera vs. Deiveson Figueiredo,Deiveson Figueiredo,147
2022-08-13,UFC Fight Night: Vera vs. Cruz,Marlon Vera vs. Dominick Cruz,Marlon Vera,151
2022-08-13,UFC Fight Night: Vera vs. Cruz,Marlon Vera vs. Dominick Cruz,Dominick Cruz,-151
2023-08-19,UFC 292: Sterling vs. O'Malley,Marlon Vera vs. Pedro Munhoz,Marlon Vera,-165
2023-08-19,UFC 292: Sterling vs. O'Malley,Marlon Vera vs. Pedro Munhoz,Pedro Munhoz,165
2023-04-29,UFC Fight Night: Song vs. Simon,Martin Buday vs. Jake Collier,Martin Buday,-125
2023-04-29,UFC Fight Night: Song vs. Simon,Martin Buday vs. Jake Collier,Jake Collier,125
2023-06-17,UFC Fight Night: Vettori vs. Cannonier,Marvin Vettori vs. Jared Cannonier,Marvin Vettori,-213
2023-06-17,UFC Fight Night: Vettori vs. Cannonier,Marvin Vettori vs. Jared Cannonier,Jared Cannonier,213
2023-03-18,UFC 286: Edwards vs. Usman 3,Marvin Vettori vs. Roman Dolidze,Marvin Vettori,-174
2023-03-18,UFC 286: Edwards vs. Usman 3,Marvin Vettori vs. Roman Dolidze,Roman Dolidze,174
2022-07-23,UFC Fight Night: Blaydes vs. Aspinall,Mason Jones vs. Ludovit Klein,Mason Jones,-131
2022-07-23,UFC Fight Night: Blaydes vs. Aspinall,Mason Jones vs. Ludovit Klein,Ludovit Klein,131
2024-08-17,UFC 305: Du Plessis vs. Adesanya,Mateusz Gamrot vs. Dan Hooker,Mateusz Gamrot,-102
2024-08-17,UFC 305: Du Plessis vs. Adesanya,Mateusz Gamrot vs. Dan Hooker,Dan Hooker,102
2023-03-04,UFC 285: Jones vs. Gane,Mateusz Gamrot vs. Jalin Turner,Mateusz Gamrot,102
2023-03-04,UFC 285: Jones vs. Gane,Mateusz Gamrot vs. Jalin Turner,Jalin Turner,-102
2024-03-09,UFC 299: O'Malley vs. Vera 2,Mateusz Gamrot vs. Rafael Dos Anjos,Mateusz Gamrot,117
2024-03-09,UFC 299: O'Malley vs. Vera 2,Mateusz Gamrot vs. Rafael Dos Anjos,Rafael Dos Anjos,-117
2023-06-24,UFC Fight Night: Emmett vs. Topuria,Mateusz Rebecki vs. Loik Radzhabov,Mateusz Rebecki,102
2023-06-24,UFC Fight Night: Emmett vs. Topuria,Mateusz Rebecki vs. Loik Radzhabov,Loik Radzhabov,-102
2023-11-11,UFC 295: Prochazka vs. Pereira,Mateusz Rebecki vs. Roosevelt Roberts,Mateusz Rebecki,-186
2023-11-11,UFC 295: Prochazka vs. Pereira,Mateusz Rebecki vs. Roosevelt Roberts,Roosevelt Roberts,186
2024-04-27,UFC Fight Night: Nicolau vs. Perez,Matheus Nicolau vs. Alex Perez,Matheus Nicolau,175
2024-04-27,UFC Fight Night: Nicolau vs. Perez,Matheus Nicolau vs. Alex Perez,Alex Perez,-175
2022-12-03,UFC Fight Night: Thompson vs. Holland,Matheus Nicolau vs. Matt Schnell,Matheus Nicolau,-175
2022-12-03,UFC Fight Night: Thompson vs. Holland,Matheus Nicolau vs. Matt Schnell,Matt Schnell,175
2023-05-13,UFC Fight Night: Rozenstruik vs. Almeida,Matt Brown vs. Court McGee,Matt Brown,-165
2023-05-13,UFC Fight Night: Rozenstruik vs. Almeida,Matt Brown vs. Court McGee,Court McGee,165
2023-11-11,UFC 295: Prochazka vs. Pereira,Matt Frevola vs. Benoit Saint Denis,Matt Frevola,175
2023-11-11,UFC 295: Prochazka vs. Pereira,Matt Frevola vs. Benoit Saint Denis,Benoit Saint Denis,-175
2022-11-12,UFC 281: Adesanya vs. Pereira,Matt Frevola vs. Ottman Azaitar,Matt Frevola,174
2022-11-12,UFC 281: Adesanya vs. Pereira,Matt Frevola vs. Ottman Azaitar,Ottman Azaitar,-174
2024-09-07,UFC Fight Night: Burns vs. Brady,Matt Schnell vs. Cody Durden,Matt Schnell,386
2024-09-07,UFC Fight Night: Burns vs. Brady,Matt Schnell vs. Cody Durden,Cody Durden,-386
2024-03-02,UFC Fight Night: Rozenstruik vs. Gaziev,Matt Schnell vs. Steve Erceg,Matt Schnell,213
2024-03-02,UFC Fight Night: Rozenstruik vs. Gaziev,Matt Schnell vs. Steve Erceg,Steve Erceg,-213
2022-07-16,UFC Fight Night: Ortega vs. Rodriguez,Matt Schnell vs. Sumudaerji,Matt Schnell,209
2022-07-16,UFC Fight Night: Ortega vs. Rodriguez,Matt Schnell vs. Sumudaerji,Sumudaerji,-209
2024-01-13,UFC Fight Night: Ankalaev vs. Walker 2,Matthew Semelsberger vs. Preston Parsons,Matthew Semelsberger,120
2024-01-13,UFC Fight Night: Ankalaev vs. Walker 2,Matthew Semelsberger vs. Preston Parsons,Preston Parsons,-120
2023-07-29,UFC 291: Poirier vs. Gaethje 2,Matthew Semelsberger vs. Uros Medic,Matthew Semelsberger,-174
2023-07-29,UFC 291: Poirier vs. Gaethje 2,Matthew Semelsberger vs. Uros Medic,Uros Medic,174
2023-01-21,UFC 283: Teixeira vs. Hill,Mauricio Rua vs. Ihor Potieria,Mauricio Rua,178
2023-01-21,UFC 283: Teixeira vs. Hill,Mauricio Rua vs. Ihor Potieria,Ihor Potieria,-178
2024-02-10,UFC Fight Night: Hermansson vs. Pyfer,Max Griffin vs. Jeremiah Wells,Max Griffin,120
2024-02-10,UFC Fight Night: Hermansson vs. Pyfer,Max Griffin vs. Jeremiah Wells,Jeremiah Wells,-120
2023-07-01,UFC Fight Night: Strickland vs. Magomedov,Max Griffin vs. Michael Morales,Max Griffin,151
2023-07-01,UFC Fight Night: Strickland vs. Magomedov,Max Griffin vs. Michael Morales,Michael Morales,-151
2023-04-15,UFC Fight Night: Holloway vs. Allen,Max Holloway vs. Arnold Allen,Max Holloway,-102
2023-04-15,UFC Fight Night: Holloway vs. Allen,Max Holloway vs. Arnold Allen,Arnold Allen,102
2023-08-26,UFC Fight Night: Holloway vs. The Korean Zombie,Max Holloway vs. Chan Sung Jung,Max Holloway,-662
2023-08-26,UFC Fight Night: Holloway vs. The Korean Zombie,Max Holloway vs. Chan Sung Jung,Chan Sung Jung,662
2024-06-15,UFC Fight Night: Perez vs. Taira,Melquizael Costa vs. Shayilan Nuerdanbieke,Melquizael Costa,-161
2024-06-15,UFC Fight Night: Perez vs. Taira,Melquizael Costa vs. Shayilan Nuerdanbieke,Shayilan Nuerdanbieke,161
2024-02-17,UFC 298: Volkanovski vs. Topuria,Merab Dvalishvili vs. Henry Cejudo,Merab Dvalishvili,-209
2024-02-17,UFC 298: Volkanovski vs. Topuria,Merab Dvalishvili vs. Henry Cejudo,Henry Cejudo,209
2023-07-29,UFC 291: Poirier vs. Gaethje 2,Michael Chiesa vs. Kevin Holland,Michael Chiesa,178
2023-07-29,UFC 291: Poirier vs. Gaethje 2,Michael Chiesa vs. Kevin Holland,Kevin Holland,-178
2024-02-10,UFC Fight Night: Hermansson vs. Pyfer,Michael Johnson vs. Darrius Flowers,Michael Johnson,-175
2024-02-10,UFC Fight Night: Hermansson vs. Pyfer,Michael Johnson vs. Darrius Flowers,Darrius Flowers,175
2022-07-09,UFC Fight Night: Dos Anjos vs. Fiziev,Michael Johnson vs. Jamie Mullarkey,Michael Johnson,-147
2022-07-09,UFC Fight Night: Dos Anjos vs. Fiziev,Michael Johnson vs. Jamie Mullarkey,Jamie Mullarkey,147
2022-12-03,UFC Fight Night: Thompson vs. Holland,Michael Johnson vs. Marc Diakiese,Michael Johnson,-100
2022-12-03,UFC Fight Night: Thompson vs. Holland,Michael Johnson vs. Marc Diakiese,Marc Diakiese,-100
2023-11-18,UFC Fight Night: Allen vs. Craig,Michael Morales vs. Jake Matthews,Michael Morales,-175
2023-11-18,UFC Fight Night: Allen vs. Craig,Michael Morales vs. Jake Matthews,Jake Matthews,175
2022-11-12,UFC 281: Adesanya vs. Pereira,Michael Trizano vs. SeungWoo Choi,Michael Trizano,120
2022-11-12,UFC 281: Adesanya vs. Pereira,Michael Trizano vs. SeungWoo Choi,SeungWoo Choi,-120
2024-05-04,UFC 301: Pantoja vs. Erceg,Michel Pereira vs. Ihor Potieria,Michel Pereira,-213
2024-05-04,UFC 301: Pantoja vs. Erceg,Michel Pereira vs. Ihor Potieria,Ihor Potieria,213
2024-03-09,UFC 299: O'Malley vs. Vera 2,Michel Pereira vs. Michal Oleksiejczuk,Michel Pereira,-175
2024-03-09,UFC 299: O'Malley vs. Vera 2,Michel Pereira vs. Michal Oleksiejczuk,Michal Oleksiejczuk,175
2024-07-27,UFC 304: Edwards vs. Muhammad 2,Mick Parkin vs. Lukasz Brzeski,Mick Parkin,-174
2024-07-27,UFC 304: Edwards vs. Muhammad 2,Mick Parkin vs. Lukasz Brzeski,Lukasz Brzeski,174
2024-06-01,UFC 302: Makhachev vs. Poirier,Mickey Gall vs. Bassil Hafez,Mickey Gall,147
2024-06-01,UFC 302: Makhachev vs. Poirier,Mickey Gall vs. Bassil Hafez,Bassil Hafez,-147
2024-06-08,UFC Fight Night: Cannonier vs. Imavov,Miguel Baeza vs. Punahele Soriano,Miguel Baeza,-165
2024-06-08,UFC Fight Night: Cannonier vs. Imavov,Miguel Baeza vs. Punahele Soriano,Punahele Soriano,165
2023-10-21,UFC 294: Makhachev vs. Volkanovski 2,Mike Breeden vs. Anshul Jubli,Mike Breeden,213
2023-10-21,UFC 294: Makhachev vs. Volkanovski 2,Mike Breeden vs. Anshul Jubli,Anshul Jubli,-213
2022-10-01,UFC Fight Night: Dern vs. Yan,Mike Davis vs. Viacheslav Borshchev,Mike Davis,-147
2022-10-01,UFC Fight Night: Dern vs. Yan,Mike Davis vs. Viacheslav Borshchev,Viacheslav Borshchev,147
2022-10-15,UFC Fight Night: Grasso vs. Araujo,Mike Jackson vs. Pete Rodriguez,Mike Jackson,101
2022-10-15,UFC Fight Night: Grasso vs. Araujo,Mike Jackson vs. Pete Rodriguez,Pete Rodriguez,-101
2023-06-10,UFC 289: Nunes vs. Aldana,Mike Malott vs. Adam Fugitt,Mike Malott,-165
2023-06-10,UFC 289: Nunes vs. Aldana,Mike Malott vs. Adam Fugitt,Adam Fugitt,165
2023-02-25,UFC Fight Night: Muniz vs. Allen,Mike Malott vs. Yohan Lainesse,Mike Malott,-107
2023-02-25,UFC Fight Night: Muniz vs. Allen,Mike Malott vs. Yohan Lainesse,Yohan Lainesse,107
2024-03-23,UFC Fight Night: Ribas vs. Namajunas,Miles Johns vs. Cody Gibson,Miles Johns,-175
2024-03-23,UFC Fight Night: Ribas vs. Namajunas,Miles Johns vs. Cody Gibson,Cody Gibson,175
2022-10-15,UFC Fight Night: Grasso vs. Araujo,Misha Cirkunov vs. Alonzo Menifield,Misha Cirkunov,-100
2022-10-15,UFC Fight Night: Grasso vs. Araujo,Misha Cirkunov vs. Alonzo Menifield,Alonzo Menifield,-100
2024-07-27,UFC 304: Edwards vs. Muhammad 2,Modestas Bukauskas vs. Marcin Prachnio,Modestas Bukauskas,161
2024-07-27,UFC 304: Edwards vs. Muhammad 2,Modestas Bukauskas vs. Marcin Prachnio,Marcin Prachnio,-161
2024-08-03,UFC Fight Night: Sandhagen vs. Nurmagomedov,Mohammad Yahya vs. Kaue Fernandes,Mohammad Yahya,200
2024-08-03,UFC Fight Night: Sandhagen vs. Nurmagomedov,Mohammad Yahya vs. Kaue Fernandes,Kaue Fernandes,-200
2023-09-23,UFC Fight Night: Fiziev vs. Gamrot,Mohammed Usman vs. Jake Collier,Mohammed Usman,-100
2023-09-23,UFC Fight Night: Fiziev vs. Gamrot,Mohammed Usman vs. Jake Collier,Jake Collier,-100
2024-03-23,UFC Fight Night: Ribas vs. Namajunas,Mohammed Usman vs. Mick Parkin,Mohammed Usman,178
2024-03-23,UFC Fight Night: Ribas vs. Namajunas,Mohammed Usman vs. Mick Parkin,Mick Parkin,-178
2024-07-20,UFC Fight Night: Lemos vs. Jandiroba,Mohammed Usman vs. Thomas Petersen,Mohammed Usman,174
2024-07-20,UFC Fight Night: Lemos vs. Jandiroba,Mohammed Usman vs. Thomas Petersen,Thomas Petersen,-174
2024-07-13,UFC Fight Night: Namajunas vs. Cortez,Montel Jackson vs. Da'Mon Blackshear,Montel Jackson,-213
2024-07-13,UFC Fight Night: Namajunas vs. Cortez,Montel Jackson vs. Da'Mon Blackshear,Da'Mon Blackshear,213
2024-04-06,UFC Fight Night: Allen vs. Curtis 2,Morgan Charriere vs. Chepe Mariscal,Morgan Charriere,-174
2024-04-06,UFC Fight Night: Allen vs. Curtis 2,Morgan Charriere vs. Chepe Mariscal,Chepe Mariscal,174
2022-10-22,UFC 280: Oliveira vs. Makhachev,Muhammad Mokaev vs. Malcolm Gordon,Muhammad Mokaev,-800
2022-10-22,UFC 280: Oliveira vs. Makhachev,Muhammad Mokaev vs. Malcolm Gordon,Malcolm Gordon,800
2024-07-27,UFC 304: Edwards vs. Muhammad 2,Muhammad Mokaev vs. Manel Kape,Muhammad Mokaev,-213
2024-07-27,UFC 304: Edwards vs. Muhammad 2,Muhammad Mokaev vs. Manel Kape,Manel Kape,213
2023-12-09,UFC Fight Night: Song vs. Gutierrez,Nasrat Haqparast vs. Jamie Mullarkey,Nasrat Haqparast,152
2023-12-09,UFC Fight Night: Song vs. Gutierrez,Nasrat Haqparast vs. Jamie Mullarkey,Jamie Mullarkey,-152
2024-06-22,UFC Fight Night: Whittaker vs. Aliskerov,Nasrat Haqparast vs. Jared Gordon,Nasrat Haqparast,102
2024-06-22,UFC Fight Night: Whittaker vs. Aliskerov,Nasrat Haqparast vs. Jared Gordon,Jared Gordon,-102
2022-09-03,UFC Fight Night: Gane vs. Tuivasa,Nassourdine Imavov vs. Joaquin Buckley,Nassourdine Imavov,-175
2022-09-03,UFC Fight Night: Gane vs. Tuivasa,Nassourdine Imavov vs. Joaquin Buckley,Joaquin Buckley,175
2022-12-03,UFC Fight Night: Thompson vs. Holland,Natan Levy vs. Genaro Valdez,Natan Levy,-541
2022-12-03,UFC Fight Night: Thompson vs. Holland,Natan Levy vs. Genaro Valdez,Genaro Valdez,541
2024-03-16,UFC Fight Night: Tuivasa vs. Tybura,Natan Levy vs. Mike Davis,Natan Levy,-166
2024-03-16,UFC Fight Night: Tuivasa vs. Tybura,Natan Levy vs. Mike Davis,Mike Davis,166
2022-09-10,UFC 279: Diaz vs. Ferguson,Nate Diaz vs. Tony Ferguson,Nate Diaz,209
2022-09-10,UFC 279: Diaz vs. Ferguson,Nate Diaz vs. Tony Ferguson,Tony Ferguson,-209
2023-03-25,UFC Fight Night: Vera vs. Sandhagen,Nate Landwehr vs. Austin Lingo,Nate Landwehr,147
2023-03-25,UFC Fight Night: Vera vs. Sandhagen,Nate Landwehr vs. Austin Lingo,Austin Lingo,-147
2022-08-13,UFC Fight Night: Vera vs. Cruz,Nate Landwehr vs. David Onama,Nate Landwehr,209
2022-08-13,UFC Fight Night: Vera vs. Cruz,Nate Landwehr vs. David Onama,David Onama,-209
2024-03-30,UFC Fight Night: Blanchfield vs. Fiorot,Nate Landwehr vs. Jamall Emmers,Nate Landwehr,165
2024-03-30,UFC Fight Night: Blanchfield vs. Fiorot,Nate Landwehr vs. Jamall Emmers,Jamall Emmers,-165
2023-10-07,UFC Fight Night: Dawson vs. Green,Nate Maness vs. Mateus Mendonca,Nate Maness,165
2023-10-07,UFC Fight Night: Dawson vs. Green,Nate Maness vs. Mateus Mendonca,Mateus Mendonca,-165
2023-07-22,UFC Fight Night: Aspinall vs. Tybura,Nathaniel Wood vs. Andre Fili,Nathaniel Wood,-209
2023-07-22,UFC Fight Night: Aspinall vs. Tybura,Nathaniel Wood vs. Andre Fili,Andre Fili,209
2022-07-23,UFC Fight Night: Blaydes vs. Aspinall,Nathaniel Wood vs. Charles Rosa,Nathaniel Wood,-256
2022-07-23,UFC Fight Night: Blaydes vs. Aspinall,Nathaniel Wood vs. Charles Rosa,Charles Rosa,256
2024-07-27,UFC 304: Edwards vs. Muhammad 2,Nathaniel Wood vs. Daniel Pineda,Nathaniel Wood,-463
2024-07-27,UFC 304: Edwards vs. Muhammad 2,Nathaniel Wood vs. Daniel Pineda,Daniel Pineda,463
2023-10-21,UFC 294: Makhachev vs. Volkanovski 2,Nathaniel Wood vs. Muhammad Naimov,Nathaniel Wood,-209
2023-10-21,UFC 294: Makhachev vs. Volkanovski 2,Nathaniel Wood vs. Muhammad Naimov,Muhammad Naimov,209
2023-07-15,UFC Fight Night: Holm vs. Bueno Silva,Nazim Sadykhov vs. Terrance McKinney,Nazim Sadykhov,200
2023-07-15,UFC Fight Night: Holm vs. Bueno Silva,Nazim Sadykhov vs. Terrance McKinney,Terrance McKinney,-200
2023-11-11,UFC 295: Prochazka vs. Pereira,Nazim Sadykhov vs. Viacheslav Borshchev,Nazim Sadykhov,-107
2023-11-11,UFC 295: Prochazka vs. Pereira,Nazim Sadykhov vs. Viacheslav Borshchev,Viacheslav Borshchev,107
2022-11-05,UFC Fight Night: Rodriguez vs. Lemos,Neil Magny vs. Daniel Rodriguez,Neil Magny,-102
2022-11-05,UFC Fight Night: Rodriguez vs. Lemos,Neil Magny vs. Daniel Rodriguez,Daniel Rodriguez,102
2023-08-19,UFC 292: Sterling vs. O'Malley,Neil Magny vs. Ian Machado Garry,Neil Magny,200
2023-08-19,UFC 292: Sterling vs. O'Malley,Neil Magny vs. Ian Machado Garry,Ian Machado Garry,-200
2024-08-24,UFC Fight Night: Cannonier vs. Borralho,Neil Magny vs. Michael Morales,Neil Magny,209
2024-08-24,UFC Fight Night: Cannonier vs. Borralho,Neil Magny vs. Michael Morales,Michael Morales,-209
2024-01-20,UFC 297: Strickland vs. Du Plessis,Neil Magny vs. Mike Malott,Neil Magny,175
2024-01-20,UFC 297: Strickland vs. Du Plessis,Neil Magny vs. Mike Malott,Mike Malott,-175
2023-06-24,UFC Fight Night: Emmett vs. Topuria,Neil Magny vs. Phil Rowe,Neil Magny,-178
2023-06-24,UFC Fight Night: Emmett vs. Topuria,Neil Magny vs. Phil Rowe,Phil Rowe,178
2022-10-15,UFC Fight Night: Grasso vs. Araujo,Nick Maximov vs. Jacob Malkoun,Nick Maximov,-100
2022-10-15,UFC Fight Night: Grasso vs. Araujo,Nick Maximov vs. Jacob Malkoun,Jacob Malkoun,-100
2023-06-17,UFC Fight Night: Vettori vs. Cannonier,Nicolas Dalby vs. Muslim Salikhov,Nicolas Dalby,174
2023-06-17,UFC Fight Night: Vettori vs. Cannonier,Nicolas Dalby vs. Muslim Salikhov,Muslim Salikhov,-174
2022-07-23,UFC Fight Night: Blaydes vs. Aspinall,Nikita Krylov vs. Alexander Gustafsson,Nikita Krylov,-174
2022-07-23,UFC Fight Night: Blaydes vs. Aspinall,Nikita Krylov vs. Alexander Gustafsson,Alexander Gustafsson,174
2023-03-11,UFC Fight Night: Yan vs. Dvalishvili,Nikita Krylov vs. Ryan Spann,Nikita Krylov,-185
2023-03-11,UFC Fight Night: Yan vs. Dvalishvili,Nikita Krylov vs. Ryan Spann,Ryan Spann,185
2024-06-01,UFC 302: Makhachev vs. Poirier,Niko Price vs. Alex Morono,Niko Price,213
2024-06-01,UFC 302: Makhachev vs. Poirier,Niko Price vs. Alex Morono,Alex Morono,-213
2022-12-03,UFC Fight Night: Thompson vs. Holland,Niko Price vs. Phil Rowe,Niko Price,175
2022-12-03,UFC Fight Night: Thompson vs. Holland,Niko Price vs. Phil Rowe,Phil Rowe,-175
2022-09-17,UFC Fight Night: Sandhagen vs. Song,Nikolas Motta vs. Cameron VanCamp,Nikolas Motta,122
2022-09-17,UFC Fight Night: Sandhagen vs. Song,Nikolas Motta vs. Cameron VanCamp,Cameron VanCamp,-122
2024-03-30,UFC Fight Night: Blanchfield vs. Fiorot,Nursulton Ruziboev vs. Sedriques Dumas,Nursulton Ruziboev,-209
2024-03-30,UFC Fight Night: Blanchfield vs. Fiorot,Nursulton Ruziboev vs. Sedriques Dumas,Sedriques Dumas,209
2024-07-27,UFC 304: Edwards vs. Muhammad 2,Oban Elliott vs. Preston Parsons,Oban Elliott,-169
2024-07-27,UFC 304: Edwards vs. Muhammad 2,Oban Elliott vs. Preston Parsons,Preston Parsons,169
2023-02-25,UFC Fight Night: Muniz vs. Allen,Ode Osbourne vs. Charles Johnson,Ode Osbourne,114
2023-02-25,UFC Fight Night: Muniz vs. Allen,Ode Osbourne vs. Charles Johnson,Charles Johnson,-114
2022-08-13,UFC Fight Night: Vera vs. Cruz,Ode Osbourne vs. Tyson Nam,Ode Osbourne,-178
2022-08-13,UFC Fight Night: Vera vs. Cruz,Ode Osbourne vs. Tyson Nam,Tyson Nam,178
2022-07-30,UFC 277: Pena vs. Nunes 2,Orion Cosce vs. Blood Diamond,Orion Cosce,-213
2022-07-30,UFC 277: Pena vs. Nunes 2,Orion Cosce vs. Blood Diamond,Blood Diamond,213
2023-05-20,UFC Fight Night: Dern vs. Hill,Orion Cosce vs. Gilbert Urbina,Orion Cosce,151
2023-05-20,UFC Fight Night: Dern vs. Hill,Orion Cosce vs. Gilbert Urbina,Gilbert Urbina,-151
2023-07-15,UFC Fight Night: Holm vs. Bueno Silva,Ottman Azaitar vs. Francisco Prado,Ottman Azaitar,174
2023-07-15,UFC Fight Night: Holm vs. Bueno Silva,Ottman Azaitar vs. Francisco Prado,Francisco Prado,-174
2024-03-16,UFC Fight Night: Tuivasa vs. Tybura,Ovince Saint Preux vs. Kennedy Nzechukwu,Ovince Saint Preux,800
2024-03-16,UFC Fight Night: Tuivasa vs. Tybura,Ovince Saint Preux vs. Kennedy Nzechukwu,Kennedy Nzechukwu,-800
2023-02-18,UFC Fight Night: Andrade vs. Blanchfield,Ovince Saint Preux vs. Philipe Lins,Ovince Saint Preux,-107
2023-02-18,UFC Fight Night: Andrade vs. Blanchfield,Ovince Saint Preux vs. Philipe Lins,Philipe Lins,107
2022-12-10,UFC 282: Blachowicz vs. Ankalaev,Paddy Pimblett vs. Jared Gordon,Paddy Pimblett,120
2022-12-10,UFC 282: Blachowicz vs. Ankalaev,Paddy Pimblett vs. Jared Gordon,Jared Gordon,-120
2022-07-23,UFC Fight Night: Blaydes vs. Aspinall,Paddy Pimblett vs. Jordan Leavitt,Paddy Pimblett,120
2022-07-23,UFC Fight Night: Blaydes vs. Aspinall,Paddy Pimblett vs. Jordan Leavitt,Jordan Leavitt,-120
2023-06-17,UFC Fight Night: Vettori vs. Cannonier,Pat Sabatini vs. Lucas Almeida,Pat Sabatini,-174
2023-06-17,UFC Fight Night: Vettori vs. Cannonier,Pat Sabatini vs. Lucas Almeida,Lucas Almeida,174
2023-07-22,UFC Fight Night: Aspinall vs. Tybura,Paul Craig vs. Andre Muniz,Paul Craig,183
2023-07-22,UFC Fight Night: Aspinall vs. Tybura,Paul Craig vs. Andre Muniz,Andre Muniz,-183
2024-05-04,UFC 301: Pantoja vs. Erceg,Paul Craig vs. Caio Borralho,Paul Craig,213
2024-05-04,UFC 301: Pantoja vs. Erceg,Paul Craig vs. Caio Borralho,Caio Borralho,-213
2023-01-21,UFC 283: Teixeira vs. Hill,Paul Craig vs. Johnny Walker,Paul Craig,186
2023-01-21,UFC 283: Teixeira vs. Hill,Paul Craig vs. Johnny Walker,Johnny Walker,-186
2022-07-23,UFC Fight Night: Blaydes vs. Aspinall,Paul Craig vs. Volkan Oezdemir,Paul Craig,-100
2022-07-23,UFC Fight Night: Blaydes vs. Aspinall,Paul Craig vs. Volkan Oezdemir,Volkan Oezdemir,-100
2022-08-20,UFC 278: Usman vs. Edwards,Paulo Costa vs. Luke Rockhold,Paulo Costa,-102
2022-08-20,UFC 278: Usman vs. Edwards,Paulo Costa vs. Luke Rockhold,Luke Rockhold,102
2024-03-23,UFC Fight Night: Ribas vs. Namajunas,Payton Talbott vs. Cameron Saaiman,Payton Talbott,161
2024-03-23,UFC Fight Night: Ribas vs. Namajunas,Payton Talbott vs. Cameron Saaiman,Cameron Saaiman,-161
2024-06-29,UFC 303: Pereira vs. Prochazka 2,Payton Talbott vs. Yanis Ghemmouri,Payton Talbott,-217
2024-06-29,UFC 303: Pereira vs. Prochazka 2,Payton Talbott vs. Yanis Ghemmouri,Yanis Ghemmouri,217
2023-04-15,UFC Fight Night: Holloway vs. Allen,Pedro Munhoz vs. Chris Gutierrez,Pedro Munhoz,213
2023-04-15,UFC Fight Night: Holloway vs. Allen,Pedro Munhoz vs. Chris Gutierrez,Chris Gutierrez,-213
2024-03-09,UFC 299: O'Malley vs. Vera 2,Pedro Munhoz vs. Kyler Phillips,Pedro Munhoz,392
2024-03-09,UFC 299: O'Malley vs. Vera 2,Pedro Munhoz vs. Kyler Phillips,Kyler Phillips,-392
2023-03-11,UFC Fight Night: Yan vs. Dvalishvili,Petr Yan vs. Merab Dvalishvili,Petr Yan,178
2023-03-11,UFC Fight Night: Yan vs. Dvalishvili,Petr Yan vs. Merab Dvalishvili,Merab Dvalishvili,-178
2022-10-22,UFC 280: Oliveira vs. Makhachev,Petr Yan vs. Sean O'Malley,Petr Yan,-131
2022-10-22,UFC 280: Oliveira vs. Makhachev,Petr Yan vs. Sean O'Malley,Sean O'Malley,131
2024-03-09,UFC 299: O'Malley vs. Vera 2,Petr Yan vs. Song Yadong,Petr Yan,165
2024-03-09,UFC 299: O'Malley vs. Vera 2,Petr Yan vs. Song Yadong,Song Yadong,-165
2024-01-13,UFC Fight Night: Ankalaev vs. Walker 2,Phil Hawes vs. Brunno Ferreira,Phil Hawes,-175
2024-01-13,UFC Fight Night: Ankalaev vs. Walker 2,Phil Hawes vs. Brunno Ferreira,Brunno Ferreira,175
2022-10-29,UFC Fight Night: Kattar vs. Allen,Phil Hawes vs. Roman Dolidze,Phil Hawes,120
2022-10-29,UFC Fight Night: Kattar vs. Allen,Phil Hawes vs. Roman Dolidze,Roman Dolidze,-120
2024-06-01,UFC 302: Makhachev vs. Poirier,Phil Rowe vs. Jake Matthews,Phil Rowe,174
2024-06-01,UFC 302: Makhachev vs. Poirier,Phil Rowe vs. Jake Matthews,Jake Matthews,-174
2023-06-03,UFC Fight Night: Kara-France vs. Albazi,Philipe Lins vs. Maxim Grishin,Philipe Lins,174
2023-06-03,UFC Fight Night: Kara-France vs. Albazi,Philipe Lins vs. Maxim Grishin,Maxim Grishin,-174
2022-07-16,UFC Fight Night: Ortega vs. Rodriguez,Punahele Soriano vs. Dalcha Lungiambula,Punahele Soriano,-165
2022-07-16,UFC Fight Night: Ortega vs. Rodriguez,Punahele Soriano vs. Dalcha Lungiambula,Dalcha Lungiambula,165
2023-12-02,UFC Fight Night: Dariush vs. Tsarukyan,Punahele Soriano vs. Dustin Stoltzfus,Punahele Soriano,-175
2023-12-02,UFC Fight Night: Dariush vs. Tsarukyan,Punahele Soriano vs. Dustin Stoltzfus,Dustin Stoltzfus,175
2023-01-14,UFC Fight Night: Strickland vs. Imavov,Punahele Soriano vs. Roman Kopylov,Punahele Soriano,-175
2023-01-14,UFC Fight Night: Strickland vs. Imavov,Punahele Soriano vs. Roman Kopylov,Roman Kopylov,175
2022-12-17,UFC Fight Night: Cannonier vs. Strickland,Rafa Garcia vs. Maheshate,Rafa Garcia,200
2022-12-17,UFC Fight Night: Cannonier vs. Strickland,Rafa Garcia vs. Maheshate,Maheshate,-200
2022-07-09,UFC Fight Night: Dos Anjos vs. Fiziev,Rafael Dos Anjos vs. Rafael Fiziev,Rafael Dos Anjos,-169
2022-07-09,UFC Fight Night: Dos Anjos vs. Fiziev,Rafael Dos Anjos vs. Rafael Fiziev,Rafael Fiziev,169
2023-09-23,UFC Fight Night: Fiziev vs. Gamrot,Rafael Fiziev vs. Mateusz Gamrot,Rafael Fiziev,131
2023-09-23,UFC Fight Night: Fiziev vs. Gamrot,Rafael Fiziev vs. Mateusz Gamrot,Mateusz Gamrot,-131
2024-06-01,UFC 302: Makhachev vs. Poirier,Randy Brown vs. Elizeu Zaleski dos Santos,Randy Brown,-174
2024-06-01,UFC 302: Makhachev vs. Poirier,Randy Brown vs. Elizeu Zaleski dos Santos,Elizeu Zaleski dos Santos,174
2022-10-01,UFC Fight Night: Dern vs. Yan,Randy Brown vs. Francisco Trinaldo,Randy Brown,-178
2022-10-01,UFC Fight Night: Dern vs. Yan,Randy Brown vs. Francisco Trinaldo,Francisco Trinaldo,178
2024-02-03,UFC Fight Night: Dolidze vs. Imavov,Randy Brown vs. Muslim Salikhov,Randy Brown,-209
2024-02-03,UFC Fight Night: Dolidze vs. Imavov,Randy Brown vs. Muslim Salikhov,Muslim Salikhov,209
2023-06-24,UFC Fight Night: Emmett vs. Topuria,Randy Brown vs. Wellington Turman,Randy Brown,-209
2023-06-24,UFC Fight Night: Emmett vs. Topuria,Randy Brown vs. Wellington Turman,Wellington Turman,209
2023-04-22,UFC Fight Night: Pavlovich vs. Blaydes,Rani Yahya vs. Montel Jackson,Rani Yahya,758
2023-04-22,UFC Fight Night: Pavlovich vs. Blaydes,Rani Yahya vs. Montel Jackson,Montel Jackson,-758
2024-04-27,UFC Fight Night: Nicolau vs. Perez,Rani Yahya vs. Victor Henry,Rani Yahya,-102
2024-04-27,UFC Fight Night: Nicolau vs. Perez,Rani Yahya vs. Victor Henry,Victor Henry,102
2022-10-01,UFC Fight Night: Dern vs. Yan,Raoni Barcelos vs. Trevin Jones,Raoni Barcelos,-175
2022-10-01,UFC Fight Night: Dern vs. Yan,Raoni Barcelos vs. Trevin Jones,Trevin Jones,175
2023-03-11,UFC Fight Night: Yan vs. Dvalishvili,Raphael Assuncao vs. Davey Grant,Raphael Assuncao,102
2023-03-11,UFC Fight Night: Yan vs. Dvalishvili,Raphael Assuncao vs. Davey Grant,Davey Grant,-102
2022-10-15,UFC Fight Night: Grasso vs. Araujo,Raphael Assuncao vs. Victor Henry,Raphael Assuncao,-147
2022-10-15,UFC Fight Night: Grasso vs. Araujo,Raphael Assuncao vs. Victor Henry,Victor Henry,147
2023-04-08,UFC 287: Pereira vs. Adesanya 2,Raul Rosas Jr. vs. Christian Rodriguez,Raul Rosas Jr.,-256
2023-04-08,UFC 287: Pereira vs. Adesanya 2,Raul Rosas Jr. vs. Christian Rodriguez,Christian Rodriguez,256
2024-06-08,UFC Fight Night: Cannonier vs. Imavov,Raul Rosas Jr. vs. Ricky Turcios,Raul Rosas Jr.,-217
2024-06-08,UFC Fight Night: Cannonier vs. Imavov,Raul Rosas Jr. vs. Ricky Turcios,Ricky Turcios,217
2023-09-16,UFC Fight Night: Grasso vs. Shevchenko 2,Raul Rosas Jr. vs. Terrence Mitchell,Raul Rosas Jr.,-209
2023-09-16,UFC Fight Night: Grasso vs. Shevchenko 2,Raul Rosas Jr. vs. Terrence Mitchell,Terrence Mitchell,209
2024-02-03,UFC Fight Night: Dolidze vs. Imavov,Renato Moicano vs. Drew Dober,Renato Moicano,-100
2024-02-03,UFC Fight Night: Dolidze vs. Imavov,Renato Moicano vs. Drew Dober,Drew Dober,-100
2023-09-23,UFC Fight Night: Fiziev vs. Gamrot,Ricardo Ramos vs. Charles Jourdain,Ricardo Ramos,135
2023-09-23,UFC Fight Night: Fiziev vs. Gamrot,Ricardo Ramos vs. Charles Jourdain,Charles Jourdain,-135
2024-03-23,UFC Fight Night: Ribas vs. Namajunas,Ricardo Ramos vs. Julian Erosa,Ricardo Ramos,-151
2024-03-23,UFC Fight Night: Ribas vs. Namajunas,Ricardo Ramos vs. Julian Erosa,Julian Erosa,151
2023-04-22,UFC Fight Night: Pavlovich vs. Blaydes,Ricky Glenn vs. Christos Giagos,Ricky Glenn,-189
2023-04-22,UFC Fight Night: Pavlovich vs. Blaydes,Ricky Glenn vs. Christos Giagos,Christos Giagos,189
2022-07-16,UFC Fight Night: Ortega vs. Rodriguez,Ricky Simon vs. Jack Shore,Ricky Simon,169
2022-07-16,UFC Fight Night: Ortega vs. Rodriguez,Ricky Simon vs. Jack Shore,Jack Shore,-169
2024-01-13,UFC Fight Night: Ankalaev vs. Walker 2,Ricky Simon vs. Mario Bautista,Ricky Simon,-165
2024-01-13,UFC Fight Night: Ankalaev vs. Walker 2,Ricky Simon vs. Mario Bautista,Mario Bautista,165
2024-06-29,UFC 303: Pereira vs. Prochazka 2,Ricky Simon vs. Vinicius Oliveira,Ricky Simon,-178
2024-06-29,UFC 303: Pereira vs. Prochazka 2,Ricky Simon vs. Vinicius Oliveira,Vinicius Oliveira,178
2022-11-19,UFC Fight Night: Nzechukwu vs. Cutelaba,Ricky Turcios vs. Kevin Natividad,Ricky Turcios,-174
2022-11-19,UFC Fight Night: Nzechukwu vs. Cutelaba,Ricky Turcios vs. Kevin Natividad,Kevin Natividad,174
2023-11-04,UFC Fight Night: Almeida vs. Lewis,Rinat Fakhretdinov vs. Elizeu Zaleski dos Santos,Rinat Fakhretdinov,-174
2023-11-04,UFC Fight Night: Almeida vs. Lewis,Rinat Fakhretdinov vs. Elizeu Zaleski dos Santos,Elizeu Zaleski dos Santos,174
2024-06-22,UFC Fight Night: Whittaker vs. Aliskerov,Rinat Fakhretdinov vs. Nicolas Dalby,Rinat Fakhretdinov,-209
2024-06-22,UFC Fight Night: Whittaker vs. Aliskerov,Rinat Fakhretdinov vs. Nicolas Dalby,Nicolas Dalby,209
2023-08-26,UFC Fight Night: Holloway vs. The Korean Zombie,Rinya Nakamura vs. Fernie Garcia,Rinya Nakamura,-138
2023-08-26,UFC Fight Night: Holloway vs. The Korean Zombie,Rinya Nakamura vs. Fernie Garcia,Fernie Garcia,138
2023-04-08,UFC 287: Pereira vs. Adesanya 2,Rob Font vs. Adrian Yanez,Rob Font,-135
2023-04-08,UFC 287: Pereira vs. Adesanya 2,Rob Font vs. Adrian Yanez,Adrian Yanez,135
2023-12-02,UFC Fight Night: Dariush vs. Tsarukyan,Rob Font vs. Deiveson Figueiredo,Rob Font,-178
2023-12-02,UFC Fight Night: Dariush vs. Tsarukyan,Rob Font vs. Deiveson Figueiredo,Deiveson Figueiredo,178
2023-07-08,UFC 290: Volkanovski vs. Rodriguez,Robbie Lawler vs. Niko Price,Robbie Lawler,200
2023-07-08,UFC 290: Volkanovski vs. Rodriguez,Robbie Lawler vs. Niko Price,Niko Price,-200
2023-07-08,UFC 290: Volkanovski vs. Rodriguez,Robert Whittaker vs. Dricus Du Plessis,Robert Whittaker,-175
2023-07-08,UFC 290: Volkanovski vs. Rodriguez,Robert Whittaker vs. Dricus Du Plessis,Dricus Du Plessis,175
2024-06-22,UFC Fight Night: Whittaker vs. Aliskerov,Robert Whittaker vs. Ikram Aliskerov,Robert Whittaker,-662
2024-06-22,UFC Fight Night: Whittaker vs. Aliskerov,Robert Whittaker vs. Ikram Aliskerov,Ikram Aliskerov,662
2022-09-03,UFC Fight Night: Gane vs. Tuivasa,Robert Whittaker vs. Marvin Vettori,Robert Whittaker,-165
2022-09-03,UFC Fight Night: Gane vs. Tuivasa,Robert Whittaker vs. Marvin Vettori,Marvin Vettori,165
2024-02-17,UFC 298: Volkanovski vs. Topuria,Robert Whittaker vs. Paulo Costa,Robert Whittaker,-693
2024-02-17,UFC 298: Volkanovski vs. Topuria,Robert Whittaker vs. Paulo Costa,Paulo Costa,693
2024-02-10,UFC Fight Night: Hermansson vs. Pyfer,Rodolfo Vieira vs. Armen Petrosyan,Rodolfo Vieira,175
2024-02-10,UFC Fight Night: Hermansson vs. Pyfer,Rodolfo Vieira vs. Armen Petrosyan,Armen Petrosyan,-175
2023-04-29,UFC Fight Night: Song vs. Simon,Rodolfo Vieira vs. Cody Brundage,Rodolfo Vieira,165
2023-04-29,UFC Fight Night: Song vs. Simon,Rodolfo Vieira vs. Cody Brundage,Cody Brundage,-165
2023-11-04,UFC Fight Night: Almeida vs. Lewis,Rodrigo Nascimento vs. Don'Tale Mayes,Rodrigo Nascimento,-147
2023-11-04,UFC Fight Night: Almeida vs. Lewis,Rodrigo Nascimento vs. Don'Tale Mayes,Don'Tale Mayes,147
2024-02-03,UFC Fight Night: Dolidze vs. Imavov,Roman Dolidze vs. Nassourdine Imavov,Roman Dolidze,147
2024-02-03,UFC Fight Night: Dolidze vs. Imavov,Roman Dolidze vs. Nassourdine Imavov,Nassourdine Imavov,-147
2023-07-29,UFC 291: Poirier vs. Gaethje 2,Roman Kopylov vs. Claudio Ribeiro,Roman Kopylov,107
2023-07-29,UFC 291: Poirier vs. Gaethje 2,Roman Kopylov vs. Claudio Ribeiro,Claudio Ribeiro,-107
2023-09-16,UFC Fight Night: Grasso vs. Shevchenko 2,Roman Kopylov vs. Josh Fremd,Roman Kopylov,147
2023-09-16,UFC Fight Night: Grasso vs. Shevchenko 2,Roman Kopylov vs. Josh Fremd,Josh Fremd,-147
2024-09-07,UFC Fight Night: Burns vs. Brady,Rongzhu vs. Chris Padilla,Rongzhu,178
2024-09-07,UFC Fight Night: Burns vs. Brady,Rongzhu vs. Chris Padilla,Chris Padilla,-178
2022-07-09,UFC Fight Night: Dos Anjos vs. Fiziev,Ronnie Lawrence vs. Saidyokub Kakhramonov,Ronnie Lawrence,-161
2022-07-09,UFC Fight Night: Dos Anjos vs. Fiziev,Ronnie Lawrence vs. Saidyokub Kakhramonov,Saidyokub Kakhramonov,161
2024-04-27,UFC Fight Night: Nicolau vs. Perez,Ryan Spann vs. Bogdan Guskov,Ryan Spann,-175
2024-04-27,UFC Fight Night: Nicolau vs. Perez,Ryan Spann vs. Bogdan Guskov,Bogdan Guskov,175
2023-03-11,UFC Fight Night: Yan vs. Dvalishvili,Said Nurmagomedov vs. Jonathan Martinez,Said Nurmagomedov,-102
2023-03-11,UFC Fight Night: Yan vs. Dvalishvili,Said Nurmagomedov vs. Jonathan Martinez,Jonathan Martinez,102
2023-10-21,UFC 294: Makhachev vs. Volkanovski 2,Said Nurmagomedov vs. Muin Gafurov,Said Nurmagomedov,-175
2023-10-21,UFC 294: Makhachev vs. Volkanovski 2,Said Nurmagomedov vs. Muin Gafurov,Muin Gafurov,175
2022-12-17,UFC Fight Night: Cannonier vs. Strickland,Said Nurmagomedov vs. Saidyokub Kakhramonov,Said Nurmagomedov,147
2022-12-17,UFC Fight Night: Cannonier vs. Strickland,Said Nurmagomedov vs. Saidyokub Kakhramonov,Saidyokub Kakhramonov,-147
2022-08-06,UFC Fight Night: Santos vs. Hill,Sam Alvey vs. Michal Oleksiejczuk,Sam Alvey,209
2022-08-06,UFC Fight Night: Santos vs. Hill,Sam Alvey vs. Michal Oleksiejczuk,Michal Oleksiejczuk,-209
2024-07-27,UFC 304: Edwards vs. Muhammad 2,Sam Patterson vs. Kiefer Crosbie,Sam Patterson,-209
2024-07-27,UFC 304: Edwards vs. Muhammad 2,Sam Patterson vs. Kiefer Crosbie,Kiefer Crosbie,209
2022-12-10,UFC 282: Blachowicz vs. Ankalaev,Santiago Ponzinibbio vs. Alex Morono,Santiago Ponzinibbio,125
2022-12-10,UFC 282: Blachowicz vs. Ankalaev,Santiago Ponzinibbio vs. Alex Morono,Alex Morono,-125
2024-07-13,UFC Fight Night: Namajunas vs. Cortez,Santiago Ponzinibbio vs. Muslim Salikhov,Santiago Ponzinibbio,-178
2024-07-13,UFC Fight Night: Namajunas vs. Cortez,Santiago Ponzinibbio vs. Muslim Salikhov,Muslim Salikhov,178
2023-12-02,UFC Fight Night: Dariush vs. Tsarukyan,Sean Brady vs. Kelvin Gastelum,Sean Brady,169
2023-12-02,UFC Fight Night: Dariush vs. Tsarukyan,Sean Brady vs. Kelvin Gastelum,Kelvin Gastelum,-169
2024-03-09,UFC 299: O'Malley vs. Vera 2,Sean O'Malley vs. Marlon Vera,Sean O'Malley,-178
2024-03-09,UFC 299: O'Malley vs. Vera 2,Sean O'Malley vs. Marlon Vera,Marlon Vera,178
2023-07-01,UFC Fight Night: Strickland vs. Magomedov,Sean Strickland vs. Abus Magomedov,Sean Strickland,-102
2023-07-01,UFC Fight Night: Strickland vs. Magomedov,Sean Strickland vs. Abus Magomedov,Abus Magomedov,102
2022-07-02,UFC 276: Adesanya vs. Cannonier,Sean Strickland vs. Alex Pereira,Sean Strickland,-213
2022-07-02,UFC 276: Adesanya vs. Cannonier,Sean Strickland vs. Alex Pereira,Alex Pereira,213
2024-01-20,UFC 297: Strickland vs. Du Plessis,Sean Strickland vs. Dricus Du Plessis,Sean Strickland,102
2024-01-20,UFC 297: Strickland vs. Du Plessis,Sean Strickland vs. Dricus Du Plessis,Dricus Du Plessis,-102
2023-01-14,UFC Fight Night: Strickland vs. Imavov,Sean Strickland vs. Nassourdine Imavov,Sean Strickland,-100
2023-01-14,UFC Fight Night: Strickland vs. Imavov,Sean Strickland vs. Nassourdine Imavov,Nassourdine Imavov,-100
2024-06-01,UFC 302: Makhachev vs. Poirier,Sean Strickland vs. Paulo Costa,Sean Strickland,-693
2024-06-01,UFC 302: Makhachev vs. Poirier,Sean Strickland vs. Paulo Costa,Paulo Costa,693
2022-08-20,UFC 278: Usman vs. Edwards,Sean Woodson vs. Luis Saldana,Sean Woodson,-102
2022-08-20,UFC 278: Usman vs. Edwards,Sean Woodson vs. Luis Saldana,Luis Saldana,102
2024-08-03,UFC Fight Night: Sandhagen vs. Nurmagomedov,Sedriques Dumas vs. Denis Tiuliulin,Sedriques Dumas,-209
2024-08-03,UFC Fight Night: Sandhagen vs. Nurmagomedov,Sedriques Dumas vs. Denis Tiuliulin,Denis Tiuliulin,209
2024-06-22,UFC Fight Night: Whittaker vs. Aliskerov,Sergei Pavlovich vs. Alexander Volkov,Sergei Pavlovich,-125
2024-06-22,UFC Fight Night: Whittaker vs. Aliskerov,Sergei Pavlovich vs. Alexander Volkov,Alexander Volkov,125
2023-04-22,UFC Fight Night: Pavlovich vs. Blaydes,Sergei Pavlovich vs. Curtis Blaydes,Sergei Pavlovich,453
2023-04-22,UFC Fight Night: Pavlovich vs. Blaydes,Sergei Pavlovich vs. Curtis Blaydes,Curtis Blaydes,-453
2023-11-11,UFC 295: Prochazka vs. Pereira,Sergei Pavlovich vs. Tom Aspinall,Sergei Pavlovich,-100
2023-11-11,UFC 295: Prochazka vs. Pereira,Sergei Pavlovich vs. Tom Aspinall,Tom Aspinall,-100
2023-08-26,UFC Fight Night: Holloway vs. The Korean Zombie,SeungWoo Choi vs. Jarno Errens,SeungWoo Choi,161
2023-08-26,UFC Fight Night: Holloway vs. The Korean Zombie,SeungWoo Choi vs. Jarno Errens,Jarno Errens,-161
2023-01-21,UFC 283: Teixeira vs. Hill,Shamil Abdurakhimov vs. Jailton Almeida,Shamil Abdurakhimov,186
2023-01-21,UFC 283: Teixeira vs. Hill,Shamil Abdurakhimov vs. Jailton Almeida,Jailton Almeida,-186
2024-08-03,UFC Fight Night: Sandhagen vs. Nurmagomedov,Shamil Gaziev vs. Don'Tale Mayes,Shamil Gaziev,147
2024-08-03,UFC Fight Night: Sandhagen vs. Nurmagomedov,Shamil Gaziev vs. Don'Tale Mayes,Don'Tale Mayes,-147
2022-07-16,UFC Fight Night: Ortega vs. Rodriguez,Shane Burgos vs. Charles Jourdain,Shane Burgos,-154
2022-07-16,UFC Fight Night: Ortega vs. Rodriguez,Shane Burgos vs. Charles Jourdain,Charles Jourdain,154
2023-09-09,UFC 293: Adesanya vs. Strickland,Shane Young vs. Gabriel Miranda,Shane Young,-151
2023-09-09,UFC 293: Adesanya vs. Strickland,Shane Young vs. Gabriel Miranda,Gabriel Miranda,151
2023-07-08,UFC 290: Volkanovski vs. Rodriguez,Shannon Ross vs. Jesus Aguilar,Shannon Ross,-110
2023-07-08,UFC 290: Volkanovski vs. Rodriguez,Shannon Ross vs. Jesus Aguilar,Jesus Aguilar,110
2024-08-03,UFC Fight Night: Sandhagen vs. Nurmagomedov,Shara Magomedov vs. Michal Oleksiejczuk,Shara Magomedov,-100
2024-08-03,UFC Fight Night: Sandhagen vs. Nurmagomedov,Shara Magomedov vs. Michal Oleksiejczuk,Michal Oleksiejczuk,-100
2023-12-16,UFC 296: Edwards vs. Covington,Shavkat Rakhmonov vs. Stephen Thompson,Shavkat Rakhmonov,-213
2023-12-16,UFC 296: Edwards vs. Covington,Shavkat Rakhmonov vs. Stephen Thompson,Stephen Thompson,213
2023-04-08,UFC 287: Pereira vs. Adesanya 2,Shayilan Nuerdanbieke vs. Steve Garcia,Shayilan Nuerdanbieke,-100
2023-04-08,UFC 287: Pereira vs. Adesanya 2,Shayilan Nuerdanbieke vs. Steve Garcia,Steve Garcia,-100
2024-04-13,UFC 300: Pereira vs. Hill,Sodiq Yusuff vs. Diego Lopes,Sodiq Yusuff,-175
2024-04-13,UFC 300: Pereira vs. Hill,Sodiq Yusuff vs. Diego Lopes,Diego Lopes,175
2023-10-14,UFC Fight Night: Yusuff vs. Barboza,Sodiq Yusuff vs. Edson Barboza,Sodiq Yusuff,-169
2023-10-14,UFC Fight Night: Yusuff vs. Barboza,Sodiq Yusuff vs. Edson Barboza,Edson Barboza,169
2023-12-09,UFC Fight Night: Song vs. Gutierrez,Song Kenan vs. Kevin Jousset,Song Kenan,151
2023-12-09,UFC Fight Night: Song vs. Gutierrez,Song Kenan vs. Kevin Jousset,Kevin Jousset,-151
2024-08-17,UFC 305: Du Plessis vs. Adesanya,Song Kenan vs. Ricky Glenn,Song Kenan,147
2024-08-17,UFC 305: Du Plessis vs. Adesanya,Song Kenan vs. Ricky Glenn,Ricky Glenn,-147
2023-08-26,UFC Fight Night: Holloway vs. The Korean Zombie,Song Kenan vs. Rolando Bedoya,Song Kenan,200
2023-08-26,UFC Fight Night: Holloway vs. The Korean Zombie,Song Kenan vs. Rolando Bedoya,Rolando Bedoya,-200
2023-12-09,UFC Fight Night: Song vs. Gutierrez,Song Yadong vs. Chris Gutierrez,Song Yadong,-165
2023-12-09,UFC Fight Night: Song vs. Gutierrez,Song Yadong vs. Chris Gutierrez,Chris Gutierrez,165
2023-04-29,UFC Fight Night: Song vs. Simon,Song Yadong vs. Ricky Simon,Song Yadong,-147
2023-04-29,UFC Fight Night: Song vs. Simon,Song Yadong vs. Ricky Simon,Ricky Simon,147
2022-12-03,UFC Fight Night: Thompson vs. Holland,Stephen Thompson vs. Kevin Holland,Stephen Thompson,213
2022-12-03,UFC Fight Night: Thompson vs. Holland,Stephen Thompson vs. Kevin Holland,Kevin Holland,-213
2023-11-11,UFC 295: Prochazka vs. Pereira,Steve Erceg vs. Alessandro Costa,Steve Erceg,-102
2023-11-11,UFC 295: Prochazka vs. Pereira,Steve Erceg vs. Alessandro Costa,Alessandro Costa,102
2024-09-07,UFC Fight Night: Burns vs. Brady,Steve Garcia vs. Kyle Nelson,Steve Garcia,-131
2024-09-07,UFC Fight Night: Burns vs. Brady,Steve Garcia vs. Kyle Nelson,Kyle Nelson,131
2023-12-09,UFC Fight Night: Song vs. Gutierrez,Steve Garcia vs. Melquizael Costa,Steve Garcia,129
2023-12-09,UFC Fight Night: Song vs. Gutierrez,Steve Garcia vs. Melquizael Costa,Melquizael Costa,-129
2024-07-20,UFC Fight Night: Lemos vs. Jandiroba,Steve Garcia vs. SeungWoo Choi,Steve Garcia,-178
2024-07-20,UFC Fight Night: Lemos vs. Jandiroba,Steve Garcia vs. SeungWoo Choi,SeungWoo Choi,178
2023-03-25,UFC Fight Night: Vera vs. Sandhagen,Steven Peterson vs. Lucas Alexander,Steven Peterson,174
2023-03-25,UFC Fight Night: Vera vs. Sandhagen,Steven Peterson vs. Lucas Alexander,Lucas Alexander,-174
2023-12-16,UFC 296: Edwards vs. Covington,Tagir Ulanbekov vs. Cody Durden,Tagir Ulanbekov,175
2023-12-16,UFC 296: Edwards vs. Covington,Tagir Ulanbekov vs. Cody Durden,Cody Durden,-175
2022-11-05,UFC Fight Night: Rodriguez vs. Lemos,Tagir Ulanbekov vs. Nate Maness,Tagir Ulanbekov,-165
2022-11-05,UFC Fight Night: Rodriguez vs. Lemos,Tagir Ulanbekov vs. Nate Maness,Nate Maness,165
2023-09-09,UFC 293: Adesanya vs. Strickland,Tai Tuivasa vs. Alexander Volkov,Tai Tuivasa,209
2023-09-09,UFC 293: Adesanya vs. Strickland,Tai Tuivasa vs. Alexander Volkov,Alexander Volkov,-209
2024-08-17,UFC 305: Du Plessis vs. Adesanya,Tai Tuivasa vs. Jairzinho Rozenstruik,Tai Tuivasa,178
2024-08-17,UFC 305: Du Plessis vs. Adesanya,Tai Tuivasa vs. Jairzinho Rozenstruik,Jairzinho Rozenstruik,-178
2024-03-16,UFC Fight Night: Tuivasa vs. Tybura,Tai Tuivasa vs. Marcin Tybura,Tai Tuivasa,165
2024-03-16,UFC Fight Night: Tuivasa vs. Tybura,Tai Tuivasa vs. Marcin Tybura,Marcin Tybura,-165
2022-12-03,UFC Fight Night: Thompson vs. Holland,Tai Tuivasa vs. Sergei Pavlovich,Tai Tuivasa,175
2022-12-03,UFC Fight Night: Thompson vs. Holland,Tai Tuivasa vs. Sergei Pavlovich,Sergei Pavlovich,-175
2023-05-20,UFC Fight Night: Dern vs. Hill,Takashi Sato vs. Themba Gorimbo,Takashi Sato,256
2023-05-20,UFC Fight Night: Dern vs. Hill,Takashi Sato vs. Themba Gorimbo,Themba Gorimbo,-256
2023-08-05,UFC Fight Night: Sandhagen vs. Font,Tanner Boser vs. Aleksa Camur,Tanner Boser,120
2023-08-05,UFC Fight Night: Sandhagen vs. Font,Tanner Boser vs. Aleksa Camur,Aleksa Camur,-120
2023-04-15,UFC Fight Night: Holloway vs. Allen,Tanner Boser vs. Ion Cutelaba,Tanner Boser,-175
2023-04-15,UFC Fight Night: Holloway vs. Allen,Tanner Boser vs. Ion Cutelaba,Ion Cutelaba,175
2022-09-17,UFC Fight Night: Sandhagen vs. Song,Tanner Boser vs. Rodrigo Nascimento,Tanner Boser,-175
2022-09-17,UFC Fight Night: Sandhagen vs. Song,Tanner Boser vs. Rodrigo Nascimento,Rodrigo Nascimento,175
2022-10-15,UFC Fight Night: Grasso vs. Araujo,Tatsuro Taira vs. CJ Vergara,Tatsuro Taira,-463
2022-10-15,UFC Fight Night: Grasso vs. Araujo,Tatsuro Taira vs. CJ Vergara,CJ Vergara,463
2023-12-09,UFC Fight Night: Song vs. Gutierrez,Tatsuro Taira vs. Carlos Hernandez,Tatsuro Taira,-213
2023-12-09,UFC Fight Night: Song vs. Gutierrez,Tatsuro Taira vs. Carlos Hernandez,Carlos Hernandez,213
2022-08-06,UFC Fight Night: Santos vs. Hill,Terrance McKinney vs. Erick Gonzalez,Terrance McKinney,-392
2022-08-06,UFC Fight Night: Santos vs. Hill,Terrance McKinney vs. Erick Gonzalez,Erick Gonzalez,392
2024-05-11,UFC Fight Night: Lewis vs. Nascimento,Terrance McKinney vs. Esteban Ribovics,Terrance McKinney,-161
2024-05-11,UFC Fight Night: Lewis vs. Nascimento,Terrance McKinney vs. Esteban Ribovics,Esteban Ribovics,161
2023-08-12,UFC Fight Night: Luque vs. Dos Anjos,Terrance McKinney vs. Mike Breeden,Terrance McKinney,-213
2023-08-12,UFC Fight Night: Luque vs. Dos Anjos,Terrance McKinney vs. Mike Breeden,Mike Breeden,213
2024-02-03,UFC Fight Night: Dolidze vs. Imavov,Themba Gorimbo vs. Pete Rodriguez,Themba Gorimbo,-154
2024-02-03,UFC Fight Night: Dolidze vs. Imavov,Themba Gorimbo vs. Pete Rodriguez,Pete Rodriguez,154
2024-05-18,UFC Fight Night: Barboza vs. Murphy,Themba Gorimbo vs. Ramiz Brahimaj,Themba Gorimbo,-175
2024-05-18,UFC Fight Night: Barboza vs. Murphy,Themba Gorimbo vs. Ramiz Brahimaj,Ramiz Brahimaj,175
2024-06-08,UFC Fight Night: Cannonier vs. Imavov,Thiago Moises vs. Ludovit Klein,Thiago Moises,209
2024-06-08,UFC Fight Night: Cannonier vs. Imavov,Thiago Moises vs. Ludovit Klein,Ludovit Klein,-209
2022-08-06,UFC Fight Night: Santos vs. Hill,Thiago Santos vs. Jamahal Hill,Thiago Santos,-174
2022-08-06,UFC Fight Night: Santos vs. Hill,Thiago Santos vs. Jamahal Hill,Jamahal Hill,174
2023-10-21,UFC 294: Makhachev vs. Volkanovski 2,Tim Elliott vs. Muhammad Mokaev,Tim Elliott,693
2023-10-21,UFC 294: Makhachev vs. Volkanovski 2,Tim Elliott vs. Muhammad Mokaev,Muhammad Mokaev,-693
2023-12-09,UFC Fight Night: Song vs. Gutierrez,Tim Elliott vs. Sumudaerji,Tim Elliott,126
2023-12-09,UFC Fight Night: Song vs. Gutierrez,Tim Elliott vs. Sumudaerji,Sumudaerji,-126
2023-06-03,UFC Fight Night: Kara-France vs. Albazi,Tim Elliott vs. Victor Altamirano,Tim Elliott,165
2023-06-03,UFC Fight Night: Kara-France vs. Albazi,Tim Elliott vs. Victor Altamirano,Victor Altamirano,-165
2023-05-13,UFC Fight Night: Rozenstruik vs. Almeida,Tim Means vs. Alex Morono,Tim Means,147
2023-05-13,UFC Fight Night: Rozenstruik vs. Almeida,Tim Means vs. Alex Morono,Alex Morono,-147
2023-09-23,UFC Fight Night: Fiziev vs. Gamrot,Tim Means vs. Andre Fialho,Tim Means,-178
2023-09-23,UFC Fight Night: Fiziev vs. Gamrot,Tim Means vs. Andre Fialho,Andre Fialho,178
2022-10-29,UFC Fight Night: Kattar vs. Allen,Tim Means vs. Max Griffin,Tim Means,131
2022-10-29,UFC Fight Night: Kattar vs. Allen,Tim Means vs. Max Griffin,Max Griffin,-131
2024-04-27,UFC Fight Night: Nicolau vs. Perez,Tim Means vs. Uros Medic,Tim Means,-174
2024-04-27,UFC Fight Night: Nicolau vs. Perez,Tim Means vs. Uros Medic,Uros Medic,174
2024-06-15,UFC Fight Night: Perez vs. Taira,Timmy Cuamba vs. Lucas Almeida,Timmy Cuamba,-213
2024-06-15,UFC Fight Night: Perez vs. Taira,Timmy Cuamba vs. Lucas Almeida,Lucas Almeida,213
2024-07-27,UFC 304: Edwards vs. Muhammad 2,Tom Aspinall vs. Curtis Blaydes,Tom Aspinall,147
2024-07-27,UFC 304: Edwards vs. Muhammad 2,Tom Aspinall vs. Curtis Blaydes,Curtis Blaydes,-147
2023-07-22,UFC Fight Night: Aspinall vs. Tybura,Tom Aspinall vs. Marcin Tybura,Tom Aspinall,-209
2023-07-22,UFC Fight Night: Aspinall vs. Tybura,Tom Aspinall vs. Marcin Tybura,Marcin Tybura,209
2024-08-17,UFC 305: Du Plessis vs. Adesanya,Tom Nolan vs. Alex Reyes,Tom Nolan,-386
2024-08-17,UFC 305: Du Plessis vs. Adesanya,Tom Nolan vs. Alex Reyes,Alex Reyes,386
2023-07-29,UFC 291: Poirier vs. Gaethje 2,Tony Ferguson vs. King Green,Tony Ferguson,120
2023-07-29,UFC 291: Poirier vs. Gaethje 2,Tony Ferguson vs. King Green,King Green,-120
2024-08-03,UFC Fight Night: Sandhagen vs. Nurmagomedov,Tony Ferguson vs. Michael Chiesa,Tony Ferguson,175
2024-08-03,UFC Fight Night: Sandhagen vs. Nurmagomedov,Tony Ferguson vs. Michael Chiesa,Michael Chiesa,-175
2023-12-16,UFC 296: Edwards vs. Covington,Tony Ferguson vs. Paddy Pimblett,Tony Ferguson,-100
2023-12-16,UFC 296: Edwards vs. Covington,Tony Ferguson vs. Paddy Pimblett,Paddy Pimblett,-100
2022-09-17,UFC Fight Night: Sandhagen vs. Song,Tony Gravely vs. Javid Basharat,Tony Gravely,-165
2022-09-17,UFC Fight Night: Sandhagen vs. Song,Tony Gravely vs. Javid Basharat,Javid Basharat,165
2024-08-10,UFC Fight Night: Tybura vs. Spivac 2,Toshiomi Kazama vs. Charalampos Grigoriou,Toshiomi Kazama,126
2024-08-10,UFC Fight Night: Tybura vs. Spivac 2,Toshiomi Kazama vs. Charalampos Grigoriou,Charalampos Grigoriou,-126
2023-08-26,UFC Fight Night: Holloway vs. The Korean Zombie,Toshiomi Kazama vs. Garrett Armfield,Toshiomi Kazama,-131
2023-08-26,UFC Fight Night: Holloway vs. The Korean Zombie,Toshiomi Kazama vs. Garrett Armfield,Garrett Armfield,131
2022-09-17,UFC Fight Night: Sandhagen vs. Song,Trevin Giles vs. Louis Cosce,Trevin Giles,-175
2022-09-17,UFC Fight Night: Sandhagen vs. Song,Trevin Giles vs. Louis Cosce,Louis Cosce,175
2023-03-25,UFC Fight Night: Vera vs. Sandhagen,Trevin Giles vs. Preston Parsons,Trevin Giles,-100
2023-03-25,UFC Fight Night: Vera vs. Sandhagen,Trevin Giles vs. Preston Parsons,Preston Parsons,-100
2024-04-06,UFC Fight Night: Allen vs. Curtis 2,Trevor Peek vs. Charlie Campbell,Trevor Peek,129
2024-04-06,UFC Fight Night: Allen vs. Curtis 2,Trevor Peek vs. Charlie Campbell,Charlie Campbell,-129
2024-09-07,UFC Fight Night: Burns vs. Brady,Trevor Peek vs. Yanal Ashmouz,Trevor Peek,-122
2024-09-07,UFC Fight Night: Burns vs. Brady,Trevor Peek vs. Yanal Ashmouz,Yanal Ashmouz,122
2023-07-15,UFC Fight Night: Holm vs. Bueno Silva,Tucker Lutz vs. Melsik Baghdasaryan,Tucker Lutz,-102
2023-07-15,UFC Fight Night: Holm vs. Bueno Silva,Tucker Lutz vs. Melsik Baghdasaryan,Melsik Baghdasaryan,102
2023-03-11,UFC Fight Night: Yan vs. Dvalishvili,Tyson Nam vs. Bruno Silva,Tyson Nam,178
2023-03-11,UFC Fight Night: Yan vs. Dvalishvili,Tyson Nam vs. Bruno Silva,Bruno Silva,-178
2023-09-09,UFC 293: Adesanya vs. Strickland,Tyson Pedro vs. Anton Turkalj,Tyson Pedro,-161
2023-09-09,UFC 293: Adesanya vs. Strickland,Tyson Pedro vs. Anton Turkalj,Anton Turkalj,161
2022-08-20,UFC 278: Usman vs. Edwards,Tyson Pedro vs. Harry Hunsucker,Tyson Pedro,-662
2022-08-20,UFC 278: Usman vs. Edwards,Tyson Pedro vs. Harry Hunsucker,Harry Hunsucker,662
2023-02-11,UFC 284: Makhachev vs. Volkanovski,Tyson Pedro vs. Modestas Bukauskas,Tyson Pedro,-213
2023-02-11,UFC 284: Makhachev vs. Volkanovski,Tyson Pedro vs. Modestas Bukauskas,Modestas Bukauskas,213
2023-01-14,UFC Fight Night: Strickland vs. Imavov,Umar Nurmagomedov vs. Raoni Barcelos,Umar Nurmagomedov,-463
2023-01-14,UFC Fight Night: Strickland vs. Imavov,Umar Nurmagomedov vs. Raoni Barcelos,Raoni Barcelos,463
2022-08-06,UFC Fight Night: Santos vs. Hill,Vicente Luque vs. Geoff Neal,Vicente Luque,-209
2022-08-06,UFC Fight Night: Santos vs. Hill,Vicente Luque vs. Geoff Neal,Geoff Neal,209
2024-03-30,UFC Fight Night: Blanchfield vs. Fiorot,Vicente Luque vs. Joaquin Buckley,Vicente Luque,-174
2024-03-30,UFC Fight Night: Blanchfield vs. Fiorot,Vicente Luque vs. Joaquin Buckley,Joaquin Buckley,174
2023-08-12,UFC Fight Night: Luque vs. Dos Anjos,Vicente Luque vs. Rafael Dos Anjos,Vicente Luque,-175
2023-08-12,UFC Fight Night: Luque vs. Dos Anjos,Vicente Luque vs. Rafael Dos Anjos,Rafael Dos Anjos,175
2024-02-24,UFC Fight Night: Moreno vs. Royval 2,Victor Altamirano vs. Felipe dos Santos,Victor Altamirano,-100
2024-02-24,UFC Fight Night: Moreno vs. Royval 2,Victor Altamirano vs. Felipe dos Santos,Felipe dos Santos,-100
2023-03-11,UFC Fight Night: Yan vs. Dvalishvili,Victor Henry vs. Tony Gravely,Victor Henry,209
2023-03-11,UFC Fight Night: Yan vs. Dvalishvili,Victor Henry vs. Tony Gravely,Tony Gravely,-209
2024-05-18,UFC Fight Night: Barboza vs. Murphy,Victor Martinez vs. Tom Nolan,Victor Martinez,148
2024-05-18,UFC Fight Night: Barboza vs. Murphy,Victor Martinez vs. Tom Nolan,Tom Nolan,-148
2022-11-19,UFC Fight Night: Nzechukwu vs. Cutelaba,Vince Morales vs. Miles Johns,Vince Morales,186
2022-11-19,UFC Fight Night: Nzechukwu vs. Cutelaba,Vince Morales vs. Miles Johns,Miles Johns,-186
2023-07-08,UFC 290: Volkanovski vs. Rodriguez,Vitor Petrino vs. Marcin Prachnio,Vitor Petrino,-253
2023-07-08,UFC 290: Volkanovski vs. Rodriguez,Vitor Petrino vs. Marcin Prachnio,Marcin Prachnio,253
2023-11-04,UFC Fight Night: Almeida vs. Lewis,Vitor Petrino vs. Modestas Bukauskas,Vitor Petrino,-256
2023-11-04,UFC Fight Night: Almeida vs. Lewis,Vitor Petrino vs. Modestas Bukauskas,Modestas Bukauskas,256
2024-03-02,UFC Fight Night: Rozenstruik vs. Gaziev,Vitor Petrino vs. Tyson Pedro,Vitor Petrino,131
2024-03-02,UFC Fight Night: Rozenstruik vs. Gaziev,Vitor Petrino vs. Tyson Pedro,Tyson Pedro,-131
2022-10-22,UFC 280: Oliveira vs. Makhachev,Volkan Oezdemir vs. Nikita Krylov,Volkan Oezdemir,175
2022-10-22,UFC 280: Oliveira vs. Makhachev,Volkan Oezdemir vs. Nikita Krylov,Nikita Krylov,-175
2023-08-26,UFC Fight Night: Holloway vs. The Korean Zombie,Waldo Cortes-Acosta vs. Lukasz Brzeski,Waldo Cortes-Acosta,-120
2023-08-26,UFC Fight Night: Holloway vs. The Korean Zombie,Waldo Cortes-Acosta vs. Lukasz Brzeski,Lukasz Brzeski,120
2024-05-11,UFC Fight Night: Lewis vs. Nascimento,Waldo Cortes-Acosta vs. Robelis Despaigne,Waldo Cortes-Acosta,-100
2024-05-11,UFC Fight Night: Lewis vs. Nascimento,Waldo Cortes-Acosta vs. Robelis Despaigne,Robelis Despaigne,-100
2023-01-21,UFC 283: Teixeira vs. Hill,Warlley Alves vs. Nicolas Dalby,Warlley Alves,-169
2023-01-21,UFC 283: Teixeira vs. Hill,Warlley Alves vs. Nicolas Dalby,Nicolas Dalby,169
2023-12-02,UFC Fight Night: Dariush vs. Tsarukyan,Wellington Turman vs. Jared Gooden,Wellington Turman,-147
2023-12-02,UFC Fight Night: Dariush vs. Tsarukyan,Wellington Turman vs. Jared Gooden,Jared Gooden,147
2023-02-18,UFC Fight Night: Andrade vs. Blanchfield,William Knight vs. Marcin Prachnio,William Knight,117
2023-02-18,UFC Fight Night: Andrade vs. Blanchfield,William Knight vs. Marcin Prachnio,Marcin Prachnio,-117
2023-02-11,UFC 284: Makhachev vs. Volkanovski,Yair Rodriguez vs. Josh Emmett,Yair Rodriguez,-151
2023-02-11,UFC 284: Makhachev vs. Volkanovski,Yair Rodriguez vs. Josh Emmett,Josh Emmett,151
2024-09-07,UFC Fight Night: Burns vs. Brady,Yizha vs. Gabriel Santos,Yizha,-165
2024-09-07,UFC Fight Night: Burns vs. Brady,Yizha vs. Gabriel Santos,Gabriel Santos,165
2024-01-20,UFC 297: Strickland vs. Du Plessis,Yohan Lainesse vs. Sam Patterson,Yohan Lainesse,-154
2024-01-20,UFC 297: Strickland vs. Du Plessis,Yohan Lainesse vs. Sam Patterson,Sam Patterson,154
2024-08-10,UFC Fight Night: Tybura vs. Spivac 2,Youssef Zalal vs. Jarno Errens,Youssef Zalal,-186
2024-08-10,UFC Fight Night: Tybura vs. Spivac 2,Youssef Zalal vs. Jarno Errens,Jarno Errens,186
2024-02-10,UFC Fight Night: Hermansson vs. Pyfer,Zac Pauga vs. Bogdan Guskov,Zac Pauga,-178
2024-02-10,UFC Fight Night: Hermansson vs. Pyfer,Zac Pauga vs. Bogdan Guskov,Bogdan Guskov,178
2023-06-17,UFC Fight Night: Vettori vs. Cannonier,Zac Pauga vs. Modestas Bukauskas,Zac Pauga,-174
2023-06-17,UFC Fight Night: Vettori vs. Cannonier,Zac Pauga vs. Modestas Bukauskas,Modestas Bukauskas,174
2023-04-15,UFC Fight Night: Holloway vs. Allen,Zak Cummings vs. Ed Herman,Zak Cummings,-209
2023-04-15,UFC Fight Night: Holloway vs. Allen,Zak Cummings vs. Ed Herman,Ed Herman,209
