DATE,EVENT,BOUT,FIGHTER,odds
2018-09-08,UFC 228: Woodley vs. Till,Abdul Razak Alhassan vs. Niko Price,Abdul Razak Alhassan,109
2018-09-08,UFC 228: Woodley vs. Till,Abdul Razak Alhassan vs. Niko Price,Niko Price,-109
2018-12-15,UFC Fight Night: Lee vs. Iaquinta,Adam Milstead vs. Mike Rodriguez,Adam Milstead,-125
2018-12-15,UFC Fight Night: Lee vs. Iaquinta,Adam Milstead vs. Mike Rodriguez,Mike Rodriguez,125
2018-11-03,UFC 230: Cormier vs. Lewis,Adam Wieczorek vs. Marcos Rogerio de Lima,Adam Wieczorek,-122
2018-11-03,UFC 230: Cormier vs. Lewis,Adam Wieczorek vs. Marcos Rogerio de Lima,Marcos Rogerio de Lima,122
2017-11-04,UFC 217: Bisping vs. St-Pierre,Aiemann Zahabi vs. Ricardo Ramos,Aiemann Zahabi,203
2017-11-04,UFC 217: Bisping vs. St-Pierre,Aiemann Zahabi vs. Ricardo Ramos,Ricardo Ramos,-203
2019-05-04,UFC Fight Night: Iaquinta vs. Cowboy,Aiemann Zahabi vs. Vince Morales,Aiemann Zahabi,-106
2019-05-04,UFC Fight Night: Iaquinta vs. Cowboy,Aiemann Zahabi vs. Vince Morales,Vince Morales,106
2019-10-05,UFC 243: Whittaker vs. Adesanya,Al Iaquinta vs. Dan Hooker,Al Iaquinta,-125
2019-10-05,UFC 243: Whittaker vs. Adesanya,Al Iaquinta vs. Dan Hooker,Dan Hooker,125
2019-05-04,UFC Fight Night: Iaquinta vs. Cowboy,Al Iaquinta vs. Donald Cerrone,Al Iaquinta,-147
2019-05-04,UFC Fight Night: Iaquinta vs. Cowboy,Al Iaquinta vs. Donald Cerrone,Donald Cerrone,147
2019-04-13,UFC 236: Holloway vs. Poirier 2,Alan Jouban vs. Dwight Grant,Alan Jouban,-101
2019-04-13,UFC 236: Holloway vs. Poirier 2,Alan Jouban vs. Dwight Grant,Dwight Grant,101
2018-02-03,UFC Fight Night: Machida vs. Anders,Alan Patrick vs. Damir Hadzovic,Alan Patrick,-177
2018-02-03,UFC Fight Night: Machida vs. Anders,Alan Patrick vs. Damir Hadzovic,Damir Hadzovic,177
2019-12-21,UFC Fight Night: Edgar vs. The Korean Zombie,Alatengheili vs. Ryan Benoit,Alatengheili,-162
2019-12-21,UFC Fight Night: Edgar vs. The Korean Zombie,Alatengheili vs. Ryan Benoit,Ryan Benoit,162
2018-05-12,UFC 224: Nunes vs. Pennington,Alberto Mina vs. Ramazan Emeev,Alberto Mina,148
2018-05-12,UFC 224: Nunes vs. Pennington,Alberto Mina vs. Ramazan Emeev,Ramazan Emeev,-148
2017-12-09,UFC Fight Night: Swanson vs. Ortega,Alejandro Perez vs. Iuri Alcantara,Alejandro Perez,-148
2017-12-09,UFC Fight Night: Swanson vs. Ortega,Alejandro Perez vs. Iuri Alcantara,Iuri Alcantara,148
2019-07-06,UFC 239: Jones vs. Santos,Alejandro Perez vs. Song Yadong,Alejandro Perez,231
2019-07-06,UFC 239: Jones vs. Santos,Alejandro Perez vs. Song Yadong,Song Yadong,-231
2017-11-04,UFC 217: Bisping vs. St-Pierre,Aleksei Oleinik vs. Curtis Blaydes,Aleksei Oleinik,182
2017-11-04,UFC 217: Bisping vs. St-Pierre,Aleksei Oleinik vs. Curtis Blaydes,Curtis Blaydes,-182
2018-05-12,UFC 224: Nunes vs. Pennington,Aleksei Oleinik vs. Junior Albini,Aleksei Oleinik,115
2018-05-12,UFC 224: Nunes vs. Pennington,Aleksei Oleinik vs. Junior Albini,Junior Albini,-115
2020-01-18,UFC 246: McGregor vs. Cowboy,Aleksei Oleinik vs. Maurice Greene,Aleksei Oleinik,132
2020-01-18,UFC 246: McGregor vs. Cowboy,Aleksei Oleinik vs. Maurice Greene,Maurice Greene,-132
2019-07-20,UFC Fight Night: Dos Anjos vs. Edwards,Aleksei Oleinik vs. Walt Harris,Aleksei Oleinik,133
2019-07-20,UFC Fight Night: Dos Anjos vs. Edwards,Aleksei Oleinik vs. Walt Harris,Walt Harris,-133
2019-09-28,UFC Fight Night: Hermansson vs. Cannonier,Alen Amedovski vs. John Phillips,Alen Amedovski,-111
2019-09-28,UFC Fight Night: Hermansson vs. Cannonier,Alen Amedovski vs. John Phillips,John Phillips,111
2018-07-06,The Ultimate Fighter: Undefeated Finale,Alessio Di Chirico vs. Julian Marquez,Alessio Di Chirico,-156
2018-07-06,The Ultimate Fighter: Undefeated Finale,Alessio Di Chirico vs. Julian Marquez,Julian Marquez,156
2017-12-16,UFC Fight Night: Lawler vs. Dos Anjos,Alessio Di Chirico vs. Oluwale Bamgbose,Alessio Di Chirico,-200
2017-12-16,UFC Fight Night: Lawler vs. Dos Anjos,Alessio Di Chirico vs. Oluwale Bamgbose,Oluwale Bamgbose,200
2018-07-06,The Ultimate Fighter: Undefeated Finale,Alex Caceres vs. Martin Bravo,Alex Caceres,-133
2018-07-06,The Ultimate Fighter: Undefeated Finale,Alex Caceres vs. Martin Bravo,Martin Bravo,133
2019-07-20,UFC Fight Night: Dos Anjos vs. Edwards,Alex Caceres vs. Steven Peterson,Alex Caceres,-171
2019-07-20,UFC Fight Night: Dos Anjos vs. Edwards,Alex Caceres vs. Steven Peterson,Steven Peterson,171
2018-10-27,UFC Fight Night: Oezdemir vs. Smith,Alex Garcia vs. Court McGee,Alex Garcia,102
2018-10-27,UFC Fight Night: Oezdemir vs. Smith,Alex Garcia vs. Court McGee,Court McGee,-102
2019-03-09,UFC Fight Night: Lewis vs. Dos Santos,Alex Morono vs. Zak Ottow,Alex Morono,-185
2019-03-09,UFC Fight Night: Lewis vs. Dos Santos,Alex Morono vs. Zak Ottow,Zak Ottow,185
2018-09-22,UFC Fight Night: Marreta vs. Anders,Alex Oliveira vs. Carlo Pedersoli Jr.,Alex Oliveira,-164
2018-09-22,UFC Fight Night: Marreta vs. Anders,Alex Oliveira vs. Carlo Pedersoli Jr.,Carlo Pedersoli Jr.,164
2018-12-08,UFC 231: Holloway vs. Ortega,Alex Oliveira vs. Gunnar Nelson,Alex Oliveira,-429
2018-12-08,UFC 231: Holloway vs. Ortega,Alex Oliveira vs. Gunnar Nelson,Gunnar Nelson,429
2019-04-27,UFC Fight Night: Jacare vs. Hermansson,Alex Oliveira vs. Mike Perry,Alex Oliveira,-186
2019-04-27,UFC Fight Night: Jacare vs. Hermansson,Alex Oliveira vs. Mike Perry,Mike Perry,186
2017-12-02,UFC 218: Holloway vs. Aldo 2,Alex Oliveira vs. Yancy Medeiros,Alex Oliveira,-214
2017-12-02,UFC 218: Holloway vs. Aldo 2,Alex Oliveira vs. Yancy Medeiros,Yancy Medeiros,214
2018-08-04,UFC 227: Dillashaw vs. Garbrandt 2,Alex Perez vs. Jose Torres,Alex Perez,-162
2018-08-04,UFC 227: Dillashaw vs. Garbrandt 2,Alex Perez vs. Jose Torres,Jose Torres,162
2019-03-30,UFC Fight Night: Barboza vs. Gaethje,Alex Perez vs. Mark De La Rosa,Alex Perez,-105
2019-03-30,UFC Fight Night: Barboza vs. Gaethje,Alex Perez vs. Mark De La Rosa,Mark De La Rosa,105
2019-03-09,UFC Fight Night: Lewis vs. Dos Santos,Alex White vs. Dan Moret,Alex White,-142
2019-03-09,UFC Fight Night: Lewis vs. Dos Santos,Alex White vs. Dan Moret,Dan Moret,142
2019-10-26,UFC Fight Night: Maia vs. Askren,Alex White vs. Rafael Fiziev,Alex White,-212
2019-10-26,UFC Fight Night: Maia vs. Askren,Alex White vs. Rafael Fiziev,Rafael Fiziev,212
2019-06-01,UFC Fight Night: Gustafsson vs. Smith,Alexander Gustafsson vs. Anthony Smith,Alexander Gustafsson,-207
2019-06-01,UFC Fight Night: Gustafsson vs. Smith,Alexander Gustafsson vs. Anthony Smith,Anthony Smith,207
2019-01-19,UFC Fight Night: Cejudo vs. Dillashaw,Alexander Hernandez vs. Donald Cerrone,Alexander Hernandez,-169
2019-01-19,UFC Fight Night: Cejudo vs. Dillashaw,Alexander Hernandez vs. Donald Cerrone,Donald Cerrone,169
2019-07-20,UFC Fight Night: Dos Anjos vs. Edwards,Alexander Hernandez vs. Francisco Trinaldo,Alexander Hernandez,105
2019-07-20,UFC Fight Night: Dos Anjos vs. Edwards,Alexander Hernandez vs. Francisco Trinaldo,Francisco Trinaldo,-105
2018-07-28,UFC Fight Night: Alvarez vs. Poirier 2,Alexander Hernandez vs. Olivier Aubin-Mercier,Alexander Hernandez,115
2018-07-28,UFC Fight Night: Alvarez vs. Poirier 2,Alexander Hernandez vs. Olivier Aubin-Mercier,Olivier Aubin-Mercier,-115
2018-02-10,UFC 221: Romero vs. Rockhold,Alexander Volkanovski vs. Jeremy Kennedy,Alexander Volkanovski,-111
2018-02-10,UFC 221: Romero vs. Rockhold,Alexander Volkanovski vs. Jeremy Kennedy,Jeremy Kennedy,111
2019-11-09,UFC Fight Night: Zabit vs. Kattar,Alexander Volkov vs. Greg Hardy,Alexander Volkov,-111
2019-11-09,UFC Fight Night: Zabit vs. Kattar,Alexander Volkov vs. Greg Hardy,Greg Hardy,111
2019-11-09,UFC Fight Night: Zabit vs. Kattar,Alexander Yakovlev vs. Roosevelt Roberts,Alexander Yakovlev,162
2019-11-09,UFC Fight Night: Zabit vs. Kattar,Alexander Yakovlev vs. Roosevelt Roberts,Roosevelt Roberts,-162
2019-07-27,UFC 240: Holloway vs. Edgar,Alexandre Pantoja vs. Deiveson Figueiredo,Alexandre Pantoja,-117
2019-07-27,UFC 240: Holloway vs. Edgar,Alexandre Pantoja vs. Deiveson Figueiredo,Deiveson Figueiredo,117
2019-12-21,UFC Fight Night: Edgar vs. The Korean Zombie,Alexandre Pantoja vs. Matt Schnell,Alexandre Pantoja,104
2019-12-21,UFC Fight Night: Edgar vs. The Korean Zombie,Alexandre Pantoja vs. Matt Schnell,Matt Schnell,-104
2018-11-17,UFC Fight Night: Magny vs. Ponzinibbio,Alexandre Pantoja vs. Yuta Sasaki,Alexandre Pantoja,-145
2018-11-17,UFC Fight Night: Magny vs. Ponzinibbio,Alexandre Pantoja vs. Yuta Sasaki,Yuta Sasaki,145
2019-04-20,UFC Fight Night: Overeem vs. Oleinik,Alistair Overeem vs. Aleksei Oleinik,Alistair Overeem,-168
2019-04-20,UFC Fight Night: Overeem vs. Oleinik,Alistair Overeem vs. Aleksei Oleinik,Aleksei Oleinik,168
2018-06-09,UFC 225: Whittaker vs. Romero 2,Alistair Overeem vs. Curtis Blaydes,Alistair Overeem,153
2018-06-09,UFC 225: Whittaker vs. Romero 2,Alistair Overeem vs. Curtis Blaydes,Curtis Blaydes,-153
2017-12-02,UFC 218: Holloway vs. Aldo 2,Alistair Overeem vs. Francis Ngannou,Alistair Overeem,100
2017-12-02,UFC 218: Holloway vs. Aldo 2,Alistair Overeem vs. Francis Ngannou,Francis Ngannou,-100
2019-12-07,UFC Fight Night: Overeem vs. Rozenstruik,Alistair Overeem vs. Jairzinho Rozenstruik,Alistair Overeem,-112
2019-12-07,UFC Fight Night: Overeem vs. Rozenstruik,Alistair Overeem vs. Jairzinho Rozenstruik,Jairzinho Rozenstruik,112
2019-06-22,UFC Fight Night: Moicano vs. The Korean Zombie,Allen Crowder vs. Jairzinho Rozenstruik,Allen Crowder,126
2019-06-22,UFC Fight Night: Moicano vs. The Korean Zombie,Allen Crowder vs. Jairzinho Rozenstruik,Jairzinho Rozenstruik,-126
2019-06-29,UFC Fight Night: Ngannou vs. Dos Santos,Alonzo Menifield vs. Paul Craig,Alonzo Menifield,-151
2019-06-29,UFC Fight Night: Ngannou vs. Dos Santos,Alonzo Menifield vs. Paul Craig,Paul Craig,151
2019-06-22,UFC Fight Night: Moicano vs. The Korean Zombie,Andre Ewell vs. Anderson Dos Santos,Andre Ewell,-134
2019-06-22,UFC Fight Night: Moicano vs. The Korean Zombie,Andre Ewell vs. Anderson Dos Santos,Anderson Dos Santos,134
2020-02-08,UFC 247: Jones vs. Reyes,Andre Ewell vs. Jonathan Martinez,Andre Ewell,145
2020-02-08,UFC 247: Jones vs. Reyes,Andre Ewell vs. Jonathan Martinez,Jonathan Martinez,-145
2019-02-17,UFC Fight Night: Ngannou vs. Velasquez,Andre Fili vs. Myles Jury,Andre Fili,176
2019-02-17,UFC Fight Night: Ngannou vs. Velasquez,Andre Fili vs. Myles Jury,Myles Jury,-176
2019-07-13,UFC Fight Night: De Randamie vs. Ladd,Andre Fili vs. Sheymon Moraes,Andre Fili,-137
2019-07-13,UFC Fight Night: De Randamie vs. Ladd,Andre Fili vs. Sheymon Moraes,Sheymon Moraes,137
2020-01-18,UFC 246: McGregor vs. Cowboy,Andre Fili vs. Sodiq Yusuff,Andre Fili,128
2020-01-18,UFC 246: McGregor vs. Cowboy,Andre Fili vs. Sodiq Yusuff,Sodiq Yusuff,-128
2019-04-27,UFC Fight Night: Jacare vs. Hermansson,Andrei Arlovski vs. Augusto Sakai,Andrei Arlovski,181
2019-04-27,UFC Fight Night: Jacare vs. Hermansson,Andrei Arlovski vs. Augusto Sakai,Augusto Sakai,-181
2019-07-20,UFC Fight Night: Dos Anjos vs. Edwards,Andrei Arlovski vs. Ben Rothwell,Andrei Arlovski,-180
2019-07-20,UFC Fight Night: Dos Anjos vs. Edwards,Andrei Arlovski vs. Ben Rothwell,Ben Rothwell,180
2019-11-02,UFC 244: Masvidal vs. Diaz,Andrei Arlovski vs. Jairzinho Rozenstruik,Andrei Arlovski,112
2019-11-02,UFC 244: Masvidal vs. Diaz,Andrei Arlovski vs. Jairzinho Rozenstruik,Jairzinho Rozenstruik,-112
2018-09-15,UFC Fight Night: Hunt vs. Oleinik,Andrei Arlovski vs. Shamil Abdurakhimov,Andrei Arlovski,119
2018-09-15,UFC Fight Night: Hunt vs. Oleinik,Andrei Arlovski vs. Shamil Abdurakhimov,Shamil Abdurakhimov,-119
2018-06-09,UFC 225: Whittaker vs. Romero 2,Andrei Arlovski vs. Tai Tuivasa,Andrei Arlovski,206
2018-06-09,UFC 225: Whittaker vs. Romero 2,Andrei Arlovski vs. Tai Tuivasa,Tai Tuivasa,-206
2018-08-25,UFC Fight Night: Gaethje vs. Vick,Andrew Sanchez vs. Markus Perez,Andrew Sanchez,-142
2018-08-25,UFC Fight Night: Gaethje vs. Vick,Andrew Sanchez vs. Markus Perez,Markus Perez,142
2017-12-01,The Ultimate Fighter: A New World Champion Finale,Andrew Sanchez vs. Ryan Janes,Andrew Sanchez,-167
2017-12-01,The Ultimate Fighter: A New World Champion Finale,Andrew Sanchez vs. Ryan Janes,Ryan Janes,167
2020-01-18,UFC 246: McGregor vs. Cowboy,Anthony Pettis vs. Diego Ferreira,Anthony Pettis,205
2020-01-18,UFC 246: McGregor vs. Cowboy,Anthony Pettis vs. Diego Ferreira,Diego Ferreira,-205
2019-08-17,UFC 241: Cormier vs. Miocic 2,Anthony Pettis vs. Nate Diaz,Anthony Pettis,200
2019-08-17,UFC 241: Cormier vs. Miocic 2,Anthony Pettis vs. Nate Diaz,Nate Diaz,-200
2018-04-21,UFC Fight Night: Barboza vs. Lee,Anthony Rocco Martin vs. Keita Nakamura,Anthony Rocco Martin,-210
2018-04-21,UFC Fight Night: Barboza vs. Lee,Anthony Rocco Martin vs. Keita Nakamura,Keita Nakamura,210
2019-03-09,UFC Fight Night: Lewis vs. Dos Santos,Anthony Rocco Martin vs. Sergio Moraes,Anthony Rocco Martin,-206
2019-03-09,UFC Fight Night: Lewis vs. Dos Santos,Anthony Rocco Martin vs. Sergio Moraes,Sergio Moraes,206
2017-12-09,UFC Fight Night: Swanson vs. Ortega,Antonio Braga Neto vs. Trevin Giles,Antonio Braga Neto,342
2017-12-09,UFC Fight Night: Swanson vs. Ortega,Antonio Braga Neto vs. Trevin Giles,Trevin Giles,-342
2019-05-18,UFC Fight Night: Dos Anjos vs. Lee,Antonio Carlos Junior vs. Ian Heinisch,Antonio Carlos Junior,-161
2019-05-18,UFC Fight Night: Dos Anjos vs. Lee,Antonio Carlos Junior vs. Ian Heinisch,Ian Heinisch,161
2017-10-28,UFC Fight Night: Brunson vs. Machida,Antonio Carlos Junior vs. Jack Marshman,Antonio Carlos Junior,-137
2017-10-28,UFC Fight Night: Brunson vs. Machida,Antonio Carlos Junior vs. Jack Marshman,Jack Marshman,137
2018-04-14,UFC Fight Night: Poirier vs. Gaethje,Arjan Bhullar vs. Adam Wieczorek,Arjan Bhullar,107
2018-04-14,UFC Fight Night: Poirier vs. Gaethje,Arjan Bhullar vs. Adam Wieczorek,Adam Wieczorek,-107
2019-05-04,UFC Fight Night: Iaquinta vs. Cowboy,Arjan Bhullar vs. Juan Adams,Arjan Bhullar,146
2019-05-04,UFC Fight Night: Iaquinta vs. Cowboy,Arjan Bhullar vs. Juan Adams,Juan Adams,-146
2018-10-27,UFC Fight Night: Oezdemir vs. Smith,Arjan Bhullar vs. Marcelo Golm,Arjan Bhullar,126
2018-10-27,UFC Fight Night: Oezdemir vs. Smith,Arjan Bhullar vs. Marcelo Golm,Marcelo Golm,-126
2019-03-16,UFC Fight Night: Till vs. Masvidal,Arnold Allen vs. Jordan Rinaldi,Arnold Allen,-161
2019-03-16,UFC Fight Night: Till vs. Masvidal,Arnold Allen vs. Jordan Rinaldi,Jordan Rinaldi,161
2018-05-27,UFC Fight Night: Thompson vs. Till,Arnold Allen vs. Mads Burnell,Arnold Allen,-157
2018-05-27,UFC Fight Night: Thompson vs. Till,Arnold Allen vs. Mads Burnell,Mads Burnell,157
2017-10-21,UFC Fight Night: Cerrone vs. Till,Artem Lobov vs. Andre Fili,Artem Lobov,219
2017-10-21,UFC Fight Night: Cerrone vs. Till,Artem Lobov vs. Andre Fili,Andre Fili,-219
2019-05-11,UFC 237: Namajunas vs. Andrade,BJ Penn vs. Clay Guida,BJ Penn,220
2019-05-11,UFC 237: Namajunas vs. Andrade,BJ Penn vs. Clay Guida,Clay Guida,-220
2018-12-29,UFC 232: Jones vs. Gustafsson 2,BJ Penn vs. Ryan Hall,BJ Penn,199
2018-12-29,UFC 232: Jones vs. Gustafsson 2,BJ Penn vs. Ryan Hall,Ryan Hall,-199
2019-01-19,UFC Fight Night: Cejudo vs. Dillashaw,Belal Muhammad vs. Geoff Neal,Belal Muhammad,122
2019-01-19,UFC Fight Night: Cejudo vs. Dillashaw,Belal Muhammad vs. Geoff Neal,Geoff Neal,-122
2019-09-07,UFC 242: Khabib vs. Poirier,Belal Muhammad vs. Takashi Sato,Belal Muhammad,-139
2019-09-07,UFC 242: Khabib vs. Poirier,Belal Muhammad vs. Takashi Sato,Takashi Sato,139
2018-02-24,UFC Fight Night: Emmett vs. Stephens,Ben Saunders vs. Alan Jouban,Ben Saunders,129
2018-02-24,UFC Fight Night: Emmett vs. Stephens,Ben Saunders vs. Alan Jouban,Alan Jouban,-129
2019-03-09,UFC Fight Night: Lewis vs. Dos Santos,Beneil Dariush vs. Drew Dober,Beneil Dariush,-209
2019-03-09,UFC Fight Night: Lewis vs. Dos Santos,Beneil Dariush vs. Drew Dober,Drew Dober,209
2019-02-17,UFC Fight Night: Ngannou vs. Velasquez,Benito Lopez vs. Manny Bermudez,Benito Lopez,123
2019-02-17,UFC Fight Night: Ngannou vs. Velasquez,Benito Lopez vs. Manny Bermudez,Manny Bermudez,-123
2019-07-13,UFC Fight Night: De Randamie vs. Ladd,Benito Lopez vs. Vince Morales,Benito Lopez,-110
2019-07-13,UFC Fight Night: De Randamie vs. Ladd,Benito Lopez vs. Vince Morales,Vince Morales,110
2019-06-08,UFC 238: Cejudo vs. Moraes,Bevon Lewis vs. Darren Stewart,Bevon Lewis,133
2019-06-08,UFC 238: Cejudo vs. Moraes,Bevon Lewis vs. Darren Stewart,Darren Stewart,-133
2020-01-25,UFC Fight Night: Blaydes vs. Dos Santos,Bevon Lewis vs. Dequan Townsend,Bevon Lewis,-211
2020-01-25,UFC Fight Night: Blaydes vs. Dos Santos,Bevon Lewis vs. Dequan Townsend,Dequan Townsend,211
2019-03-09,UFC Fight Night: Lewis vs. Dos Santos,Blagoy Ivanov vs. Ben Rothwell,Blagoy Ivanov,-129
2019-03-09,UFC Fight Night: Lewis vs. Dos Santos,Blagoy Ivanov vs. Ben Rothwell,Ben Rothwell,129
2018-12-08,UFC 231: Holloway vs. Ortega,Brad Katona vs. Matthew Lopez,Brad Katona,-201
2018-12-08,UFC 231: Holloway vs. Ortega,Brad Katona vs. Matthew Lopez,Matthew Lopez,201
2019-05-04,UFC Fight Night: Iaquinta vs. Cowboy,Brad Katona vs. Merab Dvalishvili,Brad Katona,130
2019-05-04,UFC Fight Night: Iaquinta vs. Cowboy,Brad Katona vs. Merab Dvalishvili,Merab Dvalishvili,-130
2019-11-02,UFC 244: Masvidal vs. Diaz,Brad Tavares vs. Edmen Shahbazyan,Brad Tavares,225
2019-11-02,UFC 244: Masvidal vs. Diaz,Brad Tavares vs. Edmen Shahbazyan,Edmen Shahbazyan,-225
2018-07-06,The Ultimate Fighter: Undefeated Finale,Brad Tavares vs. Israel Adesanya,Brad Tavares,-141
2018-07-06,The Ultimate Fighter: Undefeated Finale,Brad Tavares vs. Israel Adesanya,Israel Adesanya,141
2018-05-19,UFC Fight Night: Maia vs. Usman,Brandon Moreno vs. Alexandre Pantoja,Brandon Moreno,-190
2018-05-19,UFC Fight Night: Maia vs. Usman,Brandon Moreno vs. Alexandre Pantoja,Alexandre Pantoja,190
2019-12-14,UFC 245: Usman vs. Covington,Brandon Moreno vs. Kai Kara-France,Brandon Moreno,-122
2019-12-14,UFC 245: Usman vs. Covington,Brandon Moreno vs. Kai Kara-France,Kai Kara-France,122
2018-12-29,UFC 232: Jones vs. Gustafsson 2,Brian Kelleher vs. Montel Jackson,Brian Kelleher,177
2018-12-29,UFC 232: Jones vs. Gustafsson 2,Brian Kelleher vs. Montel Jackson,Montel Jackson,-177
2019-06-22,UFC Fight Night: Moicano vs. The Korean Zombie,Bryan Barberena vs. Randy Brown,Bryan Barberena,-134
2019-06-22,UFC Fight Night: Moicano vs. The Korean Zombie,Bryan Barberena vs. Randy Brown,Randy Brown,134
2018-03-03,UFC 222: Cyborg vs. Kunitskaya,Bryan Caraway vs. Cody Stamann,Bryan Caraway,223
2018-03-03,UFC 222: Cyborg vs. Kunitskaya,Bryan Caraway vs. Cody Stamann,Cody Stamann,-223
2019-12-07,UFC Fight Night: Overeem vs. Rozenstruik,Bryce Mitchell vs. Matt Sayles,Bryce Mitchell,110
2019-12-07,UFC Fight Night: Overeem vs. Rozenstruik,Bryce Mitchell vs. Matt Sayles,Matt Sayles,-110
2018-03-03,UFC 222: Cyborg vs. Kunitskaya,CB Dollaway vs. Hector Lombard,CB Dollaway,-171
2018-03-03,UFC 222: Cyborg vs. Kunitskaya,CB Dollaway vs. Hector Lombard,Hector Lombard,171
2018-01-20,UFC 220: Miocic vs. Ngannou,Calvin Kattar vs. Shane Burgos,Calvin Kattar,126
2018-01-20,UFC 220: Miocic vs. Ngannou,Calvin Kattar vs. Shane Burgos,Shane Burgos,-126
2018-04-14,UFC Fight Night: Poirier vs. Gaethje,Carlos Condit vs. Alex Oliveira,Carlos Condit,128
2018-04-14,UFC Fight Night: Poirier vs. Gaethje,Carlos Condit vs. Alex Oliveira,Alex Oliveira,-128
2018-12-29,UFC 232: Jones vs. Gustafsson 2,Carlos Condit vs. Michael Chiesa,Carlos Condit,-162
2018-12-29,UFC 232: Jones vs. Gustafsson 2,Carlos Condit vs. Michael Chiesa,Michael Chiesa,162
2017-12-30,UFC 219: Cyborg vs. Holm,Carlos Condit vs. Neil Magny,Carlos Condit,159
2017-12-30,UFC 219: Cyborg vs. Holm,Carlos Condit vs. Neil Magny,Neil Magny,-159
2020-02-15,UFC Fight Night: Anderson vs. Blachowicz,Casey Kenney vs. Merab Dvalishvili,Casey Kenney,160
2020-02-15,UFC Fight Night: Anderson vs. Blachowicz,Casey Kenney vs. Merab Dvalishvili,Merab Dvalishvili,-160
2018-05-12,UFC 224: Nunes vs. Pennington,Cezar Ferreira vs. Karl Roberson,Cezar Ferreira,200
2018-05-12,UFC 224: Nunes vs. Pennington,Cezar Ferreira vs. Karl Roberson,Karl Roberson,-200
2018-12-08,UFC 231: Holloway vs. Ortega,Chad Laprise vs. Dhiego Lima,Chad Laprise,-177
2018-12-08,UFC 231: Holloway vs. Ortega,Chad Laprise vs. Dhiego Lima,Dhiego Lima,177
2017-12-16,UFC Fight Night: Lawler vs. Dos Anjos,Chad Laprise vs. Galore Bofando,Chad Laprise,112
2017-12-16,UFC Fight Night: Lawler vs. Dos Anjos,Chad Laprise vs. Galore Bofando,Galore Bofando,-112
2018-12-29,UFC 232: Jones vs. Gustafsson 2,Chad Mendes vs. Alexander Volkanovski,Chad Mendes,162
2018-12-29,UFC 232: Jones vs. Gustafsson 2,Chad Mendes vs. Alexander Volkanovski,Alexander Volkanovski,-162
2018-11-10,UFC Fight Night: Korean Zombie vs. Rodriguez,Chan Sung Jung vs. Yair Rodriguez,Chan Sung Jung,210
2018-11-10,UFC Fight Night: Korean Zombie vs. Rodriguez,Chan Sung Jung vs. Yair Rodriguez,Yair Rodriguez,-210
2018-09-08,UFC 228: Woodley vs. Till,Charles Byrd vs. Darren Stewart,Charles Byrd,-169
2018-09-08,UFC 228: Woodley vs. Till,Charles Byrd vs. Darren Stewart,Darren Stewart,169
2018-09-22,UFC Fight Night: Marreta vs. Anders,Charles Oliveira vs. Christos Giagos,Charles Oliveira,-149
2018-09-22,UFC Fight Night: Marreta vs. Anders,Charles Oliveira vs. Christos Giagos,Christos Giagos,149
2019-02-02,UFC Fight Night: Assuncao vs. Moraes 2,Charles Oliveira vs. David Teymur,Charles Oliveira,-109
2019-02-02,UFC Fight Night: Assuncao vs. Moraes 2,Charles Oliveira vs. David Teymur,David Teymur,109
2019-11-16,UFC Fight Night: Blachowicz vs. Jacare,Charles Oliveira vs. Jared Gordon,Charles Oliveira,-141
2019-11-16,UFC Fight Night: Blachowicz vs. Jacare,Charles Oliveira vs. Jared Gordon,Jared Gordon,141
2017-12-02,UFC 218: Holloway vs. Aldo 2,Charles Oliveira vs. Paul Felder,Charles Oliveira,137
2017-12-02,UFC 218: Holloway vs. Aldo 2,Charles Oliveira vs. Paul Felder,Paul Felder,-137
2019-10-18,UFC Fight Night: Reyes vs. Weidman,Charles Rosa vs. Manny Bermudez,Charles Rosa,145
2019-10-18,UFC Fight Night: Reyes vs. Weidman,Charles Rosa vs. Manny Bermudez,Manny Bermudez,-145
2019-09-14,UFC Fight Night: Cowboy vs. Gaethje,Chas Skelly vs. Jordan Griffin,Chas Skelly,152
2019-09-14,UFC Fight Night: Cowboy vs. Gaethje,Chas Skelly vs. Jordan Griffin,Jordan Griffin,-152
2017-11-25,UFC Fight Night: Bisping vs. Gastelum,Chase Sherman vs. Shamil Abdurakhimov,Chase Sherman,-116
2017-11-25,UFC Fight Night: Bisping vs. Gastelum,Chase Sherman vs. Shamil Abdurakhimov,Shamil Abdurakhimov,116
2017-12-09,UFC Fight Night: Swanson vs. Ortega,Chris Gruetzemacher vs. Davi Ramos,Chris Gruetzemacher,-125
2017-12-09,UFC Fight Night: Swanson vs. Ortega,Chris Gruetzemacher vs. Davi Ramos,Davi Ramos,125
2019-08-17,UFC 241: Cormier vs. Miocic 2,Christos Giagos vs. Drakkar Klose,Christos Giagos,114
2019-08-17,UFC 241: Cormier vs. Miocic 2,Christos Giagos vs. Drakkar Klose,Drakkar Klose,-114
2019-12-21,UFC Fight Night: Edgar vs. The Korean Zombie,Ciryl Gane vs. Tanner Boser,Ciryl Gane,-175
2019-12-21,UFC Fight Night: Edgar vs. The Korean Zombie,Ciryl Gane vs. Tanner Boser,Tanner Boser,175
2018-05-19,UFC Fight Night: Maia vs. Usman,Claudio Puelles vs. Felipe Silva,Claudio Puelles,-194
2018-05-19,UFC Fight Night: Maia vs. Usman,Claudio Puelles vs. Felipe Silva,Felipe Silva,194
2019-09-21,UFC Fight Night: Rodriguez vs. Stephens,Claudio Puelles vs. Marcos Mariano,Claudio Puelles,-142
2019-09-21,UFC Fight Night: Rodriguez vs. Stephens,Claudio Puelles vs. Marcos Mariano,Marcos Mariano,142
2018-05-27,UFC Fight Night: Thompson vs. Till,Claudio Silva vs. Nordine Taleb,Claudio Silva,270
2018-05-27,UFC Fight Night: Thompson vs. Till,Claudio Silva vs. Nordine Taleb,Nordine Taleb,-270
2018-06-09,UFC 225: Whittaker vs. Romero 2,Clay Guida vs. Charles Oliveira,Clay Guida,-149
2018-06-09,UFC 225: Whittaker vs. Romero 2,Clay Guida vs. Charles Oliveira,Charles Oliveira,149
2019-03-02,UFC 235: Jones vs. Smith,Cody Garbrandt vs. Pedro Munhoz,Cody Garbrandt,-151
2019-03-02,UFC 235: Jones vs. Smith,Cody Garbrandt vs. Pedro Munhoz,Pedro Munhoz,151
2017-11-04,UFC 217: Bisping vs. St-Pierre,Cody Garbrandt vs. TJ Dillashaw,Cody Garbrandt,115
2017-11-04,UFC 217: Bisping vs. St-Pierre,Cody Garbrandt vs. TJ Dillashaw,TJ Dillashaw,-115
2019-03-02,UFC 235: Jones vs. Smith,Cody Stamann vs. Alejandro Perez,Cody Stamann,-165
2019-03-02,UFC 235: Jones vs. Smith,Cody Stamann vs. Alejandro Perez,Alejandro Perez,165
2019-12-07,UFC Fight Night: Overeem vs. Rozenstruik,Cody Stamann vs. Song Yadong,Cody Stamann,123
2019-12-07,UFC Fight Night: Overeem vs. Rozenstruik,Cody Stamann vs. Song Yadong,Song Yadong,-123
2019-08-03,UFC Fight Night: Covington vs. Lawler,Colby Covington vs. Robbie Lawler,Colby Covington,-471
2019-08-03,UFC Fight Night: Covington vs. Lawler,Colby Covington vs. Robbie Lawler,Robbie Lawler,471
2020-01-18,UFC 246: McGregor vs. Cowboy,Conor McGregor vs. Donald Cerrone,Conor McGregor,-142
2020-01-18,UFC 246: McGregor vs. Cowboy,Conor McGregor vs. Donald Cerrone,Donald Cerrone,142
2020-02-15,UFC Fight Night: Anderson vs. Blachowicz,Corey Anderson vs. Jan Blachowicz,Corey Anderson,-296
2020-02-15,UFC Fight Night: Anderson vs. Blachowicz,Corey Anderson vs. Jan Blachowicz,Jan Blachowicz,296
2019-11-02,UFC 244: Masvidal vs. Diaz,Corey Anderson vs. Johnny Walker,Corey Anderson,-180
2019-11-02,UFC 244: Masvidal vs. Diaz,Corey Anderson vs. Johnny Walker,Johnny Walker,180
2018-04-21,UFC Fight Night: Barboza vs. Lee,Corey Anderson vs. Patrick Cummins,Corey Anderson,-190
2018-04-21,UFC Fight Night: Barboza vs. Lee,Corey Anderson vs. Patrick Cummins,Patrick Cummins,190
2018-08-25,UFC Fight Night: Gaethje vs. Vick,Cory Sandhagen vs. Iuri Alcantara,Cory Sandhagen,-148
2018-08-25,UFC Fight Night: Gaethje vs. Vick,Cory Sandhagen vs. Iuri Alcantara,Iuri Alcantara,148
2019-04-27,UFC Fight Night: Jacare vs. Hermansson,Court McGee vs. Dhiego Lima,Court McGee,-209
2019-04-27,UFC Fight Night: Jacare vs. Hermansson,Court McGee vs. Dhiego Lima,Dhiego Lima,209
2017-11-11,UFC Fight Night: Poirier vs. Pettis,Court McGee vs. Sean Strickland,Court McGee,150
2017-11-11,UFC Fight Night: Poirier vs. Pettis,Court McGee vs. Sean Strickland,Sean Strickland,-150
2019-10-12,UFC Fight Night: Joanna vs. Waterson,Cub Swanson vs. Kron Gracie,Cub Swanson,-125
2019-10-12,UFC Fight Night: Joanna vs. Waterson,Cub Swanson vs. Kron Gracie,Kron Gracie,125
2018-08-04,UFC 227: Dillashaw vs. Garbrandt 2,Cub Swanson vs. Renato Moicano,Cub Swanson,-102
2018-08-04,UFC 227: Dillashaw vs. Garbrandt 2,Cub Swanson vs. Renato Moicano,Renato Moicano,102
2019-05-04,UFC Fight Night: Iaquinta vs. Cowboy,Cub Swanson vs. Shane Burgos,Cub Swanson,-161
2019-05-04,UFC Fight Night: Iaquinta vs. Cowboy,Cub Swanson vs. Shane Burgos,Shane Burgos,161
2018-11-24,UFC Fight Night: Blaydes vs. Ngannou 2,Curtis Blaydes vs. Francis Ngannou,Curtis Blaydes,-163
2018-11-24,UFC Fight Night: Blaydes vs. Ngannou 2,Curtis Blaydes vs. Francis Ngannou,Francis Ngannou,163
2020-01-25,UFC Fight Night: Blaydes vs. Dos Santos,Curtis Blaydes vs. Junior Dos Santos,Curtis Blaydes,-132
2020-01-25,UFC Fight Night: Blaydes vs. Dos Santos,Curtis Blaydes vs. Junior Dos Santos,Junior Dos Santos,132
2019-03-23,UFC Fight Night: Thompson vs. Pettis,Curtis Blaydes vs. Justin Willis,Curtis Blaydes,-110
2019-03-23,UFC Fight Night: Thompson vs. Pettis,Curtis Blaydes vs. Justin Willis,Justin Willis,110
2019-09-07,UFC 242: Khabib vs. Poirier,Curtis Blaydes vs. Shamil Abdurakhimov,Curtis Blaydes,-223
2019-09-07,UFC 242: Khabib vs. Poirier,Curtis Blaydes vs. Shamil Abdurakhimov,Shamil Abdurakhimov,223
2019-04-13,UFC 236: Holloway vs. Poirier 2,Curtis Millender vs. Belal Muhammad,Curtis Millender,-102
2019-04-13,UFC 236: Holloway vs. Poirier 2,Curtis Millender vs. Belal Muhammad,Belal Muhammad,102
2018-07-07,UFC 226: Miocic vs. Cormier,Curtis Millender vs. Max Griffin,Curtis Millender,-126
2018-07-07,UFC 226: Miocic vs. Cormier,Curtis Millender vs. Max Griffin,Max Griffin,126
2018-12-29,UFC 232: Jones vs. Gustafsson 2,Curtis Millender vs. Siyar Bahadurzada,Curtis Millender,-108
2018-12-29,UFC 232: Jones vs. Gustafsson 2,Curtis Millender vs. Siyar Bahadurzada,Siyar Bahadurzada,108
2019-12-21,UFC Fight Night: Edgar vs. The Korean Zombie,Da Woon Jung vs. Mike Rodriguez,Da Woon Jung,-110
2019-12-21,UFC Fight Night: Edgar vs. The Korean Zombie,Da Woon Jung vs. Mike Rodriguez,Mike Rodriguez,110
2017-10-21,UFC Fight Night: Cerrone vs. Till,Damian Stasiak vs. Brian Kelleher,Damian Stasiak,109
2017-10-21,UFC Fight Night: Cerrone vs. Till,Damian Stasiak vs. Brian Kelleher,Brian Kelleher,-109
2018-02-10,UFC 221: Romero vs. Rockhold,Damien Brown vs. Dong Hyun Ma,Damien Brown,119
2018-02-10,UFC 221: Romero vs. Rockhold,Damien Brown vs. Dong Hyun Ma,Dong Hyun Ma,-119
2017-11-18,UFC Fight Night: Werdum vs. Tybura,Damien Brown vs. Frank Camacho,Damien Brown,107
2017-11-18,UFC Fight Night: Werdum vs. Tybura,Damien Brown vs. Frank Camacho,Frank Camacho,-107
2019-06-01,UFC Fight Night: Gustafsson vs. Smith,Damir Hadzovic vs. Christos Giagos,Damir Hadzovic,104
2019-06-01,UFC Fight Night: Gustafsson vs. Smith,Damir Hadzovic vs. Christos Giagos,Christos Giagos,-104
2019-02-23,UFC Fight Night: Blachowicz vs. Santos,Damir Hadzovic vs. Marco Polo Reyes,Damir Hadzovic,126
2019-02-23,UFC Fight Night: Blachowicz vs. Santos,Damir Hadzovic vs. Marco Polo Reyes,Marco Polo Reyes,-126
2019-08-31,UFC Fight Night: Andrade vs. Zhang,Damir Ismagulov vs. Thiago Moises,Damir Ismagulov,-116
2019-08-31,UFC Fight Night: Andrade vs. Zhang,Damir Ismagulov vs. Thiago Moises,Thiago Moises,116
2018-07-07,UFC 226: Miocic vs. Cormier,Dan Hooker vs. Gilbert Burns,Dan Hooker,-104
2018-07-07,UFC 226: Miocic vs. Cormier,Dan Hooker vs. Gilbert Burns,Gilbert Burns,104
2017-12-30,UFC 219: Cyborg vs. Holm,Dan Hooker vs. Marc Diakiese,Dan Hooker,133
2017-12-30,UFC 219: Cyborg vs. Holm,Dan Hooker vs. Marc Diakiese,Marc Diakiese,-133
2019-06-22,UFC Fight Night: Moicano vs. The Korean Zombie,Dan Ige vs. Kevin Aguilar,Dan Ige,-113
2019-06-22,UFC Fight Night: Moicano vs. The Korean Zombie,Dan Ige vs. Kevin Aguilar,Kevin Aguilar,113
2018-11-03,UFC 230: Cormier vs. Lewis,Daniel Cormier vs. Derrick Lewis,Daniel Cormier,-148
2018-11-03,UFC 230: Cormier vs. Lewis,Daniel Cormier vs. Derrick Lewis,Derrick Lewis,148
2019-08-17,UFC 241: Cormier vs. Miocic 2,Daniel Cormier vs. Stipe Miocic,Daniel Cormier,133
2019-08-17,UFC 241: Cormier vs. Miocic 2,Daniel Cormier vs. Stipe Miocic,Stipe Miocic,-133
2018-01-20,UFC 220: Miocic vs. Ngannou,Daniel Cormier vs. Volkan Oezdemir,Daniel Cormier,-164
2018-01-20,UFC 220: Miocic vs. Ngannou,Daniel Cormier vs. Volkan Oezdemir,Volkan Oezdemir,164
2018-05-27,UFC Fight Night: Thompson vs. Till,Daniel Kelly vs. Tom Breese,Daniel Kelly,211
2018-05-27,UFC Fight Night: Thompson vs. Till,Daniel Kelly vs. Tom Breese,Tom Breese,-211
2019-02-23,UFC Fight Night: Blachowicz vs. Santos,Daniel Teymur vs. Chris Fishgold,Daniel Teymur,147
2019-02-23,UFC Fight Night: Blachowicz vs. Santos,Daniel Teymur vs. Chris Fishgold,Chris Fishgold,-147
2019-03-16,UFC Fight Night: Till vs. Masvidal,Danny Henry vs. Dan Ige,Danny Henry,138
2019-03-16,UFC Fight Night: Till vs. Masvidal,Danny Henry vs. Dan Ige,Dan Ige,-138
2019-03-16,UFC Fight Night: Till vs. Masvidal,Danny Roberts vs. Claudio Silva,Danny Roberts,137
2019-03-16,UFC Fight Night: Till vs. Masvidal,Danny Roberts vs. Claudio Silva,Claudio Silva,-137
2018-03-17,UFC Fight Night: Werdum vs. Volkov,Danny Roberts vs. Oliver Enkamp,Danny Roberts,111
2018-03-17,UFC Fight Night: Werdum vs. Volkov,Danny Roberts vs. Oliver Enkamp,Oliver Enkamp,-111
2019-06-01,UFC Fight Night: Gustafsson vs. Smith,Darko Stosic vs. Devin Clark,Darko Stosic,-166
2019-06-01,UFC Fight Night: Gustafsson vs. Smith,Darko Stosic vs. Devin Clark,Devin Clark,166
2019-08-03,UFC Fight Night: Covington vs. Lawler,Darko Stosic vs. Kennedy Nzechukwu,Darko Stosic,131
2019-08-03,UFC Fight Night: Covington vs. Lawler,Darko Stosic vs. Kennedy Nzechukwu,Kennedy Nzechukwu,-131
2018-07-14,UFC Fight Night: Dos Santos vs. Ivanov,Darren Elkins vs. Alexander Volkanovski,Darren Elkins,144
2018-07-14,UFC Fight Night: Dos Santos vs. Ivanov,Darren Elkins vs. Alexander Volkanovski,Alexander Volkanovski,-144
2018-01-14,UFC Fight Night: Stephens vs. Choi,Darren Elkins vs. Michael Johnson,Darren Elkins,-166
2018-01-14,UFC Fight Night: Stephens vs. Choi,Darren Elkins vs. Michael Johnson,Michael Johnson,166
2019-07-13,UFC Fight Night: De Randamie vs. Ladd,Darren Elkins vs. Ryan Hall,Darren Elkins,102
2019-07-13,UFC Fight Night: De Randamie vs. Ladd,Darren Elkins vs. Ryan Hall,Ryan Hall,-102
2019-03-16,UFC Fight Night: Till vs. Masvidal,Darren Till vs. Jorge Masvidal,Darren Till,116
2019-03-16,UFC Fight Night: Till vs. Masvidal,Darren Till vs. Jorge Masvidal,Jorge Masvidal,-116
2018-07-22,UFC Fight Night: Shogun vs. Smith,Davey Grant vs. Manny Bermudez,Davey Grant,116
2018-07-22,UFC Fight Night: Shogun vs. Smith,Davey Grant vs. Manny Bermudez,Manny Bermudez,-116
2018-11-10,UFC Fight Night: Korean Zombie vs. Rodriguez,Davi Ramos vs. John Gunther,Davi Ramos,-116
2018-11-10,UFC Fight Night: Korean Zombie vs. Rodriguez,Davi Ramos vs. John Gunther,John Gunther,116
2018-05-12,UFC 224: Nunes vs. Pennington,Davi Ramos vs. Nick Hein,Davi Ramos,-115
2018-05-12,UFC 224: Nunes vs. Pennington,Davi Ramos vs. Nick Hein,Nick Hein,115
2019-03-30,UFC Fight Night: Barboza vs. Gaethje,David Branch vs. Jack Hermansson,David Branch,266
2019-03-30,UFC Fight Night: Barboza vs. Gaethje,David Branch vs. Jack Hermansson,Jack Hermansson,-266
2018-11-03,UFC 230: Cormier vs. Lewis,David Branch vs. Jared Cannonier,David Branch,-127
2018-11-03,UFC 230: Cormier vs. Lewis,David Branch vs. Jared Cannonier,Jared Cannonier,127
2018-04-21,UFC Fight Night: Barboza vs. Lee,David Branch vs. Thiago Santos,David Branch,194
2018-04-21,UFC Fight Night: Barboza vs. Lee,David Branch vs. Thiago Santos,Thiago Santos,-194
2017-12-02,UFC 218: Holloway vs. Aldo 2,David Teymur vs. Drakkar Klose,David Teymur,-101
2017-12-02,UFC 218: Holloway vs. Aldo 2,David Teymur vs. Drakkar Klose,Drakkar Klose,101
2017-10-28,UFC Fight Night: Brunson vs. Machida,Deiveson Figueiredo vs. Jarred Brooks,Deiveson Figueiredo,-116
2017-10-28,UFC Fight Night: Brunson vs. Machida,Deiveson Figueiredo vs. Jarred Brooks,Jarred Brooks,116
2018-02-03,UFC Fight Night: Machida vs. Anders,Deiveson Figueiredo vs. Joseph Morales,Deiveson Figueiredo,169
2018-02-03,UFC Fight Night: Machida vs. Anders,Deiveson Figueiredo vs. Joseph Morales,Joseph Morales,-169
2019-10-12,UFC Fight Night: Joanna vs. Waterson,Deiveson Figueiredo vs. Tim Elliott,Deiveson Figueiredo,-172
2019-10-12,UFC Fight Night: Joanna vs. Waterson,Deiveson Figueiredo vs. Tim Elliott,Tim Elliott,172
2018-08-04,UFC 227: Dillashaw vs. Garbrandt 2,Demetrious Johnson vs. Henry Cejudo,Demetrious Johnson,-415
2018-08-04,UFC 227: Dillashaw vs. Garbrandt 2,Demetrious Johnson vs. Henry Cejudo,Henry Cejudo,415
2017-10-07,UFC 216: Ferguson vs. Lee,Demetrious Johnson vs. Ray Borg,Demetrious Johnson,-332
2017-10-07,UFC 216: Ferguson vs. Lee,Demetrious Johnson vs. Ray Borg,Ray Borg,332
2019-06-29,UFC Fight Night: Ngannou vs. Dos Santos,Demian Maia vs. Anthony Rocco Martin,Demian Maia,102
2019-06-29,UFC Fight Night: Ngannou vs. Dos Santos,Demian Maia vs. Anthony Rocco Martin,Anthony Rocco Martin,-102
2019-10-26,UFC Fight Night: Maia vs. Askren,Demian Maia vs. Ben Askren,Demian Maia,-410
2019-10-26,UFC Fight Night: Maia vs. Askren,Demian Maia vs. Ben Askren,Ben Askren,410
2017-10-28,UFC Fight Night: Brunson vs. Machida,Demian Maia vs. Colby Covington,Demian Maia,145
2017-10-28,UFC Fight Night: Brunson vs. Machida,Demian Maia vs. Colby Covington,Colby Covington,-145
2018-05-19,UFC Fight Night: Maia vs. Usman,Demian Maia vs. Kamaru Usman,Demian Maia,191
2018-05-19,UFC Fight Night: Maia vs. Usman,Demian Maia vs. Kamaru Usman,Kamaru Usman,-191
2019-02-02,UFC Fight Night: Assuncao vs. Moraes 2,Demian Maia vs. Lyman Good,Demian Maia,-209
2019-02-02,UFC Fight Night: Assuncao vs. Moraes 2,Demian Maia vs. Lyman Good,Lyman Good,209
2018-01-27,UFC Fight Night: Jacare vs. Brunson 2,Dennis Bermudez vs. Andre Fili,Dennis Bermudez,-152
2018-01-27,UFC Fight Night: Jacare vs. Brunson 2,Dennis Bermudez vs. Andre Fili,Andre Fili,152
2018-07-14,UFC Fight Night: Dos Santos vs. Ivanov,Dennis Bermudez vs. Ricky Glenn,Dennis Bermudez,-219
2018-07-14,UFC Fight Night: Dos Santos vs. Ivanov,Dennis Bermudez vs. Ricky Glenn,Ricky Glenn,219
2019-01-19,UFC Fight Night: Cejudo vs. Dillashaw,Dennis Bermudez vs. Te Edwards,Dennis Bermudez,-249
2019-01-19,UFC Fight Night: Cejudo vs. Dillashaw,Dennis Bermudez vs. Te Edwards,Te Edwards,249
2019-05-04,UFC Fight Night: Iaquinta vs. Cowboy,Derek Brunson vs. Elias Theodorou,Derek Brunson,138
2019-05-04,UFC Fight Night: Iaquinta vs. Cowboy,Derek Brunson vs. Elias Theodorou,Elias Theodorou,-138
2019-08-17,UFC 241: Cormier vs. Miocic 2,Derek Brunson vs. Ian Heinisch,Derek Brunson,-124
2019-08-17,UFC 241: Cormier vs. Miocic 2,Derek Brunson vs. Ian Heinisch,Ian Heinisch,124
2018-11-03,UFC 230: Cormier vs. Lewis,Derek Brunson vs. Israel Adesanya,Derek Brunson,-111
2018-11-03,UFC 230: Cormier vs. Lewis,Derek Brunson vs. Israel Adesanya,Israel Adesanya,111
2017-10-28,UFC Fight Night: Brunson vs. Machida,Derek Brunson vs. Lyoto Machida,Derek Brunson,-150
2017-10-28,UFC Fight Night: Brunson vs. Machida,Derek Brunson vs. Lyoto Machida,Lyoto Machida,150
2019-10-18,UFC Fight Night: Reyes vs. Weidman,Deron Winn vs. Darren Stewart,Deron Winn,158
2019-10-18,UFC Fight Night: Reyes vs. Weidman,Deron Winn vs. Darren Stewart,Darren Stewart,-158
2018-10-06,UFC 229: Khabib vs. McGregor,Derrick Lewis vs. Alexander Volkov,Derrick Lewis,-101
2018-10-06,UFC 229: Khabib vs. McGregor,Derrick Lewis vs. Alexander Volkov,Alexander Volkov,101
2019-11-02,UFC 244: Masvidal vs. Diaz,Derrick Lewis vs. Blagoy Ivanov,Derrick Lewis,-120
2019-11-02,UFC 244: Masvidal vs. Diaz,Derrick Lewis vs. Blagoy Ivanov,Blagoy Ivanov,120
2020-02-08,UFC 247: Jones vs. Reyes,Derrick Lewis vs. Ilir Latifi,Derrick Lewis,-121
2020-02-08,UFC 247: Jones vs. Reyes,Derrick Lewis vs. Ilir Latifi,Ilir Latifi,121
2019-03-09,UFC Fight Night: Lewis vs. Dos Santos,Derrick Lewis vs. Junior Dos Santos,Derrick Lewis,173
2019-03-09,UFC Fight Night: Lewis vs. Dos Santos,Derrick Lewis vs. Junior Dos Santos,Junior Dos Santos,-173
2018-02-18,UFC Fight Night: Cerrone vs. Medeiros,Derrick Lewis vs. Marcin Tybura,Derrick Lewis,-136
2018-02-18,UFC Fight Night: Cerrone vs. Medeiros,Derrick Lewis vs. Marcin Tybura,Marcin Tybura,136
2018-06-01,UFC Fight Night: Rivera vs. Moraes,Desmond Green vs. Gleison Tibau,Desmond Green,-297
2018-06-01,UFC Fight Night: Rivera vs. Moraes,Desmond Green vs. Gleison Tibau,Gleison Tibau,297
2018-12-08,UFC 231: Holloway vs. Ortega,Devin Clark vs. Aleksandar Rakic,Devin Clark,144
2018-12-08,UFC 231: Holloway vs. Ortega,Devin Clark vs. Aleksandar Rakic,Aleksandar Rakic,-144
2020-02-15,UFC Fight Night: Anderson vs. Blachowicz,Devin Clark vs. Dequan Townsend,Devin Clark,-207
2020-02-15,UFC Fight Night: Anderson vs. Blachowicz,Devin Clark vs. Dequan Townsend,Dequan Townsend,207
2018-07-28,UFC Fight Night: Alvarez vs. Poirier 2,Devin Powell vs. Alvaro Herrera Mendoza,Devin Powell,115
2018-07-28,UFC Fight Night: Alvarez vs. Poirier 2,Devin Powell vs. Alvaro Herrera Mendoza,Alvaro Herrera Mendoza,-115
2019-02-09,UFC 234: Adesanya vs. Silva,Devonte Smith vs. Dong Hyun Ma,Devonte Smith,-166
2019-02-09,UFC 234: Adesanya vs. Silva,Devonte Smith vs. Dong Hyun Ma,Dong Hyun Ma,166
2018-04-14,UFC Fight Night: Poirier vs. Gaethje,Dhiego Lima vs. Yushin Okami,Dhiego Lima,-102
2018-04-14,UFC Fight Night: Poirier vs. Gaethje,Dhiego Lima vs. Yushin Okami,Yushin Okami,102
2018-05-19,UFC Fight Night: Maia vs. Usman,Diego Rivas vs. Guido Cannetti,Diego Rivas,131
2018-05-19,UFC Fight Night: Maia vs. Usman,Diego Rivas vs. Guido Cannetti,Guido Cannetti,-131
2018-09-08,UFC 228: Woodley vs. Till,Diego Sanchez vs. Craig White,Diego Sanchez,154
2018-09-08,UFC 228: Woodley vs. Till,Diego Sanchez vs. Craig White,Craig White,-154
2019-07-06,UFC 239: Jones vs. Santos,Diego Sanchez vs. Michael Chiesa,Diego Sanchez,251
2019-07-06,UFC 239: Jones vs. Santos,Diego Sanchez vs. Michael Chiesa,Michael Chiesa,-251
2020-02-15,UFC Fight Night: Anderson vs. Blachowicz,Diego Sanchez vs. Michel Pereira,Diego Sanchez,271
2020-02-15,UFC Fight Night: Anderson vs. Blachowicz,Diego Sanchez vs. Michel Pereira,Michel Pereira,-271
2019-03-02,UFC 235: Jones vs. Smith,Diego Sanchez vs. Mickey Gall,Diego Sanchez,267
2019-03-02,UFC 235: Jones vs. Smith,Diego Sanchez vs. Mickey Gall,Mickey Gall,-267
2017-10-21,UFC Fight Night: Cerrone vs. Till,Donald Cerrone vs. Darren Till,Donald Cerrone,151
2017-10-21,UFC Fight Night: Cerrone vs. Till,Donald Cerrone vs. Darren Till,Darren Till,-151
2019-09-14,UFC Fight Night: Cowboy vs. Gaethje,Donald Cerrone vs. Justin Gaethje,Donald Cerrone,-150
2019-09-14,UFC Fight Night: Cowboy vs. Gaethje,Donald Cerrone vs. Justin Gaethje,Justin Gaethje,150
2018-06-23,UFC Fight Night: Cowboy vs. Edwards,Donald Cerrone vs. Leon Edwards,Donald Cerrone,142
2018-06-23,UFC Fight Night: Cowboy vs. Edwards,Donald Cerrone vs. Leon Edwards,Leon Edwards,-142
2018-11-10,UFC Fight Night: Korean Zombie vs. Rodriguez,Donald Cerrone vs. Mike Perry,Donald Cerrone,137
2018-11-10,UFC Fight Night: Korean Zombie vs. Rodriguez,Donald Cerrone vs. Mike Perry,Mike Perry,-137
2018-02-18,UFC Fight Night: Cerrone vs. Medeiros,Donald Cerrone vs. Yancy Medeiros,Donald Cerrone,-121
2018-02-18,UFC Fight Night: Cerrone vs. Medeiros,Donald Cerrone vs. Yancy Medeiros,Yancy Medeiros,121
2019-12-21,UFC Fight Night: Edgar vs. The Korean Zombie,Dooho Choi vs. Charles Jourdain,Dooho Choi,-143
2019-12-21,UFC Fight Night: Edgar vs. The Korean Zombie,Dooho Choi vs. Charles Jourdain,Charles Jourdain,143
2018-02-03,UFC Fight Night: Machida vs. Anders,Douglas Silva de Andrade vs. Marlon Vera,Douglas Silva de Andrade,119
2018-02-03,UFC Fight Night: Machida vs. Anders,Douglas Silva de Andrade vs. Marlon Vera,Marlon Vera,-119
2018-12-29,UFC 232: Jones vs. Gustafsson 2,Douglas Silva de Andrade vs. Petr Yan,Douglas Silva de Andrade,208
2018-12-29,UFC 232: Jones vs. Gustafsson 2,Douglas Silva de Andrade vs. Petr Yan,Petr Yan,-208
2019-11-16,UFC Fight Night: Blachowicz vs. Jacare,Douglas Silva de Andrade vs. Renan Barao,Douglas Silva de Andrade,263
2019-11-16,UFC Fight Night: Blachowicz vs. Jacare,Douglas Silva de Andrade vs. Renan Barao,Renan Barao,-263
2018-01-27,UFC Fight Night: Jacare vs. Brunson 2,Drew Dober vs. Frank Camacho,Drew Dober,124
2018-01-27,UFC Fight Night: Jacare vs. Brunson 2,Drew Dober vs. Frank Camacho,Frank Camacho,-124
2018-08-25,UFC Fight Night: Gaethje vs. Vick,Drew Dober vs. Jon Tuck,Drew Dober,-112
2018-08-25,UFC Fight Night: Gaethje vs. Vick,Drew Dober vs. Jon Tuck,Jon Tuck,112
2019-06-29,UFC Fight Night: Ngannou vs. Dos Santos,Drew Dober vs. Marco Polo Reyes,Drew Dober,-117
2019-06-29,UFC Fight Night: Ngannou vs. Dos Santos,Drew Dober vs. Marco Polo Reyes,Marco Polo Reyes,117
2020-01-18,UFC 246: McGregor vs. Cowboy,Drew Dober vs. Nasrat Haqparast,Drew Dober,256
2020-01-18,UFC 246: McGregor vs. Cowboy,Drew Dober vs. Nasrat Haqparast,Nasrat Haqparast,-256
2018-01-20,UFC 220: Miocic vs. Ngannou,Dustin Ortiz vs. Alexandre Pantoja,Dustin Ortiz,-105
2018-01-20,UFC 220: Miocic vs. Ngannou,Dustin Ortiz vs. Alexandre Pantoja,Alexandre Pantoja,105
2018-07-28,UFC Fight Night: Alvarez vs. Poirier 2,Dustin Ortiz vs. Matheus Nicolau,Dustin Ortiz,131
2018-07-28,UFC Fight Night: Alvarez vs. Poirier 2,Dustin Ortiz vs. Matheus Nicolau,Matheus Nicolau,-131
2017-11-11,UFC Fight Night: Poirier vs. Pettis,Dustin Poirier vs. Anthony Pettis,Dustin Poirier,-220
2017-11-11,UFC Fight Night: Poirier vs. Pettis,Dustin Poirier vs. Anthony Pettis,Anthony Pettis,220
2018-04-14,UFC Fight Night: Poirier vs. Gaethje,Dustin Poirier vs. Justin Gaethje,Dustin Poirier,-484
2018-04-14,UFC Fight Night: Poirier vs. Gaethje,Dustin Poirier vs. Justin Gaethje,Justin Gaethje,484
2019-02-23,UFC Fight Night: Blachowicz vs. Santos,Dwight Grant vs. Carlo Pedersoli Jr.,Dwight Grant,106
2019-02-23,UFC Fight Night: Blachowicz vs. Santos,Dwight Grant vs. Carlo Pedersoli Jr.,Carlo Pedersoli Jr.,-106
2018-07-28,UFC Fight Night: Alvarez vs. Poirier 2,Eddie Alvarez vs. Dustin Poirier,Eddie Alvarez,389
2018-07-28,UFC Fight Night: Alvarez vs. Poirier 2,Eddie Alvarez vs. Dustin Poirier,Dustin Poirier,-389
2017-12-02,UFC 218: Holloway vs. Aldo 2,Eddie Alvarez vs. Justin Gaethje,Eddie Alvarez,141
2017-12-02,UFC 218: Holloway vs. Aldo 2,Eddie Alvarez vs. Justin Gaethje,Justin Gaethje,-141
2018-07-14,UFC Fight Night: Dos Santos vs. Ivanov,Eddie Wineland vs. Alejandro Perez,Eddie Wineland,256
2018-07-14,UFC Fight Night: Dos Santos vs. Ivanov,Eddie Wineland vs. Alejandro Perez,Alejandro Perez,-256
2019-03-02,UFC 235: Jones vs. Smith,Edmen Shahbazyan vs. Charles Byrd,Edmen Shahbazyan,-169
2019-03-02,UFC 235: Jones vs. Smith,Edmen Shahbazyan vs. Charles Byrd,Charles Byrd,169
2019-07-06,UFC 239: Jones vs. Santos,Edmen Shahbazyan vs. Jack Marshman,Edmen Shahbazyan,-488
2019-07-06,UFC 239: Jones vs. Santos,Edmen Shahbazyan vs. Jack Marshman,Jack Marshman,488
2018-12-15,UFC Fight Night: Lee vs. Iaquinta,Edson Barboza vs. Dan Hooker,Edson Barboza,123
2018-12-15,UFC Fight Night: Lee vs. Iaquinta,Edson Barboza vs. Dan Hooker,Dan Hooker,-123
2019-03-30,UFC Fight Night: Barboza vs. Gaethje,Edson Barboza vs. Justin Gaethje,Edson Barboza,-181
2019-03-30,UFC Fight Night: Barboza vs. Gaethje,Edson Barboza vs. Justin Gaethje,Justin Gaethje,181
2018-04-21,UFC Fight Night: Barboza vs. Lee,Edson Barboza vs. Kevin Lee,Edson Barboza,250
2018-04-21,UFC Fight Night: Barboza vs. Lee,Edson Barboza vs. Kevin Lee,Kevin Lee,-250
2019-09-07,UFC 242: Khabib vs. Poirier,Edson Barboza vs. Paul Felder,Edson Barboza,133
2019-09-07,UFC 242: Khabib vs. Poirier,Edson Barboza vs. Paul Felder,Paul Felder,-133
2017-11-18,UFC Fight Night: Werdum vs. Tybura,Elias Theodorou vs. Daniel Kelly,Elias Theodorou,-264
2017-11-18,UFC Fight Night: Werdum vs. Tybura,Elias Theodorou vs. Daniel Kelly,Daniel Kelly,264
2018-12-08,UFC 231: Holloway vs. Ortega,Elias Theodorou vs. Eryk Anders,Elias Theodorou,-246
2018-12-08,UFC 231: Holloway vs. Ortega,Elias Theodorou vs. Eryk Anders,Eryk Anders,246
2018-05-27,UFC Fight Night: Thompson vs. Till,Elias Theodorou vs. Trevor Smith,Elias Theodorou,-202
2018-05-27,UFC Fight Night: Thompson vs. Till,Elias Theodorou vs. Trevor Smith,Trevor Smith,202
2019-03-09,UFC Fight Night: Lewis vs. Dos Santos,Elizeu Zaleski dos Santos vs. Curtis Millender,Elizeu Zaleski dos Santos,-173
2019-03-09,UFC Fight Night: Lewis vs. Dos Santos,Elizeu Zaleski dos Santos vs. Curtis Millender,Curtis Millender,173
2017-10-28,UFC Fight Night: Brunson vs. Machida,Elizeu Zaleski dos Santos vs. Max Griffin,Elizeu Zaleski dos Santos,-170
2017-10-28,UFC Fight Night: Brunson vs. Machida,Elizeu Zaleski dos Santos vs. Max Griffin,Max Griffin,170
2018-05-12,UFC 224: Nunes vs. Pennington,Elizeu Zaleski dos Santos vs. Sean Strickland,Elizeu Zaleski dos Santos,141
2018-05-12,UFC 224: Nunes vs. Pennington,Elizeu Zaleski dos Santos vs. Sean Strickland,Sean Strickland,-141
2018-07-22,UFC Fight Night: Shogun vs. Smith,Emil Meek vs. Bartosz Fabinski,Emil Meek,249
2018-07-22,UFC Fight Night: Shogun vs. Smith,Emil Meek vs. Bartosz Fabinski,Bartosz Fabinski,-249
2019-08-10,UFC Fight Night: Shevchenko vs. Carmouche 2,Enrique Barzola vs. Bobby Moffett,Enrique Barzola,-179
2019-08-10,UFC Fight Night: Shevchenko vs. Carmouche 2,Enrique Barzola vs. Bobby Moffett,Bobby Moffett,179
2018-05-19,UFC Fight Night: Maia vs. Usman,Enrique Barzola vs. Brandon Davis,Enrique Barzola,-140
2018-05-19,UFC Fight Night: Maia vs. Usman,Enrique Barzola vs. Brandon Davis,Brandon Davis,140
2019-03-30,UFC Fight Night: Barboza vs. Gaethje,Enrique Barzola vs. Kevin Aguilar,Enrique Barzola,-203
2019-03-30,UFC Fight Night: Barboza vs. Gaethje,Enrique Barzola vs. Kevin Aguilar,Kevin Aguilar,203
2019-10-26,UFC Fight Night: Maia vs. Askren,Enrique Barzola vs. Movsar Evloev,Enrique Barzola,112
2019-10-26,UFC Fight Night: Maia vs. Askren,Enrique Barzola vs. Movsar Evloev,Movsar Evloev,-112
2018-02-24,UFC Fight Night: Emmett vs. Stephens,Eric Shelton vs. Alex Perez,Eric Shelton,113
2018-02-24,UFC Fight Night: Emmett vs. Stephens,Eric Shelton vs. Alex Perez,Alex Perez,-113
2018-05-27,UFC Fight Night: Thompson vs. Till,Eric Spicely vs. Darren Stewart,Eric Spicely,108
2018-05-27,UFC Fight Night: Thompson vs. Till,Eric Spicely vs. Darren Stewart,Darren Stewart,-108
2017-12-01,The Ultimate Fighter: A New World Champion Finale,Eric Spicely vs. Gerald Meerschaert,Eric Spicely,-112
2017-12-01,The Ultimate Fighter: A New World Champion Finale,Eric Spicely vs. Gerald Meerschaert,Gerald Meerschaert,112
2018-01-27,UFC Fight Night: Jacare vs. Brunson 2,Erik Koch vs. King Green,Erik Koch,162
2018-01-27,UFC Fight Night: Jacare vs. Brunson 2,Erik Koch vs. King Green,King Green,-162
2019-07-27,UFC 240: Holloway vs. Edgar,Erik Koch vs. Kyle Stewart,Erik Koch,131
2019-07-27,UFC 240: Holloway vs. Edgar,Erik Koch vs. Kyle Stewart,Kyle Stewart,-131
2019-10-12,UFC Fight Night: Joanna vs. Waterson,Eryk Anders vs. Gerald Meerschaert,Eryk Anders,105
2019-10-12,UFC Fight Night: Joanna vs. Waterson,Eryk Anders vs. Gerald Meerschaert,Gerald Meerschaert,-105
2019-04-13,UFC 236: Holloway vs. Poirier 2,Eryk Anders vs. Khalil Rountree Jr.,Eryk Anders,-112
2019-04-13,UFC 236: Holloway vs. Poirier 2,Eryk Anders vs. Khalil Rountree Jr.,Khalil Rountree Jr.,112
2018-08-25,UFC Fight Night: Gaethje vs. Vick,Eryk Anders vs. Tim Williams,Eryk Anders,-335
2018-08-25,UFC Fight Night: Gaethje vs. Vick,Eryk Anders vs. Tim Williams,Tim Williams,335
2019-06-29,UFC Fight Night: Ngannou vs. Dos Santos,Eryk Anders vs. Vinicius Moreira,Eryk Anders,-146
2019-06-29,UFC Fight Night: Ngannou vs. Dos Santos,Eryk Anders vs. Vinicius Moreira,Vinicius Moreira,146
2018-03-17,UFC Fight Night: Werdum vs. Volkov,Fabricio Werdum vs. Alexander Volkov,Fabricio Werdum,-102
2018-03-17,UFC Fight Night: Werdum vs. Volkov,Fabricio Werdum vs. Alexander Volkov,Alexander Volkov,102
2017-11-18,UFC Fight Night: Werdum vs. Tybura,Fabricio Werdum vs. Marcin Tybura,Fabricio Werdum,105
2017-11-18,UFC Fight Night: Werdum vs. Tybura,Fabricio Werdum vs. Marcin Tybura,Marcin Tybura,-105
2017-10-07,UFC 216: Ferguson vs. Lee,Fabricio Werdum vs. Walt Harris,Fabricio Werdum,-239
2017-10-07,UFC 216: Ferguson vs. Lee,Fabricio Werdum vs. Walt Harris,Walt Harris,239
2017-10-21,UFC Fight Night: Cerrone vs. Till,Felipe Arantes vs. Josh Emmett,Felipe Arantes,122
2017-10-21,UFC Fight Night: Cerrone vs. Till,Felipe Arantes vs. Josh Emmett,Josh Emmett,-122
2018-06-23,UFC Fight Night: Cowboy vs. Edwards,Felipe Arantes vs. Song Yadong,Felipe Arantes,249
2018-06-23,UFC Fight Night: Cowboy vs. Edwards,Felipe Arantes vs. Song Yadong,Song Yadong,-249
2019-02-17,UFC Fight Night: Ngannou vs. Velasquez,Francis Ngannou vs. Cain Velasquez,Francis Ngannou,181
2019-02-17,UFC Fight Night: Ngannou vs. Velasquez,Francis Ngannou vs. Cain Velasquez,Cain Velasquez,-181
2018-07-07,UFC 226: Miocic vs. Cormier,Francis Ngannou vs. Derrick Lewis,Francis Ngannou,-101
2018-07-07,UFC 226: Miocic vs. Cormier,Francis Ngannou vs. Derrick Lewis,Derrick Lewis,101
2019-06-29,UFC Fight Night: Ngannou vs. Dos Santos,Francis Ngannou vs. Junior Dos Santos,Francis Ngannou,124
2019-06-29,UFC Fight Night: Ngannou vs. Dos Santos,Francis Ngannou vs. Junior Dos Santos,Junior Dos Santos,-124
2017-10-28,UFC Fight Night: Brunson vs. Machida,Francisco Trinaldo vs. Jim Miller,Francisco Trinaldo,-237
2017-10-28,UFC Fight Night: Brunson vs. Machida,Francisco Trinaldo vs. Jim Miller,Jim Miller,237
2019-11-16,UFC Fight Night: Blachowicz vs. Jacare,Francisco Trinaldo vs. King Green,Francisco Trinaldo,-164
2019-11-16,UFC Fight Night: Blachowicz vs. Jacare,Francisco Trinaldo vs. King Green,King Green,164
2019-10-26,UFC Fight Night: Maia vs. Askren,Frank Camacho vs. Beneil Dariush,Frank Camacho,262
2019-10-26,UFC Fight Night: Maia vs. Askren,Frank Camacho vs. Beneil Dariush,Beneil Dariush,-262
2019-12-21,UFC Fight Night: Edgar vs. The Korean Zombie,Frankie Edgar vs. Chan Sung Jung,Frankie Edgar,-284
2019-12-21,UFC Fight Night: Edgar vs. The Korean Zombie,Frankie Edgar vs. Chan Sung Jung,Chan Sung Jung,284
2018-04-21,UFC Fight Night: Barboza vs. Lee,Frankie Edgar vs. Cub Swanson,Frankie Edgar,-159
2018-04-21,UFC Fight Night: Barboza vs. Lee,Frankie Edgar vs. Cub Swanson,Cub Swanson,159
2018-05-19,UFC Fight Night: Maia vs. Usman,Gabriel Benitez vs. Humberto Bandenay,Gabriel Benitez,100
2018-05-19,UFC Fight Night: Maia vs. Usman,Gabriel Benitez vs. Humberto Bandenay,Humberto Bandenay,-100
2019-08-17,UFC 241: Cormier vs. Miocic 2,Gabriel Benitez vs. Sodiq Yusuff,Gabriel Benitez,-127
2019-08-17,UFC 241: Cormier vs. Miocic 2,Gabriel Benitez vs. Sodiq Yusuff,Sodiq Yusuff,127
2018-07-28,UFC Fight Night: Alvarez vs. Poirier 2,Gadzhimurad Antigulov vs. Ion Cutelaba,Gadzhimurad Antigulov,-153
2018-07-28,UFC Fight Night: Alvarez vs. Poirier 2,Gadzhimurad Antigulov vs. Ion Cutelaba,Ion Cutelaba,153
2019-04-20,UFC Fight Night: Overeem vs. Oleinik,Gadzhimurad Antigulov vs. Michal Oleksiejczuk,Gadzhimurad Antigulov,119
2019-04-20,UFC Fight Night: Overeem vs. Oleinik,Gadzhimurad Antigulov vs. Michal Oleksiejczuk,Michal Oleksiejczuk,-119
2019-07-27,UFC 240: Holloway vs. Edgar,Gavin Tucker vs. SeungWoo Choi,Gavin Tucker,128
2019-07-27,UFC 240: Holloway vs. Edgar,Gavin Tucker vs. SeungWoo Choi,SeungWoo Choi,-128
2018-09-08,UFC 228: Woodley vs. Till,Geoff Neal vs. Frank Camacho,Geoff Neal,-177
2018-09-08,UFC 228: Woodley vs. Till,Geoff Neal vs. Frank Camacho,Frank Camacho,177
2019-12-14,UFC 245: Usman vs. Covington,Geoff Neal vs. Mike Perry,Geoff Neal,-102
2019-12-14,UFC 245: Usman vs. Covington,Geoff Neal vs. Mike Perry,Mike Perry,102
2019-07-27,UFC 240: Holloway vs. Edgar,Geoff Neal vs. Niko Price,Geoff Neal,-159
2019-07-27,UFC 240: Holloway vs. Edgar,Geoff Neal vs. Niko Price,Niko Price,159
2018-12-15,UFC Fight Night: Lee vs. Iaquinta,Gerald Meerschaert vs. Jack Hermansson,Gerald Meerschaert,115
2018-12-15,UFC Fight Night: Lee vs. Iaquinta,Gerald Meerschaert vs. Jack Hermansson,Jack Hermansson,-115
2018-07-06,The Ultimate Fighter: Undefeated Finale,Gerald Meerschaert vs. Oskar Piechota,Gerald Meerschaert,143
2018-07-06,The Ultimate Fighter: Undefeated Finale,Gerald Meerschaert vs. Oskar Piechota,Oskar Piechota,-143
2019-08-10,UFC Fight Night: Shevchenko vs. Carmouche 2,Geraldo de Freitas vs. Chris Gutierrez,Geraldo de Freitas,-195
2019-08-10,UFC Fight Night: Shevchenko vs. Carmouche 2,Geraldo de Freitas vs. Chris Gutierrez,Chris Gutierrez,195
2018-10-27,UFC Fight Night: Oezdemir vs. Smith,Gian Villante vs. Ed Herman,Gian Villante,129
2018-10-27,UFC Fight Night: Oezdemir vs. Smith,Gian Villante vs. Ed Herman,Ed Herman,-129
2018-01-20,UFC 220: Miocic vs. Ngannou,Gian Villante vs. Francimar Barroso,Gian Villante,108
2018-01-20,UFC 220: Miocic vs. Ngannou,Gian Villante vs. Francimar Barroso,Francimar Barroso,-108
2018-06-01,UFC Fight Night: Rivera vs. Moraes,Gian Villante vs. Sam Alvey,Gian Villante,123
2018-06-01,UFC Fight Night: Rivera vs. Moraes,Gian Villante vs. Sam Alvey,Sam Alvey,-123
2019-08-10,UFC Fight Night: Shevchenko vs. Carmouche 2,Gilbert Burns vs. Aleksei Kunchenko,Gilbert Burns,-131
2019-08-10,UFC Fight Night: Shevchenko vs. Carmouche 2,Gilbert Burns vs. Aleksei Kunchenko,Aleksei Kunchenko,131
2019-07-06,UFC 239: Jones vs. Santos,Gilbert Melendez vs. Arnold Allen,Gilbert Melendez,365
2019-07-06,UFC 239: Jones vs. Santos,Gilbert Melendez vs. Arnold Allen,Arnold Allen,-365
2018-07-22,UFC Fight Night: Shogun vs. Smith,Glover Teixeira vs. Corey Anderson,Glover Teixeira,277
2018-07-22,UFC Fight Night: Shogun vs. Smith,Glover Teixeira vs. Corey Anderson,Corey Anderson,-277
2019-04-27,UFC Fight Night: Jacare vs. Hermansson,Glover Teixeira vs. Ion Cutelaba,Glover Teixeira,122
2019-04-27,UFC Fight Night: Jacare vs. Hermansson,Glover Teixeira vs. Ion Cutelaba,Ion Cutelaba,-122
2019-01-19,UFC Fight Night: Cejudo vs. Dillashaw,Glover Teixeira vs. Karl Roberson,Glover Teixeira,146
2019-01-19,UFC Fight Night: Cejudo vs. Dillashaw,Glover Teixeira vs. Karl Roberson,Karl Roberson,-146
2017-12-16,UFC Fight Night: Lawler vs. Dos Anjos,Glover Teixeira vs. Misha Cirkunov,Glover Teixeira,222
2017-12-16,UFC Fight Night: Lawler vs. Dos Anjos,Glover Teixeira vs. Misha Cirkunov,Misha Cirkunov,-222
2019-09-14,UFC Fight Night: Cowboy vs. Gaethje,Glover Teixeira vs. Nikita Krylov,Glover Teixeira,264
2019-09-14,UFC Fight Night: Cowboy vs. Gaethje,Glover Teixeira vs. Nikita Krylov,Nikita Krylov,-264
2018-07-07,UFC 226: Miocic vs. Cormier,Gokhan Saki vs. Khalil Rountree Jr.,Gokhan Saki,-120
2018-07-07,UFC 226: Miocic vs. Cormier,Gokhan Saki vs. Khalil Rountree Jr.,Khalil Rountree Jr.,120
2019-04-27,UFC Fight Night: Jacare vs. Hermansson,Greg Hardy vs. Dmitrii Smoliakov,Greg Hardy,-217
2019-04-27,UFC Fight Night: Jacare vs. Hermansson,Greg Hardy vs. Dmitrii Smoliakov,Dmitrii Smoliakov,217
2019-07-20,UFC Fight Night: Dos Anjos vs. Edwards,Greg Hardy vs. Juan Adams,Greg Hardy,-102
2019-07-20,UFC Fight Night: Dos Anjos vs. Edwards,Greg Hardy vs. Juan Adams,Juan Adams,102
2018-06-01,UFC Fight Night: Rivera vs. Moraes,Gregor Gillespie vs. Vinc Pichel,Gregor Gillespie,-132
2018-06-01,UFC Fight Night: Rivera vs. Moraes,Gregor Gillespie vs. Vinc Pichel,Vinc Pichel,132
2019-01-19,UFC Fight Night: Cejudo vs. Dillashaw,Gregor Gillespie vs. Yancy Medeiros,Gregor Gillespie,-223
2019-01-19,UFC Fight Night: Cejudo vs. Dillashaw,Gregor Gillespie vs. Yancy Medeiros,Yancy Medeiros,223
2019-11-09,UFC Fight Night: Zabit vs. Kattar,Grigory Popov vs. Davey Grant,Grigory Popov,234
2019-11-09,UFC Fight Night: Zabit vs. Kattar,Grigory Popov vs. Davey Grant,Davey Grant,-234
2018-11-17,UFC Fight Night: Magny vs. Ponzinibbio,Guido Cannetti vs. Marlon Vera,Guido Cannetti,-117
2018-11-17,UFC Fight Night: Magny vs. Ponzinibbio,Guido Cannetti vs. Marlon Vera,Marlon Vera,117
2019-09-28,UFC Fight Night: Hermansson vs. Cannonier,Gunnar Nelson vs. Gilbert Burns,Gunnar Nelson,158
2019-09-28,UFC Fight Night: Hermansson vs. Cannonier,Gunnar Nelson vs. Gilbert Burns,Gilbert Burns,-158
2017-10-28,UFC Fight Night: Brunson vs. Machida,Hacran Dias vs. Jared Gordon,Hacran Dias,379
2017-10-28,UFC Fight Night: Brunson vs. Machida,Hacran Dias vs. Jared Gordon,Jared Gordon,-379
2018-07-28,UFC Fight Night: Alvarez vs. Poirier 2,Hakeem Dawodu vs. Austin Arnett,Hakeem Dawodu,-223
2018-07-28,UFC Fight Night: Alvarez vs. Poirier 2,Hakeem Dawodu vs. Austin Arnett,Austin Arnett,223
2018-12-08,UFC 231: Holloway vs. Ortega,Hakeem Dawodu vs. Kyle Bochniak,Hakeem Dawodu,-252
2018-12-08,UFC 231: Holloway vs. Ortega,Hakeem Dawodu vs. Kyle Bochniak,Kyle Bochniak,252
2018-05-19,UFC Fight Night: Maia vs. Usman,Henry Briones vs. Frankie Saenz,Henry Briones,245
2018-05-19,UFC Fight Night: Maia vs. Usman,Henry Briones vs. Frankie Saenz,Frankie Saenz,-245
2019-06-08,UFC 238: Cejudo vs. Moraes,Henry Cejudo vs. Marlon Moraes,Henry Cejudo,-120
2019-06-08,UFC 238: Cejudo vs. Moraes,Henry Cejudo vs. Marlon Moraes,Marlon Moraes,120
2017-12-02,UFC 218: Holloway vs. Aldo 2,Henry Cejudo vs. Sergio Pettis,Henry Cejudo,154
2017-12-02,UFC 218: Holloway vs. Aldo 2,Henry Cejudo vs. Sergio Pettis,Sergio Pettis,-154
2019-01-19,UFC Fight Night: Cejudo vs. Dillashaw,Henry Cejudo vs. TJ Dillashaw,Henry Cejudo,170
2019-01-19,UFC Fight Night: Cejudo vs. Dillashaw,Henry Cejudo vs. TJ Dillashaw,TJ Dillashaw,-170
2018-11-24,UFC Fight Night: Blaydes vs. Ngannou 2,Hu Yaozong vs. Rashad Coulter,Hu Yaozong,-195
2018-11-24,UFC Fight Night: Blaydes vs. Ngannou 2,Hu Yaozong vs. Rashad Coulter,Rashad Coulter,195
2018-11-17,UFC Fight Night: Magny vs. Ponzinibbio,Humberto Bandenay vs. Austin Arnett,Humberto Bandenay,-190
2018-11-17,UFC Fight Night: Magny vs. Ponzinibbio,Humberto Bandenay vs. Austin Arnett,Austin Arnett,190
2019-12-14,UFC 245: Usman vs. Covington,Ian Heinisch vs. Omari Akhmedov,Ian Heinisch,159
2019-12-14,UFC 245: Usman vs. Covington,Ian Heinisch vs. Omari Akhmedov,Omari Akhmedov,-159
2018-12-29,UFC 232: Jones vs. Gustafsson 2,Ilir Latifi vs. Corey Anderson,Ilir Latifi,241
2018-12-29,UFC 232: Jones vs. Gustafsson 2,Ilir Latifi vs. Corey Anderson,Corey Anderson,-241
2019-09-28,UFC Fight Night: Hermansson vs. Cannonier,Ion Cutelaba vs. Khalil Rountree Jr.,Ion Cutelaba,-149
2019-09-28,UFC Fight Night: Hermansson vs. Cannonier,Ion Cutelaba vs. Khalil Rountree Jr.,Khalil Rountree Jr.,149
2019-09-07,UFC 242: Khabib vs. Poirier,Islam Makhachev vs. Davi Ramos,Islam Makhachev,-199
2019-09-07,UFC 242: Khabib vs. Poirier,Islam Makhachev vs. Davi Ramos,Davi Ramos,199
2018-01-20,UFC 220: Miocic vs. Ngannou,Islam Makhachev vs. Gleison Tibau,Islam Makhachev,-315
2018-01-20,UFC 220: Miocic vs. Ngannou,Islam Makhachev vs. Gleison Tibau,Gleison Tibau,315
2019-07-06,UFC 239: Jones vs. Santos,Ismail Naurdiev vs. Chance Rencountre,Ismail Naurdiev,-216
2019-07-06,UFC 239: Jones vs. Santos,Ismail Naurdiev vs. Chance Rencountre,Chance Rencountre,216
2019-02-09,UFC 234: Adesanya vs. Silva,Israel Adesanya vs. Anderson Silva,Israel Adesanya,-172
2019-02-09,UFC 234: Adesanya vs. Silva,Israel Adesanya vs. Anderson Silva,Anderson Silva,172
2018-04-14,UFC Fight Night: Poirier vs. Gaethje,Israel Adesanya vs. Marvin Vettori,Israel Adesanya,183
2018-04-14,UFC Fight Night: Poirier vs. Gaethje,Israel Adesanya vs. Marvin Vettori,Marvin Vettori,-183
2018-02-03,UFC Fight Night: Machida vs. Anders,Iuri Alcantara vs. Joe Soto,Iuri Alcantara,-154
2018-02-03,UFC Fight Night: Machida vs. Anders,Iuri Alcantara vs. Joe Soto,Joe Soto,154
2018-01-27,UFC Fight Night: Jacare vs. Brunson 2,Jacare Souza vs. Derek Brunson,Jacare Souza,187
2018-01-27,UFC Fight Night: Jacare vs. Brunson 2,Jacare Souza vs. Derek Brunson,Derek Brunson,-187
2019-04-27,UFC Fight Night: Jacare vs. Hermansson,Jacare Souza vs. Jack Hermansson,Jacare Souza,118
2019-04-27,UFC Fight Night: Jacare vs. Hermansson,Jacare Souza vs. Jack Hermansson,Jack Hermansson,-118
2018-05-12,UFC 224: Nunes vs. Pennington,Jacare Souza vs. Kelvin Gastelum,Jacare Souza,237
2018-05-12,UFC 224: Nunes vs. Pennington,Jacare Souza vs. Kelvin Gastelum,Kelvin Gastelum,-237
2019-09-28,UFC Fight Night: Hermansson vs. Cannonier,Jack Hermansson vs. Jared Cannonier,Jack Hermansson,-216
2019-09-28,UFC Fight Night: Hermansson vs. Cannonier,Jack Hermansson vs. Jared Cannonier,Jared Cannonier,216
2019-03-16,UFC Fight Night: Till vs. Masvidal,Jack Marshman vs. John Phillips,Jack Marshman,-152
2019-03-16,UFC Fight Night: Till vs. Masvidal,Jack Marshman vs. John Phillips,John Phillips,152
2017-11-11,UFC Fight Night: Poirier vs. Pettis,Jake Collier vs. Marcel Fortuna,Jake Collier,116
2017-11-11,UFC Fight Night: Poirier vs. Pettis,Jake Collier vs. Marcel Fortuna,Marcel Fortuna,-116
2018-06-01,UFC Fight Night: Rivera vs. Moraes,Jake Ellenberger vs. Ben Saunders,Jake Ellenberger,-105
2018-06-01,UFC Fight Night: Rivera vs. Moraes,Jake Ellenberger vs. Ben Saunders,Ben Saunders,105
2018-08-25,UFC Fight Night: Gaethje vs. Vick,Jake Ellenberger vs. Bryan Barberena,Jake Ellenberger,225
2018-08-25,UFC Fight Night: Gaethje vs. Vick,Jake Ellenberger vs. Bryan Barberena,Bryan Barberena,-225
2018-12-01,UFC Fight Night: Dos Santos vs. Tuivasa,Jake Matthews vs. Anthony Rocco Martin,Jake Matthews,-131
2018-12-01,UFC Fight Night: Dos Santos vs. Tuivasa,Jake Matthews vs. Anthony Rocco Martin,Anthony Rocco Martin,131
2017-11-18,UFC Fight Night: Werdum vs. Tybura,Jake Matthews vs. Bojan Velickovic,Jake Matthews,-146
2017-11-18,UFC Fight Night: Werdum vs. Tybura,Jake Matthews vs. Bojan Velickovic,Bojan Velickovic,146
2018-02-10,UFC 221: Romero vs. Rockhold,Jake Matthews vs. Li Jingliang,Jake Matthews,126
2018-02-10,UFC 221: Romero vs. Rockhold,Jake Matthews vs. Li Jingliang,Li Jingliang,-126
2019-10-05,UFC 243: Whittaker vs. Adesanya,Jake Matthews vs. Rostem Akman,Jake Matthews,-181
2019-10-05,UFC 243: Whittaker vs. Adesanya,Jake Matthews vs. Rostem Akman,Rostem Akman,181
2019-04-13,UFC 236: Holloway vs. Poirier 2,Jalin Turner vs. Matt Frevola,Jalin Turner,-123
2019-04-13,UFC 236: Holloway vs. Poirier 2,Jalin Turner vs. Matt Frevola,Matt Frevola,123
2018-01-14,UFC Fight Night: Stephens vs. Choi,James Krause vs. Alex White,James Krause,-130
2018-01-14,UFC Fight Night: Stephens vs. Choi,James Krause vs. Alex White,Alex White,130
2018-08-25,UFC Fight Night: Gaethje vs. Vick,James Krause vs. Warlley Alves,James Krause,127
2018-08-25,UFC Fight Night: Gaethje vs. Vick,James Krause vs. Warlley Alves,Warlley Alves,-127
2019-07-20,UFC Fight Night: Dos Anjos vs. Edwards,James Vick vs. Dan Hooker,James Vick,-213
2019-07-20,UFC Fight Night: Dos Anjos vs. Edwards,James Vick vs. Dan Hooker,Dan Hooker,213
2018-02-18,UFC Fight Night: Cerrone vs. Medeiros,James Vick vs. Francisco Trinaldo,James Vick,123
2018-02-18,UFC Fight Night: Cerrone vs. Medeiros,James Vick vs. Francisco Trinaldo,Francisco Trinaldo,-123
2017-11-04,UFC 217: Bisping vs. St-Pierre,James Vick vs. Joe Duffy,James Vick,-114
2017-11-04,UFC 217: Bisping vs. St-Pierre,James Vick vs. Joe Duffy,Joe Duffy,114
2019-02-17,UFC Fight Night: Ngannou vs. Velasquez,James Vick vs. Paul Felder,James Vick,-149
2019-02-17,UFC Fight Night: Ngannou vs. Velasquez,James Vick vs. Paul Felder,Paul Felder,149
2017-10-21,UFC Fight Night: Cerrone vs. Till,Jan Blachowicz vs. Devin Clark,Jan Blachowicz,187
2017-10-21,UFC Fight Night: Cerrone vs. Till,Jan Blachowicz vs. Devin Clark,Devin Clark,-187
2019-11-16,UFC Fight Night: Blachowicz vs. Jacare,Jan Blachowicz vs. Jacare Souza,Jan Blachowicz,-112
2019-11-16,UFC Fight Night: Blachowicz vs. Jacare,Jan Blachowicz vs. Jacare Souza,Jacare Souza,112
2019-07-06,UFC 239: Jones vs. Santos,Jan Blachowicz vs. Luke Rockhold,Jan Blachowicz,-121
2019-07-06,UFC 239: Jones vs. Santos,Jan Blachowicz vs. Luke Rockhold,Luke Rockhold,121
2018-09-15,UFC Fight Night: Hunt vs. Oleinik,Jan Blachowicz vs. Nikita Krylov,Jan Blachowicz,203
2018-09-15,UFC Fight Night: Hunt vs. Oleinik,Jan Blachowicz vs. Nikita Krylov,Nikita Krylov,-203
2019-02-23,UFC Fight Night: Blachowicz vs. Santos,Jan Blachowicz vs. Thiago Santos,Jan Blachowicz,137
2019-02-23,UFC Fight Night: Blachowicz vs. Santos,Jan Blachowicz vs. Thiago Santos,Thiago Santos,-137
2019-05-11,UFC 237: Namajunas vs. Andrade,Jared Cannonier vs. Anderson Silva,Jared Cannonier,110
2019-05-11,UFC 237: Namajunas vs. Andrade,Jared Cannonier vs. Anderson Silva,Anderson Silva,-110
2018-05-19,UFC Fight Night: Maia vs. Usman,Jared Cannonier vs. Dominick Reyes,Jared Cannonier,202
2018-05-19,UFC Fight Night: Maia vs. Usman,Jared Cannonier vs. Dominick Reyes,Dominick Reyes,-202
2017-12-16,UFC Fight Night: Lawler vs. Dos Anjos,Jared Cannonier vs. Jan Blachowicz,Jared Cannonier,-119
2017-12-16,UFC Fight Night: Lawler vs. Dos Anjos,Jared Cannonier vs. Jan Blachowicz,Jan Blachowicz,119
2019-06-29,UFC Fight Night: Ngannou vs. Dos Santos,Jared Gordon vs. Dan Moret,Jared Gordon,-252
2019-06-29,UFC Fight Night: Ngannou vs. Dos Santos,Jared Gordon vs. Dan Moret,Dan Moret,252
2018-02-18,UFC Fight Night: Cerrone vs. Medeiros,Jared Gordon vs. Diego Ferreira,Jared Gordon,-188
2018-02-18,UFC Fight Night: Cerrone vs. Medeiros,Jared Gordon vs. Diego Ferreira,Diego Ferreira,188
2018-12-15,UFC Fight Night: Lee vs. Iaquinta,Jared Gordon vs. Joaquim Silva,Jared Gordon,-146
2018-12-15,UFC Fight Night: Lee vs. Iaquinta,Jared Gordon vs. Joaquim Silva,Joaquim Silva,146
2017-12-09,UFC Fight Night: Swanson vs. Ortega,Jason Knight vs. Gabriel Benitez,Jason Knight,-101
2017-12-09,UFC Fight Night: Swanson vs. Ortega,Jason Knight vs. Gabriel Benitez,Gabriel Benitez,101
2018-11-03,UFC 230: Cormier vs. Lewis,Jason Knight vs. Jordan Rinaldi,Jason Knight,-209
2018-11-03,UFC 230: Cormier vs. Lewis,Jason Knight vs. Jordan Rinaldi,Jordan Rinaldi,209
2018-05-27,UFC Fight Night: Thompson vs. Till,Jason Knight vs. Makwan Amirkhani,Jason Knight,-110
2018-05-27,UFC Fight Night: Thompson vs. Till,Jason Knight vs. Makwan Amirkhani,Makwan Amirkhani,110
2017-11-18,UFC Fight Night: Werdum vs. Tybura,Jenel Lausa vs. Eric Shelton,Jenel Lausa,122
2017-11-18,UFC Fight Night: Werdum vs. Tybura,Jenel Lausa vs. Eric Shelton,Eric Shelton,-122
2018-06-23,UFC Fight Night: Cowboy vs. Edwards,Jenel Lausa vs. Yuta Sasaki,Jenel Lausa,119
2018-06-23,UFC Fight Night: Cowboy vs. Edwards,Jenel Lausa vs. Yuta Sasaki,Yuta Sasaki,-119
2017-12-02,UFC 218: Holloway vs. Aldo 2,Jeremy Kimball vs. Dominick Reyes,Jeremy Kimball,156
2017-12-02,UFC 218: Holloway vs. Aldo 2,Jeremy Kimball vs. Dominick Reyes,Dominick Reyes,-156
2018-01-14,UFC Fight Night: Stephens vs. Choi,Jeremy Stephens vs. Dooho Choi,Jeremy Stephens,-133
2018-01-14,UFC Fight Night: Stephens vs. Choi,Jeremy Stephens vs. Dooho Choi,Dooho Choi,133
2019-03-02,UFC 235: Jones vs. Smith,Jeremy Stephens vs. Zabit Magomedsharipov,Jeremy Stephens,186
2019-03-02,UFC 235: Jones vs. Smith,Jeremy Stephens vs. Zabit Magomedsharipov,Zabit Magomedsharipov,-186
2018-09-08,UFC 228: Woodley vs. Till,Jim Miller vs. Alex White,Jim Miller,175
2018-09-08,UFC 228: Woodley vs. Till,Jim Miller vs. Alex White,Alex White,-175
2018-12-15,UFC Fight Night: Lee vs. Iaquinta,Jim Miller vs. Charles Oliveira,Jim Miller,286
2018-12-15,UFC Fight Night: Lee vs. Iaquinta,Jim Miller vs. Charles Oliveira,Charles Oliveira,-286
2019-08-03,UFC Fight Night: Covington vs. Lawler,Jim Miller vs. Clay Guida,Jim Miller,352
2019-08-03,UFC Fight Night: Covington vs. Lawler,Jim Miller vs. Clay Guida,Clay Guida,-352
2018-04-21,UFC Fight Night: Barboza vs. Lee,Jim Miller vs. Dan Hooker,Jim Miller,135
2018-04-21,UFC Fight Night: Barboza vs. Lee,Jim Miller vs. Dan Hooker,Dan Hooker,-135
2019-04-27,UFC Fight Night: Jacare vs. Hermansson,Jim Miller vs. Jason Gonzalez,Jim Miller,197
2019-04-27,UFC Fight Night: Jacare vs. Hermansson,Jim Miller vs. Jason Gonzalez,Jason Gonzalez,-197
2020-02-15,UFC Fight Night: Anderson vs. Blachowicz,Jim Miller vs. Scott Holtzman,Jim Miller,430
2020-02-15,UFC Fight Night: Anderson vs. Blachowicz,Jim Miller vs. Scott Holtzman,Scott Holtzman,-430
2019-06-01,UFC Fight Night: Gustafsson vs. Smith,Jimi Manuwa vs. Aleksandar Rakic,Jimi Manuwa,275
2019-06-01,UFC Fight Night: Gustafsson vs. Smith,Jimi Manuwa vs. Aleksandar Rakic,Aleksandar Rakic,-275
2018-03-17,UFC Fight Night: Werdum vs. Volkov,Jimi Manuwa vs. Jan Blachowicz,Jimi Manuwa,121
2018-03-17,UFC Fight Night: Werdum vs. Volkov,Jimi Manuwa vs. Jan Blachowicz,Jan Blachowicz,-121
2018-12-08,UFC 231: Holloway vs. Ortega,Jimi Manuwa vs. Thiago Santos,Jimi Manuwa,314
2018-12-08,UFC 231: Holloway vs. Ortega,Jimi Manuwa vs. Thiago Santos,Thiago Santos,-314
2018-09-08,UFC 228: Woodley vs. Till,Jimmie Rivera vs. John Dodson,Jimmie Rivera,116
2018-09-08,UFC 228: Woodley vs. Till,Jimmie Rivera vs. John Dodson,John Dodson,-116
2018-06-01,UFC Fight Night: Rivera vs. Moraes,Jimmie Rivera vs. Marlon Moraes,Jimmie Rivera,-139
2018-06-01,UFC Fight Night: Rivera vs. Moraes,Jimmie Rivera vs. Marlon Moraes,Marlon Moraes,139
2019-06-08,UFC 238: Cejudo vs. Moraes,Jimmie Rivera vs. Petr Yan,Jimmie Rivera,147
2019-06-08,UFC 238: Cejudo vs. Moraes,Jimmie Rivera vs. Petr Yan,Petr Yan,-147
2019-02-09,UFC 234: Adesanya vs. Silva,Jimmy Crute vs. Sam Alvey,Jimmy Crute,-170
2019-02-09,UFC 234: Adesanya vs. Silva,Jimmy Crute vs. Sam Alvey,Sam Alvey,170
2019-08-03,UFC Fight Night: Covington vs. Lawler,Joaquim Silva vs. Nasrat Haqparast,Joaquim Silva,269
2019-08-03,UFC Fight Night: Covington vs. Lawler,Joaquim Silva vs. Nasrat Haqparast,Nasrat Haqparast,-269
2018-04-07,UFC 223: Khabib vs. Iaquinta,Joe Lauzon vs. Chris Gruetzemacher,Joe Lauzon,180
2018-04-07,UFC 223: Khabib vs. Iaquinta,Joe Lauzon vs. Chris Gruetzemacher,Chris Gruetzemacher,-180
2017-11-11,UFC Fight Night: Poirier vs. Pettis,Joe Lauzon vs. Clay Guida,Joe Lauzon,265
2017-11-11,UFC Fight Night: Poirier vs. Pettis,Joe Lauzon vs. Clay Guida,Clay Guida,-265
2017-12-01,The Ultimate Fighter: A New World Champion Finale,Joe Soto vs. Brett Johns,Joe Soto,314
2017-12-01,The Ultimate Fighter: A New World Champion Finale,Joe Soto vs. Brett Johns,Brett Johns,-314
2017-11-11,UFC Fight Night: Poirier vs. Pettis,John Dodson vs. Marlon Moraes,John Dodson,-175
2017-11-11,UFC Fight Night: Poirier vs. Pettis,John Dodson vs. Marlon Moraes,Marlon Moraes,175
2020-02-15,UFC Fight Night: Anderson vs. Blachowicz,John Dodson vs. Nathaniel Wood,John Dodson,121
2020-02-15,UFC Fight Night: Anderson vs. Blachowicz,John Dodson vs. Nathaniel Wood,Nathaniel Wood,-121
2018-03-03,UFC 222: Cyborg vs. Kunitskaya,John Dodson vs. Pedro Munhoz,John Dodson,-191
2018-03-03,UFC 222: Cyborg vs. Kunitskaya,John Dodson vs. Pedro Munhoz,Pedro Munhoz,191
2019-02-23,UFC Fight Night: Blachowicz vs. Santos,John Dodson vs. Petr Yan,John Dodson,147
2019-02-23,UFC Fight Night: Blachowicz vs. Santos,John Dodson vs. Petr Yan,Petr Yan,-147
2018-05-12,UFC 224: Nunes vs. Pennington,John Lineker vs. Brian Kelleher,John Lineker,-211
2018-05-12,UFC 224: Nunes vs. Pennington,John Lineker vs. Brian Kelleher,Brian Kelleher,211
2019-04-27,UFC Fight Night: Jacare vs. Hermansson,John Lineker vs. Cory Sandhagen,John Lineker,104
2019-04-27,UFC Fight Night: Jacare vs. Hermansson,John Lineker vs. Cory Sandhagen,Cory Sandhagen,-104
2017-10-28,UFC Fight Night: Brunson vs. Machida,John Lineker vs. Marlon Vera,John Lineker,-191
2017-10-28,UFC Fight Night: Brunson vs. Machida,John Lineker vs. Marlon Vera,Marlon Vera,191
2017-12-16,UFC Fight Night: Lawler vs. Dos Anjos,John Makdessi vs. Abel Trujillo,John Makdessi,-211
2017-12-16,UFC Fight Night: Lawler vs. Dos Anjos,John Makdessi vs. Abel Trujillo,Abel Trujillo,211
2019-03-23,UFC Fight Night: Thompson vs. Pettis,John Makdessi vs. Jesus Pinedo,John Makdessi,-111
2019-03-23,UFC Fight Night: Thompson vs. Pettis,John Makdessi vs. Jesus Pinedo,Jesus Pinedo,111
2018-07-28,UFC Fight Night: Alvarez vs. Poirier 2,John Makdessi vs. Ross Pearson,John Makdessi,-295
2018-07-28,UFC Fight Night: Alvarez vs. Poirier 2,John Makdessi vs. Ross Pearson,Ross Pearson,295
2017-10-07,UFC 216: Ferguson vs. Lee,John Moraga vs. Bibulatov Magomed,John Moraga,184
2017-10-07,UFC 216: Ferguson vs. Lee,John Moraga vs. Bibulatov Magomed,Bibulatov Magomed,-184
2018-08-25,UFC Fight Night: Gaethje vs. Vick,John Moraga vs. Deiveson Figueiredo,John Moraga,138
2018-08-25,UFC Fight Night: Gaethje vs. Vick,John Moraga vs. Deiveson Figueiredo,Deiveson Figueiredo,-138
2019-02-02,UFC Fight Night: Assuncao vs. Moraes 2,Johnny Walker vs. Justin Ledet,Johnny Walker,-210
2019-02-02,UFC Fight Night: Assuncao vs. Moraes 2,Johnny Walker vs. Justin Ledet,Justin Ledet,210
2017-11-04,UFC 217: Bisping vs. St-Pierre,Johny Hendricks vs. Paulo Costa,Johny Hendricks,-113
2017-11-04,UFC 217: Bisping vs. St-Pierre,Johny Hendricks vs. Paulo Costa,Paulo Costa,113
2018-12-29,UFC 232: Jones vs. Gustafsson 2,Jon Jones vs. Alexander Gustafsson,Jon Jones,-467
2018-12-29,UFC 232: Jones vs. Gustafsson 2,Jon Jones vs. Alexander Gustafsson,Alexander Gustafsson,467
2019-03-02,UFC 235: Jones vs. Smith,Jon Jones vs. Anthony Smith,Jon Jones,-1181
2019-03-02,UFC 235: Jones vs. Smith,Jon Jones vs. Anthony Smith,Anthony Smith,1181
2020-02-08,UFC 247: Jones vs. Reyes,Jon Jones vs. Dominick Reyes,Jon Jones,-554
2020-02-08,UFC 247: Jones vs. Reyes,Jon Jones vs. Dominick Reyes,Dominick Reyes,554
2019-07-06,UFC 239: Jones vs. Santos,Jon Jones vs. Thiago Santos,Jon Jones,-413
2019-07-06,UFC 239: Jones vs. Santos,Jon Jones vs. Thiago Santos,Thiago Santos,413
2020-01-25,UFC Fight Night: Blaydes vs. Dos Santos,Jordan Espinosa vs. Alex Perez,Jordan Espinosa,136
2020-01-25,UFC Fight Night: Blaydes vs. Dos Santos,Jordan Espinosa vs. Alex Perez,Alex Perez,-136
2019-08-03,UFC Fight Night: Covington vs. Lawler,Jordan Espinosa vs. Matt Schnell,Jordan Espinosa,-100
2019-08-03,UFC Fight Night: Covington vs. Lawler,Jordan Espinosa vs. Matt Schnell,Matt Schnell,100
2018-03-03,UFC 222: Cyborg vs. Kunitskaya,Jordan Johnson vs. Adam Milstead,Jordan Johnson,-118
2018-03-03,UFC 222: Cyborg vs. Kunitskaya,Jordan Johnson vs. Adam Milstead,Adam Milstead,118
2018-07-28,UFC Fight Night: Alvarez vs. Poirier 2,Jordan Mein vs. Alex Morono,Jordan Mein,-112
2018-07-28,UFC Fight Night: Alvarez vs. Poirier 2,Jordan Mein vs. Alex Morono,Alex Morono,112
2017-12-16,UFC Fight Night: Lawler vs. Dos Anjos,Jordan Mein vs. Erick Silva,Jordan Mein,-114
2017-12-16,UFC Fight Night: Lawler vs. Dos Anjos,Jordan Mein vs. Erick Silva,Erick Silva,114
2018-01-27,UFC Fight Night: Jacare vs. Brunson 2,Jordan Rinaldi vs. Gregor Gillespie,Jordan Rinaldi,139
2018-01-27,UFC Fight Night: Jacare vs. Brunson 2,Jordan Rinaldi vs. Gregor Gillespie,Gregor Gillespie,-139
2019-07-06,UFC 239: Jones vs. Santos,Jorge Masvidal vs. Ben Askren,Jorge Masvidal,-706
2019-07-06,UFC 239: Jones vs. Santos,Jorge Masvidal vs. Ben Askren,Ben Askren,706
2019-11-02,UFC 244: Masvidal vs. Diaz,Jorge Masvidal vs. Nate Diaz,Jorge Masvidal,-165
2019-11-02,UFC 244: Masvidal vs. Diaz,Jorge Masvidal vs. Nate Diaz,Nate Diaz,165
2019-05-11,UFC 237: Namajunas vs. Andrade,Jose Aldo vs. Alexander Volkanovski,Jose Aldo,165
2019-05-11,UFC 237: Namajunas vs. Andrade,Jose Aldo vs. Alexander Volkanovski,Alexander Volkanovski,-165
2018-07-28,UFC Fight Night: Alvarez vs. Poirier 2,Jose Aldo vs. Jeremy Stephens,Jose Aldo,117
2018-07-28,UFC Fight Night: Alvarez vs. Poirier 2,Jose Aldo vs. Jeremy Stephens,Jeremy Stephens,-117
2019-02-02,UFC Fight Night: Assuncao vs. Moraes 2,Jose Aldo vs. Renato Moicano,Jose Aldo,116
2019-02-02,UFC Fight Night: Assuncao vs. Moraes 2,Jose Aldo vs. Renato Moicano,Renato Moicano,-116
2019-09-21,UFC Fight Night: Rodriguez vs. Stephens,Jose Quinonez vs. Carlos Huachin,Jose Quinonez,-211
2019-09-21,UFC Fight Night: Rodriguez vs. Stephens,Jose Quinonez vs. Carlos Huachin,Carlos Huachin,211
2018-11-30,The Ultimate Fighter: Heavy Hitters Finale,Joseph Benavidez vs. Alex Perez,Joseph Benavidez,-100
2018-11-30,The Ultimate Fighter: Heavy Hitters Finale,Joseph Benavidez vs. Alex Perez,Alex Perez,100
2019-01-19,UFC Fight Night: Cejudo vs. Dillashaw,Joseph Benavidez vs. Dustin Ortiz,Joseph Benavidez,-117
2019-01-19,UFC Fight Night: Cejudo vs. Dillashaw,Joseph Benavidez vs. Dustin Ortiz,Dustin Ortiz,117
2018-06-09,UFC 225: Whittaker vs. Romero 2,Joseph Benavidez vs. Sergio Pettis,Joseph Benavidez,109
2018-06-09,UFC 225: Whittaker vs. Romero 2,Joseph Benavidez vs. Sergio Pettis,Sergio Pettis,-109
2018-11-10,UFC Fight Night: Korean Zombie vs. Rodriguez,Joseph Morales vs. Eric Shelton,Joseph Morales,154
2018-11-10,UFC Fight Night: Korean Zombie vs. Rodriguez,Joseph Morales vs. Eric Shelton,Eric Shelton,-154
2018-02-24,UFC Fight Night: Emmett vs. Stephens,Josh Emmett vs. Jeremy Stephens,Josh Emmett,143
2018-02-24,UFC Fight Night: Emmett vs. Stephens,Josh Emmett vs. Jeremy Stephens,Jeremy Stephens,-143
2019-03-30,UFC Fight Night: Barboza vs. Gaethje,Josh Emmett vs. Michael Johnson,Josh Emmett,181
2019-03-30,UFC Fight Night: Barboza vs. Gaethje,Josh Emmett vs. Michael Johnson,Michael Johnson,-181
2019-07-13,UFC Fight Night: De Randamie vs. Ladd,Josh Emmett vs. Mirsad Bektic,Josh Emmett,193
2019-07-13,UFC Fight Night: De Randamie vs. Ladd,Josh Emmett vs. Mirsad Bektic,Mirsad Bektic,-193
2018-02-18,UFC Fight Night: Cerrone vs. Medeiros,Joshua Burkman vs. Alex Morono,Joshua Burkman,283
2018-02-18,UFC Fight Night: Cerrone vs. Medeiros,Joshua Burkman vs. Alex Morono,Alex Morono,-283
2020-02-08,UFC 247: Jones vs. Reyes,Juan Adams vs. Justin Tafa,Juan Adams,152
2020-02-08,UFC 247: Jones vs. Reyes,Juan Adams vs. Justin Tafa,Justin Tafa,-152
2018-06-01,UFC Fight Night: Rivera vs. Moraes,Julio Arce vs. Daniel Teymur,Julio Arce,-180
2018-06-01,UFC Fight Night: Rivera vs. Moraes,Julio Arce vs. Daniel Teymur,Daniel Teymur,180
2019-11-02,UFC 244: Masvidal vs. Diaz,Julio Arce vs. Hakeem Dawodu,Julio Arce,116
2019-11-02,UFC 244: Masvidal vs. Diaz,Julio Arce vs. Hakeem Dawodu,Hakeem Dawodu,-116
2019-05-18,UFC Fight Night: Dos Anjos vs. Lee,Julio Arce vs. Julian Erosa,Julio Arce,-142
2019-05-18,UFC Fight Night: Dos Anjos vs. Lee,Julio Arce vs. Julian Erosa,Julian Erosa,142
2018-11-03,UFC 230: Cormier vs. Lewis,Julio Arce vs. Sheymon Moraes,Julio Arce,-157
2018-11-03,UFC 230: Cormier vs. Lewis,Julio Arce vs. Sheymon Moraes,Sheymon Moraes,157
2019-12-21,UFC Fight Night: Edgar vs. The Korean Zombie,JunYong Park vs. Marc-Andre Barriault,JunYong Park,-111
2019-12-21,UFC Fight Night: Edgar vs. The Korean Zombie,JunYong Park vs. Marc-Andre Barriault,Marc-Andre Barriault,111
2017-11-11,UFC Fight Night: Poirier vs. Pettis,Junior Albini vs. Andrei Arlovski,Junior Albini,-170
2017-11-11,UFC Fight Night: Poirier vs. Pettis,Junior Albini vs. Andrei Arlovski,Andrei Arlovski,170
2018-12-01,UFC Fight Night: Dos Santos vs. Tuivasa,Junior Dos Santos vs. Tai Tuivasa,Junior Dos Santos,-106
2018-12-01,UFC Fight Night: Dos Santos vs. Tuivasa,Junior Dos Santos vs. Tai Tuivasa,Tai Tuivasa,106
2018-02-10,UFC 221: Romero vs. Rockhold,Jussier Formiga vs. Ben Nguyen,Jussier Formiga,218
2018-02-10,UFC 221: Romero vs. Rockhold,Jussier Formiga vs. Ben Nguyen,Ben Nguyen,-218
2019-03-23,UFC Fight Night: Thompson vs. Pettis,Jussier Formiga vs. Deiveson Figueiredo,Jussier Formiga,241
2019-03-23,UFC Fight Night: Thompson vs. Pettis,Jussier Formiga vs. Deiveson Figueiredo,Deiveson Figueiredo,-241
2019-06-29,UFC Fight Night: Ngannou vs. Dos Santos,Jussier Formiga vs. Joseph Benavidez,Jussier Formiga,190
2019-06-29,UFC Fight Night: Ngannou vs. Dos Santos,Jussier Formiga vs. Joseph Benavidez,Joseph Benavidez,-190
2018-08-25,UFC Fight Night: Gaethje vs. Vick,Justin Gaethje vs. James Vick,Justin Gaethje,315
2018-08-25,UFC Fight Night: Gaethje vs. Vick,Justin Gaethje vs. James Vick,James Vick,-315
2018-07-22,UFC Fight Night: Shogun vs. Smith,Justin Ledet vs. Aleksandar Rakic,Justin Ledet,110
2018-07-22,UFC Fight Night: Shogun vs. Smith,Justin Ledet vs. Aleksandar Rakic,Aleksandar Rakic,-110
2018-04-21,UFC Fight Night: Barboza vs. Lee,Justin Willis vs. Chase Sherman,Justin Willis,-223
2018-04-21,UFC Fight Night: Barboza vs. Lee,Justin Willis vs. Chase Sherman,Chase Sherman,223
2019-08-31,UFC Fight Night: Andrade vs. Zhang,Kai Kara-France vs. Mark De La Rosa,Kai Kara-France,-116
2019-08-31,UFC Fight Night: Andrade vs. Zhang,Kai Kara-France vs. Mark De La Rosa,Mark De La Rosa,116
2018-07-28,UFC Fight Night: Alvarez vs. Poirier 2,Kajan Johnson vs. Islam Makhachev,Kajan Johnson,200
2018-07-28,UFC Fight Night: Alvarez vs. Poirier 2,Kajan Johnson vs. Islam Makhachev,Islam Makhachev,-200
2019-12-14,UFC 245: Usman vs. Covington,Kamaru Usman vs. Colby Covington,Kamaru Usman,-148
2019-12-14,UFC 245: Usman vs. Covington,Kamaru Usman vs. Colby Covington,Colby Covington,148
2018-01-14,UFC Fight Night: Stephens vs. Choi,Kamaru Usman vs. Emil Meek,Kamaru Usman,-467
2018-01-14,UFC Fight Night: Stephens vs. Choi,Kamaru Usman vs. Emil Meek,Emil Meek,467
2018-11-03,UFC 230: Cormier vs. Lewis,Karl Roberson vs. Jack Marshman,Karl Roberson,-200
2018-11-03,UFC 230: Cormier vs. Lewis,Karl Roberson vs. Jack Marshman,Jack Marshman,200
2017-09-22,UFC Fight Night: Saint Preux vs. Okami,Keita Nakamura vs. Alex Morono,Keita Nakamura,210
2017-09-22,UFC Fight Night: Saint Preux vs. Okami,Keita Nakamura vs. Alex Morono,Alex Morono,-210
2018-12-01,UFC Fight Night: Dos Santos vs. Tuivasa,Keita Nakamura vs. Salim Touahri,Keita Nakamura,178
2018-12-01,UFC Fight Night: Dos Santos vs. Tuivasa,Keita Nakamura vs. Salim Touahri,Salim Touahri,-178
2019-11-02,UFC 244: Masvidal vs. Diaz,Kelvin Gastelum vs. Darren Till,Kelvin Gastelum,-132
2019-11-02,UFC 244: Masvidal vs. Diaz,Kelvin Gastelum vs. Darren Till,Darren Till,132
2019-04-13,UFC 236: Holloway vs. Poirier 2,Kelvin Gastelum vs. Israel Adesanya,Kelvin Gastelum,-123
2019-04-13,UFC 236: Holloway vs. Poirier 2,Kelvin Gastelum vs. Israel Adesanya,Israel Adesanya,123
2019-06-22,UFC Fight Night: Moicano vs. The Korean Zombie,Kevin Holland vs. Alessio Di Chirico,Kevin Holland,-134
2019-06-22,UFC Fight Night: Moicano vs. The Korean Zombie,Kevin Holland vs. Alessio Di Chirico,Alessio Di Chirico,134
2019-03-30,UFC Fight Night: Barboza vs. Gaethje,Kevin Holland vs. Gerald Meerschaert,Kevin Holland,-138
2019-03-30,UFC Fight Night: Barboza vs. Gaethje,Kevin Holland vs. Gerald Meerschaert,Gerald Meerschaert,138
2018-11-24,UFC Fight Night: Blaydes vs. Ngannou 2,Kevin Holland vs. John Phillips,Kevin Holland,-273
2018-11-24,UFC Fight Night: Blaydes vs. Ngannou 2,Kevin Holland vs. John Phillips,John Phillips,273
2018-12-15,UFC Fight Night: Lee vs. Iaquinta,Kevin Lee vs. Al Iaquinta,Kevin Lee,-215
2018-12-15,UFC Fight Night: Lee vs. Iaquinta,Kevin Lee vs. Al Iaquinta,Al Iaquinta,215
2019-11-02,UFC 244: Masvidal vs. Diaz,Kevin Lee vs. Gregor Gillespie,Kevin Lee,-106
2019-11-02,UFC 244: Masvidal vs. Diaz,Kevin Lee vs. Gregor Gillespie,Gregor Gillespie,106
2018-04-07,UFC 223: Khabib vs. Iaquinta,Khabib Nurmagomedov vs. Al Iaquinta,Khabib Nurmagomedov,-314
2018-04-07,UFC 223: Khabib vs. Iaquinta,Khabib Nurmagomedov vs. Al Iaquinta,Al Iaquinta,314
2018-10-06,UFC 229: Khabib vs. McGregor,Khabib Nurmagomedov vs. Conor McGregor,Khabib Nurmagomedov,-316
2018-10-06,UFC 229: Khabib vs. McGregor,Khabib Nurmagomedov vs. Conor McGregor,Conor McGregor,316
2019-09-07,UFC 242: Khabib vs. Poirier,Khabib Nurmagomedov vs. Dustin Poirier,Khabib Nurmagomedov,-147
2019-09-07,UFC 242: Khabib vs. Poirier,Khabib Nurmagomedov vs. Dustin Poirier,Dustin Poirier,147
2017-12-30,UFC 219: Cyborg vs. Holm,Khabib Nurmagomedov vs. Edson Barboza,Khabib Nurmagomedov,-331
2017-12-30,UFC 219: Cyborg vs. Holm,Khabib Nurmagomedov vs. Edson Barboza,Edson Barboza,331
2019-11-09,UFC Fight Night: Zabit vs. Kattar,Khadis Ibragimov vs. Ed Herman,Khadis Ibragimov,-214
2019-11-09,UFC Fight Night: Zabit vs. Kattar,Khadis Ibragimov vs. Ed Herman,Ed Herman,214
2018-12-15,UFC Fight Night: Lee vs. Iaquinta,King Green vs. Drakkar Klose,King Green,151
2018-12-15,UFC Fight Night: Lee vs. Iaquinta,King Green vs. Drakkar Klose,Drakkar Klose,-151
2018-04-14,UFC Fight Night: Poirier vs. Gaethje,Krzysztof Jotko vs. Brad Tavares,Krzysztof Jotko,-117
2018-04-14,UFC Fight Night: Poirier vs. Gaethje,Krzysztof Jotko vs. Brad Tavares,Brad Tavares,117
2019-05-04,UFC Fight Night: Iaquinta vs. Cowboy,Kyle Nelson vs. Matt Sayles,Kyle Nelson,153
2019-05-04,UFC Fight Night: Iaquinta vs. Cowboy,Kyle Nelson vs. Matt Sayles,Matt Sayles,-153
2019-09-14,UFC Fight Night: Cowboy vs. Gaethje,Kyle Prepolec vs. Austin Hubbard,Kyle Prepolec,107
2019-09-14,UFC Fight Night: Cowboy vs. Gaethje,Kyle Prepolec vs. Austin Hubbard,Austin Hubbard,-107
2019-08-17,UFC 241: Cormier vs. Miocic 2,Kyung Ho Kang vs. Brandon Davis,Kyung Ho Kang,-132
2019-08-17,UFC 241: Cormier vs. Miocic 2,Kyung Ho Kang vs. Brandon Davis,Brandon Davis,132
2018-01-14,UFC Fight Night: Stephens vs. Choi,Kyung Ho Kang vs. Guido Cannetti,Kyung Ho Kang,-110
2018-01-14,UFC Fight Night: Stephens vs. Choi,Kyung Ho Kang vs. Guido Cannetti,Guido Cannetti,110
2019-12-21,UFC Fight Night: Edgar vs. The Korean Zombie,Kyung Ho Kang vs. Pingyuan Liu,Kyung Ho Kang,-123
2019-12-21,UFC Fight Night: Edgar vs. The Korean Zombie,Kyung Ho Kang vs. Pingyuan Liu,Pingyuan Liu,123
2018-07-07,UFC 226: Miocic vs. Cormier,Lando Vannata vs. Drakkar Klose,Lando Vannata,139
2018-07-07,UFC 226: Miocic vs. Cormier,Lando Vannata vs. Drakkar Klose,Drakkar Klose,-139
2017-10-07,UFC 216: Ferguson vs. Lee,Lando Vannata vs. King Green,Lando Vannata,143
2017-10-07,UFC 216: Ferguson vs. Lee,Lando Vannata vs. King Green,King Green,-143
2020-02-15,UFC Fight Night: Anderson vs. Blachowicz,Lando Vannata vs. Yancy Medeiros,Lando Vannata,-145
2020-02-15,UFC Fight Night: Anderson vs. Blachowicz,Lando Vannata vs. Yancy Medeiros,Yancy Medeiros,145
2019-03-16,UFC Fight Night: Till vs. Masvidal,Leon Edwards vs. Gunnar Nelson,Leon Edwards,-294
2019-03-16,UFC Fight Night: Till vs. Masvidal,Leon Edwards vs. Gunnar Nelson,Gunnar Nelson,294
2018-03-17,UFC Fight Night: Werdum vs. Volkov,Leon Edwards vs. Peter Sobotta,Leon Edwards,-108
2018-03-17,UFC Fight Night: Werdum vs. Volkov,Leon Edwards vs. Peter Sobotta,Peter Sobotta,108
2018-06-23,UFC Fight Night: Cowboy vs. Edwards,Li Jingliang vs. Daichi Abe,Li Jingliang,-130
2018-06-23,UFC Fight Night: Cowboy vs. Edwards,Li Jingliang vs. Daichi Abe,Daichi Abe,130
2018-11-24,UFC Fight Night: Blaydes vs. Ngannou 2,Li Jingliang vs. David Zawada,Li Jingliang,-186
2018-11-24,UFC Fight Night: Blaydes vs. Ngannou 2,Li Jingliang vs. David Zawada,David Zawada,186
2019-08-31,UFC Fight Night: Andrade vs. Zhang,Li Jingliang vs. Elizeu Zaleski dos Santos,Li Jingliang,128
2019-08-31,UFC Fight Night: Andrade vs. Zhang,Li Jingliang vs. Elizeu Zaleski dos Santos,Elizeu Zaleski dos Santos,-128
2017-11-25,UFC Fight Night: Bisping vs. Gastelum,Li Jingliang vs. Zak Ottow,Li Jingliang,-121
2017-11-25,UFC Fight Night: Bisping vs. Gastelum,Li Jingliang vs. Zak Ottow,Zak Ottow,121
2017-12-30,UFC 219: Cyborg vs. Holm,Louis Smolka vs. Matheus Nicolau,Louis Smolka,137
2017-12-30,UFC 219: Cyborg vs. Holm,Louis Smolka vs. Matheus Nicolau,Matheus Nicolau,-137
2019-03-09,UFC Fight Night: Lewis vs. Dos Santos,Louis Smolka vs. Matt Schnell,Louis Smolka,-109
2019-03-09,UFC Fight Night: Lewis vs. Dos Santos,Louis Smolka vs. Matt Schnell,Matt Schnell,109
2019-09-14,UFC Fight Night: Cowboy vs. Gaethje,Louis Smolka vs. Ryan MacDonald,Louis Smolka,-122
2019-09-14,UFC Fight Night: Cowboy vs. Gaethje,Louis Smolka vs. Ryan MacDonald,Ryan MacDonald,122
2019-03-23,UFC Fight Night: Thompson vs. Pettis,Luis Pena vs. Steven Peterson,Luis Pena,-127
2019-03-23,UFC Fight Night: Thompson vs. Pettis,Luis Pena vs. Steven Peterson,Steven Peterson,127
2018-02-10,UFC 221: Romero vs. Rockhold,Luke Jumeau vs. Daichi Abe,Luke Jumeau,199
2018-02-10,UFC 221: Romero vs. Rockhold,Luke Jumeau vs. Daichi Abe,Daichi Abe,-199
2019-10-05,UFC 243: Whittaker vs. Adesanya,Luke Jumeau vs. Dhiego Lima,Luke Jumeau,109
2019-10-05,UFC 243: Whittaker vs. Adesanya,Luke Jumeau vs. Dhiego Lima,Dhiego Lima,-109
2017-12-09,UFC Fight Night: Swanson vs. Ortega,Luke Sanders vs. Andre Soukhamthath,Luke Sanders,-168
2017-12-09,UFC Fight Night: Swanson vs. Ortega,Luke Sanders vs. Andre Soukhamthath,Andre Soukhamthath,168
2018-04-14,UFC Fight Night: Poirier vs. Gaethje,Luke Sanders vs. Patrick Williams,Luke Sanders,-141
2018-04-14,UFC Fight Night: Poirier vs. Gaethje,Luke Sanders vs. Patrick Williams,Patrick Williams,141
2018-11-03,UFC 230: Cormier vs. Lewis,Lyman Good vs. Ben Saunders,Lyman Good,102
2018-11-03,UFC 230: Cormier vs. Lewis,Lyman Good vs. Ben Saunders,Ben Saunders,-102
2019-11-02,UFC 244: Masvidal vs. Diaz,Lyman Good vs. Chance Rencountre,Lyman Good,-125
2019-11-02,UFC 244: Masvidal vs. Diaz,Lyman Good vs. Chance Rencountre,Chance Rencountre,125
2018-02-03,UFC Fight Night: Machida vs. Anders,Lyoto Machida vs. Eryk Anders,Lyoto Machida,107
2018-02-03,UFC Fight Night: Machida vs. Anders,Lyoto Machida vs. Eryk Anders,Eryk Anders,-107
2018-01-14,UFC Fight Night: Stephens vs. Choi,Mads Burnell vs. Mike Santiago,Mads Burnell,-129
2018-01-14,UFC Fight Night: Stephens vs. Choi,Mads Burnell vs. Mike Santiago,Mike Santiago,129
2019-11-09,UFC Fight Night: Zabit vs. Kattar,Magomed Ankalaev vs. Dalcha Lungiambula,Magomed Ankalaev,-112
2019-11-09,UFC Fight Night: Zabit vs. Kattar,Magomed Ankalaev vs. Dalcha Lungiambula,Dalcha Lungiambula,112
2018-09-15,UFC Fight Night: Hunt vs. Oleinik,Magomed Ankalaev vs. Marcin Prachnio,Magomed Ankalaev,-160
2018-09-15,UFC Fight Night: Hunt vs. Oleinik,Magomed Ankalaev vs. Marcin Prachnio,Marcin Prachnio,160
2018-09-15,UFC Fight Night: Hunt vs. Oleinik,Mairbek Taisumov vs. Desmond Green,Mairbek Taisumov,-155
2018-09-15,UFC Fight Night: Hunt vs. Oleinik,Mairbek Taisumov vs. Desmond Green,Desmond Green,155
2019-09-07,UFC 242: Khabib vs. Poirier,Mairbek Taisumov vs. Diego Ferreira,Mairbek Taisumov,-170
2019-09-07,UFC 242: Khabib vs. Poirier,Mairbek Taisumov vs. Diego Ferreira,Diego Ferreira,170
2019-12-07,UFC Fight Night: Overeem vs. Rozenstruik,Makhmud Muradov vs. Trevor Smith,Makhmud Muradov,-142
2019-12-07,UFC Fight Night: Overeem vs. Rozenstruik,Makhmud Muradov vs. Trevor Smith,Trevor Smith,142
2019-06-01,UFC Fight Night: Gustafsson vs. Smith,Makwan Amirkhani vs. Chris Fishgold,Makwan Amirkhani,114
2019-06-01,UFC Fight Night: Gustafsson vs. Smith,Makwan Amirkhani vs. Chris Fishgold,Chris Fishgold,-114
2019-08-17,UFC 241: Cormier vs. Miocic 2,Manny Bermudez vs. Casey Kenney,Manny Bermudez,-130
2019-08-17,UFC 241: Cormier vs. Miocic 2,Manny Bermudez vs. Casey Kenney,Casey Kenney,130
2019-03-16,UFC Fight Night: Till vs. Masvidal,Marc Diakiese vs. Joe Duffy,Marc Diakiese,-123
2019-03-16,UFC Fight Night: Till vs. Masvidal,Marc Diakiese vs. Joe Duffy,Joe Duffy,123
2019-09-28,UFC Fight Night: Hermansson vs. Cannonier,Marc Diakiese vs. Lando Vannata,Marc Diakiese,-131
2019-09-28,UFC Fight Night: Hermansson vs. Cannonier,Marc Diakiese vs. Lando Vannata,Lando Vannata,131
2019-07-27,UFC 240: Holloway vs. Edgar,Marc-Andre Barriault vs. Krzysztof Jotko,Marc-Andre Barriault,212
2019-07-27,UFC 240: Holloway vs. Edgar,Marc-Andre Barriault vs. Krzysztof Jotko,Krzysztof Jotko,-212
2019-09-14,UFC Fight Night: Cowboy vs. Gaethje,Marcin Tybura vs. Augusto Sakai,Marcin Tybura,-127
2019-09-14,UFC Fight Night: Cowboy vs. Gaethje,Marcin Tybura vs. Augusto Sakai,Augusto Sakai,127
2019-04-20,UFC Fight Night: Overeem vs. Oleinik,Marcin Tybura vs. Shamil Abdurakhimov,Marcin Tybura,-153
2019-04-20,UFC Fight Night: Overeem vs. Oleinik,Marcin Tybura vs. Shamil Abdurakhimov,Shamil Abdurakhimov,153
2018-07-22,UFC Fight Night: Shogun vs. Smith,Marcin Tybura vs. Stefan Struve,Marcin Tybura,-190
2018-07-22,UFC Fight Night: Shogun vs. Smith,Marcin Tybura vs. Stefan Struve,Stefan Struve,190
2019-09-21,UFC Fight Night: Rodriguez vs. Stephens,Marco Polo Reyes vs. Kyle Nelson,Marco Polo Reyes,114
2019-09-21,UFC Fight Night: Rodriguez vs. Stephens,Marco Polo Reyes vs. Kyle Nelson,Kyle Nelson,-114
2019-07-20,UFC Fight Night: Dos Anjos vs. Edwards,Mario Bautista vs. Jin Soo Son,Mario Bautista,-146
2019-07-20,UFC Fight Night: Dos Anjos vs. Edwards,Mario Bautista vs. Jin Soo Son,Jin Soo Son,146
2018-11-10,UFC Fight Night: Korean Zombie vs. Rodriguez,Mark De La Rosa vs. Joby Sanchez,Mark De La Rosa,-164
2018-11-10,UFC Fight Night: Korean Zombie vs. Rodriguez,Mark De La Rosa vs. Joby Sanchez,Joby Sanchez,164
2020-02-15,UFC Fight Night: Anderson vs. Blachowicz,Mark De La Rosa vs. Raulian Paiva,Mark De La Rosa,121
2020-02-15,UFC Fight Night: Anderson vs. Blachowicz,Mark De La Rosa vs. Raulian Paiva,Raulian Paiva,-121
2018-09-15,UFC Fight Night: Hunt vs. Oleinik,Mark Hunt vs. Aleksei Oleinik,Mark Hunt,-109
2018-09-15,UFC Fight Night: Hunt vs. Oleinik,Mark Hunt vs. Aleksei Oleinik,Aleksei Oleinik,109
2018-02-10,UFC 221: Romero vs. Rockhold,Mark Hunt vs. Curtis Blaydes,Mark Hunt,191
2018-02-10,UFC 221: Romero vs. Rockhold,Mark Hunt vs. Curtis Blaydes,Curtis Blaydes,-191
2018-12-01,UFC Fight Night: Dos Santos vs. Tuivasa,Mark Hunt vs. Justin Willis,Mark Hunt,171
2018-12-01,UFC Fight Night: Dos Santos vs. Tuivasa,Mark Hunt vs. Justin Willis,Justin Willis,-171
2018-05-12,UFC 224: Nunes vs. Pennington,Markus Perez vs. James Bochnovic,Markus Perez,-139
2018-05-12,UFC 224: Nunes vs. Pennington,Markus Perez vs. James Bochnovic,James Bochnovic,139
2019-11-16,UFC Fight Night: Blachowicz vs. Jacare,Markus Perez vs. Wellington Turman,Markus Perez,158
2019-11-16,UFC Fight Night: Blachowicz vs. Jacare,Markus Perez vs. Wellington Turman,Wellington Turman,-158
2019-12-14,UFC 245: Usman vs. Covington,Marlon Moraes vs. Jose Aldo,Marlon Moraes,125
2019-12-14,UFC 245: Usman vs. Covington,Marlon Moraes vs. Jose Aldo,Jose Aldo,-125
2019-10-12,UFC Fight Night: Joanna vs. Waterson,Marlon Vera vs. Andre Ewell,Marlon Vera,140
2019-10-12,UFC Fight Night: Joanna vs. Waterson,Marlon Vera vs. Andre Ewell,Andre Ewell,-140
2019-03-23,UFC Fight Night: Thompson vs. Pettis,Marlon Vera vs. Frankie Saenz,Marlon Vera,128
2019-03-23,UFC Fight Night: Thompson vs. Pettis,Marlon Vera vs. Frankie Saenz,Frankie Saenz,-128
2018-08-04,UFC 227: Dillashaw vs. Garbrandt 2,Marlon Vera vs. Wulijiburen,Marlon Vera,154
2018-08-04,UFC 227: Dillashaw vs. Garbrandt 2,Marlon Vera vs. Wulijiburen,Wulijiburen,-154
2019-09-21,UFC Fight Night: Rodriguez vs. Stephens,Martin Bravo vs. Steven Peterson,Martin Bravo,-126
2019-09-21,UFC Fight Night: Rodriguez vs. Stephens,Martin Bravo vs. Steven Peterson,Steven Peterson,126
2019-10-12,UFC Fight Night: Joanna vs. Waterson,Marvin Vettori vs. Andrew Sanchez,Marvin Vettori,-130
2019-10-12,UFC Fight Night: Joanna vs. Waterson,Marvin Vettori vs. Andrew Sanchez,Andrew Sanchez,130
2019-07-13,UFC Fight Night: De Randamie vs. Ladd,Marvin Vettori vs. Cezar Ferreira,Marvin Vettori,-153
2019-07-13,UFC Fight Night: De Randamie vs. Ladd,Marvin Vettori vs. Cezar Ferreira,Cezar Ferreira,153
2017-12-30,UFC 219: Cyborg vs. Holm,Marvin Vettori vs. Omari Akhmedov,Marvin Vettori,-155
2017-12-30,UFC 219: Cyborg vs. Holm,Marvin Vettori vs. Omari Akhmedov,Omari Akhmedov,155
2018-07-06,The Ultimate Fighter: Undefeated Finale,Matt Bessette vs. Steven Peterson,Matt Bessette,126
2018-07-06,The Ultimate Fighter: Undefeated Finale,Matt Bessette vs. Steven Peterson,Steven Peterson,-126
2019-12-14,UFC 245: Usman vs. Covington,Matt Brown vs. Ben Saunders,Matt Brown,-295
2019-12-14,UFC 245: Usman vs. Covington,Matt Brown vs. Ben Saunders,Ben Saunders,295
2017-11-11,UFC Fight Night: Poirier vs. Pettis,Matt Brown vs. Diego Sanchez,Matt Brown,-485
2017-11-11,UFC Fight Night: Poirier vs. Pettis,Matt Brown vs. Diego Sanchez,Diego Sanchez,485
2018-11-03,UFC 230: Cormier vs. Lewis,Matt Frevola vs. Lando Vannata,Matt Frevola,159
2018-11-03,UFC 230: Cormier vs. Lewis,Matt Frevola vs. Lando Vannata,Lando Vannata,-159
2019-10-12,UFC Fight Night: Joanna vs. Waterson,Matt Frevola vs. Luis Pena,Matt Frevola,209
2019-10-12,UFC Fight Night: Joanna vs. Waterson,Matt Frevola vs. Luis Pena,Luis Pena,-209
2017-10-07,UFC 216: Ferguson vs. Lee,Matt Schnell vs. Marco Beltran,Matt Schnell,184
2017-10-07,UFC 216: Ferguson vs. Lee,Matt Schnell vs. Marco Beltran,Marco Beltran,-184
2018-06-23,UFC Fight Night: Cowboy vs. Edwards,Matt Schnell vs. Naoki Inoue,Matt Schnell,203
2018-06-23,UFC Fight Night: Cowboy vs. Edwards,Matt Schnell vs. Naoki Inoue,Naoki Inoue,-203
2019-06-22,UFC Fight Night: Moicano vs. The Korean Zombie,Matt Wiman vs. Luis Pena,Matt Wiman,179
2019-06-22,UFC Fight Night: Moicano vs. The Korean Zombie,Matt Wiman vs. Luis Pena,Luis Pena,-179
2018-04-14,UFC Fight Night: Poirier vs. Gaethje,Matthew Lopez vs. Alejandro Perez,Matthew Lopez,107
2018-04-14,UFC Fight Night: Poirier vs. Gaethje,Matthew Lopez vs. Alejandro Perez,Alejandro Perez,-107
2019-06-29,UFC Fight Night: Ngannou vs. Dos Santos,Maurice Greene vs. Junior Albini,Maurice Greene,-122
2019-06-29,UFC Fight Night: Ngannou vs. Dos Santos,Maurice Greene vs. Junior Albini,Junior Albini,122
2019-10-26,UFC Fight Night: Maia vs. Askren,Maurice Greene vs. Sergei Pavlovich,Maurice Greene,-125
2019-10-26,UFC Fight Night: Maia vs. Askren,Maurice Greene vs. Sergei Pavlovich,Sergei Pavlovich,125
2018-07-22,UFC Fight Night: Shogun vs. Smith,Mauricio Rua vs. Anthony Smith,Mauricio Rua,-154
2018-07-22,UFC Fight Night: Shogun vs. Smith,Mauricio Rua vs. Anthony Smith,Anthony Smith,154
2019-11-16,UFC Fight Night: Blachowicz vs. Jacare,Mauricio Rua vs. Paul Craig,Mauricio Rua,-107
2019-11-16,UFC Fight Night: Blachowicz vs. Jacare,Mauricio Rua vs. Paul Craig,Paul Craig,107
2018-12-01,UFC Fight Night: Dos Santos vs. Tuivasa,Mauricio Rua vs. Tyson Pedro,Mauricio Rua,189
2018-12-01,UFC Fight Night: Dos Santos vs. Tuivasa,Mauricio Rua vs. Tyson Pedro,Tyson Pedro,-189
2019-10-12,UFC Fight Night: Joanna vs. Waterson,Max Griffin vs. Alex Morono,Max Griffin,188
2019-10-12,UFC Fight Night: Joanna vs. Waterson,Max Griffin vs. Alex Morono,Alex Morono,-188
2019-12-14,UFC 245: Usman vs. Covington,Max Holloway vs. Alexander Volkanovski,Max Holloway,-152
2019-12-14,UFC 245: Usman vs. Covington,Max Holloway vs. Alexander Volkanovski,Alexander Volkanovski,152
2019-04-13,UFC 236: Holloway vs. Poirier 2,Max Holloway vs. Dustin Poirier,Max Holloway,-127
2019-04-13,UFC 236: Holloway vs. Poirier 2,Max Holloway vs. Dustin Poirier,Dustin Poirier,127
2019-07-27,UFC 240: Holloway vs. Edgar,Max Holloway vs. Frankie Edgar,Max Holloway,-125
2019-07-27,UFC 240: Holloway vs. Edgar,Max Holloway vs. Frankie Edgar,Frankie Edgar,125
2017-12-02,UFC 218: Holloway vs. Aldo 2,Max Holloway vs. Jose Aldo,Max Holloway,-257
2017-12-02,UFC 218: Holloway vs. Aldo 2,Max Holloway vs. Jose Aldo,Jose Aldo,257
2018-09-15,UFC Fight Night: Hunt vs. Oleinik,Merab Dvalishvili vs. Terrion Ware,Merab Dvalishvili,-263
2018-09-15,UFC Fight Night: Hunt vs. Oleinik,Merab Dvalishvili vs. Terrion Ware,Terrion Ware,263
2017-11-04,UFC 217: Bisping vs. St-Pierre,Michael Bisping vs. Georges St-Pierre,Michael Bisping,289
2017-11-04,UFC 217: Bisping vs. St-Pierre,Michael Bisping vs. Georges St-Pierre,Georges St-Pierre,-289
2017-11-25,UFC Fight Night: Bisping vs. Gastelum,Michael Bisping vs. Kelvin Gastelum,Michael Bisping,184
2017-11-25,UFC Fight Night: Bisping vs. Gastelum,Michael Bisping vs. Kelvin Gastelum,Kelvin Gastelum,-184
2018-07-07,UFC 226: Miocic vs. Cormier,Michael Chiesa vs. Anthony Pettis,Michael Chiesa,119
2018-07-07,UFC 226: Miocic vs. Cormier,Michael Chiesa vs. Anthony Pettis,Anthony Pettis,-119
2018-08-25,UFC Fight Night: Gaethje vs. Vick,Michael Johnson vs. Andre Fili,Michael Johnson,-121
2018-08-25,UFC Fight Night: Gaethje vs. Vick,Michael Johnson vs. Andre Fili,Andre Fili,121
2018-10-27,UFC Fight Night: Oezdemir vs. Smith,Michael Johnson vs. Artem Lobov,Michael Johnson,-256
2018-10-27,UFC Fight Night: Oezdemir vs. Smith,Michael Johnson vs. Artem Lobov,Artem Lobov,256
2019-10-26,UFC Fight Night: Maia vs. Askren,Michael Johnson vs. Stevie Ray,Michael Johnson,-224
2019-10-26,UFC Fight Night: Maia vs. Askren,Michael Johnson vs. Stevie Ray,Stevie Ray,224
2019-05-18,UFC Fight Night: Dos Anjos vs. Lee,Michael Trizano vs. Grant Dawson,Michael Trizano,112
2019-05-18,UFC Fight Night: Dos Anjos vs. Lee,Michael Trizano vs. Grant Dawson,Grant Dawson,-112
2018-11-10,UFC Fight Night: Korean Zombie vs. Rodriguez,Michael Trizano vs. Luis Pena,Michael Trizano,118
2018-11-10,UFC Fight Night: Korean Zombie vs. Rodriguez,Michael Trizano vs. Luis Pena,Luis Pena,-118
2019-09-28,UFC Fight Night: Hermansson vs. Cannonier,Michal Oleksiejczuk vs. Ovince Saint Preux,Michal Oleksiejczuk,-312
2019-09-28,UFC Fight Night: Hermansson vs. Cannonier,Michal Oleksiejczuk vs. Ovince Saint Preux,Ovince Saint Preux,312
2018-11-17,UFC Fight Night: Magny vs. Ponzinibbio,Michel Prazeres vs. Bartosz Fabinski,Michel Prazeres,137
2018-11-17,UFC Fight Night: Magny vs. Ponzinibbio,Michel Prazeres vs. Bartosz Fabinski,Bartosz Fabinski,-137
2018-02-03,UFC Fight Night: Machida vs. Anders,Michel Prazeres vs. Desmond Green,Michel Prazeres,122
2018-02-03,UFC Fight Night: Machida vs. Anders,Michel Prazeres vs. Desmond Green,Desmond Green,-122
2018-08-25,UFC Fight Night: Gaethje vs. Vick,Mickey Gall vs. George Sullivan,Mickey Gall,-157
2018-08-25,UFC Fight Night: Gaethje vs. Vick,Mickey Gall vs. George Sullivan,George Sullivan,157
2019-08-03,UFC Fight Night: Covington vs. Lawler,Mickey Gall vs. Salim Touahri,Mickey Gall,-133
2019-08-03,UFC Fight Night: Covington vs. Lawler,Mickey Gall vs. Salim Touahri,Salim Touahri,133
2019-10-12,UFC Fight Night: Joanna vs. Waterson,Mike Davis vs. Thomas Gifford,Mike Davis,116
2019-10-12,UFC Fight Night: Joanna vs. Waterson,Mike Davis vs. Thomas Gifford,Thomas Gifford,-116
2018-02-24,UFC Fight Night: Emmett vs. Stephens,Mike Perry vs. Max Griffin,Mike Perry,-184
2018-02-24,UFC Fight Night: Emmett vs. Stephens,Mike Perry vs. Max Griffin,Max Griffin,184
2018-03-03,UFC 222: Cyborg vs. Kunitskaya,Mike Pyle vs. Zak Ottow,Mike Pyle,216
2018-03-03,UFC 222: Cyborg vs. Kunitskaya,Mike Pyle vs. Zak Ottow,Zak Ottow,-216
2018-06-09,UFC 225: Whittaker vs. Romero 2,Mike Santiago vs. Dan Ige,Mike Santiago,103
2018-06-09,UFC 225: Whittaker vs. Romero 2,Mike Santiago vs. Dan Ige,Dan Ige,-103
2020-02-08,UFC 247: Jones vs. Reyes,Miles Johns vs. Mario Bautista,Miles Johns,-167
2020-02-08,UFC 247: Jones vs. Reyes,Miles Johns vs. Mario Bautista,Mario Bautista,167
2020-02-08,UFC 247: Jones vs. Reyes,Mirsad Bektic vs. Dan Ige,Mirsad Bektic,117
2020-02-08,UFC 247: Jones vs. Reyes,Mirsad Bektic vs. Dan Ige,Dan Ige,-117
2018-01-27,UFC Fight Night: Jacare vs. Brunson 2,Mirsad Bektic vs. Godofredo Pepey,Mirsad Bektic,-269
2018-01-27,UFC Fight Night: Jacare vs. Brunson 2,Mirsad Bektic vs. Godofredo Pepey,Godofredo Pepey,269
2019-09-14,UFC Fight Night: Cowboy vs. Gaethje,Misha Cirkunov vs. Jimmy Crute,Misha Cirkunov,-101
2019-09-14,UFC Fight Night: Cowboy vs. Gaethje,Misha Cirkunov vs. Jimmy Crute,Jimmy Crute,101
2019-03-02,UFC 235: Jones vs. Smith,Misha Cirkunov vs. Johnny Walker,Misha Cirkunov,-145
2019-03-02,UFC 235: Jones vs. Smith,Misha Cirkunov vs. Johnny Walker,Johnny Walker,145
2018-10-27,UFC Fight Night: Oezdemir vs. Smith,Misha Cirkunov vs. Patrick Cummins,Misha Cirkunov,-209
2018-10-27,UFC Fight Night: Oezdemir vs. Smith,Misha Cirkunov vs. Patrick Cummins,Patrick Cummins,209
2018-12-01,UFC Fight Night: Dos Santos vs. Tuivasa,Mizuto Hirota vs. Christos Giagos,Mizuto Hirota,123
2018-12-01,UFC Fight Night: Dos Santos vs. Tuivasa,Mizuto Hirota vs. Christos Giagos,Christos Giagos,-123
2019-04-13,UFC 236: Holloway vs. Poirier 2,Montel Jackson vs. Andre Soukhamthath,Montel Jackson,-247
2019-04-13,UFC 236: Holloway vs. Poirier 2,Montel Jackson vs. Andre Soukhamthath,Andre Soukhamthath,247
2020-01-25,UFC Fight Night: Blaydes vs. Dos Santos,Montel Jackson vs. Felipe Colares,Montel Jackson,-159
2020-01-25,UFC Fight Night: Blaydes vs. Dos Santos,Montel Jackson vs. Felipe Colares,Felipe Colares,159
2019-10-26,UFC Fight Night: Maia vs. Askren,Muslim Salikhov vs. Laureano Staropoli,Muslim Salikhov,102
2019-10-26,UFC Fight Night: Maia vs. Askren,Muslim Salikhov vs. Laureano Staropoli,Laureano Staropoli,-102
2018-07-14,UFC Fight Night: Dos Santos vs. Ivanov,Myles Jury vs. Chad Mendes,Myles Jury,-130
2018-07-14,UFC Fight Night: Dos Santos vs. Ivanov,Myles Jury vs. Chad Mendes,Chad Mendes,130
2017-12-30,UFC 219: Cyborg vs. Holm,Myles Jury vs. Ricky Glenn,Myles Jury,-136
2017-12-30,UFC 219: Cyborg vs. Holm,Myles Jury vs. Ricky Glenn,Ricky Glenn,136
2018-07-22,UFC Fight Night: Shogun vs. Smith,Nasrat Haqparast vs. Marc Diakiese,Nasrat Haqparast,-103
2018-07-22,UFC Fight Night: Shogun vs. Smith,Nasrat Haqparast vs. Marc Diakiese,Marc Diakiese,103
2017-11-11,UFC Fight Night: Poirier vs. Pettis,Nate Marquardt vs. Cezar Ferreira,Nate Marquardt,-125
2017-11-11,UFC Fight Night: Poirier vs. Pettis,Nate Marquardt vs. Cezar Ferreira,Cezar Ferreira,125
2018-12-29,UFC 232: Jones vs. Gustafsson 2,Nathaniel Wood vs. Andre Ewell,Nathaniel Wood,125
2018-12-29,UFC 232: Jones vs. Gustafsson 2,Nathaniel Wood vs. Andre Ewell,Andre Ewell,-125
2019-03-16,UFC Fight Night: Till vs. Masvidal,Nathaniel Wood vs. Jose Quinonez,Nathaniel Wood,107
2019-03-16,UFC Fight Night: Till vs. Masvidal,Nathaniel Wood vs. Jose Quinonez,Jose Quinonez,-107
2018-11-17,UFC Fight Night: Magny vs. Ponzinibbio,Neil Magny vs. Santiago Ponzinibbio,Neil Magny,107
2018-11-17,UFC Fight Night: Magny vs. Ponzinibbio,Neil Magny vs. Santiago Ponzinibbio,Santiago Ponzinibbio,-107
2018-07-22,UFC Fight Night: Shogun vs. Smith,Nick Hein vs. Damir Hadzovic,Nick Hein,-131
2018-07-22,UFC Fight Night: Shogun vs. Smith,Nick Hein vs. Damir Hadzovic,Damir Hadzovic,131
2019-06-01,UFC Fight Night: Gustafsson vs. Smith,Nick Hein vs. Frank Camacho,Nick Hein,122
2019-06-01,UFC Fight Night: Gustafsson vs. Smith,Nick Hein vs. Frank Camacho,Frank Camacho,-122
2019-09-28,UFC Fight Night: Hermansson vs. Cannonier,Nicolas Dalby vs. Alex Oliveira,Nicolas Dalby,294
2019-09-28,UFC Fight Night: Hermansson vs. Cannonier,Nicolas Dalby vs. Alex Oliveira,Alex Oliveira,-294
2018-01-27,UFC Fight Night: Jacare vs. Brunson 2,Niko Price vs. George Sullivan,Niko Price,-102
2018-01-27,UFC Fight Night: Jacare vs. Brunson 2,Niko Price vs. George Sullivan,George Sullivan,102
2019-10-12,UFC Fight Night: Joanna vs. Waterson,Niko Price vs. James Vick,Niko Price,184
2019-10-12,UFC Fight Night: Joanna vs. Waterson,Niko Price vs. James Vick,James Vick,-184
2017-12-16,UFC Fight Night: Lawler vs. Dos Anjos,Nordine Taleb vs. Danny Roberts,Nordine Taleb,-213
2017-12-16,UFC Fight Night: Lawler vs. Dos Anjos,Nordine Taleb vs. Danny Roberts,Danny Roberts,213
2019-09-07,UFC 242: Khabib vs. Poirier,Nordine Taleb vs. Muslim Salikhov,Nordine Taleb,-148
2019-09-07,UFC 242: Khabib vs. Poirier,Nordine Taleb vs. Muslim Salikhov,Muslim Salikhov,148
2018-10-27,UFC Fight Night: Oezdemir vs. Smith,Nordine Taleb vs. Sean Strickland,Nordine Taleb,144
2018-10-27,UFC Fight Night: Oezdemir vs. Smith,Nordine Taleb vs. Sean Strickland,Sean Strickland,-144
2019-07-27,UFC 240: Holloway vs. Edgar,Olivier Aubin-Mercier vs. Arman Tsarukyan,Olivier Aubin-Mercier,-145
2019-07-27,UFC 240: Holloway vs. Edgar,Olivier Aubin-Mercier vs. Arman Tsarukyan,Arman Tsarukyan,145
2018-12-08,UFC 231: Holloway vs. Ortega,Olivier Aubin-Mercier vs. Gilbert Burns,Olivier Aubin-Mercier,-172
2018-12-08,UFC 231: Holloway vs. Ortega,Olivier Aubin-Mercier vs. Gilbert Burns,Gilbert Burns,172
2019-09-07,UFC 242: Khabib vs. Poirier,Omari Akhmedov vs. Zak Cummings,Omari Akhmedov,102
2019-09-07,UFC 242: Khabib vs. Poirier,Omari Akhmedov vs. Zak Cummings,Zak Cummings,-102
2017-11-04,UFC 217: Bisping vs. St-Pierre,Ovince Saint Preux vs. Corey Anderson,Ovince Saint Preux,304
2017-11-04,UFC 217: Bisping vs. St-Pierre,Ovince Saint Preux vs. Corey Anderson,Corey Anderson,-304
2018-10-06,UFC 229: Khabib vs. McGregor,Ovince Saint Preux vs. Dominick Reyes,Ovince Saint Preux,279
2018-10-06,UFC 229: Khabib vs. McGregor,Ovince Saint Preux vs. Dominick Reyes,Dominick Reyes,-279
2018-02-24,UFC Fight Night: Emmett vs. Stephens,Ovince Saint Preux vs. Ilir Latifi,Ovince Saint Preux,126
2018-02-24,UFC Fight Night: Emmett vs. Stephens,Ovince Saint Preux vs. Ilir Latifi,Ilir Latifi,-126
2019-04-13,UFC 236: Holloway vs. Poirier 2,Ovince Saint Preux vs. Nikita Krylov,Ovince Saint Preux,351
2019-04-13,UFC 236: Holloway vs. Poirier 2,Ovince Saint Preux vs. Nikita Krylov,Nikita Krylov,-351
2018-06-23,UFC Fight Night: Cowboy vs. Edwards,Ovince Saint Preux vs. Tyson Pedro,Ovince Saint Preux,231
2018-06-23,UFC Fight Night: Cowboy vs. Edwards,Ovince Saint Preux vs. Tyson Pedro,Tyson Pedro,-231
2017-09-22,UFC Fight Night: Saint Preux vs. Okami,Ovince Saint Preux vs. Yushin Okami,Ovince Saint Preux,100
2017-09-22,UFC Fight Night: Saint Preux vs. Okami,Ovince Saint Preux vs. Yushin Okami,Yushin Okami,-100
2019-05-18,UFC Fight Night: Dos Anjos vs. Lee,Patrick Cummins vs. Ed Herman,Patrick Cummins,-151
2019-05-18,UFC Fight Night: Dos Anjos vs. Lee,Patrick Cummins vs. Ed Herman,Ed Herman,151
2018-07-07,UFC 226: Miocic vs. Cormier,Paul Felder vs. Mike Perry,Paul Felder,-138
2018-07-07,UFC 226: Miocic vs. Cormier,Paul Felder vs. Mike Perry,Mike Perry,138
2018-08-04,UFC 227: Dillashaw vs. Garbrandt 2,Pedro Munhoz vs. Brett Johns,Pedro Munhoz,352
2018-08-04,UFC 227: Dillashaw vs. Garbrandt 2,Pedro Munhoz vs. Brett Johns,Brett Johns,-352
2018-11-30,The Ultimate Fighter: Heavy Hitters Finale,Pedro Munhoz vs. Bryan Caraway,Pedro Munhoz,-141
2018-11-30,The Ultimate Fighter: Heavy Hitters Finale,Pedro Munhoz vs. Bryan Caraway,Bryan Caraway,141
2017-10-28,UFC Fight Night: Brunson vs. Machida,Pedro Munhoz vs. Rob Font,Pedro Munhoz,211
2017-10-28,UFC Fight Night: Brunson vs. Machida,Pedro Munhoz vs. Rob Font,Rob Font,-211
2019-12-14,UFC 245: Usman vs. Covington,Petr Yan vs. Urijah Faber,Petr Yan,-176
2019-12-14,UFC 245: Usman vs. Covington,Petr Yan vs. Urijah Faber,Urijah Faber,176
2019-07-13,UFC Fight Night: De Randamie vs. Ladd,Pingyuan Liu vs. Jonathan Martinez,Pingyuan Liu,114
2019-07-13,UFC Fight Night: De Randamie vs. Ladd,Pingyuan Liu vs. Jonathan Martinez,Jonathan Martinez,-114
2018-06-09,UFC 225: Whittaker vs. Romero 2,Rafael Dos Anjos vs. Colby Covington,Rafael Dos Anjos,156
2018-06-09,UFC 225: Whittaker vs. Romero 2,Rafael Dos Anjos vs. Colby Covington,Colby Covington,-156
2018-11-30,The Ultimate Fighter: Heavy Hitters Finale,Rafael Dos Anjos vs. Kamaru Usman,Rafael Dos Anjos,167
2018-11-30,The Ultimate Fighter: Heavy Hitters Finale,Rafael Dos Anjos vs. Kamaru Usman,Kamaru Usman,-167
2019-05-18,UFC Fight Night: Dos Anjos vs. Lee,Rafael Dos Anjos vs. Kevin Lee,Rafael Dos Anjos,108
2019-05-18,UFC Fight Night: Dos Anjos vs. Lee,Rafael Dos Anjos vs. Kevin Lee,Kevin Lee,-108
2019-07-20,UFC Fight Night: Dos Anjos vs. Edwards,Rafael Dos Anjos vs. Leon Edwards,Rafael Dos Anjos,-130
2019-07-20,UFC Fight Night: Dos Anjos vs. Edwards,Rafael Dos Anjos vs. Leon Edwards,Leon Edwards,130
2020-01-25,UFC Fight Night: Blaydes vs. Dos Santos,Rafael Dos Anjos vs. Michael Chiesa,Rafael Dos Anjos,-173
2020-01-25,UFC Fight Night: Blaydes vs. Dos Santos,Rafael Dos Anjos vs. Michael Chiesa,Michael Chiesa,173
2019-11-09,UFC Fight Night: Zabit vs. Kattar,Ramazan Emeev vs. Anthony Rocco Martin,Ramazan Emeev,131
2019-11-09,UFC Fight Night: Zabit vs. Kattar,Ramazan Emeev vs. Anthony Rocco Martin,Anthony Rocco Martin,-131
2017-11-04,UFC 217: Bisping vs. St-Pierre,Randy Brown vs. Mickey Gall,Randy Brown,176
2017-11-04,UFC 217: Bisping vs. St-Pierre,Randy Brown vs. Mickey Gall,Mickey Gall,-176
2018-07-14,UFC Fight Night: Dos Santos vs. Ivanov,Randy Brown vs. Niko Price,Randy Brown,-101
2018-07-14,UFC Fight Night: Dos Santos vs. Ivanov,Randy Brown vs. Niko Price,Niko Price,101
2019-10-18,UFC Fight Night: Reyes vs. Weidman,Randy Costa vs. Boston Salmon,Randy Costa,-297
2019-10-18,UFC Fight Night: Reyes vs. Weidman,Randy Costa vs. Boston Salmon,Boston Salmon,297
2018-08-25,UFC Fight Night: Gaethje vs. Vick,Rani Yahya vs. Luke Sanders,Rani Yahya,-163
2018-08-25,UFC Fight Night: Gaethje vs. Vick,Rani Yahya vs. Luke Sanders,Luke Sanders,163
2019-02-09,UFC 234: Adesanya vs. Silva,Rani Yahya vs. Ricky Simon,Rani Yahya,-141
2019-02-09,UFC 234: Adesanya vs. Silva,Rani Yahya vs. Ricky Simon,Ricky Simon,141
2018-02-24,UFC Fight Night: Emmett vs. Stephens,Rani Yahya vs. Russell Doane,Rani Yahya,-104
2018-02-24,UFC Fight Night: Emmett vs. Stephens,Rani Yahya vs. Russell Doane,Russell Doane,104
2019-12-21,UFC Fight Night: Edgar vs. The Korean Zombie,Raoni Barcelos vs. Said Nurmagomedov,Raoni Barcelos,132
2019-12-21,UFC Fight Night: Edgar vs. The Korean Zombie,Raoni Barcelos vs. Said Nurmagomedov,Said Nurmagomedov,-132
2019-08-17,UFC 241: Cormier vs. Miocic 2,Raphael Assuncao vs. Cory Sandhagen,Raphael Assuncao,141
2019-08-17,UFC 241: Cormier vs. Miocic 2,Raphael Assuncao vs. Cory Sandhagen,Cory Sandhagen,-141
2019-02-02,UFC Fight Night: Assuncao vs. Moraes 2,Raphael Assuncao vs. Marlon Moraes,Raphael Assuncao,-150
2019-02-02,UFC Fight Night: Assuncao vs. Moraes 2,Raphael Assuncao vs. Marlon Moraes,Marlon Moraes,150
2017-11-11,UFC Fight Night: Poirier vs. Pettis,Raphael Assuncao vs. Matthew Lopez,Raphael Assuncao,-163
2017-11-11,UFC Fight Night: Poirier vs. Pettis,Raphael Assuncao vs. Matthew Lopez,Matthew Lopez,163
2018-07-07,UFC 226: Miocic vs. Cormier,Raphael Assuncao vs. Rob Font,Raphael Assuncao,-106
2018-07-07,UFC 226: Miocic vs. Cormier,Raphael Assuncao vs. Rob Font,Rob Font,106
2019-10-26,UFC Fight Night: Maia vs. Askren,Raphael Pessoa vs. Jeff Hughes,Raphael Pessoa,146
2019-10-26,UFC Fight Night: Maia vs. Askren,Raphael Pessoa vs. Jeff Hughes,Jeff Hughes,-146
2018-06-09,UFC 225: Whittaker vs. Romero 2,Rashad Coulter vs. Chris de la Rocha,Rashad Coulter,-113
2018-06-09,UFC 225: Whittaker vs. Romero 2,Rashad Coulter vs. Chris de la Rocha,Chris de la Rocha,113
2018-06-09,UFC 225: Whittaker vs. Romero 2,Rashad Evans vs. Anthony Smith,Rashad Evans,-126
2018-06-09,UFC 225: Whittaker vs. Romero 2,Rashad Evans vs. Anthony Smith,Anthony Smith,126
2018-02-24,UFC Fight Night: Emmett vs. Stephens,Renan Barao vs. Brian Kelleher,Renan Barao,-147
2018-02-24,UFC Fight Night: Emmett vs. Stephens,Renan Barao vs. Brian Kelleher,Brian Kelleher,147
2019-02-17,UFC Fight Night: Ngannou vs. Velasquez,Renan Barao vs. Luke Sanders,Renan Barao,-177
2019-02-17,UFC Fight Night: Ngannou vs. Velasquez,Renan Barao vs. Luke Sanders,Luke Sanders,177
2018-04-07,UFC 223: Khabib vs. Iaquinta,Renato Moicano vs. Calvin Kattar,Renato Moicano,-187
2018-04-07,UFC 223: Khabib vs. Iaquinta,Renato Moicano vs. Calvin Kattar,Calvin Kattar,187
2019-06-22,UFC Fight Night: Moicano vs. The Korean Zombie,Renato Moicano vs. Chan Sung Jung,Renato Moicano,-156
2019-06-22,UFC Fight Night: Moicano vs. The Korean Zombie,Renato Moicano vs. Chan Sung Jung,Chan Sung Jung,156
2019-06-08,UFC 238: Cejudo vs. Moraes,Ricardo Lamas vs. Calvin Kattar,Ricardo Lamas,-198
2019-06-08,UFC 238: Cejudo vs. Moraes,Ricardo Lamas vs. Calvin Kattar,Calvin Kattar,198
2018-11-17,UFC Fight Night: Magny vs. Ponzinibbio,Ricardo Lamas vs. Darren Elkins,Ricardo Lamas,-106
2018-11-17,UFC Fight Night: Magny vs. Ponzinibbio,Ricardo Lamas vs. Darren Elkins,Darren Elkins,106
2017-12-16,UFC Fight Night: Lawler vs. Dos Anjos,Ricardo Lamas vs. Josh Emmett,Ricardo Lamas,-111
2017-12-16,UFC Fight Night: Lawler vs. Dos Anjos,Ricardo Lamas vs. Josh Emmett,Josh Emmett,111
2018-06-09,UFC 225: Whittaker vs. Romero 2,Ricardo Lamas vs. Mirsad Bektic,Ricardo Lamas,172
2018-06-09,UFC 225: Whittaker vs. Romero 2,Ricardo Lamas vs. Mirsad Bektic,Mirsad Bektic,-172
2019-11-16,UFC Fight Night: Blachowicz vs. Jacare,Ricardo Ramos vs. Eduardo Garagorri,Ricardo Ramos,101
2019-11-16,UFC Fight Night: Blachowicz vs. Jacare,Ricardo Ramos vs. Eduardo Garagorri,Eduardo Garagorri,-101
2018-08-04,UFC 227: Dillashaw vs. Garbrandt 2,Ricardo Ramos vs. Kyung Ho Kang,Ricardo Ramos,-162
2018-08-04,UFC 227: Dillashaw vs. Garbrandt 2,Ricardo Ramos vs. Kyung Ho Kang,Kyung Ho Kang,162
2019-02-02,UFC Fight Night: Assuncao vs. Moraes 2,Ricardo Ramos vs. Said Nurmagomedov,Ricardo Ramos,102
2019-02-02,UFC Fight Night: Assuncao vs. Moraes 2,Ricardo Ramos vs. Said Nurmagomedov,Said Nurmagomedov,-102
2019-12-07,UFC Fight Night: Overeem vs. Rozenstruik,Rob Font vs. Ricky Simon,Rob Font,-150
2019-12-07,UFC Fight Night: Overeem vs. Rozenstruik,Rob Font vs. Ricky Simon,Ricky Simon,150
2018-12-15,UFC Fight Night: Lee vs. Iaquinta,Rob Font vs. Sergio Pettis,Rob Font,182
2018-12-15,UFC Fight Night: Lee vs. Iaquinta,Rob Font vs. Sergio Pettis,Sergio Pettis,-182
2017-12-16,UFC Fight Night: Lawler vs. Dos Anjos,Robbie Lawler vs. Rafael Dos Anjos,Robbie Lawler,260
2017-12-16,UFC Fight Night: Lawler vs. Dos Anjos,Robbie Lawler vs. Rafael Dos Anjos,Rafael Dos Anjos,-260
2018-09-08,UFC 228: Woodley vs. Till,Robert Sanchez vs. Jarred Brooks,Robert Sanchez,-113
2018-09-08,UFC 228: Woodley vs. Till,Robert Sanchez vs. Jarred Brooks,Jarred Brooks,113
2018-02-18,UFC Fight Night: Cerrone vs. Medeiros,Robert Sanchez vs. Joby Sanchez,Robert Sanchez,151
2018-02-18,UFC Fight Night: Cerrone vs. Medeiros,Robert Sanchez vs. Joby Sanchez,Joby Sanchez,-151
2019-10-05,UFC 243: Whittaker vs. Adesanya,Robert Whittaker vs. Israel Adesanya,Robert Whittaker,-132
2019-10-05,UFC 243: Whittaker vs. Adesanya,Robert Whittaker vs. Israel Adesanya,Israel Adesanya,132
2018-06-09,UFC 225: Whittaker vs. Romero 2,Robert Whittaker vs. Yoel Romero,Robert Whittaker,-218
2018-06-09,UFC 225: Whittaker vs. Romero 2,Robert Whittaker vs. Yoel Romero,Yoel Romero,218
2019-08-10,UFC Fight Night: Shevchenko vs. Carmouche 2,Rogerio Bontorin vs. Raulian Paiva,Rogerio Bontorin,181
2019-08-10,UFC Fight Night: Shevchenko vs. Carmouche 2,Rogerio Bontorin vs. Raulian Paiva,Raulian Paiva,-181
2020-02-15,UFC Fight Night: Anderson vs. Blachowicz,Rogerio Bontorin vs. Ray Borg,Rogerio Bontorin,141
2020-02-15,UFC Fight Night: Anderson vs. Blachowicz,Rogerio Bontorin vs. Ray Borg,Ray Borg,-141
2019-05-11,UFC 237: Namajunas vs. Andrade,Rogerio Nogueira vs. Ryan Spann,Rogerio Nogueira,223
2019-05-11,UFC 237: Namajunas vs. Andrade,Rogerio Nogueira vs. Ryan Spann,Ryan Spann,-223
2018-06-23,UFC Fight Night: Cowboy vs. Edwards,Rolando Dy vs. Shane Young,Rolando Dy,-106
2018-06-23,UFC Fight Night: Cowboy vs. Edwards,Rolando Dy vs. Shane Young,Shane Young,106
2019-06-29,UFC Fight Night: Ngannou vs. Dos Santos,Roosevelt Roberts vs. Vinc Pichel,Roosevelt Roberts,-180
2019-06-29,UFC Fight Night: Ngannou vs. Dos Santos,Roosevelt Roberts vs. Vinc Pichel,Vinc Pichel,180
2019-03-30,UFC Fight Night: Barboza vs. Gaethje,Ross Pearson vs. Desmond Green,Ross Pearson,263
2019-03-30,UFC Fight Night: Barboza vs. Gaethje,Ross Pearson vs. Desmond Green,Desmond Green,-263
2018-02-10,UFC 221: Romero vs. Rockhold,Ross Pearson vs. Mizuto Hirota,Ross Pearson,-151
2018-02-10,UFC 221: Romero vs. Rockhold,Ross Pearson vs. Mizuto Hirota,Mizuto Hirota,151
2019-02-23,UFC Fight Night: Blachowicz vs. Santos,Rustam Khabilov vs. Diego Ferreira,Rustam Khabilov,-116
2019-02-23,UFC Fight Night: Blachowicz vs. Santos,Rustam Khabilov vs. Diego Ferreira,Diego Ferreira,116
2018-09-15,UFC Fight Night: Hunt vs. Oleinik,Rustam Khabilov vs. Kajan Johnson,Rustam Khabilov,-136
2018-09-15,UFC Fight Night: Hunt vs. Oleinik,Rustam Khabilov vs. Kajan Johnson,Kajan Johnson,136
2019-11-09,UFC Fight Night: Zabit vs. Kattar,Rustam Khabilov vs. Sergey Khandozhko,Rustam Khabilov,113
2019-11-09,UFC Fight Night: Zabit vs. Kattar,Rustam Khabilov vs. Sergey Khandozhko,Sergey Khandozhko,-113
2017-11-18,UFC Fight Night: Werdum vs. Tybura,Ryan Benoit vs. Ashkan Mokhtarian,Ryan Benoit,-132
2017-11-18,UFC Fight Night: Werdum vs. Tybura,Ryan Benoit vs. Ashkan Mokhtarian,Ashkan Mokhtarian,132
2018-04-21,UFC Fight Night: Barboza vs. Lee,Ryan LaFlare vs. Alex Garcia,Ryan LaFlare,-118
2018-04-21,UFC Fight Night: Barboza vs. Lee,Ryan LaFlare vs. Alex Garcia,Alex Garcia,118
2018-10-06,UFC 229: Khabib vs. McGregor,Ryan LaFlare vs. Anthony Rocco Martin,Ryan LaFlare,-164
2018-10-06,UFC 229: Khabib vs. McGregor,Ryan LaFlare vs. Anthony Rocco Martin,Anthony Rocco Martin,164
2019-10-12,UFC Fight Night: Joanna vs. Waterson,Ryan Spann vs. Devin Clark,Ryan Spann,-140
2019-10-12,UFC Fight Night: Joanna vs. Waterson,Ryan Spann vs. Devin Clark,Devin Clark,140
2017-12-02,UFC 218: Holloway vs. Aldo 2,Sabah Homasi vs. Abdul Razak Alhassan,Sabah Homasi,154
2017-12-02,UFC 218: Holloway vs. Aldo 2,Sabah Homasi vs. Abdul Razak Alhassan,Abdul Razak Alhassan,-127
2018-01-20,UFC 220: Miocic vs. Ngannou,Sabah Homasi vs. Abdul Razak Alhassan,Sabah Homasi,115
2018-01-20,UFC 220: Miocic vs. Ngannou,Sabah Homasi vs. Abdul Razak Alhassan,Abdul Razak Alhassan,104
2017-11-11,UFC Fight Night: Poirier vs. Pettis,Sage Northcutt vs. Michel Quinones,Sage Northcutt,-490
2017-11-11,UFC Fight Night: Poirier vs. Pettis,Sage Northcutt vs. Michel Quinones,Michel Quinones,490
2018-02-18,UFC Fight Night: Cerrone vs. Medeiros,Sage Northcutt vs. Thibault Gouti,Sage Northcutt,-466
2018-02-18,UFC Fight Night: Cerrone vs. Medeiros,Sage Northcutt vs. Thibault Gouti,Thibault Gouti,466
2018-07-14,UFC Fight Night: Dos Santos vs. Ivanov,Sage Northcutt vs. Zak Ottow,Sage Northcutt,-242
2018-07-14,UFC Fight Night: Dos Santos vs. Ivanov,Sage Northcutt vs. Zak Ottow,Zak Ottow,242
2019-07-20,UFC Fight Night: Dos Anjos vs. Edwards,Sam Alvey vs. Klidson Abreu,Sam Alvey,118
2019-07-20,UFC Fight Night: Dos Anjos vs. Edwards,Sam Alvey vs. Klidson Abreu,Klidson Abreu,-118
2018-09-22,UFC Fight Night: Marreta vs. Anders,Sam Alvey vs. Rogerio Nogueira,Sam Alvey,-135
2018-09-22,UFC Fight Night: Marreta vs. Anders,Sam Alvey vs. Rogerio Nogueira,Rogerio Nogueira,135
2017-12-16,UFC Fight Night: Lawler vs. Dos Anjos,Santiago Ponzinibbio vs. Mike Perry,Santiago Ponzinibbio,-126
2017-12-16,UFC Fight Night: Lawler vs. Dos Anjos,Santiago Ponzinibbio vs. Mike Perry,Mike Perry,126
2018-10-06,UFC 229: Khabib vs. McGregor,Scott Holtzman vs. Alan Patrick,Scott Holtzman,-111
2018-10-06,UFC 229: Khabib vs. McGregor,Scott Holtzman vs. Alan Patrick,Alan Patrick,111
2017-12-09,UFC Fight Night: Swanson vs. Ortega,Scott Holtzman vs. Darrell Horcher,Scott Holtzman,-221
2017-12-09,UFC Fight Night: Swanson vs. Ortega,Scott Holtzman vs. Darrell Horcher,Darrell Horcher,221
2019-08-03,UFC Fight Night: Covington vs. Lawler,Scott Holtzman vs. Dong Hyun Ma,Scott Holtzman,-170
2019-08-03,UFC Fight Night: Covington vs. Lawler,Scott Holtzman vs. Dong Hyun Ma,Dong Hyun Ma,170
2018-03-03,UFC 222: Cyborg vs. Kunitskaya,Sean O'Malley vs. Andre Soukhamthath,Sean O'Malley,-266
2018-03-03,UFC 222: Cyborg vs. Kunitskaya,Sean O'Malley vs. Andre Soukhamthath,Andre Soukhamthath,266
2019-04-20,UFC Fight Night: Overeem vs. Oleinik,Sergei Pavlovich vs. Marcelo Golm,Sergei Pavlovich,144
2019-04-20,UFC Fight Night: Overeem vs. Oleinik,Sergei Pavlovich vs. Marcelo Golm,Marcelo Golm,-144
2018-09-22,UFC Fight Night: Marreta vs. Anders,Sergio Moraes vs. Ben Saunders,Sergio Moraes,140
2018-09-22,UFC Fight Night: Marreta vs. Anders,Sergio Moraes vs. Ben Saunders,Ben Saunders,-140
2019-11-16,UFC Fight Night: Blachowicz vs. Jacare,Sergio Moraes vs. James Krause,Sergio Moraes,224
2019-11-16,UFC Fight Night: Blachowicz vs. Jacare,Sergio Moraes vs. James Krause,James Krause,-224
2018-02-03,UFC Fight Night: Machida vs. Anders,Sergio Moraes vs. Tim Means,Sergio Moraes,276
2018-02-03,UFC Fight Night: Machida vs. Anders,Sergio Moraes vs. Tim Means,Tim Means,-276
2018-10-06,UFC 229: Khabib vs. McGregor,Sergio Pettis vs. Jussier Formiga,Sergio Pettis,-400
2018-10-06,UFC 229: Khabib vs. McGregor,Sergio Pettis vs. Jussier Formiga,Jussier Formiga,400
2019-12-21,UFC Fight Night: Edgar vs. The Korean Zombie,SeungWoo Choi vs. Suman Mokhtarian,SeungWoo Choi,-121
2019-12-21,UFC Fight Night: Edgar vs. The Korean Zombie,SeungWoo Choi vs. Suman Mokhtarian,Suman Mokhtarian,121
2018-11-03,UFC 230: Cormier vs. Lewis,Shane Burgos vs. Kurt Holobaugh,Shane Burgos,-190
2018-11-03,UFC 230: Cormier vs. Lewis,Shane Burgos vs. Kurt Holobaugh,Kurt Holobaugh,190
2019-11-02,UFC 244: Masvidal vs. Diaz,Shane Burgos vs. Makwan Amirkhani,Shane Burgos,-140
2019-11-02,UFC 244: Masvidal vs. Diaz,Shane Burgos vs. Makwan Amirkhani,Makwan Amirkhani,140
2019-02-09,UFC 234: Adesanya vs. Silva,Shane Young vs. Austin Arnett,Shane Young,-114
2019-02-09,UFC 234: Adesanya vs. Silva,Shane Young vs. Austin Arnett,Austin Arnett,114
2018-06-23,UFC Fight Night: Cowboy vs. Edwards,Shinsho Anzai vs. Jake Matthews,Shinsho Anzai,240
2018-06-23,UFC Fight Night: Cowboy vs. Edwards,Shinsho Anzai vs. Jake Matthews,Jake Matthews,-240
2019-09-28,UFC Fight Night: Hermansson vs. Cannonier,Siyar Bahadurzada vs. Ismail Naurdiev,Siyar Bahadurzada,275
2019-09-28,UFC Fight Night: Hermansson vs. Cannonier,Siyar Bahadurzada vs. Ismail Naurdiev,Ismail Naurdiev,-275
2018-04-21,UFC Fight Night: Barboza vs. Lee,Siyar Bahadurzada vs. Luan Chagas,Siyar Bahadurzada,186
2018-04-21,UFC Fight Night: Barboza vs. Lee,Siyar Bahadurzada vs. Luan Chagas,Luan Chagas,-186
2019-03-30,UFC Fight Night: Barboza vs. Gaethje,Sodiq Yusuff vs. Sheymon Moraes,Sodiq Yusuff,-120
2019-03-30,UFC Fight Night: Barboza vs. Gaethje,Sodiq Yusuff vs. Sheymon Moraes,Sheymon Moraes,120
2018-11-24,UFC Fight Night: Blaydes vs. Ngannou 2,Song Kenan vs. Alex Morono,Song Kenan,142
2018-11-24,UFC Fight Night: Blaydes vs. Ngannou 2,Song Kenan vs. Alex Morono,Alex Morono,-142
2019-08-31,UFC Fight Night: Andrade vs. Zhang,Song Kenan vs. Derrick Krantz,Song Kenan,-111
2019-08-31,UFC Fight Night: Andrade vs. Zhang,Song Kenan vs. Derrick Krantz,Derrick Krantz,111
2018-03-03,UFC 222: Cyborg vs. Kunitskaya,Stefan Struve vs. Andrei Arlovski,Stefan Struve,-106
2018-03-03,UFC 222: Cyborg vs. Kunitskaya,Stefan Struve vs. Andrei Arlovski,Andrei Arlovski,106
2019-12-07,UFC Fight Night: Overeem vs. Rozenstruik,Stefan Struve vs. Ben Rothwell,Stefan Struve,-151
2019-12-07,UFC Fight Night: Overeem vs. Rozenstruik,Stefan Struve vs. Ben Rothwell,Ben Rothwell,151
2019-02-23,UFC Fight Night: Blachowicz vs. Santos,Stefan Struve vs. Marcos Rogerio de Lima,Stefan Struve,198
2019-02-23,UFC Fight Night: Blachowicz vs. Santos,Stefan Struve vs. Marcos Rogerio de Lima,Marcos Rogerio de Lima,-198
2019-03-23,UFC Fight Night: Thompson vs. Pettis,Stephen Thompson vs. Anthony Pettis,Stephen Thompson,-242
2019-03-23,UFC Fight Night: Thompson vs. Pettis,Stephen Thompson vs. Anthony Pettis,Anthony Pettis,242
2018-05-27,UFC Fight Night: Thompson vs. Till,Stephen Thompson vs. Darren Till,Stephen Thompson,-116
2018-05-27,UFC Fight Night: Thompson vs. Till,Stephen Thompson vs. Darren Till,Darren Till,116
2017-11-04,UFC 217: Bisping vs. St-Pierre,Stephen Thompson vs. Jorge Masvidal,Stephen Thompson,166
2017-11-04,UFC 217: Bisping vs. St-Pierre,Stephen Thompson vs. Jorge Masvidal,Jorge Masvidal,-166
2019-11-02,UFC 244: Masvidal vs. Diaz,Stephen Thompson vs. Vicente Luque,Stephen Thompson,-107
2019-11-02,UFC 244: Masvidal vs. Diaz,Stephen Thompson vs. Vicente Luque,Vicente Luque,107
2018-10-27,UFC Fight Night: Oezdemir vs. Smith,Stevie Ray vs. Jessin Ayari,Stevie Ray,109
2018-10-27,UFC Fight Night: Oezdemir vs. Smith,Stevie Ray vs. Jessin Ayari,Jessin Ayari,-109
2018-03-17,UFC Fight Night: Werdum vs. Volkov,Stevie Ray vs. Kajan Johnson,Stevie Ray,-102
2018-03-17,UFC Fight Night: Werdum vs. Volkov,Stevie Ray vs. Kajan Johnson,Kajan Johnson,102
2019-06-01,UFC Fight Night: Gustafsson vs. Smith,Stevie Ray vs. Leonardo Santos,Stevie Ray,-164
2019-06-01,UFC Fight Night: Gustafsson vs. Smith,Stevie Ray vs. Leonardo Santos,Leonardo Santos,164
2018-07-07,UFC 226: Miocic vs. Cormier,Stipe Miocic vs. Daniel Cormier,Stipe Miocic,-249
2018-07-07,UFC 226: Miocic vs. Cormier,Stipe Miocic vs. Daniel Cormier,Daniel Cormier,249
2018-01-20,UFC 220: Miocic vs. Ngannou,Stipe Miocic vs. Francis Ngannou,Stipe Miocic,-137
2018-01-20,UFC 220: Miocic vs. Ngannou,Stipe Miocic vs. Francis Ngannou,Francis Ngannou,137
2019-04-20,UFC Fight Night: Overeem vs. Oleinik,Sultan Aliev vs. Keita Nakamura,Sultan Aliev,-114
2019-04-20,UFC Fight Night: Overeem vs. Oleinik,Sultan Aliev vs. Keita Nakamura,Keita Nakamura,114
2019-08-31,UFC Fight Night: Andrade vs. Zhang,Sumudaerji vs. Andre Soukhamthath,Sumudaerji,-182
2019-08-31,UFC Fight Night: Andrade vs. Zhang,Sumudaerji vs. Andre Soukhamthath,Andre Soukhamthath,182
2018-08-04,UFC 227: Dillashaw vs. Garbrandt 2,TJ Dillashaw vs. Cody Garbrandt,TJ Dillashaw,-132
2018-08-04,UFC 227: Dillashaw vs. Garbrandt 2,TJ Dillashaw vs. Cody Garbrandt,Cody Garbrandt,132
2019-06-08,UFC 238: Cejudo vs. Moraes,Tai Tuivasa vs. Blagoy Ivanov,Tai Tuivasa,-198
2019-06-08,UFC 238: Cejudo vs. Moraes,Tai Tuivasa vs. Blagoy Ivanov,Blagoy Ivanov,198
2018-02-10,UFC 221: Romero vs. Rockhold,Tai Tuivasa vs. Cyril Asker,Tai Tuivasa,-139
2018-02-10,UFC 221: Romero vs. Rockhold,Tai Tuivasa vs. Cyril Asker,Cyril Asker,139
2019-10-05,UFC 243: Whittaker vs. Adesanya,Tai Tuivasa vs. Serghei Spivac,Tai Tuivasa,-151
2019-10-05,UFC 243: Whittaker vs. Adesanya,Tai Tuivasa vs. Serghei Spivac,Serghei Spivac,151
2018-02-10,UFC 221: Romero vs. Rockhold,Teruto Ishihara vs. Jose Quinonez,Teruto Ishihara,121
2018-02-10,UFC 221: Romero vs. Rockhold,Teruto Ishihara vs. Jose Quinonez,Jose Quinonez,-121
2019-02-09,UFC 234: Adesanya vs. Silva,Teruto Ishihara vs. Kyung Ho Kang,Teruto Ishihara,139
2019-02-09,UFC 234: Adesanya vs. Silva,Teruto Ishihara vs. Kyung Ho Kang,Kyung Ho Kang,-139
2017-10-07,UFC 216: Ferguson vs. Lee,Thales Leites vs. Brad Tavares,Thales Leites,165
2017-10-07,UFC 216: Ferguson vs. Lee,Thales Leites vs. Brad Tavares,Brad Tavares,-165
2018-09-22,UFC Fight Night: Marreta vs. Anders,Thales Leites vs. Hector Lombard,Thales Leites,126
2018-09-22,UFC Fight Night: Marreta vs. Anders,Thales Leites vs. Hector Lombard,Hector Lombard,-126
2018-05-12,UFC 224: Nunes vs. Pennington,Thales Leites vs. Jack Hermansson,Thales Leites,157
2018-05-12,UFC 224: Nunes vs. Pennington,Thales Leites vs. Jack Hermansson,Jack Hermansson,-157
2019-05-11,UFC 237: Namajunas vs. Andrade,Thiago Alves vs. Laureano Staropoli,Thiago Alves,129
2019-05-11,UFC 237: Namajunas vs. Andrade,Thiago Alves vs. Laureano Staropoli,Laureano Staropoli,-129
2019-02-02,UFC Fight Night: Assuncao vs. Moraes 2,Thiago Alves vs. Max Griffin,Thiago Alves,-101
2019-02-02,UFC Fight Night: Assuncao vs. Moraes 2,Thiago Alves vs. Max Griffin,Max Griffin,101
2019-12-07,UFC Fight Night: Overeem vs. Rozenstruik,Thiago Alves vs. Tim Means,Thiago Alves,164
2019-12-07,UFC Fight Night: Overeem vs. Rozenstruik,Thiago Alves vs. Tim Means,Tim Means,-164
2019-05-11,UFC 237: Namajunas vs. Andrade,Thiago Moises vs. Kurt Holobaugh,Thiago Moises,-111
2019-05-11,UFC 237: Namajunas vs. Andrade,Thiago Moises vs. Kurt Holobaugh,Kurt Holobaugh,111
2018-02-03,UFC Fight Night: Machida vs. Anders,Thiago Santos vs. Anthony Smith,Thiago Santos,-220
2018-02-03,UFC Fight Night: Machida vs. Anders,Thiago Santos vs. Anthony Smith,Anthony Smith,220
2018-09-22,UFC Fight Night: Marreta vs. Anders,Thiago Santos vs. Eryk Anders,Thiago Santos,-188
2018-09-22,UFC Fight Night: Marreta vs. Anders,Thiago Santos vs. Eryk Anders,Eryk Anders,188
2017-10-28,UFC Fight Night: Brunson vs. Machida,Thiago Santos vs. Jack Hermansson,Thiago Santos,130
2017-10-28,UFC Fight Night: Brunson vs. Machida,Thiago Santos vs. Jack Hermansson,Jack Hermansson,-130
2018-10-27,UFC Fight Night: Oezdemir vs. Smith,Thibault Gouti vs. Nasrat Haqparast,Thibault Gouti,378
2018-10-27,UFC Fight Night: Oezdemir vs. Smith,Thibault Gouti vs. Nasrat Haqparast,Nasrat Haqparast,-378
2018-01-20,UFC 220: Miocic vs. Ngannou,Thomas Almeida vs. Rob Font,Thomas Almeida,-117
2018-01-20,UFC 220: Miocic vs. Ngannou,Thomas Almeida vs. Rob Font,Rob Font,117
2018-04-14,UFC Fight Night: Poirier vs. Gaethje,Tim Boetsch vs. Antonio Carlos Junior,Tim Boetsch,166
2018-04-14,UFC Fight Night: Poirier vs. Gaethje,Tim Boetsch vs. Antonio Carlos Junior,Antonio Carlos Junior,-166
2019-03-09,UFC Fight Night: Lewis vs. Dos Santos,Tim Boetsch vs. Omari Akhmedov,Tim Boetsch,134
2019-03-09,UFC Fight Night: Lewis vs. Dos Santos,Tim Boetsch vs. Omari Akhmedov,Omari Akhmedov,-134
2020-01-18,UFC 246: McGregor vs. Cowboy,Tim Elliott vs. Askar Askarov,Tim Elliott,-124
2020-01-18,UFC 246: McGregor vs. Cowboy,Tim Elliott vs. Askar Askarov,Askar Askarov,124
2017-11-18,UFC Fight Night: Werdum vs. Tybura,Tim Means vs. Belal Muhammad,Tim Means,-198
2017-11-18,UFC Fight Night: Werdum vs. Tybura,Tim Means vs. Belal Muhammad,Belal Muhammad,198
2019-03-09,UFC Fight Night: Lewis vs. Dos Santos,Tim Means vs. Niko Price,Tim Means,-291
2019-03-09,UFC Fight Night: Lewis vs. Dos Santos,Tim Means vs. Niko Price,Niko Price,291
2018-11-30,The Ultimate Fighter: Heavy Hitters Finale,Tim Means vs. Ricky Rainey,Tim Means,-365
2018-11-30,The Ultimate Fighter: Heavy Hitters Finale,Tim Means vs. Ricky Rainey,Ricky Rainey,365
2018-02-03,UFC Fight Night: Machida vs. Anders,Timothy Johnson vs. Marcelo Golm,Timothy Johnson,396
2018-02-03,UFC Fight Night: Machida vs. Anders,Timothy Johnson vs. Marcelo Golm,Marcelo Golm,-396
2017-10-07,UFC 216: Ferguson vs. Lee,Tom Duquesnoy vs. Cody Stamann,Tom Duquesnoy,210
2017-10-07,UFC 216: Ferguson vs. Lee,Tom Duquesnoy vs. Cody Stamann,Cody Stamann,-210
2018-03-17,UFC Fight Night: Werdum vs. Volkov,Tom Duquesnoy vs. Terrion Ware,Tom Duquesnoy,-185
2018-03-17,UFC Fight Night: Werdum vs. Volkov,Tom Duquesnoy vs. Terrion Ware,Terrion Ware,185
2018-10-06,UFC 229: Khabib vs. McGregor,Tony Ferguson vs. Anthony Pettis,Tony Ferguson,-298
2018-10-06,UFC 229: Khabib vs. McGregor,Tony Ferguson vs. Anthony Pettis,Anthony Pettis,298
2019-06-08,UFC 238: Cejudo vs. Moraes,Tony Ferguson vs. Donald Cerrone,Tony Ferguson,-255
2019-06-08,UFC 238: Cejudo vs. Moraes,Tony Ferguson vs. Donald Cerrone,Donald Cerrone,255
2017-10-07,UFC 216: Ferguson vs. Lee,Tony Ferguson vs. Kevin Lee,Tony Ferguson,-176
2017-10-07,UFC 216: Ferguson vs. Lee,Tony Ferguson vs. Kevin Lee,Kevin Lee,176
2019-08-03,UFC Fight Night: Covington vs. Lawler,Trevin Giles vs. Gerald Meerschaert,Trevin Giles,-158
2019-08-03,UFC Fight Night: Covington vs. Lawler,Trevin Giles vs. Gerald Meerschaert,Gerald Meerschaert,158
2020-02-08,UFC 247: Jones vs. Reyes,Trevin Giles vs. James Krause,Trevin Giles,-157
2020-02-08,UFC 247: Jones vs. Reyes,Trevin Giles vs. James Krause,James Krause,157
2018-12-15,UFC Fight Night: Lee vs. Iaquinta,Trevor Smith vs. Zak Cummings,Trevor Smith,115
2018-12-15,UFC Fight Night: Lee vs. Iaquinta,Trevor Smith vs. Zak Cummings,Zak Cummings,-115
2018-09-08,UFC 228: Woodley vs. Till,Tyron Woodley vs. Darren Till,Tyron Woodley,142
2018-09-08,UFC 228: Woodley vs. Till,Tyron Woodley vs. Darren Till,Darren Till,-142
2019-03-02,UFC 235: Jones vs. Smith,Tyron Woodley vs. Kamaru Usman,Tyron Woodley,196
2019-03-02,UFC 235: Jones vs. Smith,Tyron Woodley vs. Kamaru Usman,Kamaru Usman,-196
2018-02-10,UFC 221: Romero vs. Rockhold,Tyson Pedro vs. Saparbeg Safarov,Tyson Pedro,-312
2018-02-10,UFC 221: Romero vs. Rockhold,Tyson Pedro vs. Saparbeg Safarov,Saparbeg Safarov,312
2019-09-14,UFC Fight Night: Cowboy vs. Gaethje,Uriah Hall vs. Antonio Carlos Junior,Uriah Hall,195
2019-09-14,UFC Fight Night: Cowboy vs. Gaethje,Uriah Hall vs. Antonio Carlos Junior,Antonio Carlos Junior,-195
2018-07-07,UFC 226: Miocic vs. Cormier,Uriah Hall vs. Paulo Costa,Uriah Hall,140
2018-07-07,UFC 226: Miocic vs. Cormier,Uriah Hall vs. Paulo Costa,Paulo Costa,-140
2019-07-13,UFC Fight Night: De Randamie vs. Ladd,Urijah Faber vs. Ricky Simon,Urijah Faber,146
2019-07-13,UFC Fight Night: De Randamie vs. Ladd,Urijah Faber vs. Ricky Simon,Ricky Simon,-146
2019-02-17,UFC Fight Night: Ngannou vs. Velasquez,Vicente Luque vs. Bryan Barberena,Vicente Luque,-155
2019-02-17,UFC Fight Night: Ngannou vs. Velasquez,Vicente Luque vs. Bryan Barberena,Bryan Barberena,155
2018-05-19,UFC Fight Night: Maia vs. Usman,Vicente Luque vs. Chad Laprise,Vicente Luque,-140
2018-05-19,UFC Fight Night: Maia vs. Usman,Vicente Luque vs. Chad Laprise,Chad Laprise,140
2019-08-10,UFC Fight Night: Shevchenko vs. Carmouche 2,Vicente Luque vs. Mike Perry,Vicente Luque,-158
2019-08-10,UFC Fight Night: Shevchenko vs. Carmouche 2,Vicente Luque vs. Mike Perry,Mike Perry,158
2017-10-28,UFC Fight Night: Brunson vs. Machida,Vicente Luque vs. Niko Price,Vicente Luque,-146
2017-10-28,UFC Fight Night: Brunson vs. Machida,Vicente Luque vs. Niko Price,Niko Price,146
2018-01-27,UFC Fight Night: Jacare vs. Brunson 2,Vinc Pichel vs. Joaquim Silva,Vinc Pichel,116
2018-01-27,UFC Fight Night: Jacare vs. Brunson 2,Vinc Pichel vs. Joaquim Silva,Joaquim Silva,-116
2019-09-21,UFC Fight Night: Rodriguez vs. Stephens,Vinicius Moreira vs. Paul Craig,Vinicius Moreira,150
2019-09-21,UFC Fight Night: Rodriguez vs. Stephens,Vinicius Moreira vs. Paul Craig,Paul Craig,-150
2018-05-12,UFC 224: Nunes vs. Pennington,Vitor Belfort vs. Lyoto Machida,Vitor Belfort,124
2018-05-12,UFC 224: Nunes vs. Pennington,Vitor Belfort vs. Lyoto Machida,Lyoto Machida,-124
2019-12-21,UFC Fight Night: Edgar vs. The Korean Zombie,Volkan Oezdemir vs. Aleksandar Rakic,Volkan Oezdemir,104
2019-12-21,UFC Fight Night: Edgar vs. The Korean Zombie,Volkan Oezdemir vs. Aleksandar Rakic,Aleksandar Rakic,-104
2018-10-27,UFC Fight Night: Oezdemir vs. Smith,Volkan Oezdemir vs. Anthony Smith,Volkan Oezdemir,-178
2018-10-27,UFC Fight Night: Oezdemir vs. Smith,Volkan Oezdemir vs. Anthony Smith,Anthony Smith,178
2019-03-16,UFC Fight Night: Till vs. Masvidal,Volkan Oezdemir vs. Dominick Reyes,Volkan Oezdemir,126
2019-03-16,UFC Fight Night: Till vs. Masvidal,Volkan Oezdemir vs. Dominick Reyes,Dominick Reyes,-126
2019-08-10,UFC Fight Night: Shevchenko vs. Carmouche 2,Volkan Oezdemir vs. Ilir Latifi,Volkan Oezdemir,-109
2019-08-10,UFC Fight Night: Shevchenko vs. Carmouche 2,Volkan Oezdemir vs. Ilir Latifi,Ilir Latifi,109
2018-06-01,UFC Fight Night: Rivera vs. Moraes,Walt Harris vs. Daniel Spitz,Walt Harris,131
2018-06-01,UFC Fight Night: Rivera vs. Moraes,Walt Harris vs. Daniel Spitz,Daniel Spitz,-131
2017-11-04,UFC 217: Bisping vs. St-Pierre,Walt Harris vs. Mark Godbeer,Walt Harris,138
2017-11-04,UFC 217: Bisping vs. St-Pierre,Walt Harris vs. Mark Godbeer,Mark Godbeer,-138
2019-11-16,UFC Fight Night: Blachowicz vs. Jacare,Warlley Alves vs. Randy Brown,Warlley Alves,108
2019-11-16,UFC Fight Night: Blachowicz vs. Jacare,Warlley Alves vs. Randy Brown,Randy Brown,-108
2019-05-11,UFC 237: Namajunas vs. Andrade,Warlley Alves vs. Sergio Moraes,Warlley Alves,-162
2019-05-11,UFC 237: Namajunas vs. Andrade,Warlley Alves vs. Sergio Moraes,Sergio Moraes,162
2018-05-12,UFC 224: Nunes vs. Pennington,Warlley Alves vs. Sultan Aliev,Warlley Alves,-181
2018-05-12,UFC 224: Nunes vs. Pennington,Warlley Alves vs. Sultan Aliev,Sultan Aliev,181
2019-04-13,UFC 236: Holloway vs. Poirier 2,Wilson Reis vs. Alexandre Pantoja,Wilson Reis,161
2019-04-13,UFC 236: Holloway vs. Poirier 2,Wilson Reis vs. Alexandre Pantoja,Alexandre Pantoja,-161
2018-12-01,UFC Fight Night: Dos Santos vs. Tuivasa,Wilson Reis vs. Ben Nguyen,Wilson Reis,-109
2018-12-01,UFC Fight Night: Dos Santos vs. Tuivasa,Wilson Reis vs. Ben Nguyen,Ben Nguyen,109
2018-04-14,UFC Fight Night: Poirier vs. Gaethje,Wilson Reis vs. John Moraga,Wilson Reis,-165
2018-04-14,UFC Fight Night: Poirier vs. Gaethje,Wilson Reis vs. John Moraga,John Moraga,165
2019-02-09,UFC 234: Adesanya vs. Silva,Wulijiburen vs. Jonathan Martinez,Wulijiburen,104
2019-02-09,UFC 234: Adesanya vs. Silva,Wulijiburen vs. Jonathan Martinez,Jonathan Martinez,-104
2019-10-18,UFC Fight Night: Reyes vs. Weidman,Yair Rodriguez vs. Jeremy Stephens,Yair Rodriguez,-127
2019-10-18,UFC Fight Night: Reyes vs. Weidman,Yair Rodriguez vs. Jeremy Stephens,Jeremy Stephens,127
2018-02-10,UFC 221: Romero vs. Rockhold,Yoel Romero vs. Luke Rockhold,Yoel Romero,-121
2018-02-10,UFC 221: Romero vs. Rockhold,Yoel Romero vs. Luke Rockhold,Luke Rockhold,121
2019-08-17,UFC 241: Cormier vs. Miocic 2,Yoel Romero vs. Paulo Costa,Yoel Romero,-113
2019-08-17,UFC 241: Cormier vs. Miocic 2,Yoel Romero vs. Paulo Costa,Paulo Costa,113
2018-12-01,UFC Fight Night: Dos Santos vs. Tuivasa,Yushin Okami vs. Aleksei Kunchenko,Yushin Okami,-132
2018-12-01,UFC Fight Night: Dos Santos vs. Tuivasa,Yushin Okami vs. Aleksei Kunchenko,Aleksei Kunchenko,132
2018-09-08,UFC 228: Woodley vs. Till,Zabit Magomedsharipov vs. Brandon Davis,Zabit Magomedsharipov,-251
2018-09-08,UFC 228: Woodley vs. Till,Zabit Magomedsharipov vs. Brandon Davis,Brandon Davis,251
2019-11-09,UFC Fight Night: Zabit vs. Kattar,Zabit Magomedsharipov vs. Calvin Kattar,Zabit Magomedsharipov,-323
2019-11-09,UFC Fight Night: Zabit vs. Kattar,Zabit Magomedsharipov vs. Calvin Kattar,Calvin Kattar,323
2018-04-07,UFC 223: Khabib vs. Iaquinta,Zabit Magomedsharipov vs. Kyle Bochniak,Zabit Magomedsharipov,-435
2018-04-07,UFC 223: Khabib vs. Iaquinta,Zabit Magomedsharipov vs. Kyle Bochniak,Kyle Bochniak,435
2018-05-19,UFC Fight Night: Maia vs. Usman,Zak Cummings vs. Michel Prazeres,Zak Cummings,106
2018-05-19,UFC Fight Night: Maia vs. Usman,Zak Cummings vs. Michel Prazeres,Michel Prazeres,-106
2019-05-18,UFC Fight Night: Dos Anjos vs. Lee,Zak Cummings vs. Trevin Giles,Zak Cummings,195
2019-05-18,UFC Fight Night: Dos Anjos vs. Lee,Zak Cummings vs. Trevin Giles,Trevin Giles,-195
2019-11-09,UFC Fight Night: Zabit vs. Kattar,Zelim Imadaev vs. Danny Roberts,Zelim Imadaev,-191
2019-11-09,UFC Fight Night: Zabit vs. Kattar,Zelim Imadaev vs. Danny Roberts,Danny Roberts,191
