DATE,EVENT,BOUT,FIGHTER,odds
2021-04-17,UFC Fight Night: Whittaker vs. Gastelum,Abdul Razak Alhassan vs. Jacob Malkoun,Abdul Razak Alhassan,-100.0
2021-04-17,UFC Fight Night: Whittaker vs. Gastelum,Abdul Razak Alhassan vs. Jacob Malkoun,Jacob Malkoun,-100.0
2020-11-14,UFC Fight Night: Felder vs. Dos Anjos,Abdul Razak Alhassan vs. Khaos Williams,Abdul Razak Alhassan,176.0
2020-11-14,UFC Fight Night: Felder vs. Dos Anjos,Abdul Razak Alhassan vs. Khaos Williams,Khaos Williams,-176.0
2021-03-20,UFC Fight Night: Brunson vs. Holland,Adrian Yanez vs. Gustavo Lopez,Adrian Yanez,-170.0
2021-03-20,UFC Fight Night: Brunson vs. Holland,Adrian Yanez vs. Gustavo Lopez,Gustavo Lopez,170.0
2021-07-24,UFC Fight Night: Sandhagen vs. Dillashaw,Adrian Yanez vs. Randy Costa,Adrian Yanez,-100.0
2021-07-24,UFC Fight Night: Sandhagen vs. Dillashaw,Adrian Yanez vs. Randy Costa,Randy Costa,-100.0
2022-06-18,UFC Fight Night: Kattar vs. Emmett,Adrian Yanez vs. Tony Kelley,Adrian Yanez,-240.0
2022-06-18,UFC Fight Night: Kattar vs. Emmett,Adrian Yanez vs. Tony Kelley,Tony Kelley,240.0
2021-11-06,UFC 268: Usman vs. Covington 2,Al Iaquinta vs. King Green,Al Iaquinta,170.0
2021-11-06,UFC 268: Usman vs. Covington 2,Al Iaquinta vs. King Green,King Green,-170.0
2022-04-16,UFC Fight Night: Luque vs. Muhammad,Alatengheili vs. Kevin Croom,Alatengheili,-100.0
2022-04-16,UFC Fight Night: Luque vs. Muhammad,Alatengheili vs. Kevin Croom,Kevin Croom,-100.0
2021-10-02,UFC Fight Night: Santos vs. Walker,Alejandro Perez vs. Johnny Eduardo,Alejandro Perez,-176.0
2021-10-02,UFC Fight Night: Santos vs. Walker,Alejandro Perez vs. Johnny Eduardo,Johnny Eduardo,176.0
2022-02-26,UFC Fight Night: Makhachev vs. Green,Alejandro Perez vs. Jonathan Martinez,Alejandro Perez,176.0
2022-02-26,UFC Fight Night: Makhachev vs. Green,Alejandro Perez vs. Jonathan Martinez,Jonathan Martinez,-176.0
2021-06-19,UFC Fight Night: Jung vs. Ige,Aleksa Camur vs. Nicolae Negumereanu,Aleksa Camur,-184.0
2021-06-19,UFC Fight Night: Jung vs. Ige,Aleksa Camur vs. Nicolae Negumereanu,Nicolae Negumereanu,184.0
2021-02-20,UFC Fight Night: Blaydes vs. Lewis,Aleksei Oleinik vs. Chris Daukaus,Aleksei Oleinik,240.0
2021-02-20,UFC Fight Night: Blaydes vs. Lewis,Aleksei Oleinik vs. Chris Daukaus,Chris Daukaus,-240.0
2020-05-09,UFC 249: Ferguson vs. Gaethje,Aleksei Oleinik vs. Fabricio Werdum,Aleksei Oleinik,176.0
2020-05-09,UFC 249: Ferguson vs. Gaethje,Aleksei Oleinik vs. Fabricio Werdum,Fabricio Werdum,-176.0
2022-04-09,UFC 273: Volkanovski vs. The Korean Zombie,Aleksei Oleinik vs. Jared Vanderaa,Aleksei Oleinik,176.0
2022-04-09,UFC 273: Volkanovski vs. The Korean Zombie,Aleksei Oleinik vs. Jared Vanderaa,Jared Vanderaa,-176.0
2021-06-19,UFC Fight Night: Jung vs. Ige,Aleksei Oleinik vs. Serghei Spivac,Aleksei Oleinik,300.0
2021-06-19,UFC Fight Night: Jung vs. Ige,Aleksei Oleinik vs. Serghei Spivac,Serghei Spivac,-300.0
2021-08-28,UFC Fight Night: Barboza vs. Chikadze,Alessio Di Chirico vs. Abdul Razak Alhassan,Alessio Di Chirico,-176.0
2021-08-28,UFC Fight Night: Barboza vs. Chikadze,Alessio Di Chirico vs. Abdul Razak Alhassan,Abdul Razak Alhassan,176.0
2020-08-29,UFC Fight Night: Smith vs. Rakic,Alessio Di Chirico vs. Zak Cummings,Alessio Di Chirico,127.0
2020-08-29,UFC Fight Night: Smith vs. Rakic,Alessio Di Chirico vs. Zak Cummings,Zak Cummings,-127.0
2020-06-06,UFC 250: Nunes vs. Spencer,Alex Caceres vs. Chase Hooper,Alex Caceres,176.0
2020-06-06,UFC 250: Nunes vs. Spencer,Alex Caceres vs. Chase Hooper,Chase Hooper,-176.0
2021-10-23,UFC Fight Night: Costa vs. Vettori,Alex Caceres vs. SeungWoo Choi,Alex Caceres,-240.0
2021-10-23,UFC Fight Night: Costa vs. Vettori,Alex Caceres vs. SeungWoo Choi,SeungWoo Choi,240.0
2021-09-04,UFC Fight Night: Brunson vs. Till,Alex Morono vs. David Zawada,Alex Morono,-176.0
2021-09-04,UFC Fight Night: Brunson vs. Till,Alex Morono vs. David Zawada,David Zawada,176.0
2021-12-04,UFC Fight Night: Font vs. Aldo,Alex Morono vs. Mickey Gall,Alex Morono,-176.0
2021-12-04,UFC Fight Night: Font vs. Aldo,Alex Morono vs. Mickey Gall,Mickey Gall,176.0
2020-11-14,UFC Fight Night: Felder vs. Dos Anjos,Alex Morono vs. Rhys McKee,Alex Morono,-240.0
2020-11-14,UFC Fight Night: Felder vs. Dos Anjos,Alex Morono vs. Rhys McKee,Rhys McKee,240.0
2020-03-07,UFC 248: Adesanya vs. Romero,Alex Oliveira vs. Max Griffin,Alex Oliveira,-240.0
2020-03-07,UFC 248: Adesanya vs. Romero,Alex Oliveira vs. Max Griffin,Max Griffin,240.0
2021-10-02,UFC Fight Night: Santos vs. Walker,Alex Oliveira vs. Niko Price,Alex Oliveira,-176.0
2021-10-02,UFC Fight Night: Santos vs. Walker,Alex Oliveira vs. Niko Price,Niko Price,176.0
2020-07-25,UFC Fight Night: Whittaker vs. Till,Alex Oliveira vs. Peter Sobotta,Alex Oliveira,-279.0
2020-07-25,UFC Fight Night: Whittaker vs. Till,Alex Oliveira vs. Peter Sobotta,Peter Sobotta,279.0
2021-04-24,UFC 261: Usman vs. Masvidal 2,Alex Oliveira vs. Randy Brown,Alex Oliveira,-100.0
2021-04-24,UFC 261: Usman vs. Masvidal 2,Alex Oliveira vs. Randy Brown,Randy Brown,-100.0
2022-03-12,UFC Fight Night: Santos vs. Ankalaev,Alex Pereira vs. Bruno Silva,Alex Pereira,-125.0
2022-03-12,UFC Fight Night: Santos vs. Ankalaev,Alex Pereira vs. Bruno Silva,Bruno Silva,125.0
2020-05-13,UFC Fight Night: Smith vs. Teixeira,Alexander Hernandez vs. Drew Dober,Alexander Hernandez,-127.0
2020-05-13,UFC Fight Night: Smith vs. Teixeira,Alexander Hernandez vs. Drew Dober,Drew Dober,127.0
2022-02-12,UFC 271: Adesanya vs. Whittaker 2,Alexander Hernandez vs. Renato Moicano,Alexander Hernandez,-176.0
2022-02-12,UFC 271: Adesanya vs. Whittaker 2,Alexander Hernandez vs. Renato Moicano,Renato Moicano,176.0
2021-02-27,UFC Fight Night: Rozenstruik vs. Gane,Alexander Hernandez vs. Thiago Moises,Alexander Hernandez,-136.0
2021-02-27,UFC Fight Night: Rozenstruik vs. Gane,Alexander Hernandez vs. Thiago Moises,Thiago Moises,136.0
2022-04-09,UFC 273: Volkanovski vs. The Korean Zombie,Alexander Volkanovski vs. Chan Sung Jung,Alexander Volkanovski,-279.0
2022-04-09,UFC 273: Volkanovski vs. The Korean Zombie,Alexander Volkanovski vs. Chan Sung Jung,Chan Sung Jung,279.0
2020-07-11,UFC 251: Usman vs. Masvidal,Alexander Volkanovski vs. Max Holloway,Alexander Volkanovski,166.0
2020-07-11,UFC 251: Usman vs. Masvidal,Alexander Volkanovski vs. Max Holloway,Max Holloway,-135.0
2022-07-02,UFC 276: Adesanya vs. Cannonier,Alexander Volkanovski vs. Max Holloway,Alexander Volkanovski,121.0
2022-07-02,UFC 276: Adesanya vs. Cannonier,Alexander Volkanovski vs. Max Holloway,Max Holloway,121.0
2022-06-04,UFC Fight Night: Volkov vs. Rozenstruik,Alexander Volkov vs. Jairzinho Rozenstruik,Alexander Volkov,-127.0
2022-06-04,UFC Fight Night: Volkov vs. Rozenstruik,Alexander Volkov vs. Jairzinho Rozenstruik,Jairzinho Rozenstruik,127.0
2021-10-30,UFC 267: Blachowicz vs. Teixeira,Alexander Volkov vs. Marcin Tybura,Alexander Volkov,-100.0
2021-10-30,UFC 267: Blachowicz vs. Teixeira,Alexander Volkov vs. Marcin Tybura,Marcin Tybura,-100.0
2022-03-19,UFC Fight Night: Volkov vs. Aspinall,Alexander Volkov vs. Tom Aspinall,Alexander Volkov,170.0
2022-03-19,UFC Fight Night: Volkov vs. Aspinall,Alexander Volkov vs. Tom Aspinall,Tom Aspinall,-170.0
2020-10-24,UFC 254: Khabib vs. Gaethje,Alexander Volkov vs. Walt Harris,Alexander Volkov,-279.0
2020-10-24,UFC 254: Khabib vs. Gaethje,Alexander Volkov vs. Walt Harris,Walt Harris,279.0
2022-04-30,UFC Fight Night: Font vs. Vera,Alexandr Romanov vs. Chase Sherman,Alexandr Romanov,-300.0
2022-04-30,UFC Fight Night: Font vs. Vera,Alexandr Romanov vs. Chase Sherman,Chase Sherman,300.0
2021-10-09,UFC Fight Night: Dern vs. Rodriguez,Alexandr Romanov vs. Jared Vanderaa,Alexandr Romanov,-176.0
2021-10-09,UFC Fight Night: Dern vs. Rodriguez,Alexandr Romanov vs. Jared Vanderaa,Jared Vanderaa,176.0
2021-04-17,UFC Fight Night: Whittaker vs. Gastelum,Alexandr Romanov vs. Juan Espino,Alexandr Romanov,176.0
2021-04-17,UFC Fight Night: Whittaker vs. Gastelum,Alexandr Romanov vs. Juan Espino,Juan Espino,-176.0
2020-11-07,UFC Fight Night: Santos vs. Teixeira,Alexandr Romanov vs. Marcos Rogerio de Lima,Alexandr Romanov,-127.0
2020-11-07,UFC Fight Night: Santos vs. Teixeira,Alexandr Romanov vs. Marcos Rogerio de Lima,Marcos Rogerio de Lima,127.0
2020-07-18,UFC Fight Night: Figueiredo vs. Benavidez 2,Alexandre Pantoja vs. Askar Askarov,Alexandre Pantoja,-136.0
2020-07-18,UFC Fight Night: Figueiredo vs. Benavidez 2,Alexandre Pantoja vs. Askar Askarov,Askar Askarov,136.0
2021-08-21,UFC Fight Night: Cannonier vs. Gastelum,Alexandre Pantoja vs. Brandon Royval,Alexandre Pantoja,-127.0
2021-08-21,UFC Fight Night: Cannonier vs. Gastelum,Alexandre Pantoja vs. Brandon Royval,Brandon Royval,127.0
2020-10-10,UFC Fight Night: Moraes vs. Sandhagen,Ali AlQaisi vs. Tony Kelley,Ali AlQaisi,-176.0
2020-10-10,UFC Fight Night: Moraes vs. Sandhagen,Ali AlQaisi vs. Tony Kelley,Tony Kelley,176.0
2021-02-06,UFC Fight Night: Overeem vs. Volkov,Alistair Overeem vs. Alexander Volkov,Alistair Overeem,171.0
2021-02-06,UFC Fight Night: Overeem vs. Volkov,Alistair Overeem vs. Alexander Volkov,Alexander Volkov,-171.0
2020-09-05,UFC Fight Night: Overeem vs. Sakai,Alistair Overeem vs. Augusto Sakai,Alistair Overeem,-100.0
2020-09-05,UFC Fight Night: Overeem vs. Sakai,Alistair Overeem vs. Augusto Sakai,Augusto Sakai,-100.0
2020-05-16,UFC Fight Night: Overeem vs. Harris,Alistair Overeem vs. Walt Harris,Alistair Overeem,-100.0
2020-05-16,UFC Fight Night: Overeem vs. Harris,Alistair Overeem vs. Walt Harris,Walt Harris,-100.0
2020-06-06,UFC 250: Nunes vs. Spencer,Alonzo Menifield vs. Devin Clark,Alonzo Menifield,127.0
2020-06-06,UFC 250: Nunes vs. Spencer,Alonzo Menifield vs. Devin Clark,Devin Clark,-127.0
2021-08-07,UFC 265: Lewis vs. Gane,Alonzo Menifield vs. Ed Herman,Alonzo Menifield,-176.0
2021-08-07,UFC 265: Lewis vs. Gane,Alonzo Menifield vs. Ed Herman,Ed Herman,176.0
2021-12-04,UFC Fight Night: Font vs. Aldo,Alonzo Menifield vs. William Knight,Alonzo Menifield,-170.0
2021-12-04,UFC Fight Night: Font vs. Aldo,Alonzo Menifield vs. William Knight,William Knight,170.0
2021-01-23,UFC 257: Poirier vs. McGregor,Amir Albazi vs. Zhalgas Zhumagulov,Amir Albazi,-240.0
2021-01-23,UFC 257: Poirier vs. McGregor,Amir Albazi vs. Zhalgas Zhumagulov,Zhalgas Zhumagulov,240.0
2021-02-13,UFC 258: Usman vs. Burns,Andre Ewell vs. Chris Gutierrez,Andre Ewell,104.0
2021-02-13,UFC 258: Usman vs. Burns,Andre Ewell vs. Chris Gutierrez,Chris Gutierrez,-104.0
2020-09-19,UFC Fight Night: Covington vs. Woodley,Andre Ewell vs. Irwin Rivera,Andre Ewell,-170.0
2020-09-19,UFC Fight Night: Covington vs. Woodley,Andre Ewell vs. Irwin Rivera,Irwin Rivera,170.0
2022-06-11,UFC 275: Teixeira vs. Prochazka,Andre Fialho vs. Jake Matthews,Andre Fialho,170.0
2022-06-11,UFC 275: Teixeira vs. Prochazka,Andre Fialho vs. Jake Matthews,Jake Matthews,-170.0
2020-06-13,UFC Fight Night: Eye vs. Calvillo,Andre Fili vs. Charles Jourdain,Andre Fili,-153.0
2020-06-13,UFC Fight Night: Eye vs. Calvillo,Andre Fili vs. Charles Jourdain,Charles Jourdain,153.0
2022-04-30,UFC Fight Night: Font vs. Vera,Andre Fili vs. Joanderson Brito,Andre Fili,-100.0
2022-04-30,UFC Fight Night: Font vs. Vera,Andre Fili vs. Joanderson Brito,Joanderson Brito,-100.0
2020-09-05,UFC Fight Night: Overeem vs. Sakai,Andre Muniz vs. Bartosz Fabinski,Andre Muniz,176.0
2020-09-05,UFC Fight Night: Overeem vs. Sakai,Andre Muniz vs. Bartosz Fabinski,Bartosz Fabinski,-176.0
2021-12-11,UFC 269: Oliveira vs. Poirier,Andre Muniz vs. Eryk Anders,Andre Muniz,-151.0
2021-12-11,UFC 269: Oliveira vs. Poirier,Andre Muniz vs. Eryk Anders,Eryk Anders,151.0
2021-05-01,UFC Fight Night: Reyes vs. Prochazka,Andreas Michailidis vs. KB Bhullar,Andreas Michailidis,-158.0
2021-05-01,UFC Fight Night: Reyes vs. Prochazka,Andreas Michailidis vs. KB Bhullar,KB Bhullar,158.0
2021-10-16,UFC Fight Night: Ladd vs. Dumont,Andrei Arlovski vs. Carlos Felipe,Andrei Arlovski,170.0
2021-10-16,UFC Fight Night: Ladd vs. Dumont,Andrei Arlovski vs. Carlos Felipe,Carlos Felipe,-170.0
2021-04-17,UFC Fight Night: Whittaker vs. Gastelum,Andrei Arlovski vs. Chase Sherman,Andrei Arlovski,127.0
2021-04-17,UFC Fight Night: Whittaker vs. Gastelum,Andrei Arlovski vs. Chase Sherman,Chase Sherman,-127.0
2022-04-30,UFC Fight Night: Font vs. Vera,Andrei Arlovski vs. Jake Collier,Andrei Arlovski,176.0
2022-04-30,UFC Fight Night: Font vs. Vera,Andrei Arlovski vs. Jake Collier,Jake Collier,-176.0
2022-02-12,UFC 271: Adesanya vs. Whittaker 2,Andrei Arlovski vs. Jared Vanderaa,Andrei Arlovski,127.0
2022-02-12,UFC 271: Adesanya vs. Whittaker 2,Andrei Arlovski vs. Jared Vanderaa,Jared Vanderaa,-127.0
2020-11-07,UFC Fight Night: Santos vs. Teixeira,Andrei Arlovski vs. Tanner Boser,Andrei Arlovski,176.0
2020-11-07,UFC Fight Night: Santos vs. Teixeira,Andrei Arlovski vs. Tanner Boser,Tanner Boser,-176.0
2021-02-20,UFC Fight Night: Blaydes vs. Lewis,Andrei Arlovski vs. Tom Aspinall,Andrei Arlovski,
2021-02-20,UFC Fight Night: Blaydes vs. Lewis,Andrei Arlovski vs. Tom Aspinall,Tom Aspinall,
2021-10-16,UFC Fight Night: Ladd vs. Dumont,Andrew Sanchez vs. Bruno Silva,Andrew Sanchez,-170.0
2021-10-16,UFC Fight Night: Ladd vs. Dumont,Andrew Sanchez vs. Bruno Silva,Bruno Silva,170.0
2021-01-23,UFC 257: Poirier vs. McGregor,Andrew Sanchez vs. Makhmud Muradov,Andrew Sanchez,-127.0
2021-01-23,UFC 257: Poirier vs. McGregor,Andrew Sanchez vs. Makhmud Muradov,Makhmud Muradov,127.0
2020-08-08,UFC Fight Night: Lewis vs. Oleinik,Andrew Sanchez vs. Wellington Turman,Andrew Sanchez,-100.0
2020-08-08,UFC Fight Night: Lewis vs. Oleinik,Andrew Sanchez vs. Wellington Turman,Wellington Turman,-100.0
2020-05-16,UFC Fight Night: Overeem vs. Harris,Anthony Hernandez vs. Kevin Holland,Anthony Hernandez,120.0
2020-05-16,UFC Fight Night: Overeem vs. Harris,Anthony Hernandez vs. Kevin Holland,Kevin Holland,-120.0
2020-12-19,UFC Fight Night: Thompson vs. Neal,Anthony Pettis vs. Alex Morono,Anthony Pettis,176.0
2020-12-19,UFC Fight Night: Thompson vs. Neal,Anthony Pettis vs. Alex Morono,Alex Morono,-176.0
2020-05-09,UFC 249: Ferguson vs. Gaethje,Anthony Pettis vs. Donald Cerrone,Anthony Pettis,125.0
2020-05-09,UFC 249: Ferguson vs. Gaethje,Anthony Pettis vs. Donald Cerrone,Donald Cerrone,-125.0
2020-08-29,UFC Fight Night: Smith vs. Rakic,Anthony Smith vs. Aleksandar Rakic,Anthony Smith,279.0
2020-08-29,UFC Fight Night: Smith vs. Rakic,Anthony Smith vs. Aleksandar Rakic,Aleksandar Rakic,-279.0
2020-11-28,UFC Fight Night: Smith vs. Clark,Anthony Smith vs. Devin Clark,Anthony Smith,176.0
2020-11-28,UFC Fight Night: Smith vs. Clark,Anthony Smith vs. Devin Clark,Devin Clark,-176.0
2020-05-13,UFC Fight Night: Smith vs. Teixeira,Anthony Smith vs. Glover Teixeira,Anthony Smith,-127.0
2020-05-13,UFC Fight Night: Smith vs. Teixeira,Anthony Smith vs. Glover Teixeira,Glover Teixeira,127.0
2021-04-24,UFC 261: Usman vs. Masvidal 2,Anthony Smith vs. Jimmy Crute,Anthony Smith,268.0
2021-04-24,UFC 261: Usman vs. Masvidal 2,Anthony Smith vs. Jimmy Crute,Jimmy Crute,-268.0
2021-09-18,UFC Fight Night: Smith vs. Spann,Anthony Smith vs. Ryan Spann,Anthony Smith,134.0
2021-09-18,UFC Fight Night: Smith vs. Spann,Anthony Smith vs. Ryan Spann,Ryan Spann,-134.0
2022-04-23,UFC Fight Night: Lemos vs. Andrade,Aoriqileng vs. Cameron Else,Aoriqileng,-176.0
2022-04-23,UFC Fight Night: Lemos vs. Andrade,Aoriqileng vs. Cameron Else,Cameron Else,176.0
2021-09-18,UFC Fight Night: Smith vs. Spann,Arman Tsarukyan vs. Christos Giagos,Arman Tsarukyan,-279.0
2021-09-18,UFC Fight Night: Smith vs. Spann,Arman Tsarukyan vs. Christos Giagos,Christos Giagos,279.0
2022-02-26,UFC Fight Night: Makhachev vs. Green,Arman Tsarukyan vs. Joel Alvarez,Arman Tsarukyan,-176.0
2022-02-26,UFC Fight Night: Makhachev vs. Green,Arman Tsarukyan vs. Joel Alvarez,Joel Alvarez,176.0
2022-06-25,UFC Fight Night: Tsarukyan vs. Gamrot,Arman Tsarukyan vs. Mateusz Gamrot,Arman Tsarukyan,-153.0
2022-06-25,UFC Fight Night: Tsarukyan vs. Gamrot,Arman Tsarukyan vs. Mateusz Gamrot,Mateusz Gamrot,153.0
2021-01-23,UFC 257: Poirier vs. McGregor,Arman Tsarukyan vs. Matt Frevola,Arman Tsarukyan,-279.0
2021-01-23,UFC 257: Poirier vs. McGregor,Arman Tsarukyan vs. Matt Frevola,Matt Frevola,279.0
2022-03-19,UFC Fight Night: Volkov vs. Aspinall,Arnold Allen vs. Dan Hooker,Arnold Allen,100.0
2022-03-19,UFC Fight Night: Volkov vs. Aspinall,Arnold Allen vs. Dan Hooker,Dan Hooker,-100.0
2021-04-10,UFC Fight Night: Vettori vs. Holland,Arnold Allen vs. Sodiq Yusuff,Arnold Allen,-127.0
2021-04-10,UFC Fight Night: Vettori vs. Holland,Arnold Allen vs. Sodiq Yusuff,Sodiq Yusuff,127.0
2022-03-26,UFC Fight Night: Blaydes vs. Daukaus,Askar Askarov vs. Kai Kara-France,Askar Askarov,-100.0
2022-03-26,UFC Fight Night: Blaydes vs. Daukaus,Askar Askarov vs. Kai Kara-France,Kai Kara-France,-100.0
2021-12-11,UFC 269: Oliveira vs. Poirier,Augusto Sakai vs. Tai Tuivasa,Augusto Sakai,-100.0
2021-12-11,UFC 269: Oliveira vs. Poirier,Augusto Sakai vs. Tai Tuivasa,Tai Tuivasa,-100.0
2020-08-22,UFC Fight Night: Munhoz vs. Edgar,Austin Hubbard vs. Joe Solecki,Austin Hubbard,127.0
2020-08-22,UFC Fight Night: Munhoz vs. Edgar,Austin Hubbard vs. Joe Solecki,Joe Solecki,-127.0
2021-08-21,UFC Fight Night: Cannonier vs. Gastelum,Austin Lingo vs. Luis Saldana,Austin Lingo,-170.0
2021-08-21,UFC Fight Night: Cannonier vs. Gastelum,Austin Lingo vs. Luis Saldana,Luis Saldana,170.0
2021-04-17,UFC Fight Night: Whittaker vs. Gastelum,Bartosz Fabinski vs. Gerald Meerschaert,Bartosz Fabinski,-176.0
2021-04-17,UFC Fight Night: Whittaker vs. Gastelum,Bartosz Fabinski vs. Gerald Meerschaert,Gerald Meerschaert,176.0
2021-10-16,UFC Fight Night: Ladd vs. Dumont,Batgerel Danaa vs. Brandon Davis,Batgerel Danaa,-176.0
2021-10-16,UFC Fight Night: Ladd vs. Dumont,Batgerel Danaa vs. Brandon Davis,Brandon Davis,176.0
2020-03-07,UFC 248: Adesanya vs. Romero,Batgerel Danaa vs. Guido Cannetti,Batgerel Danaa,-150.0
2020-03-07,UFC 248: Adesanya vs. Romero,Batgerel Danaa vs. Guido Cannetti,Guido Cannetti,150.0
2021-04-24,UFC 261: Usman vs. Masvidal 2,Batgerel Danaa vs. Kevin Natividad,Batgerel Danaa,-127.0
2021-04-24,UFC 261: Usman vs. Masvidal 2,Batgerel Danaa vs. Kevin Natividad,Kevin Natividad,127.0
2021-02-13,UFC 258: Usman vs. Burns,Belal Muhammad vs. Dhiego Lima,Belal Muhammad,-176.0
2021-02-13,UFC 258: Usman vs. Burns,Belal Muhammad vs. Dhiego Lima,Dhiego Lima,176.0
2020-06-20,UFC Fight Night: Blaydes vs. Volkov,Belal Muhammad vs. Lyman Good,Belal Muhammad,-127.0
2020-06-20,UFC Fight Night: Blaydes vs. Volkov,Belal Muhammad vs. Lyman Good,Lyman Good,127.0
2020-10-10,UFC Fight Night: Moraes vs. Sandhagen,Ben Rothwell vs. Marcin Tybura,Ben Rothwell,279.0
2020-10-10,UFC Fight Night: Moraes vs. Sandhagen,Ben Rothwell vs. Marcin Tybura,Marcin Tybura,-279.0
2021-11-13,UFC Fight Night: Holloway vs. Rodriguez,Ben Rothwell vs. Marcos Rogerio de Lima,Ben Rothwell,279.0
2021-11-13,UFC Fight Night: Holloway vs. Rodriguez,Ben Rothwell vs. Marcos Rogerio de Lima,Marcos Rogerio de Lima,-279.0
2020-05-13,UFC Fight Night: Smith vs. Teixeira,Ben Rothwell vs. Ovince Saint Preux,Ben Rothwell,-100.0
2020-05-13,UFC Fight Night: Smith vs. Teixeira,Ben Rothwell vs. Ovince Saint Preux,Ovince Saint Preux,-100.0
2020-03-07,UFC 248: Adesanya vs. Romero,Beneil Dariush vs. Drakkar Klose,Beneil Dariush,-176.0
2020-03-07,UFC 248: Adesanya vs. Romero,Beneil Dariush vs. Drakkar Klose,Drakkar Klose,176.0
2020-08-08,UFC Fight Night: Lewis vs. Oleinik,Beneil Dariush vs. Scott Holtzman,Beneil Dariush,-100.0
2020-08-08,UFC Fight Night: Lewis vs. Oleinik,Beneil Dariush vs. Scott Holtzman,Scott Holtzman,-100.0
2020-09-12,UFC Fight Night: Waterson vs. Hill,Billy Quarantillo vs. Kyle Nelson,Billy Quarantillo,-141.0
2020-09-12,UFC Fight Night: Waterson vs. Hill,Billy Quarantillo vs. Kyle Nelson,Kyle Nelson,141.0
2020-05-30,UFC Fight Night: Woodley vs. Burns,Billy Quarantillo vs. Spike Carlyle,Billy Quarantillo,158.0
2020-05-30,UFC Fight Night: Woodley vs. Burns,Billy Quarantillo vs. Spike Carlyle,Spike Carlyle,-158.0
2020-05-30,UFC Fight Night: Woodley vs. Burns,Blagoy Ivanov vs. Augusto Sakai,Blagoy Ivanov,170.0
2020-05-30,UFC Fight Night: Woodley vs. Burns,Blagoy Ivanov vs. Augusto Sakai,Augusto Sakai,-170.0
2022-05-07,UFC 274: Oliveira vs. Gaethje,Blagoy Ivanov vs. Marcos Rogerio de Lima,Blagoy Ivanov,197.0
2022-05-07,UFC 274: Oliveira vs. Gaethje,Blagoy Ivanov vs. Marcos Rogerio de Lima,Marcos Rogerio de Lima,-197.0
2020-09-26,UFC 253: Adesanya vs. Costa,Brad Riddell vs. Alex Da Silva,Brad Riddell,-151.0
2020-09-26,UFC 253: Adesanya vs. Costa,Brad Riddell vs. Alex Da Silva,Alex Da Silva,151.0
2022-07-02,UFC 276: Adesanya vs. Cannonier,Brad Riddell vs. Jalin Turner,Brad Riddell,127.0
2022-07-02,UFC 276: Adesanya vs. Cannonier,Brad Riddell vs. Jalin Turner,Jalin Turner,-127.0
2020-02-22,UFC Fight Night: Felder vs. Hooker,Brad Riddell vs. Magomed Mustafaev,Brad Riddell,-176.0
2020-02-22,UFC Fight Night: Felder vs. Hooker,Brad Riddell vs. Magomed Mustafaev,Magomed Mustafaev,176.0
2021-12-04,UFC Fight Night: Font vs. Aldo,Brad Riddell vs. Rafael Fiziev,Brad Riddell,-153.0
2021-12-04,UFC Fight Night: Font vs. Aldo,Brad Riddell vs. Rafael Fiziev,Rafael Fiziev,153.0
2021-01-23,UFC 257: Poirier vs. McGregor,Brad Tavares vs. Antonio Carlos Junior,Brad Tavares,127.0
2021-01-23,UFC 257: Poirier vs. McGregor,Brad Tavares vs. Antonio Carlos Junior,Antonio Carlos Junior,-127.0
2022-07-02,UFC 276: Adesanya vs. Cannonier,Brad Tavares vs. Dricus Du Plessis,Brad Tavares,167.0
2022-07-02,UFC 276: Adesanya vs. Cannonier,Brad Tavares vs. Dricus Du Plessis,Dricus Du Plessis,-167.0
2020-11-21,UFC 255: Figueiredo vs. Perez,Brandon Moreno vs. Brandon Royval,Brandon Moreno,-176.0
2020-11-21,UFC 255: Figueiredo vs. Perez,Brandon Moreno vs. Brandon Royval,Brandon Royval,176.0
2022-01-22,UFC 270: Ngannou vs. Gane,Brandon Moreno vs. Deiveson Figueiredo,Brandon Moreno,-170.0
2022-01-22,UFC 270: Ngannou vs. Gane,Brandon Moreno vs. Deiveson Figueiredo,Deiveson Figueiredo,170.0
2022-05-07,UFC 274: Oliveira vs. Gaethje,Brandon Royval vs. Matt Schnell,Brandon Royval,-127.0
2022-05-07,UFC 274: Oliveira vs. Gaethje,Brandon Royval vs. Matt Schnell,Matt Schnell,127.0
2022-01-15,UFC Fight Night: Kattar vs. Chikadze,Brandon Royval vs. Rogerio Bontorin,Brandon Royval,-170.0
2022-01-15,UFC Fight Night: Kattar vs. Chikadze,Brandon Royval vs. Rogerio Bontorin,Rogerio Bontorin,170.0
2021-12-04,UFC Fight Night: Font vs. Aldo,Brendan Allen vs. Chris Curtis,Brendan Allen,-279.0
2021-12-04,UFC Fight Night: Font vs. Aldo,Brendan Allen vs. Chris Curtis,Chris Curtis,279.0
2022-06-11,UFC 275: Teixeira vs. Prochazka,Brendan Allen vs. Jacob Malkoun,Brendan Allen,-100.0
2022-06-11,UFC 275: Teixeira vs. Prochazka,Brendan Allen vs. Jacob Malkoun,Jacob Malkoun,-100.0
2020-11-14,UFC Fight Night: Felder vs. Dos Anjos,Brendan Allen vs. Sean Strickland,Brendan Allen,141.0
2020-11-14,UFC Fight Night: Felder vs. Dos Anjos,Brendan Allen vs. Sean Strickland,Sean Strickland,-141.0
2020-02-29,UFC Fight Night: Benavidez vs. Figueiredo,Brendan Allen vs. Tom Breese,Brendan Allen,127.0
2020-02-29,UFC Fight Night: Benavidez vs. Figueiredo,Brendan Allen vs. Tom Breese,Tom Breese,-127.0
2020-07-18,UFC Fight Night: Figueiredo vs. Benavidez 2,Brett Johns vs. Montel Jackson,Brett Johns,-100.0
2020-07-18,UFC Fight Night: Figueiredo vs. Benavidez 2,Brett Johns vs. Montel Jackson,Montel Jackson,-100.0
2021-08-21,UFC Fight Night: Cannonier vs. Gastelum,Brian Kelleher vs. Domingo Pilarte,Brian Kelleher,170.0
2021-08-21,UFC Fight Night: Cannonier vs. Gastelum,Brian Kelleher vs. Domingo Pilarte,Domingo Pilarte,-170.0
2022-01-15,UFC Fight Night: Kattar vs. Chikadze,Brian Kelleher vs. Kevin Croom,Brian Kelleher,-100.0
2022-01-15,UFC Fight Night: Kattar vs. Chikadze,Brian Kelleher vs. Kevin Croom,Kevin Croom,-100.0
2022-06-25,UFC Fight Night: Tsarukyan vs. Gamrot,Brian Kelleher vs. Mario Bautista,Brian Kelleher,279.0
2022-06-25,UFC Fight Night: Tsarukyan vs. Gamrot,Brian Kelleher vs. Mario Bautista,Mario Bautista,-279.0
2022-03-05,UFC 272: Covington vs. Masvidal,Brian Kelleher vs. Umar Nurmagomedov,Brian Kelleher,
2022-03-05,UFC 272: Covington vs. Masvidal,Brian Kelleher vs. Umar Nurmagomedov,Umar Nurmagomedov,
2021-05-22,UFC Fight Night: Font vs. Garbrandt,Bruno Silva vs. Victor Rodriguez,Bruno Silva,-176.0
2021-05-22,UFC Fight Night: Font vs. Garbrandt,Bruno Silva vs. Victor Rodriguez,Victor Rodriguez,176.0
2020-09-12,UFC Fight Night: Waterson vs. Hill,Bryan Barberena vs. Anthony Ivy,Bryan Barberena,-170.0
2020-09-12,UFC Fight Night: Waterson vs. Hill,Bryan Barberena vs. Anthony Ivy,Anthony Ivy,170.0
2020-10-31,UFC Fight Night: Hall vs. Silva,Bryce Mitchell vs. Andre Fili,Bryce Mitchell,-176.0
2020-10-31,UFC Fight Night: Hall vs. Silva,Bryce Mitchell vs. Andre Fili,Andre Fili,176.0
2020-05-09,UFC 249: Ferguson vs. Gaethje,Bryce Mitchell vs. Charles Rosa,Bryce Mitchell,-240.0
2020-05-09,UFC 249: Ferguson vs. Gaethje,Bryce Mitchell vs. Charles Rosa,Charles Rosa,240.0
2020-02-22,UFC Fight Night: Felder vs. Hooker,Callan Potter vs. Song Kenan,Callan Potter,136.0
2020-02-22,UFC Fight Night: Felder vs. Hooker,Callan Potter vs. Song Kenan,Song Kenan,-136.0
2020-07-15,UFC Fight Night: Kattar vs. Ige,Calvin Kattar vs. Dan Ige,Calvin Kattar,176.0
2020-07-15,UFC Fight Night: Kattar vs. Ige,Calvin Kattar vs. Dan Ige,Dan Ige,-176.0
2022-01-15,UFC Fight Night: Kattar vs. Chikadze,Calvin Kattar vs. Giga Chikadze,Calvin Kattar,268.0
2022-01-15,UFC Fight Night: Kattar vs. Chikadze,Calvin Kattar vs. Giga Chikadze,Giga Chikadze,-268.0
2022-06-18,UFC Fight Night: Kattar vs. Emmett,Calvin Kattar vs. Josh Emmett,Calvin Kattar,-158.0
2022-06-18,UFC Fight Night: Kattar vs. Emmett,Calvin Kattar vs. Josh Emmett,Josh Emmett,158.0
2020-10-03,UFC Fight Night: Holm vs. Aldana,Carlos Condit vs. Court McGee,Carlos Condit,-153.0
2020-10-03,UFC Fight Night: Holm vs. Aldana,Carlos Condit vs. Court McGee,Court McGee,153.0
2021-01-16,UFC Fight Night: Holloway vs. Kattar,Carlos Condit vs. Matt Brown,Carlos Condit,-100.0
2021-01-16,UFC Fight Night: Holloway vs. Kattar,Carlos Condit vs. Matt Brown,Matt Brown,-100.0
2021-07-10,UFC 264: Poirier vs. McGregor 3,Carlos Condit vs. Max Griffin,Carlos Condit,-100.0
2021-07-10,UFC 264: Poirier vs. McGregor 3,Carlos Condit vs. Max Griffin,Max Griffin,-100.0
2021-06-12,UFC 263: Adesanya vs. Vettori 2,Carlos Felipe vs. Jake Collier,Carlos Felipe,-153.0
2021-06-12,UFC 263: Adesanya vs. Vettori 2,Carlos Felipe vs. Jake Collier,Jake Collier,153.0
2021-01-16,UFC Fight Night: Holloway vs. Kattar,Carlos Felipe vs. Justin Tafa,Carlos Felipe,127.0
2021-01-16,UFC Fight Night: Holloway vs. Kattar,Carlos Felipe vs. Justin Tafa,Justin Tafa,-127.0
2022-02-12,UFC 271: Adesanya vs. Whittaker 2,Carlos Ulberg vs. Fabio Cherant,Carlos Ulberg,-100.0
2022-02-12,UFC 271: Adesanya vs. Whittaker 2,Carlos Ulberg vs. Fabio Cherant,Fabio Cherant,-100.0
2022-06-25,UFC Fight Night: Tsarukyan vs. Gamrot,Carlos Ulberg vs. Tafon Nchukwi,Carlos Ulberg,153.0
2022-06-25,UFC Fight Night: Tsarukyan vs. Gamrot,Carlos Ulberg vs. Tafon Nchukwi,Tafon Nchukwi,-153.0
2020-10-03,UFC Fight Night: Holm vs. Aldana,Casey Kenney vs. Alatengheili,Casey Kenney,-176.0
2020-10-03,UFC Fight Night: Holm vs. Aldana,Casey Kenney vs. Alatengheili,Alatengheili,176.0
2021-06-19,UFC Fight Night: Jung vs. Ige,Chan Sung Jung vs. Dan Ige,Chan Sung Jung,170.0
2021-06-19,UFC Fight Night: Jung vs. Ige,Chan Sung Jung vs. Dan Ige,Dan Ige,-170.0
2020-06-06,UFC 250: Nunes vs. Spencer,Charles Byrd vs. Maki Pitolo,Charles Byrd,127.0
2020-06-06,UFC 250: Nunes vs. Spencer,Charles Byrd vs. Maki Pitolo,Maki Pitolo,-127.0
2021-12-18,UFC Fight Night: Lewis vs. Daukaus,Charles Jourdain vs. Andre Ewell,Charles Jourdain,-106.0
2021-12-18,UFC Fight Night: Lewis vs. Daukaus,Charles Jourdain vs. Andre Ewell,Andre Ewell,106.0
2020-10-03,UFC Fight Night: Holm vs. Aldana,Charles Jourdain vs. Josh Culibao,Charles Jourdain,-176.0
2020-10-03,UFC Fight Night: Holm vs. Aldana,Charles Jourdain vs. Josh Culibao,Josh Culibao,176.0
2021-12-11,UFC 269: Oliveira vs. Poirier,Charles Oliveira vs. Dustin Poirier,Charles Oliveira,-100.0
2021-12-11,UFC 269: Oliveira vs. Poirier,Charles Oliveira vs. Dustin Poirier,Dustin Poirier,-100.0
2022-05-07,UFC 274: Oliveira vs. Gaethje,Charles Oliveira vs. Justin Gaethje,Charles Oliveira,-240.0
2022-05-07,UFC 274: Oliveira vs. Gaethje,Charles Oliveira vs. Justin Gaethje,Justin Gaethje,240.0
2021-05-15,UFC 262: Oliveira vs. Chandler,Charles Oliveira vs. Michael Chandler,Charles Oliveira,
2021-05-15,UFC 262: Oliveira vs. Chandler,Charles Oliveira vs. Michael Chandler,Michael Chandler,
2021-10-09,UFC Fight Night: Dern vs. Rodriguez,Charles Rosa vs. Damon Jackson,Charles Rosa,-170.0
2021-10-09,UFC Fight Night: Dern vs. Rodriguez,Charles Rosa vs. Damon Jackson,Damon Jackson,170.0
2021-02-20,UFC Fight Night: Blaydes vs. Lewis,Charles Rosa vs. Darrick Minner,Charles Rosa,127.0
2021-02-20,UFC Fight Night: Blaydes vs. Lewis,Charles Rosa vs. Darrick Minner,Darrick Minner,-127.0
2021-06-26,UFC Fight Night: Gane vs. Volkov,Charles Rosa vs. Justin Jaynes,Charles Rosa,-100.0
2021-06-26,UFC Fight Night: Gane vs. Volkov,Charles Rosa vs. Justin Jaynes,Justin Jaynes,-100.0
2020-06-13,UFC Fight Night: Eye vs. Calvillo,Charles Rosa vs. Kevin Aguilar,Charles Rosa,153.0
2020-06-13,UFC Fight Night: Eye vs. Calvillo,Charles Rosa vs. Kevin Aguilar,Kevin Aguilar,-153.0
2022-02-19,UFC Fight Night: Walker vs. Hill,Chas Skelly vs. Mark Striegl,Chas Skelly,-151.0
2022-02-19,UFC Fight Night: Walker vs. Hill,Chas Skelly vs. Mark Striegl,Mark Striegl,151.0
2022-05-21,UFC Fight Night: Holm vs. Vieira,Chase Hooper vs. Felipe Colares,Chase Hooper,-197.0
2022-05-21,UFC Fight Night: Holm vs. Vieira,Chase Hooper vs. Felipe Colares,Felipe Colares,197.0
2020-12-12,UFC 256: Figueiredo vs. Moreno,Chase Hooper vs. Peter Barrett,Chase Hooper,-279.0
2020-12-12,UFC 256: Figueiredo vs. Moreno,Chase Hooper vs. Peter Barrett,Peter Barrett,279.0
2021-06-12,UFC 263: Adesanya vs. Vettori 2,Chase Hooper vs. Steven Peterson,Chase Hooper,-279.0
2021-06-12,UFC 263: Adesanya vs. Vettori 2,Chase Hooper vs. Steven Peterson,Steven Peterson,279.0
2022-05-21,UFC Fight Night: Holm vs. Vieira,Chidi Njokuani vs. Dusko Todorovic,Chidi Njokuani,176.0
2022-05-21,UFC Fight Night: Holm vs. Vieira,Chidi Njokuani vs. Dusko Todorovic,Dusko Todorovic,-176.0
2022-06-25,UFC Fight Night: Tsarukyan vs. Gamrot,Chris Curtis vs. Rodolfo Vieira,Chris Curtis,158.0
2022-06-25,UFC Fight Night: Tsarukyan vs. Gamrot,Chris Curtis vs. Rodolfo Vieira,Rodolfo Vieira,-158.0
2020-10-10,UFC Fight Night: Moraes vs. Sandhagen,Chris Daukaus vs. Rodrigo Nascimento,Chris Daukaus,153.0
2020-10-10,UFC Fight Night: Moraes vs. Sandhagen,Chris Daukaus vs. Rodrigo Nascimento,Rodrigo Nascimento,-153.0
2020-10-31,UFC Fight Night: Hall vs. Silva,Chris Gruetzemacher vs. Alexander Hernandez,Chris Gruetzemacher,176.0
2020-10-31,UFC Fight Night: Hall vs. Silva,Chris Gruetzemacher vs. Alexander Hernandez,Alexander Hernandez,-176.0
2021-07-31,UFC Fight Night: Hall vs. Strickland,Chris Gruetzemacher vs. Rafa Garcia,Chris Gruetzemacher,153.0
2021-07-31,UFC Fight Night: Hall vs. Strickland,Chris Gruetzemacher vs. Rafa Garcia,Rafa Garcia,-153.0
2022-03-26,UFC Fight Night: Blaydes vs. Daukaus,Chris Gutierrez vs. Batgerel Danaa,Chris Gutierrez,-127.0
2022-03-26,UFC Fight Night: Blaydes vs. Daukaus,Chris Gutierrez vs. Batgerel Danaa,Batgerel Danaa,127.0
2021-10-09,UFC Fight Night: Dern vs. Rodriguez,Chris Gutierrez vs. Felipe Colares,Chris Gutierrez,-176.0
2021-10-09,UFC Fight Night: Dern vs. Rodriguez,Chris Gutierrez vs. Felipe Colares,Felipe Colares,176.0
2020-05-30,UFC Fight Night: Woodley vs. Burns,Chris Gutierrez vs. Vince Morales,Chris Gutierrez,-100.0
2020-05-30,UFC Fight Night: Woodley vs. Burns,Chris Gutierrez vs. Vince Morales,Vince Morales,-100.0
2021-05-15,UFC 262: Oliveira vs. Chandler,Christos Giagos vs. Sean Soriano,Christos Giagos,127.0
2021-05-15,UFC 262: Oliveira vs. Chandler,Christos Giagos vs. Sean Soriano,Sean Soriano,-127.0
2021-06-26,UFC Fight Night: Gane vs. Volkov,Ciryl Gane vs. Alexander Volkov,Ciryl Gane,-127.0
2021-06-26,UFC Fight Night: Gane vs. Volkov,Ciryl Gane vs. Alexander Volkov,Alexander Volkov,127.0
2021-12-04,UFC Fight Night: Font vs. Aldo,Claudio Puelles vs. Chris Gruetzemacher,Claudio Puelles,-170.0
2021-12-04,UFC Fight Night: Font vs. Aldo,Claudio Puelles vs. Chris Gruetzemacher,Chris Gruetzemacher,170.0
2021-06-05,UFC Fight Night: Rozenstruik vs. Sakai,Claudio Puelles vs. Jordan Leavitt,Claudio Puelles,176.0
2021-06-05,UFC Fight Night: Rozenstruik vs. Sakai,Claudio Puelles vs. Jordan Leavitt,Jordan Leavitt,-176.0
2020-10-17,UFC Fight Night: Ortega vs. The Korean Zombie,Claudio Silva vs. James Krause,Claudio Silva,170.0
2020-10-17,UFC Fight Night: Ortega vs. The Korean Zombie,Claudio Silva vs. James Krause,James Krause,-170.0
2022-04-23,UFC Fight Night: Lemos vs. Andrade,Clay Guida vs. Claudio Puelles,Clay Guida,176.0
2022-04-23,UFC Fight Night: Lemos vs. Andrade,Clay Guida vs. Claudio Puelles,Claudio Puelles,-176.0
2020-06-20,UFC Fight Night: Blaydes vs. Volkov,Clay Guida vs. King Green,Clay Guida,-100.0
2020-06-20,UFC Fight Night: Blaydes vs. Volkov,Clay Guida vs. King Green,King Green,-100.0
2021-12-04,UFC Fight Night: Font vs. Aldo,Clay Guida vs. Leonardo Santos,Clay Guida,127.0
2021-12-04,UFC Fight Night: Font vs. Aldo,Clay Guida vs. Leonardo Santos,Leonardo Santos,-127.0
2021-08-21,UFC Fight Night: Cannonier vs. Gastelum,Clay Guida vs. Mark Madsen,Clay Guida,170.0
2021-08-21,UFC Fight Night: Cannonier vs. Gastelum,Clay Guida vs. Mark Madsen,Mark Madsen,-170.0
2021-11-20,UFC Fight Night: Vieira vs. Tate,Cody Durden vs. Aoriqileng,Cody Durden,-100.0
2021-11-20,UFC Fight Night: Vieira vs. Tate,Cody Durden vs. Aoriqileng,Aoriqileng,-100.0
2020-06-06,UFC 250: Nunes vs. Spencer,Cody Stamann vs. Brian Kelleher,Cody Stamann,
2020-06-06,UFC 250: Nunes vs. Spencer,Cody Stamann vs. Brian Kelleher,Brian Kelleher,
2022-01-22,UFC 270: Ngannou vs. Gane,Cody Stamann vs. Said Nurmagomedov,Cody Stamann,-127.0
2022-01-22,UFC 270: Ngannou vs. Gane,Cody Stamann vs. Said Nurmagomedov,Said Nurmagomedov,127.0
2022-03-05,UFC 272: Covington vs. Masvidal,Colby Covington vs. Jorge Masvidal,Colby Covington,-100.0
2022-03-05,UFC 272: Covington vs. Masvidal,Colby Covington vs. Jorge Masvidal,Jorge Masvidal,-100.0
2020-09-19,UFC Fight Night: Covington vs. Woodley,Colby Covington vs. Tyron Woodley,Colby Covington,-176.0
2020-09-19,UFC Fight Night: Covington vs. Woodley,Colby Covington vs. Tyron Woodley,Tyron Woodley,176.0
2020-09-05,UFC Fight Night: Overeem vs. Sakai,Cole Smith vs. Hunter Azure,Cole Smith,151.0
2020-09-05,UFC Fight Night: Overeem vs. Sakai,Cole Smith vs. Hunter Azure,Hunter Azure,-151.0
2021-02-06,UFC Fight Night: Overeem vs. Volkov,Cory Sandhagen vs. Frankie Edgar,Cory Sandhagen,-153.0
2021-02-06,UFC Fight Night: Overeem vs. Volkov,Cory Sandhagen vs. Frankie Edgar,Frankie Edgar,153.0
2021-07-24,UFC Fight Night: Sandhagen vs. Dillashaw,Cory Sandhagen vs. TJ Dillashaw,Cory Sandhagen,-176.0
2021-07-24,UFC Fight Night: Sandhagen vs. Dillashaw,Cory Sandhagen vs. TJ Dillashaw,TJ Dillashaw,176.0
2021-05-22,UFC Fight Night: Font vs. Garbrandt,Court McGee vs. Claudio Silva,Court McGee,-127.0
2021-05-22,UFC Fight Night: Font vs. Garbrandt,Court McGee vs. Claudio Silva,Claudio Silva,127.0
2022-06-18,UFC Fight Night: Kattar vs. Emmett,Court McGee vs. Jeremiah Wells,Court McGee,-127.0
2022-06-18,UFC Fight Night: Kattar vs. Emmett,Court McGee vs. Jeremiah Wells,Jeremiah Wells,127.0
2022-01-15,UFC Fight Night: Kattar vs. Chikadze,Court McGee vs. Ramiz Brahimaj,Court McGee,127.0
2022-01-15,UFC Fight Night: Kattar vs. Chikadze,Court McGee vs. Ramiz Brahimaj,Ramiz Brahimaj,-127.0
2020-12-12,UFC 256: Figueiredo vs. Moreno,Cub Swanson vs. Daniel Pineda,Cub Swanson,-172.0
2020-12-12,UFC 256: Figueiredo vs. Moreno,Cub Swanson vs. Daniel Pineda,Daniel Pineda,172.0
2021-12-18,UFC Fight Night: Lewis vs. Daukaus,Cub Swanson vs. Darren Elkins,Cub Swanson,-100.0
2021-12-18,UFC Fight Night: Lewis vs. Daukaus,Cub Swanson vs. Darren Elkins,Darren Elkins,-100.0
2020-06-20,UFC Fight Night: Blaydes vs. Volkov,Curtis Blaydes vs. Alexander Volkov,Curtis Blaydes,-176.0
2020-06-20,UFC Fight Night: Blaydes vs. Volkov,Curtis Blaydes vs. Alexander Volkov,Alexander Volkov,176.0
2022-03-26,UFC Fight Night: Blaydes vs. Daukaus,Curtis Blaydes vs. Chris Daukaus,Curtis Blaydes,
2022-03-26,UFC Fight Night: Blaydes vs. Daukaus,Curtis Blaydes vs. Chris Daukaus,Chris Daukaus,
2021-02-20,UFC Fight Night: Blaydes vs. Lewis,Curtis Blaydes vs. Derrick Lewis,Curtis Blaydes,-279.0
2021-02-20,UFC Fight Night: Blaydes vs. Lewis,Curtis Blaydes vs. Derrick Lewis,Derrick Lewis,279.0
2021-09-25,UFC 266: Volkanovski vs. Ortega,Curtis Blaydes vs. Jairzinho Rozenstruik,Curtis Blaydes,-300.0
2021-09-25,UFC 266: Volkanovski vs. Ortega,Curtis Blaydes vs. Jairzinho Rozenstruik,Jairzinho Rozenstruik,300.0
2020-10-24,UFC 254: Khabib vs. Gaethje,Da Woon Jung vs. Sam Alvey,Da Woon Jung,-153.0
2020-10-24,UFC 254: Khabib vs. Gaethje,Da Woon Jung vs. Sam Alvey,Sam Alvey,153.0
2021-04-10,UFC Fight Night: Vettori vs. Holland,Da Woon Jung vs. William Knight,Da Woon Jung,-100.0
2021-04-10,UFC Fight Night: Vettori vs. Holland,Da Woon Jung vs. William Knight,William Knight,-100.0
2022-03-12,UFC Fight Night: Santos vs. Ankalaev,Dalcha Lungiambula vs. Cody Brundage,Dalcha Lungiambula,151.0
2022-03-12,UFC Fight Night: Santos vs. Ankalaev,Dalcha Lungiambula vs. Cody Brundage,Cody Brundage,-151.0
2021-09-04,UFC Fight Night: Brunson vs. Till,Dalcha Lungiambula vs. Marc-Andre Barriault,Dalcha Lungiambula,-127.0
2021-09-04,UFC Fight Night: Brunson vs. Till,Dalcha Lungiambula vs. Marc-Andre Barriault,Marc-Andre Barriault,127.0
2021-01-20,UFC Fight Night: Chiesa vs. Magny,Dalcha Lungiambula vs. Markus Perez,Dalcha Lungiambula,-100.0
2021-01-20,UFC Fight Night: Chiesa vs. Magny,Dalcha Lungiambula vs. Markus Perez,Markus Perez,-100.0
2022-06-18,UFC Fight Night: Kattar vs. Emmett,Damir Ismagulov vs. Guram Kutateladze,Damir Ismagulov,-240.0
2022-06-18,UFC Fight Night: Kattar vs. Emmett,Damir Ismagulov vs. Guram Kutateladze,Guram Kutateladze,240.0
2022-03-12,UFC Fight Night: Santos vs. Ankalaev,Damon Jackson vs. Kamuela Kirk,Damon Jackson,205.0
2022-03-12,UFC Fight Night: Santos vs. Ankalaev,Damon Jackson vs. Kamuela Kirk,Kamuela Kirk,-205.0
2021-09-25,UFC 266: Volkanovski vs. Ortega,Dan Hooker vs. Nasrat Haqparast,Dan Hooker,153.0
2021-09-25,UFC 266: Volkanovski vs. Ortega,Dan Hooker vs. Nasrat Haqparast,Nasrat Haqparast,-153.0
2020-05-16,UFC Fight Night: Overeem vs. Harris,Dan Ige vs. Edson Barboza,Dan Ige,-176.0
2020-05-16,UFC Fight Night: Overeem vs. Harris,Dan Ige vs. Edson Barboza,Edson Barboza,176.0
2021-03-13,UFC Fight Night: Edwards vs. Muhammad,Dan Ige vs. Gavin Tucker,Dan Ige,-176.0
2021-03-13,UFC Fight Night: Edwards vs. Muhammad,Dan Ige vs. Gavin Tucker,Gavin Tucker,176.0
2022-06-04,UFC Fight Night: Volkov vs. Rozenstruik,Dan Ige vs. Movsar Evloev,Dan Ige,176.0
2022-06-04,UFC Fight Night: Volkov vs. Rozenstruik,Dan Ige vs. Movsar Evloev,Movsar Evloev,-176.0
2022-04-30,UFC Fight Night: Font vs. Vera,Daniel Lacerda vs. Francisco Figueiredo,Daniel Lacerda,153.0
2022-04-30,UFC Fight Night: Font vs. Vera,Daniel Lacerda vs. Francisco Figueiredo,Francisco Figueiredo,-153.0
2020-08-22,UFC Fight Night: Munhoz vs. Edgar,Daniel Rodriguez vs. Dwight Grant,Daniel Rodriguez,151.0
2020-08-22,UFC Fight Night: Munhoz vs. Edgar,Daniel Rodriguez vs. Dwight Grant,Dwight Grant,-151.0
2020-11-21,UFC 255: Figueiredo vs. Perez,Daniel Rodriguez vs. Nicolas Dalby,Daniel Rodriguez,-127.0
2020-11-21,UFC 255: Figueiredo vs. Perez,Daniel Rodriguez vs. Nicolas Dalby,Nicolas Dalby,127.0
2021-07-31,UFC Fight Night: Hall vs. Strickland,Danny Chavez vs. Kai Kamaka,Danny Chavez,153.0
2021-07-31,UFC Fight Night: Hall vs. Strickland,Danny Chavez vs. Kai Kamaka,Kai Kamaka,-153.0
2021-10-16,UFC Fight Night: Ladd vs. Dumont,Danny Roberts vs. Ramazan Emeev,Danny Roberts,176.0
2021-10-16,UFC Fight Night: Ladd vs. Dumont,Danny Roberts vs. Ramazan Emeev,Ramazan Emeev,-176.0
2021-07-24,UFC Fight Night: Sandhagen vs. Dillashaw,Darren Elkins vs. Darrick Minner,Darren Elkins,127.0
2021-07-24,UFC Fight Night: Sandhagen vs. Dillashaw,Darren Elkins vs. Darrick Minner,Darrick Minner,-127.0
2020-11-07,UFC Fight Night: Santos vs. Teixeira,Darren Elkins vs. Eduardo Garagorri,Darren Elkins,-170.0
2020-11-07,UFC Fight Night: Santos vs. Teixeira,Darren Elkins vs. Eduardo Garagorri,Eduardo Garagorri,170.0
2020-05-16,UFC Fight Night: Overeem vs. Harris,Darren Elkins vs. Nate Landwehr,Darren Elkins,-176.0
2020-05-16,UFC Fight Night: Overeem vs. Harris,Darren Elkins vs. Nate Landwehr,Nate Landwehr,176.0
2022-04-30,UFC Fight Night: Font vs. Vera,Darren Elkins vs. Tristan Connelly,Darren Elkins,-170.0
2022-04-30,UFC Fight Night: Font vs. Vera,Darren Elkins vs. Tristan Connelly,Tristan Connelly,170.0
2021-11-20,UFC Fight Night: Vieira vs. Tate,Davey Grant vs. Adrian Yanez,Davey Grant,176.0
2021-11-20,UFC Fight Night: Vieira vs. Tate,Davey Grant vs. Adrian Yanez,Adrian Yanez,-176.0
2022-05-14,UFC Fight Night: Blachowicz vs. Rakic,Davey Grant vs. Louis Smolka,Davey Grant,-134.0
2022-05-14,UFC Fight Night: Blachowicz vs. Rakic,Davey Grant vs. Louis Smolka,Louis Smolka,134.0
2020-07-18,UFC Fight Night: Figueiredo vs. Benavidez 2,Davi Ramos vs. Arman Tsarukyan,Davi Ramos,-127.0
2020-07-18,UFC Fight Night: Figueiredo vs. Benavidez 2,Davi Ramos vs. Arman Tsarukyan,Arman Tsarukyan,127.0
2021-01-16,UFC Fight Night: Holloway vs. Kattar,David Zawada vs. Ramazan Emeev,David Zawada,176.0
2021-01-16,UFC Fight Night: Holloway vs. Kattar,David Zawada vs. Ramazan Emeev,Ramazan Emeev,-176.0
2020-11-21,UFC 255: Figueiredo vs. Perez,Deiveson Figueiredo vs. Alex Perez,Deiveson Figueiredo,127.0
2020-11-21,UFC 255: Figueiredo vs. Perez,Deiveson Figueiredo vs. Alex Perez,Alex Perez,-127.0
2020-12-12,UFC 256: Figueiredo vs. Moreno,Deiveson Figueiredo vs. Brandon Moreno,Deiveson Figueiredo,121.0
2020-12-12,UFC 256: Figueiredo vs. Moreno,Deiveson Figueiredo vs. Brandon Moreno,Brandon Moreno,121.0
2021-06-12,UFC 263: Adesanya vs. Vettori 2,Deiveson Figueiredo vs. Brandon Moreno,Deiveson Figueiredo,121.0
2021-06-12,UFC 263: Adesanya vs. Vettori 2,Deiveson Figueiredo vs. Brandon Moreno,Brandon Moreno,-135.0
2020-07-18,UFC Fight Night: Figueiredo vs. Benavidez 2,Deiveson Figueiredo vs. Joseph Benavidez,Deiveson Figueiredo,141.0
2020-07-18,UFC Fight Night: Figueiredo vs. Benavidez 2,Deiveson Figueiredo vs. Joseph Benavidez,Joseph Benavidez,-141.0
2021-06-12,UFC 263: Adesanya vs. Vettori 2,Demian Maia vs. Belal Muhammad,Demian Maia,127.0
2021-06-12,UFC 263: Adesanya vs. Vettori 2,Demian Maia vs. Belal Muhammad,Belal Muhammad,-127.0
2020-03-14,UFC Fight Night: Lee vs. Oliveira,Demian Maia vs. Gilbert Burns,Demian Maia,-146.0
2020-03-14,UFC Fight Night: Lee vs. Oliveira,Demian Maia vs. Gilbert Burns,Gilbert Burns,146.0
2021-09-04,UFC Fight Night: Brunson vs. Till,Derek Brunson vs. Darren Till,Derek Brunson,-176.0
2021-09-04,UFC Fight Night: Brunson vs. Till,Derek Brunson vs. Darren Till,Darren Till,176.0
2020-08-01,UFC Fight Night: Brunson vs. Shahbazyan,Derek Brunson vs. Edmen Shahbazyan,Derek Brunson,279.0
2020-08-01,UFC Fight Night: Brunson vs. Shahbazyan,Derek Brunson vs. Edmen Shahbazyan,Edmen Shahbazyan,-279.0
2021-03-20,UFC Fight Night: Brunson vs. Holland,Derek Brunson vs. Kevin Holland,Derek Brunson,240.0
2021-03-20,UFC Fight Night: Brunson vs. Holland,Derek Brunson vs. Kevin Holland,Kevin Holland,-240.0
2020-12-19,UFC Fight Night: Thompson vs. Neal,Deron Winn vs. Antonio Arroyo,Deron Winn,-100.0
2020-12-19,UFC Fight Night: Thompson vs. Neal,Deron Winn vs. Antonio Arroyo,Antonio Arroyo,-100.0
2020-08-08,UFC Fight Night: Lewis vs. Oleinik,Derrick Lewis vs. Aleksei Oleinik,Derrick Lewis,-176.0
2020-08-08,UFC Fight Night: Lewis vs. Oleinik,Derrick Lewis vs. Aleksei Oleinik,Aleksei Oleinik,176.0
2021-12-18,UFC Fight Night: Lewis vs. Daukaus,Derrick Lewis vs. Chris Daukaus,Derrick Lewis,153.0
2021-12-18,UFC Fight Night: Lewis vs. Daukaus,Derrick Lewis vs. Chris Daukaus,Chris Daukaus,-153.0
2021-08-07,UFC 265: Lewis vs. Gane,Derrick Lewis vs. Ciryl Gane,Derrick Lewis,176.0
2021-08-07,UFC 265: Lewis vs. Gane,Derrick Lewis vs. Ciryl Gane,Ciryl Gane,-176.0
2022-02-12,UFC 271: Adesanya vs. Whittaker 2,Derrick Lewis vs. Tai Tuivasa,Derrick Lewis,-127.0
2022-02-12,UFC 271: Adesanya vs. Whittaker 2,Derrick Lewis vs. Tai Tuivasa,Tai Tuivasa,127.0
2022-04-16,UFC Fight Night: Luque vs. Muhammad,Devin Clark vs. William Knight,Devin Clark,-176.0
2022-04-16,UFC Fight Night: Luque vs. Muhammad,Devin Clark vs. William Knight,William Knight,176.0
2021-10-02,UFC Fight Night: Santos vs. Walker,Devonte Smith vs. Jamie Mullarkey,Devonte Smith,-153.0
2021-10-02,UFC Fight Night: Santos vs. Walker,Devonte Smith vs. Jamie Mullarkey,Jamie Mullarkey,153.0
2021-02-06,UFC Fight Night: Overeem vs. Volkov,Devonte Smith vs. Justin Jaynes,Devonte Smith,-240.0
2021-02-06,UFC Fight Night: Overeem vs. Volkov,Devonte Smith vs. Justin Jaynes,Justin Jaynes,240.0
2022-03-05,UFC 272: Covington vs. Masvidal,Devonte Smith vs. Ludovit Klein,Devonte Smith,-136.0
2022-03-05,UFC 272: Covington vs. Masvidal,Devonte Smith vs. Ludovit Klein,Ludovit Klein,136.0
2021-02-06,UFC Fight Night: Overeem vs. Volkov,Diego Ferreira vs. Beneil Dariush,Diego Ferreira,127.0
2021-02-06,UFC Fight Night: Overeem vs. Volkov,Diego Ferreira vs. Beneil Dariush,Beneil Dariush,-127.0
2021-05-08,UFC Fight Night: Rodriguez vs. Waterson,Diego Ferreira vs. Gregor Gillespie,Diego Ferreira,-127.0
2021-05-08,UFC Fight Night: Rodriguez vs. Waterson,Diego Ferreira vs. Gregor Gillespie,Gregor Gillespie,127.0
2021-12-18,UFC Fight Night: Lewis vs. Daukaus,Diego Ferreira vs. Mateusz Gamrot,Diego Ferreira,170.0
2021-12-18,UFC Fight Night: Lewis vs. Daukaus,Diego Ferreira vs. Mateusz Gamrot,Mateusz Gamrot,-170.0
2020-09-26,UFC 253: Adesanya vs. Costa,Diego Sanchez vs. Jake Matthews,Diego Sanchez,
2020-09-26,UFC 253: Adesanya vs. Costa,Diego Sanchez vs. Jake Matthews,Jake Matthews,
2021-03-06,UFC 259: Blachowicz vs. Adesanya,Dominick Cruz vs. Casey Kenney,Dominick Cruz,-127.0
2021-03-06,UFC 259: Blachowicz vs. Adesanya,Dominick Cruz vs. Casey Kenney,Casey Kenney,127.0
2020-09-26,UFC 253: Adesanya vs. Costa,Dominick Reyes vs. Jan Blachowicz,Dominick Reyes,-100.0
2020-09-26,UFC 253: Adesanya vs. Costa,Dominick Reyes vs. Jan Blachowicz,Jan Blachowicz,-100.0
2021-05-01,UFC Fight Night: Reyes vs. Prochazka,Dominick Reyes vs. Jiri Prochazka,Dominick Reyes,-240.0
2021-05-01,UFC Fight Night: Reyes vs. Prochazka,Dominick Reyes vs. Jiri Prochazka,Jiri Prochazka,240.0
2021-12-18,UFC Fight Night: Lewis vs. Daukaus,Don'Tale Mayes vs. Josh Parisian,Don'Tale Mayes,-100.0
2021-12-18,UFC Fight Night: Lewis vs. Daukaus,Don'Tale Mayes vs. Josh Parisian,Josh Parisian,-100.0
2020-11-14,UFC Fight Night: Felder vs. Dos Anjos,Don'Tale Mayes vs. Roque Martinez,Don'Tale Mayes,-127.0
2020-11-14,UFC Fight Night: Felder vs. Dos Anjos,Don'Tale Mayes vs. Roque Martinez,Roque Martinez,127.0
2021-05-08,UFC Fight Night: Rodriguez vs. Waterson,Donald Cerrone vs. Alex Morono,Donald Cerrone,176.0
2021-05-08,UFC Fight Night: Rodriguez vs. Waterson,Donald Cerrone vs. Alex Morono,Alex Morono,-176.0
2021-10-02,UFC Fight Night: Santos vs. Walker,Douglas Silva de Andrade vs. Gaetano Pirrello,Douglas Silva de Andrade,127.0
2021-10-02,UFC Fight Night: Santos vs. Walker,Douglas Silva de Andrade vs. Gaetano Pirrello,Gaetano Pirrello,-127.0
2022-02-12,UFC 271: Adesanya vs. Whittaker 2,Douglas Silva de Andrade vs. Sergey Morozov,Douglas Silva de Andrade,176.0
2022-02-12,UFC 271: Adesanya vs. Whittaker 2,Douglas Silva de Andrade vs. Sergey Morozov,Sergey Morozov,-176.0
2022-04-16,UFC Fight Night: Luque vs. Muhammad,Drakkar Klose vs. Brandon Jenkins,Drakkar Klose,-176.0
2022-04-16,UFC Fight Night: Luque vs. Muhammad,Drakkar Klose vs. Brandon Jenkins,Brandon Jenkins,176.0
2021-06-12,UFC 263: Adesanya vs. Vettori 2,Drew Dober vs. Brad Riddell,Drew Dober,-100.0
2021-06-12,UFC 263: Adesanya vs. Vettori 2,Drew Dober vs. Brad Riddell,Brad Riddell,-100.0
2022-03-12,UFC Fight Night: Santos vs. Ankalaev,Drew Dober vs. Terrance McKinney,Drew Dober,-127.0
2022-03-12,UFC Fight Night: Santos vs. Ankalaev,Drew Dober vs. Terrance McKinney,Terrance McKinney,127.0
2021-08-28,UFC Fight Night: Barboza vs. Chikadze,Dustin Jacoby vs. Darren Stewart,Dustin Jacoby,176.0
2021-08-28,UFC Fight Night: Barboza vs. Chikadze,Dustin Jacoby vs. Darren Stewart,Darren Stewart,-176.0
2021-11-06,UFC 268: Usman vs. Covington 2,Dustin Jacoby vs. John Allan,Dustin Jacoby,-100.0
2021-11-06,UFC 268: Usman vs. Covington 2,Dustin Jacoby vs. John Allan,John Allan,-100.0
2020-10-31,UFC Fight Night: Hall vs. Silva,Dustin Jacoby vs. Justin Ledet,Dustin Jacoby,127.0
2020-10-31,UFC Fight Night: Hall vs. Silva,Dustin Jacoby vs. Justin Ledet,Justin Ledet,-127.0
2021-02-27,UFC Fight Night: Rozenstruik vs. Gane,Dustin Jacoby vs. Maxim Grishin,Dustin Jacoby,-127.0
2021-02-27,UFC Fight Night: Rozenstruik vs. Gane,Dustin Jacoby vs. Maxim Grishin,Maxim Grishin,127.0
2022-03-05,UFC 272: Covington vs. Masvidal,Dustin Jacoby vs. Michal Oleksiejczuk,Dustin Jacoby,-100.0
2022-03-05,UFC 272: Covington vs. Masvidal,Dustin Jacoby vs. Michal Oleksiejczuk,Michal Oleksiejczuk,-100.0
2021-01-23,UFC 257: Poirier vs. McGregor,Dustin Poirier vs. Conor McGregor,Dustin Poirier,-177.0
2021-01-23,UFC 257: Poirier vs. McGregor,Dustin Poirier vs. Conor McGregor,Conor McGregor,175.0
2021-07-10,UFC 264: Poirier vs. McGregor 3,Dustin Poirier vs. Conor McGregor,Dustin Poirier,-177.0
2021-07-10,UFC 264: Poirier vs. McGregor 3,Dustin Poirier vs. Conor McGregor,Conor McGregor,275.0
2020-06-27,UFC Fight Night: Poirier vs. Hooker,Dustin Poirier vs. Dan Hooker,Dustin Poirier,-240.0
2020-06-27,UFC Fight Night: Poirier vs. Hooker,Dustin Poirier vs. Dan Hooker,Dan Hooker,240.0
2021-12-18,UFC Fight Night: Lewis vs. Daukaus,Dustin Stoltzfus vs. Gerald Meerschaert,Dustin Stoltzfus,-100.0
2021-12-18,UFC Fight Night: Lewis vs. Daukaus,Dustin Stoltzfus vs. Gerald Meerschaert,Gerald Meerschaert,-100.0
2022-04-23,UFC Fight Night: Lemos vs. Andrade,Dwight Grant vs. Sergey Khandozhko,Dwight Grant,-127.0
2022-04-23,UFC Fight Night: Lemos vs. Andrade,Dwight Grant vs. Sergey Khandozhko,Sergey Khandozhko,127.0
2021-04-24,UFC 261: Usman vs. Masvidal 2,Dwight Grant vs. Stefan Sekulic,Dwight Grant,-170.0
2021-04-24,UFC 261: Usman vs. Masvidal 2,Dwight Grant vs. Stefan Sekulic,Stefan Sekulic,170.0
2020-09-12,UFC Fight Night: Waterson vs. Hill,Ed Herman vs. Mike Rodriguez,Ed Herman,-100.0
2020-09-12,UFC Fight Night: Waterson vs. Hill,Ed Herman vs. Mike Rodriguez,Mike Rodriguez,-100.0
2022-06-18,UFC Fight Night: Kattar vs. Emmett,Eddie Wineland vs. Cody Stamann,Eddie Wineland,
2022-06-18,UFC Fight Night: Kattar vs. Emmett,Eddie Wineland vs. Cody Stamann,Cody Stamann,
2021-02-20,UFC Fight Night: Blaydes vs. Lewis,Eddie Wineland vs. John Castaneda,Eddie Wineland,176.0
2021-02-20,UFC Fight Night: Blaydes vs. Lewis,Eddie Wineland vs. John Castaneda,John Castaneda,-176.0
2020-06-06,UFC 250: Nunes vs. Spencer,Eddie Wineland vs. Sean O'Malley,Eddie Wineland,
2020-06-06,UFC 250: Nunes vs. Spencer,Eddie Wineland vs. Sean O'Malley,Sean O'Malley,
2021-11-06,UFC 268: Usman vs. Covington 2,Edmen Shahbazyan vs. Nassourdine Imavov,Edmen Shahbazyan,-127.0
2021-11-06,UFC 268: Usman vs. Covington 2,Edmen Shahbazyan vs. Nassourdine Imavov,Nassourdine Imavov,127.0
2022-03-05,UFC 272: Covington vs. Masvidal,Edson Barboza vs. Bryce Mitchell,Edson Barboza,136.0
2022-03-05,UFC 272: Covington vs. Masvidal,Edson Barboza vs. Bryce Mitchell,Bryce Mitchell,-136.0
2021-08-28,UFC Fight Night: Barboza vs. Chikadze,Edson Barboza vs. Giga Chikadze,Edson Barboza,127.0
2021-08-28,UFC Fight Night: Barboza vs. Chikadze,Edson Barboza vs. Giga Chikadze,Giga Chikadze,-127.0
2020-10-10,UFC Fight Night: Moraes vs. Sandhagen,Edson Barboza vs. Makwan Amirkhani,Edson Barboza,-176.0
2020-10-10,UFC Fight Night: Moraes vs. Sandhagen,Edson Barboza vs. Makwan Amirkhani,Makwan Amirkhani,176.0
2020-03-14,UFC Fight Night: Lee vs. Oliveira,Elizeu Zaleski dos Santos vs. Aleksei Kunchenko,Elizeu Zaleski dos Santos,-268.0
2020-03-14,UFC Fight Night: Lee vs. Oliveira,Elizeu Zaleski dos Santos vs. Aleksei Kunchenko,Aleksei Kunchenko,268.0
2020-07-11,UFC 251: Usman vs. Masvidal,Elizeu Zaleski dos Santos vs. Muslim Salikhov,Elizeu Zaleski dos Santos,-176.0
2020-07-11,UFC 251: Usman vs. Masvidal,Elizeu Zaleski dos Santos vs. Muslim Salikhov,Muslim Salikhov,176.0
2021-06-12,UFC 263: Adesanya vs. Vettori 2,Eryk Anders vs. Darren Stewart,Eryk Anders,240.0
2021-06-12,UFC 263: Adesanya vs. Vettori 2,Eryk Anders vs. Darren Stewart,Darren Stewart,-240.0
2022-05-21,UFC Fight Night: Holm vs. Vieira,Eryk Anders vs. JunYong Park,Eryk Anders,176.0
2022-05-21,UFC Fight Night: Holm vs. Vieira,Eryk Anders vs. JunYong Park,JunYong Park,-176.0
2020-05-16,UFC Fight Night: Overeem vs. Harris,Eryk Anders vs. Krzysztof Jotko,Eryk Anders,176.0
2020-05-16,UFC Fight Night: Overeem vs. Harris,Eryk Anders vs. Krzysztof Jotko,Krzysztof Jotko,-176.0
2020-07-25,UFC Fight Night: Whittaker vs. Till,Fabricio Werdum vs. Alexander Gustafsson,Fabricio Werdum,158.0
2020-07-25,UFC Fight Night: Whittaker vs. Till,Fabricio Werdum vs. Alexander Gustafsson,Alexander Gustafsson,-158.0
2021-06-12,UFC 263: Adesanya vs. Vettori 2,Fares Ziam vs. Luigi Vendramini,Fares Ziam,-127.0
2021-06-12,UFC 263: Adesanya vs. Vettori 2,Fares Ziam vs. Luigi Vendramini,Luigi Vendramini,127.0
2022-01-22,UFC 270: Ngannou vs. Gane,Francis Ngannou vs. Ciryl Gane,Francis Ngannou,136.0
2022-01-22,UFC 270: Ngannou vs. Gane,Francis Ngannou vs. Ciryl Gane,Ciryl Gane,-136.0
2020-05-09,UFC 249: Ferguson vs. Gaethje,Francis Ngannou vs. Jairzinho Rozenstruik,Francis Ngannou,-176.0
2020-05-09,UFC 249: Ferguson vs. Gaethje,Francis Ngannou vs. Jairzinho Rozenstruik,Jairzinho Rozenstruik,176.0
2021-07-17,UFC Fight Night: Makhachev vs. Moises,Francisco Figueiredo vs. Malcolm Gordon,Francisco Figueiredo,-176.0
2021-07-17,UFC Fight Night: Makhachev vs. Moises,Francisco Figueiredo vs. Malcolm Gordon,Malcolm Gordon,176.0
2022-05-07,UFC 274: Oliveira vs. Gaethje,Francisco Trinaldo vs. Danny Roberts,Francisco Trinaldo,-176.0
2022-05-07,UFC 274: Oliveira vs. Gaethje,Francisco Trinaldo vs. Danny Roberts,Danny Roberts,176.0
2021-10-23,UFC Fight Night: Costa vs. Vettori,Francisco Trinaldo vs. Dwight Grant,Francisco Trinaldo,141.0
2021-10-23,UFC Fight Night: Costa vs. Vettori,Francisco Trinaldo vs. Dwight Grant,Dwight Grant,-141.0
2020-03-14,UFC Fight Night: Lee vs. Oliveira,Francisco Trinaldo vs. John Makdessi,Francisco Trinaldo,149.0
2020-03-14,UFC Fight Night: Lee vs. Oliveira,Francisco Trinaldo vs. John Makdessi,John Makdessi,-149.0
2021-06-05,UFC Fight Night: Rozenstruik vs. Sakai,Francisco Trinaldo vs. Muslim Salikhov,Francisco Trinaldo,-100.0
2021-06-05,UFC Fight Night: Rozenstruik vs. Sakai,Francisco Trinaldo vs. Muslim Salikhov,Muslim Salikhov,-100.0
2021-11-06,UFC 268: Usman vs. Covington 2,Frankie Edgar vs. Marlon Vera,Frankie Edgar,-136.0
2021-11-06,UFC 268: Usman vs. Covington 2,Frankie Edgar vs. Marlon Vera,Marlon Vera,136.0
2020-08-01,UFC Fight Night: Brunson vs. Shahbazyan,Frankie Saenz vs. Jonathan Martinez,Frankie Saenz,176.0
2020-08-01,UFC Fight Night: Brunson vs. Shahbazyan,Frankie Saenz vs. Jonathan Martinez,Jonathan Martinez,-176.0
2021-07-17,UFC Fight Night: Makhachev vs. Moises,Gabriel Benitez vs. Billy Quarantillo,Gabriel Benitez,-170.0
2021-07-17,UFC Fight Night: Makhachev vs. Moises,Gabriel Benitez vs. Billy Quarantillo,Billy Quarantillo,170.0
2022-02-19,UFC Fight Night: Walker vs. Hill,Gabriel Benitez vs. David Onama,Gabriel Benitez,-100.0
2022-02-19,UFC Fight Night: Walker vs. Hill,Gabriel Benitez vs. David Onama,David Onama,-100.0
2020-12-05,UFC Fight Night: Hermansson vs. Vettori,Gabriel Benitez vs. Justin Jaynes,Gabriel Benitez,-176.0
2020-12-05,UFC Fight Night: Hermansson vs. Vettori,Gabriel Benitez vs. Justin Jaynes,Justin Jaynes,176.0
2020-05-13,UFC Fight Night: Smith vs. Teixeira,Gabriel Benitez vs. Omar Morales,Gabriel Benitez,-127.0
2020-05-13,UFC Fight Night: Smith vs. Teixeira,Gabriel Benitez vs. Omar Morales,Omar Morales,127.0
2020-10-17,UFC Fight Night: Ortega vs. The Korean Zombie,Gadzhimurad Antigulov vs. Maxim Grishin,Gadzhimurad Antigulov,-127.0
2020-10-17,UFC Fight Night: Ortega vs. The Korean Zombie,Gadzhimurad Antigulov vs. Maxim Grishin,Maxim Grishin,127.0
2020-12-12,UFC 256: Figueiredo vs. Moreno,Gavin Tucker vs. Billy Quarantillo,Gavin Tucker,176.0
2020-12-12,UFC 256: Figueiredo vs. Moreno,Gavin Tucker vs. Billy Quarantillo,Billy Quarantillo,-176.0
2020-08-08,UFC Fight Night: Lewis vs. Oleinik,Gavin Tucker vs. Justin Jaynes,Gavin Tucker,170.0
2020-08-08,UFC Fight Night: Lewis vs. Oleinik,Gavin Tucker vs. Justin Jaynes,Justin Jaynes,-170.0
2021-12-11,UFC 269: Oliveira vs. Poirier,Geoff Neal vs. Santiago Ponzinibbio,Geoff Neal,126.0
2021-12-11,UFC 269: Oliveira vs. Poirier,Geoff Neal vs. Santiago Ponzinibbio,Santiago Ponzinibbio,-126.0
2020-03-07,UFC 248: Adesanya vs. Romero,Gerald Meerschaert vs. Deron Winn,Gerald Meerschaert,-136.0
2020-03-07,UFC 248: Adesanya vs. Romero,Gerald Meerschaert vs. Deron Winn,Deron Winn,136.0
2020-11-14,UFC Fight Night: Felder vs. Dos Anjos,Geraldo de Freitas vs. Tony Gravely,Geraldo de Freitas,-153.0
2020-11-14,UFC Fight Night: Felder vs. Dos Anjos,Geraldo de Freitas vs. Tony Gravely,Tony Gravely,153.0
2021-11-06,UFC 268: Usman vs. Covington 2,Gian Villante vs. Chris Barnett,Gian Villante,136.0
2021-11-06,UFC 268: Usman vs. Covington 2,Gian Villante vs. Chris Barnett,Chris Barnett,-136.0
2020-12-05,UFC Fight Night: Hermansson vs. Vettori,Gian Villante vs. Jake Collier,Gian Villante,176.0
2020-12-05,UFC Fight Night: Hermansson vs. Vettori,Gian Villante vs. Jake Collier,Jake Collier,-176.0
2020-06-27,UFC Fight Night: Poirier vs. Hooker,Gian Villante vs. Maurice Greene,Gian Villante,279.0
2020-06-27,UFC Fight Night: Poirier vs. Hooker,Gian Villante vs. Maurice Greene,Maurice Greene,-279.0
2021-05-01,UFC Fight Night: Reyes vs. Prochazka,Giga Chikadze vs. Cub Swanson,Giga Chikadze,-100.0
2021-05-01,UFC Fight Night: Reyes vs. Prochazka,Giga Chikadze vs. Cub Swanson,Cub Swanson,-100.0
2020-10-10,UFC Fight Night: Moraes vs. Sandhagen,Giga Chikadze vs. Omar Morales,Giga Chikadze,127.0
2020-10-10,UFC Fight Night: Moraes vs. Sandhagen,Giga Chikadze vs. Omar Morales,Omar Morales,-127.0
2022-04-09,UFC 273: Volkanovski vs. The Korean Zombie,Gilbert Burns vs. Khamzat Chimaev,Gilbert Burns,205.0
2022-04-09,UFC 273: Volkanovski vs. The Korean Zombie,Gilbert Burns vs. Khamzat Chimaev,Khamzat Chimaev,-205.0
2021-07-10,UFC 264: Poirier vs. McGregor 3,Gilbert Burns vs. Stephen Thompson,Gilbert Burns,170.0
2021-07-10,UFC 264: Poirier vs. McGregor 3,Gilbert Burns vs. Stephen Thompson,Stephen Thompson,-170.0
2022-06-11,UFC 275: Teixeira vs. Prochazka,Glover Teixeira vs. Jiri Prochazka,Glover Teixeira,-127.0
2022-06-11,UFC 275: Teixeira vs. Prochazka,Glover Teixeira vs. Jiri Prochazka,Jiri Prochazka,127.0
2021-10-23,UFC Fight Night: Costa vs. Vettori,Grant Dawson vs. Ricky Glenn,Grant Dawson,-176.0
2021-10-23,UFC Fight Night: Costa vs. Vettori,Grant Dawson vs. Ricky Glenn,Ricky Glenn,176.0
2020-05-09,UFC 249: Ferguson vs. Gaethje,Greg Hardy vs. Yorgan De Castro,Greg Hardy,-176.0
2020-05-09,UFC 249: Ferguson vs. Gaethje,Greg Hardy vs. Yorgan De Castro,Yorgan De Castro,176.0
2022-03-19,UFC Fight Night: Volkov vs. Aspinall,Gunnar Nelson vs. Takashi Sato,Gunnar Nelson,-127.0
2022-03-19,UFC Fight Night: Volkov vs. Aspinall,Gunnar Nelson vs. Takashi Sato,Takashi Sato,127.0
2021-09-18,UFC Fight Night: Smith vs. Spann,Gustavo Lopez vs. Alatengheili,Gustavo Lopez,-100.0
2021-09-18,UFC Fight Night: Smith vs. Spann,Gustavo Lopez vs. Alatengheili,Alatengheili,-100.0
2020-11-07,UFC Fight Night: Santos vs. Teixeira,Gustavo Lopez vs. Anthony Birchak,Gustavo Lopez,176.0
2020-11-07,UFC Fight Night: Santos vs. Teixeira,Gustavo Lopez vs. Anthony Birchak,Anthony Birchak,-176.0
2022-02-05,UFC Fight Night: Hermansson vs. Strickland,Hakeem Dawodu vs. Michael Trizano,Hakeem Dawodu,-170.0
2022-02-05,UFC Fight Night: Hermansson vs. Strickland,Hakeem Dawodu vs. Michael Trizano,Michael Trizano,170.0
2020-09-26,UFC 253: Adesanya vs. Costa,Hakeem Dawodu vs. Zubaira Tukhugov,Hakeem Dawodu,-127.0
2020-09-26,UFC 253: Adesanya vs. Costa,Hakeem Dawodu vs. Zubaira Tukhugov,Zubaira Tukhugov,127.0
2020-05-09,UFC 249: Ferguson vs. Gaethje,Henry Cejudo vs. Dominick Cruz,Henry Cejudo,-170.0
2020-05-09,UFC 249: Ferguson vs. Gaethje,Henry Cejudo vs. Dominick Cruz,Dominick Cruz,170.0
2020-08-15,UFC 252: Miocic vs. Cormier 3,Herbert Burns vs. Daniel Pineda,Herbert Burns,-240.0
2020-08-15,UFC 252: Miocic vs. Cormier 3,Herbert Burns vs. Daniel Pineda,Daniel Pineda,240.0
2021-10-30,UFC 267: Blachowicz vs. Teixeira,Hu Yaozong vs. Andre Petroski,Hu Yaozong,176.0
2021-10-30,UFC 267: Blachowicz vs. Teixeira,Hu Yaozong vs. Andre Petroski,Andre Petroski,-176.0
2020-05-13,UFC Fight Night: Smith vs. Teixeira,Hunter Azure vs. Brian Kelleher,Hunter Azure,-176.0
2020-05-13,UFC Fight Night: Smith vs. Teixeira,Hunter Azure vs. Brian Kelleher,Brian Kelleher,176.0
2021-04-10,UFC Fight Night: Vettori vs. Holland,Hunter Azure vs. Jack Shore,Hunter Azure,170.0
2021-04-10,UFC Fight Night: Vettori vs. Holland,Hunter Azure vs. Jack Shore,Jack Shore,-170.0
2020-06-06,UFC 250: Nunes vs. Spencer,Ian Heinisch vs. Gerald Meerschaert,Ian Heinisch,127.0
2020-06-06,UFC 250: Nunes vs. Spencer,Ian Heinisch vs. Gerald Meerschaert,Gerald Meerschaert,-127.0
2022-04-09,UFC 273: Volkanovski vs. The Korean Zombie,Ian Machado Garry vs. Darian Weeks,Ian Machado Garry,-100.0
2022-04-09,UFC 273: Volkanovski vs. The Korean Zombie,Ian Machado Garry vs. Darian Weeks,Darian Weeks,-100.0
2021-01-20,UFC Fight Night: Chiesa vs. Magny,Ike Villanueva vs. Vinicius Moreira,Ike Villanueva,-100.0
2021-01-20,UFC Fight Night: Chiesa vs. Magny,Ike Villanueva vs. Vinicius Moreira,Vinicius Moreira,-100.0
2020-12-05,UFC Fight Night: Hermansson vs. Vettori,Ilia Topuria vs. Damon Jackson,Ilia Topuria,-375.0
2020-12-05,UFC Fight Night: Hermansson vs. Vettori,Ilia Topuria vs. Damon Jackson,Damon Jackson,375.0
2021-09-18,UFC Fight Night: Smith vs. Spann,Impa Kasanganay vs. Carlston Harris,Impa Kasanganay,-100.0
2021-09-18,UFC Fight Night: Smith vs. Spann,Impa Kasanganay vs. Carlston Harris,Carlston Harris,-100.0
2020-10-10,UFC Fight Night: Moraes vs. Sandhagen,Impa Kasanganay vs. Joaquin Buckley,Impa Kasanganay,-158.0
2020-10-10,UFC Fight Night: Moraes vs. Sandhagen,Impa Kasanganay vs. Joaquin Buckley,Joaquin Buckley,158.0
2021-04-10,UFC Fight Night: Vettori vs. Holland,Impa Kasanganay vs. Sasha Palatnikov,Impa Kasanganay,-153.0
2021-04-10,UFC Fight Night: Vettori vs. Holland,Impa Kasanganay vs. Sasha Palatnikov,Sasha Palatnikov,153.0
2021-09-18,UFC Fight Night: Smith vs. Spann,Ion Cutelaba vs. Devin Clark,Ion Cutelaba,170.0
2021-09-18,UFC Fight Night: Smith vs. Spann,Ion Cutelaba vs. Devin Clark,Devin Clark,-170.0
2021-05-01,UFC Fight Night: Reyes vs. Prochazka,Ion Cutelaba vs. Dustin Jacoby,Ion Cutelaba,-127.0
2021-05-01,UFC Fight Night: Reyes vs. Prochazka,Ion Cutelaba vs. Dustin Jacoby,Dustin Jacoby,127.0
2020-02-29,UFC Fight Night: Benavidez vs. Figueiredo,Ion Cutelaba vs. Magomed Ankalaev,Ion Cutelaba,149.0
2020-02-29,UFC Fight Night: Benavidez vs. Figueiredo,Ion Cutelaba vs. Magomed Ankalaev,Magomed Ankalaev,-149.0
2021-10-30,UFC 267: Blachowicz vs. Teixeira,Islam Makhachev vs. Dan Hooker,Islam Makhachev,-279.0
2021-10-30,UFC 267: Blachowicz vs. Teixeira,Islam Makhachev vs. Dan Hooker,Dan Hooker,279.0
2021-03-06,UFC 259: Blachowicz vs. Adesanya,Islam Makhachev vs. Drew Dober,Islam Makhachev,-244.0
2021-03-06,UFC 259: Blachowicz vs. Adesanya,Islam Makhachev vs. Drew Dober,Drew Dober,244.0
2022-02-26,UFC Fight Night: Makhachev vs. Green,Islam Makhachev vs. King Green,Islam Makhachev,-240.0
2022-02-26,UFC Fight Night: Makhachev vs. Green,Islam Makhachev vs. King Green,King Green,240.0
2021-07-17,UFC Fight Night: Makhachev vs. Moises,Islam Makhachev vs. Thiago Moises,Islam Makhachev,-300.0
2021-07-17,UFC Fight Night: Makhachev vs. Moises,Islam Makhachev vs. Thiago Moises,Thiago Moises,300.0
2022-07-02,UFC 276: Adesanya vs. Cannonier,Israel Adesanya vs. Jared Cannonier,Israel Adesanya,-300.0
2022-07-02,UFC 276: Adesanya vs. Cannonier,Israel Adesanya vs. Jared Cannonier,Jared Cannonier,300.0
2021-06-12,UFC 263: Adesanya vs. Vettori 2,Israel Adesanya vs. Marvin Vettori,Israel Adesanya,-136.0
2021-06-12,UFC 263: Adesanya vs. Vettori 2,Israel Adesanya vs. Marvin Vettori,Marvin Vettori,136.0
2020-09-26,UFC 253: Adesanya vs. Costa,Israel Adesanya vs. Paulo Costa,Israel Adesanya,-279.0
2020-09-26,UFC 253: Adesanya vs. Costa,Israel Adesanya vs. Paulo Costa,Paulo Costa,279.0
2022-02-12,UFC 271: Adesanya vs. Whittaker 2,Israel Adesanya vs. Robert Whittaker,Israel Adesanya,-100.0
2022-02-12,UFC 271: Adesanya vs. Whittaker 2,Israel Adesanya vs. Robert Whittaker,Robert Whittaker,-100.0
2020-03-07,UFC 248: Adesanya vs. Romero,Israel Adesanya vs. Yoel Romero,Israel Adesanya,-268.0
2020-03-07,UFC 248: Adesanya vs. Romero,Israel Adesanya vs. Yoel Romero,Yoel Romero,268.0
2022-06-25,UFC Fight Night: Tsarukyan vs. Gamrot,JP Buys vs. Cody Durden,JP Buys,-127.0
2022-06-25,UFC Fight Night: Tsarukyan vs. Gamrot,JP Buys vs. Cody Durden,Cody Durden,127.0
2021-05-15,UFC 262: Oliveira vs. Chandler,Jacare Souza vs. Andre Muniz,Jacare Souza,-176.0
2021-05-15,UFC 262: Oliveira vs. Chandler,Jacare Souza vs. Andre Muniz,Andre Muniz,176.0
2022-06-11,UFC 275: Teixeira vs. Prochazka,Jack Della Maddalena vs. Ramazan Emeev,Jack Della Maddalena,-100.0
2022-06-11,UFC 275: Teixeira vs. Prochazka,Jack Della Maddalena vs. Ramazan Emeev,Ramazan Emeev,-100.0
2021-05-22,UFC Fight Night: Font vs. Garbrandt,Jack Hermansson vs. Edmen Shahbazyan,Jack Hermansson,127.0
2021-05-22,UFC Fight Night: Font vs. Garbrandt,Jack Hermansson vs. Edmen Shahbazyan,Edmen Shahbazyan,-127.0
2020-07-18,UFC Fight Night: Figueiredo vs. Benavidez 2,Jack Hermansson vs. Kelvin Gastelum,Jack Hermansson,170.0
2020-07-18,UFC Fight Night: Figueiredo vs. Benavidez 2,Jack Hermansson vs. Kelvin Gastelum,Kelvin Gastelum,-170.0
2020-12-05,UFC Fight Night: Hermansson vs. Vettori,Jack Hermansson vs. Marvin Vettori,Jack Hermansson,-127.0
2020-12-05,UFC Fight Night: Hermansson vs. Vettori,Jack Hermansson vs. Marvin Vettori,Marvin Vettori,127.0
2022-02-05,UFC Fight Night: Hermansson vs. Strickland,Jack Hermansson vs. Sean Strickland,Jack Hermansson,-100.0
2022-02-05,UFC Fight Night: Hermansson vs. Strickland,Jack Hermansson vs. Sean Strickland,Sean Strickland,-100.0
2020-07-15,UFC Fight Night: Kattar vs. Ige,Jack Shore vs. Aaron Phillips,Jack Shore,
2020-07-15,UFC Fight Night: Kattar vs. Ige,Jack Shore vs. Aaron Phillips,Aaron Phillips,
2022-03-19,UFC Fight Night: Volkov vs. Aspinall,Jack Shore vs. Timur Valiev,Jack Shore,-279.0
2022-03-19,UFC Fight Night: Volkov vs. Aspinall,Jack Shore vs. Timur Valiev,Timur Valiev,279.0
2021-01-16,UFC Fight Night: Holloway vs. Kattar,Jacob Kilburn vs. Austin Lingo,Jacob Kilburn,176.0
2021-01-16,UFC Fight Night: Holloway vs. Kattar,Jacob Kilburn vs. Austin Lingo,Austin Lingo,-176.0
2022-03-19,UFC Fight Night: Volkov vs. Aspinall,Jai Herbert vs. Ilia Topuria,Jai Herbert,279.0
2022-03-19,UFC Fight Night: Volkov vs. Aspinall,Jai Herbert vs. Ilia Topuria,Ilia Topuria,-279.0
2022-05-21,UFC Fight Night: Holm vs. Vieira,Jailton Almeida vs. Parker Porter,Jailton Almeida,-240.0
2022-05-21,UFC Fight Night: Holm vs. Vieira,Jailton Almeida vs. Parker Porter,Parker Porter,240.0
2021-06-05,UFC Fight Night: Rozenstruik vs. Sakai,Jairzinho Rozenstruik vs. Augusto Sakai,Jairzinho Rozenstruik,-100.0
2021-06-05,UFC Fight Night: Rozenstruik vs. Sakai,Jairzinho Rozenstruik vs. Augusto Sakai,Augusto Sakai,-100.0
2021-02-27,UFC Fight Night: Rozenstruik vs. Gane,Jairzinho Rozenstruik vs. Ciryl Gane,Jairzinho Rozenstruik,176.0
2021-02-27,UFC Fight Night: Rozenstruik vs. Gane,Jairzinho Rozenstruik vs. Ciryl Gane,Ciryl Gane,-176.0
2022-01-15,UFC Fight Night: Kattar vs. Chikadze,Jake Collier vs. Chase Sherman,Jake Collier,-176.0
2022-01-15,UFC Fight Night: Kattar vs. Chikadze,Jake Collier vs. Chase Sherman,Chase Sherman,176.0
2020-02-22,UFC Fight Night: Felder vs. Hooker,Jake Matthews vs. Emil Meek,Jake Matthews,-300.0
2020-02-22,UFC Fight Night: Felder vs. Hooker,Jake Matthews vs. Emil Meek,Emil Meek,300.0
2022-03-05,UFC 272: Covington vs. Masvidal,Jalin Turner vs. Jamie Mullarkey,Jalin Turner,-127.0
2022-03-05,UFC 272: Covington vs. Masvidal,Jalin Turner vs. Jamie Mullarkey,Jamie Mullarkey,127.0
2021-08-28,UFC Fight Night: Barboza vs. Chikadze,Jamall Emmers vs. Pat Sabatini,Jamall Emmers,-127.0
2021-08-28,UFC Fight Night: Barboza vs. Chikadze,Jamall Emmers vs. Pat Sabatini,Pat Sabatini,127.0
2020-10-17,UFC Fight Night: Ortega vs. The Korean Zombie,Jamie Mullarkey vs. Fares Ziam,Jamie Mullarkey,127.0
2020-10-17,UFC Fight Night: Ortega vs. The Korean Zombie,Jamie Mullarkey vs. Fares Ziam,Fares Ziam,-127.0
2021-03-27,UFC 260: Miocic vs. Ngannou,Jamie Mullarkey vs. Khama Worthy,Jamie Mullarkey,-127.0
2021-03-27,UFC 260: Miocic vs. Ngannou,Jamie Mullarkey vs. Khama Worthy,Khama Worthy,127.0
2021-10-23,UFC Fight Night: Costa vs. Vettori,Jamie Pickett vs. Laureano Staropoli,Jamie Pickett,176.0
2021-10-23,UFC Fight Night: Costa vs. Vettori,Jamie Pickett vs. Laureano Staropoli,Laureano Staropoli,-176.0
2022-05-14,UFC Fight Night: Blachowicz vs. Rakic,Jan Blachowicz vs. Aleksandar Rakic,Jan Blachowicz,-170.0
2022-05-14,UFC Fight Night: Blachowicz vs. Rakic,Jan Blachowicz vs. Aleksandar Rakic,Aleksandar Rakic,170.0
2021-10-30,UFC 267: Blachowicz vs. Teixeira,Jan Blachowicz vs. Glover Teixeira,Jan Blachowicz,-279.0
2021-10-30,UFC 267: Blachowicz vs. Teixeira,Jan Blachowicz vs. Glover Teixeira,Glover Teixeira,279.0
2021-03-06,UFC 259: Blachowicz vs. Adesanya,Jan Blachowicz vs. Israel Adesanya,Jan Blachowicz,176.0
2021-03-06,UFC 259: Blachowicz vs. Adesanya,Jan Blachowicz vs. Israel Adesanya,Israel Adesanya,-176.0
2022-02-12,UFC 271: Adesanya vs. Whittaker 2,Jared Cannonier vs. Derek Brunson,Jared Cannonier,268.0
2022-02-12,UFC 271: Adesanya vs. Whittaker 2,Jared Cannonier vs. Derek Brunson,Derek Brunson,-268.0
2021-08-21,UFC Fight Night: Cannonier vs. Gastelum,Jared Cannonier vs. Kelvin Gastelum,Jared Cannonier,176.0
2021-08-21,UFC Fight Night: Cannonier vs. Gastelum,Jared Cannonier vs. Kelvin Gastelum,Kelvin Gastelum,-176.0
2021-03-27,UFC 260: Miocic vs. Ngannou,Jared Gooden vs. Abubakar Nurmagomedov,Jared Gooden,176.0
2021-03-27,UFC 260: Miocic vs. Ngannou,Jared Gooden vs. Abubakar Nurmagomedov,Abubakar Nurmagomedov,-176.0
2020-07-15,UFC Fight Night: Kattar vs. Ige,Jared Gordon vs. Chris Fishgold,Jared Gordon,-141.0
2020-07-15,UFC Fight Night: Kattar vs. Ige,Jared Gordon vs. Chris Fishgold,Chris Fishgold,141.0
2021-02-20,UFC Fight Night: Blaydes vs. Lewis,Jared Gordon vs. Danny Chavez,Jared Gordon,-127.0
2021-02-20,UFC Fight Night: Blaydes vs. Lewis,Jared Gordon vs. Danny Chavez,Danny Chavez,127.0
2022-04-30,UFC Fight Night: Font vs. Vera,Jared Gordon vs. Grant Dawson,Jared Gordon,127.0
2022-04-30,UFC Fight Night: Font vs. Vera,Jared Gordon vs. Grant Dawson,Grant Dawson,-127.0
2022-06-04,UFC Fight Night: Volkov vs. Rozenstruik,Jeff Molina vs. Zhalgas Zhumagulov,Jeff Molina,-240.0
2022-06-04,UFC Fight Night: Volkov vs. Rozenstruik,Jeff Molina vs. Zhalgas Zhumagulov,Zhalgas Zhumagulov,240.0
2020-05-09,UFC 249: Ferguson vs. Gaethje,Jeremy Stephens vs. Calvin Kattar,Jeremy Stephens,-127.0
2020-05-09,UFC 249: Ferguson vs. Gaethje,Jeremy Stephens vs. Calvin Kattar,Calvin Kattar,127.0
2021-07-17,UFC Fight Night: Makhachev vs. Moises,Jeremy Stephens vs. Mateusz Gamrot,Jeremy Stephens,176.0
2021-07-17,UFC Fight Night: Makhachev vs. Moises,Jeremy Stephens vs. Mateusz Gamrot,Mateusz Gamrot,-176.0
2022-07-02,UFC 276: Adesanya vs. Cannonier,Jim Miller vs. Donald Cerrone,Jim Miller,-158.0
2022-07-02,UFC 276: Adesanya vs. Cannonier,Jim Miller vs. Donald Cerrone,Donald Cerrone,158.0
2021-04-10,UFC Fight Night: Vettori vs. Holland,Jim Miller vs. Joe Solecki,Jim Miller,176.0
2021-04-10,UFC Fight Night: Vettori vs. Holland,Jim Miller vs. Joe Solecki,Joe Solecki,-176.0
2020-06-20,UFC Fight Night: Blaydes vs. Volkov,Jim Miller vs. Roosevelt Roberts,Jim Miller,240.0
2020-06-20,UFC Fight Night: Blaydes vs. Volkov,Jim Miller vs. Roosevelt Roberts,Roosevelt Roberts,-240.0
2020-08-15,UFC 252: Miocic vs. Cormier 3,Jim Miller vs. Vinc Pichel,Jim Miller,-100.0
2020-08-15,UFC 252: Miocic vs. Cormier 3,Jim Miller vs. Vinc Pichel,Vinc Pichel,-100.0
2020-07-15,UFC Fight Night: Kattar vs. Ige,Jimmie Rivera vs. Cody Stamann,Jimmie Rivera,158.0
2020-07-15,UFC Fight Night: Kattar vs. Ige,Jimmie Rivera vs. Cody Stamann,Cody Stamann,-158.0
2021-12-04,UFC Fight Night: Font vs. Aldo,Jimmy Crute vs. Jamahal Hill,Jimmy Crute,-136.0
2021-12-04,UFC Fight Night: Font vs. Aldo,Jimmy Crute vs. Jamahal Hill,Jamahal Hill,136.0
2020-02-22,UFC Fight Night: Felder vs. Hooker,Jimmy Crute vs. Michal Oleksiejczuk,Jimmy Crute,-127.0
2020-02-22,UFC Fight Night: Felder vs. Hooker,Jimmy Crute vs. Michal Oleksiejczuk,Michal Oleksiejczuk,127.0
2020-10-17,UFC Fight Night: Ortega vs. The Korean Zombie,Jimmy Crute vs. Modestas Bukauskas,Jimmy Crute,-176.0
2020-10-17,UFC Fight Night: Ortega vs. The Korean Zombie,Jimmy Crute vs. Modestas Bukauskas,Modestas Bukauskas,176.0
2021-06-19,UFC Fight Night: Jung vs. Ige,Joaquim Silva vs. Ricky Glenn,Joaquim Silva,170.0
2021-06-19,UFC Fight Night: Jung vs. Ige,Joaquim Silva vs. Ricky Glenn,Ricky Glenn,-170.0
2022-02-19,UFC Fight Night: Walker vs. Hill,Joaquin Buckley vs. Abdul Razak Alhassan,Joaquin Buckley,-176.0
2022-02-19,UFC Fight Night: Walker vs. Hill,Joaquin Buckley vs. Abdul Razak Alhassan,Abdul Razak Alhassan,176.0
2022-06-18,UFC Fight Night: Kattar vs. Emmett,Joaquin Buckley vs. Albert Duraev,Joaquin Buckley,-176.0
2022-06-18,UFC Fight Night: Kattar vs. Emmett,Joaquin Buckley vs. Albert Duraev,Albert Duraev,176.0
2021-01-16,UFC Fight Night: Holloway vs. Kattar,Joaquin Buckley vs. Alessio Di Chirico,Joaquin Buckley,-134.0
2021-01-16,UFC Fight Night: Holloway vs. Kattar,Joaquin Buckley vs. Alessio Di Chirico,Alessio Di Chirico,134.0
2021-09-18,UFC Fight Night: Smith vs. Spann,Joaquin Buckley vs. Antonio Arroyo,Joaquin Buckley,-100.0
2021-09-18,UFC Fight Night: Smith vs. Spann,Joaquin Buckley vs. Antonio Arroyo,Antonio Arroyo,-100.0
2020-11-21,UFC 255: Figueiredo vs. Perez,Joaquin Buckley vs. Jordan Wright,Joaquin Buckley,-176.0
2020-11-21,UFC 255: Figueiredo vs. Perez,Joaquin Buckley vs. Jordan Wright,Jordan Wright,176.0
2020-07-18,UFC Fight Night: Figueiredo vs. Benavidez 2,Joe Duffy vs. Joel Alvarez,Joe Duffy,127.0
2020-07-18,UFC Fight Night: Figueiredo vs. Benavidez 2,Joe Duffy vs. Joel Alvarez,Joel Alvarez,-127.0
2022-06-04,UFC Fight Night: Volkov vs. Rozenstruik,Joe Solecki vs. Alex Da Silva,Joe Solecki,-176.0
2022-06-04,UFC Fight Night: Volkov vs. Rozenstruik,Joe Solecki vs. Alex Da Silva,Alex Da Silva,176.0
2021-10-02,UFC Fight Night: Santos vs. Walker,Joe Solecki vs. Jared Gordon,Joe Solecki,-170.0
2021-10-02,UFC Fight Night: Santos vs. Walker,Joe Solecki vs. Jared Gordon,Jared Gordon,170.0
2020-10-24,UFC 254: Khabib vs. Gaethje,Joel Alvarez vs. Alexander Yakovlev,Joel Alvarez,-176.0
2020-10-24,UFC 254: Khabib vs. Gaethje,Joel Alvarez vs. Alexander Yakovlev,Alexander Yakovlev,176.0
2020-08-15,UFC 252: Miocic vs. Cormier 3,John Dodson vs. Merab Dvalishvili,John Dodson,268.0
2020-08-15,UFC 252: Miocic vs. Cormier 3,John Dodson vs. Merab Dvalishvili,Merab Dvalishvili,-268.0
2021-08-07,UFC 265: Lewis vs. Gane,Johnny Munoz vs. Jamey Simmons,Johnny Munoz,-170.0
2021-08-07,UFC 265: Lewis vs. Gane,Johnny Munoz vs. Jamey Simmons,Jamey Simmons,170.0
2022-06-04,UFC Fight Night: Volkov vs. Rozenstruik,Johnny Munoz vs. Tony Gravely,Johnny Munoz,-100.0
2022-06-04,UFC Fight Night: Volkov vs. Rozenstruik,Johnny Munoz vs. Tony Gravely,Tony Gravely,-100.0
2022-02-19,UFC Fight Night: Walker vs. Hill,Johnny Walker vs. Jamahal Hill,Johnny Walker,-176.0
2022-02-19,UFC Fight Night: Walker vs. Hill,Johnny Walker vs. Jamahal Hill,Jamahal Hill,176.0
2020-03-14,UFC Fight Night: Lee vs. Oliveira,Johnny Walker vs. Nikita Krylov,Johnny Walker,176.0
2020-03-14,UFC Fight Night: Lee vs. Oliveira,Johnny Walker vs. Nikita Krylov,Nikita Krylov,-176.0
2020-09-19,UFC Fight Night: Covington vs. Woodley,Johnny Walker vs. Ryan Spann,Johnny Walker,-100.0
2020-09-19,UFC Fight Night: Covington vs. Woodley,Johnny Walker vs. Ryan Spann,Ryan Spann,-100.0
2021-03-13,UFC Fight Night: Edwards vs. Muhammad,Jonathan Martinez vs. Davey Grant,Jonathan Martinez,-176.0
2021-03-13,UFC Fight Night: Edwards vs. Muhammad,Jonathan Martinez vs. Davey Grant,Davey Grant,176.0
2022-05-21,UFC Fight Night: Holm vs. Vieira,Jonathan Martinez vs. Vince Morales,Jonathan Martinez,-176.0
2022-05-21,UFC Fight Night: Holm vs. Vieira,Jonathan Martinez vs. Vince Morales,Vince Morales,176.0
2020-11-28,UFC Fight Night: Smith vs. Clark,Jonathan Pearce vs. Kai Kamaka,Jonathan Pearce,
2020-11-28,UFC Fight Night: Smith vs. Clark,Jonathan Pearce vs. Kai Kamaka,Kai Kamaka,
2021-09-25,UFC 266: Volkanovski vs. Ortega,Jonathan Pearce vs. Omar Morales,Jonathan Pearce,127.0
2021-09-25,UFC 266: Volkanovski vs. Ortega,Jonathan Pearce vs. Omar Morales,Omar Morales,-127.0
2020-09-19,UFC Fight Night: Covington vs. Woodley,Jordan Espinosa vs. David Dvorak,Jordan Espinosa,-176.0
2020-09-19,UFC Fight Night: Covington vs. Woodley,Jordan Espinosa vs. David Dvorak,David Dvorak,176.0
2020-06-13,UFC Fight Night: Eye vs. Calvillo,Jordan Espinosa vs. Mark De La Rosa,Jordan Espinosa,-136.0
2020-06-13,UFC Fight Night: Eye vs. Calvillo,Jordan Espinosa vs. Mark De La Rosa,Mark De La Rosa,136.0
2020-06-27,UFC Fight Night: Poirier vs. Hooker,Jordan Griffin vs. Youssef Zalal,Jordan Griffin,279.0
2020-06-27,UFC Fight Night: Poirier vs. Hooker,Jordan Griffin vs. Youssef Zalal,Youssef Zalal,-279.0
2021-12-18,UFC Fight Night: Lewis vs. Daukaus,Jordan Leavitt vs. Matt Sayles,Jordan Leavitt,-141.0
2021-12-18,UFC Fight Night: Lewis vs. Daukaus,Jordan Leavitt vs. Matt Sayles,Matt Sayles,141.0
2021-12-11,UFC 269: Oliveira vs. Poirier,Jordan Wright vs. Bruno Silva,Jordan Wright,-100.0
2021-12-11,UFC 269: Oliveira vs. Poirier,Jordan Wright vs. Bruno Silva,Bruno Silva,-100.0
2021-05-15,UFC 262: Oliveira vs. Chandler,Jordan Wright vs. Jamie Pickett,Jordan Wright,-136.0
2021-05-15,UFC 262: Oliveira vs. Chandler,Jordan Wright vs. Jamie Pickett,Jamie Pickett,136.0
2022-04-23,UFC Fight Night: Lemos vs. Andrade,Jordan Wright vs. Marc-Andre Barriault,Jordan Wright,-170.0
2022-04-23,UFC Fight Night: Lemos vs. Andrade,Jordan Wright vs. Marc-Andre Barriault,Marc-Andre Barriault,170.0
2020-12-19,UFC Fight Night: Thompson vs. Neal,Jose Aldo vs. Marlon Vera,Jose Aldo,-127.0
2020-12-19,UFC Fight Night: Thompson vs. Neal,Jose Aldo vs. Marlon Vera,Marlon Vera,127.0
2021-08-07,UFC 265: Lewis vs. Gane,Jose Aldo vs. Pedro Munhoz,Jose Aldo,134.0
2021-08-07,UFC 265: Lewis vs. Gane,Jose Aldo vs. Pedro Munhoz,Pedro Munhoz,-134.0
2021-03-06,UFC 259: Blachowicz vs. Adesanya,Joseph Benavidez vs. Askar Askarov,Joseph Benavidez,-127.0
2021-03-06,UFC 259: Blachowicz vs. Adesanya,Joseph Benavidez vs. Askar Askarov,Askar Askarov,127.0
2020-02-29,UFC Fight Night: Benavidez vs. Figueiredo,Joseph Benavidez vs. Deiveson Figueiredo,Joseph Benavidez,-127.0
2020-02-29,UFC Fight Night: Benavidez vs. Figueiredo,Joseph Benavidez vs. Deiveson Figueiredo,Deiveson Figueiredo,127.0
2022-05-21,UFC Fight Night: Holm vs. Vieira,Joseph Holmes vs. Alen Amedovski,Joseph Holmes,-279.0
2022-05-21,UFC Fight Night: Holm vs. Vieira,Joseph Holmes vs. Alen Amedovski,Alen Amedovski,279.0
2021-12-11,UFC 269: Oliveira vs. Poirier,Josh Emmett vs. Dan Ige,Josh Emmett,176.0
2021-12-11,UFC 269: Oliveira vs. Poirier,Josh Emmett vs. Dan Ige,Dan Ige,-176.0
2020-06-20,UFC Fight Night: Blaydes vs. Volkov,Josh Emmett vs. Shane Burgos,Josh Emmett,127.0
2020-06-20,UFC Fight Night: Blaydes vs. Volkov,Josh Emmett vs. Shane Burgos,Shane Burgos,-127.0
2022-06-25,UFC Fight Night: Tsarukyan vs. Gamrot,Josh Parisian vs. Alan Baudot,Josh Parisian,127.0
2022-06-25,UFC Fight Night: Tsarukyan vs. Gamrot,Josh Parisian vs. Alan Baudot,Alan Baudot,-127.0
2021-06-19,UFC Fight Night: Jung vs. Ige,Josh Parisian vs. Roque Martinez,Josh Parisian,-127.0
2021-06-19,UFC Fight Night: Jung vs. Ige,Josh Parisian vs. Roque Martinez,Roque Martinez,127.0
2020-09-26,UFC 253: Adesanya vs. Costa,Juan Espino vs. Jeff Hughes,Juan Espino,-176.0
2020-09-26,UFC 253: Adesanya vs. Costa,Juan Espino vs. Jeff Hughes,Jeff Hughes,176.0
2021-09-04,UFC Fight Night: Brunson vs. Till,Julian Erosa vs. Charles Jourdain,Julian Erosa,240.0
2021-09-04,UFC Fight Night: Brunson vs. Till,Julian Erosa vs. Charles Jourdain,Charles Jourdain,-240.0
2021-06-19,UFC Fight Night: Jung vs. Ige,Julian Erosa vs. SeungWoo Choi,Julian Erosa,153.0
2021-06-19,UFC Fight Night: Jung vs. Ige,Julian Erosa vs. SeungWoo Choi,SeungWoo Choi,-153.0
2022-02-05,UFC Fight Night: Hermansson vs. Strickland,Julian Erosa vs. Steven Peterson,Julian Erosa,127.0
2022-02-05,UFC Fight Night: Hermansson vs. Strickland,Julian Erosa vs. Steven Peterson,Steven Peterson,-127.0
2022-06-18,UFC Fight Night: Kattar vs. Emmett,Julian Marquez vs. Gregory Rodrigues,Julian Marquez,176.0
2022-06-18,UFC Fight Night: Kattar vs. Emmett,Julian Marquez vs. Gregory Rodrigues,Gregory Rodrigues,-176.0
2021-07-24,UFC Fight Night: Sandhagen vs. Dillashaw,Julio Arce vs. Andre Ewell,Julio Arce,-141.0
2021-07-24,UFC Fight Night: Sandhagen vs. Dillashaw,Julio Arce vs. Andre Ewell,Andre Ewell,141.0
2021-10-23,UFC Fight Night: Costa vs. Vettori,JunYong Park vs. Gregory Rodrigues,JunYong Park,-100.0
2021-10-23,UFC Fight Night: Costa vs. Vettori,JunYong Park vs. Gregory Rodrigues,Gregory Rodrigues,-100.0
2020-10-17,UFC Fight Night: Ortega vs. The Korean Zombie,JunYong Park vs. John Phillips,JunYong Park,-279.0
2020-10-17,UFC Fight Night: Ortega vs. The Korean Zombie,JunYong Park vs. John Phillips,John Phillips,279.0
2021-05-08,UFC Fight Night: Rodriguez vs. Waterson,JunYong Park vs. Tafon Nchukwi,JunYong Park,-151.0
2021-05-08,UFC Fight Night: Rodriguez vs. Waterson,JunYong Park vs. Tafon Nchukwi,Tafon Nchukwi,151.0
2020-12-12,UFC 256: Figueiredo vs. Moreno,Junior Dos Santos vs. Ciryl Gane,Junior Dos Santos,170.0
2020-12-12,UFC 256: Figueiredo vs. Moreno,Junior Dos Santos vs. Ciryl Gane,Ciryl Gane,-170.0
2020-08-15,UFC 252: Miocic vs. Cormier 3,Junior Dos Santos vs. Jairzinho Rozenstruik,Junior Dos Santos,-176.0
2020-08-15,UFC 252: Miocic vs. Cormier 3,Junior Dos Santos vs. Jairzinho Rozenstruik,Jairzinho Rozenstruik,176.0
2020-06-06,UFC 250: Nunes vs. Spencer,Jussier Formiga vs. Alex Perez,Jussier Formiga,268.0
2020-06-06,UFC 250: Nunes vs. Spencer,Jussier Formiga vs. Alex Perez,Alex Perez,-268.0
2020-03-14,UFC Fight Night: Lee vs. Oliveira,Jussier Formiga vs. Brandon Moreno,Jussier Formiga,240.0
2020-03-14,UFC Fight Night: Lee vs. Oliveira,Jussier Formiga vs. Brandon Moreno,Brandon Moreno,-240.0
2021-11-06,UFC 268: Usman vs. Covington 2,Justin Gaethje vs. Michael Chandler,Justin Gaethje,-176.0
2021-11-06,UFC 268: Usman vs. Covington 2,Justin Gaethje vs. Michael Chandler,Michael Chandler,176.0
2021-12-18,UFC Fight Night: Lewis vs. Daukaus,Justin Tafa vs. Harry Hunsucker,Justin Tafa,-279.0
2021-12-18,UFC Fight Night: Lewis vs. Daukaus,Justin Tafa vs. Harry Hunsucker,Harry Hunsucker,279.0
2021-05-22,UFC Fight Night: Font vs. Garbrandt,Justin Tafa vs. Jared Vanderaa,Justin Tafa,-176.0
2021-05-22,UFC Fight Night: Font vs. Garbrandt,Justin Tafa vs. Jared Vanderaa,Jared Vanderaa,176.0
2021-05-01,UFC Fight Night: Reyes vs. Prochazka,Kai Kamaka vs. TJ Brown,Kai Kamaka,-100.0
2021-05-01,UFC Fight Night: Reyes vs. Prochazka,Kai Kamaka vs. TJ Brown,TJ Brown,-100.0
2020-09-26,UFC 253: Adesanya vs. Costa,Kai Kara-France vs. Brandon Royval,Kai Kara-France,-176.0
2020-09-26,UFC 253: Adesanya vs. Costa,Kai Kara-France vs. Brandon Royval,Brandon Royval,176.0
2021-12-11,UFC 269: Oliveira vs. Poirier,Kai Kara-France vs. Cody Garbrandt,Kai Kara-France,-100.0
2021-12-11,UFC 269: Oliveira vs. Poirier,Kai Kara-France vs. Cody Garbrandt,Cody Garbrandt,-100.0
2020-02-22,UFC Fight Night: Felder vs. Hooker,Kai Kara-France vs. Tyson Nam,Kai Kara-France,-240.0
2020-02-22,UFC Fight Night: Felder vs. Hooker,Kai Kara-France vs. Tyson Nam,Tyson Nam,240.0
2021-11-06,UFC 268: Usman vs. Covington 2,Kamaru Usman vs. Colby Covington,Kamaru Usman,-279.0
2021-11-06,UFC 268: Usman vs. Covington 2,Kamaru Usman vs. Colby Covington,Colby Covington,279.0
2021-02-13,UFC 258: Usman vs. Burns,Kamaru Usman vs. Gilbert Burns,Kamaru Usman,-300.0
2021-02-13,UFC 258: Usman vs. Burns,Kamaru Usman vs. Gilbert Burns,Gilbert Burns,300.0
2020-07-11,UFC 251: Usman vs. Masvidal,Kamaru Usman vs. Jorge Masvidal,Kamaru Usman,-177.0
2020-07-11,UFC 251: Usman vs. Masvidal,Kamaru Usman vs. Jorge Masvidal,Jorge Masvidal,275.0
2021-04-24,UFC 261: Usman vs. Masvidal 2,Kamaru Usman vs. Jorge Masvidal,Kamaru Usman,-292.0
2021-04-24,UFC 261: Usman vs. Masvidal 2,Kamaru Usman vs. Jorge Masvidal,Jorge Masvidal,275.0
2021-04-24,UFC 261: Usman vs. Masvidal 2,Karl Roberson vs. Brendan Allen,Karl Roberson,127.0
2021-04-24,UFC 261: Usman vs. Masvidal 2,Karl Roberson vs. Brendan Allen,Brendan Allen,-127.0
2020-06-13,UFC Fight Night: Eye vs. Calvillo,Karl Roberson vs. Marvin Vettori,Karl Roberson,127.0
2020-06-13,UFC Fight Night: Eye vs. Calvillo,Karl Roberson vs. Marvin Vettori,Marvin Vettori,-127.0
2021-02-13,UFC 258: Usman vs. Burns,Kelvin Gastelum vs. Ian Heinisch,Kelvin Gastelum,-176.0
2021-02-13,UFC 258: Usman vs. Burns,Kelvin Gastelum vs. Ian Heinisch,Ian Heinisch,176.0
2021-11-13,UFC Fight Night: Holloway vs. Rodriguez,Kennedy Nzechukwu vs. Da Woon Jung,Kennedy Nzechukwu,127.0
2021-11-13,UFC Fight Night: Holloway vs. Rodriguez,Kennedy Nzechukwu vs. Da Woon Jung,Da Woon Jung,-127.0
2021-06-26,UFC Fight Night: Gane vs. Volkov,Kennedy Nzechukwu vs. Danilo Marques,Kennedy Nzechukwu,127.0
2021-06-26,UFC Fight Night: Gane vs. Volkov,Kennedy Nzechukwu vs. Danilo Marques,Danilo Marques,-127.0
2020-02-22,UFC Fight Night: Felder vs. Hooker,Kevin Aguilar vs. Zubaira Tukhugov,Kevin Aguilar,127.0
2020-02-22,UFC Fight Night: Felder vs. Hooker,Kevin Aguilar vs. Zubaira Tukhugov,Zubaira Tukhugov,-127.0
2022-03-05,UFC 272: Covington vs. Masvidal,Kevin Holland vs. Alex Oliveira,Kevin Holland,-268.0
2022-03-05,UFC 272: Covington vs. Masvidal,Kevin Holland vs. Alex Oliveira,Alex Oliveira,268.0
2020-09-19,UFC Fight Night: Covington vs. Woodley,Kevin Holland vs. Darren Stewart,Kevin Holland,-170.0
2020-09-19,UFC Fight Night: Covington vs. Woodley,Kevin Holland vs. Darren Stewart,Darren Stewart,170.0
2020-12-12,UFC 256: Figueiredo vs. Moreno,Kevin Holland vs. Jacare Souza,Kevin Holland,-240.0
2020-12-12,UFC 256: Figueiredo vs. Moreno,Kevin Holland vs. Jacare Souza,Jacare Souza,240.0
2020-03-14,UFC Fight Night: Lee vs. Oliveira,Kevin Lee vs. Charles Oliveira,Kevin Lee,-127.0
2020-03-14,UFC Fight Night: Lee vs. Oliveira,Kevin Lee vs. Charles Oliveira,Charles Oliveira,127.0
2021-08-28,UFC Fight Night: Barboza vs. Chikadze,Kevin Lee vs. Daniel Rodriguez,Kevin Lee,-176.0
2021-08-28,UFC Fight Night: Barboza vs. Chikadze,Kevin Lee vs. Daniel Rodriguez,Daniel Rodriguez,176.0
2020-10-24,UFC 254: Khabib vs. Gaethje,Khabib Nurmagomedov vs. Justin Gaethje,Khabib Nurmagomedov,
2020-10-24,UFC 254: Khabib vs. Gaethje,Khabib Nurmagomedov vs. Justin Gaethje,Justin Gaethje,
2021-07-17,UFC Fight Night: Makhachev vs. Moises,Khalid Taha vs. Sergey Morozov,Khalid Taha,-176.0
2021-07-17,UFC Fight Night: Makhachev vs. Moises,Khalid Taha vs. Sergey Morozov,Sergey Morozov,176.0
2022-03-12,UFC Fight Night: Santos vs. Ankalaev,Khalil Rountree Jr. vs. Karl Roberson,Khalil Rountree Jr.,127.0
2022-03-12,UFC Fight Night: Santos vs. Ankalaev,Khalil Rountree Jr. vs. Karl Roberson,Karl Roberson,-127.0
2021-01-23,UFC 257: Poirier vs. McGregor,Khalil Rountree Jr. vs. Marcin Prachnio,Khalil Rountree Jr.,-176.0
2021-01-23,UFC 257: Poirier vs. McGregor,Khalil Rountree Jr. vs. Marcin Prachnio,Marcin Prachnio,176.0
2021-10-23,UFC Fight Night: Costa vs. Vettori,Khama Worthy vs. Jai Herbert,Khama Worthy,-100.0
2021-10-23,UFC Fight Night: Costa vs. Vettori,Khama Worthy vs. Jai Herbert,Jai Herbert,-100.0
2020-09-19,UFC Fight Night: Covington vs. Woodley,Khamzat Chimaev vs. Gerald Meerschaert,Khamzat Chimaev,-176.0
2020-09-19,UFC Fight Night: Covington vs. Woodley,Khamzat Chimaev vs. Gerald Meerschaert,Gerald Meerschaert,176.0
2021-06-19,UFC Fight Night: Jung vs. Ige,Khaos Williams vs. Matthew Semelsberger,Khaos Williams,-153.0
2021-06-19,UFC Fight Night: Jung vs. Ige,Khaos Williams vs. Matthew Semelsberger,Matthew Semelsberger,153.0
2020-09-12,UFC Fight Night: Waterson vs. Hill,King Green vs. Alan Patrick,King Green,-176.0
2020-09-12,UFC Fight Night: Waterson vs. Hill,King Green vs. Alan Patrick,Alan Patrick,176.0
2022-02-12,UFC 271: Adesanya vs. Whittaker 2,King Green vs. Nasrat Haqparast,King Green,-127.0
2022-02-12,UFC 271: Adesanya vs. Whittaker 2,King Green vs. Nasrat Haqparast,Nasrat Haqparast,127.0
2021-08-07,UFC 265: Lewis vs. Gane,King Green vs. Rafael Fiziev,King Green,-127.0
2021-08-07,UFC 265: Lewis vs. Gane,King Green vs. Rafael Fiziev,Rafael Fiziev,127.0
2020-10-31,UFC Fight Night: Hall vs. Silva,King Green vs. Thiago Moises,King Green,-127.0
2020-10-31,UFC Fight Night: Hall vs. Silva,King Green vs. Thiago Moises,Thiago Moises,127.0
2022-03-12,UFC Fight Night: Santos vs. Ankalaev,Kris Moutinho vs. Guido Cannetti,Kris Moutinho,-100.0
2022-03-12,UFC Fight Night: Santos vs. Ankalaev,Kris Moutinho vs. Guido Cannetti,Guido Cannetti,-100.0
2022-04-30,UFC Fight Night: Font vs. Vera,Krzysztof Jotko vs. Gerald Meerschaert,Krzysztof Jotko,-176.0
2022-04-30,UFC Fight Night: Font vs. Vera,Krzysztof Jotko vs. Gerald Meerschaert,Gerald Meerschaert,176.0
2022-02-19,UFC Fight Night: Walker vs. Hill,Kyle Daukaus vs. Jamie Pickett,Kyle Daukaus,-141.0
2022-02-19,UFC Fight Night: Walker vs. Hill,Kyle Daukaus vs. Jamie Pickett,Jamie Pickett,141.0
2022-02-12,UFC 271: Adesanya vs. Whittaker 2,Kyler Phillips vs. Marcelo Rojo,Kyler Phillips,-279.0
2022-02-12,UFC 271: Adesanya vs. Whittaker 2,Kyler Phillips vs. Marcelo Rojo,Marcelo Rojo,279.0
2021-07-24,UFC Fight Night: Sandhagen vs. Dillashaw,Kyler Phillips vs. Raulian Paiva,Kyler Phillips,-176.0
2021-07-24,UFC Fight Night: Sandhagen vs. Dillashaw,Kyler Phillips vs. Raulian Paiva,Raulian Paiva,176.0
2022-06-11,UFC 275: Teixeira vs. Prochazka,Kyung Ho Kang vs. Batgerel Danaa,Kyung Ho Kang,-100.0
2022-06-11,UFC 275: Teixeira vs. Prochazka,Kyung Ho Kang vs. Batgerel Danaa,Batgerel Danaa,-100.0
2022-04-23,UFC Fight Night: Lemos vs. Andrade,Lando Vannata vs. Charles Jourdain,Lando Vannata,-100.0
2022-04-23,UFC Fight Night: Lemos vs. Andrade,Lando Vannata vs. Charles Jourdain,Charles Jourdain,-100.0
2020-08-01,UFC Fight Night: Brunson vs. Shahbazyan,Lando Vannata vs. King Green,Lando Vannata,-100.0
2020-08-01,UFC Fight Night: Brunson vs. Shahbazyan,Lando Vannata vs. King Green,King Green,-100.0
2021-05-15,UFC 262: Oliveira vs. Chandler,Lando Vannata vs. Mike Grundy,Lando Vannata,-141.0
2021-05-15,UFC 262: Oliveira vs. Chandler,Lando Vannata vs. Mike Grundy,Mike Grundy,141.0
2021-06-12,UFC 263: Adesanya vs. Vettori 2,Leon Edwards vs. Nate Diaz,Leon Edwards,-176.0
2021-06-12,UFC 263: Adesanya vs. Vettori 2,Leon Edwards vs. Nate Diaz,Nate Diaz,176.0
2021-03-20,UFC Fight Night: Brunson vs. Holland,Leonardo Santos vs. Grant Dawson,Leonardo Santos,240.0
2021-03-20,UFC Fight Night: Brunson vs. Holland,Leonardo Santos vs. Grant Dawson,Grant Dawson,-240.0
2021-01-20,UFC Fight Night: Chiesa vs. Magny,Lerone Murphy vs. Douglas Silva de Andrade,Lerone Murphy,-240.0
2021-01-20,UFC Fight Night: Chiesa vs. Magny,Lerone Murphy vs. Douglas Silva de Andrade,Douglas Silva de Andrade,240.0
2021-10-30,UFC 267: Blachowicz vs. Teixeira,Li Jingliang vs. Khamzat Chimaev,Li Jingliang,151.0
2021-10-30,UFC 267: Blachowicz vs. Teixeira,Li Jingliang vs. Khamzat Chimaev,Khamzat Chimaev,-151.0
2020-05-30,UFC Fight Night: Woodley vs. Burns,Louis Smolka vs. Casey Kenney,Louis Smolka,153.0
2020-05-30,UFC Fight Night: Woodley vs. Burns,Louis Smolka vs. Casey Kenney,Casey Kenney,-153.0
2020-12-05,UFC Fight Night: Hermansson vs. Vettori,Louis Smolka vs. Jose Quinonez,Louis Smolka,176.0
2020-12-05,UFC Fight Night: Hermansson vs. Vettori,Louis Smolka vs. Jose Quinonez,Jose Quinonez,-176.0
2021-12-04,UFC Fight Night: Font vs. Aldo,Louis Smolka vs. Vince Morales,Louis Smolka,-100.0
2021-12-04,UFC Fight Night: Font vs. Aldo,Louis Smolka vs. Vince Morales,Vince Morales,-100.0
2021-05-08,UFC Fight Night: Rodriguez vs. Waterson,Ludovit Klein vs. Michael Trizano,Ludovit Klein,-127.0
2021-05-08,UFC Fight Night: Rodriguez vs. Waterson,Ludovit Klein vs. Michael Trizano,Michael Trizano,127.0
2020-10-03,UFC Fight Night: Holm vs. Aldana,Luigi Vendramini vs. Jessin Ayari,Luigi Vendramini,-127.0
2020-10-03,UFC Fight Night: Holm vs. Aldana,Luigi Vendramini vs. Jessin Ayari,Jessin Ayari,127.0
2021-04-17,UFC Fight Night: Whittaker vs. Gastelum,Luis Pena vs. Alexander Munoz,Luis Pena,-250.0
2021-04-17,UFC Fight Night: Whittaker vs. Gastelum,Luis Pena vs. Alexander Munoz,Alexander Munoz,250.0
2020-06-27,UFC Fight Night: Poirier vs. Hooker,Luis Pena vs. Khama Worthy,Luis Pena,-279.0
2020-06-27,UFC Fight Night: Poirier vs. Hooker,Luis Pena vs. Khama Worthy,Khama Worthy,279.0
2022-03-26,UFC Fight Night: Blaydes vs. Daukaus,Luis Saldana vs. Bruno Souza,Luis Saldana,-153.0
2022-03-26,UFC Fight Night: Blaydes vs. Daukaus,Luis Saldana vs. Bruno Souza,Bruno Souza,153.0
2021-05-01,UFC Fight Night: Reyes vs. Prochazka,Luke Sanders vs. Felipe Colares,Luke Sanders,153.0
2021-05-01,UFC Fight Night: Reyes vs. Prochazka,Luke Sanders vs. Felipe Colares,Felipe Colares,-153.0
2020-11-28,UFC Fight Night: Smith vs. Clark,Luke Sanders vs. Nate Maness,Luke Sanders,-100.0
2020-11-28,UFC Fight Night: Smith vs. Clark,Luke Sanders vs. Nate Maness,Nate Maness,-100.0
2020-10-24,UFC 254: Khabib vs. Gaethje,Magomed Ankalaev vs. Ion Cutelaba,Magomed Ankalaev,-176.0
2020-10-24,UFC 254: Khabib vs. Gaethje,Magomed Ankalaev vs. Ion Cutelaba,Ion Cutelaba,176.0
2021-10-30,UFC 267: Blachowicz vs. Teixeira,Magomed Ankalaev vs. Volkan Oezdemir,Magomed Ankalaev,-176.0
2021-10-30,UFC 267: Blachowicz vs. Teixeira,Magomed Ankalaev vs. Volkan Oezdemir,Volkan Oezdemir,176.0
2021-08-28,UFC Fight Night: Barboza vs. Chikadze,Makhmud Muradov vs. Gerald Meerschaert,Makhmud Muradov,-100.0
2021-08-28,UFC Fight Night: Barboza vs. Chikadze,Makhmud Muradov vs. Gerald Meerschaert,Gerald Meerschaert,-100.0
2020-08-08,UFC Fight Night: Lewis vs. Oleinik,Maki Pitolo vs. Darren Stewart,Maki Pitolo,127.0
2020-08-08,UFC Fight Night: Lewis vs. Oleinik,Maki Pitolo vs. Darren Stewart,Darren Stewart,-127.0
2021-12-04,UFC Fight Night: Font vs. Aldo,Maki Pitolo vs. Dusko Todorovic,Maki Pitolo,-100.0
2021-12-04,UFC Fight Night: Font vs. Aldo,Maki Pitolo vs. Dusko Todorovic,Dusko Todorovic,-100.0
2021-02-13,UFC 258: Usman vs. Burns,Maki Pitolo vs. Julian Marquez,Maki Pitolo,-170.0
2021-02-13,UFC 258: Usman vs. Burns,Maki Pitolo vs. Julian Marquez,Julian Marquez,170.0
2020-07-11,UFC 251: Usman vs. Masvidal,Makwan Amirkhani vs. Danny Henry,Makwan Amirkhani,-127.0
2020-07-11,UFC 251: Usman vs. Masvidal,Makwan Amirkhani vs. Danny Henry,Danny Henry,127.0
2021-10-30,UFC 267: Blachowicz vs. Teixeira,Makwan Amirkhani vs. Lerone Murphy,Makwan Amirkhani,268.0
2021-10-30,UFC 267: Blachowicz vs. Teixeira,Makwan Amirkhani vs. Lerone Murphy,Lerone Murphy,-268.0
2022-02-12,UFC 271: Adesanya vs. Whittaker 2,Mana Martinez vs. Ronnie Lawrence,Mana Martinez,240.0
2022-02-12,UFC 271: Adesanya vs. Whittaker 2,Mana Martinez vs. Ronnie Lawrence,Ronnie Lawrence,-240.0
2021-03-13,UFC Fight Night: Edwards vs. Muhammad,Manel Kape vs. Matheus Nicolau,Manel Kape,170.0
2021-03-13,UFC Fight Night: Edwards vs. Muhammad,Manel Kape vs. Matheus Nicolau,Matheus Nicolau,-170.0
2021-08-07,UFC 265: Lewis vs. Gane,Manel Kape vs. Ode Osbourne,Manel Kape,-100.0
2021-08-07,UFC 265: Lewis vs. Gane,Manel Kape vs. Ode Osbourne,Ode Osbourne,-100.0
2021-12-04,UFC Fight Night: Font vs. Aldo,Manel Kape vs. Zhalgas Zhumagulov,Manel Kape,-170.0
2021-12-04,UFC Fight Night: Font vs. Aldo,Manel Kape vs. Zhalgas Zhumagulov,Zhalgas Zhumagulov,170.0
2021-11-13,UFC Fight Night: Holloway vs. Rodriguez,Marc Diakiese vs. Rafael Alves,Marc Diakiese,-170.0
2021-11-13,UFC Fight Night: Holloway vs. Rodriguez,Marc Diakiese vs. Rafael Alves,Rafael Alves,170.0
2020-07-18,UFC Fight Night: Figueiredo vs. Benavidez 2,Marc Diakiese vs. Rafael Fiziev,Marc Diakiese,-176.0
2020-07-18,UFC Fight Night: Figueiredo vs. Benavidez 2,Marc Diakiese vs. Rafael Fiziev,Rafael Fiziev,176.0
2022-03-26,UFC Fight Night: Blaydes vs. Daukaus,Marc Diakiese vs. Viacheslav Borshchev,Marc Diakiese,-100.0
2022-03-26,UFC Fight Night: Blaydes vs. Daukaus,Marc Diakiese vs. Viacheslav Borshchev,Viacheslav Borshchev,-100.0
2021-03-27,UFC 260: Miocic vs. Ngannou,Marc-Andre Barriault vs. Abu Azaitar,Marc-Andre Barriault,127.0
2021-03-27,UFC 260: Miocic vs. Ngannou,Marc-Andre Barriault vs. Abu Azaitar,Abu Azaitar,-127.0
2021-06-26,UFC Fight Night: Gane vs. Volkov,Marcin Prachnio vs. Ike Villanueva,Marcin Prachnio,-176.0
2021-06-26,UFC Fight Night: Gane vs. Volkov,Marcin Prachnio vs. Ike Villanueva,Ike Villanueva,176.0
2020-08-22,UFC Fight Night: Munhoz vs. Edgar,Marcin Prachnio vs. Mike Rodriguez,Marcin Prachnio,127.0
2020-08-22,UFC Fight Night: Munhoz vs. Edgar,Marcin Prachnio vs. Mike Rodriguez,Mike Rodriguez,-127.0
2022-04-23,UFC Fight Night: Lemos vs. Andrade,Marcin Prachnio vs. Philipe Lins,Marcin Prachnio,-151.0
2022-04-23,UFC Fight Night: Lemos vs. Andrade,Marcin Prachnio vs. Philipe Lins,Philipe Lins,151.0
2020-12-19,UFC Fight Night: Thompson vs. Neal,Marcin Tybura vs. Greg Hardy,Marcin Tybura,-100.0
2020-12-19,UFC Fight Night: Thompson vs. Neal,Marcin Tybura vs. Greg Hardy,Greg Hardy,-100.0
2020-02-29,UFC Fight Night: Benavidez vs. Figueiredo,Marcin Tybura vs. Serghei Spivac,Marcin Tybura,279.0
2020-02-29,UFC Fight Night: Benavidez vs. Figueiredo,Marcin Tybura vs. Serghei Spivac,Serghei Spivac,-279.0
2020-03-07,UFC 248: Adesanya vs. Romero,Mark Madsen vs. Austin Hubbard,Mark Madsen,-300.0
2020-03-07,UFC 248: Adesanya vs. Romero,Mark Madsen vs. Austin Hubbard,Austin Hubbard,300.0
2020-10-10,UFC Fight Night: Moraes vs. Sandhagen,Marlon Moraes vs. Cory Sandhagen,Marlon Moraes,153.0
2020-10-10,UFC Fight Night: Moraes vs. Sandhagen,Marlon Moraes vs. Cory Sandhagen,Cory Sandhagen,-153.0
2021-09-25,UFC 266: Volkanovski vs. Ortega,Marlon Moraes vs. Merab Dvalishvili,Marlon Moraes,279.0
2021-09-25,UFC 266: Volkanovski vs. Ortega,Marlon Moraes vs. Merab Dvalishvili,Merab Dvalishvili,-279.0
2020-12-19,UFC Fight Night: Thompson vs. Neal,Marlon Moraes vs. Rob Font,Marlon Moraes,-100.0
2020-12-19,UFC Fight Night: Thompson vs. Neal,Marlon Moraes vs. Rob Font,Rob Font,-100.0
2022-03-12,UFC Fight Night: Santos vs. Ankalaev,Marlon Moraes vs. Song Yadong,Marlon Moraes,279.0
2022-03-12,UFC Fight Night: Santos vs. Ankalaev,Marlon Moraes vs. Song Yadong,Song Yadong,-279.0
2021-06-19,UFC Fight Night: Jung vs. Ige,Marlon Vera vs. Davey Grant,Marlon Vera,-176.0
2021-06-19,UFC Fight Night: Jung vs. Ige,Marlon Vera vs. Davey Grant,Davey Grant,176.0
2020-11-28,UFC Fight Night: Smith vs. Clark,Martin Day vs. Anderson Dos Santos,Martin Day,-170.0
2020-11-28,UFC Fight Night: Smith vs. Clark,Martin Day vs. Anderson Dos Santos,Anderson Dos Santos,170.0
2020-07-11,UFC 251: Usman vs. Masvidal,Martin Day vs. Davey Grant,Martin Day,-127.0
2020-07-11,UFC 251: Usman vs. Masvidal,Martin Day vs. Davey Grant,Davey Grant,127.0
2021-04-10,UFC Fight Night: Vettori vs. Holland,Marvin Vettori vs. Kevin Holland,Marvin Vettori,-100.0
2021-04-10,UFC Fight Night: Vettori vs. Holland,Marvin Vettori vs. Kevin Holland,Kevin Holland,-100.0
2022-03-26,UFC Fight Night: Blaydes vs. Daukaus,Matheus Nicolau vs. David Dvorak,Matheus Nicolau,-100.0
2022-03-26,UFC Fight Night: Blaydes vs. Daukaus,Matheus Nicolau vs. David Dvorak,David Dvorak,-100.0
2022-03-26,UFC Fight Night: Blaydes vs. Daukaus,Matt Brown vs. Bryan Barberena,Matt Brown,-151.0
2022-03-26,UFC Fight Night: Blaydes vs. Daukaus,Matt Brown vs. Bryan Barberena,Bryan Barberena,151.0
2021-06-19,UFC Fight Night: Jung vs. Ige,Matt Brown vs. Dhiego Lima,Matt Brown,-268.0
2021-06-19,UFC Fight Night: Jung vs. Ige,Matt Brown vs. Dhiego Lima,Dhiego Lima,268.0
2020-05-16,UFC Fight Night: Overeem vs. Harris,Matt Brown vs. Miguel Baeza,Matt Brown,-100.0
2020-05-16,UFC Fight Night: Overeem vs. Harris,Matt Brown vs. Miguel Baeza,Miguel Baeza,-100.0
2021-01-20,UFC Fight Night: Chiesa vs. Magny,Matt Schnell vs. Tyson Nam,Matt Schnell,-136.0
2021-01-20,UFC Fight Night: Chiesa vs. Magny,Matt Schnell vs. Tyson Nam,Tyson Nam,136.0
2020-10-31,UFC Fight Night: Hall vs. Silva,Maurice Greene vs. Greg Hardy,Maurice Greene,134.0
2020-10-31,UFC Fight Night: Hall vs. Silva,Maurice Greene vs. Greg Hardy,Greg Hardy,-134.0
2021-05-08,UFC Fight Night: Rodriguez vs. Waterson,Maurice Greene vs. Marcos Rogerio de Lima,Maurice Greene,176.0
2021-05-08,UFC Fight Night: Rodriguez vs. Waterson,Maurice Greene vs. Marcos Rogerio de Lima,Marcos Rogerio de Lima,-176.0
2022-05-07,UFC 274: Oliveira vs. Gaethje,Mauricio Rua vs. Ovince Saint Preux,Mauricio Rua,-100.0
2022-05-07,UFC 274: Oliveira vs. Gaethje,Mauricio Rua vs. Ovince Saint Preux,Ovince Saint Preux,-100.0
2020-11-21,UFC 255: Figueiredo vs. Perez,Mauricio Rua vs. Paul Craig,Mauricio Rua,134.0
2020-11-21,UFC 255: Figueiredo vs. Perez,Mauricio Rua vs. Paul Craig,Paul Craig,-134.0
2020-07-25,UFC Fight Night: Whittaker vs. Till,Mauricio Rua vs. Rogerio Nogueira,Mauricio Rua,-176.0
2020-07-25,UFC Fight Night: Whittaker vs. Till,Mauricio Rua vs. Rogerio Nogueira,Rogerio Nogueira,176.0
2021-01-16,UFC Fight Night: Holloway vs. Kattar,Max Holloway vs. Calvin Kattar,Max Holloway,-279.0
2021-01-16,UFC Fight Night: Holloway vs. Kattar,Max Holloway vs. Calvin Kattar,Calvin Kattar,279.0
2021-11-13,UFC Fight Night: Holloway vs. Rodriguez,Max Holloway vs. Yair Rodriguez,Max Holloway,-279.0
2021-11-13,UFC Fight Night: Holloway vs. Rodriguez,Max Holloway vs. Yair Rodriguez,Yair Rodriguez,279.0
2021-05-01,UFC Fight Night: Reyes vs. Prochazka,Merab Dvalishvili vs. Cody Stamann,Merab Dvalishvili,-176.0
2021-05-01,UFC Fight Night: Reyes vs. Prochazka,Merab Dvalishvili vs. Cody Stamann,Cody Stamann,176.0
2022-05-07,UFC 274: Oliveira vs. Gaethje,Michael Chandler vs. Tony Ferguson,Michael Chandler,300.0
2022-05-07,UFC 274: Oliveira vs. Gaethje,Michael Chandler vs. Tony Ferguson,Tony Ferguson,-300.0
2021-01-20,UFC Fight Night: Chiesa vs. Magny,Michael Chiesa vs. Neil Magny,Michael Chiesa,176.0
2021-01-20,UFC Fight Night: Chiesa vs. Magny,Michael Chiesa vs. Neil Magny,Neil Magny,-176.0
2021-11-20,UFC Fight Night: Vieira vs. Tate,Michael Chiesa vs. Sean Brady,Michael Chiesa,127.0
2021-11-20,UFC Fight Night: Vieira vs. Tate,Michael Chiesa vs. Sean Brady,Sean Brady,-127.0
2021-08-07,UFC 265: Lewis vs. Gane,Michael Chiesa vs. Vicente Luque,Michael Chiesa,153.0
2021-08-07,UFC 265: Lewis vs. Gane,Michael Chiesa vs. Vicente Luque,Vicente Luque,-153.0
2022-05-14,UFC Fight Night: Blachowicz vs. Rakic,Michael Johnson vs. Alan Patrick,Michael Johnson,-276.0
2022-05-14,UFC Fight Night: Blachowicz vs. Rakic,Michael Johnson vs. Alan Patrick,Alan Patrick,276.0
2021-02-06,UFC Fight Night: Overeem vs. Volkov,Michael Johnson vs. Clay Guida,Michael Johnson,-240.0
2021-02-06,UFC Fight Night: Overeem vs. Volkov,Michael Johnson vs. Clay Guida,Clay Guida,240.0
2020-05-13,UFC Fight Night: Smith vs. Teixeira,Michael Johnson vs. Thiago Moises,Michael Johnson,-127.0
2020-05-13,UFC Fight Night: Smith vs. Teixeira,Michael Johnson vs. Thiago Moises,Thiago Moises,127.0
2020-12-19,UFC Fight Night: Thompson vs. Neal,Michel Pereira vs. Khaos Williams,Michel Pereira,-141.0
2020-12-19,UFC Fight Night: Thompson vs. Neal,Michel Pereira vs. Khaos Williams,Khaos Williams,141.0
2020-09-05,UFC Fight Night: Overeem vs. Sakai,Michel Pereira vs. Zelim Imadaev,Michel Pereira,-141.0
2020-09-05,UFC Fight Night: Overeem vs. Sakai,Michel Pereira vs. Zelim Imadaev,Zelim Imadaev,141.0
2021-07-24,UFC Fight Night: Sandhagen vs. Dillashaw,Mickey Gall vs. Jordan Williams,Mickey Gall,-127.0
2021-07-24,UFC Fight Night: Sandhagen vs. Dillashaw,Mickey Gall vs. Jordan Williams,Jordan Williams,127.0
2022-04-16,UFC Fight Night: Luque vs. Muhammad,Miguel Baeza vs. Andre Fialho,Miguel Baeza,-176.0
2022-04-16,UFC Fight Night: Luque vs. Muhammad,Miguel Baeza vs. Andre Fialho,Andre Fialho,176.0
2021-11-13,UFC Fight Night: Holloway vs. Rodriguez,Miguel Baeza vs. Khaos Williams,Miguel Baeza,127.0
2021-11-13,UFC Fight Night: Holloway vs. Rodriguez,Miguel Baeza vs. Khaos Williams,Khaos Williams,-127.0
2020-11-28,UFC Fight Night: Smith vs. Clark,Miguel Baeza vs. Takashi Sato,Miguel Baeza,-268.0
2020-11-28,UFC Fight Night: Smith vs. Clark,Miguel Baeza vs. Takashi Sato,Takashi Sato,268.0
2022-03-19,UFC Fight Night: Volkov vs. Aspinall,Mike Grundy vs. Makwan Amirkhani,Mike Grundy,-136.0
2022-03-19,UFC Fight Night: Volkov vs. Aspinall,Mike Grundy vs. Makwan Amirkhani,Makwan Amirkhani,136.0
2021-04-10,UFC Fight Night: Vettori vs. Holland,Mike Perry vs. Daniel Rodriguez,Mike Perry,-136.0
2021-04-10,UFC Fight Night: Vettori vs. Holland,Mike Perry vs. Daniel Rodriguez,Daniel Rodriguez,136.0
2020-06-27,UFC Fight Night: Poirier vs. Hooker,Mike Perry vs. Mickey Gall,Mike Perry,-176.0
2020-06-27,UFC Fight Night: Poirier vs. Hooker,Mike Perry vs. Mickey Gall,Mickey Gall,176.0
2020-11-21,UFC 255: Figueiredo vs. Perez,Mike Perry vs. Tim Means,Mike Perry,-153.0
2020-11-21,UFC 255: Figueiredo vs. Perez,Mike Perry vs. Tim Means,Tim Means,153.0
2021-02-06,UFC Fight Night: Overeem vs. Volkov,Mike Rodriguez vs. Danilo Marques,Mike Rodriguez,127.0
2021-02-06,UFC Fight Night: Overeem vs. Volkov,Mike Rodriguez vs. Danilo Marques,Danilo Marques,-127.0
2021-09-18,UFC Fight Night: Smith vs. Spann,Mike Rodriguez vs. Tafon Nchukwi,Mike Rodriguez,176.0
2021-09-18,UFC Fight Night: Smith vs. Spann,Mike Rodriguez vs. Tafon Nchukwi,Tafon Nchukwi,-176.0
2021-08-07,UFC 265: Lewis vs. Gane,Miles Johns vs. Anderson Dos Santos,Miles Johns,-176.0
2021-08-07,UFC 265: Lewis vs. Gane,Miles Johns vs. Anderson Dos Santos,Anderson Dos Santos,176.0
2022-02-05,UFC Fight Night: Hermansson vs. Strickland,Miles Johns vs. John Castaneda,Miles Johns,-240.0
2022-02-05,UFC Fight Night: Hermansson vs. Strickland,Miles Johns vs. John Castaneda,John Castaneda,240.0
2020-09-19,UFC Fight Night: Covington vs. Woodley,Mirsad Bektic vs. Damon Jackson,Mirsad Bektic,-279.0
2020-09-19,UFC Fight Night: Covington vs. Woodley,Mirsad Bektic vs. Damon Jackson,Damon Jackson,279.0
2021-10-02,UFC Fight Night: Santos vs. Walker,Misha Cirkunov vs. Krzysztof Jotko,Misha Cirkunov,127.0
2021-10-02,UFC Fight Night: Santos vs. Walker,Misha Cirkunov vs. Krzysztof Jotko,Krzysztof Jotko,-127.0
2021-03-13,UFC Fight Night: Edwards vs. Muhammad,Misha Cirkunov vs. Ryan Spann,Misha Cirkunov,-153.0
2021-03-13,UFC Fight Night: Edwards vs. Muhammad,Misha Cirkunov vs. Ryan Spann,Ryan Spann,153.0
2022-02-26,UFC Fight Night: Makhachev vs. Green,Misha Cirkunov vs. Wellington Turman,Misha Cirkunov,-176.0
2022-02-26,UFC Fight Night: Makhachev vs. Green,Misha Cirkunov vs. Wellington Turman,Wellington Turman,176.0
2021-09-04,UFC Fight Night: Brunson vs. Till,Modestas Bukauskas vs. Khalil Rountree Jr.,Modestas Bukauskas,-176.0
2021-09-04,UFC Fight Night: Brunson vs. Till,Modestas Bukauskas vs. Khalil Rountree Jr.,Khalil Rountree Jr.,176.0
2021-03-27,UFC 260: Miocic vs. Ngannou,Modestas Bukauskas vs. Michal Oleksiejczuk,Modestas Bukauskas,176.0
2021-03-27,UFC 260: Miocic vs. Ngannou,Modestas Bukauskas vs. Michal Oleksiejczuk,Michal Oleksiejczuk,-176.0
2021-09-18,UFC Fight Night: Smith vs. Spann,Montel Jackson vs. JP Buys,Montel Jackson,-297.0
2021-09-18,UFC Fight Night: Smith vs. Spann,Montel Jackson vs. JP Buys,JP Buys,297.0
2021-06-12,UFC 263: Adesanya vs. Vettori 2,Movsar Evloev vs. Hakeem Dawodu,Movsar Evloev,-100.0
2021-06-12,UFC 263: Adesanya vs. Vettori 2,Movsar Evloev vs. Hakeem Dawodu,Hakeem Dawodu,-100.0
2020-07-25,UFC Fight Night: Whittaker vs. Till,Movsar Evloev vs. Mike Grundy,Movsar Evloev,-176.0
2020-07-25,UFC Fight Night: Whittaker vs. Till,Movsar Evloev vs. Mike Grundy,Mike Grundy,176.0
2021-07-24,UFC Fight Night: Sandhagen vs. Dillashaw,Nassourdine Imavov vs. Ian Heinisch,Nassourdine Imavov,-170.0
2021-07-24,UFC Fight Night: Sandhagen vs. Dillashaw,Nassourdine Imavov vs. Ian Heinisch,Ian Heinisch,170.0
2022-04-30,UFC Fight Night: Font vs. Vera,Natan Levy vs. Mike Breeden,Natan Levy,-240.0
2022-04-30,UFC Fight Night: Font vs. Vera,Natan Levy vs. Mike Breeden,Mike Breeden,240.0
2021-02-20,UFC Fight Night: Blaydes vs. Lewis,Nate Landwehr vs. Julian Erosa,Nate Landwehr,-100.0
2021-02-20,UFC Fight Night: Blaydes vs. Lewis,Nate Landwehr vs. Julian Erosa,Julian Erosa,-100.0
2021-10-16,UFC Fight Night: Ladd vs. Dumont,Nate Landwehr vs. Ludovit Klein,Nate Landwehr,279.0
2021-10-16,UFC Fight Night: Ladd vs. Dumont,Nate Landwehr vs. Ludovit Klein,Ludovit Klein,-279.0
2021-09-18,UFC Fight Night: Smith vs. Spann,Nate Maness vs. Tony Gravely,Nate Maness,176.0
2021-09-18,UFC Fight Night: Smith vs. Spann,Nate Maness vs. Tony Gravely,Tony Gravely,-176.0
2022-06-25,UFC Fight Night: Tsarukyan vs. Gamrot,Nate Maness vs. Umar Nurmagomedov,Nate Maness,
2022-06-25,UFC Fight Night: Tsarukyan vs. Gamrot,Nate Maness vs. Umar Nurmagomedov,Umar Nurmagomedov,
2020-10-24,UFC 254: Khabib vs. Gaethje,Nathaniel Wood vs. Casey Kenney,Nathaniel Wood,104.0
2020-10-24,UFC 254: Khabib vs. Gaethje,Nathaniel Wood vs. Casey Kenney,Casey Kenney,-104.0
2020-06-06,UFC 250: Nunes vs. Spencer,Neil Magny vs. Anthony Rocco Martin,Neil Magny,-100.0
2020-06-06,UFC 250: Nunes vs. Spencer,Neil Magny vs. Anthony Rocco Martin,Anthony Rocco Martin,-100.0
2021-05-08,UFC Fight Night: Rodriguez vs. Waterson,Neil Magny vs. Geoff Neal,Neil Magny,-153.0
2021-05-08,UFC Fight Night: Rodriguez vs. Waterson,Neil Magny vs. Geoff Neal,Geoff Neal,153.0
2020-03-07,UFC 248: Adesanya vs. Romero,Neil Magny vs. Li Jingliang,Neil Magny,119.0
2020-03-07,UFC 248: Adesanya vs. Romero,Neil Magny vs. Li Jingliang,Li Jingliang,-119.0
2022-03-26,UFC Fight Night: Blaydes vs. Daukaus,Neil Magny vs. Max Griffin,Neil Magny,-176.0
2022-03-26,UFC Fight Night: Blaydes vs. Daukaus,Neil Magny vs. Max Griffin,Max Griffin,176.0
2022-06-25,UFC Fight Night: Tsarukyan vs. Gamrot,Neil Magny vs. Shavkat Rakhmonov,Neil Magny,-100.0
2022-06-25,UFC Fight Night: Tsarukyan vs. Gamrot,Neil Magny vs. Shavkat Rakhmonov,Shavkat Rakhmonov,-100.0
2021-09-25,UFC 266: Volkanovski vs. Ortega,Nick Diaz vs. Robbie Lawler,Nick Diaz,-158.0
2021-09-25,UFC 266: Volkanovski vs. Ortega,Nick Diaz vs. Robbie Lawler,Robbie Lawler,158.0
2022-05-14,UFC Fight Night: Blachowicz vs. Rakic,Nick Maximov vs. Andre Petroski,Nick Maximov,-100.0
2022-05-14,UFC Fight Night: Blachowicz vs. Rakic,Nick Maximov vs. Andre Petroski,Andre Petroski,-100.0
2021-10-23,UFC Fight Night: Costa vs. Vettori,Nicolae Negumereanu vs. Ike Villanueva,Nicolae Negumereanu,-176.0
2021-10-23,UFC Fight Night: Costa vs. Vettori,Nicolae Negumereanu vs. Ike Villanueva,Ike Villanueva,176.0
2022-03-05,UFC 272: Covington vs. Masvidal,Nicolae Negumereanu vs. Kennedy Nzechukwu,Nicolae Negumereanu,149.0
2022-03-05,UFC 272: Covington vs. Masvidal,Nicolae Negumereanu vs. Kennedy Nzechukwu,Kennedy Nzechukwu,-149.0
2021-02-27,UFC Fight Night: Rozenstruik vs. Gane,Nikita Krylov vs. Magomed Ankalaev,Nikita Krylov,149.0
2021-02-27,UFC Fight Night: Rozenstruik vs. Gane,Nikita Krylov vs. Magomed Ankalaev,Magomed Ankalaev,-149.0
2022-03-19,UFC Fight Night: Volkov vs. Aspinall,Nikita Krylov vs. Paul Craig,Nikita Krylov,-176.0
2022-03-19,UFC Fight Night: Volkov vs. Aspinall,Nikita Krylov vs. Paul Craig,Paul Craig,176.0
2022-06-04,UFC Fight Night: Volkov vs. Rozenstruik,Niklas Stolze vs. Benoit Saint Denis,Niklas Stolze,-100.0
2022-06-04,UFC Fight Night: Volkov vs. Rozenstruik,Niklas Stolze vs. Benoit Saint Denis,Benoit Saint Denis,-100.0
2021-07-31,UFC Fight Night: Hall vs. Strickland,Niklas Stolze vs. Jared Gooden,Niklas Stolze,-100.0
2021-07-31,UFC Fight Night: Hall vs. Strickland,Niklas Stolze vs. Jared Gooden,Jared Gooden,-100.0
2021-07-10,UFC 264: Poirier vs. McGregor 3,Niko Price vs. Michel Pereira,Niko Price,176.0
2021-07-10,UFC 264: Poirier vs. McGregor 3,Niko Price vs. Michel Pereira,Michel Pereira,-176.0
2021-02-06,UFC Fight Night: Overeem vs. Volkov,Ode Osbourne vs. Jerome Rivera,Ode Osbourne,125.0
2021-02-06,UFC Fight Night: Overeem vs. Volkov,Ode Osbourne vs. Jerome Rivera,Jerome Rivera,-125.0
2022-06-04,UFC Fight Night: Volkov vs. Rozenstruik,Ode Osbourne vs. Zarrukh Adashev,Ode Osbourne,153.0
2022-06-04,UFC Fight Night: Volkov vs. Rozenstruik,Ode Osbourne vs. Zarrukh Adashev,Zarrukh Adashev,-153.0
2022-05-21,UFC Fight Night: Holm vs. Vieira,Omar Morales vs. Uros Medic,Omar Morales,-127.0
2022-05-21,UFC Fight Night: Holm vs. Vieira,Omar Morales vs. Uros Medic,Uros Medic,127.0
2021-07-10,UFC 264: Poirier vs. McGregor 3,Omari Akhmedov vs. Brad Tavares,Omari Akhmedov,-170.0
2021-07-10,UFC 264: Poirier vs. McGregor 3,Omari Akhmedov vs. Brad Tavares,Brad Tavares,170.0
2021-01-20,UFC Fight Night: Chiesa vs. Magny,Omari Akhmedov vs. Tom Breese,Omari Akhmedov,-127.0
2021-01-20,UFC Fight Night: Chiesa vs. Magny,Omari Akhmedov vs. Tom Breese,Tom Breese,127.0
2020-09-12,UFC Fight Night: Waterson vs. Hill,Ottman Azaitar vs. Khama Worthy,Ottman Azaitar,127.0
2020-09-12,UFC Fight Night: Waterson vs. Hill,Ottman Azaitar vs. Khama Worthy,Khama Worthy,-127.0
2020-09-05,UFC Fight Night: Overeem vs. Sakai,Ovince Saint Preux vs. Alonzo Menifield,Ovince Saint Preux,176.0
2020-09-05,UFC Fight Night: Overeem vs. Sakai,Ovince Saint Preux vs. Alonzo Menifield,Alonzo Menifield,-176.0
2020-12-05,UFC Fight Night: Hermansson vs. Vettori,Ovince Saint Preux vs. Jamahal Hill,Ovince Saint Preux,176.0
2020-12-05,UFC Fight Night: Hermansson vs. Vettori,Ovince Saint Preux vs. Jamahal Hill,Jamahal Hill,-176.0
2022-03-19,UFC Fight Night: Volkov vs. Aspinall,Paddy Pimblett vs. Kazula Vargas,Paddy Pimblett,-127.0
2022-03-19,UFC Fight Night: Volkov vs. Aspinall,Paddy Pimblett vs. Kazula Vargas,Kazula Vargas,127.0
2022-02-19,UFC Fight Night: Walker vs. Hill,Parker Porter vs. Alan Baudot,Parker Porter,-176.0
2022-02-19,UFC Fight Night: Walker vs. Hill,Parker Porter vs. Alan Baudot,Alan Baudot,176.0
2021-08-21,UFC Fight Night: Cannonier vs. Gastelum,Parker Porter vs. Chase Sherman,Parker Porter,-127.0
2021-08-21,UFC Fight Night: Cannonier vs. Gastelum,Parker Porter vs. Chase Sherman,Chase Sherman,127.0
2022-04-16,UFC Fight Night: Luque vs. Muhammad,Pat Sabatini vs. TJ Laramie,Pat Sabatini,-279.0
2022-04-16,UFC Fight Night: Luque vs. Muhammad,Pat Sabatini vs. TJ Laramie,TJ Laramie,279.0
2021-11-20,UFC Fight Night: Vieira vs. Tate,Pat Sabatini vs. Tucker Lutz,Pat Sabatini,127.0
2021-11-20,UFC Fight Night: Vieira vs. Tate,Pat Sabatini vs. Tucker Lutz,Tucker Lutz,-127.0
2020-07-25,UFC Fight Night: Whittaker vs. Till,Paul Craig vs. Gadzhimurad Antigulov,Paul Craig,-127.0
2020-07-25,UFC Fight Night: Whittaker vs. Till,Paul Craig vs. Gadzhimurad Antigulov,Gadzhimurad Antigulov,127.0
2021-06-12,UFC 263: Adesanya vs. Vettori 2,Paul Craig vs. Jamahal Hill,Paul Craig,127.0
2021-06-12,UFC 263: Adesanya vs. Vettori 2,Paul Craig vs. Jamahal Hill,Jamahal Hill,-127.0
2020-02-22,UFC Fight Night: Felder vs. Hooker,Paul Felder vs. Dan Hooker,Paul Felder,176.0
2020-02-22,UFC Fight Night: Felder vs. Hooker,Paul Felder vs. Dan Hooker,Dan Hooker,-176.0
2020-11-14,UFC Fight Night: Felder vs. Dos Anjos,Paul Felder vs. Rafael Dos Anjos,Paul Felder,279.0
2020-11-14,UFC Fight Night: Felder vs. Dos Anjos,Paul Felder vs. Rafael Dos Anjos,Rafael Dos Anjos,-279.0
2021-10-23,UFC Fight Night: Costa vs. Vettori,Paulo Costa vs. Marvin Vettori,Paulo Costa,268.0
2021-10-23,UFC Fight Night: Costa vs. Vettori,Paulo Costa vs. Marvin Vettori,Marvin Vettori,-268.0
2021-12-11,UFC 269: Oliveira vs. Poirier,Pedro Munhoz vs. Dominick Cruz,Pedro Munhoz,170.0
2021-12-11,UFC 269: Oliveira vs. Poirier,Pedro Munhoz vs. Dominick Cruz,Dominick Cruz,-170.0
2020-08-22,UFC Fight Night: Munhoz vs. Edgar,Pedro Munhoz vs. Frankie Edgar,Pedro Munhoz,240.0
2020-08-22,UFC Fight Night: Munhoz vs. Edgar,Pedro Munhoz vs. Frankie Edgar,Frankie Edgar,-240.0
2021-02-27,UFC Fight Night: Rozenstruik vs. Gane,Pedro Munhoz vs. Jimmie Rivera,Pedro Munhoz,136.0
2021-02-27,UFC Fight Night: Rozenstruik vs. Gane,Pedro Munhoz vs. Jimmie Rivera,Jimmie Rivera,-136.0
2021-10-30,UFC 267: Blachowicz vs. Teixeira,Petr Yan vs. Cory Sandhagen,Petr Yan,127.0
2021-10-30,UFC 267: Blachowicz vs. Teixeira,Petr Yan vs. Cory Sandhagen,Cory Sandhagen,-127.0
2020-07-11,UFC 251: Usman vs. Masvidal,Petr Yan vs. Jose Aldo,Petr Yan,-153.0
2020-07-11,UFC 251: Usman vs. Masvidal,Petr Yan vs. Jose Aldo,Jose Aldo,153.0
2022-06-18,UFC Fight Night: Kattar vs. Emmett,Phil Hawes vs. Deron Winn,Phil Hawes,-176.0
2022-06-18,UFC Fight Night: Kattar vs. Emmett,Phil Hawes vs. Deron Winn,Deron Winn,176.0
2021-05-08,UFC Fight Night: Rodriguez vs. Waterson,Phil Hawes vs. Kyle Daukaus,Phil Hawes,127.0
2021-05-08,UFC Fight Night: Rodriguez vs. Waterson,Phil Hawes vs. Kyle Daukaus,Kyle Daukaus,-127.0
2021-02-20,UFC Fight Night: Blaydes vs. Lewis,Phil Hawes vs. Nassourdine Imavov,Phil Hawes,-127.0
2021-02-20,UFC Fight Night: Blaydes vs. Lewis,Phil Hawes vs. Nassourdine Imavov,Nassourdine Imavov,127.0
2020-06-27,UFC Fight Night: Poirier vs. Hooker,Philipe Lins vs. Tanner Boser,Philipe Lins,176.0
2020-06-27,UFC Fight Night: Poirier vs. Hooker,Philipe Lins vs. Tanner Boser,Tanner Boser,-176.0
2021-07-24,UFC Fight Night: Sandhagen vs. Dillashaw,Punahele Soriano vs. Brendan Allen,Punahele Soriano,153.0
2021-07-24,UFC Fight Night: Sandhagen vs. Dillashaw,Punahele Soriano vs. Brendan Allen,Brendan Allen,-153.0
2021-01-16,UFC Fight Night: Holloway vs. Kattar,Punahele Soriano vs. Dusko Todorovic,Punahele Soriano,153.0
2021-01-16,UFC Fight Night: Holloway vs. Kattar,Punahele Soriano vs. Dusko Todorovic,Dusko Todorovic,-153.0
2022-02-05,UFC Fight Night: Hermansson vs. Strickland,Punahele Soriano vs. Nick Maximov,Punahele Soriano,153.0
2022-02-05,UFC Fight Night: Hermansson vs. Strickland,Punahele Soriano vs. Nick Maximov,Nick Maximov,-153.0
2022-04-16,UFC Fight Night: Luque vs. Muhammad,Rafa Garcia vs. Jesse Ronson,Rafa Garcia,-170.0
2022-04-16,UFC Fight Night: Luque vs. Muhammad,Rafa Garcia vs. Jesse Ronson,Jesse Ronson,170.0
2022-03-05,UFC 272: Covington vs. Masvidal,Rafael Dos Anjos vs. Renato Moicano,Rafael Dos Anjos,-240.0
2022-03-05,UFC 272: Covington vs. Masvidal,Rafael Dos Anjos vs. Renato Moicano,Renato Moicano,240.0
2022-02-26,UFC Fight Night: Makhachev vs. Green,Ramiz Brahimaj vs. Micheal Gillmore,Ramiz Brahimaj,-176.0
2022-02-26,UFC Fight Night: Makhachev vs. Green,Ramiz Brahimaj vs. Micheal Gillmore,Micheal Gillmore,176.0
2021-10-09,UFC Fight Night: Dern vs. Rodriguez,Randy Brown vs. Jared Gooden,Randy Brown,-176.0
2021-10-09,UFC Fight Night: Dern vs. Rodriguez,Randy Brown vs. Jared Gooden,Jared Gooden,176.0
2022-05-07,UFC 274: Oliveira vs. Gaethje,Randy Brown vs. Khaos Williams,Randy Brown,-100.0
2022-05-07,UFC 274: Oliveira vs. Gaethje,Randy Brown vs. Khaos Williams,Khaos Williams,-100.0
2021-12-11,UFC 269: Oliveira vs. Poirier,Randy Costa vs. Tony Kelley,Randy Costa,-268.0
2021-12-11,UFC 269: Oliveira vs. Poirier,Randy Costa vs. Tony Kelley,Tony Kelley,268.0
2020-03-14,UFC Fight Night: Lee vs. Oliveira,Rani Yahya vs. Enrique Barzola,Rani Yahya,176.0
2020-03-14,UFC Fight Night: Lee vs. Oliveira,Rani Yahya vs. Enrique Barzola,Enrique Barzola,-176.0
2021-11-20,UFC Fight Night: Vieira vs. Tate,Rani Yahya vs. Kyung Ho Kang,Rani Yahya,-176.0
2021-11-20,UFC Fight Night: Vieira vs. Tate,Rani Yahya vs. Kyung Ho Kang,Kyung Ho Kang,176.0
2021-03-13,UFC Fight Night: Edwards vs. Muhammad,Rani Yahya vs. Ray Rodriguez,Rani Yahya,-170.0
2021-03-13,UFC Fight Night: Edwards vs. Muhammad,Rani Yahya vs. Ray Rodriguez,Ray Rodriguez,170.0
2020-11-07,UFC Fight Night: Santos vs. Teixeira,Raoni Barcelos vs. Khalid Taha,Raoni Barcelos,-170.0
2020-11-07,UFC Fight Night: Santos vs. Teixeira,Raoni Barcelos vs. Khalid Taha,Khalid Taha,170.0
2021-06-26,UFC Fight Night: Gane vs. Volkov,Raoni Barcelos vs. Timur Valiev,Raoni Barcelos,-100.0
2021-06-26,UFC Fight Night: Gane vs. Volkov,Raoni Barcelos vs. Timur Valiev,Timur Valiev,-100.0
2020-06-06,UFC 250: Nunes vs. Spencer,Raphael Assuncao vs. Cody Garbrandt,Raphael Assuncao,127.0
2020-06-06,UFC 250: Nunes vs. Spencer,Raphael Assuncao vs. Cody Garbrandt,Cody Garbrandt,-127.0
2021-12-18,UFC Fight Night: Lewis vs. Daukaus,Raphael Assuncao vs. Ricky Simon,Raphael Assuncao,176.0
2021-12-18,UFC Fight Night: Lewis vs. Daukaus,Raphael Assuncao vs. Ricky Simon,Ricky Simon,-176.0
2021-12-11,UFC 269: Oliveira vs. Poirier,Raulian Paiva vs. Sean O'Malley,Raulian Paiva,279.0
2021-12-11,UFC 269: Oliveira vs. Poirier,Raulian Paiva vs. Sean O'Malley,Sean O'Malley,-279.0
2022-06-25,UFC Fight Night: Tsarukyan vs. Gamrot,Raulian Paiva vs. Sergey Morozov,Raulian Paiva,127.0
2022-06-25,UFC Fight Night: Tsarukyan vs. Gamrot,Raulian Paiva vs. Sergey Morozov,Sergey Morozov,-127.0
2020-03-14,UFC Fight Night: Lee vs. Oliveira,Renato Moicano vs. Damir Hadzovic,Renato Moicano,-176.0
2020-03-14,UFC Fight Night: Lee vs. Oliveira,Renato Moicano vs. Damir Hadzovic,Damir Hadzovic,176.0
2021-06-26,UFC Fight Night: Gane vs. Volkov,Renato Moicano vs. Jai Herbert,Renato Moicano,-127.0
2021-06-26,UFC Fight Night: Gane vs. Volkov,Renato Moicano vs. Jai Herbert,Jai Herbert,127.0
2020-12-12,UFC 256: Figueiredo vs. Moreno,Renato Moicano vs. Rafael Fiziev,Renato Moicano,-127.0
2020-12-12,UFC 256: Figueiredo vs. Moreno,Renato Moicano vs. Rafael Fiziev,Rafael Fiziev,127.0
2021-05-22,UFC Fight Night: Font vs. Garbrandt,Ricardo Ramos vs. Bill Algeo,Ricardo Ramos,-153.0
2021-05-22,UFC Fight Night: Font vs. Garbrandt,Ricardo Ramos vs. Bill Algeo,Bill Algeo,153.0
2022-06-18,UFC Fight Night: Kattar vs. Emmett,Ricardo Ramos vs. Danny Chavez,Ricardo Ramos,-176.0
2022-06-18,UFC Fight Night: Kattar vs. Emmett,Ricardo Ramos vs. Danny Chavez,Danny Chavez,176.0
2020-07-15,UFC Fight Night: Kattar vs. Ige,Ricardo Ramos vs. Lerone Murphy,Ricardo Ramos,-149.0
2020-07-15,UFC Fight Night: Kattar vs. Ige,Ricardo Ramos vs. Lerone Murphy,Lerone Murphy,149.0
2021-10-30,UFC 267: Blachowicz vs. Teixeira,Ricardo Ramos vs. Zubaira Tukhugov,Ricardo Ramos,127.0
2021-10-30,UFC 267: Blachowicz vs. Teixeira,Ricardo Ramos vs. Zubaira Tukhugov,Zubaira Tukhugov,-127.0
2021-02-13,UFC 258: Usman vs. Burns,Ricky Simon vs. Brian Kelleher,Ricky Simon,-268.0
2021-02-13,UFC 258: Usman vs. Burns,Ricky Simon vs. Brian Kelleher,Brian Kelleher,268.0
2020-05-13,UFC Fight Night: Smith vs. Teixeira,Ricky Simon vs. Ray Borg,Ricky Simon,-100.0
2020-05-13,UFC Fight Night: Smith vs. Teixeira,Ricky Simon vs. Ray Borg,Ray Borg,-100.0
2021-05-22,UFC Fight Night: Font vs. Garbrandt,Rob Font vs. Cody Garbrandt,Rob Font,-127.0
2021-05-22,UFC Fight Night: Font vs. Garbrandt,Rob Font vs. Cody Garbrandt,Cody Garbrandt,127.0
2021-12-04,UFC Fight Night: Font vs. Aldo,Rob Font vs. Jose Aldo,Rob Font,-158.0
2021-12-04,UFC Fight Night: Font vs. Aldo,Rob Font vs. Jose Aldo,Jose Aldo,158.0
2022-04-30,UFC Fight Night: Font vs. Vera,Rob Font vs. Marlon Vera,Rob Font,-176.0
2022-04-30,UFC Fight Night: Font vs. Vera,Rob Font vs. Marlon Vera,Marlon Vera,176.0
2022-07-02,UFC 276: Adesanya vs. Cannonier,Robbie Lawler vs. Bryan Barberena,Robbie Lawler,279.0
2022-07-02,UFC 276: Adesanya vs. Cannonier,Robbie Lawler vs. Bryan Barberena,Bryan Barberena,-279.0
2020-08-29,UFC Fight Night: Smith vs. Rakic,Robbie Lawler vs. Neil Magny,Robbie Lawler,300.0
2020-08-29,UFC Fight Night: Smith vs. Rakic,Robbie Lawler vs. Neil Magny,Neil Magny,-300.0
2020-07-25,UFC Fight Night: Whittaker vs. Till,Robert Whittaker vs. Darren Till,Robert Whittaker,-176.0
2020-07-25,UFC Fight Night: Whittaker vs. Till,Robert Whittaker vs. Darren Till,Darren Till,176.0
2020-10-24,UFC 254: Khabib vs. Gaethje,Robert Whittaker vs. Jared Cannonier,Robert Whittaker,-279.0
2020-10-24,UFC 254: Khabib vs. Gaethje,Robert Whittaker vs. Jared Cannonier,Jared Cannonier,279.0
2021-04-17,UFC Fight Night: Whittaker vs. Gastelum,Robert Whittaker vs. Kelvin Gastelum,Robert Whittaker,-176.0
2021-04-17,UFC Fight Night: Whittaker vs. Gastelum,Robert Whittaker vs. Kelvin Gastelum,Kelvin Gastelum,176.0
2021-02-13,UFC 258: Usman vs. Burns,Rodolfo Vieira vs. Anthony Hernandez,Rodolfo Vieira,-100.0
2021-02-13,UFC 258: Usman vs. Burns,Rodolfo Vieira vs. Anthony Hernandez,Anthony Hernandez,-100.0
2021-07-17,UFC Fight Night: Makhachev vs. Moises,Rodolfo Vieira vs. Dustin Stoltzfus,Rodolfo Vieira,-151.0
2021-07-17,UFC Fight Night: Makhachev vs. Moises,Rodolfo Vieira vs. Dustin Stoltzfus,Dustin Stoltzfus,151.0
2020-03-07,UFC 248: Adesanya vs. Romero,Rodolfo Vieira vs. Saparbeg Safarov,Rodolfo Vieira,-170.0
2020-03-07,UFC 248: Adesanya vs. Romero,Rodolfo Vieira vs. Saparbeg Safarov,Saparbeg Safarov,170.0
2021-03-06,UFC 259: Blachowicz vs. Adesanya,Rogerio Bontorin vs. Kai Kara-France,Rogerio Bontorin,176.0
2021-03-06,UFC 259: Blachowicz vs. Adesanya,Rogerio Bontorin vs. Kai Kara-France,Kai Kara-France,-176.0
2022-06-18,UFC Fight Night: Kattar vs. Emmett,Roman Dolidze vs. Kyle Daukaus,Roman Dolidze,-149.0
2022-06-18,UFC Fight Night: Kattar vs. Emmett,Roman Dolidze vs. Kyle Daukaus,Kyle Daukaus,149.0
2021-06-05,UFC Fight Night: Rozenstruik vs. Sakai,Roman Dolidze vs. Laureano Staropoli,Roman Dolidze,-176.0
2021-06-05,UFC Fight Night: Rozenstruik vs. Sakai,Roman Dolidze vs. Laureano Staropoli,Laureano Staropoli,176.0
2022-02-26,UFC Fight Night: Makhachev vs. Green,Rongzhu vs. Ignacio Bahamondes,Rongzhu,-176.0
2022-02-26,UFC Fight Night: Makhachev vs. Green,Rongzhu vs. Ignacio Bahamondes,Ignacio Bahamondes,176.0
2021-08-21,UFC Fight Night: Cannonier vs. Gastelum,Roosevelt Roberts vs. Ignacio Bahamondes,Roosevelt Roberts,-100.0
2021-08-21,UFC Fight Night: Cannonier vs. Gastelum,Roosevelt Roberts vs. Ignacio Bahamondes,Ignacio Bahamondes,-100.0
2021-07-31,UFC Fight Night: Hall vs. Strickland,Ryan Benoit vs. Zarrukh Adashev,Ryan Benoit,127.0
2021-07-31,UFC Fight Night: Hall vs. Strickland,Ryan Benoit vs. Zarrukh Adashev,Zarrukh Adashev,-127.0
2021-12-11,UFC 269: Oliveira vs. Poirier,Ryan Hall vs. Darrick Minner,Ryan Hall,-127.0
2021-12-11,UFC 269: Oliveira vs. Poirier,Ryan Hall vs. Darrick Minner,Darrick Minner,127.0
2021-07-10,UFC 264: Poirier vs. McGregor 3,Ryan Hall vs. Ilia Topuria,Ryan Hall,176.0
2021-07-10,UFC 264: Poirier vs. McGregor 3,Ryan Hall vs. Ilia Topuria,Ilia Topuria,-176.0
2022-05-14,UFC Fight Night: Blachowicz vs. Rakic,Ryan Spann vs. Ion Cutelaba,Ryan Spann,127.0
2022-05-14,UFC Fight Night: Blachowicz vs. Rakic,Ryan Spann vs. Ion Cutelaba,Ion Cutelaba,-127.0
2020-05-09,UFC 249: Ferguson vs. Gaethje,Ryan Spann vs. Sam Alvey,Ryan Spann,-176.0
2020-05-09,UFC 249: Ferguson vs. Gaethje,Ryan Spann vs. Sam Alvey,Sam Alvey,176.0
2022-02-05,UFC Fight Night: Hermansson vs. Strickland,Sam Alvey vs. Brendan Allen,Sam Alvey,240.0
2022-02-05,UFC Fight Night: Hermansson vs. Strickland,Sam Alvey vs. Brendan Allen,Brendan Allen,-240.0
2021-04-10,UFC Fight Night: Vettori vs. Holland,Sam Alvey vs. Julian Marquez,Sam Alvey,-127.0
2021-04-10,UFC Fight Night: Vettori vs. Holland,Sam Alvey vs. Julian Marquez,Julian Marquez,127.0
2021-08-28,UFC Fight Night: Barboza vs. Chikadze,Sam Alvey vs. Wellington Turman,Sam Alvey,-100.0
2021-08-28,UFC Fight Night: Barboza vs. Chikadze,Sam Alvey vs. Wellington Turman,Wellington Turman,-100.0
2021-01-16,UFC Fight Night: Holloway vs. Kattar,Santiago Ponzinibbio vs. Li Jingliang,Santiago Ponzinibbio,-170.0
2021-01-16,UFC Fight Night: Holloway vs. Kattar,Santiago Ponzinibbio vs. Li Jingliang,Li Jingliang,170.0
2022-05-21,UFC Fight Night: Holm vs. Vieira,Santiago Ponzinibbio vs. Michel Pereira,Santiago Ponzinibbio,-127.0
2022-05-21,UFC Fight Night: Holm vs. Vieira,Santiago Ponzinibbio vs. Michel Pereira,Michel Pereira,127.0
2021-06-05,UFC Fight Night: Rozenstruik vs. Sakai,Santiago Ponzinibbio vs. Miguel Baeza,Santiago Ponzinibbio,-100.0
2021-06-05,UFC Fight Night: Rozenstruik vs. Sakai,Santiago Ponzinibbio vs. Miguel Baeza,Miguel Baeza,-100.0
2021-08-21,UFC Fight Night: Cannonier vs. Gastelum,Sasha Palatnikov vs. Ramiz Brahimaj,Sasha Palatnikov,-100.0
2021-08-21,UFC Fight Night: Cannonier vs. Gastelum,Sasha Palatnikov vs. Ramiz Brahimaj,Ramiz Brahimaj,-100.0
2021-04-10,UFC Fight Night: Vettori vs. Holland,Scott Holtzman vs. Mateusz Gamrot,Scott Holtzman,-100.0
2021-04-10,UFC Fight Night: Vettori vs. Holland,Scott Holtzman vs. Mateusz Gamrot,Mateusz Gamrot,-100.0
2020-08-29,UFC Fight Night: Smith vs. Rakic,Sean Brady vs. Christian Aguilera,Sean Brady,-170.0
2020-08-29,UFC Fight Night: Smith vs. Rakic,Sean Brady vs. Christian Aguilera,Christian Aguilera,170.0
2020-02-29,UFC Fight Night: Benavidez vs. Figueiredo,Sean Brady vs. Ismail Naurdiev,Sean Brady,279.0
2020-02-29,UFC Fight Night: Benavidez vs. Figueiredo,Sean Brady vs. Ismail Naurdiev,Ismail Naurdiev,-279.0
2021-03-06,UFC 259: Blachowicz vs. Adesanya,Sean Brady vs. Jake Matthews,Sean Brady,-100.0
2021-03-06,UFC 259: Blachowicz vs. Adesanya,Sean Brady vs. Jake Matthews,Jake Matthews,-100.0
2020-03-07,UFC 248: Adesanya vs. Romero,Sean O'Malley vs. Jose Quinonez,Sean O'Malley,-100.0
2020-03-07,UFC 248: Adesanya vs. Romero,Sean O'Malley vs. Jose Quinonez,Jose Quinonez,-100.0
2020-08-15,UFC 252: Miocic vs. Cormier 3,Sean O'Malley vs. Marlon Vera,Sean O'Malley,-240.0
2020-08-15,UFC 252: Miocic vs. Cormier 3,Sean O'Malley vs. Marlon Vera,Marlon Vera,240.0
2021-03-27,UFC 260: Miocic vs. Ngannou,Sean O'Malley vs. Thomas Almeida,Sean O'Malley,-176.0
2021-03-27,UFC 260: Miocic vs. Ngannou,Sean O'Malley vs. Thomas Almeida,Thomas Almeida,176.0
2020-10-31,UFC Fight Night: Hall vs. Silva,Sean Strickland vs. Jack Marshman,Sean Strickland,-300.0
2020-10-31,UFC Fight Night: Hall vs. Silva,Sean Strickland vs. Jack Marshman,Jack Marshman,300.0
2021-05-01,UFC Fight Night: Reyes vs. Prochazka,Sean Strickland vs. Krzysztof Jotko,Sean Strickland,-153.0
2021-05-01,UFC Fight Night: Reyes vs. Prochazka,Sean Strickland vs. Krzysztof Jotko,Krzysztof Jotko,153.0
2021-11-13,UFC Fight Night: Holloway vs. Rodriguez,Sean Woodson vs. Collin Anglin,Sean Woodson,-153.0
2021-11-13,UFC Fight Night: Holloway vs. Rodriguez,Sean Woodson vs. Collin Anglin,Collin Anglin,153.0
2020-06-27,UFC Fight Night: Poirier vs. Hooker,Sean Woodson vs. Julian Erosa,Sean Woodson,-240.0
2020-06-27,UFC Fight Night: Poirier vs. Hooker,Sean Woodson vs. Julian Erosa,Julian Erosa,240.0
2021-06-05,UFC Fight Night: Rozenstruik vs. Sakai,Sean Woodson vs. Youssef Zalal,Sean Woodson,176.0
2021-06-05,UFC Fight Night: Rozenstruik vs. Sakai,Sean Woodson vs. Youssef Zalal,Youssef Zalal,-176.0
2022-03-05,UFC 272: Covington vs. Masvidal,Serghei Spivac vs. Greg Hardy,Serghei Spivac,-176.0
2022-03-05,UFC 272: Covington vs. Masvidal,Serghei Spivac vs. Greg Hardy,Greg Hardy,176.0
2022-06-11,UFC 275: Teixeira vs. Prochazka,SeungWoo Choi vs. Josh Culibao,SeungWoo Choi,127.0
2022-06-11,UFC 275: Teixeira vs. Prochazka,SeungWoo Choi vs. Josh Culibao,Josh Culibao,-127.0
2021-02-06,UFC Fight Night: Overeem vs. Volkov,SeungWoo Choi vs. Youssef Zalal,SeungWoo Choi,300.0
2021-02-06,UFC Fight Night: Overeem vs. Volkov,SeungWoo Choi vs. Youssef Zalal,Youssef Zalal,-300.0
2021-09-25,UFC 266: Volkanovski vs. Ortega,Shamil Abdurakhimov vs. Chris Daukaus,Shamil Abdurakhimov,176.0
2021-09-25,UFC 266: Volkanovski vs. Ortega,Shamil Abdurakhimov vs. Chris Daukaus,Chris Daukaus,-176.0
2022-03-19,UFC Fight Night: Volkov vs. Aspinall,Shamil Abdurakhimov vs. Sergei Pavlovich,Shamil Abdurakhimov,170.0
2022-03-19,UFC Fight Night: Volkov vs. Aspinall,Shamil Abdurakhimov vs. Sergei Pavlovich,Sergei Pavlovich,-170.0
2021-10-30,UFC 267: Blachowicz vs. Teixeira,Shamil Gamzatov vs. Michal Oleksiejczuk,Shamil Gamzatov,176.0
2021-10-30,UFC 267: Blachowicz vs. Teixeira,Shamil Gamzatov vs. Michal Oleksiejczuk,Michal Oleksiejczuk,-176.0
2021-11-06,UFC 268: Usman vs. Covington 2,Shane Burgos vs. Billy Quarantillo,Shane Burgos,-127.0
2021-11-06,UFC 268: Usman vs. Covington 2,Shane Burgos vs. Billy Quarantillo,Billy Quarantillo,127.0
2021-05-15,UFC 262: Oliveira vs. Chandler,Shane Burgos vs. Edson Barboza,Shane Burgos,-100.0
2021-05-15,UFC 262: Oliveira vs. Chandler,Shane Burgos vs. Edson Barboza,Edson Barboza,-100.0
2021-03-27,UFC 260: Miocic vs. Ngannou,Shane Young vs. Omar Morales,Shane Young,127.0
2021-03-27,UFC 260: Miocic vs. Ngannou,Shane Young vs. Omar Morales,Omar Morales,-127.0
2022-02-05,UFC Fight Night: Hermansson vs. Strickland,Shavkat Rakhmonov vs. Carlston Harris,Shavkat Rakhmonov,-151.0
2022-02-05,UFC Fight Night: Hermansson vs. Strickland,Shavkat Rakhmonov vs. Carlston Harris,Carlston Harris,151.0
2021-06-26,UFC Fight Night: Gane vs. Volkov,Shavkat Rakhmonov vs. Michel Prazeres,Shavkat Rakhmonov,-100.0
2021-06-26,UFC Fight Night: Gane vs. Volkov,Shavkat Rakhmonov vs. Michel Prazeres,Michel Prazeres,-100.0
2021-11-20,UFC Fight Night: Vieira vs. Tate,Shayilan Nuerdanbieke vs. Sean Soriano,Shayilan Nuerdanbieke,-100.0
2021-11-20,UFC Fight Night: Vieira vs. Tate,Shayilan Nuerdanbieke vs. Sean Soriano,Sean Soriano,-100.0
2022-06-25,UFC Fight Night: Tsarukyan vs. Gamrot,Shayilan Nuerdanbieke vs. TJ Brown,Shayilan Nuerdanbieke,176.0
2022-06-25,UFC Fight Night: Tsarukyan vs. Gamrot,Shayilan Nuerdanbieke vs. TJ Brown,TJ Brown,-176.0
2022-03-12,UFC Fight Night: Santos vs. Ankalaev,Sodiq Yusuff vs. Alex Caceres,Sodiq Yusuff,127.0
2022-03-12,UFC Fight Night: Santos vs. Ankalaev,Sodiq Yusuff vs. Alex Caceres,Alex Caceres,-127.0
2021-03-20,UFC Fight Night: Brunson vs. Holland,Song Kenan vs. Max Griffin,Song Kenan,-100.0
2021-03-20,UFC Fight Night: Brunson vs. Holland,Song Kenan vs. Max Griffin,Max Griffin,-100.0
2021-08-07,UFC 265: Lewis vs. Gane,Song Yadong vs. Casey Kenney,Song Yadong,-176.0
2021-08-07,UFC 265: Lewis vs. Gane,Song Yadong vs. Casey Kenney,Casey Kenney,176.0
2021-11-13,UFC Fight Night: Holloway vs. Rodriguez,Song Yadong vs. Julio Arce,Song Yadong,-197.0
2021-11-13,UFC Fight Night: Holloway vs. Rodriguez,Song Yadong vs. Julio Arce,Julio Arce,197.0
2021-03-06,UFC 259: Blachowicz vs. Adesanya,Song Yadong vs. Kyler Phillips,Song Yadong,-153.0
2021-03-06,UFC 259: Blachowicz vs. Adesanya,Song Yadong vs. Kyler Phillips,Kyler Phillips,153.0
2020-05-16,UFC Fight Night: Overeem vs. Harris,Song Yadong vs. Marlon Vera,Song Yadong,-240.0
2020-05-16,UFC Fight Night: Overeem vs. Harris,Song Yadong vs. Marlon Vera,Marlon Vera,240.0
2020-11-28,UFC Fight Night: Smith vs. Clark,Spike Carlyle vs. Bill Algeo,Spike Carlyle,-176.0
2020-11-28,UFC Fight Night: Smith vs. Clark,Spike Carlyle vs. Bill Algeo,Bill Algeo,176.0
2020-10-24,UFC 254: Khabib vs. Gaethje,Stefan Struve vs. Tai Tuivasa,Stefan Struve,176.0
2020-10-24,UFC 254: Khabib vs. Gaethje,Stefan Struve vs. Tai Tuivasa,Tai Tuivasa,-176.0
2021-12-18,UFC Fight Night: Lewis vs. Daukaus,Stephen Thompson vs. Belal Muhammad,Stephen Thompson,-127.0
2021-12-18,UFC Fight Night: Lewis vs. Daukaus,Stephen Thompson vs. Belal Muhammad,Belal Muhammad,127.0
2020-12-19,UFC Fight Night: Thompson vs. Neal,Stephen Thompson vs. Geoff Neal,Stephen Thompson,-127.0
2020-12-19,UFC Fight Night: Thompson vs. Neal,Stephen Thompson vs. Geoff Neal,Geoff Neal,127.0
2021-10-09,UFC Fight Night: Dern vs. Rodriguez,Steve Garcia vs. Charlie Ontiveros,Steve Garcia,-100.0
2021-10-09,UFC Fight Night: Dern vs. Rodriguez,Steve Garcia vs. Charlie Ontiveros,Charlie Ontiveros,-100.0
2020-08-15,UFC 252: Miocic vs. Cormier 3,Stipe Miocic vs. Daniel Cormier,Stipe Miocic,-100.0
2020-08-15,UFC 252: Miocic vs. Cormier 3,Stipe Miocic vs. Daniel Cormier,Daniel Cormier,-100.0
2021-03-27,UFC 260: Miocic vs. Ngannou,Stipe Miocic vs. Francis Ngannou,Stipe Miocic,127.0
2021-03-27,UFC 260: Miocic vs. Ngannou,Stipe Miocic vs. Francis Ngannou,Francis Ngannou,-127.0
2020-11-28,UFC Fight Night: Smith vs. Clark,Sumudaerji vs. Malcolm Gordon,Sumudaerji,-176.0
2020-11-28,UFC Fight Night: Smith vs. Clark,Sumudaerji vs. Malcolm Gordon,Malcolm Gordon,176.0
2021-01-20,UFC Fight Night: Chiesa vs. Magny,Sumudaerji vs. Zarrukh Adashev,Sumudaerji,-279.0
2021-01-20,UFC Fight Night: Chiesa vs. Magny,Sumudaerji vs. Zarrukh Adashev,Zarrukh Adashev,279.0
2022-01-15,UFC Fight Night: Kattar vs. Chikadze,TJ Brown vs. Charles Rosa,TJ Brown,-240.0
2022-01-15,UFC Fight Night: Kattar vs. Chikadze,TJ Brown vs. Charles Rosa,Charles Rosa,240.0
2021-07-10,UFC 264: Poirier vs. McGregor 3,Tai Tuivasa vs. Greg Hardy,Tai Tuivasa,127.0
2021-07-10,UFC 264: Poirier vs. McGregor 3,Tai Tuivasa vs. Greg Hardy,Greg Hardy,-127.0
2021-06-05,UFC Fight Night: Rozenstruik vs. Sakai,Tanner Boser vs. Ilir Latifi,Tanner Boser,-158.0
2021-06-05,UFC Fight Night: Rozenstruik vs. Sakai,Tanner Boser vs. Ilir Latifi,Ilir Latifi,158.0
2021-06-26,UFC Fight Night: Gane vs. Volkov,Tanner Boser vs. Ovince Saint Preux,Tanner Boser,-268.0
2021-06-26,UFC Fight Night: Gane vs. Volkov,Tanner Boser vs. Ovince Saint Preux,Ovince Saint Preux,268.0
2020-07-25,UFC Fight Night: Whittaker vs. Till,Tanner Boser vs. Raphael Pessoa,Tanner Boser,-176.0
2020-07-25,UFC Fight Night: Whittaker vs. Till,Tanner Boser vs. Raphael Pessoa,Raphael Pessoa,176.0
2022-02-26,UFC Fight Night: Makhachev vs. Green,Terrance McKinney vs. Fares Ziam,Terrance McKinney,279.0
2022-02-26,UFC Fight Night: Makhachev vs. Green,Terrance McKinney vs. Fares Ziam,Fares Ziam,-279.0
2022-06-25,UFC Fight Night: Tsarukyan vs. Gamrot,Thiago Moises vs. Christos Giagos,Thiago Moises,-176.0
2022-06-25,UFC Fight Night: Tsarukyan vs. Gamrot,Thiago Moises vs. Christos Giagos,Christos Giagos,176.0
2021-11-13,UFC Fight Night: Holloway vs. Rodriguez,Thiago Moises vs. Joel Alvarez,Thiago Moises,-100.0
2021-11-13,UFC Fight Night: Holloway vs. Rodriguez,Thiago Moises vs. Joel Alvarez,Joel Alvarez,-100.0
2021-03-06,UFC 259: Blachowicz vs. Adesanya,Thiago Santos vs. Aleksandar Rakic,Thiago Santos,170.0
2021-03-06,UFC 259: Blachowicz vs. Adesanya,Thiago Santos vs. Aleksandar Rakic,Aleksandar Rakic,-170.0
2020-11-07,UFC Fight Night: Santos vs. Teixeira,Thiago Santos vs. Glover Teixeira,Thiago Santos,-176.0
2020-11-07,UFC Fight Night: Santos vs. Teixeira,Thiago Santos vs. Glover Teixeira,Glover Teixeira,176.0
2021-10-02,UFC Fight Night: Santos vs. Walker,Thiago Santos vs. Johnny Walker,Thiago Santos,-134.0
2021-10-02,UFC Fight Night: Santos vs. Walker,Thiago Santos vs. Johnny Walker,Johnny Walker,134.0
2022-03-12,UFC Fight Night: Santos vs. Ankalaev,Thiago Santos vs. Magomed Ankalaev,Thiago Santos,176.0
2022-03-12,UFC Fight Night: Santos vs. Ankalaev,Thiago Santos vs. Magomed Ankalaev,Magomed Ankalaev,-176.0
2020-10-17,UFC Fight Night: Ortega vs. The Korean Zombie,Thomas Almeida vs. Jonathan Martinez,Thomas Almeida,-100.0
2020-10-17,UFC Fight Night: Ortega vs. The Korean Zombie,Thomas Almeida vs. Jonathan Martinez,Jonathan Martinez,-100.0
2021-03-06,UFC 259: Blachowicz vs. Adesanya,Tim Elliott vs. Jordan Espinosa,Tim Elliott,-100.0
2021-03-06,UFC 259: Blachowicz vs. Adesanya,Tim Elliott vs. Jordan Espinosa,Jordan Espinosa,-100.0
2021-10-09,UFC Fight Night: Dern vs. Rodriguez,Tim Elliott vs. Matheus Nicolau,Tim Elliott,-100.0
2021-10-09,UFC Fight Night: Dern vs. Rodriguez,Tim Elliott vs. Matheus Nicolau,Matheus Nicolau,-100.0
2020-07-15,UFC Fight Night: Kattar vs. Ige,Tim Elliott vs. Ryan Benoit,Tim Elliott,-170.0
2020-07-15,UFC Fight Night: Kattar vs. Ige,Tim Elliott vs. Ryan Benoit,Ryan Benoit,170.0
2022-03-05,UFC 272: Covington vs. Masvidal,Tim Elliott vs. Tagir Ulanbekov,Tim Elliott,-170.0
2022-03-05,UFC 272: Covington vs. Masvidal,Tim Elliott vs. Tagir Ulanbekov,Tagir Ulanbekov,170.0
2022-06-18,UFC Fight Night: Kattar vs. Emmett,Tim Means vs. Kevin Holland,Tim Means,279.0
2022-06-18,UFC Fight Night: Kattar vs. Emmett,Tim Means vs. Kevin Holland,Kevin Holland,-279.0
2020-08-08,UFC Fight Night: Lewis vs. Oleinik,Tim Means vs. Laureano Staropoli,Tim Means,-141.0
2020-08-08,UFC Fight Night: Lewis vs. Oleinik,Tim Means vs. Laureano Staropoli,Laureano Staropoli,141.0
2021-06-26,UFC Fight Night: Gane vs. Volkov,Tim Means vs. Nicolas Dalby,Tim Means,-250.0
2021-06-26,UFC Fight Night: Gane vs. Volkov,Tim Means vs. Nicolas Dalby,Nicolas Dalby,250.0
2021-09-04,UFC Fight Night: Brunson vs. Till,Tom Aspinall vs. Serghei Spivac,Tom Aspinall,-153.0
2021-09-04,UFC Fight Night: Brunson vs. Till,Tom Aspinall vs. Serghei Spivac,Serghei Spivac,153.0
2021-05-15,UFC 262: Oliveira vs. Chandler,Tony Ferguson vs. Beneil Dariush,Tony Ferguson,-127.0
2021-05-15,UFC 262: Oliveira vs. Chandler,Tony Ferguson vs. Beneil Dariush,Beneil Dariush,127.0
2020-12-12,UFC 256: Figueiredo vs. Moreno,Tony Ferguson vs. Charles Oliveira,Tony Ferguson,-100.0
2020-12-12,UFC 256: Figueiredo vs. Moreno,Tony Ferguson vs. Charles Oliveira,Charles Oliveira,-100.0
2020-05-09,UFC 249: Ferguson vs. Gaethje,Tony Ferguson vs. Justin Gaethje,Tony Ferguson,
2020-05-09,UFC 249: Ferguson vs. Gaethje,Tony Ferguson vs. Justin Gaethje,Justin Gaethje,
2021-04-17,UFC Fight Night: Whittaker vs. Gastelum,Tony Gravely vs. Anthony Birchak,Tony Gravely,-100.0
2021-04-17,UFC Fight Night: Whittaker vs. Gastelum,Tony Gravely vs. Anthony Birchak,Anthony Birchak,-100.0
2020-11-07,UFC Fight Night: Santos vs. Teixeira,Trevin Giles vs. Bevon Lewis,Trevin Giles,-127.0
2020-11-07,UFC Fight Night: Santos vs. Teixeira,Trevin Giles vs. Bevon Lewis,Bevon Lewis,127.0
2021-07-10,UFC 264: Poirier vs. McGregor 3,Trevin Giles vs. Dricus Du Plessis,Trevin Giles,-100.0
2021-07-10,UFC 264: Poirier vs. McGregor 3,Trevin Giles vs. Dricus Du Plessis,Dricus Du Plessis,-100.0
2021-03-20,UFC Fight Night: Brunson vs. Holland,Trevin Giles vs. Roman Dolidze,Trevin Giles,-136.0
2021-03-20,UFC Fight Night: Brunson vs. Holland,Trevin Giles vs. Roman Dolidze,Roman Dolidze,136.0
2020-05-30,UFC Fight Night: Woodley vs. Burns,Tyron Woodley vs. Gilbert Burns,Tyron Woodley,-100.0
2020-05-30,UFC Fight Night: Woodley vs. Burns,Tyron Woodley vs. Gilbert Burns,Gilbert Burns,-100.0
2021-03-27,UFC 260: Miocic vs. Ngannou,Tyron Woodley vs. Vicente Luque,Tyron Woodley,176.0
2021-03-27,UFC 260: Miocic vs. Ngannou,Tyron Woodley vs. Vicente Luque,Vicente Luque,-176.0
2022-04-23,UFC Fight Night: Lemos vs. Andrade,Tyson Pedro vs. Ike Villanueva,Tyson Pedro,
2022-04-23,UFC Fight Night: Lemos vs. Andrade,Tyson Pedro vs. Ike Villanueva,Ike Villanueva,
2020-10-31,UFC Fight Night: Hall vs. Silva,Uriah Hall vs. Anderson Silva,Uriah Hall,-100.0
2020-10-31,UFC Fight Night: Hall vs. Silva,Uriah Hall vs. Anderson Silva,Anderson Silva,-100.0
2022-07-02,UFC 276: Adesanya vs. Cannonier,Uriah Hall vs. Andre Muniz,Uriah Hall,170.0
2022-07-02,UFC 276: Adesanya vs. Cannonier,Uriah Hall vs. Andre Muniz,Andre Muniz,-170.0
2021-07-31,UFC Fight Night: Hall vs. Strickland,Uriah Hall vs. Sean Strickland,Uriah Hall,279.0
2021-07-31,UFC Fight Night: Hall vs. Strickland,Uriah Hall vs. Sean Strickland,Sean Strickland,-279.0
2021-09-25,UFC 266: Volkanovski vs. Ortega,Uros Medic vs. Jalin Turner,Uros Medic,-176.0
2021-09-25,UFC 266: Volkanovski vs. Ortega,Uros Medic vs. Jalin Turner,Jalin Turner,176.0
2022-04-16,UFC Fight Night: Luque vs. Muhammad,Vicente Luque vs. Belal Muhammad,Vicente Luque,-176.0
2022-04-16,UFC Fight Night: Luque vs. Muhammad,Vicente Luque vs. Belal Muhammad,Belal Muhammad,176.0
2020-05-09,UFC 249: Ferguson vs. Gaethje,Vicente Luque vs. Niko Price,Vicente Luque,-176.0
2020-05-09,UFC 249: Ferguson vs. Gaethje,Vicente Luque vs. Niko Price,Niko Price,176.0
2020-08-01,UFC Fight Night: Brunson vs. Shahbazyan,Vicente Luque vs. Randy Brown,Vicente Luque,-153.0
2020-08-01,UFC Fight Night: Brunson vs. Shahbazyan,Vicente Luque vs. Randy Brown,Randy Brown,153.0
2021-08-21,UFC Fight Night: Cannonier vs. Gastelum,Vinc Pichel vs. Austin Hubbard,Vinc Pichel,151.0
2021-08-21,UFC Fight Night: Cannonier vs. Gastelum,Vinc Pichel vs. Austin Hubbard,Austin Hubbard,-151.0
2022-04-09,UFC 273: Volkanovski vs. The Korean Zombie,Vinc Pichel vs. Mark Madsen,Vinc Pichel,-100.0
2022-04-09,UFC 273: Volkanovski vs. The Korean Zombie,Vinc Pichel vs. Mark Madsen,Mark Madsen,-100.0
2021-08-07,UFC 265: Lewis vs. Gane,Vince Morales vs. Drako Rodriguez,Vince Morales,-127.0
2021-08-07,UFC 265: Lewis vs. Gane,Vince Morales vs. Drako Rodriguez,Drako Rodriguez,127.0
2021-06-05,UFC Fight Night: Rozenstruik vs. Sakai,Walt Harris vs. Marcin Tybura,Walt Harris,279.0
2021-06-05,UFC Fight Night: Rozenstruik vs. Sakai,Walt Harris vs. Marcin Tybura,Marcin Tybura,-279.0
2021-01-20,UFC Fight Night: Chiesa vs. Magny,Warlley Alves vs. Mounir Lazzez,Warlley Alves,127.0
2021-01-20,UFC Fight Night: Chiesa vs. Magny,Warlley Alves vs. Mounir Lazzez,Mounir Lazzez,-127.0
2021-06-19,UFC Fight Night: Jung vs. Ige,Wellington Turman vs. Bruno Silva,Wellington Turman,-104.0
2021-06-19,UFC Fight Night: Jung vs. Ige,Wellington Turman vs. Bruno Silva,Bruno Silva,104.0
2021-08-21,UFC Fight Night: Cannonier vs. Gastelum,William Knight vs. Fabio Cherant,William Knight,-176.0
2021-08-21,UFC Fight Night: Cannonier vs. Gastelum,William Knight vs. Fabio Cherant,Fabio Cherant,176.0
2022-02-12,UFC 271: Adesanya vs. Whittaker 2,William Knight vs. Maxim Grishin,William Knight,-100.0
2022-02-12,UFC 271: Adesanya vs. Whittaker 2,William Knight vs. Maxim Grishin,Maxim Grishin,-100.0
2021-06-26,UFC Fight Night: Gane vs. Volkov,Yancy Medeiros vs. Damir Hadzovic,Yancy Medeiros,-100.0
2021-06-26,UFC Fight Night: Gane vs. Volkov,Yancy Medeiros vs. Damir Hadzovic,Damir Hadzovic,-100.0
2020-10-03,UFC Fight Night: Holm vs. Aldana,Yorgan De Castro vs. Carlos Felipe,Yorgan De Castro,170.0
2020-10-03,UFC Fight Night: Holm vs. Aldana,Yorgan De Castro vs. Carlos Felipe,Carlos Felipe,-170.0
2021-04-10,UFC Fight Night: Vettori vs. Holland,Yorgan De Castro vs. Jarjis Danho,Yorgan De Castro,-149.0
2021-04-10,UFC Fight Night: Vettori vs. Holland,Yorgan De Castro vs. Jarjis Danho,Jarjis Danho,149.0
2021-07-10,UFC 264: Poirier vs. McGregor 3,Zhalgas Zhumagulov vs. Jerome Rivera,Zhalgas Zhumagulov,-100.0
2021-07-10,UFC 264: Poirier vs. McGregor 3,Zhalgas Zhumagulov vs. Jerome Rivera,Jerome Rivera,-100.0
