DATE,EVENT,BOUT,FIGHTER,odds
2018-09-08,UFC 228: Woodley vs. Till,Abdul Razak Alhassan vs. Niko Price,Abdul Razak Alhassan,128.0
2018-09-08,UFC 228: Woodley vs. Till,Abdul Razak Alhassan vs. Niko Price,Niko Price,-128.0
2018-12-15,UFC Fight Night: Lee vs. Iaquinta,Adam Milstead vs. Mike Rodriguez,Adam Milstead,-128.0
2018-12-15,UFC Fight Night: Lee vs. Iaquinta,Adam Milstead vs. Mike Rodriguez,Mike Rodriguez,128.0
2018-11-03,UFC 230: Cormier vs. Lewis,Adam Wieczorek vs. Marcos Rogerio de Lima,Adam Wieczorek,-128.0
2018-11-03,UFC 230: Cormier vs. Lewis,Adam Wieczorek vs. Marcos Rogerio de Lima,Marcos Rogerio de Lima,128.0
2017-11-04,UFC 217: Bisping vs. St-Pierre,Aiemann Zahabi vs. Ricardo Ramos,Aiemann Zahabi,296.0
2017-11-04,UFC 217: Bisping vs. St-Pierre,Aiemann Zahabi vs. Ricardo Ramos,Ricardo Ramos,-296.0
2019-05-04,UFC Fight Night: Iaquinta vs. Cowboy,Aiemann Zahabi vs. Vince Morales,Aiemann Zahabi,-100.0
2019-05-04,UFC Fight Night: Iaquinta vs. Cowboy,Aiemann Zahabi vs. Vince Morales,Vince Morales,-100.0
2019-10-05,UFC 243: Whittaker vs. Adesanya,Al Iaquinta vs. Dan Hooker,Al Iaquinta,-128.0
2019-10-05,UFC 243: Whittaker vs. Adesanya,Al Iaquinta vs. Dan Hooker,Dan Hooker,128.0
2019-05-04,UFC Fight Night: Iaquinta vs. Cowboy,Al Iaquinta vs. Donald Cerrone,Al Iaquinta,-128.0
2019-05-04,UFC Fight Night: Iaquinta vs. Cowboy,Al Iaquinta vs. Donald Cerrone,Donald Cerrone,128.0
2019-04-13,UFC 236: Holloway vs. Poirier 2,Alan Jouban vs. Dwight Grant,Alan Jouban,108.0
2019-04-13,UFC 236: Holloway vs. Poirier 2,Alan Jouban vs. Dwight Grant,Dwight Grant,-108.0
2018-02-03,UFC Fight Night: Machida vs. Anders,Alan Patrick vs. Damir Hadzovic,Alan Patrick,-239.0
2018-02-03,UFC Fight Night: Machida vs. Anders,Alan Patrick vs. Damir Hadzovic,Damir Hadzovic,239.0
2019-12-21,UFC Fight Night: Edgar vs. The Korean Zombie,Alatengheili vs. Ryan Benoit,Alatengheili,-184.0
2019-12-21,UFC Fight Night: Edgar vs. The Korean Zombie,Alatengheili vs. Ryan Benoit,Ryan Benoit,184.0
2018-05-12,UFC 224: Nunes vs. Pennington,Alberto Mina vs. Ramazan Emeev,Alberto Mina,219.0
2018-05-12,UFC 224: Nunes vs. Pennington,Alberto Mina vs. Ramazan Emeev,Ramazan Emeev,-219.0
2017-12-09,UFC Fight Night: Swanson vs. Ortega,Alejandro Perez vs. Iuri Alcantara,Alejandro Perez,-128.0
2017-12-09,UFC Fight Night: Swanson vs. Ortega,Alejandro Perez vs. Iuri Alcantara,Iuri Alcantara,128.0
2019-07-06,UFC 239: Jones vs. Santos,Alejandro Perez vs. Song Yadong,Alejandro Perez,296.0
2019-07-06,UFC 239: Jones vs. Santos,Alejandro Perez vs. Song Yadong,Song Yadong,-296.0
2017-11-04,UFC 217: Bisping vs. St-Pierre,Aleksei Oleinik vs. Curtis Blaydes,Aleksei Oleinik,296.0
2017-11-04,UFC 217: Bisping vs. St-Pierre,Aleksei Oleinik vs. Curtis Blaydes,Curtis Blaydes,-296.0
2018-05-12,UFC 224: Nunes vs. Pennington,Aleksei Oleinik vs. Junior Albini,Aleksei Oleinik,128.0
2018-05-12,UFC 224: Nunes vs. Pennington,Aleksei Oleinik vs. Junior Albini,Junior Albini,-128.0
2020-01-18,UFC 246: McGregor vs. Cowboy,Aleksei Oleinik vs. Maurice Greene,Aleksei Oleinik,128.0
2020-01-18,UFC 246: McGregor vs. Cowboy,Aleksei Oleinik vs. Maurice Greene,Maurice Greene,-128.0
2019-07-20,UFC Fight Night: Dos Anjos vs. Edwards,Aleksei Oleinik vs. Walt Harris,Aleksei Oleinik,166.0
2019-07-20,UFC Fight Night: Dos Anjos vs. Edwards,Aleksei Oleinik vs. Walt Harris,Walt Harris,-166.0
2019-09-28,UFC Fight Night: Hermansson vs. Cannonier,Alen Amedovski vs. John Phillips,Alen Amedovski,-109.0
2019-09-28,UFC Fight Night: Hermansson vs. Cannonier,Alen Amedovski vs. John Phillips,John Phillips,109.0
2018-07-06,The Ultimate Fighter: Undefeated Finale,Alessio Di Chirico vs. Julian Marquez,Alessio Di Chirico,-166.0
2018-07-06,The Ultimate Fighter: Undefeated Finale,Alessio Di Chirico vs. Julian Marquez,Julian Marquez,166.0
2017-12-16,UFC Fight Night: Lawler vs. Dos Anjos,Alessio Di Chirico vs. Oluwale Bamgbose,Alessio Di Chirico,-296.0
2017-12-16,UFC Fight Night: Lawler vs. Dos Anjos,Alessio Di Chirico vs. Oluwale Bamgbose,Oluwale Bamgbose,296.0
2018-07-06,The Ultimate Fighter: Undefeated Finale,Alex Caceres vs. Martin Bravo,Alex Caceres,-128.0
2018-07-06,The Ultimate Fighter: Undefeated Finale,Alex Caceres vs. Martin Bravo,Martin Bravo,128.0
2019-07-20,UFC Fight Night: Dos Anjos vs. Edwards,Alex Caceres vs. Steven Peterson,Alex Caceres,-196.0
2019-07-20,UFC Fight Night: Dos Anjos vs. Edwards,Alex Caceres vs. Steven Peterson,Steven Peterson,196.0
2018-10-27,UFC Fight Night: Oezdemir vs. Smith,Alex Garcia vs. Court McGee,Alex Garcia,108.0
2018-10-27,UFC Fight Night: Oezdemir vs. Smith,Alex Garcia vs. Court McGee,Court McGee,-108.0
2019-03-09,UFC Fight Night: Lewis vs. Dos Santos,Alex Morono vs. Zak Ottow,Alex Morono,-251.0
2019-03-09,UFC Fight Night: Lewis vs. Dos Santos,Alex Morono vs. Zak Ottow,Zak Ottow,251.0
2018-09-22,UFC Fight Night: Marreta vs. Anders,Alex Oliveira vs. Carlo Pedersoli Jr.,Alex Oliveira,-128.0
2018-09-22,UFC Fight Night: Marreta vs. Anders,Alex Oliveira vs. Carlo Pedersoli Jr.,Carlo Pedersoli Jr.,128.0
2018-12-08,UFC 231: Holloway vs. Ortega,Alex Oliveira vs. Gunnar Nelson,Alex Oliveira,-352.0
2018-12-08,UFC 231: Holloway vs. Ortega,Alex Oliveira vs. Gunnar Nelson,Gunnar Nelson,352.0
2019-04-27,UFC Fight Night: Jacare vs. Hermansson,Alex Oliveira vs. Mike Perry,Alex Oliveira,-239.0
2019-04-27,UFC Fight Night: Jacare vs. Hermansson,Alex Oliveira vs. Mike Perry,Mike Perry,239.0
2017-12-02,UFC 218: Holloway vs. Aldo 2,Alex Oliveira vs. Yancy Medeiros,Alex Oliveira,-296.0
2017-12-02,UFC 218: Holloway vs. Aldo 2,Alex Oliveira vs. Yancy Medeiros,Yancy Medeiros,296.0
2018-08-04,UFC 227: Dillashaw vs. Garbrandt 2,Alex Perez vs. Jose Torres,Alex Perez,-239.0
2018-08-04,UFC 227: Dillashaw vs. Garbrandt 2,Alex Perez vs. Jose Torres,Jose Torres,239.0
2019-03-30,UFC Fight Night: Barboza vs. Gaethje,Alex Perez vs. Mark De La Rosa,Alex Perez,-108.0
2019-03-30,UFC Fight Night: Barboza vs. Gaethje,Alex Perez vs. Mark De La Rosa,Mark De La Rosa,108.0
2019-03-09,UFC Fight Night: Lewis vs. Dos Santos,Alex White vs. Dan Moret,Alex White,-128.0
2019-03-09,UFC Fight Night: Lewis vs. Dos Santos,Alex White vs. Dan Moret,Dan Moret,128.0
2019-10-26,UFC Fight Night: Maia vs. Askren,Alex White vs. Rafael Fiziev,Alex White,-296.0
2019-10-26,UFC Fight Night: Maia vs. Askren,Alex White vs. Rafael Fiziev,Rafael Fiziev,296.0
2019-06-01,UFC Fight Night: Gustafsson vs. Smith,Alexander Gustafsson vs. Anthony Smith,Alexander Gustafsson,-296.0
2019-06-01,UFC Fight Night: Gustafsson vs. Smith,Alexander Gustafsson vs. Anthony Smith,Anthony Smith,296.0
2019-01-19,UFC Fight Night: Cejudo vs. Dillashaw,Alexander Hernandez vs. Donald Cerrone,Alexander Hernandez,-252.0
2019-01-19,UFC Fight Night: Cejudo vs. Dillashaw,Alexander Hernandez vs. Donald Cerrone,Donald Cerrone,252.0
2019-07-20,UFC Fight Night: Dos Anjos vs. Edwards,Alexander Hernandez vs. Francisco Trinaldo,Alexander Hernandez,-108.0
2019-07-20,UFC Fight Night: Dos Anjos vs. Edwards,Alexander Hernandez vs. Francisco Trinaldo,Francisco Trinaldo,108.0
2018-07-28,UFC Fight Night: Alvarez vs. Poirier 2,Alexander Hernandez vs. Olivier Aubin-Mercier,Alexander Hernandez,108.0
2018-07-28,UFC Fight Night: Alvarez vs. Poirier 2,Alexander Hernandez vs. Olivier Aubin-Mercier,Olivier Aubin-Mercier,-108.0
2018-02-10,UFC 221: Romero vs. Rockhold,Alexander Volkanovski vs. Jeremy Kennedy,Alexander Volkanovski,-108.0
2018-02-10,UFC 221: Romero vs. Rockhold,Alexander Volkanovski vs. Jeremy Kennedy,Jeremy Kennedy,108.0
2019-11-09,UFC Fight Night: Zabit vs. Kattar,Alexander Volkov vs. Greg Hardy,Alexander Volkov,-109.0
2019-11-09,UFC Fight Night: Zabit vs. Kattar,Alexander Volkov vs. Greg Hardy,Greg Hardy,109.0
2019-11-09,UFC Fight Night: Zabit vs. Kattar,Alexander Yakovlev vs. Roosevelt Roberts,Alexander Yakovlev,248.0
2019-11-09,UFC Fight Night: Zabit vs. Kattar,Alexander Yakovlev vs. Roosevelt Roberts,Roosevelt Roberts,-248.0
2019-07-27,UFC 240: Holloway vs. Edgar,Alexandre Pantoja vs. Deiveson Figueiredo,Alexandre Pantoja,-109.0
2019-07-27,UFC 240: Holloway vs. Edgar,Alexandre Pantoja vs. Deiveson Figueiredo,Deiveson Figueiredo,109.0
2019-12-21,UFC Fight Night: Edgar vs. The Korean Zombie,Alexandre Pantoja vs. Matt Schnell,Alexandre Pantoja,108.0
2019-12-21,UFC Fight Night: Edgar vs. The Korean Zombie,Alexandre Pantoja vs. Matt Schnell,Matt Schnell,-108.0
2018-11-17,UFC Fight Night: Magny vs. Ponzinibbio,Alexandre Pantoja vs. Yuta Sasaki,Alexandre Pantoja,-128.0
2018-11-17,UFC Fight Night: Magny vs. Ponzinibbio,Alexandre Pantoja vs. Yuta Sasaki,Yuta Sasaki,128.0
2019-04-20,UFC Fight Night: Overeem vs. Oleinik,Alistair Overeem vs. Aleksei Oleinik,Alistair Overeem,-288.0
2019-04-20,UFC Fight Night: Overeem vs. Oleinik,Alistair Overeem vs. Aleksei Oleinik,Aleksei Oleinik,288.0
2018-06-09,UFC 225: Whittaker vs. Romero 2,Alistair Overeem vs. Curtis Blaydes,Alistair Overeem,239.0
2018-06-09,UFC 225: Whittaker vs. Romero 2,Alistair Overeem vs. Curtis Blaydes,Curtis Blaydes,-239.0
2017-12-02,UFC 218: Holloway vs. Aldo 2,Alistair Overeem vs. Francis Ngannou,Alistair Overeem,108.0
2017-12-02,UFC 218: Holloway vs. Aldo 2,Alistair Overeem vs. Francis Ngannou,Francis Ngannou,-108.0
2019-12-07,UFC Fight Night: Overeem vs. Rozenstruik,Alistair Overeem vs. Jairzinho Rozenstruik,Alistair Overeem,-108.0
2019-12-07,UFC Fight Night: Overeem vs. Rozenstruik,Alistair Overeem vs. Jairzinho Rozenstruik,Jairzinho Rozenstruik,108.0
2019-06-22,UFC Fight Night: Moicano vs. The Korean Zombie,Allen Crowder vs. Jairzinho Rozenstruik,Allen Crowder,128.0
2019-06-22,UFC Fight Night: Moicano vs. The Korean Zombie,Allen Crowder vs. Jairzinho Rozenstruik,Jairzinho Rozenstruik,-128.0
2019-06-29,UFC Fight Night: Ngannou vs. Dos Santos,Alonzo Menifield vs. Paul Craig,Alonzo Menifield,-166.0
2019-06-29,UFC Fight Night: Ngannou vs. Dos Santos,Alonzo Menifield vs. Paul Craig,Paul Craig,166.0
2019-06-22,UFC Fight Night: Moicano vs. The Korean Zombie,Andre Ewell vs. Anderson Dos Santos,Andre Ewell,-128.0
2019-06-22,UFC Fight Night: Moicano vs. The Korean Zombie,Andre Ewell vs. Anderson Dos Santos,Anderson Dos Santos,128.0
2020-02-08,UFC 247: Jones vs. Reyes,Andre Ewell vs. Jonathan Martinez,Andre Ewell,239.0
2020-02-08,UFC 247: Jones vs. Reyes,Andre Ewell vs. Jonathan Martinez,Jonathan Martinez,-239.0
2019-02-17,UFC Fight Night: Ngannou vs. Velasquez,Andre Fili vs. Myles Jury,Andre Fili,239.0
2019-02-17,UFC Fight Night: Ngannou vs. Velasquez,Andre Fili vs. Myles Jury,Myles Jury,-239.0
2019-07-13,UFC Fight Night: De Randamie vs. Ladd,Andre Fili vs. Sheymon Moraes,Andre Fili,-128.0
2019-07-13,UFC Fight Night: De Randamie vs. Ladd,Andre Fili vs. Sheymon Moraes,Sheymon Moraes,128.0
2020-01-18,UFC 246: McGregor vs. Cowboy,Andre Fili vs. Sodiq Yusuff,Andre Fili,128.0
2020-01-18,UFC 246: McGregor vs. Cowboy,Andre Fili vs. Sodiq Yusuff,Sodiq Yusuff,-128.0
2019-04-27,UFC Fight Night: Jacare vs. Hermansson,Andrei Arlovski vs. Augusto Sakai,Andrei Arlovski,296.0
2019-04-27,UFC Fight Night: Jacare vs. Hermansson,Andrei Arlovski vs. Augusto Sakai,Augusto Sakai,-296.0
2019-07-20,UFC Fight Night: Dos Anjos vs. Edwards,Andrei Arlovski vs. Ben Rothwell,Andrei Arlovski,-248.0
2019-07-20,UFC Fight Night: Dos Anjos vs. Edwards,Andrei Arlovski vs. Ben Rothwell,Ben Rothwell,248.0
2019-11-02,UFC 244: Masvidal vs. Diaz,Andrei Arlovski vs. Jairzinho Rozenstruik,Andrei Arlovski,128.0
2019-11-02,UFC 244: Masvidal vs. Diaz,Andrei Arlovski vs. Jairzinho Rozenstruik,Jairzinho Rozenstruik,-128.0
2018-09-15,UFC Fight Night: Hunt vs. Oleinik,Andrei Arlovski vs. Shamil Abdurakhimov,Andrei Arlovski,128.0
2018-09-15,UFC Fight Night: Hunt vs. Oleinik,Andrei Arlovski vs. Shamil Abdurakhimov,Shamil Abdurakhimov,-128.0
2018-06-09,UFC 225: Whittaker vs. Romero 2,Andrei Arlovski vs. Tai Tuivasa,Andrei Arlovski,296.0
2018-06-09,UFC 225: Whittaker vs. Romero 2,Andrei Arlovski vs. Tai Tuivasa,Tai Tuivasa,-296.0
2018-08-25,UFC Fight Night: Gaethje vs. Vick,Andrew Sanchez vs. Markus Perez,Andrew Sanchez,-128.0
2018-08-25,UFC Fight Night: Gaethje vs. Vick,Andrew Sanchez vs. Markus Perez,Markus Perez,128.0
2017-12-01,The Ultimate Fighter: A New World Champion Finale,Andrew Sanchez vs. Ryan Janes,Andrew Sanchez,-239.0
2017-12-01,The Ultimate Fighter: A New World Champion Finale,Andrew Sanchez vs. Ryan Janes,Ryan Janes,239.0
2020-01-18,UFC 246: McGregor vs. Cowboy,Anthony Pettis vs. Diego Ferreira,Anthony Pettis,296.0
2020-01-18,UFC 246: McGregor vs. Cowboy,Anthony Pettis vs. Diego Ferreira,Diego Ferreira,-296.0
2019-08-17,UFC 241: Cormier vs. Miocic 2,Anthony Pettis vs. Nate Diaz,Anthony Pettis,262.0
2019-08-17,UFC 241: Cormier vs. Miocic 2,Anthony Pettis vs. Nate Diaz,Nate Diaz,-262.0
2018-04-21,UFC Fight Night: Barboza vs. Lee,Anthony Rocco Martin vs. Keita Nakamura,Anthony Rocco Martin,-296.0
2018-04-21,UFC Fight Night: Barboza vs. Lee,Anthony Rocco Martin vs. Keita Nakamura,Keita Nakamura,296.0
2019-03-09,UFC Fight Night: Lewis vs. Dos Santos,Anthony Rocco Martin vs. Sergio Moraes,Anthony Rocco Martin,-296.0
2019-03-09,UFC Fight Night: Lewis vs. Dos Santos,Anthony Rocco Martin vs. Sergio Moraes,Sergio Moraes,296.0
2017-12-09,UFC Fight Night: Swanson vs. Ortega,Antonio Braga Neto vs. Trevin Giles,Antonio Braga Neto,352.0
2017-12-09,UFC Fight Night: Swanson vs. Ortega,Antonio Braga Neto vs. Trevin Giles,Trevin Giles,-352.0
2019-05-18,UFC Fight Night: Dos Anjos vs. Lee,Antonio Carlos Junior vs. Ian Heinisch,Antonio Carlos Junior,-166.0
2019-05-18,UFC Fight Night: Dos Anjos vs. Lee,Antonio Carlos Junior vs. Ian Heinisch,Ian Heinisch,166.0
2017-10-28,UFC Fight Night: Brunson vs. Machida,Antonio Carlos Junior vs. Jack Marshman,Antonio Carlos Junior,-166.0
2017-10-28,UFC Fight Night: Brunson vs. Machida,Antonio Carlos Junior vs. Jack Marshman,Jack Marshman,166.0
2018-04-14,UFC Fight Night: Poirier vs. Gaethje,Arjan Bhullar vs. Adam Wieczorek,Arjan Bhullar,109.0
2018-04-14,UFC Fight Night: Poirier vs. Gaethje,Arjan Bhullar vs. Adam Wieczorek,Adam Wieczorek,-109.0
2019-05-04,UFC Fight Night: Iaquinta vs. Cowboy,Arjan Bhullar vs. Juan Adams,Arjan Bhullar,152.0
2019-05-04,UFC Fight Night: Iaquinta vs. Cowboy,Arjan Bhullar vs. Juan Adams,Juan Adams,-152.0
2018-10-27,UFC Fight Night: Oezdemir vs. Smith,Arjan Bhullar vs. Marcelo Golm,Arjan Bhullar,128.0
2018-10-27,UFC Fight Night: Oezdemir vs. Smith,Arjan Bhullar vs. Marcelo Golm,Marcelo Golm,-128.0
2019-03-16,UFC Fight Night: Till vs. Masvidal,Arnold Allen vs. Jordan Rinaldi,Arnold Allen,-239.0
2019-03-16,UFC Fight Night: Till vs. Masvidal,Arnold Allen vs. Jordan Rinaldi,Jordan Rinaldi,239.0
2018-05-27,UFC Fight Night: Thompson vs. Till,Arnold Allen vs. Mads Burnell,Arnold Allen,-166.0
2018-05-27,UFC Fight Night: Thompson vs. Till,Arnold Allen vs. Mads Burnell,Mads Burnell,166.0
2017-10-21,UFC Fight Night: Cerrone vs. Till,Artem Lobov vs. Andre Fili,Artem Lobov,296.0
2017-10-21,UFC Fight Night: Cerrone vs. Till,Artem Lobov vs. Andre Fili,Andre Fili,-296.0
2019-05-11,UFC 237: Namajunas vs. Andrade,BJ Penn vs. Clay Guida,BJ Penn,296.0
2019-05-11,UFC 237: Namajunas vs. Andrade,BJ Penn vs. Clay Guida,Clay Guida,-296.0
2018-12-29,UFC 232: Jones vs. Gustafsson 2,BJ Penn vs. Ryan Hall,BJ Penn,296.0
2018-12-29,UFC 232: Jones vs. Gustafsson 2,BJ Penn vs. Ryan Hall,Ryan Hall,-296.0
2019-01-19,UFC Fight Night: Cejudo vs. Dillashaw,Belal Muhammad vs. Geoff Neal,Belal Muhammad,128.0
2019-01-19,UFC Fight Night: Cejudo vs. Dillashaw,Belal Muhammad vs. Geoff Neal,Geoff Neal,-128.0
2019-09-07,UFC 242: Khabib vs. Poirier,Belal Muhammad vs. Takashi Sato,Belal Muhammad,-128.0
2019-09-07,UFC 242: Khabib vs. Poirier,Belal Muhammad vs. Takashi Sato,Takashi Sato,128.0
2018-02-24,UFC Fight Night: Emmett vs. Stephens,Ben Saunders vs. Alan Jouban,Ben Saunders,128.0
2018-02-24,UFC Fight Night: Emmett vs. Stephens,Ben Saunders vs. Alan Jouban,Alan Jouban,-128.0
2019-03-09,UFC Fight Night: Lewis vs. Dos Santos,Beneil Dariush vs. Drew Dober,Beneil Dariush,-296.0
2019-03-09,UFC Fight Night: Lewis vs. Dos Santos,Beneil Dariush vs. Drew Dober,Drew Dober,296.0
2019-02-17,UFC Fight Night: Ngannou vs. Velasquez,Benito Lopez vs. Manny Bermudez,Benito Lopez,128.0
2019-02-17,UFC Fight Night: Ngannou vs. Velasquez,Benito Lopez vs. Manny Bermudez,Manny Bermudez,-128.0
2019-07-13,UFC Fight Night: De Randamie vs. Ladd,Benito Lopez vs. Vince Morales,Benito Lopez,-128.0
2019-07-13,UFC Fight Night: De Randamie vs. Ladd,Benito Lopez vs. Vince Morales,Vince Morales,128.0
2019-06-08,UFC 238: Cejudo vs. Moraes,Bevon Lewis vs. Darren Stewart,Bevon Lewis,109.0
2019-06-08,UFC 238: Cejudo vs. Moraes,Bevon Lewis vs. Darren Stewart,Darren Stewart,-109.0
2020-01-25,UFC Fight Night: Blaydes vs. Dos Santos,Bevon Lewis vs. Dequan Townsend,Bevon Lewis,-296.0
2020-01-25,UFC Fight Night: Blaydes vs. Dos Santos,Bevon Lewis vs. Dequan Townsend,Dequan Townsend,296.0
2019-03-09,UFC Fight Night: Lewis vs. Dos Santos,Blagoy Ivanov vs. Ben Rothwell,Blagoy Ivanov,-128.0
2019-03-09,UFC Fight Night: Lewis vs. Dos Santos,Blagoy Ivanov vs. Ben Rothwell,Ben Rothwell,128.0
2018-12-08,UFC 231: Holloway vs. Ortega,Brad Katona vs. Matthew Lopez,Brad Katona,-296.0
2018-12-08,UFC 231: Holloway vs. Ortega,Brad Katona vs. Matthew Lopez,Matthew Lopez,296.0
2019-05-04,UFC Fight Night: Iaquinta vs. Cowboy,Brad Katona vs. Merab Dvalishvili,Brad Katona,128.0
2019-05-04,UFC Fight Night: Iaquinta vs. Cowboy,Brad Katona vs. Merab Dvalishvili,Merab Dvalishvili,-128.0
2019-11-02,UFC 244: Masvidal vs. Diaz,Brad Tavares vs. Edmen Shahbazyan,Brad Tavares,296.0
2019-11-02,UFC 244: Masvidal vs. Diaz,Brad Tavares vs. Edmen Shahbazyan,Edmen Shahbazyan,-296.0
2018-07-06,The Ultimate Fighter: Undefeated Finale,Brad Tavares vs. Israel Adesanya,Brad Tavares,-128.0
2018-07-06,The Ultimate Fighter: Undefeated Finale,Brad Tavares vs. Israel Adesanya,Israel Adesanya,128.0
2018-05-19,UFC Fight Night: Maia vs. Usman,Brandon Moreno vs. Alexandre Pantoja,Brandon Moreno,-296.0
2018-05-19,UFC Fight Night: Maia vs. Usman,Brandon Moreno vs. Alexandre Pantoja,Alexandre Pantoja,296.0
2019-12-14,UFC 245: Usman vs. Covington,Brandon Moreno vs. Kai Kara-France,Brandon Moreno,-128.0
2019-12-14,UFC 245: Usman vs. Covington,Brandon Moreno vs. Kai Kara-France,Kai Kara-France,128.0
2018-12-29,UFC 232: Jones vs. Gustafsson 2,Brian Kelleher vs. Montel Jackson,Brian Kelleher,286.0
2018-12-29,UFC 232: Jones vs. Gustafsson 2,Brian Kelleher vs. Montel Jackson,Montel Jackson,-286.0
2019-06-22,UFC Fight Night: Moicano vs. The Korean Zombie,Bryan Barberena vs. Randy Brown,Bryan Barberena,-128.0
2019-06-22,UFC Fight Night: Moicano vs. The Korean Zombie,Bryan Barberena vs. Randy Brown,Randy Brown,128.0
2018-03-03,UFC 222: Cyborg vs. Kunitskaya,Bryan Caraway vs. Cody Stamann,Bryan Caraway,296.0
2018-03-03,UFC 222: Cyborg vs. Kunitskaya,Bryan Caraway vs. Cody Stamann,Cody Stamann,-296.0
2019-12-07,UFC Fight Night: Overeem vs. Rozenstruik,Bryce Mitchell vs. Matt Sayles,Bryce Mitchell,-100.0
2019-12-07,UFC Fight Night: Overeem vs. Rozenstruik,Bryce Mitchell vs. Matt Sayles,Matt Sayles,-100.0
2018-03-03,UFC 222: Cyborg vs. Kunitskaya,CB Dollaway vs. Hector Lombard,CB Dollaway,-239.0
2018-03-03,UFC 222: Cyborg vs. Kunitskaya,CB Dollaway vs. Hector Lombard,Hector Lombard,239.0
2018-01-20,UFC 220: Miocic vs. Ngannou,Calvin Kattar vs. Shane Burgos,Calvin Kattar,128.0
2018-01-20,UFC 220: Miocic vs. Ngannou,Calvin Kattar vs. Shane Burgos,Shane Burgos,-128.0
2018-04-14,UFC Fight Night: Poirier vs. Gaethje,Carlos Condit vs. Alex Oliveira,Carlos Condit,136.0
2018-04-14,UFC Fight Night: Poirier vs. Gaethje,Carlos Condit vs. Alex Oliveira,Alex Oliveira,-136.0
2018-12-29,UFC 232: Jones vs. Gustafsson 2,Carlos Condit vs. Michael Chiesa,Carlos Condit,-166.0
2018-12-29,UFC 232: Jones vs. Gustafsson 2,Carlos Condit vs. Michael Chiesa,Michael Chiesa,166.0
2017-12-30,UFC 219: Cyborg vs. Holm,Carlos Condit vs. Neil Magny,Carlos Condit,128.0
2017-12-30,UFC 219: Cyborg vs. Holm,Carlos Condit vs. Neil Magny,Neil Magny,-128.0
2020-02-15,UFC Fight Night: Anderson vs. Blachowicz,Casey Kenney vs. Merab Dvalishvili,Casey Kenney,136.0
2020-02-15,UFC Fight Night: Anderson vs. Blachowicz,Casey Kenney vs. Merab Dvalishvili,Merab Dvalishvili,-136.0
2018-05-12,UFC 224: Nunes vs. Pennington,Cezar Ferreira vs. Karl Roberson,Cezar Ferreira,296.0
2018-05-12,UFC 224: Nunes vs. Pennington,Cezar Ferreira vs. Karl Roberson,Karl Roberson,-296.0
2018-12-08,UFC 231: Holloway vs. Ortega,Chad Laprise vs. Dhiego Lima,Chad Laprise,-296.0
2018-12-08,UFC 231: Holloway vs. Ortega,Chad Laprise vs. Dhiego Lima,Dhiego Lima,296.0
2017-12-16,UFC Fight Night: Lawler vs. Dos Anjos,Chad Laprise vs. Galore Bofando,Chad Laprise,108.0
2017-12-16,UFC Fight Night: Lawler vs. Dos Anjos,Chad Laprise vs. Galore Bofando,Galore Bofando,-108.0
2018-12-29,UFC 232: Jones vs. Gustafsson 2,Chad Mendes vs. Alexander Volkanovski,Chad Mendes,196.0
2018-12-29,UFC 232: Jones vs. Gustafsson 2,Chad Mendes vs. Alexander Volkanovski,Alexander Volkanovski,-196.0
2018-11-10,UFC Fight Night: Korean Zombie vs. Rodriguez,Chan Sung Jung vs. Yair Rodriguez,Chan Sung Jung,296.0
2018-11-10,UFC Fight Night: Korean Zombie vs. Rodriguez,Chan Sung Jung vs. Yair Rodriguez,Yair Rodriguez,-296.0
2018-09-08,UFC 228: Woodley vs. Till,Charles Byrd vs. Darren Stewart,Charles Byrd,-239.0
2018-09-08,UFC 228: Woodley vs. Till,Charles Byrd vs. Darren Stewart,Darren Stewart,239.0
2018-09-22,UFC Fight Night: Marreta vs. Anders,Charles Oliveira vs. Christos Giagos,Charles Oliveira,-166.0
2018-09-22,UFC Fight Night: Marreta vs. Anders,Charles Oliveira vs. Christos Giagos,Christos Giagos,166.0
2019-02-02,UFC Fight Night: Assuncao vs. Moraes 2,Charles Oliveira vs. David Teymur,Charles Oliveira,-128.0
2019-02-02,UFC Fight Night: Assuncao vs. Moraes 2,Charles Oliveira vs. David Teymur,David Teymur,128.0
2019-11-16,UFC Fight Night: Blachowicz vs. Jacare,Charles Oliveira vs. Jared Gordon,Charles Oliveira,-128.0
2019-11-16,UFC Fight Night: Blachowicz vs. Jacare,Charles Oliveira vs. Jared Gordon,Jared Gordon,128.0
2017-12-02,UFC 218: Holloway vs. Aldo 2,Charles Oliveira vs. Paul Felder,Charles Oliveira,108.0
2017-12-02,UFC 218: Holloway vs. Aldo 2,Charles Oliveira vs. Paul Felder,Paul Felder,-108.0
2019-10-18,UFC Fight Night: Reyes vs. Weidman,Charles Rosa vs. Manny Bermudez,Charles Rosa,239.0
2019-10-18,UFC Fight Night: Reyes vs. Weidman,Charles Rosa vs. Manny Bermudez,Manny Bermudez,-239.0
2019-09-14,UFC Fight Night: Cowboy vs. Gaethje,Chas Skelly vs. Jordan Griffin,Chas Skelly,184.0
2019-09-14,UFC Fight Night: Cowboy vs. Gaethje,Chas Skelly vs. Jordan Griffin,Jordan Griffin,-184.0
2017-11-25,UFC Fight Night: Bisping vs. Gastelum,Chase Sherman vs. Shamil Abdurakhimov,Chase Sherman,-128.0
2017-11-25,UFC Fight Night: Bisping vs. Gastelum,Chase Sherman vs. Shamil Abdurakhimov,Shamil Abdurakhimov,128.0
2017-12-09,UFC Fight Night: Swanson vs. Ortega,Chris Gruetzemacher vs. Davi Ramos,Chris Gruetzemacher,-128.0
2017-12-09,UFC Fight Night: Swanson vs. Ortega,Chris Gruetzemacher vs. Davi Ramos,Davi Ramos,128.0
2019-08-17,UFC 241: Cormier vs. Miocic 2,Christos Giagos vs. Drakkar Klose,Christos Giagos,-100.0
2019-08-17,UFC 241: Cormier vs. Miocic 2,Christos Giagos vs. Drakkar Klose,Drakkar Klose,-100.0
2019-12-21,UFC Fight Night: Edgar vs. The Korean Zombie,Ciryl Gane vs. Tanner Boser,Ciryl Gane,-239.0
2019-12-21,UFC Fight Night: Edgar vs. The Korean Zombie,Ciryl Gane vs. Tanner Boser,Tanner Boser,239.0
2018-05-19,UFC Fight Night: Maia vs. Usman,Claudio Puelles vs. Felipe Silva,Claudio Puelles,-286.0
2018-05-19,UFC Fight Night: Maia vs. Usman,Claudio Puelles vs. Felipe Silva,Felipe Silva,286.0
2019-09-21,UFC Fight Night: Rodriguez vs. Stephens,Claudio Puelles vs. Marcos Mariano,Claudio Puelles,-184.0
2019-09-21,UFC Fight Night: Rodriguez vs. Stephens,Claudio Puelles vs. Marcos Mariano,Marcos Mariano,184.0
2018-05-27,UFC Fight Night: Thompson vs. Till,Claudio Silva vs. Nordine Taleb,Claudio Silva,296.0
2018-05-27,UFC Fight Night: Thompson vs. Till,Claudio Silva vs. Nordine Taleb,Nordine Taleb,-296.0
2018-06-09,UFC 225: Whittaker vs. Romero 2,Clay Guida vs. Charles Oliveira,Clay Guida,-108.0
2018-06-09,UFC 225: Whittaker vs. Romero 2,Clay Guida vs. Charles Oliveira,Charles Oliveira,108.0
2019-03-02,UFC 235: Jones vs. Smith,Cody Garbrandt vs. Pedro Munhoz,Cody Garbrandt,-219.0
2019-03-02,UFC 235: Jones vs. Smith,Cody Garbrandt vs. Pedro Munhoz,Pedro Munhoz,219.0
2017-11-04,UFC 217: Bisping vs. St-Pierre,Cody Garbrandt vs. TJ Dillashaw,Cody Garbrandt,108.0
2017-11-04,UFC 217: Bisping vs. St-Pierre,Cody Garbrandt vs. TJ Dillashaw,TJ Dillashaw,-108.0
2019-03-02,UFC 235: Jones vs. Smith,Cody Stamann vs. Alejandro Perez,Cody Stamann,-136.0
2019-03-02,UFC 235: Jones vs. Smith,Cody Stamann vs. Alejandro Perez,Alejandro Perez,136.0
2019-12-07,UFC Fight Night: Overeem vs. Rozenstruik,Cody Stamann vs. Song Yadong,Cody Stamann,239.0
2019-12-07,UFC Fight Night: Overeem vs. Rozenstruik,Cody Stamann vs. Song Yadong,Song Yadong,-239.0
2019-08-03,UFC Fight Night: Covington vs. Lawler,Colby Covington vs. Robbie Lawler,Colby Covington,-352.0
2019-08-03,UFC Fight Night: Covington vs. Lawler,Colby Covington vs. Robbie Lawler,Robbie Lawler,352.0
2020-01-18,UFC 246: McGregor vs. Cowboy,Conor McGregor vs. Donald Cerrone,Conor McGregor,-184.0
2020-01-18,UFC 246: McGregor vs. Cowboy,Conor McGregor vs. Donald Cerrone,Donald Cerrone,184.0
2020-02-15,UFC Fight Night: Anderson vs. Blachowicz,Corey Anderson vs. Jan Blachowicz,Corey Anderson,-352.0
2020-02-15,UFC Fight Night: Anderson vs. Blachowicz,Corey Anderson vs. Jan Blachowicz,Jan Blachowicz,352.0
2019-11-02,UFC 244: Masvidal vs. Diaz,Corey Anderson vs. Johnny Walker,Corey Anderson,-200.0
2019-11-02,UFC 244: Masvidal vs. Diaz,Corey Anderson vs. Johnny Walker,Johnny Walker,200.0
2018-04-21,UFC Fight Night: Barboza vs. Lee,Corey Anderson vs. Patrick Cummins,Corey Anderson,-309.0
2018-04-21,UFC Fight Night: Barboza vs. Lee,Corey Anderson vs. Patrick Cummins,Patrick Cummins,309.0
2018-08-25,UFC Fight Night: Gaethje vs. Vick,Cory Sandhagen vs. Iuri Alcantara,Cory Sandhagen,-286.0
2018-08-25,UFC Fight Night: Gaethje vs. Vick,Cory Sandhagen vs. Iuri Alcantara,Iuri Alcantara,286.0
2019-04-27,UFC Fight Night: Jacare vs. Hermansson,Court McGee vs. Dhiego Lima,Court McGee,-296.0
2019-04-27,UFC Fight Night: Jacare vs. Hermansson,Court McGee vs. Dhiego Lima,Dhiego Lima,296.0
2017-11-11,UFC Fight Night: Poirier vs. Pettis,Court McGee vs. Sean Strickland,Court McGee,152.0
2017-11-11,UFC Fight Night: Poirier vs. Pettis,Court McGee vs. Sean Strickland,Sean Strickland,-152.0
2019-10-12,UFC Fight Night: Joanna vs. Waterson,Cub Swanson vs. Kron Gracie,Cub Swanson,-128.0
2019-10-12,UFC Fight Night: Joanna vs. Waterson,Cub Swanson vs. Kron Gracie,Kron Gracie,128.0
2018-08-04,UFC 227: Dillashaw vs. Garbrandt 2,Cub Swanson vs. Renato Moicano,Cub Swanson,108.0
2018-08-04,UFC 227: Dillashaw vs. Garbrandt 2,Cub Swanson vs. Renato Moicano,Renato Moicano,-108.0
2019-05-04,UFC Fight Night: Iaquinta vs. Cowboy,Cub Swanson vs. Shane Burgos,Cub Swanson,-128.0
2019-05-04,UFC Fight Night: Iaquinta vs. Cowboy,Cub Swanson vs. Shane Burgos,Shane Burgos,128.0
2018-11-24,UFC Fight Night: Blaydes vs. Ngannou 2,Curtis Blaydes vs. Francis Ngannou,Curtis Blaydes,-252.0
2018-11-24,UFC Fight Night: Blaydes vs. Ngannou 2,Curtis Blaydes vs. Francis Ngannou,Francis Ngannou,252.0
2020-01-25,UFC Fight Night: Blaydes vs. Dos Santos,Curtis Blaydes vs. Junior Dos Santos,Curtis Blaydes,-166.0
2020-01-25,UFC Fight Night: Blaydes vs. Dos Santos,Curtis Blaydes vs. Junior Dos Santos,Junior Dos Santos,166.0
2019-03-23,UFC Fight Night: Thompson vs. Pettis,Curtis Blaydes vs. Justin Willis,Curtis Blaydes,-128.0
2019-03-23,UFC Fight Night: Thompson vs. Pettis,Curtis Blaydes vs. Justin Willis,Justin Willis,128.0
2019-09-07,UFC 242: Khabib vs. Poirier,Curtis Blaydes vs. Shamil Abdurakhimov,Curtis Blaydes,-296.0
2019-09-07,UFC 242: Khabib vs. Poirier,Curtis Blaydes vs. Shamil Abdurakhimov,Shamil Abdurakhimov,296.0
2019-04-13,UFC 236: Holloway vs. Poirier 2,Curtis Millender vs. Belal Muhammad,Curtis Millender,-108.0
2019-04-13,UFC 236: Holloway vs. Poirier 2,Curtis Millender vs. Belal Muhammad,Belal Muhammad,108.0
2018-07-07,UFC 226: Miocic vs. Cormier,Curtis Millender vs. Max Griffin,Curtis Millender,-128.0
2018-07-07,UFC 226: Miocic vs. Cormier,Curtis Millender vs. Max Griffin,Max Griffin,128.0
2018-12-29,UFC 232: Jones vs. Gustafsson 2,Curtis Millender vs. Siyar Bahadurzada,Curtis Millender,-108.0
2018-12-29,UFC 232: Jones vs. Gustafsson 2,Curtis Millender vs. Siyar Bahadurzada,Siyar Bahadurzada,108.0
2019-12-21,UFC Fight Night: Edgar vs. The Korean Zombie,Da Woon Jung vs. Mike Rodriguez,Da Woon Jung,-128.0
2019-12-21,UFC Fight Night: Edgar vs. The Korean Zombie,Da Woon Jung vs. Mike Rodriguez,Mike Rodriguez,128.0
2017-10-21,UFC Fight Night: Cerrone vs. Till,Damian Stasiak vs. Brian Kelleher,Damian Stasiak,-108.0
2017-10-21,UFC Fight Night: Cerrone vs. Till,Damian Stasiak vs. Brian Kelleher,Brian Kelleher,108.0
2018-02-10,UFC 221: Romero vs. Rockhold,Damien Brown vs. Dong Hyun Ma,Damien Brown,128.0
2018-02-10,UFC 221: Romero vs. Rockhold,Damien Brown vs. Dong Hyun Ma,Dong Hyun Ma,-128.0
2017-11-18,UFC Fight Night: Werdum vs. Tybura,Damien Brown vs. Frank Camacho,Damien Brown,128.0
2017-11-18,UFC Fight Night: Werdum vs. Tybura,Damien Brown vs. Frank Camacho,Frank Camacho,-128.0
2019-06-01,UFC Fight Night: Gustafsson vs. Smith,Damir Hadzovic vs. Christos Giagos,Damir Hadzovic,-100.0
2019-06-01,UFC Fight Night: Gustafsson vs. Smith,Damir Hadzovic vs. Christos Giagos,Christos Giagos,-100.0
2019-02-23,UFC Fight Night: Blachowicz vs. Santos,Damir Hadzovic vs. Marco Polo Reyes,Damir Hadzovic,128.0
2019-02-23,UFC Fight Night: Blachowicz vs. Santos,Damir Hadzovic vs. Marco Polo Reyes,Marco Polo Reyes,-128.0
2019-08-31,UFC Fight Night: Andrade vs. Zhang,Damir Ismagulov vs. Thiago Moises,Damir Ismagulov,-109.0
2019-08-31,UFC Fight Night: Andrade vs. Zhang,Damir Ismagulov vs. Thiago Moises,Thiago Moises,109.0
2018-07-07,UFC 226: Miocic vs. Cormier,Dan Hooker vs. Gilbert Burns,Dan Hooker,-128.0
2018-07-07,UFC 226: Miocic vs. Cormier,Dan Hooker vs. Gilbert Burns,Gilbert Burns,128.0
2017-12-30,UFC 219: Cyborg vs. Holm,Dan Hooker vs. Marc Diakiese,Dan Hooker,128.0
2017-12-30,UFC 219: Cyborg vs. Holm,Dan Hooker vs. Marc Diakiese,Marc Diakiese,-128.0
2019-06-22,UFC Fight Night: Moicano vs. The Korean Zombie,Dan Ige vs. Kevin Aguilar,Dan Ige,-128.0
2019-06-22,UFC Fight Night: Moicano vs. The Korean Zombie,Dan Ige vs. Kevin Aguilar,Kevin Aguilar,128.0
2018-11-03,UFC 230: Cormier vs. Lewis,Daniel Cormier vs. Derrick Lewis,Daniel Cormier,-128.0
2018-11-03,UFC 230: Cormier vs. Lewis,Daniel Cormier vs. Derrick Lewis,Derrick Lewis,128.0
2019-08-17,UFC 241: Cormier vs. Miocic 2,Daniel Cormier vs. Stipe Miocic,Daniel Cormier,128.0
2019-08-17,UFC 241: Cormier vs. Miocic 2,Daniel Cormier vs. Stipe Miocic,Stipe Miocic,-128.0
2018-01-20,UFC 220: Miocic vs. Ngannou,Daniel Cormier vs. Volkan Oezdemir,Daniel Cormier,-128.0
2018-01-20,UFC 220: Miocic vs. Ngannou,Daniel Cormier vs. Volkan Oezdemir,Volkan Oezdemir,128.0
2018-05-27,UFC Fight Night: Thompson vs. Till,Daniel Kelly vs. Tom Breese,Daniel Kelly,296.0
2018-05-27,UFC Fight Night: Thompson vs. Till,Daniel Kelly vs. Tom Breese,Tom Breese,-296.0
2019-02-23,UFC Fight Night: Blachowicz vs. Santos,Daniel Teymur vs. Chris Fishgold,Daniel Teymur,184.0
2019-02-23,UFC Fight Night: Blachowicz vs. Santos,Daniel Teymur vs. Chris Fishgold,Chris Fishgold,-184.0
2019-03-16,UFC Fight Night: Till vs. Masvidal,Danny Henry vs. Dan Ige,Danny Henry,128.0
2019-03-16,UFC Fight Night: Till vs. Masvidal,Danny Henry vs. Dan Ige,Dan Ige,-128.0
2019-03-16,UFC Fight Night: Till vs. Masvidal,Danny Roberts vs. Claudio Silva,Danny Roberts,128.0
2019-03-16,UFC Fight Night: Till vs. Masvidal,Danny Roberts vs. Claudio Silva,Claudio Silva,-128.0
2018-03-17,UFC Fight Night: Werdum vs. Volkov,Danny Roberts vs. Oliver Enkamp,Danny Roberts,108.0
2018-03-17,UFC Fight Night: Werdum vs. Volkov,Danny Roberts vs. Oliver Enkamp,Oliver Enkamp,-108.0
2019-06-01,UFC Fight Night: Gustafsson vs. Smith,Darko Stosic vs. Devin Clark,Darko Stosic,-248.0
2019-06-01,UFC Fight Night: Gustafsson vs. Smith,Darko Stosic vs. Devin Clark,Devin Clark,248.0
2019-08-03,UFC Fight Night: Covington vs. Lawler,Darko Stosic vs. Kennedy Nzechukwu,Darko Stosic,128.0
2019-08-03,UFC Fight Night: Covington vs. Lawler,Darko Stosic vs. Kennedy Nzechukwu,Kennedy Nzechukwu,-128.0
2018-07-14,UFC Fight Night: Dos Santos vs. Ivanov,Darren Elkins vs. Alexander Volkanovski,Darren Elkins,219.0
2018-07-14,UFC Fight Night: Dos Santos vs. Ivanov,Darren Elkins vs. Alexander Volkanovski,Alexander Volkanovski,-219.0
2018-01-14,UFC Fight Night: Stephens vs. Choi,Darren Elkins vs. Michael Johnson,Darren Elkins,-200.0
2018-01-14,UFC Fight Night: Stephens vs. Choi,Darren Elkins vs. Michael Johnson,Michael Johnson,200.0
2019-07-13,UFC Fight Night: De Randamie vs. Ladd,Darren Elkins vs. Ryan Hall,Darren Elkins,108.0
2019-07-13,UFC Fight Night: De Randamie vs. Ladd,Darren Elkins vs. Ryan Hall,Ryan Hall,-108.0
2019-03-16,UFC Fight Night: Till vs. Masvidal,Darren Till vs. Jorge Masvidal,Darren Till,108.0
2019-03-16,UFC Fight Night: Till vs. Masvidal,Darren Till vs. Jorge Masvidal,Jorge Masvidal,-108.0
2018-07-22,UFC Fight Night: Shogun vs. Smith,Davey Grant vs. Manny Bermudez,Davey Grant,128.0
2018-07-22,UFC Fight Night: Shogun vs. Smith,Davey Grant vs. Manny Bermudez,Manny Bermudez,-128.0
2018-11-10,UFC Fight Night: Korean Zombie vs. Rodriguez,Davi Ramos vs. John Gunther,Davi Ramos,-128.0
2018-11-10,UFC Fight Night: Korean Zombie vs. Rodriguez,Davi Ramos vs. John Gunther,John Gunther,128.0
2018-05-12,UFC 224: Nunes vs. Pennington,Davi Ramos vs. Nick Hein,Davi Ramos,-109.0
2018-05-12,UFC 224: Nunes vs. Pennington,Davi Ramos vs. Nick Hein,Nick Hein,109.0
2019-03-30,UFC Fight Night: Barboza vs. Gaethje,David Branch vs. Jack Hermansson,David Branch,347.0
2019-03-30,UFC Fight Night: Barboza vs. Gaethje,David Branch vs. Jack Hermansson,Jack Hermansson,-347.0
2018-11-03,UFC 230: Cormier vs. Lewis,David Branch vs. Jared Cannonier,David Branch,-109.0
2018-11-03,UFC 230: Cormier vs. Lewis,David Branch vs. Jared Cannonier,Jared Cannonier,109.0
2018-04-21,UFC Fight Night: Barboza vs. Lee,David Branch vs. Thiago Santos,David Branch,296.0
2018-04-21,UFC Fight Night: Barboza vs. Lee,David Branch vs. Thiago Santos,Thiago Santos,-296.0
2017-12-02,UFC 218: Holloway vs. Aldo 2,David Teymur vs. Drakkar Klose,David Teymur,-108.0
2017-12-02,UFC 218: Holloway vs. Aldo 2,David Teymur vs. Drakkar Klose,Drakkar Klose,108.0
2017-10-28,UFC Fight Night: Brunson vs. Machida,Deiveson Figueiredo vs. Jarred Brooks,Deiveson Figueiredo,-109.0
2017-10-28,UFC Fight Night: Brunson vs. Machida,Deiveson Figueiredo vs. Jarred Brooks,Jarred Brooks,109.0
2018-02-03,UFC Fight Night: Machida vs. Anders,Deiveson Figueiredo vs. Joseph Morales,Deiveson Figueiredo,252.0
2018-02-03,UFC Fight Night: Machida vs. Anders,Deiveson Figueiredo vs. Joseph Morales,Joseph Morales,-252.0
2019-10-12,UFC Fight Night: Joanna vs. Waterson,Deiveson Figueiredo vs. Tim Elliott,Deiveson Figueiredo,-128.0
2019-10-12,UFC Fight Night: Joanna vs. Waterson,Deiveson Figueiredo vs. Tim Elliott,Tim Elliott,128.0
2018-08-04,UFC 227: Dillashaw vs. Garbrandt 2,Demetrious Johnson vs. Henry Cejudo,Demetrious Johnson,-352.0
2018-08-04,UFC 227: Dillashaw vs. Garbrandt 2,Demetrious Johnson vs. Henry Cejudo,Henry Cejudo,352.0
2017-10-07,UFC 216: Ferguson vs. Lee,Demetrious Johnson vs. Ray Borg,Demetrious Johnson,-352.0
2017-10-07,UFC 216: Ferguson vs. Lee,Demetrious Johnson vs. Ray Borg,Ray Borg,352.0
2019-06-29,UFC Fight Night: Ngannou vs. Dos Santos,Demian Maia vs. Anthony Rocco Martin,Demian Maia,109.0
2019-06-29,UFC Fight Night: Ngannou vs. Dos Santos,Demian Maia vs. Anthony Rocco Martin,Anthony Rocco Martin,-109.0
2019-10-26,UFC Fight Night: Maia vs. Askren,Demian Maia vs. Ben Askren,Demian Maia,-352.0
2019-10-26,UFC Fight Night: Maia vs. Askren,Demian Maia vs. Ben Askren,Ben Askren,352.0
2017-10-28,UFC Fight Night: Brunson vs. Machida,Demian Maia vs. Colby Covington,Demian Maia,248.0
2017-10-28,UFC Fight Night: Brunson vs. Machida,Demian Maia vs. Colby Covington,Colby Covington,-248.0
2018-05-19,UFC Fight Night: Maia vs. Usman,Demian Maia vs. Kamaru Usman,Demian Maia,296.0
2018-05-19,UFC Fight Night: Maia vs. Usman,Demian Maia vs. Kamaru Usman,Kamaru Usman,-296.0
2019-02-02,UFC Fight Night: Assuncao vs. Moraes 2,Demian Maia vs. Lyman Good,Demian Maia,-239.0
2019-02-02,UFC Fight Night: Assuncao vs. Moraes 2,Demian Maia vs. Lyman Good,Lyman Good,239.0
2018-01-27,UFC Fight Night: Jacare vs. Brunson 2,Dennis Bermudez vs. Andre Fili,Dennis Bermudez,-128.0
2018-01-27,UFC Fight Night: Jacare vs. Brunson 2,Dennis Bermudez vs. Andre Fili,Andre Fili,128.0
2018-07-14,UFC Fight Night: Dos Santos vs. Ivanov,Dennis Bermudez vs. Ricky Glenn,Dennis Bermudez,-249.0
2018-07-14,UFC Fight Night: Dos Santos vs. Ivanov,Dennis Bermudez vs. Ricky Glenn,Ricky Glenn,249.0
2019-01-19,UFC Fight Night: Cejudo vs. Dillashaw,Dennis Bermudez vs. Te Edwards,Dennis Bermudez,-296.0
2019-01-19,UFC Fight Night: Cejudo vs. Dillashaw,Dennis Bermudez vs. Te Edwards,Te Edwards,296.0
2019-05-04,UFC Fight Night: Iaquinta vs. Cowboy,Derek Brunson vs. Elias Theodorou,Derek Brunson,152.0
2019-05-04,UFC Fight Night: Iaquinta vs. Cowboy,Derek Brunson vs. Elias Theodorou,Elias Theodorou,-152.0
2019-08-17,UFC 241: Cormier vs. Miocic 2,Derek Brunson vs. Ian Heinisch,Derek Brunson,-128.0
2019-08-17,UFC 241: Cormier vs. Miocic 2,Derek Brunson vs. Ian Heinisch,Ian Heinisch,128.0
2018-11-03,UFC 230: Cormier vs. Lewis,Derek Brunson vs. Israel Adesanya,Derek Brunson,128.0
2018-11-03,UFC 230: Cormier vs. Lewis,Derek Brunson vs. Israel Adesanya,Israel Adesanya,-128.0
2017-10-28,UFC Fight Night: Brunson vs. Machida,Derek Brunson vs. Lyoto Machida,Derek Brunson,-166.0
2017-10-28,UFC Fight Night: Brunson vs. Machida,Derek Brunson vs. Lyoto Machida,Lyoto Machida,166.0
2019-10-18,UFC Fight Night: Reyes vs. Weidman,Deron Winn vs. Darren Stewart,Deron Winn,152.0
2019-10-18,UFC Fight Night: Reyes vs. Weidman,Deron Winn vs. Darren Stewart,Darren Stewart,-152.0
2018-10-06,UFC 229: Khabib vs. McGregor,Derrick Lewis vs. Alexander Volkov,Derrick Lewis,108.0
2018-10-06,UFC 229: Khabib vs. McGregor,Derrick Lewis vs. Alexander Volkov,Alexander Volkov,-108.0
2019-11-02,UFC 244: Masvidal vs. Diaz,Derrick Lewis vs. Blagoy Ivanov,Derrick Lewis,-128.0
2019-11-02,UFC 244: Masvidal vs. Diaz,Derrick Lewis vs. Blagoy Ivanov,Blagoy Ivanov,128.0
2020-02-08,UFC 247: Jones vs. Reyes,Derrick Lewis vs. Ilir Latifi,Derrick Lewis,-128.0
2020-02-08,UFC 247: Jones vs. Reyes,Derrick Lewis vs. Ilir Latifi,Ilir Latifi,128.0
2019-03-09,UFC Fight Night: Lewis vs. Dos Santos,Derrick Lewis vs. Junior Dos Santos,Derrick Lewis,239.0
2019-03-09,UFC Fight Night: Lewis vs. Dos Santos,Derrick Lewis vs. Junior Dos Santos,Junior Dos Santos,-239.0
2018-02-18,UFC Fight Night: Cerrone vs. Medeiros,Derrick Lewis vs. Marcin Tybura,Derrick Lewis,-128.0
2018-02-18,UFC Fight Night: Cerrone vs. Medeiros,Derrick Lewis vs. Marcin Tybura,Marcin Tybura,128.0
2018-06-01,UFC Fight Night: Rivera vs. Moraes,Desmond Green vs. Gleison Tibau,Desmond Green,-296.0
2018-06-01,UFC Fight Night: Rivera vs. Moraes,Desmond Green vs. Gleison Tibau,Gleison Tibau,296.0
2018-12-08,UFC 231: Holloway vs. Ortega,Devin Clark vs. Aleksandar Rakic,Devin Clark,166.0
2018-12-08,UFC 231: Holloway vs. Ortega,Devin Clark vs. Aleksandar Rakic,Aleksandar Rakic,-166.0
2020-02-15,UFC Fight Night: Anderson vs. Blachowicz,Devin Clark vs. Dequan Townsend,Devin Clark,-296.0
2020-02-15,UFC Fight Night: Anderson vs. Blachowicz,Devin Clark vs. Dequan Townsend,Dequan Townsend,296.0
2018-07-28,UFC Fight Night: Alvarez vs. Poirier 2,Devin Powell vs. Alvaro Herrera Mendoza,Devin Powell,128.0
2018-07-28,UFC Fight Night: Alvarez vs. Poirier 2,Devin Powell vs. Alvaro Herrera Mendoza,Alvaro Herrera Mendoza,-128.0
2019-02-09,UFC 234: Adesanya vs. Silva,Devonte Smith vs. Dong Hyun Ma,Devonte Smith,-248.0
2019-02-09,UFC 234: Adesanya vs. Silva,Devonte Smith vs. Dong Hyun Ma,Dong Hyun Ma,248.0
2018-04-14,UFC Fight Night: Poirier vs. Gaethje,Dhiego Lima vs. Yushin Okami,Dhiego Lima,109.0
2018-04-14,UFC Fight Night: Poirier vs. Gaethje,Dhiego Lima vs. Yushin Okami,Yushin Okami,-109.0
2018-05-19,UFC Fight Night: Maia vs. Usman,Diego Rivas vs. Guido Cannetti,Diego Rivas,109.0
2018-05-19,UFC Fight Night: Maia vs. Usman,Diego Rivas vs. Guido Cannetti,Guido Cannetti,-109.0
2018-09-08,UFC 228: Woodley vs. Till,Diego Sanchez vs. Craig White,Diego Sanchez,239.0
2018-09-08,UFC 228: Woodley vs. Till,Diego Sanchez vs. Craig White,Craig White,-239.0
2019-07-06,UFC 239: Jones vs. Santos,Diego Sanchez vs. Michael Chiesa,Diego Sanchez,337.0
2019-07-06,UFC 239: Jones vs. Santos,Diego Sanchez vs. Michael Chiesa,Michael Chiesa,-337.0
2020-02-15,UFC Fight Night: Anderson vs. Blachowicz,Diego Sanchez vs. Michel Pereira,Diego Sanchez,337.0
2020-02-15,UFC Fight Night: Anderson vs. Blachowicz,Diego Sanchez vs. Michel Pereira,Michel Pereira,-337.0
2019-03-02,UFC 235: Jones vs. Smith,Diego Sanchez vs. Mickey Gall,Diego Sanchez,337.0
2019-03-02,UFC 235: Jones vs. Smith,Diego Sanchez vs. Mickey Gall,Mickey Gall,-337.0
2017-10-21,UFC Fight Night: Cerrone vs. Till,Donald Cerrone vs. Darren Till,Donald Cerrone,239.0
2017-10-21,UFC Fight Night: Cerrone vs. Till,Donald Cerrone vs. Darren Till,Darren Till,-239.0
2019-09-14,UFC Fight Night: Cowboy vs. Gaethje,Donald Cerrone vs. Justin Gaethje,Donald Cerrone,-184.0
2019-09-14,UFC Fight Night: Cowboy vs. Gaethje,Donald Cerrone vs. Justin Gaethje,Justin Gaethje,184.0
2018-06-23,UFC Fight Night: Cowboy vs. Edwards,Donald Cerrone vs. Leon Edwards,Donald Cerrone,196.0
2018-06-23,UFC Fight Night: Cowboy vs. Edwards,Donald Cerrone vs. Leon Edwards,Leon Edwards,-196.0
2018-11-10,UFC Fight Night: Korean Zombie vs. Rodriguez,Donald Cerrone vs. Mike Perry,Donald Cerrone,128.0
2018-11-10,UFC Fight Night: Korean Zombie vs. Rodriguez,Donald Cerrone vs. Mike Perry,Mike Perry,-128.0
2018-02-18,UFC Fight Night: Cerrone vs. Medeiros,Donald Cerrone vs. Yancy Medeiros,Donald Cerrone,-118.0
2018-02-18,UFC Fight Night: Cerrone vs. Medeiros,Donald Cerrone vs. Yancy Medeiros,Yancy Medeiros,118.0
2019-12-21,UFC Fight Night: Edgar vs. The Korean Zombie,Dooho Choi vs. Charles Jourdain,Dooho Choi,-128.0
2019-12-21,UFC Fight Night: Edgar vs. The Korean Zombie,Dooho Choi vs. Charles Jourdain,Charles Jourdain,128.0
2018-02-03,UFC Fight Night: Machida vs. Anders,Douglas Silva de Andrade vs. Marlon Vera,Douglas Silva de Andrade,128.0
2018-02-03,UFC Fight Night: Machida vs. Anders,Douglas Silva de Andrade vs. Marlon Vera,Marlon Vera,-128.0
2018-12-29,UFC 232: Jones vs. Gustafsson 2,Douglas Silva de Andrade vs. Petr Yan,Douglas Silva de Andrade,296.0
2018-12-29,UFC 232: Jones vs. Gustafsson 2,Douglas Silva de Andrade vs. Petr Yan,Petr Yan,-296.0
2019-11-16,UFC Fight Night: Blachowicz vs. Jacare,Douglas Silva de Andrade vs. Renan Barao,Douglas Silva de Andrade,296.0
2019-11-16,UFC Fight Night: Blachowicz vs. Jacare,Douglas Silva de Andrade vs. Renan Barao,Renan Barao,-296.0
2018-01-27,UFC Fight Night: Jacare vs. Brunson 2,Drew Dober vs. Frank Camacho,Drew Dober,128.0
2018-01-27,UFC Fight Night: Jacare vs. Brunson 2,Drew Dober vs. Frank Camacho,Frank Camacho,-128.0
2018-08-25,UFC Fight Night: Gaethje vs. Vick,Drew Dober vs. Jon Tuck,Drew Dober,-108.0
2018-08-25,UFC Fight Night: Gaethje vs. Vick,Drew Dober vs. Jon Tuck,Jon Tuck,108.0
2019-06-29,UFC Fight Night: Ngannou vs. Dos Santos,Drew Dober vs. Marco Polo Reyes,Drew Dober,-128.0
2019-06-29,UFC Fight Night: Ngannou vs. Dos Santos,Drew Dober vs. Marco Polo Reyes,Marco Polo Reyes,128.0
2020-01-18,UFC 246: McGregor vs. Cowboy,Drew Dober vs. Nasrat Haqparast,Drew Dober,308.0
2020-01-18,UFC 246: McGregor vs. Cowboy,Drew Dober vs. Nasrat Haqparast,Nasrat Haqparast,-308.0
2018-01-20,UFC 220: Miocic vs. Ngannou,Dustin Ortiz vs. Alexandre Pantoja,Dustin Ortiz,-128.0
2018-01-20,UFC 220: Miocic vs. Ngannou,Dustin Ortiz vs. Alexandre Pantoja,Alexandre Pantoja,128.0
2018-07-28,UFC Fight Night: Alvarez vs. Poirier 2,Dustin Ortiz vs. Matheus Nicolau,Dustin Ortiz,108.0
2018-07-28,UFC Fight Night: Alvarez vs. Poirier 2,Dustin Ortiz vs. Matheus Nicolau,Matheus Nicolau,-108.0
2017-11-11,UFC Fight Night: Poirier vs. Pettis,Dustin Poirier vs. Anthony Pettis,Dustin Poirier,-296.0
2017-11-11,UFC Fight Night: Poirier vs. Pettis,Dustin Poirier vs. Anthony Pettis,Anthony Pettis,296.0
2018-04-14,UFC Fight Night: Poirier vs. Gaethje,Dustin Poirier vs. Justin Gaethje,Dustin Poirier,
2018-04-14,UFC Fight Night: Poirier vs. Gaethje,Dustin Poirier vs. Justin Gaethje,Justin Gaethje,
2019-02-23,UFC Fight Night: Blachowicz vs. Santos,Dwight Grant vs. Carlo Pedersoli Jr.,Dwight Grant,109.0
2019-02-23,UFC Fight Night: Blachowicz vs. Santos,Dwight Grant vs. Carlo Pedersoli Jr.,Carlo Pedersoli Jr.,-109.0
2018-07-28,UFC Fight Night: Alvarez vs. Poirier 2,Eddie Alvarez vs. Dustin Poirier,Eddie Alvarez,352.0
2018-07-28,UFC Fight Night: Alvarez vs. Poirier 2,Eddie Alvarez vs. Dustin Poirier,Dustin Poirier,-352.0
2017-12-02,UFC 218: Holloway vs. Aldo 2,Eddie Alvarez vs. Justin Gaethje,Eddie Alvarez,128.0
2017-12-02,UFC 218: Holloway vs. Aldo 2,Eddie Alvarez vs. Justin Gaethje,Justin Gaethje,-128.0
2018-07-14,UFC Fight Night: Dos Santos vs. Ivanov,Eddie Wineland vs. Alejandro Perez,Eddie Wineland,296.0
2018-07-14,UFC Fight Night: Dos Santos vs. Ivanov,Eddie Wineland vs. Alejandro Perez,Alejandro Perez,-296.0
2019-03-02,UFC 235: Jones vs. Smith,Edmen Shahbazyan vs. Charles Byrd,Edmen Shahbazyan,-296.0
2019-03-02,UFC 235: Jones vs. Smith,Edmen Shahbazyan vs. Charles Byrd,Charles Byrd,296.0
2019-07-06,UFC 239: Jones vs. Santos,Edmen Shahbazyan vs. Jack Marshman,Edmen Shahbazyan,
2019-07-06,UFC 239: Jones vs. Santos,Edmen Shahbazyan vs. Jack Marshman,Jack Marshman,
2018-12-15,UFC Fight Night: Lee vs. Iaquinta,Edson Barboza vs. Dan Hooker,Edson Barboza,128.0
2018-12-15,UFC Fight Night: Lee vs. Iaquinta,Edson Barboza vs. Dan Hooker,Dan Hooker,-128.0
2019-03-30,UFC Fight Night: Barboza vs. Gaethje,Edson Barboza vs. Justin Gaethje,Edson Barboza,-220.0
2019-03-30,UFC Fight Night: Barboza vs. Gaethje,Edson Barboza vs. Justin Gaethje,Justin Gaethje,220.0
2018-04-21,UFC Fight Night: Barboza vs. Lee,Edson Barboza vs. Kevin Lee,Edson Barboza,296.0
2018-04-21,UFC Fight Night: Barboza vs. Lee,Edson Barboza vs. Kevin Lee,Kevin Lee,-296.0
2019-09-07,UFC 242: Khabib vs. Poirier,Edson Barboza vs. Paul Felder,Edson Barboza,128.0
2019-09-07,UFC 242: Khabib vs. Poirier,Edson Barboza vs. Paul Felder,Paul Felder,-128.0
2017-11-18,UFC Fight Night: Werdum vs. Tybura,Elias Theodorou vs. Daniel Kelly,Elias Theodorou,-337.0
2017-11-18,UFC Fight Night: Werdum vs. Tybura,Elias Theodorou vs. Daniel Kelly,Daniel Kelly,337.0
2018-12-08,UFC 231: Holloway vs. Ortega,Elias Theodorou vs. Eryk Anders,Elias Theodorou,-296.0
2018-12-08,UFC 231: Holloway vs. Ortega,Elias Theodorou vs. Eryk Anders,Eryk Anders,296.0
2018-05-27,UFC Fight Night: Thompson vs. Till,Elias Theodorou vs. Trevor Smith,Elias Theodorou,-296.0
2018-05-27,UFC Fight Night: Thompson vs. Till,Elias Theodorou vs. Trevor Smith,Trevor Smith,296.0
2019-03-09,UFC Fight Night: Lewis vs. Dos Santos,Elizeu Zaleski dos Santos vs. Curtis Millender,Elizeu Zaleski dos Santos,-239.0
2019-03-09,UFC Fight Night: Lewis vs. Dos Santos,Elizeu Zaleski dos Santos vs. Curtis Millender,Curtis Millender,239.0
2017-10-28,UFC Fight Night: Brunson vs. Machida,Elizeu Zaleski dos Santos vs. Max Griffin,Elizeu Zaleski dos Santos,-239.0
2017-10-28,UFC Fight Night: Brunson vs. Machida,Elizeu Zaleski dos Santos vs. Max Griffin,Max Griffin,239.0
2018-05-12,UFC 224: Nunes vs. Pennington,Elizeu Zaleski dos Santos vs. Sean Strickland,Elizeu Zaleski dos Santos,128.0
2018-05-12,UFC 224: Nunes vs. Pennington,Elizeu Zaleski dos Santos vs. Sean Strickland,Sean Strickland,-128.0
2018-07-22,UFC Fight Night: Shogun vs. Smith,Emil Meek vs. Bartosz Fabinski,Emil Meek,296.0
2018-07-22,UFC Fight Night: Shogun vs. Smith,Emil Meek vs. Bartosz Fabinski,Bartosz Fabinski,-296.0
2019-08-10,UFC Fight Night: Shevchenko vs. Carmouche 2,Enrique Barzola vs. Bobby Moffett,Enrique Barzola,-239.0
2019-08-10,UFC Fight Night: Shevchenko vs. Carmouche 2,Enrique Barzola vs. Bobby Moffett,Bobby Moffett,239.0
2018-05-19,UFC Fight Night: Maia vs. Usman,Enrique Barzola vs. Brandon Davis,Enrique Barzola,-128.0
2018-05-19,UFC Fight Night: Maia vs. Usman,Enrique Barzola vs. Brandon Davis,Brandon Davis,128.0
2019-03-30,UFC Fight Night: Barboza vs. Gaethje,Enrique Barzola vs. Kevin Aguilar,Enrique Barzola,-296.0
2019-03-30,UFC Fight Night: Barboza vs. Gaethje,Enrique Barzola vs. Kevin Aguilar,Kevin Aguilar,296.0
2019-10-26,UFC Fight Night: Maia vs. Askren,Enrique Barzola vs. Movsar Evloev,Enrique Barzola,128.0
2019-10-26,UFC Fight Night: Maia vs. Askren,Enrique Barzola vs. Movsar Evloev,Movsar Evloev,-128.0
2018-02-24,UFC Fight Night: Emmett vs. Stephens,Eric Shelton vs. Alex Perez,Eric Shelton,109.0
2018-02-24,UFC Fight Night: Emmett vs. Stephens,Eric Shelton vs. Alex Perez,Alex Perez,-109.0
2018-05-27,UFC Fight Night: Thompson vs. Till,Eric Spicely vs. Darren Stewart,Eric Spicely,100.0
2018-05-27,UFC Fight Night: Thompson vs. Till,Eric Spicely vs. Darren Stewart,Darren Stewart,-100.0
2017-12-01,The Ultimate Fighter: A New World Champion Finale,Eric Spicely vs. Gerald Meerschaert,Eric Spicely,-128.0
2017-12-01,The Ultimate Fighter: A New World Champion Finale,Eric Spicely vs. Gerald Meerschaert,Gerald Meerschaert,128.0
2018-01-27,UFC Fight Night: Jacare vs. Brunson 2,Erik Koch vs. King Green,Erik Koch,166.0
2018-01-27,UFC Fight Night: Jacare vs. Brunson 2,Erik Koch vs. King Green,King Green,-166.0
2019-07-27,UFC 240: Holloway vs. Edgar,Erik Koch vs. Kyle Stewart,Erik Koch,128.0
2019-07-27,UFC 240: Holloway vs. Edgar,Erik Koch vs. Kyle Stewart,Kyle Stewart,-128.0
2019-10-12,UFC Fight Night: Joanna vs. Waterson,Eryk Anders vs. Gerald Meerschaert,Eryk Anders,128.0
2019-10-12,UFC Fight Night: Joanna vs. Waterson,Eryk Anders vs. Gerald Meerschaert,Gerald Meerschaert,-128.0
2019-04-13,UFC 236: Holloway vs. Poirier 2,Eryk Anders vs. Khalil Rountree Jr.,Eryk Anders,-109.0
2019-04-13,UFC 236: Holloway vs. Poirier 2,Eryk Anders vs. Khalil Rountree Jr.,Khalil Rountree Jr.,109.0
2018-08-25,UFC Fight Night: Gaethje vs. Vick,Eryk Anders vs. Tim Williams,Eryk Anders,-309.0
2018-08-25,UFC Fight Night: Gaethje vs. Vick,Eryk Anders vs. Tim Williams,Tim Williams,309.0
2019-06-29,UFC Fight Night: Ngannou vs. Dos Santos,Eryk Anders vs. Vinicius Moreira,Eryk Anders,-186.0
2019-06-29,UFC Fight Night: Ngannou vs. Dos Santos,Eryk Anders vs. Vinicius Moreira,Vinicius Moreira,186.0
2018-03-17,UFC Fight Night: Werdum vs. Volkov,Fabricio Werdum vs. Alexander Volkov,Fabricio Werdum,108.0
2018-03-17,UFC Fight Night: Werdum vs. Volkov,Fabricio Werdum vs. Alexander Volkov,Alexander Volkov,-108.0
2017-11-18,UFC Fight Night: Werdum vs. Tybura,Fabricio Werdum vs. Marcin Tybura,Fabricio Werdum,108.0
2017-11-18,UFC Fight Night: Werdum vs. Tybura,Fabricio Werdum vs. Marcin Tybura,Marcin Tybura,-108.0
2017-10-07,UFC 216: Ferguson vs. Lee,Fabricio Werdum vs. Walt Harris,Fabricio Werdum,-296.0
2017-10-07,UFC 216: Ferguson vs. Lee,Fabricio Werdum vs. Walt Harris,Walt Harris,296.0
2017-10-21,UFC Fight Night: Cerrone vs. Till,Felipe Arantes vs. Josh Emmett,Felipe Arantes,128.0
2017-10-21,UFC Fight Night: Cerrone vs. Till,Felipe Arantes vs. Josh Emmett,Josh Emmett,-128.0
2018-06-23,UFC Fight Night: Cowboy vs. Edwards,Felipe Arantes vs. Song Yadong,Felipe Arantes,337.0
2018-06-23,UFC Fight Night: Cowboy vs. Edwards,Felipe Arantes vs. Song Yadong,Song Yadong,-337.0
2019-02-17,UFC Fight Night: Ngannou vs. Velasquez,Francis Ngannou vs. Cain Velasquez,Francis Ngannou,136.0
2019-02-17,UFC Fight Night: Ngannou vs. Velasquez,Francis Ngannou vs. Cain Velasquez,Cain Velasquez,-136.0
2018-07-07,UFC 226: Miocic vs. Cormier,Francis Ngannou vs. Derrick Lewis,Francis Ngannou,-100.0
2018-07-07,UFC 226: Miocic vs. Cormier,Francis Ngannou vs. Derrick Lewis,Derrick Lewis,-100.0
2019-06-29,UFC Fight Night: Ngannou vs. Dos Santos,Francis Ngannou vs. Junior Dos Santos,Francis Ngannou,109.0
2019-06-29,UFC Fight Night: Ngannou vs. Dos Santos,Francis Ngannou vs. Junior Dos Santos,Junior Dos Santos,-109.0
2017-10-28,UFC Fight Night: Brunson vs. Machida,Francisco Trinaldo vs. Jim Miller,Francisco Trinaldo,-296.0
2017-10-28,UFC Fight Night: Brunson vs. Machida,Francisco Trinaldo vs. Jim Miller,Jim Miller,296.0
2019-11-16,UFC Fight Night: Blachowicz vs. Jacare,Francisco Trinaldo vs. King Green,Francisco Trinaldo,-136.0
2019-11-16,UFC Fight Night: Blachowicz vs. Jacare,Francisco Trinaldo vs. King Green,King Green,136.0
2019-10-26,UFC Fight Night: Maia vs. Askren,Frank Camacho vs. Beneil Dariush,Frank Camacho,309.0
2019-10-26,UFC Fight Night: Maia vs. Askren,Frank Camacho vs. Beneil Dariush,Beneil Dariush,-309.0
2019-12-21,UFC Fight Night: Edgar vs. The Korean Zombie,Frankie Edgar vs. Chan Sung Jung,Frankie Edgar,-296.0
2019-12-21,UFC Fight Night: Edgar vs. The Korean Zombie,Frankie Edgar vs. Chan Sung Jung,Chan Sung Jung,296.0
2018-04-21,UFC Fight Night: Barboza vs. Lee,Frankie Edgar vs. Cub Swanson,Frankie Edgar,-184.0
2018-04-21,UFC Fight Night: Barboza vs. Lee,Frankie Edgar vs. Cub Swanson,Cub Swanson,184.0
2018-05-19,UFC Fight Night: Maia vs. Usman,Gabriel Benitez vs. Humberto Bandenay,Gabriel Benitez,109.0
2018-05-19,UFC Fight Night: Maia vs. Usman,Gabriel Benitez vs. Humberto Bandenay,Humberto Bandenay,-109.0
2019-08-17,UFC 241: Cormier vs. Miocic 2,Gabriel Benitez vs. Sodiq Yusuff,Gabriel Benitez,-128.0
2019-08-17,UFC 241: Cormier vs. Miocic 2,Gabriel Benitez vs. Sodiq Yusuff,Sodiq Yusuff,128.0
2018-07-28,UFC Fight Night: Alvarez vs. Poirier 2,Gadzhimurad Antigulov vs. Ion Cutelaba,Gadzhimurad Antigulov,-136.0
2018-07-28,UFC Fight Night: Alvarez vs. Poirier 2,Gadzhimurad Antigulov vs. Ion Cutelaba,Ion Cutelaba,136.0
2019-04-20,UFC Fight Night: Overeem vs. Oleinik,Gadzhimurad Antigulov vs. Michal Oleksiejczuk,Gadzhimurad Antigulov,184.0
2019-04-20,UFC Fight Night: Overeem vs. Oleinik,Gadzhimurad Antigulov vs. Michal Oleksiejczuk,Michal Oleksiejczuk,-184.0
2019-07-27,UFC 240: Holloway vs. Edgar,Gavin Tucker vs. SeungWoo Choi,Gavin Tucker,128.0
2019-07-27,UFC 240: Holloway vs. Edgar,Gavin Tucker vs. SeungWoo Choi,SeungWoo Choi,-128.0
2018-09-08,UFC 228: Woodley vs. Till,Geoff Neal vs. Frank Camacho,Geoff Neal,-262.0
2018-09-08,UFC 228: Woodley vs. Till,Geoff Neal vs. Frank Camacho,Frank Camacho,262.0
2019-12-14,UFC 245: Usman vs. Covington,Geoff Neal vs. Mike Perry,Geoff Neal,-108.0
2019-12-14,UFC 245: Usman vs. Covington,Geoff Neal vs. Mike Perry,Mike Perry,108.0
2019-07-27,UFC 240: Holloway vs. Edgar,Geoff Neal vs. Niko Price,Geoff Neal,-219.0
2019-07-27,UFC 240: Holloway vs. Edgar,Geoff Neal vs. Niko Price,Niko Price,219.0
2018-12-15,UFC Fight Night: Lee vs. Iaquinta,Gerald Meerschaert vs. Jack Hermansson,Gerald Meerschaert,128.0
2018-12-15,UFC Fight Night: Lee vs. Iaquinta,Gerald Meerschaert vs. Jack Hermansson,Jack Hermansson,-128.0
2018-07-06,The Ultimate Fighter: Undefeated Finale,Gerald Meerschaert vs. Oskar Piechota,Gerald Meerschaert,128.0
2018-07-06,The Ultimate Fighter: Undefeated Finale,Gerald Meerschaert vs. Oskar Piechota,Oskar Piechota,-128.0
2019-08-10,UFC Fight Night: Shevchenko vs. Carmouche 2,Geraldo de Freitas vs. Chris Gutierrez,Geraldo de Freitas,-296.0
2019-08-10,UFC Fight Night: Shevchenko vs. Carmouche 2,Geraldo de Freitas vs. Chris Gutierrez,Chris Gutierrez,296.0
2018-10-27,UFC Fight Night: Oezdemir vs. Smith,Gian Villante vs. Ed Herman,Gian Villante,108.0
2018-10-27,UFC Fight Night: Oezdemir vs. Smith,Gian Villante vs. Ed Herman,Ed Herman,-108.0
2018-01-20,UFC 220: Miocic vs. Ngannou,Gian Villante vs. Francimar Barroso,Gian Villante,109.0
2018-01-20,UFC 220: Miocic vs. Ngannou,Gian Villante vs. Francimar Barroso,Francimar Barroso,-109.0
2018-06-01,UFC Fight Night: Rivera vs. Moraes,Gian Villante vs. Sam Alvey,Gian Villante,128.0
2018-06-01,UFC Fight Night: Rivera vs. Moraes,Gian Villante vs. Sam Alvey,Sam Alvey,-128.0
2019-08-10,UFC Fight Night: Shevchenko vs. Carmouche 2,Gilbert Burns vs. Aleksei Kunchenko,Gilbert Burns,-128.0
2019-08-10,UFC Fight Night: Shevchenko vs. Carmouche 2,Gilbert Burns vs. Aleksei Kunchenko,Aleksei Kunchenko,128.0
2019-07-06,UFC 239: Jones vs. Santos,Gilbert Melendez vs. Arnold Allen,Gilbert Melendez,352.0
2019-07-06,UFC 239: Jones vs. Santos,Gilbert Melendez vs. Arnold Allen,Arnold Allen,-352.0
2018-07-22,UFC Fight Night: Shogun vs. Smith,Glover Teixeira vs. Corey Anderson,Glover Teixeira,352.0
2018-07-22,UFC Fight Night: Shogun vs. Smith,Glover Teixeira vs. Corey Anderson,Corey Anderson,-352.0
2019-04-27,UFC Fight Night: Jacare vs. Hermansson,Glover Teixeira vs. Ion Cutelaba,Glover Teixeira,166.0
2019-04-27,UFC Fight Night: Jacare vs. Hermansson,Glover Teixeira vs. Ion Cutelaba,Ion Cutelaba,-166.0
2019-01-19,UFC Fight Night: Cejudo vs. Dillashaw,Glover Teixeira vs. Karl Roberson,Glover Teixeira,248.0
2019-01-19,UFC Fight Night: Cejudo vs. Dillashaw,Glover Teixeira vs. Karl Roberson,Karl Roberson,-248.0
2017-12-16,UFC Fight Night: Lawler vs. Dos Anjos,Glover Teixeira vs. Misha Cirkunov,Glover Teixeira,296.0
2017-12-16,UFC Fight Night: Lawler vs. Dos Anjos,Glover Teixeira vs. Misha Cirkunov,Misha Cirkunov,-296.0
2019-09-14,UFC Fight Night: Cowboy vs. Gaethje,Glover Teixeira vs. Nikita Krylov,Glover Teixeira,352.0
2019-09-14,UFC Fight Night: Cowboy vs. Gaethje,Glover Teixeira vs. Nikita Krylov,Nikita Krylov,-352.0
2018-07-07,UFC 226: Miocic vs. Cormier,Gokhan Saki vs. Khalil Rountree Jr.,Gokhan Saki,-109.0
2018-07-07,UFC 226: Miocic vs. Cormier,Gokhan Saki vs. Khalil Rountree Jr.,Khalil Rountree Jr.,109.0
2019-04-27,UFC Fight Night: Jacare vs. Hermansson,Greg Hardy vs. Dmitrii Smoliakov,Greg Hardy,-296.0
2019-04-27,UFC Fight Night: Jacare vs. Hermansson,Greg Hardy vs. Dmitrii Smoliakov,Dmitrii Smoliakov,296.0
2019-07-20,UFC Fight Night: Dos Anjos vs. Edwards,Greg Hardy vs. Juan Adams,Greg Hardy,-100.0
2019-07-20,UFC Fight Night: Dos Anjos vs. Edwards,Greg Hardy vs. Juan Adams,Juan Adams,-100.0
2018-06-01,UFC Fight Night: Rivera vs. Moraes,Gregor Gillespie vs. Vinc Pichel,Gregor Gillespie,-219.0
2018-06-01,UFC Fight Night: Rivera vs. Moraes,Gregor Gillespie vs. Vinc Pichel,Vinc Pichel,219.0
2019-01-19,UFC Fight Night: Cejudo vs. Dillashaw,Gregor Gillespie vs. Yancy Medeiros,Gregor Gillespie,-296.0
2019-01-19,UFC Fight Night: Cejudo vs. Dillashaw,Gregor Gillespie vs. Yancy Medeiros,Yancy Medeiros,296.0
2019-11-09,UFC Fight Night: Zabit vs. Kattar,Grigory Popov vs. Davey Grant,Grigory Popov,296.0
2019-11-09,UFC Fight Night: Zabit vs. Kattar,Grigory Popov vs. Davey Grant,Davey Grant,-296.0
2018-11-17,UFC Fight Night: Magny vs. Ponzinibbio,Guido Cannetti vs. Marlon Vera,Guido Cannetti,108.0
2018-11-17,UFC Fight Night: Magny vs. Ponzinibbio,Guido Cannetti vs. Marlon Vera,Marlon Vera,-108.0
2019-09-28,UFC Fight Night: Hermansson vs. Cannonier,Gunnar Nelson vs. Gilbert Burns,Gunnar Nelson,166.0
2019-09-28,UFC Fight Night: Hermansson vs. Cannonier,Gunnar Nelson vs. Gilbert Burns,Gilbert Burns,-166.0
2017-10-28,UFC Fight Night: Brunson vs. Machida,Hacran Dias vs. Jared Gordon,Hacran Dias,352.0
2017-10-28,UFC Fight Night: Brunson vs. Machida,Hacran Dias vs. Jared Gordon,Jared Gordon,-352.0
2018-07-28,UFC Fight Night: Alvarez vs. Poirier 2,Hakeem Dawodu vs. Austin Arnett,Hakeem Dawodu,-296.0
2018-07-28,UFC Fight Night: Alvarez vs. Poirier 2,Hakeem Dawodu vs. Austin Arnett,Austin Arnett,296.0
2018-12-08,UFC 231: Holloway vs. Ortega,Hakeem Dawodu vs. Kyle Bochniak,Hakeem Dawodu,-337.0
2018-12-08,UFC 231: Holloway vs. Ortega,Hakeem Dawodu vs. Kyle Bochniak,Kyle Bochniak,337.0
2018-05-19,UFC Fight Night: Maia vs. Usman,Henry Briones vs. Frankie Saenz,Henry Briones,296.0
2018-05-19,UFC Fight Night: Maia vs. Usman,Henry Briones vs. Frankie Saenz,Frankie Saenz,-296.0
2019-06-08,UFC 238: Cejudo vs. Moraes,Henry Cejudo vs. Marlon Moraes,Henry Cejudo,-128.0
2019-06-08,UFC 238: Cejudo vs. Moraes,Henry Cejudo vs. Marlon Moraes,Marlon Moraes,128.0
2017-12-02,UFC 218: Holloway vs. Aldo 2,Henry Cejudo vs. Sergio Pettis,Henry Cejudo,239.0
2017-12-02,UFC 218: Holloway vs. Aldo 2,Henry Cejudo vs. Sergio Pettis,Sergio Pettis,-239.0
2019-01-19,UFC Fight Night: Cejudo vs. Dillashaw,Henry Cejudo vs. TJ Dillashaw,Henry Cejudo,252.0
2019-01-19,UFC Fight Night: Cejudo vs. Dillashaw,Henry Cejudo vs. TJ Dillashaw,TJ Dillashaw,-252.0
2018-11-24,UFC Fight Night: Blaydes vs. Ngannou 2,Hu Yaozong vs. Rashad Coulter,Hu Yaozong,-296.0
2018-11-24,UFC Fight Night: Blaydes vs. Ngannou 2,Hu Yaozong vs. Rashad Coulter,Rashad Coulter,296.0
2018-11-17,UFC Fight Night: Magny vs. Ponzinibbio,Humberto Bandenay vs. Austin Arnett,Humberto Bandenay,-296.0
2018-11-17,UFC Fight Night: Magny vs. Ponzinibbio,Humberto Bandenay vs. Austin Arnett,Austin Arnett,296.0
2019-12-14,UFC 245: Usman vs. Covington,Ian Heinisch vs. Omari Akhmedov,Ian Heinisch,136.0
2019-12-14,UFC 245: Usman vs. Covington,Ian Heinisch vs. Omari Akhmedov,Omari Akhmedov,-136.0
2018-12-29,UFC 232: Jones vs. Gustafsson 2,Ilir Latifi vs. Corey Anderson,Ilir Latifi,352.0
2018-12-29,UFC 232: Jones vs. Gustafsson 2,Ilir Latifi vs. Corey Anderson,Corey Anderson,-352.0
2019-09-28,UFC Fight Night: Hermansson vs. Cannonier,Ion Cutelaba vs. Khalil Rountree Jr.,Ion Cutelaba,-128.0
2019-09-28,UFC Fight Night: Hermansson vs. Cannonier,Ion Cutelaba vs. Khalil Rountree Jr.,Khalil Rountree Jr.,128.0
2019-09-07,UFC 242: Khabib vs. Poirier,Islam Makhachev vs. Davi Ramos,Islam Makhachev,-296.0
2019-09-07,UFC 242: Khabib vs. Poirier,Islam Makhachev vs. Davi Ramos,Davi Ramos,296.0
2018-01-20,UFC 220: Miocic vs. Ngannou,Islam Makhachev vs. Gleison Tibau,Islam Makhachev,-352.0
2018-01-20,UFC 220: Miocic vs. Ngannou,Islam Makhachev vs. Gleison Tibau,Gleison Tibau,352.0
2019-07-06,UFC 239: Jones vs. Santos,Ismail Naurdiev vs. Chance Rencountre,Ismail Naurdiev,-296.0
2019-07-06,UFC 239: Jones vs. Santos,Ismail Naurdiev vs. Chance Rencountre,Chance Rencountre,296.0
2019-02-09,UFC 234: Adesanya vs. Silva,Israel Adesanya vs. Anderson Silva,Israel Adesanya,-296.0
2019-02-09,UFC 234: Adesanya vs. Silva,Israel Adesanya vs. Anderson Silva,Anderson Silva,296.0
2018-04-14,UFC Fight Night: Poirier vs. Gaethje,Israel Adesanya vs. Marvin Vettori,Israel Adesanya,243.0
2018-04-14,UFC Fight Night: Poirier vs. Gaethje,Israel Adesanya vs. Marvin Vettori,Marvin Vettori,-243.0
2018-02-03,UFC Fight Night: Machida vs. Anders,Iuri Alcantara vs. Joe Soto,Iuri Alcantara,-128.0
2018-02-03,UFC Fight Night: Machida vs. Anders,Iuri Alcantara vs. Joe Soto,Joe Soto,128.0
2018-01-27,UFC Fight Night: Jacare vs. Brunson 2,Jacare Souza vs. Derek Brunson,Jacare Souza,239.0
2018-01-27,UFC Fight Night: Jacare vs. Brunson 2,Jacare Souza vs. Derek Brunson,Derek Brunson,-239.0
2019-04-27,UFC Fight Night: Jacare vs. Hermansson,Jacare Souza vs. Jack Hermansson,Jacare Souza,212.0
2019-04-27,UFC Fight Night: Jacare vs. Hermansson,Jacare Souza vs. Jack Hermansson,Jack Hermansson,-212.0
2018-05-12,UFC 224: Nunes vs. Pennington,Jacare Souza vs. Kelvin Gastelum,Jacare Souza,296.0
2018-05-12,UFC 224: Nunes vs. Pennington,Jacare Souza vs. Kelvin Gastelum,Kelvin Gastelum,-296.0
2019-09-28,UFC Fight Night: Hermansson vs. Cannonier,Jack Hermansson vs. Jared Cannonier,Jack Hermansson,-296.0
2019-09-28,UFC Fight Night: Hermansson vs. Cannonier,Jack Hermansson vs. Jared Cannonier,Jared Cannonier,296.0
2019-03-16,UFC Fight Night: Till vs. Masvidal,Jack Marshman vs. John Phillips,Jack Marshman,-239.0
2019-03-16,UFC Fight Night: Till vs. Masvidal,Jack Marshman vs. John Phillips,John Phillips,239.0
2017-11-11,UFC Fight Night: Poirier vs. Pettis,Jake Collier vs. Marcel Fortuna,Jake Collier,109.0
2017-11-11,UFC Fight Night: Poirier vs. Pettis,Jake Collier vs. Marcel Fortuna,Marcel Fortuna,-109.0
2018-06-01,UFC Fight Night: Rivera vs. Moraes,Jake Ellenberger vs. Ben Saunders,Jake Ellenberger,-100.0
2018-06-01,UFC Fight Night: Rivera vs. Moraes,Jake Ellenberger vs. Ben Saunders,Ben Saunders,-100.0
2018-08-25,UFC Fight Night: Gaethje vs. Vick,Jake Ellenberger vs. Bryan Barberena,Jake Ellenberger,296.0
2018-08-25,UFC Fight Night: Gaethje vs. Vick,Jake Ellenberger vs. Bryan Barberena,Bryan Barberena,-296.0
2018-12-01,UFC Fight Night: Dos Santos vs. Tuivasa,Jake Matthews vs. Anthony Rocco Martin,Jake Matthews,-166.0
2018-12-01,UFC Fight Night: Dos Santos vs. Tuivasa,Jake Matthews vs. Anthony Rocco Martin,Anthony Rocco Martin,166.0
2017-11-18,UFC Fight Night: Werdum vs. Tybura,Jake Matthews vs. Bojan Velickovic,Jake Matthews,-166.0
2017-11-18,UFC Fight Night: Werdum vs. Tybura,Jake Matthews vs. Bojan Velickovic,Bojan Velickovic,166.0
2018-02-10,UFC 221: Romero vs. Rockhold,Jake Matthews vs. Li Jingliang,Jake Matthews,109.0
2018-02-10,UFC 221: Romero vs. Rockhold,Jake Matthews vs. Li Jingliang,Li Jingliang,-109.0
2019-10-05,UFC 243: Whittaker vs. Adesanya,Jake Matthews vs. Rostem Akman,Jake Matthews,-251.0
2019-10-05,UFC 243: Whittaker vs. Adesanya,Jake Matthews vs. Rostem Akman,Rostem Akman,251.0
2019-04-13,UFC 236: Holloway vs. Poirier 2,Jalin Turner vs. Matt Frevola,Jalin Turner,-170.0
2019-04-13,UFC 236: Holloway vs. Poirier 2,Jalin Turner vs. Matt Frevola,Matt Frevola,170.0
2018-01-14,UFC Fight Night: Stephens vs. Choi,James Krause vs. Alex White,James Krause,-128.0
2018-01-14,UFC Fight Night: Stephens vs. Choi,James Krause vs. Alex White,Alex White,128.0
2018-08-25,UFC Fight Night: Gaethje vs. Vick,James Krause vs. Warlley Alves,James Krause,128.0
2018-08-25,UFC Fight Night: Gaethje vs. Vick,James Krause vs. Warlley Alves,Warlley Alves,-128.0
2019-07-20,UFC Fight Night: Dos Anjos vs. Edwards,James Vick vs. Dan Hooker,James Vick,-296.0
2019-07-20,UFC Fight Night: Dos Anjos vs. Edwards,James Vick vs. Dan Hooker,Dan Hooker,296.0
2018-02-18,UFC Fight Night: Cerrone vs. Medeiros,James Vick vs. Francisco Trinaldo,James Vick,108.0
2018-02-18,UFC Fight Night: Cerrone vs. Medeiros,James Vick vs. Francisco Trinaldo,Francisco Trinaldo,-108.0
2017-11-04,UFC 217: Bisping vs. St-Pierre,James Vick vs. Joe Duffy,James Vick,-128.0
2017-11-04,UFC 217: Bisping vs. St-Pierre,James Vick vs. Joe Duffy,Joe Duffy,128.0
2019-02-17,UFC Fight Night: Ngannou vs. Velasquez,James Vick vs. Paul Felder,James Vick,-239.0
2019-02-17,UFC Fight Night: Ngannou vs. Velasquez,James Vick vs. Paul Felder,Paul Felder,239.0
2017-10-21,UFC Fight Night: Cerrone vs. Till,Jan Blachowicz vs. Devin Clark,Jan Blachowicz,296.0
2017-10-21,UFC Fight Night: Cerrone vs. Till,Jan Blachowicz vs. Devin Clark,Devin Clark,-296.0
2019-11-16,UFC Fight Night: Blachowicz vs. Jacare,Jan Blachowicz vs. Jacare Souza,Jan Blachowicz,-128.0
2019-11-16,UFC Fight Night: Blachowicz vs. Jacare,Jan Blachowicz vs. Jacare Souza,Jacare Souza,128.0
2019-07-06,UFC 239: Jones vs. Santos,Jan Blachowicz vs. Luke Rockhold,Jan Blachowicz,-128.0
2019-07-06,UFC 239: Jones vs. Santos,Jan Blachowicz vs. Luke Rockhold,Luke Rockhold,128.0
2018-09-15,UFC Fight Night: Hunt vs. Oleinik,Jan Blachowicz vs. Nikita Krylov,Jan Blachowicz,296.0
2018-09-15,UFC Fight Night: Hunt vs. Oleinik,Jan Blachowicz vs. Nikita Krylov,Nikita Krylov,-296.0
2019-02-23,UFC Fight Night: Blachowicz vs. Santos,Jan Blachowicz vs. Thiago Santos,Jan Blachowicz,128.0
2019-02-23,UFC Fight Night: Blachowicz vs. Santos,Jan Blachowicz vs. Thiago Santos,Thiago Santos,-128.0
2019-05-11,UFC 237: Namajunas vs. Andrade,Jared Cannonier vs. Anderson Silva,Jared Cannonier,107.0
2019-05-11,UFC 237: Namajunas vs. Andrade,Jared Cannonier vs. Anderson Silva,Anderson Silva,-107.0
2018-05-19,UFC Fight Night: Maia vs. Usman,Jared Cannonier vs. Dominick Reyes,Jared Cannonier,296.0
2018-05-19,UFC Fight Night: Maia vs. Usman,Jared Cannonier vs. Dominick Reyes,Dominick Reyes,-296.0
2017-12-16,UFC Fight Night: Lawler vs. Dos Anjos,Jared Cannonier vs. Jan Blachowicz,Jared Cannonier,-128.0
2017-12-16,UFC Fight Night: Lawler vs. Dos Anjos,Jared Cannonier vs. Jan Blachowicz,Jan Blachowicz,128.0
2019-06-29,UFC Fight Night: Ngannou vs. Dos Santos,Jared Gordon vs. Dan Moret,Jared Gordon,-296.0
2019-06-29,UFC Fight Night: Ngannou vs. Dos Santos,Jared Gordon vs. Dan Moret,Dan Moret,296.0
2018-02-18,UFC Fight Night: Cerrone vs. Medeiros,Jared Gordon vs. Diego Ferreira,Jared Gordon,-296.0
2018-02-18,UFC Fight Night: Cerrone vs. Medeiros,Jared Gordon vs. Diego Ferreira,Diego Ferreira,296.0
2018-12-15,UFC Fight Night: Lee vs. Iaquinta,Jared Gordon vs. Joaquim Silva,Jared Gordon,-136.0
2018-12-15,UFC Fight Night: Lee vs. Iaquinta,Jared Gordon vs. Joaquim Silva,Joaquim Silva,136.0
2017-12-09,UFC Fight Night: Swanson vs. Ortega,Jason Knight vs. Gabriel Benitez,Jason Knight,-108.0
2017-12-09,UFC Fight Night: Swanson vs. Ortega,Jason Knight vs. Gabriel Benitez,Gabriel Benitez,108.0
2018-11-03,UFC 230: Cormier vs. Lewis,Jason Knight vs. Jordan Rinaldi,Jason Knight,-296.0
2018-11-03,UFC 230: Cormier vs. Lewis,Jason Knight vs. Jordan Rinaldi,Jordan Rinaldi,296.0
2018-05-27,UFC Fight Night: Thompson vs. Till,Jason Knight vs. Makwan Amirkhani,Jason Knight,-108.0
2018-05-27,UFC Fight Night: Thompson vs. Till,Jason Knight vs. Makwan Amirkhani,Makwan Amirkhani,108.0
2017-11-18,UFC Fight Night: Werdum vs. Tybura,Jenel Lausa vs. Eric Shelton,Jenel Lausa,128.0
2017-11-18,UFC Fight Night: Werdum vs. Tybura,Jenel Lausa vs. Eric Shelton,Eric Shelton,-128.0
2018-06-23,UFC Fight Night: Cowboy vs. Edwards,Jenel Lausa vs. Yuta Sasaki,Jenel Lausa,108.0
2018-06-23,UFC Fight Night: Cowboy vs. Edwards,Jenel Lausa vs. Yuta Sasaki,Yuta Sasaki,-108.0
2017-12-02,UFC 218: Holloway vs. Aldo 2,Jeremy Kimball vs. Dominick Reyes,Jeremy Kimball,239.0
2017-12-02,UFC 218: Holloway vs. Aldo 2,Jeremy Kimball vs. Dominick Reyes,Dominick Reyes,-239.0
2018-01-14,UFC Fight Night: Stephens vs. Choi,Jeremy Stephens vs. Dooho Choi,Jeremy Stephens,-128.0
2018-01-14,UFC Fight Night: Stephens vs. Choi,Jeremy Stephens vs. Dooho Choi,Dooho Choi,128.0
2019-03-02,UFC 235: Jones vs. Smith,Jeremy Stephens vs. Zabit Magomedsharipov,Jeremy Stephens,296.0
2019-03-02,UFC 235: Jones vs. Smith,Jeremy Stephens vs. Zabit Magomedsharipov,Zabit Magomedsharipov,-296.0
2018-09-08,UFC 228: Woodley vs. Till,Jim Miller vs. Alex White,Jim Miller,248.0
2018-09-08,UFC 228: Woodley vs. Till,Jim Miller vs. Alex White,Alex White,-248.0
2018-12-15,UFC Fight Night: Lee vs. Iaquinta,Jim Miller vs. Charles Oliveira,Jim Miller,352.0
2018-12-15,UFC Fight Night: Lee vs. Iaquinta,Jim Miller vs. Charles Oliveira,Charles Oliveira,-352.0
2019-08-03,UFC Fight Night: Covington vs. Lawler,Jim Miller vs. Clay Guida,Jim Miller,240.0
2019-08-03,UFC Fight Night: Covington vs. Lawler,Jim Miller vs. Clay Guida,Clay Guida,-240.0
2018-04-21,UFC Fight Night: Barboza vs. Lee,Jim Miller vs. Dan Hooker,Jim Miller,174.0
2018-04-21,UFC Fight Night: Barboza vs. Lee,Jim Miller vs. Dan Hooker,Dan Hooker,-174.0
2019-04-27,UFC Fight Night: Jacare vs. Hermansson,Jim Miller vs. Jason Gonzalez,Jim Miller,239.0
2019-04-27,UFC Fight Night: Jacare vs. Hermansson,Jim Miller vs. Jason Gonzalez,Jason Gonzalez,-239.0
2020-02-15,UFC Fight Night: Anderson vs. Blachowicz,Jim Miller vs. Scott Holtzman,Jim Miller,296.0
2020-02-15,UFC Fight Night: Anderson vs. Blachowicz,Jim Miller vs. Scott Holtzman,Scott Holtzman,-296.0
2019-06-01,UFC Fight Night: Gustafsson vs. Smith,Jimi Manuwa vs. Aleksandar Rakic,Jimi Manuwa,352.0
2019-06-01,UFC Fight Night: Gustafsson vs. Smith,Jimi Manuwa vs. Aleksandar Rakic,Aleksandar Rakic,-352.0
2018-03-17,UFC Fight Night: Werdum vs. Volkov,Jimi Manuwa vs. Jan Blachowicz,Jimi Manuwa,128.0
2018-03-17,UFC Fight Night: Werdum vs. Volkov,Jimi Manuwa vs. Jan Blachowicz,Jan Blachowicz,-128.0
2018-12-08,UFC 231: Holloway vs. Ortega,Jimi Manuwa vs. Thiago Santos,Jimi Manuwa,352.0
2018-12-08,UFC 231: Holloway vs. Ortega,Jimi Manuwa vs. Thiago Santos,Thiago Santos,-352.0
2018-09-08,UFC 228: Woodley vs. Till,Jimmie Rivera vs. John Dodson,Jimmie Rivera,108.0
2018-09-08,UFC 228: Woodley vs. Till,Jimmie Rivera vs. John Dodson,John Dodson,-108.0
2018-06-01,UFC Fight Night: Rivera vs. Moraes,Jimmie Rivera vs. Marlon Moraes,Jimmie Rivera,-133.0
2018-06-01,UFC Fight Night: Rivera vs. Moraes,Jimmie Rivera vs. Marlon Moraes,Marlon Moraes,133.0
2019-06-08,UFC 238: Cejudo vs. Moraes,Jimmie Rivera vs. Petr Yan,Jimmie Rivera,239.0
2019-06-08,UFC 238: Cejudo vs. Moraes,Jimmie Rivera vs. Petr Yan,Petr Yan,-239.0
2019-02-09,UFC 234: Adesanya vs. Silva,Jimmy Crute vs. Sam Alvey,Jimmy Crute,-248.0
2019-02-09,UFC 234: Adesanya vs. Silva,Jimmy Crute vs. Sam Alvey,Sam Alvey,248.0
2019-08-03,UFC Fight Night: Covington vs. Lawler,Joaquim Silva vs. Nasrat Haqparast,Joaquim Silva,352.0
2019-08-03,UFC Fight Night: Covington vs. Lawler,Joaquim Silva vs. Nasrat Haqparast,Nasrat Haqparast,-352.0
2018-04-07,UFC 223: Khabib vs. Iaquinta,Joe Lauzon vs. Chris Gruetzemacher,Joe Lauzon,239.0
2018-04-07,UFC 223: Khabib vs. Iaquinta,Joe Lauzon vs. Chris Gruetzemacher,Chris Gruetzemacher,-239.0
2017-11-11,UFC Fight Night: Poirier vs. Pettis,Joe Lauzon vs. Clay Guida,Joe Lauzon,296.0
2017-11-11,UFC Fight Night: Poirier vs. Pettis,Joe Lauzon vs. Clay Guida,Clay Guida,-296.0
2017-12-01,The Ultimate Fighter: A New World Champion Finale,Joe Soto vs. Brett Johns,Joe Soto,352.0
2017-12-01,The Ultimate Fighter: A New World Champion Finale,Joe Soto vs. Brett Johns,Brett Johns,-352.0
2017-11-11,UFC Fight Night: Poirier vs. Pettis,John Dodson vs. Marlon Moraes,John Dodson,-239.0
2017-11-11,UFC Fight Night: Poirier vs. Pettis,John Dodson vs. Marlon Moraes,Marlon Moraes,239.0
2020-02-15,UFC Fight Night: Anderson vs. Blachowicz,John Dodson vs. Nathaniel Wood,John Dodson,128.0
2020-02-15,UFC Fight Night: Anderson vs. Blachowicz,John Dodson vs. Nathaniel Wood,Nathaniel Wood,-128.0
2018-03-03,UFC 222: Cyborg vs. Kunitskaya,John Dodson vs. Pedro Munhoz,John Dodson,-243.0
2018-03-03,UFC 222: Cyborg vs. Kunitskaya,John Dodson vs. Pedro Munhoz,Pedro Munhoz,243.0
2019-02-23,UFC Fight Night: Blachowicz vs. Santos,John Dodson vs. Petr Yan,John Dodson,239.0
2019-02-23,UFC Fight Night: Blachowicz vs. Santos,John Dodson vs. Petr Yan,Petr Yan,-239.0
2018-05-12,UFC 224: Nunes vs. Pennington,John Lineker vs. Brian Kelleher,John Lineker,-296.0
2018-05-12,UFC 224: Nunes vs. Pennington,John Lineker vs. Brian Kelleher,Brian Kelleher,296.0
2019-04-27,UFC Fight Night: Jacare vs. Hermansson,John Lineker vs. Cory Sandhagen,John Lineker,108.0
2019-04-27,UFC Fight Night: Jacare vs. Hermansson,John Lineker vs. Cory Sandhagen,Cory Sandhagen,-108.0
2017-10-28,UFC Fight Night: Brunson vs. Machida,John Lineker vs. Marlon Vera,John Lineker,-243.0
2017-10-28,UFC Fight Night: Brunson vs. Machida,John Lineker vs. Marlon Vera,Marlon Vera,243.0
2017-12-16,UFC Fight Night: Lawler vs. Dos Anjos,John Makdessi vs. Abel Trujillo,John Makdessi,-296.0
2017-12-16,UFC Fight Night: Lawler vs. Dos Anjos,John Makdessi vs. Abel Trujillo,Abel Trujillo,296.0
2019-03-23,UFC Fight Night: Thompson vs. Pettis,John Makdessi vs. Jesus Pinedo,John Makdessi,-100.0
2019-03-23,UFC Fight Night: Thompson vs. Pettis,John Makdessi vs. Jesus Pinedo,Jesus Pinedo,-100.0
2018-07-28,UFC Fight Night: Alvarez vs. Poirier 2,John Makdessi vs. Ross Pearson,John Makdessi,-349.0
2018-07-28,UFC Fight Night: Alvarez vs. Poirier 2,John Makdessi vs. Ross Pearson,Ross Pearson,349.0
2017-10-07,UFC 216: Ferguson vs. Lee,John Moraga vs. Bibulatov Magomed,John Moraga,248.0
2017-10-07,UFC 216: Ferguson vs. Lee,John Moraga vs. Bibulatov Magomed,Bibulatov Magomed,-248.0
2018-08-25,UFC Fight Night: Gaethje vs. Vick,John Moraga vs. Deiveson Figueiredo,John Moraga,128.0
2018-08-25,UFC Fight Night: Gaethje vs. Vick,John Moraga vs. Deiveson Figueiredo,Deiveson Figueiredo,-128.0
2019-02-02,UFC Fight Night: Assuncao vs. Moraes 2,Johnny Walker vs. Justin Ledet,Johnny Walker,-296.0
2019-02-02,UFC Fight Night: Assuncao vs. Moraes 2,Johnny Walker vs. Justin Ledet,Justin Ledet,296.0
2017-11-04,UFC 217: Bisping vs. St-Pierre,Johny Hendricks vs. Paulo Costa,Johny Hendricks,-100.0
2017-11-04,UFC 217: Bisping vs. St-Pierre,Johny Hendricks vs. Paulo Costa,Paulo Costa,-100.0
2018-12-29,UFC 232: Jones vs. Gustafsson 2,Jon Jones vs. Alexander Gustafsson,Jon Jones,-352.0
2018-12-29,UFC 232: Jones vs. Gustafsson 2,Jon Jones vs. Alexander Gustafsson,Alexander Gustafsson,352.0
2019-03-02,UFC 235: Jones vs. Smith,Jon Jones vs. Anthony Smith,Jon Jones,
2019-03-02,UFC 235: Jones vs. Smith,Jon Jones vs. Anthony Smith,Anthony Smith,
2020-02-08,UFC 247: Jones vs. Reyes,Jon Jones vs. Dominick Reyes,Jon Jones,
2020-02-08,UFC 247: Jones vs. Reyes,Jon Jones vs. Dominick Reyes,Dominick Reyes,
2019-07-06,UFC 239: Jones vs. Santos,Jon Jones vs. Thiago Santos,Jon Jones,-352.0
2019-07-06,UFC 239: Jones vs. Santos,Jon Jones vs. Thiago Santos,Thiago Santos,352.0
2020-01-25,UFC Fight Night: Blaydes vs. Dos Santos,Jordan Espinosa vs. Alex Perez,Jordan Espinosa,128.0
2020-01-25,UFC Fight Night: Blaydes vs. Dos Santos,Jordan Espinosa vs. Alex Perez,Alex Perez,-128.0
2019-08-03,UFC Fight Night: Covington vs. Lawler,Jordan Espinosa vs. Matt Schnell,Jordan Espinosa,-100.0
2019-08-03,UFC Fight Night: Covington vs. Lawler,Jordan Espinosa vs. Matt Schnell,Matt Schnell,-100.0
2018-03-03,UFC 222: Cyborg vs. Kunitskaya,Jordan Johnson vs. Adam Milstead,Jordan Johnson,-128.0
2018-03-03,UFC 222: Cyborg vs. Kunitskaya,Jordan Johnson vs. Adam Milstead,Adam Milstead,128.0
2018-07-28,UFC Fight Night: Alvarez vs. Poirier 2,Jordan Mein vs. Alex Morono,Jordan Mein,-109.0
2018-07-28,UFC Fight Night: Alvarez vs. Poirier 2,Jordan Mein vs. Alex Morono,Alex Morono,109.0
2017-12-16,UFC Fight Night: Lawler vs. Dos Anjos,Jordan Mein vs. Erick Silva,Jordan Mein,-128.0
2017-12-16,UFC Fight Night: Lawler vs. Dos Anjos,Jordan Mein vs. Erick Silva,Erick Silva,128.0
2018-01-27,UFC Fight Night: Jacare vs. Brunson 2,Jordan Rinaldi vs. Gregor Gillespie,Jordan Rinaldi,128.0
2018-01-27,UFC Fight Night: Jacare vs. Brunson 2,Jordan Rinaldi vs. Gregor Gillespie,Gregor Gillespie,-128.0
2019-07-06,UFC 239: Jones vs. Santos,Jorge Masvidal vs. Ben Askren,Jorge Masvidal,
2019-07-06,UFC 239: Jones vs. Santos,Jorge Masvidal vs. Ben Askren,Ben Askren,
2019-11-02,UFC 244: Masvidal vs. Diaz,Jorge Masvidal vs. Nate Diaz,Jorge Masvidal,-184.0
2019-11-02,UFC 244: Masvidal vs. Diaz,Jorge Masvidal vs. Nate Diaz,Nate Diaz,184.0
2019-05-11,UFC 237: Namajunas vs. Andrade,Jose Aldo vs. Alexander Volkanovski,Jose Aldo,184.0
2019-05-11,UFC 237: Namajunas vs. Andrade,Jose Aldo vs. Alexander Volkanovski,Alexander Volkanovski,-184.0
2018-07-28,UFC Fight Night: Alvarez vs. Poirier 2,Jose Aldo vs. Jeremy Stephens,Jose Aldo,-100.0
2018-07-28,UFC Fight Night: Alvarez vs. Poirier 2,Jose Aldo vs. Jeremy Stephens,Jeremy Stephens,-100.0
2019-02-02,UFC Fight Night: Assuncao vs. Moraes 2,Jose Aldo vs. Renato Moicano,Jose Aldo,128.0
2019-02-02,UFC Fight Night: Assuncao vs. Moraes 2,Jose Aldo vs. Renato Moicano,Renato Moicano,-128.0
2019-09-21,UFC Fight Night: Rodriguez vs. Stephens,Jose Quinonez vs. Carlos Huachin,Jose Quinonez,-286.0
2019-09-21,UFC Fight Night: Rodriguez vs. Stephens,Jose Quinonez vs. Carlos Huachin,Carlos Huachin,286.0
2018-11-30,The Ultimate Fighter: Heavy Hitters Finale,Joseph Benavidez vs. Alex Perez,Joseph Benavidez,128.0
2018-11-30,The Ultimate Fighter: Heavy Hitters Finale,Joseph Benavidez vs. Alex Perez,Alex Perez,-128.0
2019-01-19,UFC Fight Night: Cejudo vs. Dillashaw,Joseph Benavidez vs. Dustin Ortiz,Joseph Benavidez,108.0
2019-01-19,UFC Fight Night: Cejudo vs. Dillashaw,Joseph Benavidez vs. Dustin Ortiz,Dustin Ortiz,-108.0
2018-06-09,UFC 225: Whittaker vs. Romero 2,Joseph Benavidez vs. Sergio Pettis,Joseph Benavidez,128.0
2018-06-09,UFC 225: Whittaker vs. Romero 2,Joseph Benavidez vs. Sergio Pettis,Sergio Pettis,-128.0
2018-11-10,UFC Fight Night: Korean Zombie vs. Rodriguez,Joseph Morales vs. Eric Shelton,Joseph Morales,136.0
2018-11-10,UFC Fight Night: Korean Zombie vs. Rodriguez,Joseph Morales vs. Eric Shelton,Eric Shelton,-136.0
2018-02-24,UFC Fight Night: Emmett vs. Stephens,Josh Emmett vs. Jeremy Stephens,Josh Emmett,128.0
2018-02-24,UFC Fight Night: Emmett vs. Stephens,Josh Emmett vs. Jeremy Stephens,Jeremy Stephens,-128.0
2019-03-30,UFC Fight Night: Barboza vs. Gaethje,Josh Emmett vs. Michael Johnson,Josh Emmett,286.0
2019-03-30,UFC Fight Night: Barboza vs. Gaethje,Josh Emmett vs. Michael Johnson,Michael Johnson,-286.0
2019-07-13,UFC Fight Night: De Randamie vs. Ladd,Josh Emmett vs. Mirsad Bektic,Josh Emmett,296.0
2019-07-13,UFC Fight Night: De Randamie vs. Ladd,Josh Emmett vs. Mirsad Bektic,Mirsad Bektic,-296.0
2018-02-18,UFC Fight Night: Cerrone vs. Medeiros,Joshua Burkman vs. Alex Morono,Joshua Burkman,352.0
2018-02-18,UFC Fight Night: Cerrone vs. Medeiros,Joshua Burkman vs. Alex Morono,Alex Morono,-352.0
2020-02-08,UFC 247: Jones vs. Reyes,Juan Adams vs. Justin Tafa,Juan Adams,166.0
2020-02-08,UFC 247: Jones vs. Reyes,Juan Adams vs. Justin Tafa,Justin Tafa,-166.0
2018-06-01,UFC Fight Night: Rivera vs. Moraes,Julio Arce vs. Daniel Teymur,Julio Arce,-286.0
2018-06-01,UFC Fight Night: Rivera vs. Moraes,Julio Arce vs. Daniel Teymur,Daniel Teymur,286.0
2019-11-02,UFC 244: Masvidal vs. Diaz,Julio Arce vs. Hakeem Dawodu,Julio Arce,109.0
2019-11-02,UFC 244: Masvidal vs. Diaz,Julio Arce vs. Hakeem Dawodu,Hakeem Dawodu,-109.0
2019-05-18,UFC Fight Night: Dos Anjos vs. Lee,Julio Arce vs. Julian Erosa,Julio Arce,-128.0
2019-05-18,UFC Fight Night: Dos Anjos vs. Lee,Julio Arce vs. Julian Erosa,Julian Erosa,128.0
2018-11-03,UFC 230: Cormier vs. Lewis,Julio Arce vs. Sheymon Moraes,Julio Arce,-152.0
2018-11-03,UFC 230: Cormier vs. Lewis,Julio Arce vs. Sheymon Moraes,Sheymon Moraes,152.0
2019-12-21,UFC Fight Night: Edgar vs. The Korean Zombie,JunYong Park vs. Marc-Andre Barriault,JunYong Park,-108.0
2019-12-21,UFC Fight Night: Edgar vs. The Korean Zombie,JunYong Park vs. Marc-Andre Barriault,Marc-Andre Barriault,108.0
2017-11-11,UFC Fight Night: Poirier vs. Pettis,Junior Albini vs. Andrei Arlovski,Junior Albini,-286.0
2017-11-11,UFC Fight Night: Poirier vs. Pettis,Junior Albini vs. Andrei Arlovski,Andrei Arlovski,286.0
2018-12-01,UFC Fight Night: Dos Santos vs. Tuivasa,Junior Dos Santos vs. Tai Tuivasa,Junior Dos Santos,108.0
2018-12-01,UFC Fight Night: Dos Santos vs. Tuivasa,Junior Dos Santos vs. Tai Tuivasa,Tai Tuivasa,-108.0
2018-02-10,UFC 221: Romero vs. Rockhold,Jussier Formiga vs. Ben Nguyen,Jussier Formiga,296.0
2018-02-10,UFC 221: Romero vs. Rockhold,Jussier Formiga vs. Ben Nguyen,Ben Nguyen,-296.0
2019-03-23,UFC Fight Night: Thompson vs. Pettis,Jussier Formiga vs. Deiveson Figueiredo,Jussier Formiga,296.0
2019-03-23,UFC Fight Night: Thompson vs. Pettis,Jussier Formiga vs. Deiveson Figueiredo,Deiveson Figueiredo,-296.0
2019-06-29,UFC Fight Night: Ngannou vs. Dos Santos,Jussier Formiga vs. Joseph Benavidez,Jussier Formiga,296.0
2019-06-29,UFC Fight Night: Ngannou vs. Dos Santos,Jussier Formiga vs. Joseph Benavidez,Joseph Benavidez,-296.0
2018-08-25,UFC Fight Night: Gaethje vs. Vick,Justin Gaethje vs. James Vick,Justin Gaethje,309.0
2018-08-25,UFC Fight Night: Gaethje vs. Vick,Justin Gaethje vs. James Vick,James Vick,-309.0
2018-07-22,UFC Fight Night: Shogun vs. Smith,Justin Ledet vs. Aleksandar Rakic,Justin Ledet,109.0
2018-07-22,UFC Fight Night: Shogun vs. Smith,Justin Ledet vs. Aleksandar Rakic,Aleksandar Rakic,-109.0
2018-04-21,UFC Fight Night: Barboza vs. Lee,Justin Willis vs. Chase Sherman,Justin Willis,-296.0
2018-04-21,UFC Fight Night: Barboza vs. Lee,Justin Willis vs. Chase Sherman,Chase Sherman,296.0
2019-08-31,UFC Fight Night: Andrade vs. Zhang,Kai Kara-France vs. Mark De La Rosa,Kai Kara-France,-128.0
2019-08-31,UFC Fight Night: Andrade vs. Zhang,Kai Kara-France vs. Mark De La Rosa,Mark De La Rosa,128.0
2018-07-28,UFC Fight Night: Alvarez vs. Poirier 2,Kajan Johnson vs. Islam Makhachev,Kajan Johnson,296.0
2018-07-28,UFC Fight Night: Alvarez vs. Poirier 2,Kajan Johnson vs. Islam Makhachev,Islam Makhachev,-296.0
2019-12-14,UFC 245: Usman vs. Covington,Kamaru Usman vs. Colby Covington,Kamaru Usman,-239.0
2019-12-14,UFC 245: Usman vs. Covington,Kamaru Usman vs. Colby Covington,Colby Covington,239.0
2018-01-14,UFC Fight Night: Stephens vs. Choi,Kamaru Usman vs. Emil Meek,Kamaru Usman,-352.0
2018-01-14,UFC Fight Night: Stephens vs. Choi,Kamaru Usman vs. Emil Meek,Emil Meek,352.0
2018-11-03,UFC 230: Cormier vs. Lewis,Karl Roberson vs. Jack Marshman,Karl Roberson,-296.0
2018-11-03,UFC 230: Cormier vs. Lewis,Karl Roberson vs. Jack Marshman,Jack Marshman,296.0
2017-09-22,UFC Fight Night: Saint Preux vs. Okami,Keita Nakamura vs. Alex Morono,Keita Nakamura,296.0
2017-09-22,UFC Fight Night: Saint Preux vs. Okami,Keita Nakamura vs. Alex Morono,Alex Morono,-296.0
2018-12-01,UFC Fight Night: Dos Santos vs. Tuivasa,Keita Nakamura vs. Salim Touahri,Keita Nakamura,248.0
2018-12-01,UFC Fight Night: Dos Santos vs. Tuivasa,Keita Nakamura vs. Salim Touahri,Salim Touahri,-248.0
2019-11-02,UFC 244: Masvidal vs. Diaz,Kelvin Gastelum vs. Darren Till,Kelvin Gastelum,-128.0
2019-11-02,UFC 244: Masvidal vs. Diaz,Kelvin Gastelum vs. Darren Till,Darren Till,128.0
2019-04-13,UFC 236: Holloway vs. Poirier 2,Kelvin Gastelum vs. Israel Adesanya,Kelvin Gastelum,-108.0
2019-04-13,UFC 236: Holloway vs. Poirier 2,Kelvin Gastelum vs. Israel Adesanya,Israel Adesanya,108.0
2019-06-22,UFC Fight Night: Moicano vs. The Korean Zombie,Kevin Holland vs. Alessio Di Chirico,Kevin Holland,-128.0
2019-06-22,UFC Fight Night: Moicano vs. The Korean Zombie,Kevin Holland vs. Alessio Di Chirico,Alessio Di Chirico,128.0
2019-03-30,UFC Fight Night: Barboza vs. Gaethje,Kevin Holland vs. Gerald Meerschaert,Kevin Holland,-188.0
2019-03-30,UFC Fight Night: Barboza vs. Gaethje,Kevin Holland vs. Gerald Meerschaert,Gerald Meerschaert,188.0
2018-11-24,UFC Fight Night: Blaydes vs. Ngannou 2,Kevin Holland vs. John Phillips,Kevin Holland,-352.0
2018-11-24,UFC Fight Night: Blaydes vs. Ngannou 2,Kevin Holland vs. John Phillips,John Phillips,352.0
2018-12-15,UFC Fight Night: Lee vs. Iaquinta,Kevin Lee vs. Al Iaquinta,Kevin Lee,-296.0
2018-12-15,UFC Fight Night: Lee vs. Iaquinta,Kevin Lee vs. Al Iaquinta,Al Iaquinta,296.0
2019-11-02,UFC 244: Masvidal vs. Diaz,Kevin Lee vs. Gregor Gillespie,Kevin Lee,108.0
2019-11-02,UFC 244: Masvidal vs. Diaz,Kevin Lee vs. Gregor Gillespie,Gregor Gillespie,-108.0
2018-04-07,UFC 223: Khabib vs. Iaquinta,Khabib Nurmagomedov vs. Al Iaquinta,Khabib Nurmagomedov,-352.0
2018-04-07,UFC 223: Khabib vs. Iaquinta,Khabib Nurmagomedov vs. Al Iaquinta,Al Iaquinta,352.0
2018-10-06,UFC 229: Khabib vs. McGregor,Khabib Nurmagomedov vs. Conor McGregor,Khabib Nurmagomedov,-309.0
2018-10-06,UFC 229: Khabib vs. McGregor,Khabib Nurmagomedov vs. Conor McGregor,Conor McGregor,309.0
2019-09-07,UFC 242: Khabib vs. Poirier,Khabib Nurmagomedov vs. Dustin Poirier,Khabib Nurmagomedov,-184.0
2019-09-07,UFC 242: Khabib vs. Poirier,Khabib Nurmagomedov vs. Dustin Poirier,Dustin Poirier,184.0
2017-12-30,UFC 219: Cyborg vs. Holm,Khabib Nurmagomedov vs. Edson Barboza,Khabib Nurmagomedov,-352.0
2017-12-30,UFC 219: Cyborg vs. Holm,Khabib Nurmagomedov vs. Edson Barboza,Edson Barboza,352.0
2019-11-09,UFC Fight Night: Zabit vs. Kattar,Khadis Ibragimov vs. Ed Herman,Khadis Ibragimov,-309.0
2019-11-09,UFC Fight Night: Zabit vs. Kattar,Khadis Ibragimov vs. Ed Herman,Ed Herman,309.0
2018-12-15,UFC Fight Night: Lee vs. Iaquinta,King Green vs. Drakkar Klose,King Green,136.0
2018-12-15,UFC Fight Night: Lee vs. Iaquinta,King Green vs. Drakkar Klose,Drakkar Klose,-136.0
2018-04-14,UFC Fight Night: Poirier vs. Gaethje,Krzysztof Jotko vs. Brad Tavares,Krzysztof Jotko,-128.0
2018-04-14,UFC Fight Night: Poirier vs. Gaethje,Krzysztof Jotko vs. Brad Tavares,Brad Tavares,128.0
2019-05-04,UFC Fight Night: Iaquinta vs. Cowboy,Kyle Nelson vs. Matt Sayles,Kyle Nelson,184.0
2019-05-04,UFC Fight Night: Iaquinta vs. Cowboy,Kyle Nelson vs. Matt Sayles,Matt Sayles,-184.0
2019-09-14,UFC Fight Night: Cowboy vs. Gaethje,Kyle Prepolec vs. Austin Hubbard,Kyle Prepolec,108.0
2019-09-14,UFC Fight Night: Cowboy vs. Gaethje,Kyle Prepolec vs. Austin Hubbard,Austin Hubbard,-108.0
2019-08-17,UFC 241: Cormier vs. Miocic 2,Kyung Ho Kang vs. Brandon Davis,Kyung Ho Kang,-128.0
2019-08-17,UFC 241: Cormier vs. Miocic 2,Kyung Ho Kang vs. Brandon Davis,Brandon Davis,128.0
2018-01-14,UFC Fight Night: Stephens vs. Choi,Kyung Ho Kang vs. Guido Cannetti,Kyung Ho Kang,-128.0
2018-01-14,UFC Fight Night: Stephens vs. Choi,Kyung Ho Kang vs. Guido Cannetti,Guido Cannetti,128.0
2019-12-21,UFC Fight Night: Edgar vs. The Korean Zombie,Kyung Ho Kang vs. Pingyuan Liu,Kyung Ho Kang,-128.0
2019-12-21,UFC Fight Night: Edgar vs. The Korean Zombie,Kyung Ho Kang vs. Pingyuan Liu,Pingyuan Liu,128.0
2018-07-07,UFC 226: Miocic vs. Cormier,Lando Vannata vs. Drakkar Klose,Lando Vannata,128.0
2018-07-07,UFC 226: Miocic vs. Cormier,Lando Vannata vs. Drakkar Klose,Drakkar Klose,-128.0
2017-10-07,UFC 216: Ferguson vs. Lee,Lando Vannata vs. King Green,Lando Vannata,128.0
2017-10-07,UFC 216: Ferguson vs. Lee,Lando Vannata vs. King Green,King Green,-128.0
2020-02-15,UFC Fight Night: Anderson vs. Blachowicz,Lando Vannata vs. Yancy Medeiros,Lando Vannata,-128.0
2020-02-15,UFC Fight Night: Anderson vs. Blachowicz,Lando Vannata vs. Yancy Medeiros,Yancy Medeiros,128.0
2019-03-16,UFC Fight Night: Till vs. Masvidal,Leon Edwards vs. Gunnar Nelson,Leon Edwards,-337.0
2019-03-16,UFC Fight Night: Till vs. Masvidal,Leon Edwards vs. Gunnar Nelson,Gunnar Nelson,337.0
2018-03-17,UFC Fight Night: Werdum vs. Volkov,Leon Edwards vs. Peter Sobotta,Leon Edwards,-128.0
2018-03-17,UFC Fight Night: Werdum vs. Volkov,Leon Edwards vs. Peter Sobotta,Peter Sobotta,128.0
2018-06-23,UFC Fight Night: Cowboy vs. Edwards,Li Jingliang vs. Daichi Abe,Li Jingliang,-128.0
2018-06-23,UFC Fight Night: Cowboy vs. Edwards,Li Jingliang vs. Daichi Abe,Daichi Abe,128.0
2018-11-24,UFC Fight Night: Blaydes vs. Ngannou 2,Li Jingliang vs. David Zawada,Li Jingliang,-239.0
2018-11-24,UFC Fight Night: Blaydes vs. Ngannou 2,Li Jingliang vs. David Zawada,David Zawada,239.0
2019-08-31,UFC Fight Night: Andrade vs. Zhang,Li Jingliang vs. Elizeu Zaleski dos Santos,Li Jingliang,128.0
2019-08-31,UFC Fight Night: Andrade vs. Zhang,Li Jingliang vs. Elizeu Zaleski dos Santos,Elizeu Zaleski dos Santos,-128.0
2017-11-25,UFC Fight Night: Bisping vs. Gastelum,Li Jingliang vs. Zak Ottow,Li Jingliang,-128.0
2017-11-25,UFC Fight Night: Bisping vs. Gastelum,Li Jingliang vs. Zak Ottow,Zak Ottow,128.0
2017-12-30,UFC 219: Cyborg vs. Holm,Louis Smolka vs. Matheus Nicolau,Louis Smolka,166.0
2017-12-30,UFC 219: Cyborg vs. Holm,Louis Smolka vs. Matheus Nicolau,Matheus Nicolau,-166.0
2019-03-09,UFC Fight Night: Lewis vs. Dos Santos,Louis Smolka vs. Matt Schnell,Louis Smolka,-100.0
2019-03-09,UFC Fight Night: Lewis vs. Dos Santos,Louis Smolka vs. Matt Schnell,Matt Schnell,-100.0
2019-09-14,UFC Fight Night: Cowboy vs. Gaethje,Louis Smolka vs. Ryan MacDonald,Louis Smolka,-128.0
2019-09-14,UFC Fight Night: Cowboy vs. Gaethje,Louis Smolka vs. Ryan MacDonald,Ryan MacDonald,128.0
2019-03-23,UFC Fight Night: Thompson vs. Pettis,Luis Pena vs. Steven Peterson,Luis Pena,-128.0
2019-03-23,UFC Fight Night: Thompson vs. Pettis,Luis Pena vs. Steven Peterson,Steven Peterson,128.0
2018-02-10,UFC 221: Romero vs. Rockhold,Luke Jumeau vs. Daichi Abe,Luke Jumeau,296.0
2018-02-10,UFC 221: Romero vs. Rockhold,Luke Jumeau vs. Daichi Abe,Daichi Abe,-296.0
2019-10-05,UFC 243: Whittaker vs. Adesanya,Luke Jumeau vs. Dhiego Lima,Luke Jumeau,108.0
2019-10-05,UFC 243: Whittaker vs. Adesanya,Luke Jumeau vs. Dhiego Lima,Dhiego Lima,-108.0
2017-12-09,UFC Fight Night: Swanson vs. Ortega,Luke Sanders vs. Andre Soukhamthath,Luke Sanders,-239.0
2017-12-09,UFC Fight Night: Swanson vs. Ortega,Luke Sanders vs. Andre Soukhamthath,Andre Soukhamthath,239.0
2018-04-14,UFC Fight Night: Poirier vs. Gaethje,Luke Sanders vs. Patrick Williams,Luke Sanders,-184.0
2018-04-14,UFC Fight Night: Poirier vs. Gaethje,Luke Sanders vs. Patrick Williams,Patrick Williams,184.0
2018-11-03,UFC 230: Cormier vs. Lewis,Lyman Good vs. Ben Saunders,Lyman Good,-100.0
2018-11-03,UFC 230: Cormier vs. Lewis,Lyman Good vs. Ben Saunders,Ben Saunders,-100.0
2019-11-02,UFC 244: Masvidal vs. Diaz,Lyman Good vs. Chance Rencountre,Lyman Good,-128.0
2019-11-02,UFC 244: Masvidal vs. Diaz,Lyman Good vs. Chance Rencountre,Chance Rencountre,128.0
2018-02-03,UFC Fight Night: Machida vs. Anders,Lyoto Machida vs. Eryk Anders,Lyoto Machida,128.0
2018-02-03,UFC Fight Night: Machida vs. Anders,Lyoto Machida vs. Eryk Anders,Eryk Anders,-128.0
2018-01-14,UFC Fight Night: Stephens vs. Choi,Mads Burnell vs. Mike Santiago,Mads Burnell,-136.0
2018-01-14,UFC Fight Night: Stephens vs. Choi,Mads Burnell vs. Mike Santiago,Mike Santiago,136.0
2019-11-09,UFC Fight Night: Zabit vs. Kattar,Magomed Ankalaev vs. Dalcha Lungiambula,Magomed Ankalaev,-109.0
2019-11-09,UFC Fight Night: Zabit vs. Kattar,Magomed Ankalaev vs. Dalcha Lungiambula,Dalcha Lungiambula,109.0
2018-09-15,UFC Fight Night: Hunt vs. Oleinik,Magomed Ankalaev vs. Marcin Prachnio,Magomed Ankalaev,-248.0
2018-09-15,UFC Fight Night: Hunt vs. Oleinik,Magomed Ankalaev vs. Marcin Prachnio,Marcin Prachnio,248.0
2018-09-15,UFC Fight Night: Hunt vs. Oleinik,Mairbek Taisumov vs. Desmond Green,Mairbek Taisumov,-128.0
2018-09-15,UFC Fight Night: Hunt vs. Oleinik,Mairbek Taisumov vs. Desmond Green,Desmond Green,128.0
2019-09-07,UFC 242: Khabib vs. Poirier,Mairbek Taisumov vs. Diego Ferreira,Mairbek Taisumov,-143.0
2019-09-07,UFC 242: Khabib vs. Poirier,Mairbek Taisumov vs. Diego Ferreira,Diego Ferreira,143.0
2019-12-07,UFC Fight Night: Overeem vs. Rozenstruik,Makhmud Muradov vs. Trevor Smith,Makhmud Muradov,-166.0
2019-12-07,UFC Fight Night: Overeem vs. Rozenstruik,Makhmud Muradov vs. Trevor Smith,Trevor Smith,166.0
2019-06-01,UFC Fight Night: Gustafsson vs. Smith,Makwan Amirkhani vs. Chris Fishgold,Makwan Amirkhani,108.0
2019-06-01,UFC Fight Night: Gustafsson vs. Smith,Makwan Amirkhani vs. Chris Fishgold,Chris Fishgold,-108.0
2019-08-17,UFC 241: Cormier vs. Miocic 2,Manny Bermudez vs. Casey Kenney,Manny Bermudez,-128.0
2019-08-17,UFC 241: Cormier vs. Miocic 2,Manny Bermudez vs. Casey Kenney,Casey Kenney,128.0
2019-03-16,UFC Fight Night: Till vs. Masvidal,Marc Diakiese vs. Joe Duffy,Marc Diakiese,-109.0
2019-03-16,UFC Fight Night: Till vs. Masvidal,Marc Diakiese vs. Joe Duffy,Joe Duffy,109.0
2019-09-28,UFC Fight Night: Hermansson vs. Cannonier,Marc Diakiese vs. Lando Vannata,Marc Diakiese,-128.0
2019-09-28,UFC Fight Night: Hermansson vs. Cannonier,Marc Diakiese vs. Lando Vannata,Lando Vannata,128.0
2019-07-27,UFC 240: Holloway vs. Edgar,Marc-Andre Barriault vs. Krzysztof Jotko,Marc-Andre Barriault,296.0
2019-07-27,UFC 240: Holloway vs. Edgar,Marc-Andre Barriault vs. Krzysztof Jotko,Krzysztof Jotko,-296.0
2019-09-14,UFC Fight Night: Cowboy vs. Gaethje,Marcin Tybura vs. Augusto Sakai,Marcin Tybura,-128.0
2019-09-14,UFC Fight Night: Cowboy vs. Gaethje,Marcin Tybura vs. Augusto Sakai,Augusto Sakai,128.0
2019-04-20,UFC Fight Night: Overeem vs. Oleinik,Marcin Tybura vs. Shamil Abdurakhimov,Marcin Tybura,-166.0
2019-04-20,UFC Fight Night: Overeem vs. Oleinik,Marcin Tybura vs. Shamil Abdurakhimov,Shamil Abdurakhimov,166.0
2018-07-22,UFC Fight Night: Shogun vs. Smith,Marcin Tybura vs. Stefan Struve,Marcin Tybura,-239.0
2018-07-22,UFC Fight Night: Shogun vs. Smith,Marcin Tybura vs. Stefan Struve,Stefan Struve,239.0
2019-09-21,UFC Fight Night: Rodriguez vs. Stephens,Marco Polo Reyes vs. Kyle Nelson,Marco Polo Reyes,128.0
2019-09-21,UFC Fight Night: Rodriguez vs. Stephens,Marco Polo Reyes vs. Kyle Nelson,Kyle Nelson,-128.0
2019-07-20,UFC Fight Night: Dos Anjos vs. Edwards,Mario Bautista vs. Jin Soo Son,Mario Bautista,-184.0
2019-07-20,UFC Fight Night: Dos Anjos vs. Edwards,Mario Bautista vs. Jin Soo Son,Jin Soo Son,184.0
2018-11-10,UFC Fight Night: Korean Zombie vs. Rodriguez,Mark De La Rosa vs. Joby Sanchez,Mark De La Rosa,-239.0
2018-11-10,UFC Fight Night: Korean Zombie vs. Rodriguez,Mark De La Rosa vs. Joby Sanchez,Joby Sanchez,239.0
2020-02-15,UFC Fight Night: Anderson vs. Blachowicz,Mark De La Rosa vs. Raulian Paiva,Mark De La Rosa,128.0
2020-02-15,UFC Fight Night: Anderson vs. Blachowicz,Mark De La Rosa vs. Raulian Paiva,Raulian Paiva,-128.0
2018-09-15,UFC Fight Night: Hunt vs. Oleinik,Mark Hunt vs. Aleksei Oleinik,Mark Hunt,-100.0
2018-09-15,UFC Fight Night: Hunt vs. Oleinik,Mark Hunt vs. Aleksei Oleinik,Aleksei Oleinik,-100.0
2018-02-10,UFC 221: Romero vs. Rockhold,Mark Hunt vs. Curtis Blaydes,Mark Hunt,296.0
2018-02-10,UFC 221: Romero vs. Rockhold,Mark Hunt vs. Curtis Blaydes,Curtis Blaydes,-296.0
2018-12-01,UFC Fight Night: Dos Santos vs. Tuivasa,Mark Hunt vs. Justin Willis,Mark Hunt,296.0
2018-12-01,UFC Fight Night: Dos Santos vs. Tuivasa,Mark Hunt vs. Justin Willis,Justin Willis,-296.0
2018-05-12,UFC 224: Nunes vs. Pennington,Markus Perez vs. James Bochnovic,Markus Perez,-128.0
2018-05-12,UFC 224: Nunes vs. Pennington,Markus Perez vs. James Bochnovic,James Bochnovic,128.0
2019-11-16,UFC Fight Night: Blachowicz vs. Jacare,Markus Perez vs. Wellington Turman,Markus Perez,239.0
2019-11-16,UFC Fight Night: Blachowicz vs. Jacare,Markus Perez vs. Wellington Turman,Wellington Turman,-239.0
2019-12-14,UFC 245: Usman vs. Covington,Marlon Moraes vs. Jose Aldo,Marlon Moraes,128.0
2019-12-14,UFC 245: Usman vs. Covington,Marlon Moraes vs. Jose Aldo,Jose Aldo,-128.0
2019-10-12,UFC Fight Night: Joanna vs. Waterson,Marlon Vera vs. Andre Ewell,Marlon Vera,128.0
2019-10-12,UFC Fight Night: Joanna vs. Waterson,Marlon Vera vs. Andre Ewell,Andre Ewell,-128.0
2019-03-23,UFC Fight Night: Thompson vs. Pettis,Marlon Vera vs. Frankie Saenz,Marlon Vera,-100.0
2019-03-23,UFC Fight Night: Thompson vs. Pettis,Marlon Vera vs. Frankie Saenz,Frankie Saenz,-100.0
2018-08-04,UFC 227: Dillashaw vs. Garbrandt 2,Marlon Vera vs. Wulijiburen,Marlon Vera,142.0
2018-08-04,UFC 227: Dillashaw vs. Garbrandt 2,Marlon Vera vs. Wulijiburen,Wulijiburen,-142.0
2019-09-21,UFC Fight Night: Rodriguez vs. Stephens,Martin Bravo vs. Steven Peterson,Martin Bravo,-128.0
2019-09-21,UFC Fight Night: Rodriguez vs. Stephens,Martin Bravo vs. Steven Peterson,Steven Peterson,128.0
2019-10-12,UFC Fight Night: Joanna vs. Waterson,Marvin Vettori vs. Andrew Sanchez,Marvin Vettori,-128.0
2019-10-12,UFC Fight Night: Joanna vs. Waterson,Marvin Vettori vs. Andrew Sanchez,Andrew Sanchez,128.0
2019-07-13,UFC Fight Night: De Randamie vs. Ladd,Marvin Vettori vs. Cezar Ferreira,Marvin Vettori,-152.0
2019-07-13,UFC Fight Night: De Randamie vs. Ladd,Marvin Vettori vs. Cezar Ferreira,Cezar Ferreira,152.0
2017-12-30,UFC 219: Cyborg vs. Holm,Marvin Vettori vs. Omari Akhmedov,Marvin Vettori,-174.0
2017-12-30,UFC 219: Cyborg vs. Holm,Marvin Vettori vs. Omari Akhmedov,Omari Akhmedov,174.0
2018-07-06,The Ultimate Fighter: Undefeated Finale,Matt Bessette vs. Steven Peterson,Matt Bessette,128.0
2018-07-06,The Ultimate Fighter: Undefeated Finale,Matt Bessette vs. Steven Peterson,Steven Peterson,-128.0
2019-12-14,UFC 245: Usman vs. Covington,Matt Brown vs. Ben Saunders,Matt Brown,-296.0
2019-12-14,UFC 245: Usman vs. Covington,Matt Brown vs. Ben Saunders,Ben Saunders,296.0
2017-11-11,UFC Fight Night: Poirier vs. Pettis,Matt Brown vs. Diego Sanchez,Matt Brown,-352.0
2017-11-11,UFC Fight Night: Poirier vs. Pettis,Matt Brown vs. Diego Sanchez,Diego Sanchez,352.0
2018-11-03,UFC 230: Cormier vs. Lewis,Matt Frevola vs. Lando Vannata,Matt Frevola,220.0
2018-11-03,UFC 230: Cormier vs. Lewis,Matt Frevola vs. Lando Vannata,Lando Vannata,-220.0
2019-10-12,UFC Fight Night: Joanna vs. Waterson,Matt Frevola vs. Luis Pena,Matt Frevola,296.0
2019-10-12,UFC Fight Night: Joanna vs. Waterson,Matt Frevola vs. Luis Pena,Luis Pena,-296.0
2017-10-07,UFC 216: Ferguson vs. Lee,Matt Schnell vs. Marco Beltran,Matt Schnell,286.0
2017-10-07,UFC 216: Ferguson vs. Lee,Matt Schnell vs. Marco Beltran,Marco Beltran,-286.0
2018-06-23,UFC Fight Night: Cowboy vs. Edwards,Matt Schnell vs. Naoki Inoue,Matt Schnell,296.0
2018-06-23,UFC Fight Night: Cowboy vs. Edwards,Matt Schnell vs. Naoki Inoue,Naoki Inoue,-296.0
2019-06-22,UFC Fight Night: Moicano vs. The Korean Zombie,Matt Wiman vs. Luis Pena,Matt Wiman,296.0
2019-06-22,UFC Fight Night: Moicano vs. The Korean Zombie,Matt Wiman vs. Luis Pena,Luis Pena,-296.0
2018-04-14,UFC Fight Night: Poirier vs. Gaethje,Matthew Lopez vs. Alejandro Perez,Matthew Lopez,108.0
2018-04-14,UFC Fight Night: Poirier vs. Gaethje,Matthew Lopez vs. Alejandro Perez,Alejandro Perez,-108.0
2019-06-29,UFC Fight Night: Ngannou vs. Dos Santos,Maurice Greene vs. Junior Albini,Maurice Greene,-128.0
2019-06-29,UFC Fight Night: Ngannou vs. Dos Santos,Maurice Greene vs. Junior Albini,Junior Albini,128.0
2019-10-26,UFC Fight Night: Maia vs. Askren,Maurice Greene vs. Sergei Pavlovich,Maurice Greene,-128.0
2019-10-26,UFC Fight Night: Maia vs. Askren,Maurice Greene vs. Sergei Pavlovich,Sergei Pavlovich,128.0
2018-07-22,UFC Fight Night: Shogun vs. Smith,Mauricio Rua vs. Anthony Smith,Mauricio Rua,-128.0
2018-07-22,UFC Fight Night: Shogun vs. Smith,Mauricio Rua vs. Anthony Smith,Anthony Smith,128.0
2019-11-16,UFC Fight Night: Blachowicz vs. Jacare,Mauricio Rua vs. Paul Craig,Mauricio Rua,-109.0
2019-11-16,UFC Fight Night: Blachowicz vs. Jacare,Mauricio Rua vs. Paul Craig,Paul Craig,109.0
2018-12-01,UFC Fight Night: Dos Santos vs. Tuivasa,Mauricio Rua vs. Tyson Pedro,Mauricio Rua,296.0
2018-12-01,UFC Fight Night: Dos Santos vs. Tuivasa,Mauricio Rua vs. Tyson Pedro,Tyson Pedro,-296.0
2019-10-12,UFC Fight Night: Joanna vs. Waterson,Max Griffin vs. Alex Morono,Max Griffin,242.0
2019-10-12,UFC Fight Night: Joanna vs. Waterson,Max Griffin vs. Alex Morono,Alex Morono,-242.0
2019-12-14,UFC 245: Usman vs. Covington,Max Holloway vs. Alexander Volkanovski,Max Holloway,-197.0
2019-12-14,UFC 245: Usman vs. Covington,Max Holloway vs. Alexander Volkanovski,Alexander Volkanovski,197.0
2019-04-13,UFC 236: Holloway vs. Poirier 2,Max Holloway vs. Dustin Poirier,Max Holloway,-128.0
2019-04-13,UFC 236: Holloway vs. Poirier 2,Max Holloway vs. Dustin Poirier,Dustin Poirier,128.0
2019-07-27,UFC 240: Holloway vs. Edgar,Max Holloway vs. Frankie Edgar,Max Holloway,-184.0
2019-07-27,UFC 240: Holloway vs. Edgar,Max Holloway vs. Frankie Edgar,Frankie Edgar,184.0
2017-12-02,UFC 218: Holloway vs. Aldo 2,Max Holloway vs. Jose Aldo,Max Holloway,-309.0
2017-12-02,UFC 218: Holloway vs. Aldo 2,Max Holloway vs. Jose Aldo,Jose Aldo,309.0
2018-09-15,UFC Fight Night: Hunt vs. Oleinik,Merab Dvalishvili vs. Terrion Ware,Merab Dvalishvili,-306.0
2018-09-15,UFC Fight Night: Hunt vs. Oleinik,Merab Dvalishvili vs. Terrion Ware,Terrion Ware,306.0
2017-11-04,UFC 217: Bisping vs. St-Pierre,Michael Bisping vs. Georges St-Pierre,Michael Bisping,339.0
2017-11-04,UFC 217: Bisping vs. St-Pierre,Michael Bisping vs. Georges St-Pierre,Georges St-Pierre,-339.0
2017-11-25,UFC Fight Night: Bisping vs. Gastelum,Michael Bisping vs. Kelvin Gastelum,Michael Bisping,296.0
2017-11-25,UFC Fight Night: Bisping vs. Gastelum,Michael Bisping vs. Kelvin Gastelum,Kelvin Gastelum,-296.0
2018-07-07,UFC 226: Miocic vs. Cormier,Michael Chiesa vs. Anthony Pettis,Michael Chiesa,128.0
2018-07-07,UFC 226: Miocic vs. Cormier,Michael Chiesa vs. Anthony Pettis,Anthony Pettis,-128.0
2018-08-25,UFC Fight Night: Gaethje vs. Vick,Michael Johnson vs. Andre Fili,Michael Johnson,-118.0
2018-08-25,UFC Fight Night: Gaethje vs. Vick,Michael Johnson vs. Andre Fili,Andre Fili,118.0
2018-10-27,UFC Fight Night: Oezdemir vs. Smith,Michael Johnson vs. Artem Lobov,Michael Johnson,-296.0
2018-10-27,UFC Fight Night: Oezdemir vs. Smith,Michael Johnson vs. Artem Lobov,Artem Lobov,296.0
2019-10-26,UFC Fight Night: Maia vs. Askren,Michael Johnson vs. Stevie Ray,Michael Johnson,-296.0
2019-10-26,UFC Fight Night: Maia vs. Askren,Michael Johnson vs. Stevie Ray,Stevie Ray,296.0
2019-05-18,UFC Fight Night: Dos Anjos vs. Lee,Michael Trizano vs. Grant Dawson,Michael Trizano,108.0
2019-05-18,UFC Fight Night: Dos Anjos vs. Lee,Michael Trizano vs. Grant Dawson,Grant Dawson,-108.0
2018-11-10,UFC Fight Night: Korean Zombie vs. Rodriguez,Michael Trizano vs. Luis Pena,Michael Trizano,108.0
2018-11-10,UFC Fight Night: Korean Zombie vs. Rodriguez,Michael Trizano vs. Luis Pena,Luis Pena,-108.0
2019-09-28,UFC Fight Night: Hermansson vs. Cannonier,Michal Oleksiejczuk vs. Ovince Saint Preux,Michal Oleksiejczuk,-309.0
2019-09-28,UFC Fight Night: Hermansson vs. Cannonier,Michal Oleksiejczuk vs. Ovince Saint Preux,Ovince Saint Preux,309.0
2018-11-17,UFC Fight Night: Magny vs. Ponzinibbio,Michel Prazeres vs. Bartosz Fabinski,Michel Prazeres,166.0
2018-11-17,UFC Fight Night: Magny vs. Ponzinibbio,Michel Prazeres vs. Bartosz Fabinski,Bartosz Fabinski,-166.0
2018-02-03,UFC Fight Night: Machida vs. Anders,Michel Prazeres vs. Desmond Green,Michel Prazeres,128.0
2018-02-03,UFC Fight Night: Machida vs. Anders,Michel Prazeres vs. Desmond Green,Desmond Green,-128.0
2018-08-25,UFC Fight Night: Gaethje vs. Vick,Mickey Gall vs. George Sullivan,Mickey Gall,-248.0
2018-08-25,UFC Fight Night: Gaethje vs. Vick,Mickey Gall vs. George Sullivan,George Sullivan,248.0
2019-08-03,UFC Fight Night: Covington vs. Lawler,Mickey Gall vs. Salim Touahri,Mickey Gall,-128.0
2019-08-03,UFC Fight Night: Covington vs. Lawler,Mickey Gall vs. Salim Touahri,Salim Touahri,128.0
2019-10-12,UFC Fight Night: Joanna vs. Waterson,Mike Davis vs. Thomas Gifford,Mike Davis,128.0
2019-10-12,UFC Fight Night: Joanna vs. Waterson,Mike Davis vs. Thomas Gifford,Thomas Gifford,-128.0
2018-02-24,UFC Fight Night: Emmett vs. Stephens,Mike Perry vs. Max Griffin,Mike Perry,-296.0
2018-02-24,UFC Fight Night: Emmett vs. Stephens,Mike Perry vs. Max Griffin,Max Griffin,296.0
2018-03-03,UFC 222: Cyborg vs. Kunitskaya,Mike Pyle vs. Zak Ottow,Mike Pyle,296.0
2018-03-03,UFC 222: Cyborg vs. Kunitskaya,Mike Pyle vs. Zak Ottow,Zak Ottow,-296.0
2018-06-09,UFC 225: Whittaker vs. Romero 2,Mike Santiago vs. Dan Ige,Mike Santiago,108.0
2018-06-09,UFC 225: Whittaker vs. Romero 2,Mike Santiago vs. Dan Ige,Dan Ige,-108.0
2020-02-08,UFC 247: Jones vs. Reyes,Miles Johns vs. Mario Bautista,Miles Johns,-243.0
2020-02-08,UFC 247: Jones vs. Reyes,Miles Johns vs. Mario Bautista,Mario Bautista,243.0
2020-02-08,UFC 247: Jones vs. Reyes,Mirsad Bektic vs. Dan Ige,Mirsad Bektic,128.0
2020-02-08,UFC 247: Jones vs. Reyes,Mirsad Bektic vs. Dan Ige,Dan Ige,-128.0
2018-01-27,UFC Fight Night: Jacare vs. Brunson 2,Mirsad Bektic vs. Godofredo Pepey,Mirsad Bektic,-352.0
2018-01-27,UFC Fight Night: Jacare vs. Brunson 2,Mirsad Bektic vs. Godofredo Pepey,Godofredo Pepey,352.0
2019-09-14,UFC Fight Night: Cowboy vs. Gaethje,Misha Cirkunov vs. Jimmy Crute,Misha Cirkunov,128.0
2019-09-14,UFC Fight Night: Cowboy vs. Gaethje,Misha Cirkunov vs. Jimmy Crute,Jimmy Crute,-128.0
2019-03-02,UFC 235: Jones vs. Smith,Misha Cirkunov vs. Johnny Walker,Misha Cirkunov,-128.0
2019-03-02,UFC 235: Jones vs. Smith,Misha Cirkunov vs. Johnny Walker,Johnny Walker,128.0
2018-10-27,UFC Fight Night: Oezdemir vs. Smith,Misha Cirkunov vs. Patrick Cummins,Misha Cirkunov,-309.0
2018-10-27,UFC Fight Night: Oezdemir vs. Smith,Misha Cirkunov vs. Patrick Cummins,Patrick Cummins,309.0
2018-12-01,UFC Fight Night: Dos Santos vs. Tuivasa,Mizuto Hirota vs. Christos Giagos,Mizuto Hirota,128.0
2018-12-01,UFC Fight Night: Dos Santos vs. Tuivasa,Mizuto Hirota vs. Christos Giagos,Christos Giagos,-128.0
2019-04-13,UFC 236: Holloway vs. Poirier 2,Montel Jackson vs. Andre Soukhamthath,Montel Jackson,-296.0
2019-04-13,UFC 236: Holloway vs. Poirier 2,Montel Jackson vs. Andre Soukhamthath,Andre Soukhamthath,296.0
2020-01-25,UFC Fight Night: Blaydes vs. Dos Santos,Montel Jackson vs. Felipe Colares,Montel Jackson,-239.0
2020-01-25,UFC Fight Night: Blaydes vs. Dos Santos,Montel Jackson vs. Felipe Colares,Felipe Colares,239.0
2019-10-26,UFC Fight Night: Maia vs. Askren,Muslim Salikhov vs. Laureano Staropoli,Muslim Salikhov,107.0
2019-10-26,UFC Fight Night: Maia vs. Askren,Muslim Salikhov vs. Laureano Staropoli,Laureano Staropoli,-107.0
2018-07-14,UFC Fight Night: Dos Santos vs. Ivanov,Myles Jury vs. Chad Mendes,Myles Jury,-128.0
2018-07-14,UFC Fight Night: Dos Santos vs. Ivanov,Myles Jury vs. Chad Mendes,Chad Mendes,128.0
2017-12-30,UFC 219: Cyborg vs. Holm,Myles Jury vs. Ricky Glenn,Myles Jury,-128.0
2017-12-30,UFC 219: Cyborg vs. Holm,Myles Jury vs. Ricky Glenn,Ricky Glenn,128.0
2018-07-22,UFC Fight Night: Shogun vs. Smith,Nasrat Haqparast vs. Marc Diakiese,Nasrat Haqparast,-109.0
2018-07-22,UFC Fight Night: Shogun vs. Smith,Nasrat Haqparast vs. Marc Diakiese,Marc Diakiese,109.0
2017-11-11,UFC Fight Night: Poirier vs. Pettis,Nate Marquardt vs. Cezar Ferreira,Nate Marquardt,-100.0
2017-11-11,UFC Fight Night: Poirier vs. Pettis,Nate Marquardt vs. Cezar Ferreira,Cezar Ferreira,-100.0
2018-12-29,UFC 232: Jones vs. Gustafsson 2,Nathaniel Wood vs. Andre Ewell,Nathaniel Wood,128.0
2018-12-29,UFC 232: Jones vs. Gustafsson 2,Nathaniel Wood vs. Andre Ewell,Andre Ewell,-128.0
2019-03-16,UFC Fight Night: Till vs. Masvidal,Nathaniel Wood vs. Jose Quinonez,Nathaniel Wood,108.0
2019-03-16,UFC Fight Night: Till vs. Masvidal,Nathaniel Wood vs. Jose Quinonez,Jose Quinonez,-108.0
2018-11-17,UFC Fight Night: Magny vs. Ponzinibbio,Neil Magny vs. Santiago Ponzinibbio,Neil Magny,-100.0
2018-11-17,UFC Fight Night: Magny vs. Ponzinibbio,Neil Magny vs. Santiago Ponzinibbio,Santiago Ponzinibbio,-100.0
2018-07-22,UFC Fight Night: Shogun vs. Smith,Nick Hein vs. Damir Hadzovic,Nick Hein,-128.0
2018-07-22,UFC Fight Night: Shogun vs. Smith,Nick Hein vs. Damir Hadzovic,Damir Hadzovic,128.0
2019-06-01,UFC Fight Night: Gustafsson vs. Smith,Nick Hein vs. Frank Camacho,Nick Hein,128.0
2019-06-01,UFC Fight Night: Gustafsson vs. Smith,Nick Hein vs. Frank Camacho,Frank Camacho,-128.0
2019-09-28,UFC Fight Night: Hermansson vs. Cannonier,Nicolas Dalby vs. Alex Oliveira,Nicolas Dalby,296.0
2019-09-28,UFC Fight Night: Hermansson vs. Cannonier,Nicolas Dalby vs. Alex Oliveira,Alex Oliveira,-296.0
2018-01-27,UFC Fight Night: Jacare vs. Brunson 2,Niko Price vs. George Sullivan,Niko Price,-108.0
2018-01-27,UFC Fight Night: Jacare vs. Brunson 2,Niko Price vs. George Sullivan,George Sullivan,108.0
2019-10-12,UFC Fight Night: Joanna vs. Waterson,Niko Price vs. James Vick,Niko Price,296.0
2019-10-12,UFC Fight Night: Joanna vs. Waterson,Niko Price vs. James Vick,James Vick,-296.0
2017-12-16,UFC Fight Night: Lawler vs. Dos Anjos,Nordine Taleb vs. Danny Roberts,Nordine Taleb,-252.0
2017-12-16,UFC Fight Night: Lawler vs. Dos Anjos,Nordine Taleb vs. Danny Roberts,Danny Roberts,252.0
2019-09-07,UFC 242: Khabib vs. Poirier,Nordine Taleb vs. Muslim Salikhov,Nordine Taleb,-128.0
2019-09-07,UFC 242: Khabib vs. Poirier,Nordine Taleb vs. Muslim Salikhov,Muslim Salikhov,128.0
2018-10-27,UFC Fight Night: Oezdemir vs. Smith,Nordine Taleb vs. Sean Strickland,Nordine Taleb,152.0
2018-10-27,UFC Fight Night: Oezdemir vs. Smith,Nordine Taleb vs. Sean Strickland,Sean Strickland,-152.0
2019-07-27,UFC 240: Holloway vs. Edgar,Olivier Aubin-Mercier vs. Arman Tsarukyan,Olivier Aubin-Mercier,-109.0
2019-07-27,UFC 240: Holloway vs. Edgar,Olivier Aubin-Mercier vs. Arman Tsarukyan,Arman Tsarukyan,109.0
2018-12-08,UFC 231: Holloway vs. Ortega,Olivier Aubin-Mercier vs. Gilbert Burns,Olivier Aubin-Mercier,-239.0
2018-12-08,UFC 231: Holloway vs. Ortega,Olivier Aubin-Mercier vs. Gilbert Burns,Gilbert Burns,239.0
2019-09-07,UFC 242: Khabib vs. Poirier,Omari Akhmedov vs. Zak Cummings,Omari Akhmedov,-100.0
2019-09-07,UFC 242: Khabib vs. Poirier,Omari Akhmedov vs. Zak Cummings,Zak Cummings,-100.0
2017-11-04,UFC 217: Bisping vs. St-Pierre,Ovince Saint Preux vs. Corey Anderson,Ovince Saint Preux,352.0
2017-11-04,UFC 217: Bisping vs. St-Pierre,Ovince Saint Preux vs. Corey Anderson,Corey Anderson,-352.0
2018-10-06,UFC 229: Khabib vs. McGregor,Ovince Saint Preux vs. Dominick Reyes,Ovince Saint Preux,352.0
2018-10-06,UFC 229: Khabib vs. McGregor,Ovince Saint Preux vs. Dominick Reyes,Dominick Reyes,-352.0
2018-02-24,UFC Fight Night: Emmett vs. Stephens,Ovince Saint Preux vs. Ilir Latifi,Ovince Saint Preux,128.0
2018-02-24,UFC Fight Night: Emmett vs. Stephens,Ovince Saint Preux vs. Ilir Latifi,Ilir Latifi,-128.0
2019-04-13,UFC 236: Holloway vs. Poirier 2,Ovince Saint Preux vs. Nikita Krylov,Ovince Saint Preux,352.0
2019-04-13,UFC 236: Holloway vs. Poirier 2,Ovince Saint Preux vs. Nikita Krylov,Nikita Krylov,-352.0
2018-06-23,UFC Fight Night: Cowboy vs. Edwards,Ovince Saint Preux vs. Tyson Pedro,Ovince Saint Preux,296.0
2018-06-23,UFC Fight Night: Cowboy vs. Edwards,Ovince Saint Preux vs. Tyson Pedro,Tyson Pedro,-296.0
2017-09-22,UFC Fight Night: Saint Preux vs. Okami,Ovince Saint Preux vs. Yushin Okami,Ovince Saint Preux,-108.0
2017-09-22,UFC Fight Night: Saint Preux vs. Okami,Ovince Saint Preux vs. Yushin Okami,Yushin Okami,108.0
2019-05-18,UFC Fight Night: Dos Anjos vs. Lee,Patrick Cummins vs. Ed Herman,Patrick Cummins,-128.0
2019-05-18,UFC Fight Night: Dos Anjos vs. Lee,Patrick Cummins vs. Ed Herman,Ed Herman,128.0
2018-07-07,UFC 226: Miocic vs. Cormier,Paul Felder vs. Mike Perry,Paul Felder,-128.0
2018-07-07,UFC 226: Miocic vs. Cormier,Paul Felder vs. Mike Perry,Mike Perry,128.0
2018-08-04,UFC 227: Dillashaw vs. Garbrandt 2,Pedro Munhoz vs. Brett Johns,Pedro Munhoz,352.0
2018-08-04,UFC 227: Dillashaw vs. Garbrandt 2,Pedro Munhoz vs. Brett Johns,Brett Johns,-352.0
2018-11-30,The Ultimate Fighter: Heavy Hitters Finale,Pedro Munhoz vs. Bryan Caraway,Pedro Munhoz,-136.0
2018-11-30,The Ultimate Fighter: Heavy Hitters Finale,Pedro Munhoz vs. Bryan Caraway,Bryan Caraway,136.0
2017-10-28,UFC Fight Night: Brunson vs. Machida,Pedro Munhoz vs. Rob Font,Pedro Munhoz,296.0
2017-10-28,UFC Fight Night: Brunson vs. Machida,Pedro Munhoz vs. Rob Font,Rob Font,-296.0
2019-12-14,UFC 245: Usman vs. Covington,Petr Yan vs. Urijah Faber,Petr Yan,-296.0
2019-12-14,UFC 245: Usman vs. Covington,Petr Yan vs. Urijah Faber,Urijah Faber,296.0
2019-07-13,UFC Fight Night: De Randamie vs. Ladd,Pingyuan Liu vs. Jonathan Martinez,Pingyuan Liu,128.0
2019-07-13,UFC Fight Night: De Randamie vs. Ladd,Pingyuan Liu vs. Jonathan Martinez,Jonathan Martinez,-128.0
2018-06-09,UFC 225: Whittaker vs. Romero 2,Rafael Dos Anjos vs. Colby Covington,Rafael Dos Anjos,243.0
2018-06-09,UFC 225: Whittaker vs. Romero 2,Rafael Dos Anjos vs. Colby Covington,Colby Covington,-243.0
2018-11-30,The Ultimate Fighter: Heavy Hitters Finale,Rafael Dos Anjos vs. Kamaru Usman,Rafael Dos Anjos,243.0
2018-11-30,The Ultimate Fighter: Heavy Hitters Finale,Rafael Dos Anjos vs. Kamaru Usman,Kamaru Usman,-243.0
2019-05-18,UFC Fight Night: Dos Anjos vs. Lee,Rafael Dos Anjos vs. Kevin Lee,Rafael Dos Anjos,128.0
2019-05-18,UFC Fight Night: Dos Anjos vs. Lee,Rafael Dos Anjos vs. Kevin Lee,Kevin Lee,-128.0
2019-07-20,UFC Fight Night: Dos Anjos vs. Edwards,Rafael Dos Anjos vs. Leon Edwards,Rafael Dos Anjos,-109.0
2019-07-20,UFC Fight Night: Dos Anjos vs. Edwards,Rafael Dos Anjos vs. Leon Edwards,Leon Edwards,109.0
2020-01-25,UFC Fight Night: Blaydes vs. Dos Santos,Rafael Dos Anjos vs. Michael Chiesa,Rafael Dos Anjos,-128.0
2020-01-25,UFC Fight Night: Blaydes vs. Dos Santos,Rafael Dos Anjos vs. Michael Chiesa,Michael Chiesa,128.0
2019-11-09,UFC Fight Night: Zabit vs. Kattar,Ramazan Emeev vs. Anthony Rocco Martin,Ramazan Emeev,128.0
2019-11-09,UFC Fight Night: Zabit vs. Kattar,Ramazan Emeev vs. Anthony Rocco Martin,Anthony Rocco Martin,-128.0
2017-11-04,UFC 217: Bisping vs. St-Pierre,Randy Brown vs. Mickey Gall,Randy Brown,239.0
2017-11-04,UFC 217: Bisping vs. St-Pierre,Randy Brown vs. Mickey Gall,Mickey Gall,-239.0
2018-07-14,UFC Fight Night: Dos Santos vs. Ivanov,Randy Brown vs. Niko Price,Randy Brown,-108.0
2018-07-14,UFC Fight Night: Dos Santos vs. Ivanov,Randy Brown vs. Niko Price,Niko Price,108.0
2019-10-18,UFC Fight Night: Reyes vs. Weidman,Randy Costa vs. Boston Salmon,Randy Costa,-352.0
2019-10-18,UFC Fight Night: Reyes vs. Weidman,Randy Costa vs. Boston Salmon,Boston Salmon,352.0
2018-08-25,UFC Fight Night: Gaethje vs. Vick,Rani Yahya vs. Luke Sanders,Rani Yahya,-166.0
2018-08-25,UFC Fight Night: Gaethje vs. Vick,Rani Yahya vs. Luke Sanders,Luke Sanders,166.0
2019-02-09,UFC 234: Adesanya vs. Silva,Rani Yahya vs. Ricky Simon,Rani Yahya,-128.0
2019-02-09,UFC 234: Adesanya vs. Silva,Rani Yahya vs. Ricky Simon,Ricky Simon,128.0
2018-02-24,UFC Fight Night: Emmett vs. Stephens,Rani Yahya vs. Russell Doane,Rani Yahya,-109.0
2018-02-24,UFC Fight Night: Emmett vs. Stephens,Rani Yahya vs. Russell Doane,Russell Doane,109.0
2019-12-21,UFC Fight Night: Edgar vs. The Korean Zombie,Raoni Barcelos vs. Said Nurmagomedov,Raoni Barcelos,128.0
2019-12-21,UFC Fight Night: Edgar vs. The Korean Zombie,Raoni Barcelos vs. Said Nurmagomedov,Said Nurmagomedov,-128.0
2019-08-17,UFC 241: Cormier vs. Miocic 2,Raphael Assuncao vs. Cory Sandhagen,Raphael Assuncao,184.0
2019-08-17,UFC 241: Cormier vs. Miocic 2,Raphael Assuncao vs. Cory Sandhagen,Cory Sandhagen,-184.0
2019-02-02,UFC Fight Night: Assuncao vs. Moraes 2,Raphael Assuncao vs. Marlon Moraes,Raphael Assuncao,-128.0
2019-02-02,UFC Fight Night: Assuncao vs. Moraes 2,Raphael Assuncao vs. Marlon Moraes,Marlon Moraes,128.0
2017-11-11,UFC Fight Night: Poirier vs. Pettis,Raphael Assuncao vs. Matthew Lopez,Raphael Assuncao,-128.0
2017-11-11,UFC Fight Night: Poirier vs. Pettis,Raphael Assuncao vs. Matthew Lopez,Matthew Lopez,128.0
2018-07-07,UFC 226: Miocic vs. Cormier,Raphael Assuncao vs. Rob Font,Raphael Assuncao,128.0
2018-07-07,UFC 226: Miocic vs. Cormier,Raphael Assuncao vs. Rob Font,Rob Font,-128.0
2019-10-26,UFC Fight Night: Maia vs. Askren,Raphael Pessoa vs. Jeff Hughes,Raphael Pessoa,166.0
2019-10-26,UFC Fight Night: Maia vs. Askren,Raphael Pessoa vs. Jeff Hughes,Jeff Hughes,-166.0
2018-06-09,UFC 225: Whittaker vs. Romero 2,Rashad Coulter vs. Chris de la Rocha,Rashad Coulter,-118.0
2018-06-09,UFC 225: Whittaker vs. Romero 2,Rashad Coulter vs. Chris de la Rocha,Chris de la Rocha,118.0
2018-06-09,UFC 225: Whittaker vs. Romero 2,Rashad Evans vs. Anthony Smith,Rashad Evans,-108.0
2018-06-09,UFC 225: Whittaker vs. Romero 2,Rashad Evans vs. Anthony Smith,Anthony Smith,108.0
2018-02-24,UFC Fight Night: Emmett vs. Stephens,Renan Barao vs. Brian Kelleher,Renan Barao,-128.0
2018-02-24,UFC Fight Night: Emmett vs. Stephens,Renan Barao vs. Brian Kelleher,Brian Kelleher,128.0
2019-02-17,UFC Fight Night: Ngannou vs. Velasquez,Renan Barao vs. Luke Sanders,Renan Barao,-243.0
2019-02-17,UFC Fight Night: Ngannou vs. Velasquez,Renan Barao vs. Luke Sanders,Luke Sanders,243.0
2018-04-07,UFC 223: Khabib vs. Iaquinta,Renato Moicano vs. Calvin Kattar,Renato Moicano,-286.0
2018-04-07,UFC 223: Khabib vs. Iaquinta,Renato Moicano vs. Calvin Kattar,Calvin Kattar,286.0
2019-06-22,UFC Fight Night: Moicano vs. The Korean Zombie,Renato Moicano vs. Chan Sung Jung,Renato Moicano,-239.0
2019-06-22,UFC Fight Night: Moicano vs. The Korean Zombie,Renato Moicano vs. Chan Sung Jung,Chan Sung Jung,239.0
2019-06-08,UFC 238: Cejudo vs. Moraes,Ricardo Lamas vs. Calvin Kattar,Ricardo Lamas,-286.0
2019-06-08,UFC 238: Cejudo vs. Moraes,Ricardo Lamas vs. Calvin Kattar,Calvin Kattar,286.0
2018-11-17,UFC Fight Night: Magny vs. Ponzinibbio,Ricardo Lamas vs. Darren Elkins,Ricardo Lamas,-100.0
2018-11-17,UFC Fight Night: Magny vs. Ponzinibbio,Ricardo Lamas vs. Darren Elkins,Darren Elkins,-100.0
2017-12-16,UFC Fight Night: Lawler vs. Dos Anjos,Ricardo Lamas vs. Josh Emmett,Ricardo Lamas,-100.0
2017-12-16,UFC Fight Night: Lawler vs. Dos Anjos,Ricardo Lamas vs. Josh Emmett,Josh Emmett,-100.0
2018-06-09,UFC 225: Whittaker vs. Romero 2,Ricardo Lamas vs. Mirsad Bektic,Ricardo Lamas,296.0
2018-06-09,UFC 225: Whittaker vs. Romero 2,Ricardo Lamas vs. Mirsad Bektic,Mirsad Bektic,-296.0
2019-11-16,UFC Fight Night: Blachowicz vs. Jacare,Ricardo Ramos vs. Eduardo Garagorri,Ricardo Ramos,-108.0
2019-11-16,UFC Fight Night: Blachowicz vs. Jacare,Ricardo Ramos vs. Eduardo Garagorri,Eduardo Garagorri,108.0
2018-08-04,UFC 227: Dillashaw vs. Garbrandt 2,Ricardo Ramos vs. Kyung Ho Kang,Ricardo Ramos,-239.0
2018-08-04,UFC 227: Dillashaw vs. Garbrandt 2,Ricardo Ramos vs. Kyung Ho Kang,Kyung Ho Kang,239.0
2019-02-02,UFC Fight Night: Assuncao vs. Moraes 2,Ricardo Ramos vs. Said Nurmagomedov,Ricardo Ramos,-100.0
2019-02-02,UFC Fight Night: Assuncao vs. Moraes 2,Ricardo Ramos vs. Said Nurmagomedov,Said Nurmagomedov,100.0
2019-12-07,UFC Fight Night: Overeem vs. Rozenstruik,Rob Font vs. Ricky Simon,Rob Font,-128.0
2019-12-07,UFC Fight Night: Overeem vs. Rozenstruik,Rob Font vs. Ricky Simon,Ricky Simon,128.0
2018-12-15,UFC Fight Night: Lee vs. Iaquinta,Rob Font vs. Sergio Pettis,Rob Font,286.0
2018-12-15,UFC Fight Night: Lee vs. Iaquinta,Rob Font vs. Sergio Pettis,Sergio Pettis,-286.0
2017-12-16,UFC Fight Night: Lawler vs. Dos Anjos,Robbie Lawler vs. Rafael Dos Anjos,Robbie Lawler,296.0
2017-12-16,UFC Fight Night: Lawler vs. Dos Anjos,Robbie Lawler vs. Rafael Dos Anjos,Rafael Dos Anjos,-296.0
2018-09-08,UFC 228: Woodley vs. Till,Robert Sanchez vs. Jarred Brooks,Robert Sanchez,-100.0
2018-09-08,UFC 228: Woodley vs. Till,Robert Sanchez vs. Jarred Brooks,Jarred Brooks,-100.0
2018-02-18,UFC Fight Night: Cerrone vs. Medeiros,Robert Sanchez vs. Joby Sanchez,Robert Sanchez,239.0
2018-02-18,UFC Fight Night: Cerrone vs. Medeiros,Robert Sanchez vs. Joby Sanchez,Joby Sanchez,-239.0
2019-10-05,UFC 243: Whittaker vs. Adesanya,Robert Whittaker vs. Israel Adesanya,Robert Whittaker,-128.0
2019-10-05,UFC 243: Whittaker vs. Adesanya,Robert Whittaker vs. Israel Adesanya,Israel Adesanya,128.0
2018-06-09,UFC 225: Whittaker vs. Romero 2,Robert Whittaker vs. Yoel Romero,Robert Whittaker,-296.0
2018-06-09,UFC 225: Whittaker vs. Romero 2,Robert Whittaker vs. Yoel Romero,Yoel Romero,296.0
2019-08-10,UFC Fight Night: Shevchenko vs. Carmouche 2,Rogerio Bontorin vs. Raulian Paiva,Rogerio Bontorin,296.0
2019-08-10,UFC Fight Night: Shevchenko vs. Carmouche 2,Rogerio Bontorin vs. Raulian Paiva,Raulian Paiva,-296.0
2020-02-15,UFC Fight Night: Anderson vs. Blachowicz,Rogerio Bontorin vs. Ray Borg,Rogerio Bontorin,136.0
2020-02-15,UFC Fight Night: Anderson vs. Blachowicz,Rogerio Bontorin vs. Ray Borg,Ray Borg,-136.0
2019-05-11,UFC 237: Namajunas vs. Andrade,Rogerio Nogueira vs. Ryan Spann,Rogerio Nogueira,337.0
2019-05-11,UFC 237: Namajunas vs. Andrade,Rogerio Nogueira vs. Ryan Spann,Ryan Spann,-337.0
2018-06-23,UFC Fight Night: Cowboy vs. Edwards,Rolando Dy vs. Shane Young,Rolando Dy,-108.0
2018-06-23,UFC Fight Night: Cowboy vs. Edwards,Rolando Dy vs. Shane Young,Shane Young,108.0
2019-06-29,UFC Fight Night: Ngannou vs. Dos Santos,Roosevelt Roberts vs. Vinc Pichel,Roosevelt Roberts,-296.0
2019-06-29,UFC Fight Night: Ngannou vs. Dos Santos,Roosevelt Roberts vs. Vinc Pichel,Vinc Pichel,296.0
2019-03-30,UFC Fight Night: Barboza vs. Gaethje,Ross Pearson vs. Desmond Green,Ross Pearson,352.0
2019-03-30,UFC Fight Night: Barboza vs. Gaethje,Ross Pearson vs. Desmond Green,Desmond Green,-352.0
2018-02-10,UFC 221: Romero vs. Rockhold,Ross Pearson vs. Mizuto Hirota,Ross Pearson,-136.0
2018-02-10,UFC 221: Romero vs. Rockhold,Ross Pearson vs. Mizuto Hirota,Mizuto Hirota,136.0
2019-02-23,UFC Fight Night: Blachowicz vs. Santos,Rustam Khabilov vs. Diego Ferreira,Rustam Khabilov,-108.0
2019-02-23,UFC Fight Night: Blachowicz vs. Santos,Rustam Khabilov vs. Diego Ferreira,Diego Ferreira,108.0
2018-09-15,UFC Fight Night: Hunt vs. Oleinik,Rustam Khabilov vs. Kajan Johnson,Rustam Khabilov,-128.0
2018-09-15,UFC Fight Night: Hunt vs. Oleinik,Rustam Khabilov vs. Kajan Johnson,Kajan Johnson,128.0
2019-11-09,UFC Fight Night: Zabit vs. Kattar,Rustam Khabilov vs. Sergey Khandozhko,Rustam Khabilov,128.0
2019-11-09,UFC Fight Night: Zabit vs. Kattar,Rustam Khabilov vs. Sergey Khandozhko,Sergey Khandozhko,-128.0
2017-11-18,UFC Fight Night: Werdum vs. Tybura,Ryan Benoit vs. Ashkan Mokhtarian,Ryan Benoit,-128.0
2017-11-18,UFC Fight Night: Werdum vs. Tybura,Ryan Benoit vs. Ashkan Mokhtarian,Ashkan Mokhtarian,128.0
2018-04-21,UFC Fight Night: Barboza vs. Lee,Ryan LaFlare vs. Alex Garcia,Ryan LaFlare,-109.0
2018-04-21,UFC Fight Night: Barboza vs. Lee,Ryan LaFlare vs. Alex Garcia,Alex Garcia,109.0
2018-10-06,UFC 229: Khabib vs. McGregor,Ryan LaFlare vs. Anthony Rocco Martin,Ryan LaFlare,-166.0
2018-10-06,UFC 229: Khabib vs. McGregor,Ryan LaFlare vs. Anthony Rocco Martin,Anthony Rocco Martin,166.0
2019-10-12,UFC Fight Night: Joanna vs. Waterson,Ryan Spann vs. Devin Clark,Ryan Spann,-128.0
2019-10-12,UFC Fight Night: Joanna vs. Waterson,Ryan Spann vs. Devin Clark,Devin Clark,128.0
2017-12-02,UFC 218: Holloway vs. Aldo 2,Sabah Homasi vs. Abdul Razak Alhassan,Sabah Homasi,244.0
2017-12-02,UFC 218: Holloway vs. Aldo 2,Sabah Homasi vs. Abdul Razak Alhassan,Abdul Razak Alhassan,-116.0
2018-01-20,UFC 220: Miocic vs. Ngannou,Sabah Homasi vs. Abdul Razak Alhassan,Sabah Homasi,139.0
2018-01-20,UFC 220: Miocic vs. Ngannou,Sabah Homasi vs. Abdul Razak Alhassan,Abdul Razak Alhassan,103.0
2017-11-11,UFC Fight Night: Poirier vs. Pettis,Sage Northcutt vs. Michel Quinones,Sage Northcutt,
2017-11-11,UFC Fight Night: Poirier vs. Pettis,Sage Northcutt vs. Michel Quinones,Michel Quinones,
2018-02-18,UFC Fight Night: Cerrone vs. Medeiros,Sage Northcutt vs. Thibault Gouti,Sage Northcutt,
2018-02-18,UFC Fight Night: Cerrone vs. Medeiros,Sage Northcutt vs. Thibault Gouti,Thibault Gouti,
2018-07-14,UFC Fight Night: Dos Santos vs. Ivanov,Sage Northcutt vs. Zak Ottow,Sage Northcutt,-296.0
2018-07-14,UFC Fight Night: Dos Santos vs. Ivanov,Sage Northcutt vs. Zak Ottow,Zak Ottow,296.0
2019-07-20,UFC Fight Night: Dos Anjos vs. Edwards,Sam Alvey vs. Klidson Abreu,Sam Alvey,109.0
2019-07-20,UFC Fight Night: Dos Anjos vs. Edwards,Sam Alvey vs. Klidson Abreu,Klidson Abreu,-109.0
2018-09-22,UFC Fight Night: Marreta vs. Anders,Sam Alvey vs. Rogerio Nogueira,Sam Alvey,-239.0
2018-09-22,UFC Fight Night: Marreta vs. Anders,Sam Alvey vs. Rogerio Nogueira,Rogerio Nogueira,239.0
2017-12-16,UFC Fight Night: Lawler vs. Dos Anjos,Santiago Ponzinibbio vs. Mike Perry,Santiago Ponzinibbio,-128.0
2017-12-16,UFC Fight Night: Lawler vs. Dos Anjos,Santiago Ponzinibbio vs. Mike Perry,Mike Perry,128.0
2018-10-06,UFC 229: Khabib vs. McGregor,Scott Holtzman vs. Alan Patrick,Scott Holtzman,-108.0
2018-10-06,UFC 229: Khabib vs. McGregor,Scott Holtzman vs. Alan Patrick,Alan Patrick,108.0
2017-12-09,UFC Fight Night: Swanson vs. Ortega,Scott Holtzman vs. Darrell Horcher,Scott Holtzman,-296.0
2017-12-09,UFC Fight Night: Swanson vs. Ortega,Scott Holtzman vs. Darrell Horcher,Darrell Horcher,296.0
2019-08-03,UFC Fight Night: Covington vs. Lawler,Scott Holtzman vs. Dong Hyun Ma,Scott Holtzman,-243.0
2019-08-03,UFC Fight Night: Covington vs. Lawler,Scott Holtzman vs. Dong Hyun Ma,Dong Hyun Ma,243.0
2018-03-03,UFC 222: Cyborg vs. Kunitskaya,Sean O'Malley vs. Andre Soukhamthath,Sean O'Malley,-309.0
2018-03-03,UFC 222: Cyborg vs. Kunitskaya,Sean O'Malley vs. Andre Soukhamthath,Andre Soukhamthath,309.0
2019-04-20,UFC Fight Night: Overeem vs. Oleinik,Sergei Pavlovich vs. Marcelo Golm,Sergei Pavlovich,136.0
2019-04-20,UFC Fight Night: Overeem vs. Oleinik,Sergei Pavlovich vs. Marcelo Golm,Marcelo Golm,-136.0
2018-09-22,UFC Fight Night: Marreta vs. Anders,Sergio Moraes vs. Ben Saunders,Sergio Moraes,128.0
2018-09-22,UFC Fight Night: Marreta vs. Anders,Sergio Moraes vs. Ben Saunders,Ben Saunders,-128.0
2019-11-16,UFC Fight Night: Blachowicz vs. Jacare,Sergio Moraes vs. James Krause,Sergio Moraes,296.0
2019-11-16,UFC Fight Night: Blachowicz vs. Jacare,Sergio Moraes vs. James Krause,James Krause,-296.0
2018-02-03,UFC Fight Night: Machida vs. Anders,Sergio Moraes vs. Tim Means,Sergio Moraes,296.0
2018-02-03,UFC Fight Night: Machida vs. Anders,Sergio Moraes vs. Tim Means,Tim Means,-296.0
2018-10-06,UFC 229: Khabib vs. McGregor,Sergio Pettis vs. Jussier Formiga,Sergio Pettis,-352.0
2018-10-06,UFC 229: Khabib vs. McGregor,Sergio Pettis vs. Jussier Formiga,Jussier Formiga,352.0
2019-12-21,UFC Fight Night: Edgar vs. The Korean Zombie,SeungWoo Choi vs. Suman Mokhtarian,SeungWoo Choi,-128.0
2019-12-21,UFC Fight Night: Edgar vs. The Korean Zombie,SeungWoo Choi vs. Suman Mokhtarian,Suman Mokhtarian,128.0
2018-11-03,UFC 230: Cormier vs. Lewis,Shane Burgos vs. Kurt Holobaugh,Shane Burgos,-296.0
2018-11-03,UFC 230: Cormier vs. Lewis,Shane Burgos vs. Kurt Holobaugh,Kurt Holobaugh,296.0
2019-11-02,UFC 244: Masvidal vs. Diaz,Shane Burgos vs. Makwan Amirkhani,Shane Burgos,-128.0
2019-11-02,UFC 244: Masvidal vs. Diaz,Shane Burgos vs. Makwan Amirkhani,Makwan Amirkhani,128.0
2019-02-09,UFC 234: Adesanya vs. Silva,Shane Young vs. Austin Arnett,Shane Young,-128.0
2019-02-09,UFC 234: Adesanya vs. Silva,Shane Young vs. Austin Arnett,Austin Arnett,128.0
2018-06-23,UFC Fight Night: Cowboy vs. Edwards,Shinsho Anzai vs. Jake Matthews,Shinsho Anzai,337.0
2018-06-23,UFC Fight Night: Cowboy vs. Edwards,Shinsho Anzai vs. Jake Matthews,Jake Matthews,-337.0
2019-09-28,UFC Fight Night: Hermansson vs. Cannonier,Siyar Bahadurzada vs. Ismail Naurdiev,Siyar Bahadurzada,352.0
2019-09-28,UFC Fight Night: Hermansson vs. Cannonier,Siyar Bahadurzada vs. Ismail Naurdiev,Ismail Naurdiev,-352.0
2018-04-21,UFC Fight Night: Barboza vs. Lee,Siyar Bahadurzada vs. Luan Chagas,Siyar Bahadurzada,296.0
2018-04-21,UFC Fight Night: Barboza vs. Lee,Siyar Bahadurzada vs. Luan Chagas,Luan Chagas,-296.0
2019-03-30,UFC Fight Night: Barboza vs. Gaethje,Sodiq Yusuff vs. Sheymon Moraes,Sodiq Yusuff,-109.0
2019-03-30,UFC Fight Night: Barboza vs. Gaethje,Sodiq Yusuff vs. Sheymon Moraes,Sheymon Moraes,109.0
2018-11-24,UFC Fight Night: Blaydes vs. Ngannou 2,Song Kenan vs. Alex Morono,Song Kenan,128.0
2018-11-24,UFC Fight Night: Blaydes vs. Ngannou 2,Song Kenan vs. Alex Morono,Alex Morono,-128.0
2019-08-31,UFC Fight Night: Andrade vs. Zhang,Song Kenan vs. Derrick Krantz,Song Kenan,-128.0
2019-08-31,UFC Fight Night: Andrade vs. Zhang,Song Kenan vs. Derrick Krantz,Derrick Krantz,128.0
2018-03-03,UFC 222: Cyborg vs. Kunitskaya,Stefan Struve vs. Andrei Arlovski,Stefan Struve,-128.0
2018-03-03,UFC 222: Cyborg vs. Kunitskaya,Stefan Struve vs. Andrei Arlovski,Andrei Arlovski,128.0
2019-12-07,UFC Fight Night: Overeem vs. Rozenstruik,Stefan Struve vs. Ben Rothwell,Stefan Struve,-239.0
2019-12-07,UFC Fight Night: Overeem vs. Rozenstruik,Stefan Struve vs. Ben Rothwell,Ben Rothwell,239.0
2019-02-23,UFC Fight Night: Blachowicz vs. Santos,Stefan Struve vs. Marcos Rogerio de Lima,Stefan Struve,296.0
2019-02-23,UFC Fight Night: Blachowicz vs. Santos,Stefan Struve vs. Marcos Rogerio de Lima,Marcos Rogerio de Lima,-296.0
2019-03-23,UFC Fight Night: Thompson vs. Pettis,Stephen Thompson vs. Anthony Pettis,Stephen Thompson,-296.0
2019-03-23,UFC Fight Night: Thompson vs. Pettis,Stephen Thompson vs. Anthony Pettis,Anthony Pettis,296.0
2018-05-27,UFC Fight Night: Thompson vs. Till,Stephen Thompson vs. Darren Till,Stephen Thompson,-108.0
2018-05-27,UFC Fight Night: Thompson vs. Till,Stephen Thompson vs. Darren Till,Darren Till,108.0
2017-11-04,UFC 217: Bisping vs. St-Pierre,Stephen Thompson vs. Jorge Masvidal,Stephen Thompson,166.0
2017-11-04,UFC 217: Bisping vs. St-Pierre,Stephen Thompson vs. Jorge Masvidal,Jorge Masvidal,-166.0
2019-11-02,UFC 244: Masvidal vs. Diaz,Stephen Thompson vs. Vicente Luque,Stephen Thompson,-100.0
2019-11-02,UFC 244: Masvidal vs. Diaz,Stephen Thompson vs. Vicente Luque,Vicente Luque,-100.0
2018-10-27,UFC Fight Night: Oezdemir vs. Smith,Stevie Ray vs. Jessin Ayari,Stevie Ray,109.0
2018-10-27,UFC Fight Night: Oezdemir vs. Smith,Stevie Ray vs. Jessin Ayari,Jessin Ayari,-109.0
2018-03-17,UFC Fight Night: Werdum vs. Volkov,Stevie Ray vs. Kajan Johnson,Stevie Ray,-109.0
2018-03-17,UFC Fight Night: Werdum vs. Volkov,Stevie Ray vs. Kajan Johnson,Kajan Johnson,109.0
2019-06-01,UFC Fight Night: Gustafsson vs. Smith,Stevie Ray vs. Leonardo Santos,Stevie Ray,-239.0
2019-06-01,UFC Fight Night: Gustafsson vs. Smith,Stevie Ray vs. Leonardo Santos,Leonardo Santos,239.0
2018-07-07,UFC 226: Miocic vs. Cormier,Stipe Miocic vs. Daniel Cormier,Stipe Miocic,-296.0
2018-07-07,UFC 226: Miocic vs. Cormier,Stipe Miocic vs. Daniel Cormier,Daniel Cormier,296.0
2018-01-20,UFC 220: Miocic vs. Ngannou,Stipe Miocic vs. Francis Ngannou,Stipe Miocic,-128.0
2018-01-20,UFC 220: Miocic vs. Ngannou,Stipe Miocic vs. Francis Ngannou,Francis Ngannou,128.0
2019-04-20,UFC Fight Night: Overeem vs. Oleinik,Sultan Aliev vs. Keita Nakamura,Sultan Aliev,-109.0
2019-04-20,UFC Fight Night: Overeem vs. Oleinik,Sultan Aliev vs. Keita Nakamura,Keita Nakamura,109.0
2019-08-31,UFC Fight Night: Andrade vs. Zhang,Sumudaerji vs. Andre Soukhamthath,Sumudaerji,-286.0
2019-08-31,UFC Fight Night: Andrade vs. Zhang,Sumudaerji vs. Andre Soukhamthath,Andre Soukhamthath,286.0
2018-08-04,UFC 227: Dillashaw vs. Garbrandt 2,TJ Dillashaw vs. Cody Garbrandt,TJ Dillashaw,-128.0
2018-08-04,UFC 227: Dillashaw vs. Garbrandt 2,TJ Dillashaw vs. Cody Garbrandt,Cody Garbrandt,128.0
2019-06-08,UFC 238: Cejudo vs. Moraes,Tai Tuivasa vs. Blagoy Ivanov,Tai Tuivasa,-296.0
2019-06-08,UFC 238: Cejudo vs. Moraes,Tai Tuivasa vs. Blagoy Ivanov,Blagoy Ivanov,296.0
2018-02-10,UFC 221: Romero vs. Rockhold,Tai Tuivasa vs. Cyril Asker,Tai Tuivasa,-136.0
2018-02-10,UFC 221: Romero vs. Rockhold,Tai Tuivasa vs. Cyril Asker,Cyril Asker,136.0
2019-10-05,UFC 243: Whittaker vs. Adesanya,Tai Tuivasa vs. Serghei Spivac,Tai Tuivasa,-172.0
2019-10-05,UFC 243: Whittaker vs. Adesanya,Tai Tuivasa vs. Serghei Spivac,Serghei Spivac,172.0
2018-02-10,UFC 221: Romero vs. Rockhold,Teruto Ishihara vs. Jose Quinonez,Teruto Ishihara,128.0
2018-02-10,UFC 221: Romero vs. Rockhold,Teruto Ishihara vs. Jose Quinonez,Jose Quinonez,-128.0
2019-02-09,UFC 234: Adesanya vs. Silva,Teruto Ishihara vs. Kyung Ho Kang,Teruto Ishihara,128.0
2019-02-09,UFC 234: Adesanya vs. Silva,Teruto Ishihara vs. Kyung Ho Kang,Kyung Ho Kang,-128.0
2017-10-07,UFC 216: Ferguson vs. Lee,Thales Leites vs. Brad Tavares,Thales Leites,166.0
2017-10-07,UFC 216: Ferguson vs. Lee,Thales Leites vs. Brad Tavares,Brad Tavares,-166.0
2018-09-22,UFC Fight Night: Marreta vs. Anders,Thales Leites vs. Hector Lombard,Thales Leites,108.0
2018-09-22,UFC Fight Night: Marreta vs. Anders,Thales Leites vs. Hector Lombard,Hector Lombard,-108.0
2018-05-12,UFC 224: Nunes vs. Pennington,Thales Leites vs. Jack Hermansson,Thales Leites,296.0
2018-05-12,UFC 224: Nunes vs. Pennington,Thales Leites vs. Jack Hermansson,Jack Hermansson,-296.0
2019-05-11,UFC 237: Namajunas vs. Andrade,Thiago Alves vs. Laureano Staropoli,Thiago Alves,134.0
2019-05-11,UFC 237: Namajunas vs. Andrade,Thiago Alves vs. Laureano Staropoli,Laureano Staropoli,-134.0
2019-02-02,UFC Fight Night: Assuncao vs. Moraes 2,Thiago Alves vs. Max Griffin,Thiago Alves,108.0
2019-02-02,UFC Fight Night: Assuncao vs. Moraes 2,Thiago Alves vs. Max Griffin,Max Griffin,-108.0
2019-12-07,UFC Fight Night: Overeem vs. Rozenstruik,Thiago Alves vs. Tim Means,Thiago Alves,286.0
2019-12-07,UFC Fight Night: Overeem vs. Rozenstruik,Thiago Alves vs. Tim Means,Tim Means,-286.0
2019-05-11,UFC 237: Namajunas vs. Andrade,Thiago Moises vs. Kurt Holobaugh,Thiago Moises,-128.0
2019-05-11,UFC 237: Namajunas vs. Andrade,Thiago Moises vs. Kurt Holobaugh,Kurt Holobaugh,128.0
2018-02-03,UFC Fight Night: Machida vs. Anders,Thiago Santos vs. Anthony Smith,Thiago Santos,-296.0
2018-02-03,UFC Fight Night: Machida vs. Anders,Thiago Santos vs. Anthony Smith,Anthony Smith,296.0
2018-09-22,UFC Fight Night: Marreta vs. Anders,Thiago Santos vs. Eryk Anders,Thiago Santos,-248.0
2018-09-22,UFC Fight Night: Marreta vs. Anders,Thiago Santos vs. Eryk Anders,Eryk Anders,248.0
2017-10-28,UFC Fight Night: Brunson vs. Machida,Thiago Santos vs. Jack Hermansson,Thiago Santos,166.0
2017-10-28,UFC Fight Night: Brunson vs. Machida,Thiago Santos vs. Jack Hermansson,Jack Hermansson,-166.0
2018-10-27,UFC Fight Night: Oezdemir vs. Smith,Thibault Gouti vs. Nasrat Haqparast,Thibault Gouti,352.0
2018-10-27,UFC Fight Night: Oezdemir vs. Smith,Thibault Gouti vs. Nasrat Haqparast,Nasrat Haqparast,-352.0
2018-01-20,UFC 220: Miocic vs. Ngannou,Thomas Almeida vs. Rob Font,Thomas Almeida,-128.0
2018-01-20,UFC 220: Miocic vs. Ngannou,Thomas Almeida vs. Rob Font,Rob Font,128.0
2018-04-14,UFC Fight Night: Poirier vs. Gaethje,Tim Boetsch vs. Antonio Carlos Junior,Tim Boetsch,296.0
2018-04-14,UFC Fight Night: Poirier vs. Gaethje,Tim Boetsch vs. Antonio Carlos Junior,Antonio Carlos Junior,-296.0
2019-03-09,UFC Fight Night: Lewis vs. Dos Santos,Tim Boetsch vs. Omari Akhmedov,Tim Boetsch,166.0
2019-03-09,UFC Fight Night: Lewis vs. Dos Santos,Tim Boetsch vs. Omari Akhmedov,Omari Akhmedov,-166.0
2020-01-18,UFC 246: McGregor vs. Cowboy,Tim Elliott vs. Askar Askarov,Tim Elliott,-108.0
2020-01-18,UFC 246: McGregor vs. Cowboy,Tim Elliott vs. Askar Askarov,Askar Askarov,108.0
2017-11-18,UFC Fight Night: Werdum vs. Tybura,Tim Means vs. Belal Muhammad,Tim Means,-243.0
2017-11-18,UFC Fight Night: Werdum vs. Tybura,Tim Means vs. Belal Muhammad,Belal Muhammad,243.0
2019-03-09,UFC Fight Night: Lewis vs. Dos Santos,Tim Means vs. Niko Price,Tim Means,-296.0
2019-03-09,UFC Fight Night: Lewis vs. Dos Santos,Tim Means vs. Niko Price,Niko Price,296.0
2018-11-30,The Ultimate Fighter: Heavy Hitters Finale,Tim Means vs. Ricky Rainey,Tim Means,-352.0
2018-11-30,The Ultimate Fighter: Heavy Hitters Finale,Tim Means vs. Ricky Rainey,Ricky Rainey,352.0
2018-02-03,UFC Fight Night: Machida vs. Anders,Timothy Johnson vs. Marcelo Golm,Timothy Johnson,352.0
2018-02-03,UFC Fight Night: Machida vs. Anders,Timothy Johnson vs. Marcelo Golm,Marcelo Golm,-352.0
2017-10-07,UFC 216: Ferguson vs. Lee,Tom Duquesnoy vs. Cody Stamann,Tom Duquesnoy,286.0
2017-10-07,UFC 216: Ferguson vs. Lee,Tom Duquesnoy vs. Cody Stamann,Cody Stamann,-286.0
2018-03-17,UFC Fight Night: Werdum vs. Volkov,Tom Duquesnoy vs. Terrion Ware,Tom Duquesnoy,-286.0
2018-03-17,UFC Fight Night: Werdum vs. Volkov,Tom Duquesnoy vs. Terrion Ware,Terrion Ware,286.0
2018-10-06,UFC 229: Khabib vs. McGregor,Tony Ferguson vs. Anthony Pettis,Tony Ferguson,-307.0
2018-10-06,UFC 229: Khabib vs. McGregor,Tony Ferguson vs. Anthony Pettis,Anthony Pettis,307.0
2019-06-08,UFC 238: Cejudo vs. Moraes,Tony Ferguson vs. Donald Cerrone,Tony Ferguson,-296.0
2019-06-08,UFC 238: Cejudo vs. Moraes,Tony Ferguson vs. Donald Cerrone,Donald Cerrone,296.0
2017-10-07,UFC 216: Ferguson vs. Lee,Tony Ferguson vs. Kevin Lee,Tony Ferguson,-128.0
2017-10-07,UFC 216: Ferguson vs. Lee,Tony Ferguson vs. Kevin Lee,Kevin Lee,128.0
2019-08-03,UFC Fight Night: Covington vs. Lawler,Trevin Giles vs. Gerald Meerschaert,Trevin Giles,-239.0
2019-08-03,UFC Fight Night: Covington vs. Lawler,Trevin Giles vs. Gerald Meerschaert,Gerald Meerschaert,239.0
2020-02-08,UFC 247: Jones vs. Reyes,Trevin Giles vs. James Krause,Trevin Giles,-128.0
2020-02-08,UFC 247: Jones vs. Reyes,Trevin Giles vs. James Krause,James Krause,128.0
2018-12-15,UFC Fight Night: Lee vs. Iaquinta,Trevor Smith vs. Zak Cummings,Trevor Smith,-100.0
2018-12-15,UFC Fight Night: Lee vs. Iaquinta,Trevor Smith vs. Zak Cummings,Zak Cummings,-100.0
2018-09-08,UFC 228: Woodley vs. Till,Tyron Woodley vs. Darren Till,Tyron Woodley,166.0
2018-09-08,UFC 228: Woodley vs. Till,Tyron Woodley vs. Darren Till,Darren Till,-166.0
2019-03-02,UFC 235: Jones vs. Smith,Tyron Woodley vs. Kamaru Usman,Tyron Woodley,296.0
2019-03-02,UFC 235: Jones vs. Smith,Tyron Woodley vs. Kamaru Usman,Kamaru Usman,-296.0
2018-02-10,UFC 221: Romero vs. Rockhold,Tyson Pedro vs. Saparbeg Safarov,Tyson Pedro,-352.0
2018-02-10,UFC 221: Romero vs. Rockhold,Tyson Pedro vs. Saparbeg Safarov,Saparbeg Safarov,352.0
2019-09-14,UFC Fight Night: Cowboy vs. Gaethje,Uriah Hall vs. Antonio Carlos Junior,Uriah Hall,296.0
2019-09-14,UFC Fight Night: Cowboy vs. Gaethje,Uriah Hall vs. Antonio Carlos Junior,Antonio Carlos Junior,-296.0
2018-07-07,UFC 226: Miocic vs. Cormier,Uriah Hall vs. Paulo Costa,Uriah Hall,134.0
2018-07-07,UFC 226: Miocic vs. Cormier,Uriah Hall vs. Paulo Costa,Paulo Costa,-134.0
2019-07-13,UFC Fight Night: De Randamie vs. Ladd,Urijah Faber vs. Ricky Simon,Urijah Faber,239.0
2019-07-13,UFC Fight Night: De Randamie vs. Ladd,Urijah Faber vs. Ricky Simon,Ricky Simon,-239.0
2019-02-17,UFC Fight Night: Ngannou vs. Velasquez,Vicente Luque vs. Bryan Barberena,Vicente Luque,-239.0
2019-02-17,UFC Fight Night: Ngannou vs. Velasquez,Vicente Luque vs. Bryan Barberena,Bryan Barberena,239.0
2018-05-19,UFC Fight Night: Maia vs. Usman,Vicente Luque vs. Chad Laprise,Vicente Luque,-128.0
2018-05-19,UFC Fight Night: Maia vs. Usman,Vicente Luque vs. Chad Laprise,Chad Laprise,128.0
2019-08-10,UFC Fight Night: Shevchenko vs. Carmouche 2,Vicente Luque vs. Mike Perry,Vicente Luque,-184.0
2019-08-10,UFC Fight Night: Shevchenko vs. Carmouche 2,Vicente Luque vs. Mike Perry,Mike Perry,184.0
2017-10-28,UFC Fight Night: Brunson vs. Machida,Vicente Luque vs. Niko Price,Vicente Luque,-136.0
2017-10-28,UFC Fight Night: Brunson vs. Machida,Vicente Luque vs. Niko Price,Niko Price,136.0
2018-01-27,UFC Fight Night: Jacare vs. Brunson 2,Vinc Pichel vs. Joaquim Silva,Vinc Pichel,128.0
2018-01-27,UFC Fight Night: Jacare vs. Brunson 2,Vinc Pichel vs. Joaquim Silva,Joaquim Silva,-128.0
2019-09-21,UFC Fight Night: Rodriguez vs. Stephens,Vinicius Moreira vs. Paul Craig,Vinicius Moreira,184.0
2019-09-21,UFC Fight Night: Rodriguez vs. Stephens,Vinicius Moreira vs. Paul Craig,Paul Craig,-184.0
2018-05-12,UFC 224: Nunes vs. Pennington,Vitor Belfort vs. Lyoto Machida,Vitor Belfort,128.0
2018-05-12,UFC 224: Nunes vs. Pennington,Vitor Belfort vs. Lyoto Machida,Lyoto Machida,-128.0
2019-12-21,UFC Fight Night: Edgar vs. The Korean Zombie,Volkan Oezdemir vs. Aleksandar Rakic,Volkan Oezdemir,109.0
2019-12-21,UFC Fight Night: Edgar vs. The Korean Zombie,Volkan Oezdemir vs. Aleksandar Rakic,Aleksandar Rakic,-109.0
2018-10-27,UFC Fight Night: Oezdemir vs. Smith,Volkan Oezdemir vs. Anthony Smith,Volkan Oezdemir,-219.0
2018-10-27,UFC Fight Night: Oezdemir vs. Smith,Volkan Oezdemir vs. Anthony Smith,Anthony Smith,219.0
2019-03-16,UFC Fight Night: Till vs. Masvidal,Volkan Oezdemir vs. Dominick Reyes,Volkan Oezdemir,128.0
2019-03-16,UFC Fight Night: Till vs. Masvidal,Volkan Oezdemir vs. Dominick Reyes,Dominick Reyes,-128.0
2019-08-10,UFC Fight Night: Shevchenko vs. Carmouche 2,Volkan Oezdemir vs. Ilir Latifi,Volkan Oezdemir,-109.0
2019-08-10,UFC Fight Night: Shevchenko vs. Carmouche 2,Volkan Oezdemir vs. Ilir Latifi,Ilir Latifi,109.0
2018-06-01,UFC Fight Night: Rivera vs. Moraes,Walt Harris vs. Daniel Spitz,Walt Harris,128.0
2018-06-01,UFC Fight Night: Rivera vs. Moraes,Walt Harris vs. Daniel Spitz,Daniel Spitz,-128.0
2017-11-04,UFC 217: Bisping vs. St-Pierre,Walt Harris vs. Mark Godbeer,Walt Harris,128.0
2017-11-04,UFC 217: Bisping vs. St-Pierre,Walt Harris vs. Mark Godbeer,Mark Godbeer,-128.0
2019-11-16,UFC Fight Night: Blachowicz vs. Jacare,Warlley Alves vs. Randy Brown,Warlley Alves,109.0
2019-11-16,UFC Fight Night: Blachowicz vs. Jacare,Warlley Alves vs. Randy Brown,Randy Brown,-109.0
2019-05-11,UFC 237: Namajunas vs. Andrade,Warlley Alves vs. Sergio Moraes,Warlley Alves,-239.0
2019-05-11,UFC 237: Namajunas vs. Andrade,Warlley Alves vs. Sergio Moraes,Sergio Moraes,239.0
2018-05-12,UFC 224: Nunes vs. Pennington,Warlley Alves vs. Sultan Aliev,Warlley Alves,-248.0
2018-05-12,UFC 224: Nunes vs. Pennington,Warlley Alves vs. Sultan Aliev,Sultan Aliev,248.0
2019-04-13,UFC 236: Holloway vs. Poirier 2,Wilson Reis vs. Alexandre Pantoja,Wilson Reis,239.0
2019-04-13,UFC 236: Holloway vs. Poirier 2,Wilson Reis vs. Alexandre Pantoja,Alexandre Pantoja,-239.0
2018-12-01,UFC Fight Night: Dos Santos vs. Tuivasa,Wilson Reis vs. Ben Nguyen,Wilson Reis,108.0
2018-12-01,UFC Fight Night: Dos Santos vs. Tuivasa,Wilson Reis vs. Ben Nguyen,Ben Nguyen,-108.0
2018-04-14,UFC Fight Night: Poirier vs. Gaethje,Wilson Reis vs. John Moraga,Wilson Reis,-128.0
2018-04-14,UFC Fight Night: Poirier vs. Gaethje,Wilson Reis vs. John Moraga,John Moraga,128.0
2019-02-09,UFC 234: Adesanya vs. Silva,Wulijiburen vs. Jonathan Martinez,Wulijiburen,108.0
2019-02-09,UFC 234: Adesanya vs. Silva,Wulijiburen vs. Jonathan Martinez,Jonathan Martinez,-108.0
2019-10-18,UFC Fight Night: Reyes vs. Weidman,Yair Rodriguez vs. Jeremy Stephens,Yair Rodriguez,-128.0
2019-10-18,UFC Fight Night: Reyes vs. Weidman,Yair Rodriguez vs. Jeremy Stephens,Jeremy Stephens,128.0
2018-02-10,UFC 221: Romero vs. Rockhold,Yoel Romero vs. Luke Rockhold,Yoel Romero,-108.0
2018-02-10,UFC 221: Romero vs. Rockhold,Yoel Romero vs. Luke Rockhold,Luke Rockhold,108.0
2019-08-17,UFC 241: Cormier vs. Miocic 2,Yoel Romero vs. Paulo Costa,Yoel Romero,-100.0
2019-08-17,UFC 241: Cormier vs. Miocic 2,Yoel Romero vs. Paulo Costa,Paulo Costa,-100.0
2018-12-01,UFC Fight Night: Dos Santos vs. Tuivasa,Yushin Okami vs. Aleksei Kunchenko,Yushin Okami,-152.0
2018-12-01,UFC Fight Night: Dos Santos vs. Tuivasa,Yushin Okami vs. Aleksei Kunchenko,Aleksei Kunchenko,152.0
2018-09-08,UFC 228: Woodley vs. Till,Zabit Magomedsharipov vs. Brandon Davis,Zabit Magomedsharipov,-296.0
2018-09-08,UFC 228: Woodley vs. Till,Zabit Magomedsharipov vs. Brandon Davis,Brandon Davis,296.0
2019-11-09,UFC Fight Night: Zabit vs. Kattar,Zabit Magomedsharipov vs. Calvin Kattar,Zabit Magomedsharipov,-352.0
2019-11-09,UFC Fight Night: Zabit vs. Kattar,Zabit Magomedsharipov vs. Calvin Kattar,Calvin Kattar,352.0
2018-04-07,UFC 223: Khabib vs. Iaquinta,Zabit Magomedsharipov vs. Kyle Bochniak,Zabit Magomedsharipov,-352.0
2018-04-07,UFC 223: Khabib vs. Iaquinta,Zabit Magomedsharipov vs. Kyle Bochniak,Kyle Bochniak,352.0
2018-05-19,UFC Fight Night: Maia vs. Usman,Zak Cummings vs. Michel Prazeres,Zak Cummings,109.0
2018-05-19,UFC Fight Night: Maia vs. Usman,Zak Cummings vs. Michel Prazeres,Michel Prazeres,-109.0
2019-05-18,UFC Fight Night: Dos Anjos vs. Lee,Zak Cummings vs. Trevin Giles,Zak Cummings,296.0
2019-05-18,UFC Fight Night: Dos Anjos vs. Lee,Zak Cummings vs. Trevin Giles,Trevin Giles,-296.0
2019-11-09,UFC Fight Night: Zabit vs. Kattar,Zelim Imadaev vs. Danny Roberts,Zelim Imadaev,-296.0
2019-11-09,UFC Fight Night: Zabit vs. Kattar,Zelim Imadaev vs. Danny Roberts,Danny Roberts,296.0
