DATE,EVENT,BOUT,FIGHTER,odds
2017-05-28,UFC Fight Night: Gustafsson vs. Teixeira,Abdul Razak Alhassan vs. Omari Akhmedov,Abdul Razak Alhassan,108
2017-05-28,UFC Fight Night: Gustafsson vs. Teixeira,Abdul Razak Alhassan vs. Omari Akhmedov,Omari Akhmedov,-108
2017-02-04,UFC Fight Night: Bermudez vs. The Korean Zombie,Abel Trujillo vs. James Vick,Abel Trujillo,108
2017-02-04,UFC Fight Night: Bermudez vs. The Korean Zombie,Abel Trujillo vs. James Vick,James Vick,-108
2016-01-02,UFC 195: Lawler vs Condit,Abel Trujillo vs. Tony Sims,Abel Trujillo,124
2016-01-02,UFC 195: Lawler vs Condit,Abel Trujillo vs. Tony Sims,Tony Sims,-124
2015-10-03,UFC 192: Cormier vs Gustafsson,Adriano Martins vs. Islam Makhachev,Adriano Martins,204
2015-10-03,UFC 192: Cormier vs Gustafsson,Adriano Martins vs. Islam Makhachev,Islam Makhachev,-204
2017-04-22,UFC Fight Night: Swanson vs. Lobov,Al Iaquinta vs. Diego Sanchez,Al Iaquinta,-186
2017-04-22,UFC Fight Night: Swanson vs. Lobov,Al Iaquinta vs. Diego Sanchez,Diego Sanchez,186
2015-10-03,UFC 192: Cormier vs Gustafsson,Alan Jouban vs. Albert Tumenov,Alan Jouban,113
2015-10-03,UFC 192: Cormier vs Gustafsson,Alan Jouban vs. Albert Tumenov,Albert Tumenov,-113
2015-07-15,UFC Fight Night: Mir vs Duffee,Alan Jouban vs. Matt Dwyer,Alan Jouban,111
2015-07-15,UFC Fight Night: Mir vs Duffee,Alan Jouban vs. Matt Dwyer,Matt Dwyer,-111
2016-12-17,UFC on FOX: VanZant vs. Waterson,Alan Jouban vs. Mike Perry,Alan Jouban,103
2016-12-17,UFC on FOX: VanZant vs. Waterson,Alan Jouban vs. Mike Perry,Mike Perry,-103
2017-08-05,UFC Fight Night: Pettis vs. Moreno,Alan Jouban vs. Niko Price,Alan Jouban,-128
2017-08-05,UFC Fight Night: Pettis vs. Moreno,Alan Jouban vs. Niko Price,Niko Price,128
2016-09-24,UFC Fight Night: Cyborg vs. Lansberg,Alan Patrick vs. Stevie Ray,Alan Patrick,121
2016-09-24,UFC Fight Night: Cyborg vs. Lansberg,Alan Patrick vs. Stevie Ray,Stevie Ray,-121
2016-05-08,UFC Fight Night: Overeem vs Arlovski,Albert Tumenov vs. Gunnar Nelson,Albert Tumenov,-156
2016-05-08,UFC Fight Night: Overeem vs Arlovski,Albert Tumenov vs. Gunnar Nelson,Gunnar Nelson,156
2017-08-05,UFC Fight Night: Pettis vs. Moreno,Alejandro Perez vs. Andre Soukhamthath,Alejandro Perez,-112
2017-08-05,UFC Fight Night: Pettis vs. Moreno,Alejandro Perez vs. Andre Soukhamthath,Andre Soukhamthath,112
2015-06-13,UFC 188: Velasquez vs Werdum,Alejandro Perez vs. Patrick Williams,Alejandro Perez,-105
2015-06-13,UFC 188: Velasquez vs Werdum,Alejandro Perez vs. Patrick Williams,Patrick Williams,105
2015-11-21,UFC Fight Night: Magny vs Gastelum,Alejandro Perez vs. Scott Jorgensen,Alejandro Perez,-142
2015-11-21,UFC Fight Night: Magny vs Gastelum,Alejandro Perez vs. Scott Jorgensen,Scott Jorgensen,142
2016-07-13,UFC Fight Night: McDonald vs. Lineker,Aleksei Oleinik vs. Daniel Omielanczuk,Aleksei Oleinik,-102
2016-07-13,UFC Fight Night: McDonald vs. Lineker,Aleksei Oleinik vs. Daniel Omielanczuk,Daniel Omielanczuk,102
2017-01-15,UFC Fight Night: Rodriguez vs. Penn,Aleksei Oleinik vs. Viktor Pesta,Aleksei Oleinik,139
2017-01-15,UFC Fight Night: Rodriguez vs. Penn,Aleksei Oleinik vs. Viktor Pesta,Viktor Pesta,-139
2017-01-28,UFC on FOX: Shevchenko vs. Pena,Alex Caceres vs. Jason Knight,Alex Caceres,100
2017-01-28,UFC on FOX: Shevchenko vs. Pena,Alex Caceres vs. Jason Knight,Jason Knight,-100
2016-01-30,UFC on FOX: Johnson vs. Bader,Alex Caceres vs. Masio Fullen,Alex Caceres,-131
2016-01-30,UFC on FOX: Johnson vs. Bader,Alex Caceres vs. Masio Fullen,Masio Fullen,131
2016-02-21,UFC Fight Night: Cowboy vs Cowboy,Alex Garcia vs. Sean Strickland,Alex Garcia,103
2016-02-21,UFC Fight Night: Cowboy vs Cowboy,Alex Garcia vs. Sean Strickland,Sean Strickland,-103
2016-07-23,UFC on FOX: Holm vs. Shevchenko,Alex Oliveira vs. James Moontasri,Alex Oliveira,-128
2016-07-23,UFC on FOX: Holm vs. Shevchenko,Alex Oliveira vs. James Moontasri,James Moontasri,128
2015-11-07,UFC Fight Night: Belfort vs Henderson 3,Alex Oliveira vs. Piotr Hallmann,Alex Oliveira,123
2015-11-07,UFC Fight Night: Belfort vs Henderson 3,Alex Oliveira vs. Piotr Hallmann,Piotr Hallmann,-123
2017-03-11,UFC Fight Night: Belfort vs. Gastelum,Alex Oliveira vs. Tim Means,Alex Oliveira,117
2017-03-11,UFC Fight Night: Belfort vs. Gastelum,Alex Oliveira vs. Tim Means,Tim Means,-117
2017-05-28,UFC Fight Night: Gustafsson vs. Teixeira,Alexander Gustafsson vs. Glover Teixeira,Alexander Gustafsson,-110
2017-05-28,UFC Fight Night: Gustafsson vs. Teixeira,Alexander Gustafsson vs. Glover Teixeira,Glover Teixeira,110
2016-09-03,UFC Fight Night: Arlovski vs. Barnett,Alexander Gustafsson vs. Jan Blachowicz,Alexander Gustafsson,-118
2016-09-03,UFC Fight Night: Arlovski vs. Barnett,Alexander Gustafsson vs. Jan Blachowicz,Jan Blachowicz,118
2017-06-10,UFC Fight Night: Lewis vs. Hunt,Alexander Volkanovski vs. Mizuto Hirota,Alexander Volkanovski,-186
2017-06-10,UFC Fight Night: Lewis vs. Hunt,Alexander Volkanovski vs. Mizuto Hirota,Mizuto Hirota,186
2017-04-15,UFC on FOX: Johnson vs. Reis,Alexander Volkov vs. Roy Nelson,Alexander Volkov,-188
2017-04-15,UFC on FOX: Johnson vs. Reis,Alexander Volkov vs. Roy Nelson,Roy Nelson,188
2017-09-02,UFC Fight Night: Volkov vs. Struve,Alexander Volkov vs. Stefan Struve,Alexander Volkov,-118
2017-09-02,UFC Fight Night: Volkov vs. Struve,Alexander Volkov vs. Stefan Struve,Stefan Struve,118
2017-07-16,UFC Fight Night: Nelson vs. Ponzinibbio,Alexandre Pantoja vs. Neil Seery,Alexandre Pantoja,-118
2017-07-16,UFC Fight Night: Nelson vs. Ponzinibbio,Alexandre Pantoja vs. Neil Seery,Neil Seery,118
2016-06-18,UFC Fight Night: MacDonald vs Thompson,Ali Bagautinov vs. Geane Herrera,Ali Bagautinov,-107
2016-06-18,UFC Fight Night: MacDonald vs Thompson,Ali Bagautinov vs. Geane Herrera,Geane Herrera,107
2016-05-08,UFC Fight Night: Overeem vs Arlovski,Alistair Overeem vs. Andrei Arlovski,Alistair Overeem,-124
2016-05-08,UFC Fight Night: Overeem vs Arlovski,Alistair Overeem vs. Andrei Arlovski,Andrei Arlovski,124
2017-03-04,UFC 209: Woodley vs. Thompson 2,Alistair Overeem vs. Mark Hunt,Alistair Overeem,-147
2017-03-04,UFC 209: Woodley vs. Thompson 2,Alistair Overeem vs. Mark Hunt,Mark Hunt,147
2017-08-05,UFC Fight Night: Pettis vs. Moreno,Alvaro Herrera Mendoza vs. Jordan Rinaldi,Alvaro Herrera Mendoza,-110
2017-08-05,UFC Fight Night: Pettis vs. Moreno,Alvaro Herrera Mendoza vs. Jordan Rinaldi,Jordan Rinaldi,110
2017-02-11,UFC 208: Holm vs. De Randamie,Anderson Silva vs. Derek Brunson,Anderson Silva,101
2017-02-11,UFC 208: Holm vs. De Randamie,Anderson Silva vs. Derek Brunson,Derek Brunson,-101
2016-02-27,UFC Fight Night: Silva vs Bisping,Anderson Silva vs. Michael Bisping,Anderson Silva,-123
2016-02-27,UFC Fight Night: Silva vs Bisping,Anderson Silva vs. Michael Bisping,Michael Bisping,123
2017-01-28,UFC on FOX: Shevchenko vs. Pena,Andrei Arlovski vs. Francis Ngannou,Andrei Arlovski,131
2017-01-28,UFC on FOX: Shevchenko vs. Pena,Andrei Arlovski vs. Francis Ngannou,Francis Ngannou,-131
2015-09-05,UFC 191: Johnson vs Dodson 2,Andrei Arlovski vs. Frank Mir,Andrei Arlovski,-151
2015-09-05,UFC 191: Johnson vs Dodson 2,Andrei Arlovski vs. Frank Mir,Frank Mir,151
2016-09-03,UFC Fight Night: Arlovski vs. Barnett,Andrei Arlovski vs. Josh Barnett,Andrei Arlovski,-101
2016-09-03,UFC Fight Night: Arlovski vs. Barnett,Andrei Arlovski vs. Josh Barnett,Josh Barnett,101
2017-06-17,UFC Fight Night: Holm vs. Correia,Andrei Arlovski vs. Marcin Tybura,Andrei Arlovski,156
2017-06-17,UFC Fight Night: Holm vs. Correia,Andrei Arlovski vs. Marcin Tybura,Marcin Tybura,-156
2016-12-09,UFC Fight Night: Lewis vs. Abdurakhimov,Andrew Sanchez vs. Trevor Smith,Andrew Sanchez,-145
2016-12-09,UFC Fight Night: Lewis vs. Abdurakhimov,Andrew Sanchez vs. Trevor Smith,Trevor Smith,145
2016-07-07,UFC Fight Night: Dos Anjos vs. Alvarez,Anthony Birchak vs. Dileno Lopes,Anthony Birchak,-157
2016-07-07,UFC Fight Night: Dos Anjos vs. Alvarez,Anthony Birchak vs. Dileno Lopes,Dileno Lopes,157
2016-07-30,UFC 201: Lawler vs. Woodley,Anthony Hamilton vs. Damian Grabowski,Anthony Hamilton,-131
2016-07-30,UFC 201: Lawler vs. Woodley,Anthony Hamilton vs. Damian Grabowski,Damian Grabowski,131
2017-09-16,UFC Fight Night: Rockhold vs. Branch,Anthony Hamilton vs. Daniel Spitz,Anthony Hamilton,118
2017-09-16,UFC Fight Night: Rockhold vs. Branch,Anthony Hamilton vs. Daniel Spitz,Daniel Spitz,-118
2016-02-21,UFC Fight Night: Cowboy vs Cowboy,Anthony Hamilton vs. Shamil Abdurakhimov,Anthony Hamilton,-130
2016-02-21,UFC Fight Night: Cowboy vs Cowboy,Anthony Hamilton vs. Shamil Abdurakhimov,Shamil Abdurakhimov,130
2016-08-20,UFC 202: Diaz vs. McGregor 2,Anthony Johnson vs. Glover Teixeira,Anthony Johnson,-188
2016-08-20,UFC 202: Diaz vs. McGregor 2,Anthony Johnson vs. Glover Teixeira,Glover Teixeira,188
2015-09-05,UFC 191: Johnson vs Dodson 2,Anthony Johnson vs. Jimi Manuwa,Anthony Johnson,-229
2015-09-05,UFC 191: Johnson vs Dodson 2,Anthony Johnson vs. Jimi Manuwa,Jimi Manuwa,229
2016-01-30,UFC on FOX: Johnson vs. Bader,Anthony Johnson vs. Ryan Bader,Anthony Johnson,-131
2016-01-30,UFC on FOX: Johnson vs. Bader,Anthony Johnson vs. Ryan Bader,Ryan Bader,131
2015-11-14,UFC 193: Rousey vs Holm,Anthony Perosh vs. Gian Villante,Anthony Perosh,118
2015-11-14,UFC 193: Rousey vs Holm,Anthony Perosh vs. Gian Villante,Gian Villante,-118
2016-08-27,UFC on FOX: Maia vs. Condit,Anthony Pettis vs. Charles Oliveira,Anthony Pettis,101
2016-08-27,UFC on FOX: Maia vs. Condit,Anthony Pettis vs. Charles Oliveira,Charles Oliveira,-101
2016-01-17,UFC Fight Night: Dillashaw vs Cruz,Anthony Pettis vs. Eddie Alvarez,Anthony Pettis,-157
2016-01-17,UFC Fight Night: Dillashaw vs Cruz,Anthony Pettis vs. Eddie Alvarez,Eddie Alvarez,157
2016-04-23,UFC 197: Jones vs Saint Preux,Anthony Pettis vs. Edson Barboza,Anthony Pettis,-114
2016-04-23,UFC 197: Jones vs Saint Preux,Anthony Pettis vs. Edson Barboza,Edson Barboza,114
2017-07-08,UFC 213: Romero vs. Whittaker,Anthony Pettis vs. Jim Miller,Anthony Pettis,-126
2017-07-08,UFC 213: Romero vs. Whittaker,Anthony Pettis vs. Jim Miller,Jim Miller,126
2017-01-15,UFC Fight Night: Rodriguez vs. Penn,Anthony Rocco Martin vs. Alex White,Anthony Rocco Martin,113
2017-01-15,UFC Fight Night: Rodriguez vs. Penn,Anthony Rocco Martin vs. Alex White,Alex White,-113
2017-06-25,UFC Fight Night: Chiesa vs. Lee,Anthony Rocco Martin vs. Johnny Case,Anthony Rocco Martin,115
2017-06-25,UFC Fight Night: Chiesa vs. Lee,Anthony Rocco Martin vs. Johnny Case,Johnny Case,-115
2017-09-16,UFC Fight Night: Rockhold vs. Branch,Anthony Rocco Martin vs. Olivier Aubin-Mercier,Anthony Rocco Martin,138
2017-09-16,UFC Fight Night: Rockhold vs. Branch,Anthony Rocco Martin vs. Olivier Aubin-Mercier,Olivier Aubin-Mercier,-138
2017-04-15,UFC on FOX: Johnson vs. Reis,Anthony Smith vs. Andrew Sanchez,Anthony Smith,122
2017-04-15,UFC on FOX: Johnson vs. Reis,Anthony Smith vs. Andrew Sanchez,Andrew Sanchez,-122
2015-06-27,UFC Fight Night: Machida vs Romero,Antonio Carlos Junior vs. Eddie Gordon,Antonio Carlos Junior,119
2015-06-27,UFC Fight Night: Machida vs Romero,Antonio Carlos Junior vs. Eddie Gordon,Eddie Gordon,-119
2017-06-03,UFC 212: Aldo vs. Holloway,Antonio Carlos Junior vs. Eric Spicely,Antonio Carlos Junior,125
2017-06-03,UFC 212: Aldo vs. Holloway,Antonio Carlos Junior vs. Eric Spicely,Eric Spicely,-125
2016-09-17,UFC Fight Night: Poirier vs. Johnson,Antonio Carlos Junior vs. Leonardo Guimaraes,Antonio Carlos Junior,-150
2016-09-17,UFC Fight Night: Poirier vs. Johnson,Antonio Carlos Junior vs. Leonardo Guimaraes,Leonardo Guimaraes,150
2016-12-30,UFC 207: Nunes vs. Rousey,Antonio Carlos Junior vs. Marvin Vettori,Antonio Carlos Junior,130
2016-12-30,UFC 207: Nunes vs. Rousey,Antonio Carlos Junior vs. Marvin Vettori,Marvin Vettori,-130
2015-08-01,UFC 190: Rousey vs Correia,Antonio Silva vs. Soa Palelei,Antonio Silva,164
2015-08-01,UFC 190: Rousey vs Correia,Antonio Silva vs. Soa Palelei,Soa Palelei,-164
2016-05-08,UFC Fight Night: Overeem vs Arlovski,Antonio Silva vs. Stefan Struve,Antonio Silva,188
2016-05-08,UFC Fight Night: Overeem vs Arlovski,Antonio Silva vs. Stefan Struve,Stefan Struve,-188
2017-03-18,UFC Fight Night: Manuwa vs. Anderson,Arnold Allen vs. Makwan Amirkhani,Arnold Allen,109
2017-03-18,UFC Fight Night: Manuwa vs. Anderson,Arnold Allen vs. Makwan Amirkhani,Makwan Amirkhani,-109
2016-02-27,UFC Fight Night: Silva vs Bisping,Arnold Allen vs. Yaotzin Meza,Arnold Allen,100
2016-02-27,UFC Fight Night: Silva vs Bisping,Arnold Allen vs. Yaotzin Meza,Yaotzin Meza,-100
2016-02-06,UFC Fight Night: Hendricks vs Thompson,Artem Lobov vs. Alex White,Artem Lobov,139
2016-02-06,UFC Fight Night: Hendricks vs Thompson,Artem Lobov vs. Alex White,Alex White,-139
2016-11-19,UFC Fight Night: Mousasi vs. Hall 2,Artem Lobov vs. Teruto Ishihara,Artem Lobov,146
2016-11-19,UFC Fight Night: Mousasi vs. Hall 2,Artem Lobov vs. Teruto Ishihara,Teruto Ishihara,-146
2016-09-17,UFC Fight Night: Poirier vs. Johnson,Augusto Montano vs. Belal Muhammad,Augusto Montano,-114
2016-09-17,UFC Fight Night: Poirier vs. Johnson,Augusto Montano vs. Belal Muhammad,Belal Muhammad,114
2015-06-13,UFC 188: Velasquez vs Werdum,Augusto Montano vs. Cathal Pendred,Augusto Montano,107
2015-06-13,UFC 188: Velasquez vs Werdum,Augusto Montano vs. Cathal Pendred,Cathal Pendred,-107
2017-06-25,UFC Fight Night: Chiesa vs. Lee,BJ Penn vs. Dennis Siver,BJ Penn,127
2017-06-25,UFC Fight Night: Chiesa vs. Lee,BJ Penn vs. Dennis Siver,Dennis Siver,-127
2016-11-26,UFC Fight Night: Whittaker vs. Brunson,Ben Nguyen vs. Geane Herrera,Ben Nguyen,101
2016-11-26,UFC Fight Night: Whittaker vs. Brunson,Ben Nguyen vs. Geane Herrera,Geane Herrera,-101
2015-11-14,UFC 193: Rousey vs Holm,Ben Nguyen vs. Ryan Benoit,Ben Nguyen,-119
2015-11-14,UFC 193: Rousey vs Holm,Ben Nguyen vs. Ryan Benoit,Ryan Benoit,119
2016-04-10,UFC Fight Night: Rothwell vs Dos Santos,Ben Rothwell vs. Junior Dos Santos,Ben Rothwell,215
2016-04-10,UFC Fight Night: Rothwell vs Dos Santos,Ben Rothwell vs. Junior Dos Santos,Junior Dos Santos,-215
2016-06-04,UFC 199: Rockhold vs. Bisping 2,Beneil Dariush vs. James Vick,Beneil Dariush,-127
2016-06-04,UFC 199: Rockhold vs. Bisping 2,Beneil Dariush vs. James Vick,James Vick,127
2016-04-16,UFC on FOX: Teixeira vs Evans,Beneil Dariush vs. Michael Chiesa,Beneil Dariush,111
2016-04-16,UFC on FOX: Teixeira vs Evans,Beneil Dariush vs. Michael Chiesa,Michael Chiesa,-111
2016-11-05,UFC Fight Night: Dos Anjos vs. Ferguson,Beneil Dariush vs. Rashid Magomedov,Beneil Dariush,-136
2016-11-05,UFC Fight Night: Dos Anjos vs. Ferguson,Beneil Dariush vs. Rashid Magomedov,Rashid Magomedov,136
2015-11-28,UFC Fight Night: Henderson vs Masvidal,Benson Henderson vs. Jorge Masvidal,Benson Henderson,-112
2015-11-28,UFC Fight Night: Henderson vs Masvidal,Benson Henderson vs. Jorge Masvidal,Jorge Masvidal,112
2017-01-15,UFC Fight Night: Rodriguez vs. Penn,Bojan Mihajlovic vs. Joachim Christensen,Bojan Mihajlovic,113
2017-01-15,UFC Fight Night: Rodriguez vs. Penn,Bojan Mihajlovic vs. Joachim Christensen,Joachim Christensen,-113
2016-12-17,UFC on FOX: VanZant vs. Waterson,Bojan Velickovic vs. Sultan Aliev,Bojan Velickovic,-129
2016-12-17,UFC on FOX: VanZant vs. Waterson,Bojan Velickovic vs. Sultan Aliev,Sultan Aliev,129
2017-08-05,UFC Fight Night: Pettis vs. Moreno,Brad Scott vs. Jack Hermansson,Brad Scott,160
2017-08-05,UFC Fight Night: Pettis vs. Moreno,Brad Scott vs. Jack Hermansson,Jack Hermansson,-160
2016-02-27,UFC Fight Night: Silva vs Bisping,Brad Scott vs. Krzysztof Jotko,Brad Scott,118
2016-02-27,UFC Fight Night: Silva vs Bisping,Brad Scott vs. Krzysztof Jotko,Krzysztof Jotko,-118
2017-03-18,UFC Fight Night: Manuwa vs. Anderson,Brad Scott vs. Scott Askham,Brad Scott,-110
2017-03-18,UFC Fight Night: Manuwa vs. Anderson,Brad Scott vs. Scott Askham,Scott Askham,110
2016-09-10,UFC 203: Miocic vs. Overeem,Brad Tavares vs. Caio Magalhaes,Brad Tavares,-142
2016-09-10,UFC 203: Miocic vs. Overeem,Brad Tavares vs. Caio Magalhaes,Caio Magalhaes,142
2017-07-07,The Ultimate Fighter: Redemption Finale,Brad Tavares vs. Elias Theodorou,Brad Tavares,110
2017-07-07,The Ultimate Fighter: Redemption Finale,Brad Tavares vs. Elias Theodorou,Elias Theodorou,-110
2016-12-03,The Ultimate Fighter: Tournament of Champions Finale,Brandon Moreno vs. Ryan Benoit,Brandon Moreno,-212
2016-12-03,The Ultimate Fighter: Tournament of Champions Finale,Brandon Moreno vs. Ryan Benoit,Ryan Benoit,212
2016-03-05,UFC 196: McGregor vs Diaz,Brandon Thatch vs. Siyar Bahadurzada,Brandon Thatch,-151
2016-03-05,UFC 196: McGregor vs Diaz,Brandon Thatch vs. Siyar Bahadurzada,Siyar Bahadurzada,151
2016-03-19,UFC Fight Night: Hunt vs Mir,Brendan O'Reilly vs. Alan Jouban,Brendan O'Reilly,113
2016-03-19,UFC Fight Night: Hunt vs Mir,Brendan O'Reilly vs. Alan Jouban,Alan Jouban,-113
2017-07-16,UFC Fight Night: Nelson vs. Ponzinibbio,Brett Johns vs. Albert Morales,Brett Johns,-175
2017-07-16,UFC Fight Night: Nelson vs. Ponzinibbio,Brett Johns vs. Albert Morales,Albert Morales,175
2017-07-22,UFC Fight Night: Weidman vs. Gastelum,Brian Kelleher vs. Marlon Vera,Brian Kelleher,157
2017-07-22,UFC Fight Night: Weidman vs. Gastelum,Brian Kelleher vs. Marlon Vera,Marlon Vera,-157
2016-12-17,UFC on FOX: VanZant vs. Waterson,Bryan Barberena vs. Colby Covington,Bryan Barberena,132
2016-12-17,UFC on FOX: VanZant vs. Waterson,Bryan Barberena vs. Colby Covington,Colby Covington,-132
2017-04-22,UFC Fight Night: Swanson vs. Lobov,Bryan Barberena vs. Joe Proctor,Bryan Barberena,-168
2017-04-22,UFC Fight Night: Swanson vs. Lobov,Bryan Barberena vs. Joe Proctor,Joe Proctor,168
2015-12-19,UFC on FOX: Dos Anjos vs. Cowboy 2,CB Dollaway vs. Nate Marquardt,CB Dollaway,-151
2015-12-19,UFC on FOX: Dos Anjos vs. Cowboy 2,CB Dollaway vs. Nate Marquardt,Nate Marquardt,151
2015-06-13,UFC 188: Velasquez vs Werdum,Cain Velasquez vs. Fabricio Werdum,Cain Velasquez,-213
2015-06-13,UFC 188: Velasquez vs Werdum,Cain Velasquez vs. Fabricio Werdum,Fabricio Werdum,213
2016-07-09,UFC 200: Tate vs Nunes,Cain Velasquez vs. Travis Browne,Cain Velasquez,-212
2016-07-09,UFC 200: Tate vs Nunes,Cain Velasquez vs. Travis Browne,Travis Browne,212
2015-07-11,UFC 189: Mendes vs McGregor,Cathal Pendred vs. John Howard,Cathal Pendred,-130
2015-07-11,UFC 189: Mendes vs McGregor,Cathal Pendred vs. John Howard,John Howard,130
2015-10-24,UFC Fight Night: Holohan vs Smolka,Cathal Pendred vs. Tom Breese,Cathal Pendred,112
2015-10-24,UFC Fight Night: Holohan vs Smolka,Cathal Pendred vs. Tom Breese,Tom Breese,-112
2016-07-30,UFC 201: Lawler vs. Woodley,Cesar Arzamendia vs. Damien Brown,Cesar Arzamendia,-348
2016-07-30,UFC 201: Lawler vs. Woodley,Cesar Arzamendia vs. Damien Brown,Damien Brown,348
2016-07-08,The Ultimate Fighter: Team Joanna vs. Team Cláudia Finale,Cezar Ferreira vs. Anthony Smith,Cezar Ferreira,-148
2016-07-08,The Ultimate Fighter: Team Joanna vs. Team Cláudia Finale,Cezar Ferreira vs. Anthony Smith,Anthony Smith,148
2016-11-19,UFC Fight Night: Bader vs. Nogueira,Cezar Ferreira vs. Jack Hermansson,Cezar Ferreira,102
2016-11-19,UFC Fight Night: Bader vs. Nogueira,Cezar Ferreira vs. Jack Hermansson,Jack Hermansson,-102
2017-07-08,UFC 213: Romero vs. Whittaker,Chad Laprise vs. Brian Camozzi,Chad Laprise,-172
2017-07-08,UFC 213: Romero vs. Whittaker,Chad Laprise vs. Brian Camozzi,Brian Camozzi,172
2015-08-23,UFC Fight Night: Holloway vs Oliveira,Chad Laprise vs. Francisco Trinaldo,Chad Laprise,105
2015-08-23,UFC Fight Night: Holloway vs Oliveira,Chad Laprise vs. Francisco Trinaldo,Francisco Trinaldo,-105
2016-08-27,UFC on FOX: Maia vs. Condit,Chad Laprise vs. Thibault Gouti,Chad Laprise,-192
2016-08-27,UFC on FOX: Maia vs. Condit,Chad Laprise vs. Thibault Gouti,Thibault Gouti,192
2015-07-11,UFC 189: Mendes vs McGregor,Chad Mendes vs. Conor McGregor,Chad Mendes,-106
2015-07-11,UFC 189: Mendes vs McGregor,Chad Mendes vs. Conor McGregor,Conor McGregor,106
2015-12-19,UFC on FOX: Dos Anjos vs. Cowboy 2,Charles Oliveira vs. Myles Jury,Charles Oliveira,112
2015-12-19,UFC on FOX: Dos Anjos vs. Cowboy 2,Charles Oliveira vs. Myles Jury,Myles Jury,-112
2017-02-04,UFC Fight Night: Bermudez vs. The Korean Zombie,Chas Skelly vs. Chris Gruetzemacher,Chas Skelly,-111
2017-02-04,UFC Fight Night: Bermudez vs. The Korean Zombie,Chas Skelly vs. Chris Gruetzemacher,Chris Gruetzemacher,111
2017-05-13,UFC 211: Miocic vs. Dos Santos,Chas Skelly vs. Jason Knight,Chas Skelly,153
2017-05-13,UFC 211: Miocic vs. Dos Santos,Chas Skelly vs. Jason Knight,Jason Knight,-153
2016-09-17,UFC Fight Night: Poirier vs. Johnson,Chas Skelly vs. Maximo Blanco,Chas Skelly,138
2016-09-17,UFC Fight Night: Poirier vs. Johnson,Chas Skelly vs. Maximo Blanco,Maximo Blanco,-138
2016-06-18,UFC Fight Night: MacDonald vs Thompson,Chris Beal vs. Joe Soto,Chris Beal,103
2016-06-18,UFC Fight Night: MacDonald vs Thompson,Chris Beal vs. Joe Soto,Joe Soto,-103
2016-02-21,UFC Fight Night: Cowboy vs Cowboy,Chris Camozzi vs. Joe Riggs,Chris Camozzi,-121
2016-02-21,UFC Fight Night: Cowboy vs Cowboy,Chris Camozzi vs. Joe Riggs,Joe Riggs,121
2015-08-08,UFC Fight Night: Teixeira vs Saint Preux,Chris Camozzi vs. Tom Watson,Chris Camozzi,-174
2015-08-08,UFC Fight Night: Teixeira vs Saint Preux,Chris Camozzi vs. Tom Watson,Tom Watson,174
2016-05-29,UFC Fight Night: Almeida vs Garbrandt,Chris Camozzi vs. Vitor Miranda,Chris Camozzi,-120
2016-05-29,UFC Fight Night: Almeida vs Garbrandt,Chris Camozzi vs. Vitor Miranda,Vitor Miranda,120
2015-10-03,UFC 192: Cormier vs Gustafsson,Chris Cariaso vs. Sergio Pettis,Chris Cariaso,120
2015-10-03,UFC 192: Cormier vs Gustafsson,Chris Cariaso vs. Sergio Pettis,Sergio Pettis,-120
2015-08-23,UFC Fight Night: Holloway vs Oliveira,Chris Kelades vs. Chris Beal,Chris Kelades,146
2015-08-23,UFC Fight Night: Holloway vs Oliveira,Chris Kelades vs. Chris Beal,Chris Beal,-146
2016-09-17,UFC Fight Night: Poirier vs. Johnson,Chris Wade vs. Islam Makhachev,Chris Wade,151
2016-09-17,UFC Fight Night: Poirier vs. Johnson,Chris Wade vs. Islam Makhachev,Islam Makhachev,-151
2015-09-05,UFC 191: Johnson vs Dodson 2,Clay Collard vs. Tiago dos Santos e Silva,Clay Collard,-138
2015-09-05,UFC 191: Johnson vs Dodson 2,Clay Collard vs. Tiago dos Santos e Silva,Tiago dos Santos e Silva,138
2017-06-25,UFC Fight Night: Chiesa vs. Lee,Clay Guida vs. Erik Koch,Clay Guida,-170
2017-06-25,UFC Fight Night: Chiesa vs. Lee,Clay Guida vs. Erik Koch,Erik Koch,170
2015-11-07,UFC Fight Night: Belfort vs Henderson 3,Clay Guida vs. Thiago Tavares,Clay Guida,116
2015-11-07,UFC Fight Night: Belfort vs Henderson 3,Clay Guida vs. Thiago Tavares,Thiago Tavares,-116
2016-10-01,UFC Fight Night: Lineker vs. Dodson,Cody East vs. Curtis Blaydes,Cody East,163
2016-10-01,UFC Fight Night: Lineker vs. Dodson,Cody East vs. Curtis Blaydes,Curtis Blaydes,-163
2015-07-11,UFC 189: Mendes vs McGregor,Cody Garbrandt vs. Henry Briones,Cody Garbrandt,-192
2015-07-11,UFC 189: Mendes vs McGregor,Cody Garbrandt vs. Henry Briones,Henry Briones,192
2016-08-20,UFC 202: Diaz vs. McGregor 2,Cody Garbrandt vs. Takeya Mizugaki,Cody Garbrandt,-130
2016-08-20,UFC 202: Diaz vs. McGregor 2,Cody Garbrandt vs. Takeya Mizugaki,Takeya Mizugaki,130
2016-06-04,UFC 199: Rockhold vs. Bisping 2,Cole Miller vs. Alex Caceres,Cole Miller,160
2016-06-04,UFC 199: Rockhold vs. Bisping 2,Cole Miller vs. Alex Caceres,Alex Caceres,-160
2016-12-17,UFC on FOX: VanZant vs. Waterson,Cole Miller vs. Mizuto Hirota,Cole Miller,-105
2016-12-17,UFC on FOX: VanZant vs. Waterson,Cole Miller vs. Mizuto Hirota,Mizuto Hirota,105
2016-03-05,UFC 196: McGregor vs Diaz,Conor McGregor vs. Nate Diaz,Conor McGregor,-151
2016-03-05,UFC 196: McGregor vs Diaz,Conor McGregor vs. Nate Diaz,Nate Diaz,151
2016-12-09,UFC Fight Night: Lewis vs. Abdurakhimov,Corey Anderson vs. Sean O'Connell,Corey Anderson,-317
2016-12-09,UFC Fight Night: Lewis vs. Abdurakhimov,Corey Anderson vs. Sean O'Connell,Sean O'Connell,317
2016-03-05,UFC 196: McGregor vs Diaz,Corey Anderson vs. Tom Lawlor,Corey Anderson,-207
2016-03-05,UFC 196: McGregor vs Diaz,Corey Anderson vs. Tom Lawlor,Tom Lawlor,207
2017-01-15,UFC Fight Night: Rodriguez vs. Penn,Court McGee vs. Ben Saunders,Court McGee,-113
2017-01-15,UFC Fight Night: Rodriguez vs. Penn,Court McGee vs. Ben Saunders,Ben Saunders,113
2016-08-06,UFC Fight Night: Rodriguez vs. Caceres,Court McGee vs. Dominique Steele,Court McGee,101
2016-08-06,UFC Fight Night: Rodriguez vs. Caceres,Court McGee vs. Dominique Steele,Dominique Steele,-101
2015-12-12,UFC 194: Aldo vs McGregor,Court McGee vs. Marcio Alexandre Junior,Court McGee,-135
2015-12-12,UFC 194: Aldo vs McGregor,Court McGee vs. Marcio Alexandre Junior,Marcio Alexandre Junior,135
2016-04-16,UFC on FOX: Teixeira vs Evans,Court McGee vs. Santiago Ponzinibbio,Court McGee,-133
2016-04-16,UFC on FOX: Teixeira vs Evans,Court McGee vs. Santiago Ponzinibbio,Santiago Ponzinibbio,133
2017-04-22,UFC Fight Night: Swanson vs. Lobov,Cub Swanson vs. Artem Lobov,Cub Swanson,-151
2017-04-22,UFC Fight Night: Swanson vs. Lobov,Cub Swanson vs. Artem Lobov,Artem Lobov,151
2016-12-10,UFC 206: Holloway vs. Pettis,Cub Swanson vs. Dooho Choi,Cub Swanson,-105
2016-12-10,UFC 206: Holloway vs. Pettis,Cub Swanson vs. Dooho Choi,Dooho Choi,105
2016-04-16,UFC on FOX: Teixeira vs Evans,Cub Swanson vs. Hacran Dias,Cub Swanson,-153
2016-04-16,UFC on FOX: Teixeira vs Evans,Cub Swanson vs. Hacran Dias,Hacran Dias,153
2016-08-06,UFC Fight Night: Rodriguez vs. Caceres,Cub Swanson vs. Tatsuya Kawajiri,Cub Swanson,-201
2016-08-06,UFC Fight Night: Rodriguez vs. Caceres,Cub Swanson vs. Tatsuya Kawajiri,Tatsuya Kawajiri,201
2017-06-17,UFC Fight Night: Holm vs. Correia,Cyril Asker vs. Walt Harris,Cyril Asker,-105
2017-06-17,UFC Fight Night: Holm vs. Correia,Cyril Asker vs. Walt Harris,Walt Harris,105
2017-07-22,UFC Fight Night: Weidman vs. Gastelum,Damian Grabowski vs. Chase Sherman,Damian Grabowski,164
2017-07-22,UFC Fight Night: Weidman vs. Gastelum,Damian Grabowski vs. Chase Sherman,Chase Sherman,-164
2016-11-26,UFC Fight Night: Whittaker vs. Brunson,Damien Brown vs. Jon Tuck,Damien Brown,-104
2016-11-26,UFC Fight Night: Whittaker vs. Brunson,Damien Brown vs. Jon Tuck,Jon Tuck,104
2017-06-10,UFC Fight Night: Lewis vs. Hunt,Damien Brown vs. Vinc Pichel,Damien Brown,152
2017-06-10,UFC Fight Night: Lewis vs. Hunt,Damien Brown vs. Vinc Pichel,Vinc Pichel,-152
2016-01-30,UFC on FOX: Johnson vs. Bader,Damon Jackson vs. Levan Makashvili,Damon Jackson,158
2016-01-30,UFC on FOX: Johnson vs. Bader,Damon Jackson vs. Levan Makashvili,Levan Makashvili,-158
2016-06-04,UFC 199: Rockhold vs. Bisping 2,Dan Henderson vs. Hector Lombard,Dan Henderson,139
2016-06-04,UFC 199: Rockhold vs. Bisping 2,Dan Henderson vs. Hector Lombard,Hector Lombard,-139
2016-11-26,UFC Fight Night: Whittaker vs. Brunson,Dan Hooker vs. Jason Knight,Dan Hooker,113
2016-11-26,UFC Fight Night: Whittaker vs. Brunson,Dan Hooker vs. Jason Knight,Jason Knight,-113
2016-03-19,UFC Fight Night: Hunt vs Mir,Dan Hooker vs. Mark Eddiva,Dan Hooker,111
2016-03-19,UFC Fight Night: Hunt vs Mir,Dan Hooker vs. Mark Eddiva,Mark Eddiva,-111
2017-06-10,UFC Fight Night: Lewis vs. Hunt,Dan Hooker vs. Ross Pearson,Dan Hooker,111
2017-06-10,UFC Fight Night: Lewis vs. Hunt,Dan Hooker vs. Ross Pearson,Ross Pearson,-111
2015-07-12,The Ultimate Fighter: American Top Team vs. Blackzilians Finale,Dan Miller vs. Trevor Smith,Dan Miller,136
2015-07-12,The Ultimate Fighter: American Top Team vs. Blackzilians Finale,Dan Miller vs. Trevor Smith,Trevor Smith,-136
2015-10-03,UFC 192: Cormier vs Gustafsson,Daniel Cormier vs. Alexander Gustafsson,Daniel Cormier,112
2015-10-03,UFC 192: Cormier vs Gustafsson,Daniel Cormier vs. Alexander Gustafsson,Alexander Gustafsson,-112
2016-07-09,UFC 200: Tate vs Nunes,Daniel Cormier vs. Anderson Silva,Daniel Cormier,120
2016-07-09,UFC 200: Tate vs Nunes,Daniel Cormier vs. Anderson Silva,Anderson Silva,-120
2017-04-08,UFC 210: Cormier vs. Johnson 2,Daniel Cormier vs. Anthony Johnson,Daniel Cormier,139
2017-04-08,UFC 210: Cormier vs. Johnson 2,Daniel Cormier vs. Anthony Johnson,Anthony Johnson,-139
2017-02-04,UFC Fight Night: Bermudez vs. The Korean Zombie,Daniel Jolly vs. Khalil Rountree Jr.,Daniel Jolly,157
2017-02-04,UFC Fight Night: Bermudez vs. The Korean Zombie,Daniel Jolly vs. Khalil Rountree Jr.,Khalil Rountree Jr.,-157
2016-03-19,UFC Fight Night: Hunt vs Mir,Daniel Kelly vs. Antonio Carlos Junior,Daniel Kelly,121
2016-03-19,UFC Fight Night: Hunt vs Mir,Daniel Kelly vs. Antonio Carlos Junior,Antonio Carlos Junior,-121
2016-11-26,UFC Fight Night: Whittaker vs. Brunson,Daniel Kelly vs. Chris Camozzi,Daniel Kelly,131
2016-11-26,UFC Fight Night: Whittaker vs. Brunson,Daniel Kelly vs. Chris Camozzi,Chris Camozzi,-131
2015-11-14,UFC 193: Rousey vs Holm,Daniel Kelly vs. Steve Montgomery,Daniel Kelly,-113
2015-11-14,UFC 193: Rousey vs Holm,Daniel Kelly vs. Steve Montgomery,Steve Montgomery,113
2017-07-08,UFC 213: Romero vs. Whittaker,Daniel Omielanczuk vs. Curtis Blaydes,Daniel Omielanczuk,135
2017-07-08,UFC 213: Romero vs. Whittaker,Daniel Omielanczuk vs. Curtis Blaydes,Curtis Blaydes,-135
2017-03-18,UFC Fight Night: Manuwa vs. Anderson,Daniel Omielanczuk vs. Timothy Johnson,Daniel Omielanczuk,114
2017-03-18,UFC Fight Night: Manuwa vs. Anderson,Daniel Omielanczuk vs. Timothy Johnson,Timothy Johnson,-114
2016-02-21,UFC Fight Night: Cowboy vs Cowboy,Daniel Sarafian vs. Oluwale Bamgbose,Daniel Sarafian,-129
2016-02-21,UFC Fight Night: Cowboy vs Cowboy,Daniel Sarafian vs. Oluwale Bamgbose,Oluwale Bamgbose,129
2017-07-16,UFC Fight Night: Nelson vs. Ponzinibbio,Danny Roberts vs. Bobby Nash,Danny Roberts,123
2017-07-16,UFC Fight Night: Nelson vs. Ponzinibbio,Danny Roberts vs. Bobby Nash,Bobby Nash,-123
2016-04-23,UFC 197: Jones vs Saint Preux,Danny Roberts vs. Dominique Steele,Danny Roberts,183
2016-04-23,UFC 197: Jones vs Saint Preux,Danny Roberts vs. Dominique Steele,Dominique Steele,-183
2016-10-08,UFC 204: Bisping vs. Henderson,Danny Roberts vs. Mike Perry,Danny Roberts,138
2016-10-08,UFC 204: Bisping vs. Henderson,Danny Roberts vs. Mike Perry,Mike Perry,-138
2015-07-25,UFC on FOX: Dillashaw vs. Barao II,Daron Cruickshank vs. James Krause,Daron Cruickshank,126
2015-07-25,UFC on FOX: Dillashaw vs. Barao II,Daron Cruickshank vs. James Krause,James Krause,-126
2015-07-12,The Ultimate Fighter: American Top Team vs. Blackzilians Finale,Darrell Montague vs. Willie Gates,Darrell Montague,-116
2015-07-12,The Ultimate Fighter: American Top Team vs. Blackzilians Finale,Darrell Montague vs. Willie Gates,Willie Gates,116
2016-03-05,UFC 196: McGregor vs Diaz,Darren Elkins vs. Chas Skelly,Darren Elkins,-143
2016-03-05,UFC 196: McGregor vs Diaz,Darren Elkins vs. Chas Skelly,Chas Skelly,143
2016-07-23,UFC on FOX: Holm vs. Shevchenko,Darren Elkins vs. Godofredo Pepey,Darren Elkins,-223
2016-07-23,UFC on FOX: Holm vs. Shevchenko,Darren Elkins vs. Godofredo Pepey,Godofredo Pepey,223
2015-10-24,UFC Fight Night: Holohan vs Smolka,Darren Elkins vs. Robert Whiteford,Darren Elkins,-117
2015-10-24,UFC Fight Night: Holohan vs Smolka,Darren Elkins vs. Robert Whiteford,Robert Whiteford,117
2017-09-02,UFC Fight Night: Volkov vs. Struve,Darren Till vs. Bojan Velickovic,Darren Till,-100
2017-09-02,UFC Fight Night: Volkov vs. Struve,Darren Till vs. Bojan Velickovic,Bojan Velickovic,100
2017-05-28,UFC Fight Night: Gustafsson vs. Teixeira,Darren Till vs. Jessin Ayari,Darren Till,111
2017-05-28,UFC Fight Night: Gustafsson vs. Teixeira,Darren Till vs. Jessin Ayari,Jessin Ayari,-111
2016-10-08,UFC 204: Bisping vs. Henderson,Davey Grant vs. Damian Stasiak,Davey Grant,-106
2016-10-08,UFC 204: Bisping vs. Henderson,Davey Grant vs. Damian Stasiak,Damian Stasiak,106
2016-02-27,UFC Fight Night: Silva vs Bisping,Davey Grant vs. Marlon Vera,Davey Grant,117
2016-02-27,UFC Fight Night: Silva vs Bisping,Davey Grant vs. Marlon Vera,Marlon Vera,-117
2016-04-23,UFC 197: Jones vs Saint Preux,Demetrious Johnson vs. Henry Cejudo,Demetrious Johnson,-173
2016-04-23,UFC 197: Jones vs Saint Preux,Demetrious Johnson vs. Henry Cejudo,Henry Cejudo,173
2015-09-05,UFC 191: Johnson vs Dodson 2,Demetrious Johnson vs. John Dodson,Demetrious Johnson,-248
2015-09-05,UFC 191: Johnson vs Dodson 2,Demetrious Johnson vs. John Dodson,John Dodson,248
2016-12-03,The Ultimate Fighter: Tournament of Champions Finale,Demetrious Johnson vs. Tim Elliott,Demetrious Johnson,-168
2016-12-03,The Ultimate Fighter: Tournament of Champions Finale,Demetrious Johnson vs. Tim Elliott,Tim Elliott,168
2017-04-15,UFC on FOX: Johnson vs. Reis,Demetrious Johnson vs. Wilson Reis,Demetrious Johnson,-251
2017-04-15,UFC on FOX: Johnson vs. Reis,Demetrious Johnson vs. Wilson Reis,Wilson Reis,251
2016-08-27,UFC on FOX: Maia vs. Condit,Demian Maia vs. Carlos Condit,Demian Maia,-126
2016-08-27,UFC on FOX: Maia vs. Condit,Demian Maia vs. Carlos Condit,Carlos Condit,126
2015-12-12,UFC 194: Aldo vs McGregor,Demian Maia vs. Gunnar Nelson,Demian Maia,-151
2015-12-12,UFC 194: Aldo vs McGregor,Demian Maia vs. Gunnar Nelson,Gunnar Nelson,151
2017-05-13,UFC 211: Miocic vs. Dos Santos,Demian Maia vs. Jorge Masvidal,Demian Maia,-109
2017-05-13,UFC 211: Miocic vs. Dos Santos,Demian Maia vs. Jorge Masvidal,Jorge Masvidal,109
2016-05-14,UFC 198: Werdum vs Miocic,Demian Maia vs. Matt Brown,Demian Maia,129
2016-05-14,UFC 198: Werdum vs Miocic,Demian Maia vs. Matt Brown,Matt Brown,-129
2015-08-01,UFC 190: Rousey vs Correia,Demian Maia vs. Neil Magny,Demian Maia,136
2015-08-01,UFC 190: Rousey vs Correia,Demian Maia vs. Neil Magny,Neil Magny,-136
2017-02-04,UFC Fight Night: Bermudez vs. The Korean Zombie,Dennis Bermudez vs. Chan Sung Jung,Dennis Bermudez,-152
2017-02-04,UFC Fight Night: Bermudez vs. The Korean Zombie,Dennis Bermudez vs. Chan Sung Jung,Chan Sung Jung,152
2017-07-22,UFC Fight Night: Weidman vs. Gastelum,Dennis Bermudez vs. Darren Elkins,Dennis Bermudez,-142
2017-07-22,UFC Fight Night: Weidman vs. Gastelum,Dennis Bermudez vs. Darren Elkins,Darren Elkins,142
2015-07-11,UFC 189: Mendes vs McGregor,Dennis Bermudez vs. Jeremy Stephens,Dennis Bermudez,-102
2015-07-11,UFC 189: Mendes vs McGregor,Dennis Bermudez vs. Jeremy Stephens,Jeremy Stephens,102
2016-08-06,UFC Fight Night: Rodriguez vs. Caceres,Dennis Bermudez vs. Rony Jason,Dennis Bermudez,-192
2016-08-06,UFC Fight Night: Rodriguez vs. Caceres,Dennis Bermudez vs. Rony Jason,Rony Jason,192
2016-02-21,UFC Fight Night: Cowboy vs Cowboy,Dennis Bermudez vs. Tatsuya Kawajiri,Dennis Bermudez,-186
2016-02-21,UFC Fight Night: Cowboy vs Cowboy,Dennis Bermudez vs. Tatsuya Kawajiri,Tatsuya Kawajiri,186
2015-06-20,UFC Fight Night: Jedrzejczyk vs Penne,Dennis Siver vs. Tatsuya Kawajiri,Dennis Siver,-172
2015-06-20,UFC Fight Night: Jedrzejczyk vs Penne,Dennis Siver vs. Tatsuya Kawajiri,Tatsuya Kawajiri,172
2017-06-10,UFC Fight Night: Lewis vs. Hunt,Derek Brunson vs. Daniel Kelly,Derek Brunson,-179
2017-06-10,UFC Fight Night: Lewis vs. Hunt,Derek Brunson vs. Daniel Kelly,Daniel Kelly,179
2016-02-21,UFC Fight Night: Cowboy vs Cowboy,Derek Brunson vs. Roan Carneiro,Derek Brunson,111
2016-02-21,UFC Fight Night: Cowboy vs Cowboy,Derek Brunson vs. Roan Carneiro,Roan Carneiro,-111
2015-08-08,UFC Fight Night: Teixeira vs Saint Preux,Derek Brunson vs. Sam Alvey,Derek Brunson,-131
2015-08-08,UFC Fight Night: Teixeira vs Saint Preux,Derek Brunson vs. Sam Alvey,Sam Alvey,131
2016-04-10,UFC Fight Night: Rothwell vs Dos Santos,Derrick Lewis vs. Gabriel Gonzaga,Derrick Lewis,111
2016-04-10,UFC Fight Night: Rothwell vs Dos Santos,Derrick Lewis vs. Gabriel Gonzaga,Gabriel Gonzaga,-111
2017-06-10,UFC Fight Night: Lewis vs. Hunt,Derrick Lewis vs. Mark Hunt,Derrick Lewis,-188
2017-06-10,UFC Fight Night: Lewis vs. Hunt,Derrick Lewis vs. Mark Hunt,Mark Hunt,188
2016-12-09,UFC Fight Night: Lewis vs. Abdurakhimov,Derrick Lewis vs. Shamil Abdurakhimov,Derrick Lewis,-131
2016-12-09,UFC Fight Night: Lewis vs. Abdurakhimov,Derrick Lewis vs. Shamil Abdurakhimov,Shamil Abdurakhimov,131
2017-02-19,UFC Fight Night: Lewis vs. Browne,Derrick Lewis vs. Travis Browne,Derrick Lewis,-151
2017-02-19,UFC Fight Night: Lewis vs. Browne,Derrick Lewis vs. Travis Browne,Travis Browne,151
2015-10-03,UFC 192: Cormier vs Gustafsson,Derrick Lewis vs. Viktor Pesta,Derrick Lewis,123
2015-10-03,UFC 192: Cormier vs Gustafsson,Derrick Lewis vs. Viktor Pesta,Viktor Pesta,-123
2017-04-15,UFC on FOX: Johnson vs. Reis,Devin Clark vs. Jake Collier,Devin Clark,115
2017-04-15,UFC on FOX: Johnson vs. Reis,Devin Clark vs. Jake Collier,Jake Collier,-115
2017-06-25,UFC Fight Night: Chiesa vs. Lee,Devin Powell vs. Darrell Horcher,Devin Powell,-124
2017-06-25,UFC Fight Night: Chiesa vs. Lee,Devin Powell vs. Darrell Horcher,Darrell Horcher,124
2017-07-07,The Ultimate Fighter: Redemption Finale,Dhiego Lima vs. Jesse Taylor,Dhiego Lima,-123
2017-07-07,The Ultimate Fighter: Redemption Finale,Dhiego Lima vs. Jesse Taylor,Jesse Taylor,123
2016-03-05,UFC 196: McGregor vs Diaz,Diego Sanchez vs. Jim Miller,Diego Sanchez,132
2016-03-05,UFC 196: McGregor vs Diaz,Diego Sanchez vs. Jim Miller,Jim Miller,-132
2016-07-09,UFC 200: Tate vs Nunes,Diego Sanchez vs. Joe Lauzon,Diego Sanchez,122
2016-07-09,UFC 200: Tate vs Nunes,Diego Sanchez vs. Joe Lauzon,Joe Lauzon,-122
2017-01-15,UFC Fight Night: Rodriguez vs. Penn,Dmitrii Smoliakov vs. Cyril Asker,Dmitrii Smoliakov,-160
2017-01-15,UFC Fight Night: Rodriguez vs. Penn,Dmitrii Smoliakov vs. Cyril Asker,Cyril Asker,160
2016-12-30,UFC 207: Nunes vs. Rousey,Dominick Cruz vs. Cody Garbrandt,Dominick Cruz,114
2016-12-30,UFC 207: Nunes vs. Rousey,Dominick Cruz vs. Cody Garbrandt,Cody Garbrandt,-114
2016-06-04,UFC 199: Rockhold vs. Bisping 2,Dominick Cruz vs. Urijah Faber,Dominick Cruz,101
2016-06-04,UFC 199: Rockhold vs. Bisping 2,Dominick Cruz vs. Urijah Faber,Urijah Faber,-101
2016-02-21,UFC Fight Night: Cowboy vs Cowboy,Donald Cerrone vs. Alex Oliveira,Donald Cerrone,-103
2016-02-21,UFC Fight Night: Cowboy vs Cowboy,Donald Cerrone vs. Alex Oliveira,Alex Oliveira,103
2017-01-28,UFC on FOX: Shevchenko vs. Pena,Donald Cerrone vs. Jorge Masvidal,Donald Cerrone,192
2017-01-28,UFC on FOX: Shevchenko vs. Pena,Donald Cerrone vs. Jorge Masvidal,Jorge Masvidal,-192
2016-12-10,UFC 206: Holloway vs. Pettis,Donald Cerrone vs. Matt Brown,Donald Cerrone,168
2016-12-10,UFC 206: Holloway vs. Pettis,Donald Cerrone vs. Matt Brown,Matt Brown,-168
2016-06-18,UFC Fight Night: MacDonald vs Thompson,Donald Cerrone vs. Patrick Cote,Donald Cerrone,-157
2016-06-18,UFC Fight Night: MacDonald vs Thompson,Donald Cerrone vs. Patrick Cote,Patrick Cote,157
2017-06-17,UFC Fight Night: Holm vs. Correia,Dong Hyun Kim vs. Colby Covington,Dong Hyun Kim,167
2017-06-17,UFC Fight Night: Holm vs. Correia,Dong Hyun Kim vs. Colby Covington,Colby Covington,-167
2015-11-28,UFC Fight Night: Henderson vs Masvidal,Dong Hyun Kim vs. Dominic Waters,Dong Hyun Kim,-133
2015-11-28,UFC Fight Night: Henderson vs Masvidal,Dong Hyun Kim vs. Dominic Waters,Dominic Waters,133
2016-12-30,UFC 207: Nunes vs. Rousey,Dong Hyun Kim vs. Tarec Saffiedine,Dong Hyun Kim,-158
2016-12-30,UFC 207: Nunes vs. Rousey,Dong Hyun Kim vs. Tarec Saffiedine,Tarec Saffiedine,158
2016-12-03,The Ultimate Fighter: Tournament of Champions Finale,Dong Hyun Ma vs. Brendan O'Reilly,Dong Hyun Ma,108
2016-12-03,The Ultimate Fighter: Tournament of Champions Finale,Dong Hyun Ma vs. Brendan O'Reilly,Brendan O'Reilly,-108
2015-11-28,UFC Fight Night: Henderson vs Masvidal,Dongi Yang vs. Jake Collier,Dongi Yang,134
2015-11-28,UFC Fight Night: Henderson vs Masvidal,Dongi Yang vs. Jake Collier,Jake Collier,-134
2015-11-28,UFC Fight Night: Henderson vs Masvidal,Dooho Choi vs. Sam Sicilia,Dooho Choi,-175
2015-11-28,UFC Fight Night: Henderson vs Masvidal,Dooho Choi vs. Sam Sicilia,Sam Sicilia,175
2016-07-08,The Ultimate Fighter: Team Joanna vs. Team Cláudia Finale,Dooho Choi vs. Thiago Tavares,Dooho Choi,106
2016-07-08,The Ultimate Fighter: Team Joanna vs. Team Cláudia Finale,Dooho Choi vs. Thiago Tavares,Thiago Tavares,-106
2017-04-22,UFC Fight Night: Swanson vs. Lobov,Dustin Ortiz vs. Brandon Moreno,Dustin Ortiz,130
2017-04-22,UFC Fight Night: Swanson vs. Lobov,Dustin Ortiz vs. Brandon Moreno,Brandon Moreno,-130
2017-08-05,UFC Fight Night: Pettis vs. Moreno,Dustin Ortiz vs. Hector Sandoval,Dustin Ortiz,113
2017-08-05,UFC Fight Night: Pettis vs. Moreno,Dustin Ortiz vs. Hector Sandoval,Hector Sandoval,-113
2015-08-08,UFC Fight Night: Teixeira vs Saint Preux,Dustin Ortiz vs. Willie Gates,Dustin Ortiz,-143
2015-08-08,UFC Fight Night: Teixeira vs Saint Preux,Dustin Ortiz vs. Willie Gates,Willie Gates,143
2016-01-30,UFC on FOX: Johnson vs. Bader,Dustin Ortiz vs. Wilson Reis,Dustin Ortiz,103
2016-01-30,UFC on FOX: Johnson vs. Bader,Dustin Ortiz vs. Wilson Reis,Wilson Reis,-103
2017-02-11,UFC 208: Holm vs. De Randamie,Dustin Poirier vs. Jim Miller,Dustin Poirier,-203
2017-02-11,UFC 208: Holm vs. De Randamie,Dustin Poirier vs. Jim Miller,Jim Miller,203
2016-01-02,UFC 195: Lawler vs Condit,Dustin Poirier vs. Joe Duffy,Dustin Poirier,-189
2016-01-02,UFC 195: Lawler vs Condit,Dustin Poirier vs. Joe Duffy,Joe Duffy,189
2016-06-04,UFC 199: Rockhold vs. Bisping 2,Dustin Poirier vs. King Green,Dustin Poirier,-172
2016-06-04,UFC 199: Rockhold vs. Bisping 2,Dustin Poirier vs. King Green,King Green,172
2016-09-17,UFC Fight Night: Poirier vs. Johnson,Dustin Poirier vs. Michael Johnson,Dustin Poirier,-148
2016-09-17,UFC Fight Night: Poirier vs. Johnson,Dustin Poirier vs. Michael Johnson,Michael Johnson,148
2017-07-07,The Ultimate Fighter: Redemption Finale,Ed Herman vs. CB Dollaway,Ed Herman,155
2017-07-07,The Ultimate Fighter: Redemption Finale,Ed Herman vs. CB Dollaway,CB Dollaway,-155
2016-11-12,UFC 205: Alvarez vs McGregor,Eddie Alvarez vs. Conor McGregor,Eddie Alvarez,163
2016-11-12,UFC 205: Alvarez vs McGregor,Eddie Alvarez vs. Conor McGregor,Conor McGregor,-163
2015-07-25,UFC on FOX: Dillashaw vs. Barao II,Eddie Wineland vs. Bryan Caraway,Eddie Wineland,101
2015-07-25,UFC on FOX: Dillashaw vs. Barao II,Eddie Wineland vs. Bryan Caraway,Bryan Caraway,-101
2016-12-17,UFC on FOX: VanZant vs. Waterson,Eddie Wineland vs. Takeya Mizugaki,Eddie Wineland,141
2016-12-17,UFC on FOX: VanZant vs. Waterson,Eddie Wineland vs. Takeya Mizugaki,Takeya Mizugaki,-141
2015-11-07,UFC Fight Night: Belfort vs Henderson 3,Edimilson Souza vs. Chas Skelly,Edimilson Souza,-110
2015-11-07,UFC Fight Night: Belfort vs Henderson 3,Edimilson Souza vs. Chas Skelly,Chas Skelly,110
2017-03-11,UFC Fight Night: Belfort vs. Gastelum,Edson Barboza vs. Beneil Dariush,Edson Barboza,134
2017-03-11,UFC Fight Night: Belfort vs. Gastelum,Edson Barboza vs. Beneil Dariush,Beneil Dariush,-134
2016-07-23,UFC on FOX: Holm vs. Shevchenko,Edson Barboza vs. Gilbert Melendez,Edson Barboza,-142
2016-07-23,UFC on FOX: Holm vs. Shevchenko,Edson Barboza vs. Gilbert Melendez,Gilbert Melendez,142
2015-07-25,UFC on FOX: Dillashaw vs. Barao II,Edson Barboza vs. Paul Felder,Edson Barboza,-120
2015-07-25,UFC on FOX: Dillashaw vs. Barao II,Edson Barboza vs. Paul Felder,Paul Felder,120
2015-12-11,The Ultimate Fighter: Team McGregor vs. Team Faber Finale,Edson Barboza vs. Tony Ferguson,Edson Barboza,140
2015-12-11,The Ultimate Fighter: Team McGregor vs. Team Faber Finale,Edson Barboza vs. Tony Ferguson,Tony Ferguson,-140
2016-04-23,UFC 197: Jones vs Saint Preux,Efrain Escudero vs. Kevin Lee,Efrain Escudero,151
2016-04-23,UFC 197: Jones vs Saint Preux,Efrain Escudero vs. Kevin Lee,Kevin Lee,-151
2015-11-21,UFC Fight Night: Magny vs Gastelum,Efrain Escudero vs. Leandro Silva,Efrain Escudero,-103
2015-11-21,UFC Fight Night: Magny vs Gastelum,Efrain Escudero vs. Leandro Silva,Leandro Silva,103
2017-02-19,UFC Fight Night: Lewis vs. Browne,Elias Theodorou vs. Cezar Ferreira,Elias Theodorou,-140
2017-02-19,UFC Fight Night: Lewis vs. Browne,Elias Theodorou vs. Cezar Ferreira,Cezar Ferreira,140
2016-06-18,UFC Fight Night: MacDonald vs Thompson,Elias Theodorou vs. Sam Alvey,Elias Theodorou,-162
2016-06-18,UFC Fight Night: MacDonald vs Thompson,Elias Theodorou vs. Sam Alvey,Sam Alvey,162
2015-12-10,UFC Fight Night: Namajunas vs. VanZant,Elias Theodorou vs. Thiago Santos,Elias Theodorou,-124
2015-12-10,UFC Fight Night: Namajunas vs. VanZant,Elias Theodorou vs. Thiago Santos,Thiago Santos,124
2016-04-16,UFC on FOX: Teixeira vs Evans,Elizeu Zaleski dos Santos vs. Omari Akhmedov,Elizeu Zaleski dos Santos,116
2016-04-16,UFC on FOX: Teixeira vs Evans,Elizeu Zaleski dos Santos vs. Omari Akhmedov,Omari Akhmedov,-116
2016-12-03,The Ultimate Fighter: Tournament of Champions Finale,Elvis Mutapcic vs. Anthony Smith,Elvis Mutapcic,129
2016-12-03,The Ultimate Fighter: Tournament of Champions Finale,Elvis Mutapcic vs. Anthony Smith,Anthony Smith,-129
2016-11-05,UFC Fight Night: Dos Anjos vs. Ferguson,Enrique Barzola vs. Chris Avila,Enrique Barzola,-158
2016-11-05,UFC Fight Night: Dos Anjos vs. Ferguson,Enrique Barzola vs. Chris Avila,Chris Avila,158
2016-08-27,UFC on FOX: Maia vs. Condit,Enrique Barzola vs. Kyle Bochniak,Enrique Barzola,-195
2016-08-27,UFC on FOX: Maia vs. Condit,Enrique Barzola vs. Kyle Bochniak,Kyle Bochniak,195
2017-01-28,UFC on FOX: Shevchenko vs. Pena,Eric Spicely vs. Alessio Di Chirico,Eric Spicely,101
2017-01-28,UFC on FOX: Shevchenko vs. Pena,Eric Spicely vs. Alessio Di Chirico,Alessio Di Chirico,-101
2016-11-05,UFC Fight Night: Dos Anjos vs. Ferguson,Erick Montano vs. Max Griffin,Erick Montano,-171
2016-11-05,UFC Fight Night: Dos Anjos vs. Ferguson,Erick Montano vs. Max Griffin,Max Griffin,171
2016-09-17,UFC Fight Night: Poirier vs. Johnson,Erick Montano vs. Randy Brown,Erick Montano,-115
2016-09-17,UFC Fight Night: Poirier vs. Johnson,Erick Montano vs. Randy Brown,Randy Brown,115
2016-09-24,UFC Fight Night: Cyborg vs. Lansberg,Erick Silva vs. Luan Chagas,Erick Silva,111
2016-09-24,UFC Fight Night: Cyborg vs. Lansberg,Erick Silva vs. Luan Chagas,Luan Chagas,-111
2016-03-05,UFC 196: McGregor vs Diaz,Erick Silva vs. Nordine Taleb,Erick Silva,160
2016-03-05,UFC 196: McGregor vs Diaz,Erick Silva vs. Nordine Taleb,Nordine Taleb,-160
2017-06-03,UFC 212: Aldo vs. Holloway,Erick Silva vs. Yancy Medeiros,Erick Silva,-153
2017-06-03,UFC 212: Aldo vs. Holloway,Erick Silva vs. Yancy Medeiros,Yancy Medeiros,153
2016-05-29,UFC Fight Night: Almeida vs Garbrandt,Erik Koch vs. Shane Campbell,Erik Koch,134
2016-05-29,UFC Fight Night: Almeida vs Garbrandt,Erik Koch vs. Shane Campbell,Shane Campbell,-134
2016-11-05,UFC Fight Night: Dos Anjos vs. Ferguson,Erik Perez vs. Felipe Arantes,Erik Perez,-185
2016-11-05,UFC Fight Night: Dos Anjos vs. Ferguson,Erik Perez vs. Felipe Arantes,Felipe Arantes,185
2015-11-21,UFC Fight Night: Magny vs Gastelum,Erik Perez vs. Taylor Lapilus,Erik Perez,-151
2015-11-21,UFC Fight Night: Magny vs Gastelum,Erik Perez vs. Taylor Lapilus,Taylor Lapilus,151
2015-11-07,UFC Fight Night: Belfort vs Henderson 3,Fabio Maldonado vs. Corey Anderson,Fabio Maldonado,200
2015-11-07,UFC Fight Night: Belfort vs Henderson 3,Fabio Maldonado vs. Corey Anderson,Corey Anderson,-200
2017-07-08,UFC 213: Romero vs. Whittaker,Fabricio Werdum vs. Alistair Overeem,Fabricio Werdum,126
2017-07-08,UFC 213: Romero vs. Whittaker,Fabricio Werdum vs. Alistair Overeem,Alistair Overeem,-126
2016-05-14,UFC 198: Werdum vs Miocic,Fabricio Werdum vs. Stipe Miocic,Fabricio Werdum,134
2016-05-14,UFC 198: Werdum vs Miocic,Fabricio Werdum vs. Stipe Miocic,Stipe Miocic,-134
2016-09-10,UFC 203: Miocic vs. Overeem,Fabricio Werdum vs. Travis Browne,Fabricio Werdum,-111
2016-09-10,UFC 203: Miocic vs. Overeem,Fabricio Werdum vs. Travis Browne,Travis Browne,111
2016-07-07,UFC Fight Night: Dos Anjos vs. Alvarez,Felipe Arantes vs. Jerrod Sanders,Felipe Arantes,-119
2016-07-07,UFC Fight Night: Dos Anjos vs. Alvarez,Felipe Arantes vs. Jerrod Sanders,Jerrod Sanders,119
2016-12-09,UFC Fight Night: Lewis vs. Abdurakhimov,Francis Ngannou vs. Anthony Hamilton,Francis Ngannou,-129
2016-12-09,UFC Fight Night: Lewis vs. Abdurakhimov,Francis Ngannou vs. Anthony Hamilton,Anthony Hamilton,129
2016-07-30,UFC 201: Lawler vs. Woodley,Francisco Rivera vs. Erik Perez,Francisco Rivera,162
2016-07-30,UFC 201: Lawler vs. Woodley,Francisco Rivera vs. Erik Perez,Erik Perez,-162
2015-09-05,UFC 191: Johnson vs Dodson 2,Francisco Rivera vs. John Lineker,Francisco Rivera,101
2015-09-05,UFC 191: Johnson vs Dodson 2,Francisco Rivera vs. John Lineker,John Lineker,-101
2015-06-13,UFC 188: Velasquez vs Werdum,Francisco Trevino vs. Johnny Case,Francisco Trevino,121
2015-06-13,UFC 188: Velasquez vs Werdum,Francisco Trevino vs. Johnny Case,Johnny Case,-121
2017-03-11,UFC Fight Night: Belfort vs. Gastelum,Francisco Trinaldo vs. Kevin Lee,Francisco Trinaldo,-109
2017-03-11,UFC Fight Night: Belfort vs. Gastelum,Francisco Trinaldo vs. Kevin Lee,Kevin Lee,109
2016-09-24,UFC Fight Night: Cyborg vs. Lansberg,Francisco Trinaldo vs. Paul Felder,Francisco Trinaldo,-155
2016-09-24,UFC Fight Night: Cyborg vs. Lansberg,Francisco Trinaldo vs. Paul Felder,Paul Felder,155
2016-05-14,UFC 198: Werdum vs Miocic,Francisco Trinaldo vs. Yancy Medeiros,Francisco Trinaldo,-150
2016-05-14,UFC 198: Werdum vs Miocic,Francisco Trinaldo vs. Yancy Medeiros,Yancy Medeiros,150
2015-07-15,UFC Fight Night: Mir vs Duffee,Frank Mir vs. Todd Duffee,Frank Mir,170
2015-07-15,UFC Fight Night: Mir vs Duffee,Frank Mir vs. Todd Duffee,Todd Duffee,-170
2015-12-11,The Ultimate Fighter: Team McGregor vs. Team Faber Finale,Frankie Edgar vs. Chad Mendes,Frankie Edgar,109
2015-12-11,The Ultimate Fighter: Team McGregor vs. Team Faber Finale,Frankie Edgar vs. Chad Mendes,Chad Mendes,-109
2016-11-12,UFC 205: Alvarez vs McGregor,Frankie Edgar vs. Jeremy Stephens,Frankie Edgar,-134
2016-11-12,UFC 205: Alvarez vs McGregor,Frankie Edgar vs. Jeremy Stephens,Jeremy Stephens,134
2017-05-13,UFC 211: Miocic vs. Dos Santos,Frankie Edgar vs. Yair Rodriguez,Frankie Edgar,-114
2017-05-13,UFC 211: Miocic vs. Dos Santos,Frankie Edgar vs. Yair Rodriguez,Yair Rodriguez,114
2017-07-22,UFC Fight Night: Weidman vs. Gastelum,Frankie Perez vs. Chris Wade,Frankie Perez,114
2017-07-22,UFC Fight Night: Weidman vs. Gastelum,Frankie Perez vs. Chris Wade,Chris Wade,-114
2016-12-09,UFC Fight Night: Lewis vs. Abdurakhimov,Frankie Perez vs. Marc Diakiese,Frankie Perez,136
2016-12-09,UFC Fight Night: Lewis vs. Abdurakhimov,Frankie Perez vs. Marc Diakiese,Marc Diakiese,-136
2017-01-15,UFC Fight Night: Rodriguez vs. Penn,Frankie Saenz vs. Augusto Mendes,Frankie Saenz,-129
2017-01-15,UFC Fight Night: Rodriguez vs. Penn,Frankie Saenz vs. Augusto Mendes,Augusto Mendes,129
2016-07-23,UFC on FOX: Holm vs. Shevchenko,Frankie Saenz vs. Eddie Wineland,Frankie Saenz,-127
2016-07-23,UFC on FOX: Holm vs. Shevchenko,Frankie Saenz vs. Eddie Wineland,Eddie Wineland,127
2015-08-08,UFC Fight Night: Teixeira vs Saint Preux,Frankie Saenz vs. Sirwan Kakai,Frankie Saenz,118
2015-08-08,UFC Fight Night: Teixeira vs Saint Preux,Frankie Saenz vs. Sirwan Kakai,Sirwan Kakai,-118
2015-11-21,UFC Fight Night: Magny vs Gastelum,Gabriel Benitez vs. Andre Fili,Gabriel Benitez,115
2015-11-21,UFC Fight Night: Magny vs Gastelum,Gabriel Benitez vs. Andre Fili,Andre Fili,-115
2015-06-13,UFC 188: Velasquez vs Werdum,Gabriel Benitez vs. Clay Collard,Gabriel Benitez,111
2015-06-13,UFC 188: Velasquez vs Werdum,Gabriel Benitez vs. Clay Collard,Clay Collard,-111
2017-05-13,UFC 211: Miocic vs. Dos Santos,Gabriel Benitez vs. Enrique Barzola,Gabriel Benitez,136
2017-05-13,UFC 211: Miocic vs. Dos Santos,Gabriel Benitez vs. Enrique Barzola,Enrique Barzola,-136
2016-09-17,UFC Fight Night: Poirier vs. Johnson,Gabriel Benitez vs. Sam Sicilia,Gabriel Benitez,-144
2016-09-17,UFC Fight Night: Poirier vs. Johnson,Gabriel Benitez vs. Sam Sicilia,Sam Sicilia,144
2015-12-11,The Ultimate Fighter: Team McGregor vs. Team Faber Finale,Gabriel Gonzaga vs. Konstantin Erokhin,Gabriel Gonzaga,-188
2015-12-11,The Ultimate Fighter: Team McGregor vs. Team Faber Finale,Gabriel Gonzaga vs. Konstantin Erokhin,Konstantin Erokhin,188
2016-08-27,UFC on FOX: Maia vs. Condit,Garreth McLellan vs. Alessio Di Chirico,Garreth McLellan,158
2016-08-27,UFC on FOX: Maia vs. Condit,Garreth McLellan vs. Alessio Di Chirico,Alessio Di Chirico,-158
2017-09-09,UFC 215: Nunes vs Shevchenko 2,Gavin Tucker vs. Ricky Glenn,Gavin Tucker,-123
2017-09-09,UFC 215: Nunes vs Shevchenko 2,Gavin Tucker vs. Ricky Glenn,Ricky Glenn,123
2016-02-27,UFC Fight Night: Silva vs Bisping,Gegard Mousasi vs. Thales Leites,Gegard Mousasi,-104
2016-02-27,UFC Fight Night: Silva vs Bisping,Gegard Mousasi vs. Thales Leites,Thales Leites,104
2016-07-09,UFC 200: Tate vs Nunes,Gegard Mousasi vs. Thiago Santos,Gegard Mousasi,115
2016-07-09,UFC 200: Tate vs Nunes,Gegard Mousasi vs. Thiago Santos,Thiago Santos,-115
2015-09-26,UFC Fight Night: Barnett vs Nelson,Gegard Mousasi vs. Uriah Hall,Gegard Mousasi,-104
2015-09-26,UFC Fight Night: Barnett vs Nelson,Gegard Mousasi vs. Uriah Hall,Uriah Hall,108
2016-11-19,UFC Fight Night: Mousasi vs. Hall 2,Gegard Mousasi vs. Uriah Hall,Gegard Mousasi,-129
2016-11-19,UFC Fight Night: Mousasi vs. Hall 2,Gegard Mousasi vs. Uriah Hall,Uriah Hall,137
2016-01-30,UFC on FOX: Johnson vs. Bader,George Sullivan vs. Alexander Yakovlev,George Sullivan,-118
2016-01-30,UFC on FOX: Johnson vs. Bader,George Sullivan vs. Alexander Yakovlev,Alexander Yakovlev,118
2017-02-19,UFC Fight Night: Lewis vs. Browne,Gerald Meerschaert vs. Ryan Janes,Gerald Meerschaert,-141
2017-02-19,UFC Fight Night: Lewis vs. Browne,Gerald Meerschaert vs. Ryan Janes,Ryan Janes,141
2016-03-05,UFC 196: McGregor vs Diaz,Gian Villante vs. Ilir Latifi,Gian Villante,142
2016-03-05,UFC 196: McGregor vs Diaz,Gian Villante vs. Ilir Latifi,Ilir Latifi,-142
2015-07-25,UFC on FOX: Dillashaw vs. Barao II,Gian Villante vs. Tom Lawlor,Gian Villante,182
2015-07-25,UFC on FOX: Dillashaw vs. Barao II,Gian Villante vs. Tom Lawlor,Tom Lawlor,-182
2016-07-07,UFC Fight Night: Dos Anjos vs. Alvarez,Gilbert Burns vs. Lukasz Sajewski,Gilbert Burns,-121
2016-07-07,UFC Fight Night: Dos Anjos vs. Alvarez,Gilbert Burns vs. Lukasz Sajewski,Lukasz Sajewski,121
2016-09-24,UFC Fight Night: Cyborg vs. Lansberg,Gilbert Burns vs. Michel Prazeres,Gilbert Burns,101
2016-09-24,UFC Fight Night: Cyborg vs. Lansberg,Gilbert Burns vs. Michel Prazeres,Michel Prazeres,-101
2015-11-07,UFC Fight Night: Belfort vs Henderson 3,Gilbert Burns vs. Rashid Magomedov,Gilbert Burns,-109
2015-11-07,UFC Fight Night: Belfort vs Henderson 3,Gilbert Burns vs. Rashid Magomedov,Rashid Magomedov,109
2015-06-13,UFC 188: Velasquez vs Werdum,Gilbert Melendez vs. Eddie Alvarez,Gilbert Melendez,-127
2015-06-13,UFC 188: Velasquez vs Werdum,Gilbert Melendez vs. Eddie Alvarez,Eddie Alvarez,127
2016-04-23,UFC 197: Jones vs Saint Preux,Glaico Franca Moreira vs. James Vick,Glaico Franca Moreira,-117
2016-04-23,UFC 197: Jones vs Saint Preux,Glaico Franca Moreira vs. James Vick,James Vick,117
2015-11-07,UFC Fight Night: Belfort vs Henderson 3,Gleison Tibau vs. Abel Trujillo,Gleison Tibau,101
2015-11-07,UFC Fight Night: Belfort vs Henderson 3,Gleison Tibau vs. Abel Trujillo,Abel Trujillo,-101
2017-02-11,UFC 208: Holm vs. De Randamie,Glover Teixeira vs. Jared Cannonier,Glover Teixeira,-136
2017-02-11,UFC 208: Holm vs. De Randamie,Glover Teixeira vs. Jared Cannonier,Jared Cannonier,136
2015-08-08,UFC Fight Night: Teixeira vs Saint Preux,Glover Teixeira vs. Ovince Saint Preux,Glover Teixeira,-104
2015-08-08,UFC Fight Night: Teixeira vs Saint Preux,Glover Teixeira vs. Ovince Saint Preux,Ovince Saint Preux,104
2015-11-07,UFC Fight Night: Belfort vs Henderson 3,Glover Teixeira vs. Patrick Cummins,Glover Teixeira,121
2015-11-07,UFC Fight Night: Belfort vs Henderson 3,Glover Teixeira vs. Patrick Cummins,Patrick Cummins,-121
2016-04-16,UFC on FOX: Teixeira vs Evans,Glover Teixeira vs. Rashad Evans,Glover Teixeira,-126
2016-04-16,UFC on FOX: Teixeira vs Evans,Glover Teixeira vs. Rashad Evans,Rashad Evans,126
2016-09-24,UFC Fight Night: Cyborg vs. Lansberg,Godofredo Pepey vs. Mike de la Torre,Godofredo Pepey,111
2016-09-24,UFC Fight Night: Cyborg vs. Lansberg,Godofredo Pepey vs. Mike de la Torre,Mike de la Torre,-111
2016-07-08,The Ultimate Fighter: Team Joanna vs. Team Cláudia Finale,Gray Maynard vs. Fernando Bruno,Gray Maynard,-136
2016-07-08,The Ultimate Fighter: Team Joanna vs. Team Cláudia Finale,Gray Maynard vs. Fernando Bruno,Fernando Bruno,136
2016-12-03,The Ultimate Fighter: Tournament of Champions Finale,Gray Maynard vs. Ryan Hall,Gray Maynard,164
2016-12-03,The Ultimate Fighter: Tournament of Champions Finale,Gray Maynard vs. Ryan Hall,Ryan Hall,-164
2017-07-07,The Ultimate Fighter: Redemption Finale,Gray Maynard vs. Teruto Ishihara,Gray Maynard,147
2017-07-07,The Ultimate Fighter: Redemption Finale,Gray Maynard vs. Teruto Ishihara,Teruto Ishihara,-147
2017-04-08,UFC 210: Cormier vs. Johnson 2,Gregor Gillespie vs. Andrew Holbrook,Gregor Gillespie,-117
2017-04-08,UFC 210: Cormier vs. Johnson 2,Gregor Gillespie vs. Andrew Holbrook,Andrew Holbrook,117
2017-09-16,UFC Fight Night: Rockhold vs. Branch,Gregor Gillespie vs. Jason Gonzalez,Gregor Gillespie,-133
2017-09-16,UFC Fight Night: Rockhold vs. Branch,Gregor Gillespie vs. Jason Gonzalez,Jason Gonzalez,133
2015-11-28,UFC Fight Night: Henderson vs Masvidal,Guangyou Ning vs. Marco Beltran,Guangyou Ning,-126
2015-11-28,UFC Fight Night: Henderson vs Masvidal,Guangyou Ning vs. Marco Beltran,Marco Beltran,126
2017-03-18,UFC Fight Night: Manuwa vs. Anderson,Gunnar Nelson vs. Alan Jouban,Gunnar Nelson,122
2017-03-18,UFC Fight Night: Manuwa vs. Anderson,Gunnar Nelson vs. Alan Jouban,Alan Jouban,-122
2015-07-11,UFC 189: Mendes vs McGregor,Gunnar Nelson vs. Brandon Thatch,Gunnar Nelson,109
2015-07-11,UFC 189: Mendes vs McGregor,Gunnar Nelson vs. Brandon Thatch,Brandon Thatch,-109
2017-07-16,UFC Fight Night: Nelson vs. Ponzinibbio,Gunnar Nelson vs. Santiago Ponzinibbio,Gunnar Nelson,140
2017-07-16,UFC Fight Night: Nelson vs. Ponzinibbio,Gunnar Nelson vs. Santiago Ponzinibbio,Santiago Ponzinibbio,-140
2016-10-01,UFC Fight Night: Lineker vs. Dodson,Hacran Dias vs. Andre Fili,Hacran Dias,187
2016-10-01,UFC Fight Night: Lineker vs. Dodson,Hacran Dias vs. Andre Fili,Andre Fili,-187
2015-06-27,UFC Fight Night: Machida vs Romero,Hacran Dias vs. Levan Makashvili,Hacran Dias,112
2015-06-27,UFC Fight Night: Machida vs Romero,Hacran Dias vs. Levan Makashvili,Levan Makashvili,-112
2015-12-19,UFC on FOX: Dos Anjos vs. Cowboy 2,Hayder Hassan vs. Vicente Luque,Hayder Hassan,149
2015-12-19,UFC on FOX: Dos Anjos vs. Cowboy 2,Hayder Hassan vs. Vicente Luque,Vicente Luque,-149
2017-09-16,UFC Fight Night: Rockhold vs. Branch,Hector Lombard vs. Anthony Smith,Hector Lombard,-111
2017-09-16,UFC Fight Night: Rockhold vs. Branch,Hector Lombard vs. Anthony Smith,Anthony Smith,111
2016-03-19,UFC Fight Night: Hunt vs Mir,Hector Lombard vs. Neil Magny,Hector Lombard,148
2016-03-19,UFC Fight Night: Hunt vs Mir,Hector Lombard vs. Neil Magny,Neil Magny,-148
2016-12-17,UFC on FOX: VanZant vs. Waterson,Hector Sandoval vs. Fredy Serrano,Hector Sandoval,136
2016-12-17,UFC on FOX: VanZant vs. Waterson,Hector Sandoval vs. Fredy Serrano,Fredy Serrano,-136
2017-04-22,UFC Fight Night: Swanson vs. Lobov,Hector Sandoval vs. Matt Schnell,Hector Sandoval,-230
2017-04-22,UFC Fight Night: Swanson vs. Lobov,Hector Sandoval vs. Matt Schnell,Matt Schnell,230
2015-11-21,UFC Fight Night: Magny vs Gastelum,Hector Urbina vs. Bartosz Fabinski,Hector Urbina,227
2015-11-21,UFC Fight Night: Magny vs Gastelum,Hector Urbina vs. Bartosz Fabinski,Bartosz Fabinski,-227
2016-11-05,UFC Fight Night: Dos Anjos vs. Ferguson,Henry Briones vs. Douglas Silva de Andrade,Henry Briones,139
2016-11-05,UFC Fight Night: Dos Anjos vs. Ferguson,Henry Briones vs. Douglas Silva de Andrade,Douglas Silva de Andrade,-139
2017-08-05,UFC Fight Night: Pettis vs. Moreno,Henry Briones vs. Rani Yahya,Henry Briones,180
2017-08-05,UFC Fight Night: Pettis vs. Moreno,Henry Briones vs. Rani Yahya,Rani Yahya,-180
2015-06-13,UFC 188: Velasquez vs Werdum,Henry Cejudo vs. Chico Camus,Henry Cejudo,-139
2015-06-13,UFC 188: Velasquez vs Werdum,Henry Cejudo vs. Chico Camus,Chico Camus,139
2017-09-09,UFC 215: Nunes vs Shevchenko 2,Henry Cejudo vs. Wilson Reis,Henry Cejudo,-118
2017-09-09,UFC 215: Nunes vs Shevchenko 2,Henry Cejudo vs. Wilson Reis,Wilson Reis,118
2015-08-01,UFC 190: Rousey vs Correia,Hugo Viana vs. Guido Cannetti,Hugo Viana,-121
2015-08-01,UFC 190: Rousey vs Correia,Hugo Viana vs. Guido Cannetti,Guido Cannetti,121
2016-04-10,UFC Fight Night: Rothwell vs Dos Santos,Ian Entwistle vs. Alejandro Perez,Ian Entwistle,170
2016-04-10,UFC Fight Night: Rothwell vs Dos Santos,Ian Entwistle vs. Alejandro Perez,Alejandro Perez,-170
2015-07-15,UFC Fight Night: Mir vs Duffee,Igor Araujo vs. Sean Strickland,Igor Araujo,210
2015-07-15,UFC Fight Night: Mir vs Duffee,Igor Araujo vs. Sean Strickland,Sean Strickland,-210
2016-04-10,UFC Fight Night: Rothwell vs Dos Santos,Igor Pokrajac vs. Jan Blachowicz,Igor Pokrajac,170
2016-04-10,UFC Fight Night: Rothwell vs Dos Santos,Igor Pokrajac vs. Jan Blachowicz,Jan Blachowicz,-170
2015-07-18,UFC Fight Night: Bisping vs Leites,Ilir Latifi vs. Hans Stringer,Ilir Latifi,168
2015-07-18,UFC Fight Night: Bisping vs Leites,Ilir Latifi vs. Hans Stringer,Hans Stringer,-168
2016-01-17,UFC Fight Night: Dillashaw vs Cruz,Ilir Latifi vs. Sean O'Connell,Ilir Latifi,-103
2016-01-17,UFC Fight Night: Dillashaw vs Cruz,Ilir Latifi vs. Sean O'Connell,Sean O'Connell,103
2017-09-09,UFC 215: Nunes vs Shevchenko 2,Ilir Latifi vs. Tyson Pedro,Ilir Latifi,149
2017-09-09,UFC 215: Nunes vs Shevchenko 2,Ilir Latifi vs. Tyson Pedro,Tyson Pedro,-149
2017-06-10,UFC Fight Night: Lewis vs. Hunt,Ion Cutelaba vs. Henrique da Silva,Ion Cutelaba,-136
2017-06-10,UFC Fight Night: Lewis vs. Hunt,Ion Cutelaba vs. Henrique da Silva,Henrique da Silva,136
2016-12-03,The Ultimate Fighter: Tournament of Champions Finale,Ion Cutelaba vs. Jared Cannonier,Ion Cutelaba,-134
2016-12-03,The Ultimate Fighter: Tournament of Champions Finale,Ion Cutelaba vs. Jared Cannonier,Jared Cannonier,134
2016-01-30,UFC on FOX: Johnson vs. Bader,Iuri Alcantara vs. Jimmie Rivera,Iuri Alcantara,-108
2016-01-30,UFC on FOX: Johnson vs. Bader,Iuri Alcantara vs. Jimmie Rivera,Jimmie Rivera,108
2015-08-01,UFC 190: Rousey vs Correia,Iuri Alcantara vs. Leandro Issa,Iuri Alcantara,117
2015-08-01,UFC 190: Rousey vs Correia,Iuri Alcantara vs. Leandro Issa,Leandro Issa,-117
2017-03-04,UFC 209: Woodley vs. Thompson 2,Iuri Alcantara vs. Luke Sanders,Iuri Alcantara,-117
2017-03-04,UFC 209: Woodley vs. Thompson 2,Iuri Alcantara vs. Luke Sanders,Luke Sanders,117
2017-04-15,UFC on FOX: Johnson vs. Reis,Jacare Souza vs. Robert Whittaker,Jacare Souza,129
2017-04-15,UFC on FOX: Johnson vs. Reis,Jacare Souza vs. Robert Whittaker,Robert Whittaker,-129
2017-02-11,UFC 208: Holm vs. De Randamie,Jacare Souza vs. Tim Boetsch,Jacare Souza,-158
2017-02-11,UFC 208: Holm vs. De Randamie,Jacare Souza vs. Tim Boetsch,Tim Boetsch,158
2016-05-14,UFC 198: Werdum vs Miocic,Jacare Souza vs. Vitor Belfort,Jacare Souza,125
2016-05-14,UFC 198: Werdum vs Miocic,Jacare Souza vs. Vitor Belfort,Vitor Belfort,-125
2015-12-12,UFC 194: Aldo vs McGregor,Jacare Souza vs. Yoel Romero,Jacare Souza,112
2015-12-12,UFC 194: Aldo vs McGregor,Jacare Souza vs. Yoel Romero,Yoel Romero,-112
2017-05-28,UFC Fight Night: Gustafsson vs. Teixeira,Jack Hermansson vs. Alex Nicholson,Jack Hermansson,-114
2017-05-28,UFC Fight Night: Gustafsson vs. Teixeira,Jack Hermansson vs. Alex Nicholson,Alex Nicholson,114
2017-07-16,UFC Fight Night: Nelson vs. Ponzinibbio,Jack Marshman vs. Ryan Janes,Jack Marshman,-108
2017-07-16,UFC Fight Night: Nelson vs. Ponzinibbio,Jack Marshman vs. Ryan Janes,Ryan Janes,108
2017-02-19,UFC Fight Night: Lewis vs. Browne,Jack Marshman vs. Thiago Santos,Jack Marshman,122
2017-02-19,UFC Fight Night: Lewis vs. Browne,Jack Marshman vs. Thiago Santos,Thiago Santos,-122
2016-12-03,The Ultimate Fighter: Tournament of Champions Finale,Jake Ellenberger vs. Jorge Masvidal,Jake Ellenberger,128
2016-12-03,The Ultimate Fighter: Tournament of Champions Finale,Jake Ellenberger vs. Jorge Masvidal,Jorge Masvidal,-128
2017-04-22,UFC Fight Night: Swanson vs. Lobov,Jake Ellenberger vs. Mike Perry,Jake Ellenberger,-108
2017-04-22,UFC Fight Night: Swanson vs. Lobov,Jake Ellenberger vs. Mike Perry,Mike Perry,108
2015-07-12,The Ultimate Fighter: American Top Team vs. Blackzilians Finale,Jake Ellenberger vs. Stephen Thompson,Jake Ellenberger,-119
2015-07-12,The Ultimate Fighter: American Top Team vs. Blackzilians Finale,Jake Ellenberger vs. Stephen Thompson,Stephen Thompson,119
2015-11-14,UFC 193: Rousey vs Holm,Jake Matthews vs. Akbarh Arreola,Jake Matthews,-168
2015-11-14,UFC 193: Rousey vs Holm,Jake Matthews vs. Akbarh Arreola,Akbarh Arreola,168
2016-11-26,UFC Fight Night: Whittaker vs. Brunson,Jake Matthews vs. Andrew Holbrook,Jake Matthews,-217
2016-11-26,UFC Fight Night: Whittaker vs. Brunson,Jake Matthews vs. Andrew Holbrook,Andrew Holbrook,217
2016-03-19,UFC Fight Night: Hunt vs Mir,Jake Matthews vs. Johnny Case,Jake Matthews,-125
2016-03-19,UFC Fight Night: Hunt vs Mir,Jake Matthews vs. Johnny Case,Johnny Case,125
2016-07-08,The Ultimate Fighter: Team Joanna vs. Team Cláudia Finale,Jake Matthews vs. Kevin Lee,Jake Matthews,-133
2016-07-08,The Ultimate Fighter: Team Joanna vs. Team Cláudia Finale,Jake Matthews vs. Kevin Lee,Kevin Lee,133
2016-02-21,UFC Fight Night: Cowboy vs Cowboy,James Krause vs. Shane Campbell,James Krause,-142
2016-02-21,UFC Fight Night: Cowboy vs Cowboy,James Krause vs. Shane Campbell,Shane Campbell,142
2016-12-17,UFC on FOX: VanZant vs. Waterson,James Moontasri vs. Alex Morono,James Moontasri,101
2016-12-17,UFC on FOX: VanZant vs. Waterson,James Moontasri vs. Alex Morono,Alex Morono,-101
2016-03-19,UFC Fight Night: Hunt vs Mir,James Te Huna vs. Steve Bosse,James Te Huna,-211
2016-03-19,UFC Fight Night: Hunt vs Mir,James Te Huna vs. Steve Bosse,Steve Bosse,211
2017-05-13,UFC 211: Miocic vs. Dos Santos,James Vick vs. Marco Polo Reyes,James Vick,-132
2017-05-13,UFC 211: Miocic vs. Dos Santos,James Vick vs. Marco Polo Reyes,Marco Polo Reyes,132
2015-09-05,UFC 191: Johnson vs Dodson 2,Jan Blachowicz vs. Corey Anderson,Jan Blachowicz,178
2015-09-05,UFC 191: Johnson vs Dodson 2,Jan Blachowicz vs. Corey Anderson,Corey Anderson,-178
2015-08-08,UFC Fight Night: Teixeira vs Saint Preux,Jared Rosholt vs. Timothy Johnson,Jared Rosholt,-134
2015-08-08,UFC Fight Night: Teixeira vs Saint Preux,Jared Rosholt vs. Timothy Johnson,Timothy Johnson,134
2017-01-28,UFC on FOX: Shevchenko vs. Pena,Jason Gonzalez vs. JC Cottrell,Jason Gonzalez,133
2017-01-28,UFC on FOX: Shevchenko vs. Pena,Jason Gonzalez vs. JC Cottrell,JC Cottrell,-133
2017-09-16,UFC Fight Night: Rockhold vs. Branch,Jason Saggo vs. Gilbert Burns,Jason Saggo,-112
2017-09-16,UFC Fight Night: Rockhold vs. Branch,Jason Saggo vs. Gilbert Burns,Gilbert Burns,112
2016-03-05,UFC 196: McGregor vs Diaz,Jason Saggo vs. Justin Salas,Jason Saggo,112
2016-03-05,UFC 196: McGregor vs Diaz,Jason Saggo vs. Justin Salas,Justin Salas,-112
2016-06-18,UFC Fight Night: MacDonald vs Thompson,Jason Saggo vs. Leandro Silva,Jason Saggo,-109
2016-06-18,UFC Fight Night: MacDonald vs Thompson,Jason Saggo vs. Leandro Silva,Leandro Silva,109
2016-12-10,UFC 206: Holloway vs. Pettis,Jason Saggo vs. Rustam Khabilov,Jason Saggo,108
2016-12-10,UFC 206: Holloway vs. Pettis,Jason Saggo vs. Rustam Khabilov,Rustam Khabilov,-108
2017-09-09,UFC 215: Nunes vs Shevchenko 2,Jeremy Stephens vs. Gilbert Melendez,Jeremy Stephens,-149
2017-09-09,UFC 215: Nunes vs Shevchenko 2,Jeremy Stephens vs. Gilbert Melendez,Gilbert Melendez,149
2017-04-15,UFC on FOX: Johnson vs. Reis,Jeremy Stephens vs. Renato Moicano,Jeremy Stephens,-125
2017-04-15,UFC on FOX: Johnson vs. Reis,Jeremy Stephens vs. Renato Moicano,Renato Moicano,125
2016-07-23,UFC on FOX: Holm vs. Shevchenko,Jim Alers vs. Jason Knight,Jim Alers,125
2016-07-23,UFC on FOX: Holm vs. Shevchenko,Jim Alers vs. Jason Knight,Jason Knight,-125
2015-07-25,UFC on FOX: Dillashaw vs. Barao II,Jim Miller vs. Danny Castillo,Jim Miller,127
2015-07-25,UFC on FOX: Dillashaw vs. Barao II,Jim Miller vs. Danny Castillo,Danny Castillo,-127
2015-12-10,UFC Fight Night: Namajunas vs. VanZant,Jim Miller vs. Michael Chiesa,Jim Miller,113
2015-12-10,UFC Fight Night: Namajunas vs. VanZant,Jim Miller vs. Michael Chiesa,Michael Chiesa,-113
2016-07-09,UFC 200: Tate vs Nunes,Jim Miller vs. Takanori Gomi,Jim Miller,-154
2016-07-09,UFC 200: Tate vs Nunes,Jim Miller vs. Takanori Gomi,Takanori Gomi,154
2016-11-12,UFC 205: Alvarez vs McGregor,Jim Miller vs. Thiago Alves,Jim Miller,-110
2016-11-12,UFC 205: Alvarez vs McGregor,Jim Miller vs. Thiago Alves,Thiago Alves,110
2017-03-18,UFC Fight Night: Manuwa vs. Anderson,Jimi Manuwa vs. Corey Anderson,Jimi Manuwa,261
2017-03-18,UFC Fight Night: Manuwa vs. Anderson,Jimi Manuwa vs. Corey Anderson,Corey Anderson,-261
2017-07-29,UFC 214: Cormier vs. Jones 2,Jimi Manuwa vs. Volkan Oezdemir,Jimi Manuwa,-105
2017-07-29,UFC 214: Cormier vs. Jones 2,Jimi Manuwa vs. Volkan Oezdemir,Volkan Oezdemir,105
2017-07-22,UFC Fight Night: Weidman vs. Gastelum,Jimmie Rivera vs. Thomas Almeida,Jimmie Rivera,-109
2017-07-22,UFC Fight Night: Weidman vs. Gastelum,Jimmie Rivera vs. Thomas Almeida,Thomas Almeida,109
2017-05-13,UFC 211: Miocic vs. Dos Santos,Joachim Christensen vs. Gadzhimurad Antigulov,Joachim Christensen,246
2017-05-13,UFC 211: Miocic vs. Dos Santos,Joachim Christensen vs. Gadzhimurad Antigulov,Gadzhimurad Antigulov,-246
2016-07-08,The Ultimate Fighter: Team Joanna vs. Team Cláudia Finale,Joaquim Silva vs. Andrew Holbrook,Joaquim Silva,-107
2016-07-08,The Ultimate Fighter: Team Joanna vs. Team Cláudia Finale,Joaquim Silva vs. Andrew Holbrook,Andrew Holbrook,107
2015-12-11,The Ultimate Fighter: Team McGregor vs. Team Faber Finale,Joby Sanchez vs. Geane Herrera,Joby Sanchez,-129
2015-12-11,The Ultimate Fighter: Team McGregor vs. Team Faber Finale,Joby Sanchez vs. Geane Herrera,Geane Herrera,129
2015-07-18,UFC Fight Night: Bisping vs Leites,Joe Duffy vs. Ivan Jorge,Joe Duffy,-112
2015-07-18,UFC Fight Night: Bisping vs Leites,Joe Duffy vs. Ivan Jorge,Ivan Jorge,112
2016-07-07,UFC Fight Night: Dos Anjos vs. Alvarez,Joe Duffy vs. Mitch Clarke,Joe Duffy,-121
2016-07-07,UFC Fight Night: Dos Anjos vs. Alvarez,Joe Duffy vs. Mitch Clarke,Mitch Clarke,121
2017-03-18,UFC Fight Night: Manuwa vs. Anderson,Joe Duffy vs. Reza Madadi,Joe Duffy,-109
2017-03-18,UFC Fight Night: Manuwa vs. Anderson,Joe Duffy vs. Reza Madadi,Reza Madadi,109
2016-08-27,UFC on FOX: Maia vs. Condit,Joe Lauzon vs. Jim Miller,Joe Lauzon,148
2016-08-27,UFC on FOX: Maia vs. Condit,Joe Lauzon vs. Jim Miller,Jim Miller,-148
2017-01-15,UFC Fight Night: Rodriguez vs. Penn,Joe Lauzon vs. Marcin Held,Joe Lauzon,104
2017-01-15,UFC Fight Night: Rodriguez vs. Penn,Joe Lauzon vs. Marcin Held,Marcin Held,-104
2017-04-22,UFC Fight Night: Swanson vs. Lobov,Joe Lauzon vs. Stevie Ray,Joe Lauzon,169
2017-04-22,UFC Fight Night: Swanson vs. Lobov,Joe Lauzon vs. Stevie Ray,Stevie Ray,-169
2015-07-25,UFC on FOX: Dillashaw vs. Barao II,Joe Lauzon vs. Takanori Gomi,Joe Lauzon,120
2015-07-25,UFC on FOX: Dillashaw vs. Barao II,Joe Lauzon vs. Takanori Gomi,Takanori Gomi,-120
2015-12-12,UFC 194: Aldo vs McGregor,Joe Proctor vs. Magomed Mustafaev,Joe Proctor,-109
2015-12-12,UFC 194: Aldo vs McGregor,Joe Proctor vs. Magomed Mustafaev,Magomed Mustafaev,109
2015-09-05,UFC 191: Johnson vs Dodson 2,Joe Riggs vs. Ron Stallings,Joe Riggs,-139
2015-09-05,UFC 191: Johnson vs Dodson 2,Joe Riggs vs. Ron Stallings,Ron Stallings,139
2016-01-02,UFC 195: Lawler vs Condit,Joe Soto vs. Michinori Tanaka,Joe Soto,201
2016-01-02,UFC 195: Lawler vs Condit,Joe Soto vs. Michinori Tanaka,Michinori Tanaka,-201
2017-04-22,UFC Fight Night: Swanson vs. Lobov,John Dodson vs. Eddie Wineland,John Dodson,-212
2017-04-22,UFC Fight Night: Swanson vs. Lobov,John Dodson vs. Eddie Wineland,Eddie Wineland,212
2016-04-16,UFC on FOX: Teixeira vs Evans,John Dodson vs. Manvel Gamburyan,John Dodson,-126
2016-04-16,UFC on FOX: Teixeira vs Evans,John Dodson vs. Manvel Gamburyan,Manvel Gamburyan,126
2016-10-01,UFC Fight Night: Lineker vs. Dodson,John Lineker vs. John Dodson,John Lineker,-132
2016-10-01,UFC Fight Night: Lineker vs. Dodson,John Lineker vs. John Dodson,John Dodson,132
2016-05-14,UFC 198: Werdum vs Miocic,John Lineker vs. Rob Font,John Lineker,-101
2016-05-14,UFC 198: Werdum vs Miocic,John Lineker vs. Rob Font,Rob Font,101
2016-12-10,UFC 206: Holloway vs. Pettis,John Makdessi vs. Lando Vannata,John Makdessi,-215
2016-12-10,UFC 206: Holloway vs. Pettis,John Makdessi vs. Lando Vannata,Lando Vannata,215
2016-07-07,UFC Fight Night: Dos Anjos vs. Alvarez,John Makdessi vs. Mehdi Baghdad,John Makdessi,-178
2016-07-07,UFC Fight Night: Dos Anjos vs. Alvarez,John Makdessi vs. Mehdi Baghdad,Mehdi Baghdad,178
2015-12-12,UFC 194: Aldo vs McGregor,John Makdessi vs. Yancy Medeiros,John Makdessi,-133
2015-12-12,UFC 194: Aldo vs McGregor,John Makdessi vs. Yancy Medeiros,Yancy Medeiros,133
2016-07-08,The Ultimate Fighter: Team Joanna vs. Team Cláudia Finale,John Moraga vs. Matheus Nicolau,John Moraga,188
2016-07-08,The Ultimate Fighter: Team Joanna vs. Team Cláudia Finale,John Moraga vs. Matheus Nicolau,Matheus Nicolau,-188
2017-01-15,UFC Fight Night: Rodriguez vs. Penn,John Moraga vs. Sergio Pettis,John Moraga,203
2017-01-15,UFC Fight Night: Rodriguez vs. Penn,John Moraga vs. Sergio Pettis,Sergio Pettis,-203
2016-11-19,UFC Fight Night: Bader vs. Nogueira,Johnny Eduardo vs. Manvel Gamburyan,Johnny Eduardo,-115
2016-11-19,UFC Fight Night: Bader vs. Nogueira,Johnny Eduardo vs. Manvel Gamburyan,Manvel Gamburyan,115
2017-06-03,UFC 212: Aldo vs. Holloway,Johnny Eduardo vs. Matthew Lopez,Johnny Eduardo,-101
2017-06-03,UFC 212: Aldo vs. Holloway,Johnny Eduardo vs. Matthew Lopez,Matthew Lopez,101
2017-02-19,UFC Fight Night: Lewis vs. Browne,Johny Hendricks vs. Hector Lombard,Johny Hendricks,-152
2017-02-19,UFC Fight Night: Lewis vs. Browne,Johny Hendricks vs. Hector Lombard,Hector Lombard,152
2016-07-09,UFC 200: Tate vs Nunes,Johny Hendricks vs. Kelvin Gastelum,Johny Hendricks,137
2016-07-09,UFC 200: Tate vs Nunes,Johny Hendricks vs. Kelvin Gastelum,Kelvin Gastelum,-137
2016-12-30,UFC 207: Nunes vs. Rousey,Johny Hendricks vs. Neil Magny,Johny Hendricks,102
2016-12-30,UFC 207: Nunes vs. Rousey,Johny Hendricks vs. Neil Magny,Neil Magny,-102
2016-02-06,UFC Fight Night: Hendricks vs Thompson,Johny Hendricks vs. Stephen Thompson,Johny Hendricks,-131
2016-02-06,UFC Fight Night: Hendricks vs Thompson,Johny Hendricks vs. Stephen Thompson,Stephen Thompson,131
2016-04-23,UFC 197: Jones vs Saint Preux,Jon Jones vs. Ovince Saint Preux,Jon Jones,-316
2016-04-23,UFC 197: Jones vs Saint Preux,Jon Jones vs. Ovince Saint Preux,Ovince Saint Preux,316
2016-10-01,UFC Fight Night: Lineker vs. Dodson,Jonathan Wilson vs. Ion Cutelaba,Jonathan Wilson,111
2016-10-01,UFC Fight Night: Lineker vs. Dodson,Jonathan Wilson vs. Ion Cutelaba,Ion Cutelaba,-111
2016-02-21,UFC Fight Night: Cowboy vs Cowboy,Jonavin Webb vs. Nathan Coy,Jonavin Webb,120
2016-02-21,UFC Fight Night: Cowboy vs Cowboy,Jonavin Webb vs. Nathan Coy,Nathan Coy,-120
2017-07-07,The Ultimate Fighter: Redemption Finale,Jordan Johnson vs. Marcel Fortuna,Jordan Johnson,-138
2017-07-07,The Ultimate Fighter: Redemption Finale,Jordan Johnson vs. Marcel Fortuna,Marcel Fortuna,138
2017-07-08,UFC 213: Romero vs. Whittaker,Jordan Mein vs. Belal Muhammad,Jordan Mein,-155
2017-07-08,UFC 213: Romero vs. Whittaker,Jordan Mein vs. Belal Muhammad,Belal Muhammad,155
2015-07-12,The Ultimate Fighter: American Top Team vs. Blackzilians Finale,Jorge Masvidal vs. Cezar Ferreira,Jorge Masvidal,-128
2015-07-12,The Ultimate Fighter: American Top Team vs. Blackzilians Finale,Jorge Masvidal vs. Cezar Ferreira,Cezar Ferreira,128
2016-05-29,UFC Fight Night: Almeida vs Garbrandt,Jorge Masvidal vs. Lorenz Larkin,Jorge Masvidal,-163
2016-05-29,UFC Fight Night: Almeida vs Garbrandt,Jorge Masvidal vs. Lorenz Larkin,Lorenz Larkin,163
2015-12-12,UFC 194: Aldo vs McGregor,Jose Aldo vs. Conor McGregor,Jose Aldo,127
2015-12-12,UFC 194: Aldo vs McGregor,Jose Aldo vs. Conor McGregor,Conor McGregor,-127
2016-07-09,UFC 200: Tate vs Nunes,Jose Aldo vs. Frankie Edgar,Jose Aldo,134
2016-07-09,UFC 200: Tate vs Nunes,Jose Aldo vs. Frankie Edgar,Frankie Edgar,-134
2017-06-03,UFC 212: Aldo vs. Holloway,Jose Aldo vs. Max Holloway,Jose Aldo,132
2017-06-03,UFC 212: Aldo vs. Holloway,Jose Aldo vs. Max Holloway,Max Holloway,-132
2017-08-05,UFC Fight Night: Pettis vs. Moreno,Jose Quinonez vs. Diego Rivas,Jose Quinonez,-132
2017-08-05,UFC Fight Night: Pettis vs. Moreno,Jose Quinonez vs. Diego Rivas,Diego Rivas,132
2016-09-17,UFC Fight Night: Poirier vs. Johnson,Jose Quinonez vs. Joey Gomez,Jose Quinonez,-160
2016-09-17,UFC Fight Night: Poirier vs. Johnson,Jose Quinonez vs. Joey Gomez,Joey Gomez,160
2015-10-03,UFC 192: Cormier vs Gustafsson,Joseph Benavidez vs. Ali Bagautinov,Joseph Benavidez,-125
2015-10-03,UFC 192: Cormier vs Gustafsson,Joseph Benavidez vs. Ali Bagautinov,Ali Bagautinov,125
2016-12-03,The Ultimate Fighter: Tournament of Champions Finale,Joseph Benavidez vs. Henry Cejudo,Joseph Benavidez,111
2016-12-03,The Ultimate Fighter: Tournament of Champions Finale,Joseph Benavidez vs. Henry Cejudo,Henry Cejudo,-111
2016-02-06,UFC Fight Night: Hendricks vs Thompson,Joseph Benavidez vs. Zach Makovsky,Joseph Benavidez,-101
2016-02-06,UFC Fight Night: Hendricks vs Thompson,Joseph Benavidez vs. Zach Makovsky,Zach Makovsky,101
2016-01-30,UFC on FOX: Johnson vs. Bader,Josh Barnett vs. Ben Rothwell,Josh Barnett,-146
2016-01-30,UFC on FOX: Johnson vs. Bader,Josh Barnett vs. Ben Rothwell,Ben Rothwell,146
2015-09-26,UFC Fight Night: Barnett vs Nelson,Josh Barnett vs. Roy Nelson,Josh Barnett,-159
2015-09-26,UFC Fight Night: Barnett vs Nelson,Josh Barnett vs. Roy Nelson,Roy Nelson,159
2016-12-17,UFC on FOX: VanZant vs. Waterson,Josh Emmett vs. Scott Holtzman,Josh Emmett,150
2016-12-17,UFC on FOX: VanZant vs. Waterson,Josh Emmett vs. Scott Holtzman,Scott Holtzman,-150
2015-07-12,The Ultimate Fighter: American Top Team vs. Blackzilians Finale,Josh Samman vs. Caio Magalhaes,Josh Samman,120
2015-07-12,The Ultimate Fighter: American Top Team vs. Blackzilians Finale,Josh Samman vs. Caio Magalhaes,Caio Magalhaes,-120
2015-12-19,UFC on FOX: Dos Anjos vs. Cowboy 2,Josh Samman vs. Tamdan McCrory,Josh Samman,107
2015-12-19,UFC on FOX: Dos Anjos vs. Cowboy 2,Josh Samman vs. Tamdan McCrory,Tamdan McCrory,-107
2016-12-03,The Ultimate Fighter: Tournament of Champions Finale,Josh Stansbury vs. Devin Clark,Josh Stansbury,111
2016-12-03,The Ultimate Fighter: Tournament of Champions Finale,Josh Stansbury vs. Devin Clark,Devin Clark,-111
2017-06-25,UFC Fight Night: Chiesa vs. Lee,Josh Stansbury vs. Jeremy Kimball,Josh Stansbury,-109
2017-06-25,UFC Fight Night: Chiesa vs. Lee,Josh Stansbury vs. Jeremy Kimball,Jeremy Kimball,109
2015-07-15,UFC Fight Night: Mir vs Duffee,Josh Thomson vs. Tony Ferguson,Josh Thomson,180
2015-07-15,UFC Fight Night: Mir vs Duffee,Josh Thomson vs. Tony Ferguson,Tony Ferguson,-180
2017-07-29,UFC 214: Cormier vs. Jones 2,Joshua Burkman vs. Drew Dober,Joshua Burkman,102
2017-07-29,UFC 214: Cormier vs. Jones 2,Joshua Burkman vs. Drew Dober,Drew Dober,-102
2016-02-06,UFC Fight Night: Hendricks vs Thompson,Joshua Burkman vs. KJ Noons,Joshua Burkman,112
2016-02-06,UFC Fight Night: Hendricks vs Thompson,Joshua Burkman vs. KJ Noons,KJ Noons,-112
2016-05-29,UFC Fight Night: Almeida vs Garbrandt,Joshua Burkman vs. Paul Felder,Joshua Burkman,118
2016-05-29,UFC Fight Night: Almeida vs Garbrandt,Joshua Burkman vs. Paul Felder,Paul Felder,-118
2016-03-05,UFC 196: McGregor vs Diaz,Julian Erosa vs. Teruto Ishihara,Julian Erosa,-106
2016-03-05,UFC 196: McGregor vs Diaz,Julian Erosa vs. Teruto Ishihara,Teruto Ishihara,106
2015-12-19,UFC on FOX: Dos Anjos vs. Cowboy 2,Junior Dos Santos vs. Alistair Overeem,Junior Dos Santos,-106
2015-12-19,UFC on FOX: Dos Anjos vs. Cowboy 2,Junior Dos Santos vs. Alistair Overeem,Alistair Overeem,106
2016-09-24,UFC Fight Night: Cyborg vs. Lansberg,Jussier Formiga vs. Dustin Ortiz,Jussier Formiga,149
2016-09-24,UFC Fight Night: Cyborg vs. Lansberg,Jussier Formiga vs. Dustin Ortiz,Dustin Ortiz,-149
2015-11-21,UFC Fight Night: Magny vs Gastelum,Jussier Formiga vs. Henry Cejudo,Jussier Formiga,171
2015-11-21,UFC Fight Night: Magny vs Gastelum,Jussier Formiga vs. Henry Cejudo,Henry Cejudo,-171
2017-03-11,UFC Fight Night: Belfort vs. Gastelum,Jussier Formiga vs. Ray Borg,Jussier Formiga,221
2017-03-11,UFC Fight Night: Belfort vs. Gastelum,Jussier Formiga vs. Ray Borg,Ray Borg,-221
2017-09-22,UFC Fight Night: Saint Preux vs. Okami,Jussier Formiga vs. Yuta Sasaki,Jussier Formiga,103
2017-09-22,UFC Fight Night: Saint Preux vs. Okami,Jussier Formiga vs. Yuta Sasaki,Yuta Sasaki,-103
2017-06-17,UFC Fight Night: Holm vs. Correia,Justin Scoggins vs. Yuta Sasaki,Justin Scoggins,-198
2017-06-17,UFC Fight Night: Holm vs. Correia,Justin Scoggins vs. Yuta Sasaki,Yuta Sasaki,198
2017-09-09,UFC 215: Nunes vs Shevchenko 2,Kajan Johnson vs. Adriano Martins,Kajan Johnson,-115
2017-09-09,UFC 215: Nunes vs Shevchenko 2,Kajan Johnson vs. Adriano Martins,Adriano Martins,115
2016-07-23,UFC on FOX: Holm vs. Shevchenko,Kamaru Usman vs. Alexander Yakovlev,Kamaru Usman,-203
2016-07-23,UFC on FOX: Holm vs. Shevchenko,Kamaru Usman vs. Alexander Yakovlev,Alexander Yakovlev,203
2015-12-19,UFC on FOX: Dos Anjos vs. Cowboy 2,Kamaru Usman vs. Leon Edwards,Kamaru Usman,-218
2015-12-19,UFC on FOX: Dos Anjos vs. Cowboy 2,Kamaru Usman vs. Leon Edwards,Leon Edwards,218
2017-04-08,UFC 210: Cormier vs. Johnson 2,Kamaru Usman vs. Sean Strickland,Kamaru Usman,-115
2017-04-08,UFC 210: Cormier vs. Johnson 2,Kamaru Usman vs. Sean Strickland,Sean Strickland,115
2017-09-16,UFC Fight Night: Rockhold vs. Branch,Kamaru Usman vs. Sergio Moraes,Kamaru Usman,-242
2017-09-16,UFC Fight Night: Rockhold vs. Branch,Kamaru Usman vs. Sergio Moraes,Sergio Moraes,242
2015-09-26,UFC Fight Night: Barnett vs Nelson,Katsunori Kikuno vs. Diego Brandao,Katsunori Kikuno,114
2015-09-26,UFC Fight Night: Barnett vs Nelson,Katsunori Kikuno vs. Diego Brandao,Diego Brandao,-114
2016-10-01,UFC Fight Night: Lineker vs. Dodson,Keita Nakamura vs. Elizeu Zaleski dos Santos,Keita Nakamura,175
2016-10-01,UFC Fight Night: Lineker vs. Dodson,Keita Nakamura vs. Elizeu Zaleski dos Santos,Elizeu Zaleski dos Santos,-175
2015-09-26,UFC Fight Night: Barnett vs Nelson,Keita Nakamura vs. Li Jingliang,Keita Nakamura,117
2015-09-26,UFC Fight Night: Barnett vs Nelson,Keita Nakamura vs. Li Jingliang,Li Jingliang,-117
2015-07-25,UFC on FOX: Dillashaw vs. Barao II,Kenny Robertson vs. Ben Saunders,Kenny Robertson,-105
2015-07-25,UFC on FOX: Dillashaw vs. Barao II,Kenny Robertson vs. Ben Saunders,Ben Saunders,105
2016-06-04,UFC 199: Rockhold vs. Bisping 2,Kevin Casey vs. Elvis Mutapcic,Kevin Casey,-110
2016-06-04,UFC 199: Rockhold vs. Bisping 2,Kevin Casey vs. Elvis Mutapcic,Elvis Mutapcic,110
2015-07-15,UFC Fight Night: Mir vs Duffee,Kevin Casey vs. Ildemar Alcantara,Kevin Casey,132
2015-07-15,UFC Fight Night: Mir vs Duffee,Kevin Casey vs. Ildemar Alcantara,Ildemar Alcantara,-132
2015-07-15,UFC Fight Night: Mir vs Duffee,Kevin Lee vs. James Moontasri,Kevin Lee,-127
2015-07-15,UFC Fight Night: Mir vs Duffee,Kevin Lee vs. James Moontasri,James Moontasri,127
2016-11-19,UFC Fight Night: Mousasi vs. Hall 2,Kevin Lee vs. Magomed Mustafaev,Kevin Lee,-196
2016-11-19,UFC Fight Night: Mousasi vs. Hall 2,Kevin Lee vs. Magomed Mustafaev,Magomed Mustafaev,196
2016-11-12,UFC 205: Alvarez vs McGregor,Khabib Nurmagomedov vs. Michael Johnson,Khabib Nurmagomedov,-166
2016-11-12,UFC 205: Alvarez vs McGregor,Khabib Nurmagomedov vs. Michael Johnson,Michael Johnson,166
2017-07-16,UFC Fight Night: Nelson vs. Ponzinibbio,Khalil Rountree Jr. vs. Paul Craig,Khalil Rountree Jr.,-105
2017-07-16,UFC Fight Night: Nelson vs. Ponzinibbio,Khalil Rountree Jr. vs. Paul Craig,Paul Craig,105
2017-06-10,UFC Fight Night: Lewis vs. Hunt,Kiichi Kunimoto vs. Zak Ottow,Kiichi Kunimoto,150
2017-06-10,UFC Fight Night: Lewis vs. Hunt,Kiichi Kunimoto vs. Zak Ottow,Zak Ottow,-150
2017-04-15,UFC on FOX: Johnson vs. Reis,King Green vs. Rashid Magomedov,King Green,101
2017-04-15,UFC on FOX: Johnson vs. Reis,King Green vs. Rashid Magomedov,Rashid Magomedov,-101
2017-05-13,UFC 211: Miocic vs. Dos Santos,Krzysztof Jotko vs. David Branch,Krzysztof Jotko,-119
2017-05-13,UFC 211: Miocic vs. Dos Santos,Krzysztof Jotko vs. David Branch,David Branch,119
2017-09-16,UFC Fight Night: Rockhold vs. Branch,Krzysztof Jotko vs. Uriah Hall,Krzysztof Jotko,-137
2017-09-16,UFC Fight Night: Rockhold vs. Branch,Krzysztof Jotko vs. Uriah Hall,Uriah Hall,137
2017-06-17,UFC Fight Night: Holm vs. Correia,Kwan Ho Kwak vs. Russell Doane,Kwan Ho Kwak,145
2017-06-17,UFC Fight Night: Holm vs. Correia,Kwan Ho Kwak vs. Russell Doane,Russell Doane,-145
2017-07-22,UFC Fight Night: Weidman vs. Gastelum,Kyle Bochniak vs. Jeremy Kennedy,Kyle Bochniak,186
2017-07-22,UFC Fight Night: Weidman vs. Gastelum,Kyle Bochniak vs. Jeremy Kennedy,Jeremy Kennedy,-186
2016-07-13,UFC Fight Night: McDonald vs. Lineker,Kyle Noke vs. Keita Nakamura,Kyle Noke,-191
2016-07-13,UFC Fight Night: McDonald vs. Lineker,Kyle Noke vs. Keita Nakamura,Keita Nakamura,191
2016-11-26,UFC Fight Night: Whittaker vs. Brunson,Kyle Noke vs. Omari Akhmedov,Kyle Noke,-117
2016-11-26,UFC Fight Night: Whittaker vs. Brunson,Kyle Noke vs. Omari Akhmedov,Omari Akhmedov,117
2015-11-14,UFC 193: Rousey vs Holm,Kyle Noke vs. Peter Sobotta,Kyle Noke,-137
2015-11-14,UFC 193: Rousey vs Holm,Kyle Noke vs. Peter Sobotta,Peter Sobotta,137
2016-11-19,UFC Fight Night: Mousasi vs. Hall 2,Kyoji Horiguchi vs. Ali Bagautinov,Kyoji Horiguchi,-142
2016-11-19,UFC Fight Night: Mousasi vs. Hall 2,Kyoji Horiguchi vs. Ali Bagautinov,Ali Bagautinov,142
2015-09-26,UFC Fight Night: Barnett vs Nelson,Kyoji Horiguchi vs. Chico Camus,Kyoji Horiguchi,-137
2015-09-26,UFC Fight Night: Barnett vs Nelson,Kyoji Horiguchi vs. Chico Camus,Chico Camus,137
2016-05-08,UFC Fight Night: Overeem vs Arlovski,Kyoji Horiguchi vs. Neil Seery,Kyoji Horiguchi,-151
2016-05-08,UFC Fight Night: Overeem vs Arlovski,Kyoji Horiguchi vs. Neil Seery,Neil Seery,151
2017-03-04,UFC 209: Woodley vs. Thompson 2,Lando Vannata vs. David Teymur,Lando Vannata,174
2017-03-04,UFC 209: Woodley vs. Thompson 2,Lando Vannata vs. David Teymur,David Teymur,-174
2016-10-08,UFC 204: Bisping vs. Henderson,Leon Edwards vs. Albert Tumenov,Leon Edwards,107
2016-10-08,UFC 204: Bisping vs. Henderson,Leon Edwards vs. Albert Tumenov,Albert Tumenov,-107
2017-09-02,UFC Fight Night: Volkov vs. Struve,Leon Edwards vs. Bryan Barberena,Leon Edwards,109
2017-09-02,UFC Fight Night: Volkov vs. Struve,Leon Edwards vs. Bryan Barberena,Bryan Barberena,-109
2016-05-08,UFC Fight Night: Overeem vs Arlovski,Leon Edwards vs. Dominic Waters,Leon Edwards,-109
2016-05-08,UFC Fight Night: Overeem vs Arlovski,Leon Edwards vs. Dominic Waters,Dominic Waters,109
2015-07-18,UFC Fight Night: Bisping vs Leites,Leon Edwards vs. Pawel Pawlak,Leon Edwards,-112
2015-07-18,UFC Fight Night: Bisping vs Leites,Leon Edwards vs. Pawel Pawlak,Pawel Pawlak,112
2017-03-18,UFC Fight Night: Manuwa vs. Anderson,Leon Edwards vs. Vicente Luque,Leon Edwards,102
2017-03-18,UFC Fight Night: Manuwa vs. Anderson,Leon Edwards vs. Vicente Luque,Vicente Luque,-102
2016-10-08,UFC 204: Bisping vs. Henderson,Leonardo Santos vs. Adriano Martins,Leonardo Santos,113
2016-10-08,UFC 204: Bisping vs. Henderson,Leonardo Santos vs. Adriano Martins,Adriano Martins,-113
2015-12-12,UFC 194: Aldo vs McGregor,Leonardo Santos vs. Kevin Lee,Leonardo Santos,258
2015-12-12,UFC 194: Aldo vs McGregor,Leonardo Santos vs. Kevin Lee,Kevin Lee,-258
2016-07-08,The Ultimate Fighter: Team Joanna vs. Team Cláudia Finale,Li Jingliang vs. Anton Zafir,Li Jingliang,-104
2016-07-08,The Ultimate Fighter: Team Joanna vs. Team Cláudia Finale,Li Jingliang vs. Anton Zafir,Anton Zafir,104
2016-01-02,UFC 195: Lawler vs Condit,Lorenz Larkin vs. Albert Tumenov,Lorenz Larkin,119
2016-01-02,UFC 195: Lawler vs Condit,Lorenz Larkin vs. Albert Tumenov,Albert Tumenov,-119
2016-07-13,UFC Fight Night: McDonald vs. Lineker,Louis Smolka vs. Ben Nguyen,Louis Smolka,-107
2016-07-13,UFC Fight Night: McDonald vs. Lineker,Louis Smolka vs. Ben Nguyen,Ben Nguyen,107
2016-12-30,UFC 207: Nunes vs. Rousey,Louis Smolka vs. Ray Borg,Louis Smolka,120
2016-12-30,UFC 207: Nunes vs. Rousey,Louis Smolka vs. Ray Borg,Ray Borg,-120
2017-04-15,UFC on FOX: Johnson vs. Reis,Louis Smolka vs. Tim Elliott,Louis Smolka,115
2017-04-15,UFC on FOX: Johnson vs. Reis,Louis Smolka vs. Tim Elliott,Tim Elliott,-115
2017-06-03,UFC 212: Aldo vs. Holloway,Luan Chagas vs. Jim Wallhead,Luan Chagas,-141
2017-06-03,UFC 212: Aldo vs. Holloway,Luan Chagas vs. Jim Wallhead,Jim Wallhead,141
2016-11-19,UFC Fight Night: Bader vs. Nogueira,Luis Henrique vs. Christian Colombo,Luis Henrique,-170
2016-11-19,UFC Fight Night: Bader vs. Nogueira,Luis Henrique vs. Christian Colombo,Christian Colombo,170
2017-09-16,UFC Fight Night: Rockhold vs. Branch,Luke Rockhold vs. David Branch,Luke Rockhold,117
2017-09-16,UFC Fight Night: Rockhold vs. Branch,Luke Rockhold vs. David Branch,David Branch,-117
2016-06-04,UFC 199: Rockhold vs. Bisping 2,Luke Rockhold vs. Michael Bisping,Luke Rockhold,106
2016-06-04,UFC 199: Rockhold vs. Bisping 2,Luke Rockhold vs. Michael Bisping,Michael Bisping,-106
2017-07-22,UFC Fight Night: Weidman vs. Gastelum,Lyman Good vs. Elizeu Zaleski dos Santos,Lyman Good,119
2017-07-22,UFC Fight Night: Weidman vs. Gastelum,Lyman Good vs. Elizeu Zaleski dos Santos,Elizeu Zaleski dos Santos,-119
2015-06-27,UFC Fight Night: Machida vs Romero,Lyoto Machida vs. Yoel Romero,Lyoto Machida,-114
2015-06-27,UFC Fight Night: Machida vs Romero,Lyoto Machida vs. Yoel Romero,Yoel Romero,114
2016-05-08,UFC Fight Night: Overeem vs Arlovski,Magnus Cedenblad vs. Garreth McLellan,Magnus Cedenblad,108
2016-05-08,UFC Fight Night: Overeem vs Arlovski,Magnus Cedenblad vs. Garreth McLellan,Garreth McLellan,-108
2015-06-20,UFC Fight Night: Jedrzejczyk vs Penne,Mairbek Taisumov vs. Alan Patrick,Mairbek Taisumov,-166
2015-06-20,UFC Fight Night: Jedrzejczyk vs Penne,Mairbek Taisumov vs. Alan Patrick,Alan Patrick,166
2017-09-02,UFC Fight Night: Volkov vs. Struve,Mairbek Taisumov vs. Felipe Silva,Mairbek Taisumov,-256
2017-09-02,UFC Fight Night: Volkov vs. Struve,Mairbek Taisumov vs. Felipe Silva,Felipe Silva,256
2015-06-20,UFC Fight Night: Jedrzejczyk vs Penne,Makwan Amirkhani vs. Masio Fullen,Makwan Amirkhani,134
2015-06-20,UFC Fight Night: Jedrzejczyk vs Penne,Makwan Amirkhani vs. Masio Fullen,Masio Fullen,-134
2017-07-07,The Ultimate Fighter: Redemption Finale,Marc Diakiese vs. Drakkar Klose,Marc Diakiese,-121
2017-07-07,The Ultimate Fighter: Redemption Finale,Marc Diakiese vs. Drakkar Klose,Drakkar Klose,121
2017-03-18,UFC Fight Night: Manuwa vs. Anderson,Marc Diakiese vs. Teemu Packalen,Marc Diakiese,-130
2017-03-18,UFC Fight Night: Manuwa vs. Anderson,Marc Diakiese vs. Teemu Packalen,Teemu Packalen,130
2017-05-28,UFC Fight Night: Gustafsson vs. Teixeira,Marcin Held vs. Damir Hadzovic,Marcin Held,-180
2017-05-28,UFC Fight Night: Gustafsson vs. Teixeira,Marcin Held vs. Damir Hadzovic,Damir Hadzovic,180
2017-03-04,UFC 209: Woodley vs. Thompson 2,Marcin Tybura vs. Luis Henrique,Marcin Tybura,139
2017-03-04,UFC 209: Woodley vs. Thompson 2,Marcin Tybura vs. Luis Henrique,Luis Henrique,-139
2016-11-05,UFC Fight Night: Dos Anjos vs. Ferguson,Marco Beltran vs. Joe Soto,Marco Beltran,-113
2016-11-05,UFC Fight Night: Dos Anjos vs. Ferguson,Marco Beltran vs. Joe Soto,Joe Soto,113
2016-07-07,UFC Fight Night: Dos Anjos vs. Alvarez,Marco Beltran vs. Reginaldo Vieira,Marco Beltran,-115
2016-07-07,UFC Fight Night: Dos Anjos vs. Alvarez,Marco Beltran vs. Reginaldo Vieira,Reginaldo Vieira,115
2016-06-04,UFC 199: Rockhold vs. Bisping 2,Marco Polo Reyes vs. Dong Hyun Ma,Marco Polo Reyes,-103
2016-06-04,UFC 199: Rockhold vs. Bisping 2,Marco Polo Reyes vs. Dong Hyun Ma,Dong Hyun Ma,103
2016-11-05,UFC Fight Night: Dos Anjos vs. Ferguson,Marco Polo Reyes vs. Jason Novelli,Marco Polo Reyes,-119
2016-11-05,UFC Fight Night: Dos Anjos vs. Ferguson,Marco Polo Reyes vs. Jason Novelli,Jason Novelli,119
2016-04-23,UFC 197: Jones vs Saint Preux,Marcos Rogerio de Lima vs. Clint Hester,Marcos Rogerio de Lima,161
2016-04-23,UFC 197: Jones vs Saint Preux,Marcos Rogerio de Lima vs. Clint Hester,Clint Hester,-161
2015-08-23,UFC Fight Night: Holloway vs Oliveira,Marcos Rogerio de Lima vs. Nikita Krylov,Marcos Rogerio de Lima,146
2015-08-23,UFC Fight Night: Holloway vs Oliveira,Marcos Rogerio de Lima vs. Nikita Krylov,Nikita Krylov,-146
2015-11-14,UFC 193: Rousey vs Holm,Mark Hunt vs. Antonio Silva,Mark Hunt,-160
2015-11-14,UFC 193: Rousey vs Holm,Mark Hunt vs. Antonio Silva,Antonio Silva,160
2016-03-19,UFC Fight Night: Hunt vs Mir,Mark Hunt vs. Frank Mir,Mark Hunt,-129
2016-03-19,UFC Fight Night: Hunt vs Mir,Mark Hunt vs. Frank Mir,Frank Mir,129
2016-11-26,UFC Fight Night: Whittaker vs. Brunson,Marlon Vera vs. Guangyou Ning,Marlon Vera,108
2016-11-26,UFC Fight Night: Whittaker vs. Brunson,Marlon Vera vs. Guangyou Ning,Guangyou Ning,-108
2015-08-08,UFC Fight Night: Teixeira vs Saint Preux,Marlon Vera vs. Roman Salazar,Marlon Vera,-109
2015-08-08,UFC Fight Night: Teixeira vs Saint Preux,Marlon Vera vs. Roman Salazar,Roman Salazar,109
2016-07-30,UFC 201: Lawler vs. Woodley,Matt Brown vs. Jake Ellenberger,Matt Brown,-147
2016-07-30,UFC 201: Lawler vs. Woodley,Matt Brown vs. Jake Ellenberger,Jake Ellenberger,147
2015-07-11,UFC 189: Mendes vs McGregor,Matt Brown vs. Tim Means,Matt Brown,-119
2015-07-11,UFC 189: Mendes vs McGregor,Matt Brown vs. Tim Means,Tim Means,119
2016-05-14,UFC 198: Werdum vs Miocic,Mauricio Rua vs. Corey Anderson,Mauricio Rua,150
2016-05-14,UFC 198: Werdum vs Miocic,Mauricio Rua vs. Corey Anderson,Corey Anderson,-150
2017-03-11,UFC Fight Night: Belfort vs. Gastelum,Mauricio Rua vs. Gian Villante,Mauricio Rua,-125
2017-03-11,UFC Fight Night: Belfort vs. Gastelum,Mauricio Rua vs. Gian Villante,Gian Villante,125
2015-08-01,UFC 190: Rousey vs Correia,Mauricio Rua vs. Rogerio Nogueira,Mauricio Rua,-162
2015-08-01,UFC 190: Rousey vs Correia,Mauricio Rua vs. Rogerio Nogueira,Rogerio Nogueira,162
2016-12-10,UFC 206: Holloway vs. Pettis,Max Holloway vs. Anthony Pettis,Max Holloway,-149
2016-12-10,UFC 206: Holloway vs. Pettis,Max Holloway vs. Anthony Pettis,Anthony Pettis,149
2015-08-23,UFC Fight Night: Holloway vs Oliveira,Max Holloway vs. Charles Oliveira,Max Holloway,-136
2015-08-23,UFC Fight Night: Holloway vs Oliveira,Max Holloway vs. Charles Oliveira,Charles Oliveira,136
2015-12-12,UFC 194: Aldo vs McGregor,Max Holloway vs. Jeremy Stephens,Max Holloway,-113
2015-12-12,UFC 194: Aldo vs McGregor,Max Holloway vs. Jeremy Stephens,Jeremy Stephens,113
2016-06-04,UFC 199: Rockhold vs. Bisping 2,Max Holloway vs. Ricardo Lamas,Max Holloway,-189
2016-06-04,UFC 199: Rockhold vs. Bisping 2,Max Holloway vs. Ricardo Lamas,Ricardo Lamas,189
2015-07-12,The Ultimate Fighter: American Top Team vs. Blackzilians Finale,Maximo Blanco vs. Mike de la Torre,Maximo Blanco,-136
2015-07-12,The Ultimate Fighter: American Top Team vs. Blackzilians Finale,Maximo Blanco vs. Mike de la Torre,Mike de la Torre,136
2016-10-08,UFC 204: Bisping vs. Henderson,Michael Bisping vs. Dan Henderson,Michael Bisping,-269
2016-10-08,UFC 204: Bisping vs. Henderson,Michael Bisping vs. Dan Henderson,Dan Henderson,269
2015-07-18,UFC Fight Night: Bisping vs Leites,Michael Bisping vs. Thales Leites,Michael Bisping,-138
2015-07-18,UFC Fight Night: Bisping vs Leites,Michael Bisping vs. Thales Leites,Thales Leites,138
2017-06-25,UFC Fight Night: Chiesa vs. Lee,Michael Chiesa vs. Kevin Lee,Michael Chiesa,104
2017-06-25,UFC Fight Night: Chiesa vs. Lee,Michael Chiesa vs. Kevin Lee,Kevin Lee,-104
2016-07-30,UFC 201: Lawler vs. Woodley,Michael Graves vs. Bojan Velickovic,Michael Graves,-176
2016-07-30,UFC 201: Lawler vs. Woodley,Michael Graves vs. Bojan Velickovic,Bojan Velickovic,176
2015-08-08,UFC Fight Night: Teixeira vs Saint Preux,Michael Johnson vs. Beneil Dariush,Michael Johnson,-106
2015-08-08,UFC Fight Night: Teixeira vs Saint Preux,Michael Johnson vs. Beneil Dariush,Beneil Dariush,106
2015-12-19,UFC on FOX: Dos Anjos vs. Cowboy 2,Michael Johnson vs. Nate Diaz,Michael Johnson,-134
2015-12-19,UFC on FOX: Dos Anjos vs. Cowboy 2,Michael Johnson vs. Nate Diaz,Nate Diaz,134
2016-07-13,UFC Fight Night: McDonald vs. Lineker,Michael McDonald vs. John Lineker,Michael McDonald,122
2016-07-13,UFC Fight Night: McDonald vs. Lineker,Michael McDonald vs. John Lineker,John Lineker,-122
2016-01-02,UFC 195: Lawler vs Condit,Michael McDonald vs. Masanori Kanehara,Michael McDonald,-127
2016-01-02,UFC 195: Lawler vs Condit,Michael McDonald vs. Masanori Kanehara,Masanori Kanehara,127
2017-03-11,UFC Fight Night: Belfort vs. Gastelum,Michel Prazeres vs. Joshua Burkman,Michel Prazeres,-143
2017-03-11,UFC Fight Night: Belfort vs. Gastelum,Michel Prazeres vs. Joshua Burkman,Joshua Burkman,143
2016-07-07,UFC Fight Night: Dos Anjos vs. Alvarez,Mike Pyle vs. Alberto Mina,Mike Pyle,-120
2016-07-07,UFC Fight Night: Dos Anjos vs. Alvarez,Mike Pyle vs. Alberto Mina,Alberto Mina,120
2016-12-30,UFC 207: Nunes vs. Rousey,Mike Pyle vs. Alex Garcia,Mike Pyle,195
2016-12-30,UFC 207: Nunes vs. Rousey,Mike Pyle vs. Alex Garcia,Alex Garcia,-195
2016-02-06,UFC Fight Night: Hendricks vs Thompson,Mike Pyle vs. Sean Spencer,Mike Pyle,179
2016-02-06,UFC Fight Night: Hendricks vs Thompson,Mike Pyle vs. Sean Spencer,Sean Spencer,-179
2015-07-11,UFC 189: Mendes vs McGregor,Mike Swick vs. Alex Garcia,Mike Swick,179
2015-07-11,UFC 189: Mendes vs McGregor,Mike Swick vs. Alex Garcia,Alex Garcia,-179
2016-02-27,UFC Fight Night: Silva vs Bisping,Mike Wilkinson vs. Makwan Amirkhani,Mike Wilkinson,263
2016-02-27,UFC Fight Night: Silva vs Bisping,Mike Wilkinson vs. Makwan Amirkhani,Makwan Amirkhani,-263
2017-03-04,UFC 209: Woodley vs. Thompson 2,Mirsad Bektic vs. Darren Elkins,Mirsad Bektic,-123
2017-03-04,UFC 209: Woodley vs. Thompson 2,Mirsad Bektic vs. Darren Elkins,Darren Elkins,123
2016-10-08,UFC 204: Bisping vs. Henderson,Mirsad Bektic vs. Russell Doane,Mirsad Bektic,-162
2016-10-08,UFC 204: Bisping vs. Henderson,Mirsad Bektic vs. Russell Doane,Russell Doane,162
2017-09-09,UFC 215: Nunes vs Shevchenko 2,Mitch Clarke vs. Alex White,Mitch Clarke,125
2017-09-09,UFC 215: Nunes vs Shevchenko 2,Mitch Clarke vs. Alex White,Alex White,-125
2016-12-10,UFC 206: Holloway vs. Pettis,Mitch Gagnon vs. Matthew Lopez,Mitch Gagnon,-164
2016-12-10,UFC 206: Holloway vs. Pettis,Mitch Gagnon vs. Matthew Lopez,Matthew Lopez,164
2017-04-08,UFC 210: Cormier vs. Johnson 2,Myles Jury vs. Mike de la Torre,Myles Jury,-204
2017-04-08,UFC 210: Cormier vs. Johnson 2,Myles Jury vs. Mike de la Torre,Mike de la Torre,204
2015-09-26,UFC Fight Night: Barnett vs Nelson,Naoyuki Kotani vs. Kajan Johnson,Naoyuki Kotani,150
2015-09-26,UFC Fight Night: Barnett vs Nelson,Naoyuki Kotani vs. Kajan Johnson,Kajan Johnson,-150
2016-08-20,UFC 202: Diaz vs. McGregor 2,Nate Diaz vs. Conor McGregor,Nate Diaz,104
2016-08-20,UFC 202: Diaz vs. McGregor 2,Nate Diaz vs. Conor McGregor,Conor McGregor,-104
2017-01-28,UFC on FOX: Shevchenko vs. Pena,Nate Marquardt vs. Sam Alvey,Nate Marquardt,-128
2017-01-28,UFC on FOX: Shevchenko vs. Pena,Nate Marquardt vs. Sam Alvey,Sam Alvey,128
2016-10-01,UFC Fight Night: Lineker vs. Dodson,Nate Marquardt vs. Tamdan McCrory,Nate Marquardt,116
2016-10-01,UFC Fight Night: Lineker vs. Dodson,Nate Marquardt vs. Tamdan McCrory,Tamdan McCrory,-116
2015-08-23,UFC Fight Night: Holloway vs Oliveira,Neil Magny vs. Erick Silva,Neil Magny,-178
2015-08-23,UFC Fight Night: Holloway vs Oliveira,Neil Magny vs. Erick Silva,Erick Silva,178
2015-11-21,UFC Fight Night: Magny vs Gastelum,Neil Magny vs. Kelvin Gastelum,Neil Magny,123
2015-11-21,UFC Fight Night: Magny vs Gastelum,Neil Magny vs. Kelvin Gastelum,Kelvin Gastelum,-123
2016-08-20,UFC 202: Diaz vs. McGregor 2,Neil Magny vs. Lorenz Larkin,Neil Magny,-162
2016-08-20,UFC 202: Diaz vs. McGregor 2,Neil Magny vs. Lorenz Larkin,Lorenz Larkin,162
2017-09-09,UFC 215: Nunes vs Shevchenko 2,Neil Magny vs. Rafael Dos Anjos,Neil Magny,-107
2017-09-09,UFC 215: Nunes vs Shevchenko 2,Neil Magny vs. Rafael Dos Anjos,Rafael Dos Anjos,107
2015-10-24,UFC Fight Night: Holohan vs Smolka,Neil Seery vs. Jon Delos Reyes,Neil Seery,100
2015-10-24,UFC Fight Night: Holohan vs Smolka,Neil Seery vs. Jon Delos Reyes,Jon Delos Reyes,-100
2015-07-11,UFC 189: Mendes vs McGregor,Neil Seery vs. Louis Smolka,Neil Seery,102
2015-07-11,UFC 189: Mendes vs McGregor,Neil Seery vs. Louis Smolka,Louis Smolka,-102
2017-05-28,UFC Fight Night: Gustafsson vs. Teixeira,Nicholas Musoke vs. Bojan Velickovic,Nicholas Musoke,105
2017-05-28,UFC Fight Night: Gustafsson vs. Teixeira,Nicholas Musoke vs. Bojan Velickovic,Bojan Velickovic,-105
2016-09-03,UFC Fight Night: Arlovski vs. Barnett,Nick Hein vs. Tae Hyun Bang,Nick Hein,-124
2016-09-03,UFC Fight Night: Arlovski vs. Barnett,Nick Hein vs. Tae Hyun Bang,Tae Hyun Bang,124
2015-10-24,UFC Fight Night: Holohan vs Smolka,Nicolas Dalby vs. Darren Till,Nicolas Dalby,107
2015-10-24,UFC Fight Night: Holohan vs Smolka,Nicolas Dalby vs. Darren Till,Darren Till,-107
2016-04-10,UFC Fight Night: Rothwell vs Dos Santos,Nicolas Dalby vs. Zak Cummings,Nicolas Dalby,121
2016-04-10,UFC Fight Night: Rothwell vs Dos Santos,Nicolas Dalby vs. Zak Cummings,Zak Cummings,-121
2016-07-30,UFC 201: Lawler vs. Woodley,Nikita Krylov vs. Ed Herman,Nikita Krylov,-164
2016-07-30,UFC 201: Lawler vs. Woodley,Nikita Krylov vs. Ed Herman,Ed Herman,164
2016-05-08,UFC Fight Night: Overeem vs Arlovski,Nikita Krylov vs. Francimar Barroso,Nikita Krylov,-143
2016-05-08,UFC Fight Night: Overeem vs Arlovski,Nikita Krylov vs. Francimar Barroso,Francimar Barroso,143
2016-12-10,UFC 206: Holloway vs. Pettis,Nikita Krylov vs. Misha Cirkunov,Nikita Krylov,115
2016-12-10,UFC 206: Holloway vs. Pettis,Nikita Krylov vs. Misha Cirkunov,Misha Cirkunov,-115
2015-06-20,UFC Fight Night: Jedrzejczyk vs Penne,Niklas Backstrom vs. Noad Lahat,Niklas Backstrom,115
2015-06-20,UFC Fight Night: Jedrzejczyk vs Penne,Niklas Backstrom vs. Noad Lahat,Noad Lahat,-115
2016-02-06,UFC Fight Night: Hendricks vs Thompson,Noad Lahat vs. Diego Rivas,Noad Lahat,-107
2016-02-06,UFC Fight Night: Hendricks vs Thompson,Noad Lahat vs. Diego Rivas,Diego Rivas,107
2017-02-19,UFC Fight Night: Lewis vs. Browne,Nordine Taleb vs. Santiago Ponzinibbio,Nordine Taleb,-126
2017-02-19,UFC Fight Night: Lewis vs. Browne,Nordine Taleb vs. Santiago Ponzinibbio,Santiago Ponzinibbio,126
2015-10-24,UFC Fight Night: Holohan vs Smolka,Norman Parke vs. Reza Madadi,Norman Parke,-127
2015-10-24,UFC Fight Night: Holohan vs Smolka,Norman Parke vs. Reza Madadi,Reza Madadi,127
2016-02-27,UFC Fight Night: Silva vs Bisping,Norman Parke vs. Rustam Khabilov,Norman Parke,-120
2016-02-27,UFC Fight Night: Silva vs Bisping,Norman Parke vs. Rustam Khabilov,Rustam Khabilov,120
2016-01-30,UFC on FOX: Johnson vs. Bader,Olivier Aubin-Mercier vs. Diego Ferreira,Olivier Aubin-Mercier,-117
2016-01-30,UFC on FOX: Johnson vs. Bader,Olivier Aubin-Mercier vs. Diego Ferreira,Diego Ferreira,117
2016-12-10,UFC 206: Holloway vs. Pettis,Olivier Aubin-Mercier vs. Drew Dober,Olivier Aubin-Mercier,-158
2016-12-10,UFC 206: Holloway vs. Pettis,Olivier Aubin-Mercier vs. Drew Dober,Drew Dober,158
2016-06-18,UFC Fight Night: MacDonald vs Thompson,Olivier Aubin-Mercier vs. Thibault Gouti,Olivier Aubin-Mercier,-151
2016-06-18,UFC Fight Night: MacDonald vs Thompson,Olivier Aubin-Mercier vs. Thibault Gouti,Thibault Gouti,151
2015-08-23,UFC Fight Night: Holloway vs Oliveira,Olivier Aubin-Mercier vs. Tony Sims,Olivier Aubin-Mercier,-139
2015-08-23,UFC Fight Night: Holloway vs Oliveira,Olivier Aubin-Mercier vs. Tony Sims,Tony Sims,139
2016-04-16,UFC on FOX: Teixeira vs Evans,Oluwale Bamgbose vs. Cezar Ferreira,Oluwale Bamgbose,140
2016-04-16,UFC on FOX: Teixeira vs Evans,Oluwale Bamgbose vs. Cezar Ferreira,Cezar Ferreira,-140
2015-12-10,UFC Fight Night: Namajunas vs. VanZant,Omari Akhmedov vs. Sergio Moraes,Omari Akhmedov,-129
2015-12-10,UFC Fight Night: Namajunas vs. VanZant,Omari Akhmedov vs. Sergio Moraes,Sergio Moraes,129
2016-10-08,UFC 204: Bisping vs. Henderson,Ovince Saint Preux vs. Jimi Manuwa,Ovince Saint Preux,-112
2016-10-08,UFC 204: Bisping vs. Henderson,Ovince Saint Preux vs. Jimi Manuwa,Jimi Manuwa,112
2017-04-22,UFC Fight Night: Swanson vs. Lobov,Ovince Saint Preux vs. Marcos Rogerio de Lima,Ovince Saint Preux,133
2017-04-22,UFC Fight Night: Swanson vs. Lobov,Ovince Saint Preux vs. Marcos Rogerio de Lima,Marcos Rogerio de Lima,-133
2016-02-06,UFC Fight Night: Hendricks vs Thompson,Ovince Saint Preux vs. Rafael Cavalcante,Ovince Saint Preux,-160
2016-02-06,UFC Fight Night: Hendricks vs Thompson,Ovince Saint Preux vs. Rafael Cavalcante,Rafael Cavalcante,160
2015-10-24,UFC Fight Night: Holohan vs Smolka,Paddy Holohan vs. Louis Smolka,Paddy Holohan,100
2015-10-24,UFC Fight Night: Holohan vs Smolka,Paddy Holohan vs. Louis Smolka,Louis Smolka,-100
2015-07-18,UFC Fight Night: Bisping vs Leites,Paddy Holohan vs. Vaughan Lee,Paddy Holohan,-109
2015-07-18,UFC Fight Night: Bisping vs Leites,Paddy Holohan vs. Vaughan Lee,Vaughan Lee,109
2016-01-17,UFC Fight Night: Dillashaw vs Cruz,Patrick Cote vs. Ben Saunders,Patrick Cote,193
2016-01-17,UFC Fight Night: Dillashaw vs Cruz,Patrick Cote vs. Ben Saunders,Ben Saunders,-193
2015-08-23,UFC Fight Night: Holloway vs Oliveira,Patrick Cote vs. Joshua Burkman,Patrick Cote,175
2015-08-23,UFC Fight Night: Holloway vs Oliveira,Patrick Cote vs. Joshua Burkman,Joshua Burkman,-175
2017-07-22,UFC Fight Night: Weidman vs. Gastelum,Patrick Cummins vs. Gian Villante,Patrick Cummins,-160
2017-07-22,UFC Fight Night: Weidman vs. Gastelum,Patrick Cummins vs. Gian Villante,Gian Villante,160
2017-04-08,UFC 210: Cormier vs. Johnson 2,Patrick Cummins vs. Jan Blachowicz,Patrick Cummins,-121
2017-04-08,UFC 210: Cormier vs. Johnson 2,Patrick Cummins vs. Jan Blachowicz,Jan Blachowicz,121
2017-02-19,UFC Fight Night: Lewis vs. Browne,Paul Felder vs. Alex Ricci,Paul Felder,-113
2017-02-19,UFC Fight Night: Lewis vs. Browne,Paul Felder vs. Alex Ricci,Alex Ricci,113
2016-01-17,UFC Fight Night: Dillashaw vs Cruz,Paul Felder vs. Daron Cruickshank,Paul Felder,-110
2016-01-17,UFC Fight Night: Dillashaw vs Cruz,Paul Felder vs. Daron Cruickshank,Daron Cruickshank,110
2017-06-03,UFC 212: Aldo vs. Holloway,Paulo Costa vs. Oluwale Bamgbose,Paulo Costa,-116
2017-06-03,UFC 212: Aldo vs. Holloway,Paulo Costa vs. Oluwale Bamgbose,Oluwale Bamgbose,116
2017-05-28,UFC Fight Night: Gustafsson vs. Teixeira,Pedro Munhoz vs. Damian Stasiak,Pedro Munhoz,152
2017-05-28,UFC Fight Night: Gustafsson vs. Teixeira,Pedro Munhoz vs. Damian Stasiak,Damian Stasiak,-152
2015-11-07,UFC Fight Night: Belfort vs Henderson 3,Pedro Munhoz vs. Jimmie Rivera,Pedro Munhoz,-110
2015-11-07,UFC Fight Night: Belfort vs Henderson 3,Pedro Munhoz vs. Jimmie Rivera,Jimmie Rivera,110
2016-11-19,UFC Fight Night: Bader vs. Nogueira,Pedro Munhoz vs. Justin Scoggins,Pedro Munhoz,263
2016-11-19,UFC Fight Night: Bader vs. Nogueira,Pedro Munhoz vs. Justin Scoggins,Justin Scoggins,-263
2017-05-28,UFC Fight Night: Gustafsson vs. Teixeira,Peter Sobotta vs. Ben Saunders,Peter Sobotta,113
2017-05-28,UFC Fight Night: Gustafsson vs. Teixeira,Peter Sobotta vs. Ben Saunders,Ben Saunders,-113
2016-09-03,UFC Fight Night: Arlovski vs. Barnett,Peter Sobotta vs. Nicolas Dalby,Peter Sobotta,137
2016-09-03,UFC Fight Night: Arlovski vs. Barnett,Peter Sobotta vs. Nicolas Dalby,Nicolas Dalby,-137
2015-08-01,UFC 190: Rousey vs Correia,Rafael Cavalcante vs. Patrick Cummins,Rafael Cavalcante,210
2015-08-01,UFC 190: Rousey vs Correia,Rafael Cavalcante vs. Patrick Cummins,Patrick Cummins,-210
2015-12-19,UFC on FOX: Dos Anjos vs. Cowboy 2,Rafael Dos Anjos vs. Donald Cerrone,Rafael Dos Anjos,-144
2015-12-19,UFC on FOX: Dos Anjos vs. Cowboy 2,Rafael Dos Anjos vs. Donald Cerrone,Donald Cerrone,144
2016-07-07,UFC Fight Night: Dos Anjos vs. Alvarez,Rafael Dos Anjos vs. Eddie Alvarez,Rafael Dos Anjos,-231
2016-07-07,UFC Fight Night: Dos Anjos vs. Alvarez,Rafael Dos Anjos vs. Eddie Alvarez,Eddie Alvarez,231
2016-11-05,UFC Fight Night: Dos Anjos vs. Ferguson,Rafael Dos Anjos vs. Tony Ferguson,Rafael Dos Anjos,117
2016-11-05,UFC Fight Night: Dos Anjos vs. Ferguson,Rafael Dos Anjos vs. Tony Ferguson,Tony Ferguson,-117
2016-01-30,UFC on FOX: Johnson vs. Bader,Rafael Natal vs. Kevin Casey,Rafael Natal,-142
2016-01-30,UFC on FOX: Johnson vs. Bader,Rafael Natal vs. Kevin Casey,Kevin Casey,142
2016-11-12,UFC 205: Alvarez vs McGregor,Rafael Natal vs. Tim Boetsch,Rafael Natal,-176
2016-11-12,UFC 205: Alvarez vs McGregor,Rafael Natal vs. Tim Boetsch,Tim Boetsch,176
2017-02-11,UFC 208: Holm vs. De Randamie,Randy Brown vs. Belal Muhammad,Randy Brown,-123
2017-02-11,UFC 208: Holm vs. De Randamie,Randy Brown vs. Belal Muhammad,Belal Muhammad,123
2016-04-16,UFC on FOX: Teixeira vs Evans,Randy Brown vs. Michael Graves,Randy Brown,137
2016-04-16,UFC on FOX: Teixeira vs Evans,Randy Brown vs. Michael Graves,Michael Graves,-137
2017-03-11,UFC Fight Night: Belfort vs. Gastelum,Rani Yahya vs. Joe Soto,Rani Yahya,-120
2017-03-11,UFC Fight Night: Belfort vs. Gastelum,Rani Yahya vs. Joe Soto,Joe Soto,120
2015-07-15,UFC Fight Night: Mir vs Duffee,Rani Yahya vs. Masanori Kanehara,Rani Yahya,-103
2015-07-15,UFC Fight Night: Mir vs Duffee,Rani Yahya vs. Masanori Kanehara,Masanori Kanehara,103
2016-09-24,UFC Fight Night: Cyborg vs. Lansberg,Rani Yahya vs. Michinori Tanaka,Rani Yahya,110
2016-09-24,UFC Fight Night: Cyborg vs. Lansberg,Rani Yahya vs. Michinori Tanaka,Michinori Tanaka,-110
2017-03-04,UFC 209: Woodley vs. Thompson 2,Rashad Evans vs. Daniel Kelly,Rashad Evans,-156
2017-03-04,UFC 209: Woodley vs. Thompson 2,Rashad Evans vs. Daniel Kelly,Daniel Kelly,156
2016-02-06,UFC Fight Night: Hendricks vs Thompson,Ray Borg vs. Justin Scoggins,Ray Borg,121
2016-02-06,UFC Fight Night: Hendricks vs Thompson,Ray Borg vs. Justin Scoggins,Justin Scoggins,-121
2016-05-29,UFC Fight Night: Almeida vs Garbrandt,Renan Barao vs. Jeremy Stephens,Renan Barao,107
2016-05-29,UFC Fight Night: Almeida vs Garbrandt,Renan Barao vs. Jeremy Stephens,Jeremy Stephens,-107
2016-09-24,UFC Fight Night: Cyborg vs. Lansberg,Renan Barao vs. Phillipe Nover,Renan Barao,-197
2016-09-24,UFC Fight Night: Cyborg vs. Lansberg,Renan Barao vs. Phillipe Nover,Phillipe Nover,197
2016-05-14,UFC 198: Werdum vs Miocic,Renato Moicano vs. Zubaira Tukhugov,Renato Moicano,149
2016-05-14,UFC 198: Werdum vs Miocic,Renato Moicano vs. Zubaira Tukhugov,Zubaira Tukhugov,-149
2017-05-28,UFC Fight Night: Gustafsson vs. Teixeira,Reza Madadi vs. Joaquim Silva,Reza Madadi,-109
2017-05-28,UFC Fight Night: Gustafsson vs. Teixeira,Reza Madadi vs. Joaquim Silva,Joaquim Silva,109
2016-11-05,UFC Fight Night: Dos Anjos vs. Ferguson,Ricardo Lamas vs. Charles Oliveira,Ricardo Lamas,110
2016-11-05,UFC Fight Night: Dos Anjos vs. Ferguson,Ricardo Lamas vs. Charles Oliveira,Charles Oliveira,-110
2015-11-21,UFC Fight Night: Magny vs Gastelum,Ricardo Lamas vs. Diego Sanchez,Ricardo Lamas,-116
2015-11-21,UFC Fight Night: Magny vs Gastelum,Ricardo Lamas vs. Diego Sanchez,Diego Sanchez,116
2017-07-29,UFC 214: Cormier vs. Jones 2,Ricardo Lamas vs. Jason Knight,Ricardo Lamas,147
2017-07-29,UFC 214: Cormier vs. Jones 2,Ricardo Lamas vs. Jason Knight,Jason Knight,-147
2016-11-26,UFC Fight Night: Whittaker vs. Brunson,Richard Walsh vs. Jonathan Meunier,Richard Walsh,-173
2016-11-26,UFC Fight Night: Whittaker vs. Brunson,Richard Walsh vs. Jonathan Meunier,Jonathan Meunier,173
2015-11-14,UFC 193: Rousey vs Holm,Richard Walsh vs. Steve Kennedy,Richard Walsh,-203
2015-11-14,UFC 193: Rousey vs Holm,Richard Walsh vs. Steve Kennedy,Steve Kennedy,203
2016-03-19,UFC Fight Night: Hunt vs Mir,Richard Walsh vs. Viscardi Andrade,Richard Walsh,-160
2016-03-19,UFC Fight Night: Hunt vs Mir,Richard Walsh vs. Viscardi Andrade,Viscardi Andrade,160
2015-11-14,UFC 193: Rousey vs Holm,Richie Vaculik vs. Danny Martinez,Richie Vaculik,128
2015-11-14,UFC 193: Rousey vs Holm,Richie Vaculik vs. Danny Martinez,Danny Martinez,-128
2016-08-20,UFC 202: Diaz vs. McGregor 2,Rick Story vs. Donald Cerrone,Rick Story,-200
2016-08-20,UFC 202: Diaz vs. McGregor 2,Rick Story vs. Donald Cerrone,Donald Cerrone,200
2017-02-11,UFC 208: Holm vs. De Randamie,Ricky Glenn vs. Phillipe Nover,Ricky Glenn,-137
2017-02-11,UFC 208: Holm vs. De Randamie,Ricky Glenn vs. Phillipe Nover,Phillipe Nover,137
2016-09-17,UFC Fight Night: Poirier vs. Johnson,Roan Carneiro vs. Kenny Robertson,Roan Carneiro,-114
2016-09-17,UFC Fight Night: Poirier vs. Johnson,Roan Carneiro vs. Kenny Robertson,Kenny Robertson,114
2017-07-08,UFC 213: Romero vs. Whittaker,Rob Font vs. Douglas Silva de Andrade,Rob Font,-125
2017-07-08,UFC 213: Romero vs. Whittaker,Rob Font vs. Douglas Silva de Andrade,Douglas Silva de Andrade,125
2016-01-02,UFC 195: Lawler vs Condit,Robbie Lawler vs. Carlos Condit,Robbie Lawler,119
2016-01-02,UFC 195: Lawler vs Condit,Robbie Lawler vs. Carlos Condit,Carlos Condit,-119
2017-07-29,UFC 214: Cormier vs. Jones 2,Robbie Lawler vs. Donald Cerrone,Robbie Lawler,101
2017-07-29,UFC 214: Cormier vs. Jones 2,Robbie Lawler vs. Donald Cerrone,Donald Cerrone,-101
2015-07-11,UFC 189: Mendes vs McGregor,Robbie Lawler vs. Rory MacDonald,Robbie Lawler,204
2015-07-11,UFC 189: Mendes vs McGregor,Robbie Lawler vs. Rory MacDonald,Rory MacDonald,-204
2016-07-30,UFC 201: Lawler vs. Woodley,Robbie Lawler vs. Tyron Woodley,Robbie Lawler,115
2016-07-30,UFC 201: Lawler vs. Woodley,Robbie Lawler vs. Tyron Woodley,Tyron Woodley,-115
2016-04-10,UFC Fight Night: Rothwell vs Dos Santos,Robert Whiteford vs. Lucas Martins,Robert Whiteford,-114
2016-04-10,UFC Fight Night: Rothwell vs Dos Santos,Robert Whiteford vs. Lucas Martins,Lucas Martins,114
2015-07-18,UFC Fight Night: Bisping vs Leites,Robert Whiteford vs. Paul Redmond,Robert Whiteford,-144
2015-07-18,UFC Fight Night: Bisping vs Leites,Robert Whiteford vs. Paul Redmond,Paul Redmond,144
2016-11-26,UFC Fight Night: Whittaker vs. Brunson,Robert Whittaker vs. Derek Brunson,Robert Whittaker,116
2016-11-26,UFC Fight Night: Whittaker vs. Brunson,Robert Whittaker vs. Derek Brunson,Derek Brunson,-116
2016-04-23,UFC 197: Jones vs Saint Preux,Robert Whittaker vs. Rafael Natal,Robert Whittaker,-111
2016-04-23,UFC 197: Jones vs Saint Preux,Robert Whittaker vs. Rafael Natal,Rafael Natal,111
2016-05-14,UFC 198: Werdum vs Miocic,Rogerio Nogueira vs. Patrick Cummins,Rogerio Nogueira,163
2016-05-14,UFC 198: Werdum vs Miocic,Rogerio Nogueira vs. Patrick Cummins,Patrick Cummins,-163
2017-03-11,UFC Fight Night: Belfort vs. Gastelum,Rony Jason vs. Jeremy Kennedy,Rony Jason,144
2017-03-11,UFC Fight Night: Belfort vs. Gastelum,Rony Jason vs. Jeremy Kennedy,Jeremy Kennedy,-144
2016-06-18,UFC Fight Night: MacDonald vs Thompson,Rory MacDonald vs. Stephen Thompson,Rory MacDonald,-136
2016-06-18,UFC Fight Night: MacDonald vs Thompson,Rory MacDonald vs. Stephen Thompson,Stephen Thompson,136
2016-03-19,UFC Fight Night: Hunt vs Mir,Ross Pearson vs. Chad Laprise,Ross Pearson,-139
2016-03-19,UFC Fight Night: Hunt vs Mir,Ross Pearson vs. Chad Laprise,Chad Laprise,139
2016-01-17,UFC Fight Night: Dillashaw vs Cruz,Ross Pearson vs. Francisco Trinaldo,Ross Pearson,-121
2016-01-17,UFC Fight Night: Dillashaw vs Cruz,Ross Pearson vs. Francisco Trinaldo,Francisco Trinaldo,121
2016-07-30,UFC 201: Lawler vs. Woodley,Ross Pearson vs. Jorge Masvidal,Ross Pearson,160
2016-07-30,UFC 201: Lawler vs. Woodley,Ross Pearson vs. Jorge Masvidal,Jorge Masvidal,-160
2015-09-05,UFC 191: Johnson vs Dodson 2,Ross Pearson vs. Paul Felder,Ross Pearson,-184
2015-09-05,UFC 191: Johnson vs Dodson 2,Ross Pearson vs. Paul Felder,Paul Felder,184
2016-11-19,UFC Fight Night: Mousasi vs. Hall 2,Ross Pearson vs. Stevie Ray,Ross Pearson,111
2016-11-19,UFC Fight Night: Mousasi vs. Hall 2,Ross Pearson vs. Stevie Ray,Stevie Ray,-111
2016-09-24,UFC Fight Night: Cyborg vs. Lansberg,Roy Nelson vs. Antonio Silva,Roy Nelson,-117
2016-09-24,UFC Fight Night: Cyborg vs. Lansberg,Roy Nelson vs. Antonio Silva,Antonio Silva,117
2016-07-07,UFC Fight Night: Dos Anjos vs. Alvarez,Roy Nelson vs. Derrick Lewis,Roy Nelson,180
2016-07-07,UFC Fight Night: Dos Anjos vs. Alvarez,Roy Nelson vs. Derrick Lewis,Derrick Lewis,-180
2016-02-06,UFC Fight Night: Hendricks vs Thompson,Roy Nelson vs. Jared Rosholt,Roy Nelson,206
2016-02-06,UFC Fight Night: Hendricks vs Thompson,Roy Nelson vs. Jared Rosholt,Jared Rosholt,-206
2015-07-12,The Ultimate Fighter: American Top Team vs. Blackzilians Finale,Russell Doane vs. Jerrod Sanders,Russell Doane,-178
2015-07-12,The Ultimate Fighter: American Top Team vs. Blackzilians Finale,Russell Doane vs. Jerrod Sanders,Jerrod Sanders,178
2016-07-07,UFC Fight Night: Dos Anjos vs. Alvarez,Russell Doane vs. Pedro Munhoz,Russell Doane,-120
2016-07-07,UFC Fight Night: Dos Anjos vs. Alvarez,Russell Doane vs. Pedro Munhoz,Pedro Munhoz,120
2016-05-08,UFC Fight Night: Overeem vs Arlovski,Rustam Khabilov vs. Chris Wade,Rustam Khabilov,105
2016-05-08,UFC Fight Night: Overeem vs Arlovski,Rustam Khabilov vs. Chris Wade,Chris Wade,-105
2017-09-02,UFC Fight Night: Volkov vs. Struve,Rustam Khabilov vs. Desmond Green,Rustam Khabilov,-125
2017-09-02,UFC Fight Night: Volkov vs. Struve,Rustam Khabilov vs. Desmond Green,Desmond Green,125
2016-09-03,UFC Fight Night: Arlovski vs. Barnett,Rustam Khabilov vs. Leandro Silva,Rustam Khabilov,-145
2016-09-03,UFC Fight Night: Arlovski vs. Barnett,Rustam Khabilov vs. Leandro Silva,Leandro Silva,145
2016-09-03,UFC Fight Night: Arlovski vs. Barnett,Ryan Bader vs. Ilir Latifi,Ryan Bader,-150
2016-09-03,UFC Fight Night: Arlovski vs. Barnett,Ryan Bader vs. Ilir Latifi,Ilir Latifi,150
2015-10-03,UFC 192: Cormier vs Gustafsson,Ryan Bader vs. Rashad Evans,Ryan Bader,-118
2015-10-03,UFC 192: Cormier vs Gustafsson,Ryan Bader vs. Rashad Evans,Rashad Evans,118
2016-11-19,UFC Fight Night: Bader vs. Nogueira,Ryan Bader vs. Rogerio Nogueira,Ryan Bader,-184
2016-11-19,UFC Fight Night: Bader vs. Nogueira,Ryan Bader vs. Rogerio Nogueira,Rogerio Nogueira,184
2016-07-30,UFC 201: Lawler vs. Woodley,Ryan Benoit vs. Fredy Serrano,Ryan Benoit,153
2016-07-30,UFC 201: Lawler vs. Woodley,Ryan Benoit vs. Fredy Serrano,Fredy Serrano,-153
2017-07-22,UFC Fight Night: Weidman vs. Gastelum,Ryan LaFlare vs. Alex Oliveira,Ryan LaFlare,-114
2017-07-22,UFC Fight Night: Weidman vs. Gastelum,Ryan LaFlare vs. Alex Oliveira,Alex Oliveira,114
2015-12-11,The Ultimate Fighter: Team McGregor vs. Team Faber Finale,Ryan LaFlare vs. Mike Pierce,Ryan LaFlare,-132
2015-12-11,The Ultimate Fighter: Team McGregor vs. Team Faber Finale,Ryan LaFlare vs. Mike Pierce,Mike Pierce,132
2017-02-11,UFC 208: Holm vs. De Randamie,Ryan LaFlare vs. Roan Carneiro,Ryan LaFlare,-114
2017-02-11,UFC 208: Holm vs. De Randamie,Ryan LaFlare vs. Roan Carneiro,Roan Carneiro,114
2016-01-30,UFC on FOX: Johnson vs. Bader,Sage Northcutt vs. Bryan Barberena,Sage Northcutt,-199
2016-01-30,UFC on FOX: Johnson vs. Bader,Sage Northcutt vs. Bryan Barberena,Bryan Barberena,199
2015-12-10,UFC Fight Night: Namajunas vs. VanZant,Sage Northcutt vs. Cody Pfister,Sage Northcutt,-148
2015-12-10,UFC Fight Night: Namajunas vs. VanZant,Sage Northcutt vs. Cody Pfister,Cody Pfister,148
2016-07-09,UFC 200: Tate vs Nunes,Sage Northcutt vs. Enrique Marin,Sage Northcutt,-183
2016-07-09,UFC 200: Tate vs Nunes,Sage Northcutt vs. Enrique Marin,Enrique Marin,183
2016-12-17,UFC on FOX: VanZant vs. Waterson,Sage Northcutt vs. Mickey Gall,Sage Northcutt,111
2016-12-17,UFC on FOX: VanZant vs. Waterson,Sage Northcutt vs. Mickey Gall,Mickey Gall,-111
2016-11-05,UFC Fight Night: Dos Anjos vs. Ferguson,Sam Alvey vs. Alex Nicholson,Sam Alvey,-118
2016-11-05,UFC Fight Night: Dos Anjos vs. Ferguson,Sam Alvey vs. Alex Nicholson,Alex Nicholson,118
2016-08-27,UFC on FOX: Maia vs. Condit,Sam Alvey vs. Kevin Casey,Sam Alvey,-159
2016-08-27,UFC on FOX: Maia vs. Condit,Sam Alvey vs. Kevin Casey,Kevin Casey,159
2017-08-05,UFC Fight Night: Pettis vs. Moreno,Sam Alvey vs. Rashad Evans,Sam Alvey,145
2017-08-05,UFC Fight Night: Pettis vs. Moreno,Sam Alvey vs. Rashad Evans,Rashad Evans,-145
2015-07-15,UFC Fight Night: Mir vs Duffee,Sam Sicilia vs. Yaotzin Meza,Sam Sicilia,-105
2015-07-15,UFC Fight Night: Mir vs Duffee,Sam Sicilia vs. Yaotzin Meza,Yaotzin Meza,105
2015-08-23,UFC Fight Night: Holloway vs Oliveira,Sam Stout vs. Frankie Perez,Sam Stout,130
2015-08-23,UFC Fight Night: Holloway vs Oliveira,Sam Stout vs. Frankie Perez,Frankie Perez,-130
2015-12-10,UFC Fight Night: Namajunas vs. VanZant,Santiago Ponzinibbio vs. Andreas Stahl,Santiago Ponzinibbio,102
2015-12-10,UFC Fight Night: Namajunas vs. VanZant,Santiago Ponzinibbio vs. Andreas Stahl,Andreas Stahl,-102
2015-06-27,UFC Fight Night: Machida vs Romero,Santiago Ponzinibbio vs. Lorenz Larkin,Santiago Ponzinibbio,103
2015-06-27,UFC Fight Night: Machida vs Romero,Santiago Ponzinibbio vs. Lorenz Larkin,Lorenz Larkin,-103
2016-08-06,UFC Fight Night: Rodriguez vs. Caceres,Santiago Ponzinibbio vs. Zak Cummings,Santiago Ponzinibbio,107
2016-08-06,UFC Fight Night: Rodriguez vs. Caceres,Santiago Ponzinibbio vs. Zak Cummings,Zak Cummings,-107
2015-06-20,UFC Fight Night: Jedrzejczyk vs Penne,Scott Askham vs. Antonio Dos Santos,Scott Askham,-102
2015-06-20,UFC Fight Night: Jedrzejczyk vs Penne,Scott Askham vs. Antonio Dos Santos,Antonio Dos Santos,102
2016-02-27,UFC Fight Night: Silva vs Bisping,Scott Askham vs. Chris Dempsey,Scott Askham,110
2016-02-27,UFC Fight Night: Silva vs Bisping,Scott Askham vs. Chris Dempsey,Chris Dempsey,-110
2015-10-24,UFC Fight Night: Holohan vs Smolka,Scott Askham vs. Krzysztof Jotko,Scott Askham,114
2015-10-24,UFC Fight Night: Holohan vs Smolka,Scott Askham vs. Krzysztof Jotko,Krzysztof Jotko,-114
2016-07-13,UFC Fight Night: McDonald vs. Lineker,Scott Holtzman vs. Cody Pfister,Scott Holtzman,-107
2016-07-13,UFC Fight Night: McDonald vs. Lineker,Scott Holtzman vs. Cody Pfister,Cody Pfister,107
2016-01-02,UFC 195: Lawler vs Condit,Scott Holtzman vs. Drew Dober,Scott Holtzman,-126
2016-01-02,UFC 195: Lawler vs Condit,Scott Holtzman vs. Drew Dober,Drew Dober,126
2017-04-22,UFC Fight Night: Swanson vs. Lobov,Scott Holtzman vs. Michael McBride,Scott Holtzman,-171
2017-04-22,UFC Fight Night: Swanson vs. Lobov,Scott Holtzman vs. Michael McBride,Michael McBride,171
2015-07-15,UFC Fight Night: Mir vs Duffee,Scott Jorgensen vs. Manvel Gamburyan,Scott Jorgensen,117
2015-07-15,UFC Fight Night: Mir vs Duffee,Scott Jorgensen vs. Manvel Gamburyan,Manvel Gamburyan,-117
2016-06-04,UFC 199: Rockhold vs. Bisping 2,Sean Strickland vs. Tom Breese,Sean Strickland,-118
2016-06-04,UFC 199: Rockhold vs. Bisping 2,Sean Strickland vs. Tom Breese,Tom Breese,118
2016-11-19,UFC Fight Night: Bader vs. Nogueira,Sergio Moraes vs. Zak Ottow,Sergio Moraes,108
2016-11-19,UFC Fight Night: Bader vs. Nogueira,Sergio Moraes vs. Zak Ottow,Zak Ottow,-108
2017-08-05,UFC Fight Night: Pettis vs. Moreno,Sergio Pettis vs. Brandon Moreno,Sergio Pettis,115
2017-08-05,UFC Fight Night: Pettis vs. Moreno,Sergio Pettis vs. Brandon Moreno,Brandon Moreno,-115
2016-04-23,UFC 197: Jones vs Saint Preux,Sergio Pettis vs. Chris Kelades,Sergio Pettis,-177
2016-04-23,UFC 197: Jones vs Saint Preux,Sergio Pettis vs. Chris Kelades,Chris Kelades,177
2016-10-01,UFC Fight Night: Lineker vs. Dodson,Shamil Abdurakhimov vs. Walt Harris,Shamil Abdurakhimov,-106
2016-10-01,UFC Fight Night: Lineker vs. Dodson,Shamil Abdurakhimov vs. Walt Harris,Walt Harris,106
2017-04-08,UFC 210: Cormier vs. Johnson 2,Shane Burgos vs. Charles Rosa,Shane Burgos,-137
2017-04-08,UFC 210: Cormier vs. Johnson 2,Shane Burgos vs. Charles Rosa,Charles Rosa,137
2017-07-22,UFC Fight Night: Weidman vs. Gastelum,Shane Burgos vs. Godofredo Pepey,Shane Burgos,-121
2017-07-22,UFC Fight Night: Weidman vs. Gastelum,Shane Burgos vs. Godofredo Pepey,Godofredo Pepey,121
2015-08-23,UFC Fight Night: Holloway vs Oliveira,Shane Campbell vs. Elias Silverio,Shane Campbell,189
2015-08-23,UFC Fight Night: Holloway vs Oliveira,Shane Campbell vs. Elias Silverio,Elias Silverio,-189
2015-10-03,UFC 192: Cormier vs Gustafsson,Shawn Jordan vs. Ruslan Magomedov,Shawn Jordan,102
2015-10-03,UFC 192: Cormier vs Gustafsson,Shawn Jordan vs. Ruslan Magomedov,Ruslan Magomedov,-102
2016-01-02,UFC 195: Lawler vs Condit,Sheldon Westcott vs. Edgar Garcia,Sheldon Westcott,137
2016-01-02,UFC 195: Lawler vs Condit,Sheldon Westcott vs. Edgar Garcia,Edgar Garcia,-137
2017-09-22,UFC Fight Night: Saint Preux vs. Okami,Shinsho Anzai vs. Luke Jumeau,Shinsho Anzai,-107
2017-09-22,UFC Fight Night: Saint Preux vs. Okami,Shinsho Anzai vs. Luke Jumeau,Luke Jumeau,107
2015-08-01,UFC 190: Rousey vs Correia,Stefan Struve vs. Antonio Rodrigo Nogueira,Stefan Struve,-115
2015-08-01,UFC 190: Rousey vs Correia,Stefan Struve vs. Antonio Rodrigo Nogueira,Antonio Rodrigo Nogueira,115
2016-10-08,UFC 204: Bisping vs. Henderson,Stefan Struve vs. Daniel Omielanczuk,Stefan Struve,-123
2016-10-08,UFC 204: Bisping vs. Henderson,Stefan Struve vs. Daniel Omielanczuk,Daniel Omielanczuk,123
2015-11-14,UFC 193: Rousey vs Holm,Stefan Struve vs. Jared Rosholt,Stefan Struve,152
2015-11-14,UFC 193: Rousey vs Holm,Stefan Struve vs. Jared Rosholt,Jared Rosholt,-152
2016-06-18,UFC Fight Night: MacDonald vs Thompson,Steve Bosse vs. Sean O'Connell,Steve Bosse,-137
2016-06-18,UFC Fight Night: MacDonald vs Thompson,Steve Bosse vs. Sean O'Connell,Sean O'Connell,137
2015-07-18,UFC Fight Night: Bisping vs Leites,Stevie Ray vs. Leonardo Mafra,Stevie Ray,-105
2015-07-18,UFC Fight Night: Bisping vs Leites,Stevie Ray vs. Leonardo Mafra,Leonardo Mafra,105
2015-10-24,UFC Fight Night: Holohan vs Smolka,Stevie Ray vs. Mickael Lebout,Stevie Ray,-108
2015-10-24,UFC Fight Night: Holohan vs Smolka,Stevie Ray vs. Mickael Lebout,Mickael Lebout,108
2017-07-16,UFC Fight Night: Nelson vs. Ponzinibbio,Stevie Ray vs. Paul Felder,Stevie Ray,-109
2017-07-16,UFC Fight Night: Nelson vs. Ponzinibbio,Stevie Ray vs. Paul Felder,Paul Felder,109
2016-09-10,UFC 203: Miocic vs. Overeem,Stipe Miocic vs. Alistair Overeem,Stipe Miocic,102
2016-09-10,UFC 203: Miocic vs. Overeem,Stipe Miocic vs. Alistair Overeem,Alistair Overeem,-102
2016-01-02,UFC 195: Lawler vs Condit,Stipe Miocic vs. Andrei Arlovski,Stipe Miocic,-122
2016-01-02,UFC 195: Lawler vs Condit,Stipe Miocic vs. Andrei Arlovski,Andrei Arlovski,122
2017-05-13,UFC 211: Miocic vs. Dos Santos,Stipe Miocic vs. Junior Dos Santos,Stipe Miocic,-122
2017-05-13,UFC 211: Miocic vs. Dos Santos,Stipe Miocic vs. Junior Dos Santos,Junior Dos Santos,122
2016-01-17,UFC Fight Night: Dillashaw vs Cruz,TJ Dillashaw vs. Dominick Cruz,TJ Dillashaw,-131
2016-01-17,UFC Fight Night: Dillashaw vs Cruz,TJ Dillashaw vs. Dominick Cruz,Dominick Cruz,131
2016-12-30,UFC 207: Nunes vs. Rousey,TJ Dillashaw vs. John Lineker,TJ Dillashaw,-124
2016-12-30,UFC 207: Nunes vs. Rousey,TJ Dillashaw vs. John Lineker,John Lineker,124
2016-07-09,UFC 200: Tate vs Nunes,TJ Dillashaw vs. Raphael Assuncao,TJ Dillashaw,106
2016-07-09,UFC 200: Tate vs Nunes,TJ Dillashaw vs. Raphael Assuncao,Raphael Assuncao,-106
2015-07-25,UFC on FOX: Dillashaw vs. Barao II,TJ Dillashaw vs. Renan Barao,TJ Dillashaw,114
2015-07-25,UFC on FOX: Dillashaw vs. Barao II,TJ Dillashaw vs. Renan Barao,Renan Barao,-114
2015-11-28,UFC Fight Night: Henderson vs Masvidal,Tae Hyun Bang vs. Leo Kuntz,Tae Hyun Bang,-148
2015-11-28,UFC Fight Night: Henderson vs Masvidal,Tae Hyun Bang vs. Leo Kuntz,Leo Kuntz,148
2017-09-22,UFC Fight Night: Saint Preux vs. Okami,Takanori Gomi vs. Dong Hyun Ma,Takanori Gomi,144
2017-09-22,UFC Fight Night: Saint Preux vs. Okami,Takanori Gomi vs. Dong Hyun Ma,Dong Hyun Ma,-144
2017-06-17,UFC Fight Night: Holm vs. Correia,Takanori Gomi vs. Jon Tuck,Takanori Gomi,121
2017-06-17,UFC Fight Night: Holm vs. Correia,Takanori Gomi vs. Jon Tuck,Jon Tuck,-121
2015-09-26,UFC Fight Night: Barnett vs Nelson,Takeya Mizugaki vs. George Roop,Takeya Mizugaki,-111
2015-09-26,UFC Fight Night: Barnett vs Nelson,Takeya Mizugaki vs. George Roop,George Roop,111
2016-06-18,UFC Fight Night: MacDonald vs Thompson,Tamdan McCrory vs. Krzysztof Jotko,Tamdan McCrory,-107
2016-06-18,UFC Fight Night: MacDonald vs Thompson,Tamdan McCrory vs. Krzysztof Jotko,Krzysztof Jotko,107
2016-01-30,UFC on FOX: Johnson vs. Bader,Tarec Saffiedine vs. Jake Ellenberger,Tarec Saffiedine,176
2016-01-30,UFC on FOX: Johnson vs. Bader,Tarec Saffiedine vs. Jake Ellenberger,Jake Ellenberger,-176
2017-06-17,UFC Fight Night: Holm vs. Correia,Tarec Saffiedine vs. Rafael Dos Anjos,Tarec Saffiedine,170
2017-06-17,UFC Fight Night: Holm vs. Correia,Tarec Saffiedine vs. Rafael Dos Anjos,Rafael Dos Anjos,-170
2016-05-29,UFC Fight Night: Almeida vs Garbrandt,Tarec Saffiedine vs. Rick Story,Tarec Saffiedine,203
2016-05-29,UFC Fight Night: Almeida vs Garbrandt,Tarec Saffiedine vs. Rick Story,Rick Story,-203
2016-09-03,UFC Fight Night: Arlovski vs. Barnett,Taylor Lapilus vs. Leandro Issa,Taylor Lapilus,-131
2016-09-03,UFC Fight Night: Arlovski vs. Barnett,Taylor Lapilus vs. Leandro Issa,Leandro Issa,131
2015-06-20,UFC Fight Night: Jedrzejczyk vs Penne,Taylor Lapilus vs. Yuta Sasaki,Taylor Lapilus,-133
2015-06-20,UFC Fight Night: Jedrzejczyk vs Penne,Taylor Lapilus vs. Yuta Sasaki,Yuta Sasaki,133
2016-08-06,UFC Fight Night: Rodriguez vs. Caceres,Teruto Ishihara vs. Horacio Gutierrez,Teruto Ishihara,-138
2016-08-06,UFC Fight Night: Rodriguez vs. Caceres,Teruto Ishihara vs. Horacio Gutierrez,Horacio Gutierrez,138
2017-09-22,UFC Fight Night: Saint Preux vs. Okami,Teruto Ishihara vs. Rolando Dy,Teruto Ishihara,-131
2017-09-22,UFC Fight Night: Saint Preux vs. Okami,Teruto Ishihara vs. Rolando Dy,Rolando Dy,131
2016-08-06,UFC Fight Night: Rodriguez vs. Caceres,Thales Leites vs. Chris Camozzi,Thales Leites,135
2016-08-06,UFC Fight Night: Rodriguez vs. Caceres,Thales Leites vs. Chris Camozzi,Chris Camozzi,-135
2016-11-19,UFC Fight Night: Bader vs. Nogueira,Thales Leites vs. Krzysztof Jotko,Thales Leites,128
2016-11-19,UFC Fight Night: Bader vs. Nogueira,Thales Leites vs. Krzysztof Jotko,Krzysztof Jotko,-128
2017-04-22,UFC Fight Night: Swanson vs. Lobov,Thales Leites vs. Sam Alvey,Thales Leites,102
2017-04-22,UFC Fight Night: Swanson vs. Lobov,Thales Leites vs. Sam Alvey,Sam Alvey,-102
2017-04-08,UFC 210: Cormier vs. Johnson 2,Thiago Alves vs. Patrick Cote,Thiago Alves,-189
2017-04-08,UFC 210: Cormier vs. Johnson 2,Thiago Alves vs. Patrick Cote,Patrick Cote,189
2016-09-24,UFC Fight Night: Cyborg vs. Lansberg,Thiago Santos vs. Eric Spicely,Thiago Santos,-156
2016-09-24,UFC Fight Night: Cyborg vs. Lansberg,Thiago Santos vs. Eric Spicely,Eric Spicely,156
2017-07-08,UFC 213: Romero vs. Whittaker,Thiago Santos vs. Gerald Meerschaert,Thiago Santos,-116
2017-07-08,UFC 213: Romero vs. Whittaker,Thiago Santos vs. Gerald Meerschaert,Gerald Meerschaert,116
2016-05-14,UFC 198: Werdum vs Miocic,Thiago Santos vs. Nate Marquardt,Thiago Santos,-104
2016-05-14,UFC 198: Werdum vs Miocic,Thiago Santos vs. Nate Marquardt,Nate Marquardt,104
2017-09-02,UFC Fight Night: Volkov vs. Struve,Thibault Gouti vs. Andrew Holbrook,Thibault Gouti,131
2017-09-02,UFC Fight Night: Volkov vs. Struve,Thibault Gouti vs. Andrew Holbrook,Andrew Holbrook,-131
2016-11-19,UFC Fight Night: Bader vs. Nogueira,Thomas Almeida vs. Albert Morales,Thomas Almeida,-115
2016-11-19,UFC Fight Night: Bader vs. Nogueira,Thomas Almeida vs. Albert Morales,Albert Morales,115
2015-11-07,UFC Fight Night: Belfort vs Henderson 3,Thomas Almeida vs. Anthony Birchak,Thomas Almeida,176
2015-11-07,UFC Fight Night: Belfort vs Henderson 3,Thomas Almeida vs. Anthony Birchak,Anthony Birchak,-176
2016-05-29,UFC Fight Night: Almeida vs Garbrandt,Thomas Almeida vs. Cody Garbrandt,Thomas Almeida,116
2016-05-29,UFC Fight Night: Almeida vs Garbrandt,Thomas Almeida vs. Cody Garbrandt,Cody Garbrandt,-116
2016-01-17,UFC Fight Night: Dillashaw vs Cruz,Tim Boetsch vs. Ed Herman,Tim Boetsch,122
2016-01-17,UFC Fight Night: Dillashaw vs Cruz,Tim Boetsch vs. Ed Herman,Ed Herman,-122
2017-06-25,UFC Fight Night: Chiesa vs. Lee,Tim Boetsch vs. Johny Hendricks,Tim Boetsch,218
2017-06-25,UFC Fight Night: Chiesa vs. Lee,Tim Boetsch vs. Johny Hendricks,Johny Hendricks,-218
2016-07-13,UFC Fight Night: McDonald vs. Lineker,Tim Boetsch vs. Josh Samman,Tim Boetsch,126
2016-07-13,UFC Fight Night: McDonald vs. Lineker,Tim Boetsch vs. Josh Samman,Josh Samman,-126
2017-06-10,UFC Fight Night: Lewis vs. Hunt,Tim Elliott vs. Ben Nguyen,Tim Elliott,-152
2017-06-10,UFC Fight Night: Lewis vs. Hunt,Tim Elliott vs. Ben Nguyen,Ben Nguyen,152
2016-12-10,UFC 206: Holloway vs. Pettis,Tim Kennedy vs. Kelvin Gastelum,Tim Kennedy,192
2016-12-10,UFC 206: Holloway vs. Pettis,Tim Kennedy vs. Kelvin Gastelum,Kelvin Gastelum,-192
2017-06-25,UFC Fight Night: Chiesa vs. Lee,Tim Means vs. Alex Garcia,Tim Means,105
2017-06-25,UFC Fight Night: Chiesa vs. Lee,Tim Means vs. Alex Garcia,Alex Garcia,-105
2015-12-10,UFC Fight Night: Namajunas vs. VanZant,Tim Means vs. John Howard,Tim Means,-172
2015-12-10,UFC Fight Night: Namajunas vs. VanZant,Tim Means vs. John Howard,John Howard,172
2016-02-27,UFC Fight Night: Silva vs Bisping,Tom Breese vs. Keita Nakamura,Tom Breese,-165
2016-02-27,UFC Fight Night: Silva vs Bisping,Tom Breese vs. Keita Nakamura,Keita Nakamura,165
2017-07-08,UFC 213: Romero vs. Whittaker,Travis Browne vs. Aleksei Oleinik,Travis Browne,-120
2017-07-08,UFC 213: Romero vs. Whittaker,Travis Browne vs. Aleksei Oleinik,Aleksei Oleinik,120
2016-01-17,UFC Fight Night: Dillashaw vs Cruz,Travis Browne vs. Matt Mitrione,Travis Browne,112
2016-01-17,UFC Fight Night: Dillashaw vs Cruz,Travis Browne vs. Matt Mitrione,Matt Mitrione,-112
2017-05-28,UFC Fight Night: Gustafsson vs. Teixeira,Trevor Smith vs. Chris Camozzi,Trevor Smith,155
2017-05-28,UFC Fight Night: Gustafsson vs. Teixeira,Trevor Smith vs. Chris Camozzi,Chris Camozzi,-155
2017-07-29,UFC 214: Cormier vs. Jones 2,Tyron Woodley vs. Demian Maia,Tyron Woodley,105
2017-07-29,UFC 214: Cormier vs. Jones 2,Tyron Woodley vs. Demian Maia,Demian Maia,-105
2016-11-12,UFC 205: Alvarez vs McGregor,Tyron Woodley vs. Stephen Thompson,Tyron Woodley,154
2016-11-12,UFC 205: Alvarez vs McGregor,Tyron Woodley vs. Stephen Thompson,Stephen Thompson,-135
2017-03-04,UFC 209: Woodley vs. Thompson 2,Tyron Woodley vs. Stephen Thompson,Tyron Woodley,131
2017-03-04,UFC 209: Woodley vs. Thompson 2,Tyron Woodley vs. Stephen Thompson,Stephen Thompson,-118
2017-03-04,UFC 209: Woodley vs. Thompson 2,Tyson Pedro vs. Paul Craig,Tyson Pedro,-163
2017-03-04,UFC 209: Woodley vs. Thompson 2,Tyson Pedro vs. Paul Craig,Paul Craig,163
2016-09-17,UFC Fight Night: Poirier vs. Johnson,Uriah Hall vs. Derek Brunson,Uriah Hall,127
2016-09-17,UFC Fight Night: Poirier vs. Johnson,Uriah Hall vs. Derek Brunson,Derek Brunson,-127
2015-11-14,UFC 193: Rousey vs Holm,Uriah Hall vs. Robert Whittaker,Uriah Hall,102
2015-11-14,UFC 193: Rousey vs Holm,Uriah Hall vs. Robert Whittaker,Robert Whittaker,-102
2015-12-12,UFC 194: Aldo vs McGregor,Urijah Faber vs. Frankie Saenz,Urijah Faber,-120
2015-12-12,UFC 194: Aldo vs McGregor,Urijah Faber vs. Frankie Saenz,Frankie Saenz,120
2016-09-10,UFC 203: Miocic vs. Overeem,Urijah Faber vs. Jimmie Rivera,Urijah Faber,-103
2016-09-10,UFC 203: Miocic vs. Overeem,Urijah Faber vs. Jimmie Rivera,Jimmie Rivera,103
2015-11-21,UFC Fight Night: Magny vs Gastelum,Valmir Lazaro vs. Michel Prazeres,Valmir Lazaro,-110
2015-11-21,UFC Fight Night: Magny vs Gastelum,Valmir Lazaro vs. Michel Prazeres,Michel Prazeres,110
2016-07-07,UFC Fight Night: Dos Anjos vs. Alvarez,Vicente Luque vs. Alvaro Herrera Mendoza,Vicente Luque,126
2016-07-07,UFC Fight Night: Dos Anjos vs. Alvarez,Vicente Luque vs. Alvaro Herrera Mendoza,Alvaro Herrera Mendoza,-126
2016-11-12,UFC 205: Alvarez vs McGregor,Vicente Luque vs. Belal Muhammad,Vicente Luque,-126
2016-11-12,UFC 205: Alvarez vs McGregor,Vicente Luque vs. Belal Muhammad,Belal Muhammad,126
2016-09-24,UFC Fight Night: Cyborg vs. Lansberg,Vicente Luque vs. Hector Urbina,Vicente Luque,-179
2016-09-24,UFC Fight Night: Cyborg vs. Lansberg,Vicente Luque vs. Hector Urbina,Hector Urbina,179
2016-08-06,UFC Fight Night: Rodriguez vs. Caceres,Viktor Pesta vs. Marcin Tybura,Viktor Pesta,-112
2016-08-06,UFC Fight Night: Rodriguez vs. Caceres,Viktor Pesta vs. Marcin Tybura,Marcin Tybura,112
2015-11-07,UFC Fight Night: Belfort vs Henderson 3,Viscardi Andrade vs. Gasan Umalatov,Viscardi Andrade,-122
2015-11-07,UFC Fight Night: Belfort vs Henderson 3,Viscardi Andrade vs. Gasan Umalatov,Gasan Umalatov,122
2015-11-07,UFC Fight Night: Belfort vs Henderson 3,Vitor Belfort vs. Dan Henderson,Vitor Belfort,-199
2015-11-07,UFC Fight Night: Belfort vs Henderson 3,Vitor Belfort vs. Dan Henderson,Dan Henderson,199
2016-10-08,UFC 204: Bisping vs. Henderson,Vitor Belfort vs. Gegard Mousasi,Vitor Belfort,146
2016-10-08,UFC 204: Bisping vs. Henderson,Vitor Belfort vs. Gegard Mousasi,Gegard Mousasi,-146
2017-06-03,UFC 212: Aldo vs. Holloway,Vitor Belfort vs. Nate Marquardt,Vitor Belfort,109
2017-06-03,UFC 212: Aldo vs. Holloway,Vitor Belfort vs. Nate Marquardt,Nate Marquardt,-109
2015-08-01,UFC 190: Rousey vs Correia,Vitor Miranda vs. Clint Hester,Vitor Miranda,152
2015-08-01,UFC 190: Rousey vs Correia,Vitor Miranda vs. Clint Hester,Clint Hester,-152
2016-03-05,UFC 196: McGregor vs Diaz,Vitor Miranda vs. Marcelo Guimaraes,Vitor Miranda,-107
2016-03-05,UFC 196: McGregor vs Diaz,Vitor Miranda vs. Marcelo Guimaraes,Marcelo Guimaraes,107
2017-06-25,UFC Fight Night: Chiesa vs. Lee,Vitor Miranda vs. Marvin Vettori,Vitor Miranda,168
2017-06-25,UFC Fight Night: Chiesa vs. Lee,Vitor Miranda vs. Marvin Vettori,Marvin Vettori,-168
2017-05-28,UFC Fight Night: Gustafsson vs. Teixeira,Volkan Oezdemir vs. Misha Cirkunov,Volkan Oezdemir,203
2017-05-28,UFC Fight Night: Gustafsson vs. Teixeira,Volkan Oezdemir vs. Misha Cirkunov,Misha Cirkunov,-203
2017-01-15,UFC Fight Night: Rodriguez vs. Penn,Walt Harris vs. Chase Sherman,Walt Harris,104
2017-01-15,UFC Fight Night: Rodriguez vs. Penn,Walt Harris vs. Chase Sherman,Chase Sherman,-104
2016-05-14,UFC 198: Werdum vs Miocic,Warlley Alves vs. Bryan Barberena,Warlley Alves,105
2016-05-14,UFC 198: Werdum vs Miocic,Warlley Alves vs. Bryan Barberena,Bryan Barberena,-105
2015-12-12,UFC 194: Aldo vs McGregor,Warlley Alves vs. Colby Covington,Warlley Alves,133
2015-12-12,UFC 194: Aldo vs McGregor,Warlley Alves vs. Colby Covington,Colby Covington,-133
2016-11-19,UFC Fight Night: Bader vs. Nogueira,Warlley Alves vs. Kamaru Usman,Warlley Alves,155
2016-11-19,UFC Fight Night: Bader vs. Nogueira,Warlley Alves vs. Kamaru Usman,Kamaru Usman,-155
2015-08-01,UFC 190: Rousey vs Correia,Warlley Alves vs. Nordine Taleb,Warlley Alves,130
2015-08-01,UFC 190: Rousey vs Correia,Warlley Alves vs. Nordine Taleb,Nordine Taleb,-130
2016-10-01,UFC Fight Night: Lineker vs. Dodson,Will Brooks vs. Alex Oliveira,Will Brooks,151
2016-10-01,UFC Fight Night: Lineker vs. Dodson,Will Brooks vs. Alex Oliveira,Alex Oliveira,-151
2017-04-08,UFC 210: Cormier vs. Johnson 2,Will Brooks vs. Charles Oliveira,Will Brooks,133
2017-04-08,UFC 210: Cormier vs. Johnson 2,Will Brooks vs. Charles Oliveira,Charles Oliveira,-133
2017-02-11,UFC 208: Holm vs. De Randamie,Wilson Reis vs. Yuta Sasaki,Wilson Reis,-152
2017-02-11,UFC 208: Holm vs. De Randamie,Wilson Reis vs. Yuta Sasaki,Yuta Sasaki,152
2016-08-06,UFC Fight Night: Rodriguez vs. Caceres,Yair Rodriguez vs. Alex Caceres,Yair Rodriguez,-120
2016-08-06,UFC Fight Night: Rodriguez vs. Caceres,Yair Rodriguez vs. Alex Caceres,Alex Caceres,120
2016-04-23,UFC 197: Jones vs Saint Preux,Yair Rodriguez vs. Andre Fili,Yair Rodriguez,100
2016-04-23,UFC 197: Jones vs Saint Preux,Yair Rodriguez vs. Andre Fili,Andre Fili,-100
2017-01-15,UFC Fight Night: Rodriguez vs. Penn,Yair Rodriguez vs. BJ Penn,Yair Rodriguez,-177
2017-01-15,UFC Fight Night: Rodriguez vs. Penn,Yair Rodriguez vs. BJ Penn,BJ Penn,177
2015-10-03,UFC 192: Cormier vs Gustafsson,Yair Rodriguez vs. Dan Hooker,Yair Rodriguez,-136
2015-10-03,UFC 192: Cormier vs Gustafsson,Yair Rodriguez vs. Dan Hooker,Dan Hooker,136
2015-11-07,UFC Fight Night: Belfort vs Henderson 3,Yan Cabral vs. Johnny Case,Yan Cabral,113
2015-11-07,UFC Fight Night: Belfort vs Henderson 3,Yan Cabral vs. Johnny Case,Johnny Case,-113
2016-05-08,UFC Fight Night: Overeem vs Arlovski,Yan Cabral vs. Reza Madadi,Yan Cabral,-102
2016-05-08,UFC Fight Night: Overeem vs Arlovski,Yan Cabral vs. Reza Madadi,Reza Madadi,102
2016-09-10,UFC 203: Miocic vs. Overeem,Yancy Medeiros vs. Sean Spencer,Yancy Medeiros,123
2016-09-10,UFC 203: Miocic vs. Overeem,Yancy Medeiros vs. Sean Spencer,Sean Spencer,-123
2015-11-28,UFC Fight Night: Henderson vs Masvidal,Yao Zhikui vs. Fredy Serrano,Yao Zhikui,112
2015-11-28,UFC Fight Night: Henderson vs Masvidal,Yao Zhikui vs. Fredy Serrano,Fredy Serrano,-112
2017-07-08,UFC 213: Romero vs. Whittaker,Yoel Romero vs. Robert Whittaker,Yoel Romero,128
2017-07-08,UFC 213: Romero vs. Whittaker,Yoel Romero vs. Robert Whittaker,Robert Whittaker,-128
2015-07-11,UFC 189: Mendes vs McGregor,Yosdenis Cedeno vs. Cody Pfister,Yosdenis Cedeno,-103
2015-07-11,UFC 189: Mendes vs McGregor,Yosdenis Cedeno vs. Cody Pfister,Cody Pfister,103
2015-11-28,UFC Fight Night: Henderson vs Masvidal,Yoshihiro Akiyama vs. Alberto Mina,Yoshihiro Akiyama,103
2015-11-28,UFC Fight Night: Henderson vs Masvidal,Yoshihiro Akiyama vs. Alberto Mina,Alberto Mina,-103
2015-11-28,UFC Fight Night: Henderson vs Masvidal,Yui Chul Nam vs. Mike de la Torre,Yui Chul Nam,101
2015-11-28,UFC Fight Night: Henderson vs Masvidal,Yui Chul Nam vs. Mike de la Torre,Mike de la Torre,-101
2016-05-08,UFC Fight Night: Overeem vs Arlovski,Yuta Sasaki vs. Willie Gates,Yuta Sasaki,-135
2016-05-08,UFC Fight Night: Overeem vs Arlovski,Yuta Sasaki vs. Willie Gates,Willie Gates,135
2015-08-23,UFC Fight Night: Holloway vs Oliveira,Yves Jabouin vs. Felipe Arantes,Yves Jabouin,140
2015-08-23,UFC Fight Night: Holloway vs Oliveira,Yves Jabouin vs. Felipe Arantes,Felipe Arantes,-140
2016-12-10,UFC 206: Holloway vs. Pettis,Zach Makovsky vs. Dustin Ortiz,Zach Makovsky,108
2016-12-10,UFC 206: Holloway vs. Pettis,Zach Makovsky vs. Dustin Ortiz,Dustin Ortiz,-108
2016-11-19,UFC Fight Night: Mousasi vs. Hall 2,Zak Cummings vs. Alexander Yakovlev,Zak Cummings,-132
2016-11-19,UFC Fight Night: Mousasi vs. Hall 2,Zak Cummings vs. Alexander Yakovlev,Alexander Yakovlev,132
2017-04-15,UFC on FOX: Johnson vs. Reis,Zak Cummings vs. Nathan Coy,Zak Cummings,-102
2017-04-15,UFC on FOX: Johnson vs. Reis,Zak Cummings vs. Nathan Coy,Nathan Coy,102
2015-12-10,UFC Fight Night: Namajunas vs. VanZant,Zubaira Tukhugov vs. Phillipe Nover,Zubaira Tukhugov,-216
2015-12-10,UFC Fight Night: Namajunas vs. VanZant,Zubaira Tukhugov vs. Phillipe Nover,Phillipe Nover,216
