DATE,EVENT,BOUT,FIGHTER,odds
2014-08-23,UFC Fight Night: Henderson vs Dos Anjos,Aaron Phillips vs. Matt Hobar,Aaron Phillips,-165
2014-08-23,UFC Fight Night: Henderson vs Dos Anjos,Aaron Phillips vs. Matt Hobar,Matt Hobar,165
2013-07-27,UFC on FOX: Johnson vs Moraga,Aaron Riley vs. Justin Salas,Aaron Riley,127
2013-07-27,UFC on FOX: Johnson vs Moraga,Aaron Riley vs. Justin Salas,Justin Salas,-127
2013-12-14,UFC on FOX: Johnson vs. Benavidez 2,Abel Trujillo vs. Roger Bowling,Abel Trujillo,-105
2013-12-14,UFC on FOX: Johnson vs. Benavidez 2,Abel Trujillo vs. Roger Bowling,Roger Bowling,105
2014-10-04,UFC Fight Night: Nelson vs Story,Akira Corassani vs. Max Holloway,Akira Corassani,234
2014-10-04,UFC Fight Night: Nelson vs Story,Akira Corassani vs. Max Holloway,Max Holloway,-234
2013-11-30,The Ultimate Fighter: Team Rousey vs. Team Tate Finale,Akira Corassani vs. Maximo Blanco,Akira Corassani,150
2013-11-30,The Ultimate Fighter: Team Rousey vs. Team Tate Finale,Akira Corassani vs. Maximo Blanco,Maximo Blanco,-150
2013-04-06,UFC on FUEL TV: Mousasi vs Latifi,Akira Corassani vs. Robert Peralta,Akira Corassani,145
2013-04-06,UFC on FUEL TV: Mousasi vs Latifi,Akira Corassani vs. Robert Peralta,Robert Peralta,-145
2015-01-24,UFC on FOX: Gustafsson vs Johnson,Akira Corassani vs. Sam Sicilia,Akira Corassani,179
2015-01-24,UFC on FOX: Gustafsson vs Johnson,Akira Corassani vs. Sam Sicilia,Sam Sicilia,-179
2014-05-24,UFC 173: Barao vs Dillashaw,Al Iaquinta vs. Mitch Clarke,Al Iaquinta,-161
2014-05-24,UFC 173: Barao vs Dillashaw,Al Iaquinta vs. Mitch Clarke,Mitch Clarke,161
2013-10-26,UFC Fight Night: Machida vs Munoz,Al Iaquinta vs. Piotr Hallmann,Al Iaquinta,-110
2013-10-26,UFC Fight Night: Machida vs Munoz,Al Iaquinta vs. Piotr Hallmann,Piotr Hallmann,110
2014-09-05,UFC Fight Night: Jacare vs Mousasi,Al Iaquinta vs. Rodrigo Damm,Al Iaquinta,-195
2014-09-05,UFC Fight Night: Jacare vs Mousasi,Al Iaquinta vs. Rodrigo Damm,Rodrigo Damm,195
2015-02-28,UFC 184: Rousey vs Zingano,Alan Jouban vs. Richard Walsh,Alan Jouban,192
2015-02-28,UFC 184: Rousey vs Zingano,Alan Jouban vs. Richard Walsh,Richard Walsh,-192
2014-01-25,UFC on FOX: Henderson vs Thomson,Alex Caceres vs. Sergio Pettis,Alex Caceres,112
2014-01-25,UFC on FOX: Henderson vs Thomson,Alex Caceres vs. Sergio Pettis,Sergio Pettis,-112
2014-12-06,UFC 181: Hendricks vs Lawler II,Alex White vs. Clay Collard,Alex White,-115
2014-12-06,UFC 181: Hendricks vs Lawler II,Alex White vs. Clay Collard,Clay Collard,115
2015-01-24,UFC on FOX: Gustafsson vs Johnson,Alexander Gustafsson vs. Anthony Johnson,Alexander Gustafsson,169
2015-01-24,UFC on FOX: Gustafsson vs Johnson,Alexander Gustafsson vs. Anthony Johnson,Anthony Johnson,-169
2014-03-08,UFC Fight Night: Gustafsson vs Manuwa,Alexander Gustafsson vs. Jimi Manuwa,Alexander Gustafsson,-139
2014-03-08,UFC Fight Night: Gustafsson vs Manuwa,Alexander Gustafsson vs. Jimi Manuwa,Jimi Manuwa,139
2013-02-02,UFC 156: Aldo vs Edgar,Alistair Overeem vs. Antonio Silva,Alistair Overeem,-142
2013-02-02,UFC 156: Aldo vs Edgar,Alistair Overeem vs. Antonio Silva,Antonio Silva,142
2014-09-05,UFC Fight Night: Jacare vs Mousasi,Alistair Overeem vs. Ben Rothwell,Alistair Overeem,-159
2014-09-05,UFC Fight Night: Jacare vs Mousasi,Alistair Overeem vs. Ben Rothwell,Ben Rothwell,159
2014-12-13,UFC on FOX: Dos Santos vs Miocic,Alistair Overeem vs. Stefan Struve,Alistair Overeem,-196
2014-12-13,UFC on FOX: Dos Santos vs Miocic,Alistair Overeem vs. Stefan Struve,Stefan Struve,196
2013-08-17,UFC Fight Night: Shogun vs Sonnen,Alistair Overeem vs. Travis Browne,Alistair Overeem,103
2013-08-17,UFC Fight Night: Shogun vs Sonnen,Alistair Overeem vs. Travis Browne,Travis Browne,-103
2014-06-14,UFC 174: Johnson vs Bagautinov,Andrei Arlovski vs. Brendan Schaub,Andrei Arlovski,104
2014-06-14,UFC 174: Johnson vs Bagautinov,Andrei Arlovski vs. Brendan Schaub,Brendan Schaub,-104
2013-10-26,UFC Fight Night: Machida vs Munoz,Andy Ogle vs. Cole Miller,Andy Ogle,-162
2013-10-26,UFC Fight Night: Machida vs Munoz,Andy Ogle vs. Cole Miller,Cole Miller,162
2013-02-16,UFC on FUEL TV: Barao vs McDonald,Andy Ogle vs. Josh Grispi,Andy Ogle,-116
2013-02-16,UFC on FUEL TV: Barao vs McDonald,Andy Ogle vs. Josh Grispi,Josh Grispi,116
2014-05-31,UFC Fight Night: Munoz vs Mousasi,Andy Ogle vs. Maximo Blanco,Andy Ogle,-111
2014-05-31,UFC Fight Night: Munoz vs Mousasi,Andy Ogle vs. Maximo Blanco,Maximo Blanco,111
2015-05-23,UFC 187: Johnson vs Cormier,Anthony Johnson vs. Daniel Cormier,Anthony Johnson,-166
2015-05-23,UFC 187: Johnson vs Cormier,Anthony Johnson vs. Daniel Cormier,Daniel Cormier,166
2014-07-26,UFC on FOX: Lawler vs Brown,Anthony Johnson vs. Rogerio Nogueira,Anthony Johnson,-214
2014-07-26,UFC on FOX: Lawler vs Brown,Anthony Johnson vs. Rogerio Nogueira,Rogerio Nogueira,214
2014-05-10,UFC Fight Night: Brown vs Silva,Anthony Lapsley vs. Albert Tumenov,Anthony Lapsley,118
2014-05-10,UFC Fight Night: Brown vs Silva,Anthony Lapsley vs. Albert Tumenov,Albert Tumenov,-118
2014-05-24,UFC 173: Barao vs Dillashaw,Anthony Njokuani vs. Vinc Pichel,Anthony Njokuani,122
2014-05-24,UFC 173: Barao vs Dillashaw,Anthony Njokuani vs. Vinc Pichel,Vinc Pichel,-122
2014-11-07,UFC Fight Night: Rockhold vs Bisping,Anthony Perosh vs. Guto Inocente,Anthony Perosh,139
2014-11-07,UFC Fight Night: Rockhold vs Bisping,Anthony Perosh vs. Guto Inocente,Guto Inocente,-139
2015-05-09,UFC Fight Night: Miocic vs Hunt,Anthony Perosh vs. Sean O'Connell,Anthony Perosh,124
2015-05-09,UFC Fight Night: Miocic vs Hunt,Anthony Perosh vs. Sean O'Connell,Sean O'Connell,-124
2013-01-26,UFC on FOX: Johnson vs Dodson,Anthony Pettis vs. Donald Cerrone,Anthony Pettis,-214
2013-01-26,UFC on FOX: Johnson vs Dodson,Anthony Pettis vs. Donald Cerrone,Donald Cerrone,214
2014-12-06,UFC 181: Hendricks vs Lawler II,Anthony Pettis vs. Gilbert Melendez,Anthony Pettis,-146
2014-12-06,UFC 181: Hendricks vs Lawler II,Anthony Pettis vs. Gilbert Melendez,Gilbert Melendez,146
2015-03-14,UFC 185: Pettis vs Dos Anjos,Anthony Pettis vs. Rafael Dos Anjos,Anthony Pettis,108
2015-03-14,UFC 185: Pettis vs Dos Anjos,Anthony Pettis vs. Rafael Dos Anjos,Rafael Dos Anjos,-108
2014-12-20,UFC Fight Night: Machida vs Dollaway,Antonio Carlos Junior vs. Patrick Cummins,Antonio Carlos Junior,155
2014-12-20,UFC Fight Night: Machida vs Dollaway,Antonio Carlos Junior vs. Patrick Cummins,Patrick Cummins,-155
2013-03-16,UFC 158: St-Pierre vs Diaz,Antonio Carvalho vs. Darren Elkins,Antonio Carvalho,179
2013-03-16,UFC 158: St-Pierre vs Diaz,Antonio Carvalho vs. Darren Elkins,Darren Elkins,-179
2013-06-08,UFC on FUEL TV: Nogueira vs. Werdum,Antonio Rodrigo Nogueira vs. Fabricio Werdum,Antonio Rodrigo Nogueira,-108
2013-06-08,UFC on FUEL TV: Nogueira vs. Werdum,Antonio Rodrigo Nogueira vs. Fabricio Werdum,Fabricio Werdum,108
2014-04-11,UFC Fight Night: Minotauro vs Nelson,Antonio Rodrigo Nogueira vs. Roy Nelson,Antonio Rodrigo Nogueira,-156
2014-04-11,UFC Fight Night: Minotauro vs Nelson,Antonio Rodrigo Nogueira vs. Roy Nelson,Roy Nelson,156
2014-09-13,UFC Fight Night: Bigfoot vs Arlovski,Antonio Silva vs. Andrei Arlovski,Antonio Silva,201
2014-09-13,UFC Fight Night: Bigfoot vs Arlovski,Antonio Silva vs. Andrei Arlovski,Andrei Arlovski,-201
2015-02-22,UFC Fight Night: Bigfoot vs Mir,Antonio Silva vs. Frank Mir,Antonio Silva,122
2015-02-22,UFC Fight Night: Bigfoot vs Mir,Antonio Silva vs. Frank Mir,Frank Mir,-122
2013-08-31,UFC 164: Henderson vs Pettis 2,Ben Rothwell vs. Brandon Vera,Ben Rothwell,106
2013-08-31,UFC 164: Henderson vs Pettis 2,Ben Rothwell vs. Brandon Vera,Brandon Vera,-106
2015-06-06,UFC Fight Night: Boetsch vs Henderson,Ben Rothwell vs. Matt Mitrione,Ben Rothwell,124
2015-06-06,UFC Fight Night: Boetsch vs Henderson,Ben Rothwell vs. Matt Mitrione,Matt Mitrione,-124
2014-08-23,UFC Fight Night: Henderson vs Dos Anjos,Beneil Dariush vs. Anthony Rocco Martin,Beneil Dariush,102
2014-08-23,UFC Fight Night: Henderson vs Dos Anjos,Beneil Dariush vs. Anthony Rocco Martin,Anthony Rocco Martin,-102
2013-08-31,UFC 164: Henderson vs Pettis 2,Benson Henderson vs. Anthony Pettis,Benson Henderson,-105
2013-08-31,UFC 164: Henderson vs Pettis 2,Benson Henderson vs. Anthony Pettis,Anthony Pettis,105
2015-02-14,UFC Fight Night: Henderson vs Thatch,Benson Henderson vs. Brandon Thatch,Benson Henderson,-111
2015-02-14,UFC Fight Night: Henderson vs Thatch,Benson Henderson vs. Brandon Thatch,Brandon Thatch,111
2014-01-25,UFC on FOX: Henderson vs Thomson,Benson Henderson vs. Josh Thomson,Benson Henderson,-146
2014-01-25,UFC on FOX: Henderson vs Thomson,Benson Henderson vs. Josh Thomson,Josh Thomson,146
2014-08-23,UFC Fight Night: Henderson vs Dos Anjos,Benson Henderson vs. Rafael Dos Anjos,Benson Henderson,-154
2014-08-23,UFC Fight Night: Henderson vs Dos Anjos,Benson Henderson vs. Rafael Dos Anjos,Rafael Dos Anjos,154
2014-06-07,UFC Fight Night: Henderson vs Khabilov,Benson Henderson vs. Rustam Khabilov,Benson Henderson,-133
2014-06-07,UFC Fight Night: Henderson vs Khabilov,Benson Henderson vs. Rustam Khabilov,Rustam Khabilov,133
2014-06-07,UFC Fight Night: Henderson vs Khabilov,Bobby Voelker vs. Lance Benoist,Bobby Voelker,233
2014-06-07,UFC Fight Night: Henderson vs Khabilov,Bobby Voelker vs. Lance Benoist,Lance Benoist,-233
2013-10-26,UFC Fight Night: Machida vs Munoz,Brad Scott vs. Michael Kuiper,Brad Scott,155
2013-10-26,UFC Fight Night: Machida vs Munoz,Brad Scott vs. Michael Kuiper,Michael Kuiper,-155
2015-01-03,UFC 182: Jones vs Cormier,Brad Tavares vs. Nate Marquardt,Brad Tavares,-102
2015-01-03,UFC 182: Jones vs Cormier,Brad Tavares vs. Nate Marquardt,Nate Marquardt,102
2013-08-28,UFC Fight Night: Condit vs Kampmann 2,Brad Tavares vs. Robert McDaniel,Brad Tavares,-116
2013-08-28,UFC Fight Night: Condit vs Kampmann 2,Brad Tavares vs. Robert McDaniel,Robert McDaniel,116
2015-05-09,UFC Fight Night: Miocic vs Hunt,Brad Tavares vs. Robert Whittaker,Brad Tavares,-121
2015-05-09,UFC Fight Night: Miocic vs Hunt,Brad Tavares vs. Robert Whittaker,Robert Whittaker,121
2014-04-19,UFC on FOX: Werdum vs Browne,Brad Tavares vs. Yoel Romero,Brad Tavares,-147
2014-04-19,UFC on FOX: Werdum vs Browne,Brad Tavares vs. Yoel Romero,Yoel Romero,147
2013-02-23,UFC 157: Rousey vs Carmouche,Brendan Schaub vs. Lavar Johnson,Brendan Schaub,-156
2013-02-23,UFC 157: Rousey vs Carmouche,Brendan Schaub vs. Lavar Johnson,Lavar Johnson,156
2013-09-21,UFC 165: Jones vs Gustafsson,Brendan Schaub vs. Matt Mitrione,Brendan Schaub,-129
2013-09-21,UFC 165: Jones vs Gustafsson,Brendan Schaub vs. Matt Mitrione,Matt Mitrione,129
2013-05-25,UFC 160: Velasquez vs Silva 2,Brian Bowles vs. George Roop,Brian Bowles,116
2013-05-25,UFC 160: Velasquez vs Silva 2,Brian Bowles vs. George Roop,George Roop,-116
2015-06-06,UFC Fight Night: Boetsch vs Henderson,Brian Ebersole vs. Omari Akhmedov,Brian Ebersole,116
2015-06-06,UFC Fight Night: Boetsch vs Henderson,Brian Ebersole vs. Omari Akhmedov,Omari Akhmedov,-116
2013-11-16,UFC 167: St-Pierre vs Hendricks,Brian Ebersole vs. Rick Story,Brian Ebersole,199
2013-11-16,UFC 167: St-Pierre vs Hendricks,Brian Ebersole vs. Rick Story,Rick Story,-199
2013-04-27,UFC 159: Jones vs Sonnen,Bryan Caraway vs. Johnny Bedford,Bryan Caraway,163
2013-04-27,UFC 159: Jones vs Sonnen,Bryan Caraway vs. Johnny Bedford,Johnny Bedford,-163
2013-05-25,UFC 160: Velasquez vs Silva 2,Cain Velasquez vs. Antonio Silva,Cain Velasquez,-419
2013-05-25,UFC 160: Velasquez vs Silva 2,Cain Velasquez vs. Antonio Silva,Antonio Silva,419
2013-10-19,UFC 166: Velasquez vs Dos Santos 3,Cain Velasquez vs. Junior Dos Santos,Cain Velasquez,-141
2013-10-19,UFC 166: Velasquez vs Dos Santos 3,Cain Velasquez vs. Junior Dos Santos,Junior Dos Santos,141
2013-06-08,UFC on FUEL TV: Nogueira vs. Werdum,Caio Magalhaes vs. Karlos Vemola,Caio Magalhaes,-121
2013-06-08,UFC on FUEL TV: Nogueira vs. Werdum,Caio Magalhaes vs. Karlos Vemola,Karlos Vemola,121
2014-11-08,UFC Fight Night 56: Shogun vs Saint Preux,Caio Magalhaes vs. Trevor Smith,Caio Magalhaes,-109
2014-11-08,UFC Fight Night 56: Shogun vs Saint Preux,Caio Magalhaes vs. Trevor Smith,Trevor Smith,109
2013-03-16,UFC 158: St-Pierre vs Diaz,Carlos Condit vs. Johny Hendricks,Carlos Condit,184
2013-03-16,UFC 158: St-Pierre vs Diaz,Carlos Condit vs. Johny Hendricks,Johny Hendricks,-184
2013-08-28,UFC Fight Night: Condit vs Kampmann 2,Carlos Condit vs. Martin Kampmann,Carlos Condit,-126
2013-08-28,UFC Fight Night: Condit vs Kampmann 2,Carlos Condit vs. Martin Kampmann,Martin Kampmann,126
2015-05-30,UFC Fight Night: Condit vs Alves,Carlos Condit vs. Thiago Alves,Carlos Condit,107
2015-05-30,UFC Fight Night: Condit vs Alves,Carlos Condit vs. Thiago Alves,Thiago Alves,-107
2014-03-15,UFC 171: Hendricks vs Lawler,Carlos Condit vs. Tyron Woodley,Carlos Condit,-146
2014-03-15,UFC 171: Hendricks vs Lawler,Carlos Condit vs. Tyron Woodley,Tyron Woodley,146
2014-10-04,UFC Fight Night: Nelson vs Story,Cathal Pendred vs. Gasan Umalatov,Cathal Pendred,-120
2014-10-04,UFC Fight Night: Nelson vs Story,Cathal Pendred vs. Gasan Umalatov,Gasan Umalatov,120
2015-01-18,UFC Fight Night: McGregor vs Siver,Cathal Pendred vs. Sean Spencer,Cathal Pendred,104
2015-01-18,UFC Fight Night: McGregor vs Siver,Cathal Pendred vs. Sean Spencer,Sean Spencer,-104
2014-06-28,UFC Fight Night: Swanson vs Stephens,Cezar Ferreira vs. Andrew Craig,Cezar Ferreira,110
2014-06-28,UFC Fight Night: Swanson vs Stephens,Cezar Ferreira vs. Andrew Craig,Andrew Craig,-110
2014-03-23,UFC Fight Night: Shogun vs Henderson 2,Cezar Ferreira vs. CB Dollaway,Cezar Ferreira,164
2014-03-23,UFC Fight Night: Shogun vs Henderson 2,Cezar Ferreira vs. CB Dollaway,CB Dollaway,-164
2013-11-09,UFC Fight Night: Belfort vs Henderson 2,Cezar Ferreira vs. Daniel Sarafian,Cezar Ferreira,104
2013-11-09,UFC Fight Night: Belfort vs Henderson 2,Cezar Ferreira vs. Daniel Sarafian,Daniel Sarafian,-104
2015-02-22,UFC Fight Night: Bigfoot vs Mir,Cezar Ferreira vs. Sam Alvey,Cezar Ferreira,-118
2015-02-22,UFC Fight Night: Bigfoot vs Mir,Cezar Ferreira vs. Sam Alvey,Sam Alvey,118
2015-04-25,UFC 186: Johnson vs Horiguchi,Chad Laprise vs. Bryan Barberena,Chad Laprise,-104
2015-04-25,UFC 186: Johnson vs Horiguchi,Chad Laprise vs. Bryan Barberena,Bryan Barberena,104
2014-10-04,UFC Fight Night: MacDonald vs Saffiedine,Chad Laprise vs. Yosdenis Cedeno,Chad Laprise,-104
2014-10-04,UFC Fight Night: MacDonald vs Saffiedine,Chad Laprise vs. Yosdenis Cedeno,Yosdenis Cedeno,104
2013-08-31,UFC 164: Henderson vs Pettis 2,Chad Mendes vs. Clay Guida,Chad Mendes,-173
2013-08-31,UFC 164: Henderson vs Pettis 2,Chad Mendes vs. Clay Guida,Clay Guida,173
2013-04-20,UFC on FOX: Henderson vs Melendez,Chad Mendes vs. Darren Elkins,Chad Mendes,-177
2013-04-20,UFC on FOX: Henderson vs Melendez,Chad Mendes vs. Darren Elkins,Darren Elkins,177
2015-04-04,UFC Fight Night: Mendes vs Lamas,Chad Mendes vs. Ricardo Lamas,Chad Mendes,-175
2015-04-04,UFC Fight Night: Mendes vs Lamas,Chad Mendes vs. Ricardo Lamas,Ricardo Lamas,175
2014-02-15,UFC Fight Night: Machida vs Mousasi,Charles Oliveira vs. Andy Ogle,Charles Oliveira,128
2014-02-15,UFC Fight Night: Machida vs Mousasi,Charles Oliveira vs. Andy Ogle,Andy Ogle,-128
2015-01-18,UFC Fight Night: McGregor vs Siver,Charles Rosa vs. Sean Soriano,Charles Rosa,108
2015-01-18,UFC Fight Night: McGregor vs Siver,Charles Rosa vs. Sean Soriano,Sean Soriano,-108
2015-02-14,UFC Fight Night: Henderson vs Thatch,Chas Skelly vs. Jim Alers,Chas Skelly,-125
2015-02-14,UFC Fight Night: Henderson vs Thatch,Chas Skelly vs. Jim Alers,Jim Alers,125
2014-08-23,UFC Fight Night: Henderson vs Dos Anjos,Chas Skelly vs. Tom Niinimaki,Chas Skelly,167
2014-08-23,UFC Fight Night: Henderson vs Dos Anjos,Chas Skelly vs. Tom Niinimaki,Tom Niinimaki,-167
2014-07-05,UFC 175: Weidman vs Machida,Chris Camozzi vs. Bruno Santos,Chris Camozzi,-107
2014-07-05,UFC 175: Weidman vs Machida,Chris Camozzi vs. Bruno Santos,Bruno Santos,107
2013-11-06,UFC Fight Night: Fight for the Troops 3,Chris Camozzi vs. Lorenz Larkin,Chris Camozzi,121
2013-11-06,UFC Fight Night: Fight for the Troops 3,Chris Camozzi vs. Lorenz Larkin,Lorenz Larkin,-121
2015-03-14,UFC 185: Pettis vs Dos Anjos,Chris Cariaso vs. Henry Cejudo,Chris Cariaso,-109
2015-03-14,UFC 185: Pettis vs Dos Anjos,Chris Cariaso vs. Henry Cejudo,Henry Cejudo,109
2012-12-29,UFC 155: Dos Santos vs Velasquez II,Chris Cariaso vs. John Moraga,Chris Cariaso,-146
2012-12-29,UFC 155: Dos Santos vs Velasquez II,Chris Cariaso vs. John Moraga,John Moraga,146
2014-05-10,UFC Fight Night: Brown vs Silva,Chris Cariaso vs. Louis Smolka,Chris Cariaso,-128
2014-05-10,UFC Fight Night: Brown vs Silva,Chris Cariaso vs. Louis Smolka,Louis Smolka,128
2013-09-21,UFC 165: Jones vs Gustafsson,Chris Clements vs. Stephen Thompson,Chris Clements,158
2013-09-21,UFC 165: Jones vs Gustafsson,Chris Clements vs. Stephen Thompson,Stephen Thompson,-158
2014-05-24,UFC 173: Barao vs Dillashaw,Chris Holdsworth vs. Chico Camus,Chris Holdsworth,152
2014-05-24,UFC 173: Barao vs Dillashaw,Chris Holdsworth vs. Chico Camus,Chico Camus,-152
2014-06-28,UFC Fight Night: Te Huna vs Marquardt,Chris Indich vs. Vik Grujic,Chris Indich,-136
2014-06-28,UFC Fight Night: Te Huna vs Marquardt,Chris Indich vs. Vik Grujic,Vik Grujic,136
2013-07-06,UFC 162: Silva vs Weidman,Chris Leben vs. Andrew Craig,Chris Leben,-121
2013-07-06,UFC 162: Silva vs Weidman,Chris Leben vs. Andrew Craig,Andrew Craig,121
2013-12-28,UFC 168: Weidman vs Silva 2,Chris Leben vs. Uriah Hall,Chris Leben,135
2013-12-28,UFC 168: Weidman vs Silva 2,Chris Leben vs. Uriah Hall,Uriah Hall,-135
2015-06-06,UFC Fight Night: Boetsch vs Henderson,Chris Wade vs. Christos Giagos,Chris Wade,-102
2015-06-06,UFC Fight Night: Boetsch vs Henderson,Chris Wade vs. Christos Giagos,Christos Giagos,102
2014-07-26,UFC on FOX: Lawler vs Brown,Clay Guida vs. Dennis Bermudez,Clay Guida,164
2014-07-26,UFC on FOX: Lawler vs Brown,Clay Guida vs. Dennis Bermudez,Dennis Bermudez,-164
2013-01-26,UFC on FOX: Johnson vs Dodson,Clay Guida vs. Hatsu Hioki,Clay Guida,-127
2013-01-26,UFC on FOX: Johnson vs Dodson,Clay Guida vs. Hatsu Hioki,Hatsu Hioki,127
2015-04-04,UFC Fight Night: Mendes vs Lamas,Clay Guida vs. Robert Peralta,Clay Guida,102
2015-04-04,UFC Fight Night: Mendes vs Lamas,Clay Guida vs. Robert Peralta,Robert Peralta,-102
2014-04-11,UFC Fight Night: Minotauro vs Nelson,Clay Guida vs. Tatsuya Kawajiri,Clay Guida,131
2014-04-11,UFC Fight Night: Minotauro vs Nelson,Clay Guida vs. Tatsuya Kawajiri,Tatsuya Kawajiri,-131
2014-06-28,UFC Fight Night: Swanson vs Stephens,Clint Hester vs. Antonio Braga Neto,Clint Hester,254
2014-06-28,UFC Fight Night: Swanson vs Stephens,Clint Hester vs. Antonio Braga Neto,Antonio Braga Neto,-254
2013-11-16,UFC 167: St-Pierre vs Hendricks,Cody Donovan vs. Gian Villante,Cody Donovan,-161
2013-11-16,UFC 167: St-Pierre vs Hendricks,Cody Donovan vs. Gian Villante,Gian Villante,161
2014-07-19,UFC Fight Night: McGregor vs Brandao,Cody Donovan vs. Nikita Krylov,Cody Donovan,129
2014-07-19,UFC Fight Night: McGregor vs Brandao,Cody Donovan vs. Nikita Krylov,Nikita Krylov,-129
2013-08-17,UFC Fight Night: Shogun vs Sonnen,Cody Donovan vs. Ovince Saint Preux,Cody Donovan,-156
2013-08-17,UFC Fight Night: Shogun vs Sonnen,Cody Donovan vs. Ovince Saint Preux,Ovince Saint Preux,156
2013-04-13,The Ultimate Fighter: Team Jones vs. Team Sonnen Finale,Cole Miller vs. Bart Palaszewski,Cole Miller,-119
2013-04-13,The Ultimate Fighter: Team Jones vs. Team Sonnen Finale,Cole Miller vs. Bart Palaszewski,Bart Palaszewski,119
2014-01-15,UFC Fight Night: Rockhold vs Philippou,Cole Miller vs. Sam Sicilia,Cole Miller,120
2014-01-15,UFC Fight Night: Rockhold vs Philippou,Cole Miller vs. Sam Sicilia,Sam Sicilia,-120
2013-11-06,UFC Fight Night: Fight for the Troops 3,Colton Smith vs. Michael Chiesa,Colton Smith,-109
2013-11-06,UFC Fight Night: Fight for the Troops 3,Colton Smith vs. Michael Chiesa,Michael Chiesa,109
2013-05-25,UFC 160: Velasquez vs Silva 2,Colton Smith vs. Robert Whittaker,Colton Smith,-141
2013-05-25,UFC 160: Velasquez vs Silva 2,Colton Smith vs. Robert Whittaker,Robert Whittaker,141
2015-01-18,UFC Fight Night: McGregor vs Siver,Conor McGregor vs. Dennis Siver,Conor McGregor,-118
2015-01-18,UFC Fight Night: McGregor vs Siver,Conor McGregor vs. Dennis Siver,Dennis Siver,118
2014-07-19,UFC Fight Night: McGregor vs Brandao,Conor McGregor vs. Diego Brandao,Conor McGregor,-149
2014-07-19,UFC Fight Night: McGregor vs Brandao,Conor McGregor vs. Diego Brandao,Diego Brandao,149
2013-08-17,UFC Fight Night: Shogun vs Sonnen,Conor McGregor vs. Max Holloway,Conor McGregor,168
2013-08-17,UFC Fight Night: Shogun vs Sonnen,Conor McGregor vs. Max Holloway,Max Holloway,-168
2013-09-21,UFC 165: Jones vs Gustafsson,Constantinos Philippou vs. Francis Carmont,Constantinos Philippou,122
2013-09-21,UFC 165: Jones vs Gustafsson,Constantinos Philippou vs. Francis Carmont,Francis Carmont,-122
2014-05-10,UFC Fight Night: Brown vs Silva,Constantinos Philippou vs. Lorenz Larkin,Constantinos Philippou,114
2014-05-10,UFC Fight Night: Brown vs Silva,Constantinos Philippou vs. Lorenz Larkin,Lorenz Larkin,-114
2015-04-18,UFC on FOX: Machida vs Rockhold,Corey Anderson vs. Gian Villante,Corey Anderson,-383
2015-04-18,UFC on FOX: Machida vs Rockhold,Corey Anderson vs. Gian Villante,Gian Villante,383
2013-02-23,UFC 157: Rousey vs Carmouche,Court McGee vs. Josh Neer,Court McGee,-114
2013-02-23,UFC 157: Rousey vs Carmouche,Court McGee vs. Josh Neer,Josh Neer,114
2013-08-28,UFC Fight Night: Condit vs Kampmann 2,Court McGee vs. Robert Whittaker,Court McGee,107
2013-08-28,UFC Fight Night: Condit vs Kampmann 2,Court McGee vs. Robert Whittaker,Robert Whittaker,-107
2013-12-14,UFC on FOX: Johnson vs. Benavidez 2,Court McGee vs. Ryan LaFlare,Court McGee,120
2013-12-14,UFC on FOX: Johnson vs. Benavidez 2,Court McGee vs. Ryan LaFlare,Ryan LaFlare,-120
2014-02-15,UFC Fight Night: Machida vs Mousasi,Cristiano Marcello vs. Joe Proctor,Cristiano Marcello,104
2014-02-15,UFC Fight Night: Machida vs Mousasi,Cristiano Marcello vs. Joe Proctor,Joe Proctor,-104
2013-07-06,UFC 162: Silva vs Weidman,Cub Swanson vs. Dennis Siver,Cub Swanson,104
2013-07-06,UFC 162: Silva vs Weidman,Cub Swanson vs. Dennis Siver,Dennis Siver,-104
2013-02-16,UFC on FUEL TV: Barao vs McDonald,Cub Swanson vs. Dustin Poirier,Cub Swanson,108
2013-02-16,UFC on FUEL TV: Barao vs McDonald,Cub Swanson vs. Dustin Poirier,Dustin Poirier,-108
2014-06-28,UFC Fight Night: Swanson vs Stephens,Cub Swanson vs. Jeremy Stephens,Cub Swanson,-102
2014-06-28,UFC Fight Night: Swanson vs Stephens,Cub Swanson vs. Jeremy Stephens,Jeremy Stephens,102
2015-04-18,UFC on FOX: Machida vs Rockhold,Cub Swanson vs. Max Holloway,Cub Swanson,120
2015-04-18,UFC on FOX: Machida vs Rockhold,Cub Swanson vs. Max Holloway,Max Holloway,-120
2014-03-08,UFC Fight Night: Gustafsson vs Manuwa,Cyrille Diabate vs. Ilir Latifi,Cyrille Diabate,-147
2014-03-08,UFC Fight Night: Gustafsson vs Manuwa,Cyrille Diabate vs. Ilir Latifi,Ilir Latifi,147
2015-01-24,UFC on FOX: Gustafsson vs Johnson,Dan Henderson vs. Gegard Mousasi,Dan Henderson,229
2015-01-24,UFC on FOX: Gustafsson vs Johnson,Dan Henderson vs. Gegard Mousasi,Gegard Mousasi,-229
2014-05-24,UFC 173: Barao vs Dillashaw,Daniel Cormier vs. Dan Henderson,Daniel Cormier,-191
2014-05-24,UFC 173: Barao vs Dillashaw,Daniel Cormier vs. Dan Henderson,Dan Henderson,191
2013-10-19,UFC 166: Velasquez vs Dos Santos 3,Daniel Cormier vs. Roy Nelson,Daniel Cormier,-184
2013-10-19,UFC 166: Velasquez vs Dos Santos 3,Daniel Cormier vs. Roy Nelson,Roy Nelson,184
2015-02-14,UFC Fight Night: Henderson vs Thatch,Daniel Kelly vs. Patrick Walsh,Daniel Kelly,157
2015-02-14,UFC Fight Night: Henderson vs Thatch,Daniel Kelly vs. Patrick Walsh,Patrick Walsh,-157
2015-05-09,UFC Fight Night: Miocic vs Hunt,Daniel Kelly vs. Sam Alvey,Daniel Kelly,-115
2015-05-09,UFC Fight Night: Miocic vs Hunt,Daniel Kelly vs. Sam Alvey,Sam Alvey,115
2015-04-11,UFC Fight Night: Gonzaga vs Cro Cop 2,Daniel Omielanczuk vs. Anthony Hamilton,Daniel Omielanczuk,168
2015-04-11,UFC Fight Night: Gonzaga vs Cro Cop 2,Daniel Omielanczuk vs. Anthony Hamilton,Anthony Hamilton,-168
2014-03-15,UFC 171: Hendricks vs Lawler,Daniel Pineda vs. Robert Whiteford,Daniel Pineda,-162
2014-03-15,UFC 171: Hendricks vs Lawler,Daniel Pineda vs. Robert Whiteford,Robert Whiteford,162
2014-06-14,UFC 174: Johnson vs Bagautinov,Daniel Sarafian vs. Kiichi Kunimoto,Daniel Sarafian,-145
2014-06-14,UFC 174: Johnson vs Bagautinov,Daniel Sarafian vs. Kiichi Kunimoto,Kiichi Kunimoto,145
2014-04-26,UFC 172: Jones vs Teixeira,Danny Castillo vs. Charlie Brenneman,Danny Castillo,-131
2014-04-26,UFC 172: Jones vs Teixeira,Danny Castillo vs. Charlie Brenneman,Charlie Brenneman,131
2013-12-14,UFC on FOX: Johnson vs. Benavidez 2,Danny Castillo vs. Edson Barboza,Danny Castillo,-121
2013-12-14,UFC on FOX: Johnson vs. Benavidez 2,Danny Castillo vs. Edson Barboza,Edson Barboza,121
2015-01-03,UFC 182: Jones vs Cormier,Danny Castillo vs. Paul Felder,Danny Castillo,-145
2015-01-03,UFC 182: Jones vs Cormier,Danny Castillo vs. Paul Felder,Paul Felder,145
2013-07-27,UFC on FOX: Johnson vs Moraga,Danny Castillo vs. Tim Means,Danny Castillo,-141
2013-07-27,UFC on FOX: Johnson vs Moraga,Danny Castillo vs. Tim Means,Tim Means,141
2014-10-04,UFC Fight Night: MacDonald vs Saffiedine,Daron Cruickshank vs. Anthony Njokuani,Daron Cruickshank,-115
2014-10-04,UFC Fight Night: MacDonald vs Saffiedine,Daron Cruickshank vs. Anthony Njokuani,Anthony Njokuani,115
2015-03-14,UFC 185: Pettis vs Dos Anjos,Daron Cruickshank vs. Beneil Dariush,Daron Cruickshank,119
2015-03-14,UFC 185: Pettis vs Dos Anjos,Daron Cruickshank vs. Beneil Dariush,Beneil Dariush,-119
2014-07-26,UFC on FOX: Lawler vs Brown,Daron Cruickshank vs. Jorge Masvidal,Daron Cruickshank,140
2014-07-26,UFC on FOX: Lawler vs Brown,Daron Cruickshank vs. Jorge Masvidal,Jorge Masvidal,-140
2014-01-25,UFC on FOX: Henderson vs Thomson,Daron Cruickshank vs. Mike Rio,Daron Cruickshank,107
2014-01-25,UFC on FOX: Henderson vs Thomson,Daron Cruickshank vs. Mike Rio,Mike Rio,-107
2014-12-20,UFC Fight Night: Machida vs Dollaway,Darren Elkins vs. Hacran Dias,Darren Elkins,-103
2014-12-20,UFC Fight Night: Machida vs Dollaway,Darren Elkins vs. Hacran Dias,Hacran Dias,103
2013-08-28,UFC Fight Night: Condit vs Kampmann 2,Darren Elkins vs. Hatsu Hioki,Darren Elkins,-108
2013-08-28,UFC Fight Night: Condit vs Kampmann 2,Darren Elkins vs. Hatsu Hioki,Hatsu Hioki,108
2014-01-25,UFC on FOX: Henderson vs Thomson,Darren Elkins vs. Jeremy Stephens,Darren Elkins,102
2014-01-25,UFC on FOX: Henderson vs Thomson,Darren Elkins vs. Jeremy Stephens,Jeremy Stephens,-102
2014-10-25,UFC 179: Aldo vs Mendes 2,Darren Elkins vs. Lucas Martins,Darren Elkins,-141
2014-10-25,UFC 179: Aldo vs Mendes 2,Darren Elkins vs. Lucas Martins,Lucas Martins,141
2014-12-13,UFC on FOX: Dos Santos vs Miocic,David Michaud vs. Garett Whiteley,David Michaud,-163
2014-12-13,UFC on FOX: Dos Santos vs Miocic,David Michaud vs. Garett Whiteley,Garett Whiteley,163
2014-06-14,UFC 174: Johnson vs Bagautinov,Demetrious Johnson vs. Ali Bagautinov,Demetrious Johnson,-174
2014-06-14,UFC 174: Johnson vs Bagautinov,Demetrious Johnson vs. Ali Bagautinov,Ali Bagautinov,174
2014-09-27,UFC 178: Johnson vs Cariaso,Demetrious Johnson vs. Chris Cariaso,Demetrious Johnson,-154
2014-09-27,UFC 178: Johnson vs Cariaso,Demetrious Johnson vs. Chris Cariaso,Chris Cariaso,154
2013-01-26,UFC on FOX: Johnson vs Dodson,Demetrious Johnson vs. John Dodson,Demetrious Johnson,-151
2013-01-26,UFC on FOX: Johnson vs Dodson,Demetrious Johnson vs. John Dodson,John Dodson,151
2013-07-27,UFC on FOX: Johnson vs Moraga,Demetrious Johnson vs. John Moraga,Demetrious Johnson,-190
2013-07-27,UFC on FOX: Johnson vs Moraga,Demetrious Johnson vs. John Moraga,John Moraga,190
2013-12-14,UFC on FOX: Johnson vs. Benavidez 2,Demetrious Johnson vs. Joseph Benavidez,Demetrious Johnson,-174
2013-12-14,UFC on FOX: Johnson vs. Benavidez 2,Demetrious Johnson vs. Joseph Benavidez,Joseph Benavidez,174
2015-04-25,UFC 186: Johnson vs Horiguchi,Demetrious Johnson vs. Kyoji Horiguchi,Demetrious Johnson,-135
2015-04-25,UFC 186: Johnson vs Horiguchi,Demetrious Johnson vs. Kyoji Horiguchi,Kyoji Horiguchi,135
2013-10-09,UFC Fight Night: Maia vs Shields,Demian Maia vs. Jake Shields,Demian Maia,-165
2013-10-09,UFC Fight Night: Maia vs Shields,Demian Maia vs. Jake Shields,Jake Shields,165
2015-03-21,UFC Fight Night: Maia vs LaFlare,Demian Maia vs. Ryan LaFlare,Demian Maia,121
2015-03-21,UFC Fight Night: Maia vs LaFlare,Demian Maia vs. Ryan LaFlare,Ryan LaFlare,-121
2014-03-15,UFC 171: Hendricks vs Lawler,Dennis Bermudez vs. Jimy Hettes,Dennis Bermudez,-110
2014-03-15,UFC 171: Hendricks vs Lawler,Dennis Bermudez vs. Jimy Hettes,Jimy Hettes,110
2013-02-23,UFC 157: Rousey vs Carmouche,Dennis Bermudez vs. Matt Grice,Dennis Bermudez,-124
2013-02-23,UFC 157: Rousey vs Carmouche,Dennis Bermudez vs. Matt Grice,Matt Grice,124
2013-05-25,UFC 160: Velasquez vs Silva 2,Dennis Bermudez vs. Max Holloway,Dennis Bermudez,-133
2013-05-25,UFC 160: Velasquez vs Silva 2,Dennis Bermudez vs. Max Holloway,Max Holloway,133
2013-11-06,UFC Fight Night: Fight for the Troops 3,Dennis Bermudez vs. Steven Siler,Dennis Bermudez,-127
2013-11-06,UFC Fight Night: Fight for the Troops 3,Dennis Bermudez vs. Steven Siler,Steven Siler,127
2015-02-28,UFC 184: Rousey vs Zingano,Derrick Lewis vs. Ruan Potts,Derrick Lewis,-260
2015-02-28,UFC 184: Rousey vs Zingano,Derrick Lewis vs. Ruan Potts,Ruan Potts,260
2015-02-28,UFC 184: Rousey vs Zingano,Dhiego Lima vs. Tim Means,Dhiego Lima,-132
2015-02-28,UFC 184: Rousey vs Zingano,Dhiego Lima vs. Tim Means,Tim Means,132
2013-08-17,UFC Fight Night: Shogun vs Sonnen,Diego Brandao vs. Daniel Pineda,Diego Brandao,109
2013-08-17,UFC Fight Night: Shogun vs Sonnen,Diego Brandao vs. Daniel Pineda,Daniel Pineda,-109
2015-04-18,UFC on FOX: Machida vs Rockhold,Diego Brandao vs. Jimy Hettes,Diego Brandao,132
2015-04-18,UFC on FOX: Machida vs Rockhold,Diego Brandao vs. Jimy Hettes,Jimy Hettes,-132
2013-04-06,UFC on FUEL TV: Mousasi vs Latifi,Diego Brandao vs. Pablo Garza,Diego Brandao,-113
2013-04-06,UFC on FUEL TV: Mousasi vs Latifi,Diego Brandao vs. Pablo Garza,Pablo Garza,113
2014-10-25,UFC 179: Aldo vs Mendes 2,Diego Ferreira vs. Beneil Dariush,Diego Ferreira,-125
2014-10-25,UFC 179: Aldo vs Mendes 2,Diego Ferreira vs. Beneil Dariush,Beneil Dariush,125
2014-03-15,UFC 171: Hendricks vs Lawler,Diego Sanchez vs. Myles Jury,Diego Sanchez,150
2014-03-15,UFC 171: Hendricks vs Lawler,Diego Sanchez vs. Myles Jury,Myles Jury,-150
2014-06-07,UFC Fight Night: Henderson vs Khabilov,Diego Sanchez vs. Ross Pearson,Diego Sanchez,156
2014-06-07,UFC Fight Night: Henderson vs Khabilov,Diego Sanchez vs. Ross Pearson,Ross Pearson,-156
2014-09-27,UFC 178: Johnson vs Cariaso,Dominick Cruz vs. Takeya Mizugaki,Dominick Cruz,-121
2014-09-27,UFC 178: Johnson vs Cariaso,Dominick Cruz vs. Takeya Mizugaki,Takeya Mizugaki,121
2014-01-25,UFC on FOX: Henderson vs Thomson,Donald Cerrone vs. Adriano Martins,Donald Cerrone,117
2014-01-25,UFC on FOX: Henderson vs Thomson,Donald Cerrone vs. Adriano Martins,Adriano Martins,-117
2015-01-18,UFC Fight Night: McGregor vs Siver,Donald Cerrone vs. Benson Henderson,Donald Cerrone,155
2015-01-18,UFC Fight Night: McGregor vs Siver,Donald Cerrone vs. Benson Henderson,Benson Henderson,-155
2014-04-19,UFC on FOX: Werdum vs Browne,Donald Cerrone vs. Edson Barboza,Donald Cerrone,-140
2014-04-19,UFC on FOX: Werdum vs Browne,Donald Cerrone vs. Edson Barboza,Edson Barboza,140
2014-07-16,UFC Fight Night: Cowboy vs Miller,Donald Cerrone vs. Jim Miller,Donald Cerrone,-111
2014-07-16,UFC Fight Night: Cowboy vs Miller,Donald Cerrone vs. Jim Miller,Jim Miller,111
2015-05-23,UFC 187: Johnson vs Cormier,Donald Cerrone vs. John Makdessi,Donald Cerrone,149
2015-05-23,UFC 187: Johnson vs Cormier,Donald Cerrone vs. John Makdessi,John Makdessi,-149
2015-01-03,UFC 182: Jones vs Cormier,Donald Cerrone vs. Myles Jury,Donald Cerrone,147
2015-01-03,UFC 182: Jones vs Cormier,Donald Cerrone vs. Myles Jury,Myles Jury,-147
2013-08-28,UFC Fight Night: Condit vs Kampmann 2,Donald Cerrone vs. Rafael Dos Anjos,Donald Cerrone,165
2013-08-28,UFC Fight Night: Condit vs Kampmann 2,Donald Cerrone vs. Rafael Dos Anjos,Rafael Dos Anjos,-165
2014-03-01,UFC Fight Night: Kim vs Hathaway,Dong Hyun Kim vs. John Hathaway,Dong Hyun Kim,103
2014-03-01,UFC Fight Night: Kim vs Hathaway,Dong Hyun Kim vs. John Hathaway,John Hathaway,-103
2015-05-23,UFC 187: Johnson vs Cormier,Dong Hyun Kim vs. Joshua Burkman,Dong Hyun Kim,-121
2015-05-23,UFC 187: Johnson vs Cormier,Dong Hyun Kim vs. Joshua Burkman,Joshua Burkman,121
2013-03-02,UFC on FUEL TV: Silva vs. Stann,Dong Hyun Kim vs. Siyar Bahadurzada,Dong Hyun Kim,106
2013-03-02,UFC on FUEL TV: Silva vs. Stann,Dong Hyun Kim vs. Siyar Bahadurzada,Siyar Bahadurzada,-106
2015-02-22,UFC Fight Night: Bigfoot vs Mir,Douglas Silva de Andrade vs. Cody Gibson,Douglas Silva de Andrade,150
2015-02-22,UFC Fight Night: Bigfoot vs Mir,Douglas Silva de Andrade vs. Cody Gibson,Cody Gibson,-150
2014-04-16,UFC Fight Night: Bisping vs Kennedy,Dustin Poirier vs. Akira Corassani,Dustin Poirier,-233
2014-04-16,UFC Fight Night: Bisping vs Kennedy,Dustin Poirier vs. Akira Corassani,Akira Corassani,233
2014-09-27,UFC 178: Johnson vs Cariaso,Dustin Poirier vs. Conor McGregor,Dustin Poirier,111
2014-09-27,UFC 178: Johnson vs Cariaso,Dustin Poirier vs. Conor McGregor,Conor McGregor,-111
2013-12-28,UFC 168: Weidman vs Silva 2,Dustin Poirier vs. Diego Brandao,Dustin Poirier,-131
2013-12-28,UFC 168: Weidman vs Silva 2,Dustin Poirier vs. Diego Brandao,Diego Brandao,131
2015-04-04,UFC Fight Night: Mendes vs Lamas,Dustin Poirier vs. Diego Ferreira,Dustin Poirier,-186
2015-04-04,UFC Fight Night: Mendes vs Lamas,Dustin Poirier vs. Diego Ferreira,Diego Ferreira,186
2012-12-15,The Ultimate Fighter: Team Carwin vs. Team Nelson Finale,Dustin Poirier vs. Jonathan Brookins,Dustin Poirier,-127
2012-12-15,The Ultimate Fighter: Team Carwin vs. Team Nelson Finale,Dustin Poirier vs. Jonathan Brookins,Jonathan Brookins,127
2015-06-06,UFC Fight Night: Boetsch vs Henderson,Dustin Poirier vs. Yancy Medeiros,Dustin Poirier,-152
2015-06-06,UFC Fight Night: Boetsch vs Henderson,Dustin Poirier vs. Yancy Medeiros,Yancy Medeiros,152
2015-05-09,UFC Fight Night: Miocic vs Hunt,Dylan Andrews vs. Brad Scott,Dylan Andrews,105
2015-05-09,UFC Fight Night: Miocic vs Hunt,Dylan Andrews vs. Brad Scott,Brad Scott,-105
2013-12-06,UFC Fight Night: Hunt vs Bigfoot,Dylan Andrews vs. Clint Hester,Dylan Andrews,116
2013-12-06,UFC Fight Night: Hunt vs Bigfoot,Dylan Andrews vs. Clint Hester,Clint Hester,-116
2013-08-28,UFC Fight Night: Condit vs Kampmann 2,Dylan Andrews vs. Papy Abedi,Dylan Andrews,109
2013-08-28,UFC Fight Night: Condit vs Kampmann 2,Dylan Andrews vs. Papy Abedi,Papy Abedi,-109
2014-11-07,UFC Fight Night: Rockhold vs Bisping,Dylan Andrews vs. Sam Alvey,Dylan Andrews,-126
2014-11-07,UFC Fight Night: Rockhold vs Bisping,Dylan Andrews vs. Sam Alvey,Sam Alvey,126
2015-01-31,UFC 183: Silva vs Diaz,Ed Herman vs. Derek Brunson,Ed Herman,116
2015-01-31,UFC 183: Silva vs Diaz,Ed Herman vs. Derek Brunson,Derek Brunson,-116
2014-05-10,UFC Fight Night: Brown vs Silva,Ed Herman vs. Rafael Natal,Ed Herman,210
2014-05-10,UFC Fight Night: Brown vs Silva,Ed Herman vs. Rafael Natal,Rafael Natal,-210
2013-11-16,UFC 167: St-Pierre vs Hendricks,Ed Herman vs. Thales Leites,Ed Herman,107
2013-11-16,UFC 167: St-Pierre vs Hendricks,Ed Herman vs. Thales Leites,Thales Leites,-107
2015-04-18,UFC on FOX: Machida vs Rockhold,Eddie Gordon vs. Chris Dempsey,Eddie Gordon,-170
2015-04-18,UFC on FOX: Machida vs Rockhold,Eddie Gordon vs. Chris Dempsey,Chris Dempsey,170
2014-12-06,UFC 181: Hendricks vs Lawler II,Eddie Gordon vs. Josh Samman,Eddie Gordon,107
2014-12-06,UFC 181: Hendricks vs Lawler II,Eddie Gordon vs. Josh Samman,Josh Samman,-107
2014-05-10,UFC Fight Night: Brown vs Silva,Eddie Wineland vs. Johnny Eduardo,Eddie Wineland,-117
2014-05-10,UFC Fight Night: Brown vs Silva,Eddie Wineland vs. Johnny Eduardo,Johnny Eduardo,117
2014-01-25,UFC on FOX: Henderson vs Thomson,Eddie Wineland vs. Yves Jabouin,Eddie Wineland,124
2014-01-25,UFC on FOX: Henderson vs Thomson,Eddie Wineland vs. Yves Jabouin,Yves Jabouin,-124
2015-03-21,UFC Fight Night: Maia vs LaFlare,Edimilson Souza vs. Katsunori Kikuno,Edimilson Souza,105
2015-03-21,UFC Fight Night: Maia vs LaFlare,Edimilson Souza vs. Katsunori Kikuno,Katsunori Kikuno,-105
2014-05-31,UFC Fight Night: Miocic vs Maldonado,Edimilson Souza vs. Mark Eddiva,Edimilson Souza,170
2014-05-31,UFC Fight Night: Miocic vs Maldonado,Edimilson Souza vs. Mark Eddiva,Mark Eddiva,-170
2015-02-22,UFC Fight Night: Bigfoot vs Mir,Edson Barboza vs. Michael Johnson,Edson Barboza,119
2015-02-22,UFC Fight Night: Bigfoot vs Mir,Edson Barboza vs. Michael Johnson,Michael Johnson,-119
2013-07-06,UFC 162: Silva vs Weidman,Edson Barboza vs. Rafaello Oliveira,Edson Barboza,111
2013-07-06,UFC 162: Silva vs Weidman,Edson Barboza vs. Rafaello Oliveira,Rafaello Oliveira,-111
2013-02-02,UFC 156: Aldo vs Edgar,Edwin Figueroa vs. Francisco Rivera,Edwin Figueroa,109
2013-02-02,UFC 156: Aldo vs Edgar,Edwin Figueroa vs. Francisco Rivera,Francisco Rivera,-109
2015-06-13,UFC 188: Velasquez vs Werdum,Efrain Escudero vs. Drew Dober,Efrain Escudero,-132
2015-06-13,UFC 188: Velasquez vs Werdum,Efrain Escudero vs. Drew Dober,Drew Dober,132
2015-02-14,UFC Fight Night: Henderson vs Thatch,Efrain Escudero vs. Rodrigo de Lima,Efrain Escudero,-125
2015-02-14,UFC Fight Night: Henderson vs Thatch,Efrain Escudero vs. Rodrigo de Lima,Rodrigo de Lima,125
2014-05-31,UFC Fight Night: Miocic vs Maldonado,Elias Silverio vs. Ernest Chavez,Elias Silverio,-130
2014-05-31,UFC Fight Night: Miocic vs Maldonado,Elias Silverio vs. Ernest Chavez,Ernest Chavez,130
2014-12-20,UFC Fight Night: Machida vs Dollaway,Elias Silverio vs. Rashid Magomedov,Elias Silverio,-132
2014-12-20,UFC Fight Night: Machida vs Dollaway,Elias Silverio vs. Rashid Magomedov,Rashid Magomedov,132
2014-10-04,UFC Fight Night: MacDonald vs Saffiedine,Elias Theodorou vs. Bruno Santos,Elias Theodorou,-163
2014-10-04,UFC Fight Night: MacDonald vs Saffiedine,Elias Theodorou vs. Bruno Santos,Bruno Santos,163
2015-03-14,UFC 185: Pettis vs Dos Anjos,Elias Theodorou vs. Roger Narvaez,Elias Theodorou,-181
2015-03-14,UFC 185: Pettis vs Dos Anjos,Elias Theodorou vs. Roger Narvaez,Roger Narvaez,181
2013-10-09,UFC Fight Night: Maia vs Shields,Erick Silva vs. Dong Hyun Kim,Erick Silva,172
2013-10-09,UFC Fight Night: Maia vs Shields,Erick Silva vs. Dong Hyun Kim,Dong Hyun Kim,-172
2013-06-08,UFC on FUEL TV: Nogueira vs. Werdum,Erick Silva vs. Jason High,Erick Silva,-159
2013-06-08,UFC on FUEL TV: Nogueira vs. Werdum,Erick Silva vs. Jason High,Jason High,159
2015-03-21,UFC Fight Night: Maia vs LaFlare,Erick Silva vs. Josh Koscheck,Erick Silva,121
2015-03-21,UFC Fight Night: Maia vs LaFlare,Erick Silva vs. Josh Koscheck,Josh Koscheck,-121
2014-12-20,UFC Fight Night: Machida vs Dollaway,Erick Silva vs. Mike Rhodes,Erick Silva,110
2014-12-20,UFC Fight Night: Machida vs Dollaway,Erick Silva vs. Mike Rhodes,Mike Rhodes,-110
2014-05-10,UFC Fight Night: Brown vs Silva,Erik Koch vs. Daron Cruickshank,Erik Koch,-104
2014-05-10,UFC Fight Night: Brown vs Silva,Erik Koch vs. Daron Cruickshank,Daron Cruickshank,104
2013-08-31,UFC 164: Henderson vs Pettis 2,Erik Koch vs. Dustin Poirier,Erik Koch,153
2013-08-31,UFC 164: Henderson vs Pettis 2,Erik Koch vs. Dustin Poirier,Dustin Poirier,-153
2013-01-26,UFC on FOX: Johnson vs Dodson,Erik Koch vs. Ricardo Lamas,Erik Koch,-102
2013-01-26,UFC on FOX: Johnson vs Dodson,Erik Koch vs. Ricardo Lamas,Ricardo Lamas,102
2014-06-07,UFC Fight Night: Henderson vs Khabilov,Erik Perez vs. Bryan Caraway,Erik Perez,-214
2014-06-07,UFC Fight Night: Henderson vs Khabilov,Erik Perez vs. Bryan Caraway,Bryan Caraway,214
2012-12-29,UFC 155: Dos Santos vs Velasquez II,Erik Perez vs. Byron Bloodworth,Erik Perez,-208
2012-12-29,UFC 155: Dos Santos vs Velasquez II,Erik Perez vs. Byron Bloodworth,Byron Bloodworth,208
2013-11-16,UFC 167: St-Pierre vs Hendricks,Erik Perez vs. Edwin Figueroa,Erik Perez,-190
2013-11-16,UFC 167: St-Pierre vs Hendricks,Erik Perez vs. Edwin Figueroa,Edwin Figueroa,190
2014-03-23,UFC Fight Night: Shogun vs Henderson 2,Fabio Maldonado vs. Gian Villante,Fabio Maldonado,-126
2014-03-23,UFC Fight Night: Shogun vs Henderson 2,Fabio Maldonado vs. Gian Villante,Gian Villante,126
2014-10-25,UFC 179: Aldo vs Mendes 2,Fabio Maldonado vs. Hans Stringer,Fabio Maldonado,105
2014-10-25,UFC 179: Aldo vs Mendes 2,Fabio Maldonado vs. Hans Stringer,Hans Stringer,-105
2013-10-09,UFC Fight Night: Maia vs Shields,Fabio Maldonado vs. Joey Beltran,Fabio Maldonado,-117
2013-10-09,UFC Fight Night: Maia vs Shields,Fabio Maldonado vs. Joey Beltran,Joey Beltran,117
2013-05-18,UFC on FX: Belfort vs. Rockhold,Fabio Maldonado vs. Roger Hollett,Fabio Maldonado,-177
2013-05-18,UFC on FX: Belfort vs. Rockhold,Fabio Maldonado vs. Roger Hollett,Roger Hollett,177
2014-10-25,UFC 179: Aldo vs Mendes 2,Fabricio Camoes vs. Anthony Rocco Martin,Fabricio Camoes,134
2014-10-25,UFC 179: Aldo vs Mendes 2,Fabricio Camoes vs. Anthony Rocco Martin,Anthony Rocco Martin,-134
2014-11-15,UFC 180: Werdum vs Hunt,Fabricio Werdum vs. Mark Hunt,Fabricio Werdum,106
2014-11-15,UFC 180: Werdum vs Hunt,Fabricio Werdum vs. Mark Hunt,Mark Hunt,-106
2014-04-19,UFC on FOX: Werdum vs Browne,Fabricio Werdum vs. Travis Browne,Fabricio Werdum,-103
2014-04-19,UFC on FOX: Werdum vs Browne,Fabricio Werdum vs. Travis Browne,Travis Browne,103
2014-10-25,UFC 179: Aldo vs Mendes 2,Felipe Arantes vs. Andre Fili,Felipe Arantes,112
2014-10-25,UFC 179: Aldo vs Mendes 2,Felipe Arantes vs. Andre Fili,Andre Fili,-112
2014-02-15,UFC Fight Night: Machida vs Mousasi,Felipe Arantes vs. Maximo Blanco,Felipe Arantes,-109
2014-02-15,UFC Fight Night: Machida vs Mousasi,Felipe Arantes vs. Maximo Blanco,Maximo Blanco,109
2015-05-30,UFC Fight Night: Condit vs Alves,Francimar Barroso vs. Ryan Jimmo,Francimar Barroso,115
2015-05-30,UFC Fight Night: Condit vs Alves,Francimar Barroso vs. Ryan Jimmo,Ryan Jimmo,-115
2014-05-31,UFC Fight Night: Munoz vs Mousasi,Francis Carmont vs. CB Dollaway,Francis Carmont,115
2014-05-31,UFC Fight Night: Munoz vs Mousasi,Francis Carmont vs. CB Dollaway,CB Dollaway,-115
2014-08-23,UFC Fight Night: Henderson vs Dos Anjos,Francis Carmont vs. Thales Leites,Francis Carmont,-149
2014-08-23,UFC Fight Night: Henderson vs Dos Anjos,Francis Carmont vs. Thales Leites,Thales Leites,149
2015-06-06,UFC Fight Night: Boetsch vs Henderson,Francisco Rivera vs. Alex Caceres,Francisco Rivera,133
2015-06-06,UFC Fight Night: Boetsch vs Henderson,Francisco Rivera vs. Alex Caceres,Alex Caceres,-133
2015-03-21,UFC Fight Night: Maia vs LaFlare,Francisco Trinaldo vs. Akbarh Arreola,Francisco Trinaldo,104
2015-03-21,UFC Fight Night: Maia vs LaFlare,Francisco Trinaldo vs. Akbarh Arreola,Akbarh Arreola,-104
2013-01-19,UFC on FX: Belfort vs Bisping,Francisco Trinaldo vs. CJ Keith,Francisco Trinaldo,139
2013-01-19,UFC on FX: Belfort vs Bisping,Francisco Trinaldo vs. CJ Keith,CJ Keith,-139
2014-02-15,UFC Fight Night: Machida vs Mousasi,Francisco Trinaldo vs. Jesse Ronson,Francisco Trinaldo,118
2014-02-15,UFC Fight Night: Machida vs Mousasi,Francisco Trinaldo vs. Jesse Ronson,Jesse Ronson,-118
2014-09-13,UFC Fight Night: Bigfoot vs Arlovski,Francisco Trinaldo vs. Leandro Silva,Francisco Trinaldo,114
2014-09-13,UFC Fight Night: Bigfoot vs Arlovski,Francisco Trinaldo vs. Leandro Silva,Leandro Silva,-114
2013-05-18,UFC on FX: Belfort vs. Rockhold,Francisco Trinaldo vs. Mike Rio,Francisco Trinaldo,-108
2013-05-18,UFC on FX: Belfort vs. Rockhold,Francisco Trinaldo vs. Mike Rio,Mike Rio,108
2015-05-30,UFC Fight Night: Condit vs Alves,Francisco Trinaldo vs. Norman Parke,Francisco Trinaldo,143
2015-05-30,UFC Fight Night: Condit vs Alves,Francisco Trinaldo vs. Norman Parke,Norman Parke,-143
2014-02-01,UFC 169: Barao vs Faber 2,Frank Mir vs. Alistair Overeem,Frank Mir,145
2014-02-01,UFC 169: Barao vs Faber 2,Frank Mir vs. Alistair Overeem,Alistair Overeem,-145
2013-08-31,UFC 164: Henderson vs Pettis 2,Frank Mir vs. Josh Barnett,Frank Mir,129
2013-08-31,UFC 164: Henderson vs Pettis 2,Frank Mir vs. Josh Barnett,Josh Barnett,-129
2014-07-06,The Ultimate Fighter: Team Edgar vs. Team Penn Finale,Frankie Edgar vs. BJ Penn,Frankie Edgar,-152
2014-07-06,The Ultimate Fighter: Team Edgar vs. Team Penn Finale,Frankie Edgar vs. BJ Penn,BJ Penn,152
2013-07-06,UFC 162: Silva vs Weidman,Frankie Edgar vs. Charles Oliveira,Frankie Edgar,-123
2013-07-06,UFC 162: Silva vs Weidman,Frankie Edgar vs. Charles Oliveira,Charles Oliveira,123
2014-11-22,UFC Fight Night: Edgar vs Swanson,Frankie Edgar vs. Cub Swanson,Frankie Edgar,-124
2014-11-22,UFC Fight Night: Edgar vs Swanson,Frankie Edgar vs. Cub Swanson,Cub Swanson,124
2015-05-16,UFC Fight Night: Edgar vs Faber,Frankie Edgar vs. Urijah Faber,Frankie Edgar,-145
2015-05-16,UFC Fight Night: Edgar vs Faber,Frankie Edgar vs. Urijah Faber,Urijah Faber,145
2013-01-19,UFC on FX: Belfort vs Bisping,Gabriel Gonzaga vs. Ben Rothwell,Gabriel Gonzaga,-180
2013-01-19,UFC on FX: Belfort vs Bisping,Gabriel Gonzaga vs. Ben Rothwell,Ben Rothwell,180
2013-07-06,UFC 162: Silva vs Weidman,Gabriel Gonzaga vs. Dave Herman,Gabriel Gonzaga,-106
2013-07-06,UFC 162: Silva vs Weidman,Gabriel Gonzaga vs. Dave Herman,Dave Herman,106
2014-12-13,UFC on FOX: Dos Santos vs Miocic,Gabriel Gonzaga vs. Matt Mitrione,Gabriel Gonzaga,-137
2014-12-13,UFC on FOX: Dos Santos vs Miocic,Gabriel Gonzaga vs. Matt Mitrione,Matt Mitrione,137
2015-04-11,UFC Fight Night: Gonzaga vs Cro Cop 2,Gabriel Gonzaga vs. Mirko Filipovic,Gabriel Gonzaga,-149
2015-04-11,UFC Fight Night: Gonzaga vs Cro Cop 2,Gabriel Gonzaga vs. Mirko Filipovic,Mirko Filipovic,149
2013-10-19,UFC 166: Velasquez vs Dos Santos 3,Gabriel Gonzaga vs. Shawn Jordan,Gabriel Gonzaga,-123
2013-10-19,UFC 166: Velasquez vs Dos Santos 3,Gabriel Gonzaga vs. Shawn Jordan,Shawn Jordan,123
2015-05-16,UFC Fight Night: Edgar vs Faber,Gegard Mousasi vs. Constantinos Philippou,Gegard Mousasi,-154
2015-05-16,UFC Fight Night: Edgar vs Faber,Gegard Mousasi vs. Constantinos Philippou,Constantinos Philippou,154
2014-04-16,UFC Fight Night: Bisping vs Kennedy,George Roop vs. Dustin Kimura,George Roop,-130
2014-04-16,UFC Fight Night: Bisping vs Kennedy,George Roop vs. Dustin Kimura,Dustin Kimura,130
2013-11-06,UFC Fight Night: Fight for the Troops 3,George Roop vs. Francisco Rivera,George Roop,-110
2013-11-06,UFC Fight Night: Fight for the Troops 3,George Roop vs. Francisco Rivera,Francisco Rivera,110
2013-03-16,UFC 158: St-Pierre vs Diaz,George Roop vs. Reuben Duran,George Roop,-101
2013-03-16,UFC 158: St-Pierre vs Diaz,George Roop vs. Reuben Duran,Reuben Duran,101
2013-10-19,UFC 166: Velasquez vs Dos Santos 3,George Sotiropoulos vs. KJ Noons,George Sotiropoulos,-195
2013-10-19,UFC 166: Velasquez vs Dos Santos 3,George Sotiropoulos vs. KJ Noons,KJ Noons,195
2015-04-18,UFC on FOX: Machida vs Rockhold,George Sullivan vs. Tim Means,George Sullivan,136
2015-04-18,UFC on FOX: Machida vs Rockhold,George Sullivan vs. Tim Means,Tim Means,-136
2013-11-16,UFC 167: St-Pierre vs Hendricks,Georges St-Pierre vs. Johny Hendricks,Georges St-Pierre,-172
2013-11-16,UFC 167: St-Pierre vs Hendricks,Georges St-Pierre vs. Johny Hendricks,Johny Hendricks,172
2013-03-16,UFC 158: St-Pierre vs Diaz,Georges St-Pierre vs. Nick Diaz,Georges St-Pierre,-276
2013-03-16,UFC 158: St-Pierre vs Diaz,Georges St-Pierre vs. Nick Diaz,Nick Diaz,276
2014-06-28,UFC Fight Night: Te Huna vs Marquardt,Gian Villante vs. Sean O'Connell,Gian Villante,-102
2014-06-28,UFC Fight Night: Te Huna vs Marquardt,Gian Villante vs. Sean O'Connell,Sean O'Connell,102
2013-10-19,UFC 166: Velasquez vs Dos Santos 3,Gilbert Melendez vs. Diego Sanchez,Gilbert Melendez,134
2013-10-19,UFC 166: Velasquez vs Dos Santos 3,Gilbert Melendez vs. Diego Sanchez,Diego Sanchez,-134
2013-05-18,UFC on FX: Belfort vs. Rockhold,Gleison Tibau vs. John Cholish,Gleison Tibau,-122
2013-05-18,UFC on FX: Belfort vs. Rockhold,Gleison Tibau vs. John Cholish,John Cholish,122
2013-12-28,UFC 168: Weidman vs Silva 2,Gleison Tibau vs. Michael Johnson,Gleison Tibau,-102
2013-12-28,UFC 168: Weidman vs Silva 2,Gleison Tibau vs. Michael Johnson,Michael Johnson,102
2014-07-16,UFC Fight Night: Cowboy vs Miller,Gleison Tibau vs. Pat Healy,Gleison Tibau,-146
2014-07-16,UFC Fight Night: Cowboy vs Miller,Gleison Tibau vs. Pat Healy,Pat Healy,146
2014-09-13,UFC Fight Night: Bigfoot vs Arlovski,Gleison Tibau vs. Piotr Hallmann,Gleison Tibau,136
2014-09-13,UFC Fight Night: Bigfoot vs Arlovski,Gleison Tibau vs. Piotr Hallmann,Piotr Hallmann,-136
2013-05-25,UFC 160: Velasquez vs Silva 2,Glover Teixeira vs. James Te Huna,Glover Teixeira,104
2013-05-25,UFC 160: Velasquez vs Silva 2,Glover Teixeira vs. James Te Huna,James Te Huna,-104
2014-10-25,UFC 179: Aldo vs Mendes 2,Glover Teixeira vs. Phil Davis,Glover Teixeira,119
2014-10-25,UFC 179: Aldo vs Mendes 2,Glover Teixeira vs. Phil Davis,Phil Davis,-119
2013-09-04,UFC Fight Night: Teixeira vs Bader,Glover Teixeira vs. Ryan Bader,Glover Teixeira,100
2013-09-04,UFC Fight Night: Teixeira vs Bader,Glover Teixeira vs. Ryan Bader,Ryan Bader,-100
2015-03-21,UFC Fight Night: Maia vs LaFlare,Godofredo Pepey vs. Andre Fili,Godofredo Pepey,212
2015-03-21,UFC Fight Night: Maia vs LaFlare,Godofredo Pepey vs. Andre Fili,Andre Fili,-212
2014-09-13,UFC Fight Night: Bigfoot vs Arlovski,Godofredo Pepey vs. Dashon Johnson,Godofredo Pepey,115
2014-09-13,UFC Fight Night: Bigfoot vs Arlovski,Godofredo Pepey vs. Dashon Johnson,Dashon Johnson,-115
2013-06-08,UFC on FUEL TV: Nogueira vs. Werdum,Godofredo Pepey vs. Felipe Arantes,Godofredo Pepey,150
2013-06-08,UFC on FUEL TV: Nogueira vs. Werdum,Godofredo Pepey vs. Felipe Arantes,Felipe Arantes,-150
2013-01-19,UFC on FX: Belfort vs Bisping,Godofredo Pepey vs. Milton Vieira,Godofredo Pepey,-139
2013-01-19,UFC on FX: Belfort vs Bisping,Godofredo Pepey vs. Milton Vieira,Milton Vieira,139
2013-11-09,UFC Fight Night: Belfort vs Henderson 2,Godofredo Pepey vs. Sam Sicilia,Godofredo Pepey,-104
2013-11-09,UFC Fight Night: Belfort vs Henderson 2,Godofredo Pepey vs. Sam Sicilia,Sam Sicilia,104
2015-04-04,UFC Fight Night: Mendes vs Lamas,Gray Maynard vs. Alexander Yakovlev,Gray Maynard,-129
2015-04-04,UFC Fight Night: Mendes vs Lamas,Gray Maynard vs. Alexander Yakovlev,Alexander Yakovlev,129
2013-11-30,The Ultimate Fighter: Team Rousey vs. Team Tate Finale,Gray Maynard vs. Nate Diaz,Gray Maynard,106
2013-11-30,The Ultimate Fighter: Team Rousey vs. Team Tate Finale,Gray Maynard vs. Nate Diaz,Nate Diaz,-106
2014-08-16,UFC Fight Night: Bader vs Saint Preux,Gray Maynard vs. Ross Pearson,Gray Maynard,146
2014-08-16,UFC Fight Night: Bader vs Saint Preux,Gray Maynard vs. Ross Pearson,Ross Pearson,-146
2013-05-25,UFC 160: Velasquez vs Silva 2,Gray Maynard vs. TJ Grant,Gray Maynard,112
2013-05-25,UFC 160: Velasquez vs Silva 2,Gray Maynard vs. TJ Grant,TJ Grant,-112
2015-05-16,UFC Fight Night: Edgar vs Faber,Guangyou Ning vs. Royston Wee,Guangyou Ning,105
2015-05-16,UFC Fight Night: Edgar vs Faber,Guangyou Ning vs. Royston Wee,Royston Wee,-105
2013-02-16,UFC on FUEL TV: Barao vs McDonald,Gunnar Nelson vs. Jorge Santiago,Gunnar Nelson,-291
2013-02-16,UFC on FUEL TV: Barao vs McDonald,Gunnar Nelson vs. Jorge Santiago,Jorge Santiago,291
2014-03-08,UFC Fight Night: Gustafsson vs Manuwa,Gunnar Nelson vs. Omari Akhmedov,Gunnar Nelson,-115
2014-03-08,UFC Fight Night: Gustafsson vs Manuwa,Gunnar Nelson vs. Omari Akhmedov,Omari Akhmedov,115
2014-10-04,UFC Fight Night: Nelson vs Story,Gunnar Nelson vs. Rick Story,Gunnar Nelson,137
2014-10-04,UFC Fight Night: Nelson vs Story,Gunnar Nelson vs. Rick Story,Rick Story,-137
2014-07-19,UFC Fight Night: McGregor vs Brandao,Gunnar Nelson vs. Zak Cummings,Gunnar Nelson,-140
2014-07-19,UFC Fight Night: McGregor vs Brandao,Gunnar Nelson vs. Zak Cummings,Zak Cummings,140
2014-06-28,UFC Fight Night: Te Huna vs Marquardt,Hatsu Hioki vs. Charles Oliveira,Hatsu Hioki,125
2014-06-28,UFC Fight Night: Te Huna vs Marquardt,Hatsu Hioki vs. Charles Oliveira,Charles Oliveira,-125
2015-05-09,UFC Fight Night: Miocic vs Hunt,Hatsu Hioki vs. Dan Hooker,Hatsu Hioki,-131
2015-05-09,UFC Fight Night: Miocic vs Hunt,Hatsu Hioki vs. Dan Hooker,Dan Hooker,131
2014-03-01,UFC Fight Night: Kim vs Hathaway,Hatsu Hioki vs. Ivan Menjivar,Hatsu Hioki,-138
2014-03-01,UFC Fight Night: Kim vs Hathaway,Hatsu Hioki vs. Ivan Menjivar,Ivan Menjivar,138
2014-07-26,UFC on FOX: Lawler vs Brown,Hernani Perpetuo vs. Tim Means,Hernani Perpetuo,187
2014-07-26,UFC on FOX: Lawler vs Brown,Hernani Perpetuo vs. Tim Means,Tim Means,-187
2015-05-16,UFC Fight Night: Edgar vs Faber,Hyun Gyu Lim vs. Neil Magny,Hyun Gyu Lim,163
2015-05-16,UFC Fight Night: Edgar vs Faber,Hyun Gyu Lim vs. Neil Magny,Neil Magny,-163
2014-09-20,UFC Fight Night: Hunt vs Nelson,Hyun Gyu Lim vs. Takenori Sato,Hyun Gyu Lim,-169
2014-09-20,UFC Fight Night: Hunt vs Nelson,Hyun Gyu Lim vs. Takenori Sato,Takenori Sato,169
2013-08-03,UFC 163: Aldo vs Jung,Ian McCall vs. Iliarde Santos,Ian McCall,-190
2013-08-03,UFC 163: Aldo vs Jung,Ian McCall vs. Iliarde Santos,Iliarde Santos,190
2015-01-31,UFC 183: Silva vs Diaz,Ian McCall vs. John Lineker,Ian McCall,161
2015-01-31,UFC 183: Silva vs Diaz,Ian McCall vs. John Lineker,John Lineker,-161
2014-09-13,UFC Fight Night: Bigfoot vs Arlovski,Igor Araujo vs. George Sullivan,Igor Araujo,115
2014-09-13,UFC Fight Night: Bigfoot vs Arlovski,Igor Araujo vs. George Sullivan,George Sullivan,-115
2013-10-09,UFC Fight Night: Maia vs Shields,Iliarde Santos vs. Chris Cariaso,Iliarde Santos,251
2013-10-09,UFC Fight Night: Maia vs Shields,Iliarde Santos vs. Chris Cariaso,Chris Cariaso,-251
2014-01-15,UFC Fight Night: Rockhold vs Philippou,Isaac Vallie-Flagg vs. Elias Silverio,Isaac Vallie-Flagg,174
2014-01-15,UFC Fight Night: Rockhold vs Philippou,Isaac Vallie-Flagg vs. Elias Silverio,Elias Silverio,-174
2015-02-22,UFC Fight Night: Bigfoot vs Mir,Iuri Alcantara vs. Frankie Saenz,Iuri Alcantara,123
2015-02-22,UFC Fight Night: Bigfoot vs Mir,Iuri Alcantara vs. Frankie Saenz,Frankie Saenz,-123
2014-09-13,UFC Fight Night: Bigfoot vs Arlovski,Iuri Alcantara vs. Russell Doane,Iuri Alcantara,118
2014-09-13,UFC Fight Night: Bigfoot vs Arlovski,Iuri Alcantara vs. Russell Doane,Russell Doane,-118
2014-02-15,UFC Fight Night: Machida vs Mousasi,Iuri Alcantara vs. Wilson Reis,Iuri Alcantara,131
2014-02-15,UFC Fight Night: Machida vs Mousasi,Iuri Alcantara vs. Wilson Reis,Wilson Reis,-131
2015-02-22,UFC Fight Night: Bigfoot vs Mir,Ivan Jorge vs. Josh Shockley,Ivan Jorge,124
2015-02-22,UFC Fight Night: Bigfoot vs Mir,Ivan Jorge vs. Josh Shockley,Josh Shockley,-124
2015-04-18,UFC on FOX: Machida vs Rockhold,Jacare Souza vs. Chris Camozzi,Jacare Souza,112
2015-04-18,UFC on FOX: Machida vs Rockhold,Jacare Souza vs. Chris Camozzi,Chris Camozzi,-112
2014-02-15,UFC Fight Night: Machida vs Mousasi,Jacare Souza vs. Francis Carmont,Jacare Souza,-119
2014-02-15,UFC Fight Night: Machida vs Mousasi,Jacare Souza vs. Francis Carmont,Francis Carmont,119
2014-09-05,UFC Fight Night: Jacare vs Mousasi,Jacare Souza vs. Gegard Mousasi,Jacare Souza,120
2014-09-05,UFC Fight Night: Jacare vs Mousasi,Jacare Souza vs. Gegard Mousasi,Gegard Mousasi,-120
2015-02-28,UFC 184: Rousey vs Zingano,Jake Ellenberger vs. Josh Koscheck,Jake Ellenberger,-130
2015-02-28,UFC 184: Rousey vs Zingano,Jake Ellenberger vs. Josh Koscheck,Josh Koscheck,130
2014-11-15,UFC 180: Werdum vs Hunt,Jake Ellenberger vs. Kelvin Gastelum,Jake Ellenberger,107
2014-11-15,UFC 180: Werdum vs Hunt,Jake Ellenberger vs. Kelvin Gastelum,Kelvin Gastelum,-107
2013-03-16,UFC 158: St-Pierre vs Diaz,Jake Ellenberger vs. Nate Marquardt,Jake Ellenberger,-139
2013-03-16,UFC 158: St-Pierre vs Diaz,Jake Ellenberger vs. Nate Marquardt,Nate Marquardt,139
2015-05-09,UFC Fight Night: Miocic vs Hunt,Jake Matthews vs. James Vick,Jake Matthews,-233
2015-05-09,UFC Fight Night: Miocic vs Hunt,Jake Matthews vs. James Vick,James Vick,233
2014-11-07,UFC Fight Night: Rockhold vs Bisping,Jake Matthews vs. Vagner Rocha,Jake Matthews,-232
2014-11-07,UFC Fight Night: Rockhold vs Bisping,Jake Matthews vs. Vagner Rocha,Vagner Rocha,232
2014-03-15,UFC 171: Hendricks vs Lawler,Jake Shields vs. Hector Lombard,Jake Shields,118
2014-03-15,UFC 171: Hendricks vs Lawler,Jake Shields vs. Hector Lombard,Hector Lombard,-118
2013-06-15,UFC 161: Evans vs Henderson,Jake Shields vs. Tyron Woodley,Jake Shields,177
2013-06-15,UFC 161: Evans vs Henderson,Jake Shields vs. Tyron Woodley,Tyron Woodley,-177
2013-08-28,UFC Fight Night: Condit vs Kampmann 2,James Head vs. Jason High,James Head,-137
2013-08-28,UFC Fight Night: Condit vs Kampmann 2,James Head vs. Jason High,Jason High,137
2015-02-28,UFC 184: Rousey vs Zingano,James Krause vs. Valmir Lazaro,James Krause,105
2015-02-28,UFC 184: Rousey vs Zingano,James Krause vs. Valmir Lazaro,Valmir Lazaro,-105
2014-06-28,UFC Fight Night: Te Huna vs Marquardt,James Te Huna vs. Nate Marquardt,James Te Huna,108
2014-06-28,UFC Fight Night: Te Huna vs Marquardt,James Te Huna vs. Nate Marquardt,Nate Marquardt,-108
2013-02-16,UFC on FUEL TV: Barao vs McDonald,James Te Huna vs. Ryan Jimmo,James Te Huna,127
2013-02-16,UFC on FUEL TV: Barao vs McDonald,James Te Huna vs. Ryan Jimmo,Ryan Jimmo,-127
2014-11-22,UFC Fight Night: Edgar vs Swanson,James Vick vs. Nick Hein,James Vick,164
2014-11-22,UFC Fight Night: Edgar vs Swanson,James Vick vs. Nick Hein,Nick Hein,-164
2014-02-01,UFC 169: Barao vs Faber 2,Jamie Varner vs. Abel Trujillo,Jamie Varner,-117
2014-02-01,UFC 169: Barao vs Faber 2,Jamie Varner vs. Abel Trujillo,Abel Trujillo,117
2014-12-13,UFC on FOX: Dos Santos vs Miocic,Jamie Varner vs. Drew Dober,Jamie Varner,-197
2014-12-13,UFC on FOX: Dos Santos vs Miocic,Jamie Varner vs. Drew Dober,Drew Dober,197
2013-08-31,UFC 164: Henderson vs Pettis 2,Jamie Varner vs. Gleison Tibau,Jamie Varner,-117
2013-08-31,UFC 164: Henderson vs Pettis 2,Jamie Varner vs. Gleison Tibau,Gleison Tibau,117
2014-05-24,UFC 173: Barao vs Dillashaw,Jamie Varner vs. James Krause,Jamie Varner,-148
2014-05-24,UFC 173: Barao vs Dillashaw,Jamie Varner vs. James Krause,James Krause,148
2013-08-31,UFC 164: Henderson vs Pettis 2,Jared Hamman vs. Magnus Cedenblad,Jared Hamman,-160
2013-08-31,UFC 164: Henderson vs Pettis 2,Jared Hamman vs. Magnus Cedenblad,Magnus Cedenblad,160
2012-12-15,The Ultimate Fighter: Team Carwin vs. Team Nelson Finale,Jared Papazian vs. Tim Elliott,Jared Papazian,-104
2012-12-15,The Ultimate Fighter: Team Carwin vs. Team Nelson Finale,Jared Papazian vs. Tim Elliott,Tim Elliott,104
2014-11-22,UFC Fight Night: Edgar vs Swanson,Jared Rosholt vs. Aleksei Oleinik,Jared Rosholt,-119
2014-11-22,UFC Fight Night: Edgar vs Swanson,Jared Rosholt vs. Aleksei Oleinik,Aleksei Oleinik,119
2014-04-11,UFC Fight Night: Minotauro vs Nelson,Jared Rosholt vs. Daniel Omielanczuk,Jared Rosholt,-138
2014-04-11,UFC Fight Night: Minotauro vs Nelson,Jared Rosholt vs. Daniel Omielanczuk,Daniel Omielanczuk,138
2015-03-14,UFC 185: Pettis vs Dos Anjos,Jared Rosholt vs. Josh Copeland,Jared Rosholt,-204
2015-03-14,UFC 185: Pettis vs Dos Anjos,Jared Rosholt vs. Josh Copeland,Josh Copeland,204
2014-12-12,The Ultimate Fighter: A Champion Will Be Crowned Finale,Jeremy Stephens vs. Charles Oliveira,Jeremy Stephens,109
2014-12-12,The Ultimate Fighter: A Champion Will Be Crowned Finale,Jeremy Stephens vs. Charles Oliveira,Charles Oliveira,-109
2014-07-06,The Ultimate Fighter: Team Edgar vs. Team Penn Finale,Jesse Ronson vs. Kevin Lee,Jesse Ronson,108
2014-07-06,The Ultimate Fighter: Team Edgar vs. Team Penn Finale,Jesse Ronson vs. Kevin Lee,Kevin Lee,-108
2015-04-18,UFC on FOX: Machida vs Rockhold,Jim Miller vs. Beneil Dariush,Jim Miller,136
2015-04-18,UFC on FOX: Machida vs Rockhold,Jim Miller vs. Beneil Dariush,Beneil Dariush,-136
2013-12-28,UFC 168: Weidman vs Silva 2,Jim Miller vs. Fabricio Camoes,Jim Miller,-150
2013-12-28,UFC 168: Weidman vs Silva 2,Jim Miller vs. Fabricio Camoes,Fabricio Camoes,150
2012-12-29,UFC 155: Dos Santos vs Velasquez II,Jim Miller vs. Joe Lauzon,Jim Miller,-123
2012-12-29,UFC 155: Dos Santos vs Velasquez II,Jim Miller vs. Joe Lauzon,Joe Lauzon,123
2014-04-26,UFC 172: Jones vs Teixeira,Jim Miller vs. Yancy Medeiros,Jim Miller,109
2014-04-26,UFC 172: Jones vs Teixeira,Jim Miller vs. Yancy Medeiros,Yancy Medeiros,-109
2013-02-16,UFC on FUEL TV: Barao vs McDonald,Jimi Manuwa vs. Cyrille Diabate,Jimi Manuwa,143
2013-02-16,UFC on FUEL TV: Barao vs McDonald,Jimi Manuwa vs. Cyrille Diabate,Cyrille Diabate,-143
2015-04-11,UFC Fight Night: Gonzaga vs Cro Cop 2,Jimi Manuwa vs. Jan Blachowicz,Jimi Manuwa,121
2015-04-11,UFC Fight Night: Gonzaga vs Cro Cop 2,Jimi Manuwa vs. Jan Blachowicz,Jan Blachowicz,-121
2013-10-26,UFC Fight Night: Machida vs Munoz,Jimi Manuwa vs. Ryan Jimmo,Jimi Manuwa,111
2013-10-26,UFC Fight Night: Machida vs Munoz,Jimi Manuwa vs. Ryan Jimmo,Ryan Jimmo,-111
2015-01-31,UFC 183: Silva vs Diaz,Joe Lauzon vs. Al Iaquinta,Joe Lauzon,256
2015-01-31,UFC 183: Silva vs Diaz,Joe Lauzon vs. Al Iaquinta,Al Iaquinta,-256
2013-12-14,UFC on FOX: Johnson vs. Benavidez 2,Joe Lauzon vs. Mac Danzig,Joe Lauzon,131
2013-12-14,UFC on FOX: Johnson vs. Benavidez 2,Joe Lauzon vs. Mac Danzig,Mac Danzig,-131
2014-09-05,UFC Fight Night: Jacare vs Mousasi,Joe Lauzon vs. Michael Chiesa,Joe Lauzon,183
2014-09-05,UFC Fight Night: Jacare vs Mousasi,Joe Lauzon vs. Michael Chiesa,Michael Chiesa,-183
2013-08-17,UFC Fight Night: Shogun vs Sonnen,Joe Lauzon vs. Michael Johnson,Joe Lauzon,121
2013-08-17,UFC Fight Night: Shogun vs Sonnen,Joe Lauzon vs. Michael Johnson,Michael Johnson,-121
2015-06-06,UFC Fight Night: Boetsch vs Henderson,Joe Proctor vs. Justin Edwards,Joe Proctor,115
2015-06-06,UFC Fight Night: Boetsch vs Henderson,Joe Proctor vs. Justin Edwards,Justin Edwards,-115
2014-12-12,The Ultimate Fighter: A Champion Will Be Crowned Finale,Joe Proctor vs. Yancy Medeiros,Joe Proctor,162
2014-12-12,The Ultimate Fighter: A Champion Will Be Crowned Finale,Joe Proctor vs. Yancy Medeiros,Yancy Medeiros,-162
2014-12-13,UFC on FOX: Dos Santos vs Miocic,Joe Riggs vs. Ben Saunders,Joe Riggs,-125
2014-12-13,UFC on FOX: Dos Santos vs Miocic,Joe Riggs vs. Ben Saunders,Ben Saunders,125
2015-06-06,UFC Fight Night: Boetsch vs Henderson,Joe Soto vs. Anthony Birchak,Joe Soto,622
2015-06-06,UFC Fight Night: Boetsch vs Henderson,Joe Soto vs. Anthony Birchak,Anthony Birchak,-622
2013-07-27,UFC on FOX: Johnson vs Moraga,John Albert vs. Yaotzin Meza,John Albert,-253
2013-07-27,UFC on FOX: Johnson vs Moraga,John Albert vs. Yaotzin Meza,Yaotzin Meza,253
2014-06-07,UFC Fight Night: Henderson vs Khabilov,John Dodson vs. John Moraga,John Dodson,-120
2014-06-07,UFC Fight Night: Henderson vs Khabilov,John Dodson vs. John Moraga,John Moraga,120
2015-05-23,UFC 187: Johnson vs Cormier,John Dodson vs. Zach Makovsky,John Dodson,109
2015-05-23,UFC 187: Johnson vs Cormier,John Dodson vs. Zach Makovsky,Zach Makovsky,-109
2014-09-27,UFC 178: Johnson vs Cariaso,John Howard vs. Brian Ebersole,John Howard,124
2014-09-27,UFC 178: Johnson vs Cariaso,John Howard vs. Brian Ebersole,Brian Ebersole,-124
2015-01-18,UFC Fight Night: McGregor vs Siver,John Howard vs. Lorenz Larkin,John Howard,148
2015-01-18,UFC Fight Night: McGregor vs Siver,John Howard vs. Lorenz Larkin,Lorenz Larkin,-148
2014-04-11,UFC Fight Night: Minotauro vs Nelson,John Howard vs. Ryan LaFlare,John Howard,173
2014-04-11,UFC Fight Night: Minotauro vs Nelson,John Howard vs. Ryan LaFlare,Ryan LaFlare,-173
2013-12-28,UFC 168: Weidman vs Silva 2,John Howard vs. Siyar Bahadurzada,John Howard,107
2013-12-28,UFC 168: Weidman vs Silva 2,John Howard vs. Siyar Bahadurzada,Siyar Bahadurzada,-107
2014-02-01,UFC 169: Barao vs Faber 2,John Lineker vs. Ali Bagautinov,John Lineker,-136
2014-02-01,UFC 169: Barao vs Faber 2,John Lineker vs. Ali Bagautinov,Ali Bagautinov,136
2014-07-16,UFC Fight Night: Cowboy vs Miller,John Lineker vs. Alptekin Ozkilic,John Lineker,-118
2014-07-16,UFC Fight Night: Cowboy vs Miller,John Lineker vs. Alptekin Ozkilic,Alptekin Ozkilic,118
2013-05-18,UFC on FX: Belfort vs. Rockhold,John Lineker vs. Azamat Gashimov,John Lineker,128
2013-05-18,UFC on FX: Belfort vs. Rockhold,John Lineker vs. Azamat Gashimov,Azamat Gashimov,-128
2014-02-01,UFC 169: Barao vs Faber 2,John Makdessi vs. Alan Patrick,John Makdessi,128
2014-02-01,UFC 169: Barao vs Faber 2,John Makdessi vs. Alan Patrick,Alan Patrick,-128
2013-03-16,UFC 158: St-Pierre vs Diaz,John Makdessi vs. Daron Cruickshank,John Makdessi,114
2013-03-16,UFC 158: St-Pierre vs Diaz,John Makdessi vs. Daron Cruickshank,Daron Cruickshank,-114
2013-09-21,UFC 165: Jones vs Gustafsson,John Makdessi vs. Renee Forte,John Makdessi,117
2013-09-21,UFC 165: Jones vs Gustafsson,John Makdessi vs. Renee Forte,Renee Forte,-117
2014-01-15,UFC Fight Night: Rockhold vs Philippou,John Moraga vs. Dustin Ortiz,John Moraga,161
2014-01-15,UFC Fight Night: Rockhold vs Philippou,John Moraga vs. Dustin Ortiz,Dustin Ortiz,-161
2014-09-05,UFC Fight Night: Jacare vs Mousasi,John Moraga vs. Justin Scoggins,John Moraga,259
2014-09-05,UFC Fight Night: Jacare vs Mousasi,John Moraga vs. Justin Scoggins,Justin Scoggins,-259
2014-06-28,UFC Fight Night: Swanson vs Stephens,Johnny Bedford vs. Cody Gibson,Johnny Bedford,-119
2014-06-28,UFC Fight Night: Swanson vs Stephens,Johnny Bedford vs. Cody Gibson,Cody Gibson,119
2012-12-15,The Ultimate Fighter: Team Carwin vs. Team Nelson Finale,Johnny Bedford vs. Marcos Vinicius,Johnny Bedford,-207
2012-12-15,The Ultimate Fighter: Team Carwin vs. Team Nelson Finale,Johnny Bedford vs. Marcos Vinicius,Marcos Vinicius,207
2015-03-14,UFC 185: Pettis vs Dos Anjos,Johny Hendricks vs. Matt Brown,Johny Hendricks,103
2015-03-14,UFC 185: Pettis vs Dos Anjos,Johny Hendricks vs. Matt Brown,Matt Brown,-103
2014-03-15,UFC 171: Hendricks vs Lawler,Johny Hendricks vs. Robbie Lawler,Johny Hendricks,-163
2014-03-15,UFC 171: Hendricks vs Lawler,Johny Hendricks vs. Robbie Lawler,Robbie Lawler,167
2014-12-06,UFC 181: Hendricks vs Lawler II,Johny Hendricks vs. Robbie Lawler,Johny Hendricks,-161
2014-12-06,UFC 181: Hendricks vs Lawler II,Johny Hendricks vs. Robbie Lawler,Robbie Lawler,189
2013-02-02,UFC 156: Aldo vs Edgar,Jon Fitch vs. Demian Maia,Jon Fitch,-186
2013-02-02,UFC 156: Aldo vs Edgar,Jon Fitch vs. Demian Maia,Demian Maia,186
2013-09-21,UFC 165: Jones vs Gustafsson,Jon Jones vs. Alexander Gustafsson,Jon Jones,-188
2013-09-21,UFC 165: Jones vs Gustafsson,Jon Jones vs. Alexander Gustafsson,Alexander Gustafsson,188
2013-04-27,UFC 159: Jones vs Sonnen,Jon Jones vs. Chael Sonnen,Jon Jones,-111
2013-04-27,UFC 159: Jones vs Sonnen,Jon Jones vs. Chael Sonnen,Chael Sonnen,111
2015-01-03,UFC 182: Jones vs Cormier,Jon Jones vs. Daniel Cormier,Jon Jones,-188
2015-01-03,UFC 182: Jones vs Cormier,Jon Jones vs. Daniel Cormier,Daniel Cormier,188
2014-04-26,UFC 172: Jones vs Teixeira,Jon Jones vs. Glover Teixeira,Jon Jones,-162
2014-04-26,UFC 172: Jones vs Teixeira,Jon Jones vs. Glover Teixeira,Glover Teixeira,162
2014-09-27,UFC 178: Johnson vs Cariaso,Jon Tuck vs. Kevin Lee,Jon Tuck,181
2014-09-27,UFC 178: Johnson vs Cariaso,Jon Tuck vs. Kevin Lee,Kevin Lee,-181
2015-01-31,UFC 183: Silva vs Diaz,Jordan Mein vs. Thiago Alves,Jordan Mein,-112
2015-01-31,UFC 183: Silva vs Diaz,Jordan Mein vs. Thiago Alves,Thiago Alves,112
2015-04-04,UFC Fight Night: Mendes vs Lamas,Jorge Masvidal vs. Al Iaquinta,Jorge Masvidal,110
2015-04-04,UFC Fight Night: Mendes vs Lamas,Jorge Masvidal vs. Al Iaquinta,Al Iaquinta,-110
2014-09-27,UFC 178: Johnson vs Cariaso,Jorge Masvidal vs. James Krause,Jorge Masvidal,-120
2014-09-27,UFC 178: Johnson vs Cariaso,Jorge Masvidal vs. James Krause,James Krause,120
2014-04-19,UFC on FOX: Werdum vs Browne,Jorge Masvidal vs. Pat Healy,Jorge Masvidal,-156
2014-04-19,UFC on FOX: Werdum vs Browne,Jorge Masvidal vs. Pat Healy,Pat Healy,156
2013-11-06,UFC Fight Night: Fight for the Troops 3,Jorge Masvidal vs. Rustam Khabilov,Jorge Masvidal,512
2013-11-06,UFC Fight Night: Fight for the Troops 3,Jorge Masvidal vs. Rustam Khabilov,Rustam Khabilov,-512
2015-03-21,UFC Fight Night: Maia vs LaFlare,Jorge de Oliveira vs. Christos Giagos,Jorge de Oliveira,158
2015-03-21,UFC Fight Night: Maia vs LaFlare,Jorge de Oliveira vs. Christos Giagos,Christos Giagos,-158
2014-10-25,UFC 179: Aldo vs Mendes 2,Jose Aldo vs. Chad Mendes,Jose Aldo,153
2014-10-25,UFC 179: Aldo vs Mendes 2,Jose Aldo vs. Chad Mendes,Chad Mendes,-153
2013-08-03,UFC 163: Aldo vs Jung,Jose Aldo vs. Chan Sung Jung,Jose Aldo,119
2013-08-03,UFC 163: Aldo vs Jung,Jose Aldo vs. Chan Sung Jung,Chan Sung Jung,-119
2013-02-02,UFC 156: Aldo vs Edgar,Jose Aldo vs. Frankie Edgar,Jose Aldo,168
2013-02-02,UFC 156: Aldo vs Edgar,Jose Aldo vs. Frankie Edgar,Frankie Edgar,-168
2014-02-01,UFC 169: Barao vs Faber 2,Jose Aldo vs. Ricardo Lamas,Jose Aldo,-121
2014-02-01,UFC 169: Barao vs Faber 2,Jose Aldo vs. Ricardo Lamas,Ricardo Lamas,121
2015-06-06,UFC Fight Night: Boetsch vs Henderson,Jose Quinonez vs. Leonardo Morales,Jose Quinonez,-128
2015-06-06,UFC Fight Night: Boetsch vs Henderson,Jose Quinonez vs. Leonardo Morales,Leonardo Morales,128
2013-04-20,UFC on FOX: Henderson vs Melendez,Joseph Benavidez vs. Darren Uyenoyama,Joseph Benavidez,-132
2013-04-20,UFC on FOX: Henderson vs Melendez,Joseph Benavidez vs. Darren Uyenoyama,Darren Uyenoyama,132
2014-11-22,UFC Fight Night: Edgar vs Swanson,Joseph Benavidez vs. Dustin Ortiz,Joseph Benavidez,128
2014-11-22,UFC Fight Night: Edgar vs Swanson,Joseph Benavidez vs. Dustin Ortiz,Dustin Ortiz,-128
2013-02-02,UFC 156: Aldo vs Edgar,Joseph Benavidez vs. Ian McCall,Joseph Benavidez,-133
2013-02-02,UFC 156: Aldo vs Edgar,Joseph Benavidez vs. Ian McCall,Ian McCall,133
2015-05-23,UFC 187: Johnson vs Cormier,Joseph Benavidez vs. John Moraga,Joseph Benavidez,-146
2015-05-23,UFC 187: Johnson vs Cormier,Joseph Benavidez vs. John Moraga,John Moraga,146
2013-09-04,UFC Fight Night: Teixeira vs Bader,Joseph Benavidez vs. Jussier Formiga,Joseph Benavidez,-118
2013-09-04,UFC Fight Night: Teixeira vs Bader,Joseph Benavidez vs. Jussier Formiga,Jussier Formiga,118
2014-04-26,UFC 172: Jones vs Teixeira,Joseph Benavidez vs. Tim Elliott,Joseph Benavidez,126
2014-04-26,UFC 172: Jones vs Teixeira,Joseph Benavidez vs. Tim Elliott,Tim Elliott,-126
2013-12-28,UFC 168: Weidman vs Silva 2,Josh Barnett vs. Travis Browne,Josh Barnett,-119
2013-12-28,UFC 168: Weidman vs Silva 2,Josh Barnett vs. Travis Browne,Travis Browne,119
2013-02-23,UFC 157: Rousey vs Carmouche,Josh Koscheck vs. Robbie Lawler,Josh Koscheck,-122
2013-02-23,UFC 157: Rousey vs Carmouche,Josh Koscheck vs. Robbie Lawler,Robbie Lawler,122
2013-11-16,UFC 167: St-Pierre vs Hendricks,Josh Koscheck vs. Tyron Woodley,Josh Koscheck,-151
2013-11-16,UFC 167: St-Pierre vs Hendricks,Josh Koscheck vs. Tyron Woodley,Tyron Woodley,151
2014-07-26,UFC on FOX: Lawler vs Brown,Josh Thomson vs. King Green,Josh Thomson,123
2014-07-26,UFC on FOX: Lawler vs Brown,Josh Thomson vs. King Green,King Green,-123
2014-07-06,The Ultimate Fighter: Team Edgar vs. Team Penn Finale,Jumabieke Tuerxun vs. Leandro Issa,Jumabieke Tuerxun,111
2014-07-06,The Ultimate Fighter: Team Edgar vs. Team Penn Finale,Jumabieke Tuerxun vs. Leandro Issa,Leandro Issa,-111
2014-11-07,UFC Fight Night: Rockhold vs Bisping,Jumabieke Tuerxun vs. Marcus Brimage,Jumabieke Tuerxun,127
2014-11-07,UFC Fight Night: Rockhold vs Bisping,Jumabieke Tuerxun vs. Marcus Brimage,Marcus Brimage,-127
2012-12-29,UFC 155: Dos Santos vs Velasquez II,Junior Dos Santos vs. Cain Velasquez,Junior Dos Santos,152
2012-12-29,UFC 155: Dos Santos vs Velasquez II,Junior Dos Santos vs. Cain Velasquez,Cain Velasquez,-152
2013-05-25,UFC 160: Velasquez vs Silva 2,Junior Dos Santos vs. Mark Hunt,Junior Dos Santos,-124
2013-05-25,UFC 160: Velasquez vs Silva 2,Junior Dos Santos vs. Mark Hunt,Mark Hunt,124
2014-12-13,UFC on FOX: Dos Santos vs Miocic,Junior Dos Santos vs. Stipe Miocic,Junior Dos Santos,-120
2014-12-13,UFC on FOX: Dos Santos vs Miocic,Junior Dos Santos vs. Stipe Miocic,Stipe Miocic,120
2013-05-18,UFC on FX: Belfort vs. Rockhold,Jussier Formiga vs. Chris Cariaso,Jussier Formiga,159
2013-05-18,UFC on FX: Belfort vs. Rockhold,Jussier Formiga vs. Chris Cariaso,Chris Cariaso,-159
2014-03-23,UFC Fight Night: Shogun vs Henderson 2,Jussier Formiga vs. Scott Jorgensen,Jussier Formiga,-108
2014-03-23,UFC Fight Night: Shogun vs Henderson 2,Jussier Formiga vs. Scott Jorgensen,Scott Jorgensen,108
2015-05-30,UFC Fight Night: Condit vs Alves,Jussier Formiga vs. Wilson Reis,Jussier Formiga,151
2015-05-30,UFC Fight Night: Condit vs Alves,Jussier Formiga vs. Wilson Reis,Wilson Reis,-151
2014-08-16,UFC Fight Night: Bader vs Saint Preux,Jussier Formiga vs. Zach Makovsky,Jussier Formiga,129
2014-08-16,UFC Fight Night: Bader vs Saint Preux,Jussier Formiga vs. Zach Makovsky,Zach Makovsky,-129
2013-04-13,The Ultimate Fighter: Team Jones vs. Team Sonnen Finale,Justin Lawrence vs. Daniel Pineda,Justin Lawrence,-156
2013-04-13,The Ultimate Fighter: Team Jones vs. Team Sonnen Finale,Justin Lawrence vs. Daniel Pineda,Daniel Pineda,156
2014-05-10,UFC Fight Night: Brown vs Silva,Justin Salas vs. Ben Wall,Justin Salas,-118
2014-05-10,UFC Fight Night: Brown vs Silva,Justin Salas vs. Ben Wall,Ben Wall,118
2014-07-16,UFC Fight Night: Cowboy vs Miller,Justin Salas vs. Joe Proctor,Justin Salas,-137
2014-07-16,UFC Fight Night: Cowboy vs Miller,Justin Salas vs. Joe Proctor,Joe Proctor,137
2014-07-06,The Ultimate Fighter: Team Edgar vs. Team Penn Finale,Justin Scoggins vs. Dustin Ortiz,Justin Scoggins,-231
2014-07-06,The Ultimate Fighter: Team Edgar vs. Team Penn Finale,Justin Scoggins vs. Dustin Ortiz,Dustin Ortiz,231
2015-05-23,UFC 187: Johnson vs Cormier,Justin Scoggins vs. Josh Sampo,Justin Scoggins,-276
2015-05-23,UFC 187: Johnson vs Cormier,Justin Scoggins vs. Josh Sampo,Josh Sampo,276
2015-05-30,UFC Fight Night: Condit vs Alves,KJ Noons vs. Alex Oliveira,KJ Noons,131
2015-05-30,UFC Fight Night: Condit vs Alves,KJ Noons vs. Alex Oliveira,Alex Oliveira,-131
2014-09-20,UFC Fight Night: Hunt vs Nelson,Katsunori Kikuno vs. Sam Sicilia,Katsunori Kikuno,-108
2014-09-20,UFC Fight Night: Hunt vs Nelson,Katsunori Kikuno vs. Sam Sicilia,Sam Sicilia,108
2013-08-28,UFC Fight Night: Condit vs Kampmann 2,Kelvin Gastelum vs. Brian Melancon,Kelvin Gastelum,123
2013-08-28,UFC Fight Night: Condit vs Kampmann 2,Kelvin Gastelum vs. Brian Melancon,Brian Melancon,-123
2015-06-13,UFC 188: Velasquez vs Werdum,Kelvin Gastelum vs. Nate Marquardt,Kelvin Gastelum,-146
2015-06-13,UFC 188: Velasquez vs Werdum,Kelvin Gastelum vs. Nate Marquardt,Nate Marquardt,146
2014-06-28,UFC Fight Night: Swanson vs Stephens,Kelvin Gastelum vs. Nicholas Musoke,Kelvin Gastelum,-142
2014-06-28,UFC Fight Night: Swanson vs Stephens,Kelvin Gastelum vs. Nicholas Musoke,Nicholas Musoke,142
2014-03-15,UFC 171: Hendricks vs Lawler,Kelvin Gastelum vs. Rick Story,Kelvin Gastelum,149
2014-03-15,UFC 171: Hendricks vs Lawler,Kelvin Gastelum vs. Rick Story,Rick Story,-149
2013-02-23,UFC 157: Rousey vs Carmouche,Kenny Robertson vs. Brock Jardine,Kenny Robertson,122
2013-02-23,UFC 157: Rousey vs Carmouche,Kenny Robertson vs. Brock Jardine,Brock Jardine,-122
2014-07-05,UFC 175: Weidman vs Machida,Kenny Robertson vs. Ildemar Alcantara,Kenny Robertson,-115
2014-07-05,UFC 175: Weidman vs Machida,Kenny Robertson vs. Ildemar Alcantara,Ildemar Alcantara,115
2013-05-25,UFC 160: Velasquez vs Silva 2,Khabib Nurmagomedov vs. Abel Trujillo,Khabib Nurmagomedov,-121
2013-05-25,UFC 160: Velasquez vs Silva 2,Khabib Nurmagomedov vs. Abel Trujillo,Abel Trujillo,121
2014-09-20,UFC Fight Night: Hunt vs Nelson,Kiichi Kunimoto vs. Richard Walsh,Kiichi Kunimoto,195
2014-09-20,UFC Fight Night: Hunt vs Nelson,Kiichi Kunimoto vs. Richard Walsh,Richard Walsh,-195
2014-11-22,UFC Fight Night: Edgar vs Swanson,King Green vs. Edson Barboza,King Green,-135
2014-11-22,UFC Fight Night: Edgar vs Swanson,King Green vs. Edson Barboza,Edson Barboza,135
2013-11-06,UFC Fight Night: Fight for the Troops 3,King Green vs. James Krause,King Green,-146
2013-11-06,UFC Fight Night: Fight for the Troops 3,King Green vs. James Krause,James Krause,146
2013-12-14,UFC on FOX: Johnson vs. Benavidez 2,King Green vs. Pat Healy,King Green,-141
2013-12-14,UFC on FOX: Johnson vs. Benavidez 2,King Green vs. Pat Healy,Pat Healy,141
2014-07-26,UFC on FOX: Lawler vs Brown,Kyle Kingsbury vs. Patrick Cummins,Kyle Kingsbury,179
2014-07-26,UFC on FOX: Lawler vs Brown,Kyle Kingsbury vs. Patrick Cummins,Patrick Cummins,-179
2014-05-10,UFC Fight Night: Brown vs Silva,Kyoji Horiguchi vs. Darrell Montague,Kyoji Horiguchi,-182
2014-05-10,UFC Fight Night: Brown vs Silva,Kyoji Horiguchi vs. Darrell Montague,Darrell Montague,182
2014-09-20,UFC Fight Night: Hunt vs Nelson,Kyoji Horiguchi vs. Jon Delos Reyes,Kyoji Horiguchi,147
2014-09-20,UFC Fight Night: Hunt vs Nelson,Kyoji Horiguchi vs. Jon Delos Reyes,Jon Delos Reyes,-147
2015-01-03,UFC 182: Jones vs Cormier,Kyoji Horiguchi vs. Louis Gaudinot,Kyoji Horiguchi,-259
2015-01-03,UFC 182: Jones vs Cormier,Kyoji Horiguchi vs. Louis Gaudinot,Louis Gaudinot,259
2014-12-20,UFC Fight Night: Machida vs Dollaway,Leandro Issa vs. Yuta Sasaki,Leandro Issa,139
2014-12-20,UFC Fight Night: Machida vs Dollaway,Leandro Issa vs. Yuta Sasaki,Yuta Sasaki,-139
2014-11-08,UFC Fight Night 56: Shogun vs Saint Preux,Leandro Silva vs. Charlie Brenneman,Leandro Silva,-125
2014-11-08,UFC Fight Night 56: Shogun vs Saint Preux,Leandro Silva vs. Charlie Brenneman,Charlie Brenneman,125
2013-04-27,UFC 159: Jones vs Sonnen,Leonard Garcia vs. Cody McKenzie,Leonard Garcia,184
2013-04-27,UFC 159: Jones vs Sonnen,Leonard Garcia vs. Cody McKenzie,Cody McKenzie,-184
2012-12-29,UFC 155: Dos Santos vs Velasquez II,Leonard Garcia vs. Max Holloway,Leonard Garcia,251
2012-12-29,UFC 155: Dos Santos vs Velasquez II,Leonard Garcia vs. Max Holloway,Max Holloway,-251
2015-03-21,UFC Fight Night: Maia vs LaFlare,Leonardo Mafra vs. Cain Carrizosa,Leonardo Mafra,153
2015-03-21,UFC Fight Night: Maia vs LaFlare,Leonardo Mafra vs. Cain Carrizosa,Cain Carrizosa,-153
2015-03-21,UFC Fight Night: Maia vs LaFlare,Leonardo Santos vs. Anthony Rocco Martin,Leonardo Santos,188
2015-03-21,UFC Fight Night: Maia vs LaFlare,Leonardo Santos vs. Anthony Rocco Martin,Anthony Rocco Martin,-188
2014-09-13,UFC Fight Night: Bigfoot vs Arlovski,Leonardo Santos vs. Efrain Escudero,Leonardo Santos,178
2014-09-13,UFC Fight Night: Bigfoot vs Arlovski,Leonardo Santos vs. Efrain Escudero,Efrain Escudero,-178
2014-03-23,UFC Fight Night: Shogun vs Henderson 2,Leonardo Santos vs. Norman Parke,Leonardo Santos,197
2014-03-23,UFC Fight Night: Shogun vs Henderson 2,Leonardo Santos vs. Norman Parke,Norman Parke,-197
2015-05-16,UFC Fight Night: Edgar vs Faber,Li Jingliang vs. Dhiego Lima,Li Jingliang,139
2015-05-16,UFC Fight Night: Edgar vs Faber,Li Jingliang vs. Dhiego Lima,Dhiego Lima,-139
2014-01-15,UFC Fight Night: Rockhold vs Philippou,Lorenz Larkin vs. Brad Tavares,Lorenz Larkin,129
2014-01-15,UFC Fight Night: Rockhold vs Philippou,Lorenz Larkin vs. Brad Tavares,Brad Tavares,-129
2014-08-30,UFC 177: Dillashaw vs Soto,Lorenz Larkin vs. Derek Brunson,Lorenz Larkin,-103
2014-08-30,UFC 177: Dillashaw vs Soto,Lorenz Larkin vs. Derek Brunson,Derek Brunson,103
2013-08-31,UFC 164: Henderson vs Pettis 2,Louis Gaudinot vs. Tim Elliott,Louis Gaudinot,176
2013-08-31,UFC 164: Henderson vs Pettis 2,Louis Gaudinot vs. Tim Elliott,Tim Elliott,-176
2014-07-16,UFC Fight Night: Cowboy vs Miller,Lucas Martins vs. Alex White,Lucas Martins,119
2014-07-16,UFC Fight Night: Cowboy vs Miller,Lucas Martins vs. Alex White,Alex White,-119
2013-05-18,UFC on FX: Belfort vs. Rockhold,Lucas Martins vs. Jeremy Larsen,Lucas Martins,140
2013-05-18,UFC on FX: Belfort vs. Rockhold,Lucas Martins vs. Jeremy Larsen,Jeremy Larsen,-140
2015-05-30,UFC Fight Night: Condit vs Alves,Lucas Martins vs. Mirsad Bektic,Lucas Martins,192
2015-05-30,UFC Fight Night: Condit vs Alves,Lucas Martins vs. Mirsad Bektic,Mirsad Bektic,-192
2013-10-26,UFC Fight Night: Machida vs Munoz,Luke Barnatt vs. Andrew Craig,Luke Barnatt,-102
2013-10-26,UFC Fight Night: Machida vs Munoz,Luke Barnatt vs. Andrew Craig,Andrew Craig,102
2014-11-22,UFC Fight Night: Edgar vs Swanson,Luke Barnatt vs. Roger Narvaez,Luke Barnatt,-188
2014-11-22,UFC Fight Night: Edgar vs Swanson,Luke Barnatt vs. Roger Narvaez,Roger Narvaez,188
2014-05-31,UFC Fight Night: Munoz vs Mousasi,Luke Barnatt vs. Sean Strickland,Luke Barnatt,164
2014-05-31,UFC Fight Night: Munoz vs Mousasi,Luke Barnatt vs. Sean Strickland,Sean Strickland,-164
2014-01-15,UFC Fight Night: Rockhold vs Philippou,Luke Rockhold vs. Constantinos Philippou,Luke Rockhold,119
2014-01-15,UFC Fight Night: Rockhold vs Philippou,Luke Rockhold vs. Constantinos Philippou,Constantinos Philippou,-119
2014-11-07,UFC Fight Night: Rockhold vs Bisping,Luke Rockhold vs. Michael Bisping,Luke Rockhold,131
2014-11-07,UFC Fight Night: Rockhold vs Bisping,Luke Rockhold vs. Michael Bisping,Michael Bisping,-131
2014-04-26,UFC 172: Jones vs Teixeira,Luke Rockhold vs. Tim Boetsch,Luke Rockhold,102
2014-04-26,UFC 172: Jones vs Teixeira,Luke Rockhold vs. Tim Boetsch,Tim Boetsch,-102
2014-12-20,UFC Fight Night: Machida vs Dollaway,Lyoto Machida vs. CB Dollaway,Lyoto Machida,125
2014-12-20,UFC Fight Night: Machida vs Dollaway,Lyoto Machida vs. CB Dollaway,CB Dollaway,-125
2013-02-23,UFC 157: Rousey vs Carmouche,Lyoto Machida vs. Dan Henderson,Lyoto Machida,-216
2013-02-23,UFC 157: Rousey vs Carmouche,Lyoto Machida vs. Dan Henderson,Dan Henderson,216
2014-02-15,UFC Fight Night: Machida vs Mousasi,Lyoto Machida vs. Gegard Mousasi,Lyoto Machida,-131
2014-02-15,UFC Fight Night: Machida vs Mousasi,Lyoto Machida vs. Gegard Mousasi,Gegard Mousasi,131
2015-04-18,UFC on FOX: Machida vs Rockhold,Lyoto Machida vs. Luke Rockhold,Lyoto Machida,-145
2015-04-18,UFC on FOX: Machida vs Rockhold,Lyoto Machida vs. Luke Rockhold,Luke Rockhold,145
2013-10-26,UFC Fight Night: Machida vs Munoz,Lyoto Machida vs. Mark Munoz,Lyoto Machida,-118
2013-10-26,UFC Fight Night: Machida vs Munoz,Lyoto Machida vs. Mark Munoz,Mark Munoz,118
2013-08-03,UFC 163: Aldo vs Jung,Lyoto Machida vs. Phil Davis,Lyoto Machida,115
2013-08-03,UFC 163: Aldo vs Jung,Lyoto Machida vs. Phil Davis,Phil Davis,-115
2013-07-27,UFC on FOX: Johnson vs Moraga,Mac Danzig vs. Melvin Guillard,Mac Danzig,196
2013-07-27,UFC on FOX: Johnson vs Moraga,Mac Danzig vs. Melvin Guillard,Melvin Guillard,-196
2014-05-31,UFC Fight Night: Munoz vs Mousasi,Magnus Cedenblad vs. Krzysztof Jotko,Magnus Cedenblad,164
2014-05-31,UFC Fight Night: Munoz vs Mousasi,Magnus Cedenblad vs. Krzysztof Jotko,Krzysztof Jotko,-164
2014-09-27,UFC 178: Johnson vs Cariaso,Manvel Gamburyan vs. Cody Gibson,Manvel Gamburyan,115
2014-09-27,UFC 178: Johnson vs Cariaso,Manvel Gamburyan vs. Cody Gibson,Cody Gibson,-115
2013-08-17,UFC Fight Night: Shogun vs Sonnen,Manvel Gamburyan vs. Cole Miller,Manvel Gamburyan,-129
2013-08-17,UFC Fight Night: Shogun vs Sonnen,Manvel Gamburyan vs. Cole Miller,Cole Miller,129
2014-06-28,UFC Fight Night: Swanson vs Stephens,Marcelo Guimaraes vs. Andy Enz,Marcelo Guimaraes,115
2014-06-28,UFC Fight Night: Swanson vs Stephens,Marcelo Guimaraes vs. Andy Enz,Andy Enz,-115
2014-12-20,UFC Fight Night: Machida vs Dollaway,Marcio Alexandre Junior vs. Tim Means,Marcio Alexandre Junior,148
2014-12-20,UFC Fight Night: Machida vs Dollaway,Marcio Alexandre Junior vs. Tim Means,Tim Means,-148
2014-12-20,UFC Fight Night: Machida vs Dollaway,Marcos Rogerio de Lima vs. Igor Pokrajac,Marcos Rogerio de Lima,-144
2014-12-20,UFC Fight Night: Machida vs Dollaway,Marcos Rogerio de Lima vs. Igor Pokrajac,Igor Pokrajac,144
2014-07-05,UFC 175: Weidman vs Machida,Marcus Brimage vs. Russell Doane,Marcus Brimage,123
2014-07-05,UFC 175: Weidman vs Machida,Marcus Brimage vs. Russell Doane,Russell Doane,-123
2013-12-06,UFC Fight Night: Hunt vs Bigfoot,Mark Hunt vs. Antonio Silva,Mark Hunt,-182
2013-12-06,UFC Fight Night: Hunt vs Bigfoot,Mark Hunt vs. Antonio Silva,Antonio Silva,182
2014-09-20,UFC Fight Night: Hunt vs Nelson,Mark Hunt vs. Roy Nelson,Mark Hunt,-180
2014-09-20,UFC Fight Night: Hunt vs Nelson,Mark Hunt vs. Roy Nelson,Roy Nelson,180
2014-05-31,UFC Fight Night: Munoz vs Mousasi,Mark Munoz vs. Gegard Mousasi,Mark Munoz,-102
2014-05-31,UFC Fight Night: Munoz vs Mousasi,Mark Munoz vs. Gegard Mousasi,Gegard Mousasi,102
2015-05-16,UFC Fight Night: Edgar vs Faber,Mark Munoz vs. Luke Barnatt,Mark Munoz,-106
2015-05-16,UFC Fight Night: Edgar vs Faber,Mark Munoz vs. Luke Barnatt,Luke Barnatt,106
2015-02-28,UFC 184: Rousey vs Zingano,Mark Munoz vs. Roan Carneiro,Mark Munoz,106
2015-02-28,UFC 184: Rousey vs Zingano,Mark Munoz vs. Roan Carneiro,Roan Carneiro,-106
2013-07-06,UFC 162: Silva vs Weidman,Mark Munoz vs. Tim Boetsch,Mark Munoz,-114
2013-07-06,UFC 162: Silva vs Weidman,Mark Munoz vs. Tim Boetsch,Tim Boetsch,114
2014-05-10,UFC Fight Night: Brown vs Silva,Matt Brown vs. Erick Silva,Matt Brown,-116
2014-05-10,UFC Fight Night: Brown vs Silva,Matt Brown vs. Erick Silva,Erick Silva,116
2013-04-20,UFC on FOX: Henderson vs Melendez,Matt Brown vs. Jordan Mein,Matt Brown,101
2013-04-20,UFC on FOX: Henderson vs Melendez,Matt Brown vs. Jordan Mein,Jordan Mein,-101
2013-08-17,UFC Fight Night: Shogun vs Sonnen,Matt Brown vs. Mike Pyle,Matt Brown,-271
2013-08-17,UFC Fight Night: Shogun vs Sonnen,Matt Brown vs. Mike Pyle,Mike Pyle,271
2014-09-05,UFC Fight Night: Jacare vs Mousasi,Matt Mitrione vs. Derrick Lewis,Matt Mitrione,126
2014-09-05,UFC Fight Night: Jacare vs Mousasi,Matt Mitrione vs. Derrick Lewis,Derrick Lewis,-126
2013-04-06,UFC on FUEL TV: Mousasi vs Latifi,Matt Mitrione vs. Philip De Fries,Matt Mitrione,110
2013-04-06,UFC on FUEL TV: Mousasi vs Latifi,Matt Mitrione vs. Philip De Fries,Philip De Fries,-110
2014-03-01,UFC Fight Night: Kim vs Hathaway,Matt Mitrione vs. Shawn Jordan,Matt Mitrione,106
2014-03-01,UFC Fight Night: Kim vs Hathaway,Matt Mitrione vs. Shawn Jordan,Shawn Jordan,-106
2015-01-18,UFC Fight Night: McGregor vs Siver,Matt Van Buren vs. Sean O'Connell,Matt Van Buren,305
2015-01-18,UFC Fight Night: McGregor vs Siver,Matt Van Buren vs. Sean O'Connell,Sean O'Connell,-305
2014-11-22,UFC Fight Night: Edgar vs Swanson,Matt Wiman vs. Isaac Vallie-Flagg,Matt Wiman,-178
2014-11-22,UFC Fight Night: Edgar vs Swanson,Matt Wiman vs. Isaac Vallie-Flagg,Isaac Vallie-Flagg,178
2013-08-17,UFC Fight Night: Shogun vs Sonnen,Mauricio Rua vs. Chael Sonnen,Mauricio Rua,160
2013-08-17,UFC Fight Night: Shogun vs Sonnen,Mauricio Rua vs. Chael Sonnen,Chael Sonnen,-160
2014-03-23,UFC Fight Night: Shogun vs Henderson 2,Mauricio Rua vs. Dan Henderson,Mauricio Rua,-184
2014-03-23,UFC Fight Night: Shogun vs Henderson 2,Mauricio Rua vs. Dan Henderson,Dan Henderson,184
2013-12-06,UFC Fight Night: Hunt vs Bigfoot,Mauricio Rua vs. James Te Huna,Mauricio Rua,107
2013-12-06,UFC Fight Night: Hunt vs Bigfoot,Mauricio Rua vs. James Te Huna,James Te Huna,-107
2014-11-08,UFC Fight Night 56: Shogun vs Saint Preux,Mauricio Rua vs. Ovince Saint Preux,Mauricio Rua,-164
2014-11-08,UFC Fight Night 56: Shogun vs Saint Preux,Mauricio Rua vs. Ovince Saint Preux,Ovince Saint Preux,164
2014-04-26,UFC 172: Jones vs Teixeira,Max Holloway vs. Andre Fili,Max Holloway,-119
2014-04-26,UFC 172: Jones vs Teixeira,Max Holloway vs. Andre Fili,Andre Fili,119
2015-02-14,UFC Fight Night: Henderson vs Thatch,Max Holloway vs. Cole Miller,Max Holloway,-180
2015-02-14,UFC Fight Night: Henderson vs Thatch,Max Holloway vs. Cole Miller,Cole Miller,180
2014-09-20,UFC Fight Night: Hunt vs Nelson,Maximo Blanco vs. Dan Hooker,Maximo Blanco,120
2014-09-20,UFC Fight Night: Hunt vs Nelson,Maximo Blanco vs. Dan Hooker,Dan Hooker,-120
2012-12-29,UFC 155: Dos Santos vs Velasquez II,Melvin Guillard vs. Jamie Varner,Melvin Guillard,-115
2012-12-29,UFC 155: Dos Santos vs Velasquez II,Melvin Guillard vs. Jamie Varner,Jamie Varner,115
2013-04-27,UFC 159: Jones vs Sonnen,Michael Bisping vs. Alan Belcher,Michael Bisping,-137
2013-04-27,UFC 159: Jones vs Sonnen,Michael Bisping vs. Alan Belcher,Alan Belcher,137
2015-04-25,UFC 186: Johnson vs Horiguchi,Michael Bisping vs. CB Dollaway,Michael Bisping,126
2015-04-25,UFC 186: Johnson vs Horiguchi,Michael Bisping vs. CB Dollaway,CB Dollaway,-126
2014-08-23,UFC Fight Night: Bisping vs Le,Michael Bisping vs. Cung Le,Michael Bisping,-200
2014-08-23,UFC Fight Night: Bisping vs Le,Michael Bisping vs. Cung Le,Cung Le,200
2014-04-16,UFC Fight Night: Bisping vs Kennedy,Michael Bisping vs. Tim Kennedy,Michael Bisping,-150
2014-04-16,UFC Fight Night: Bisping vs Kennedy,Michael Bisping vs. Tim Kennedy,Tim Kennedy,150
2013-02-23,UFC 157: Rousey vs Carmouche,Michael Chiesa vs. Anton Kuivanen,Michael Chiesa,-165
2013-02-23,UFC 157: Rousey vs Carmouche,Michael Chiesa vs. Anton Kuivanen,Anton Kuivanen,165
2014-05-24,UFC 173: Barao vs Dillashaw,Michael Chiesa vs. Francisco Trinaldo,Michael Chiesa,-133
2014-05-24,UFC 173: Barao vs Dillashaw,Michael Chiesa vs. Francisco Trinaldo,Francisco Trinaldo,133
2013-07-27,UFC on FOX: Johnson vs Moraga,Michael Chiesa vs. Jorge Masvidal,Michael Chiesa,135
2013-07-27,UFC on FOX: Johnson vs Moraga,Michael Chiesa vs. Jorge Masvidal,Jorge Masvidal,-135
2015-04-04,UFC Fight Night: Mendes vs Lamas,Michael Chiesa vs. Mitch Clarke,Michael Chiesa,-190
2015-04-04,UFC Fight Night: Mendes vs Lamas,Michael Chiesa vs. Mitch Clarke,Mitch Clarke,190
2014-03-08,UFC Fight Night: Gustafsson vs Manuwa,Michael Johnson vs. Melvin Guillard,Michael Johnson,175
2014-03-08,UFC Fight Night: Gustafsson vs Manuwa,Michael Johnson vs. Melvin Guillard,Melvin Guillard,-175
2012-12-29,UFC 155: Dos Santos vs Velasquez II,Michael Johnson vs. Myles Jury,Michael Johnson,-101
2012-12-29,UFC 155: Dos Santos vs Velasquez II,Michael Johnson vs. Myles Jury,Myles Jury,101
2013-04-06,UFC on FUEL TV: Mousasi vs Latifi,Michael Kuiper vs. Tom Lawlor,Michael Kuiper,129
2013-04-06,UFC on FUEL TV: Mousasi vs Latifi,Michael Kuiper vs. Tom Lawlor,Tom Lawlor,-129
2015-02-14,UFC Fight Night: Henderson vs Thatch,Michel Prazeres vs. Kevin Lee,Michel Prazeres,131
2015-02-14,UFC Fight Night: Henderson vs Thatch,Michel Prazeres vs. Kevin Lee,Kevin Lee,-131
2014-03-23,UFC Fight Night: Shogun vs Henderson 2,Michel Prazeres vs. Mairbek Taisumov,Michel Prazeres,133
2014-03-23,UFC Fight Night: Shogun vs Henderson 2,Michel Prazeres vs. Mairbek Taisumov,Mairbek Taisumov,-133
2014-09-20,UFC Fight Night: Hunt vs Nelson,Michinori Tanaka vs. Kyung Ho Kang,Michinori Tanaka,-162
2014-09-20,UFC Fight Night: Hunt vs Nelson,Michinori Tanaka vs. Kyung Ho Kang,Kyung Ho Kang,162
2013-08-17,UFC Fight Night: Shogun vs Sonnen,Mike Brown vs. Steven Siler,Mike Brown,107
2013-08-17,UFC Fight Night: Shogun vs Sonnen,Mike Brown vs. Steven Siler,Steven Siler,-107
2013-07-06,UFC 162: Silva vs Weidman,Mike Pierce vs. David Mitchell,Mike Pierce,-123
2013-07-06,UFC 162: Silva vs Weidman,Mike Pierce vs. David Mitchell,David Mitchell,123
2015-05-23,UFC 187: Johnson vs Cormier,Mike Pyle vs. Colby Covington,Mike Pyle,334
2015-05-23,UFC 187: Johnson vs Cormier,Mike Pyle vs. Colby Covington,Colby Covington,-334
2012-12-15,The Ultimate Fighter: Team Carwin vs. Team Nelson Finale,Mike Pyle vs. James Head,Mike Pyle,135
2012-12-15,The Ultimate Fighter: Team Carwin vs. Team Nelson Finale,Mike Pyle vs. James Head,James Head,-135
2014-08-23,UFC Fight Night: Henderson vs Dos Anjos,Mike Pyle vs. Jordan Mein,Mike Pyle,253
2014-08-23,UFC Fight Night: Henderson vs Dos Anjos,Mike Pyle vs. Jordan Mein,Jordan Mein,-253
2013-05-25,UFC 160: Velasquez vs Silva 2,Mike Pyle vs. Rick Story,Mike Pyle,381
2013-05-25,UFC 160: Velasquez vs Silva 2,Mike Pyle vs. Rick Story,Rick Story,-381
2014-02-22,UFC 170: Rousey vs McMann,Mike Pyle vs. TJ Waldburger,Mike Pyle,276
2014-02-22,UFC 170: Rousey vs McMann,Mike Pyle vs. TJ Waldburger,TJ Waldburger,-276
2013-03-16,UFC 158: St-Pierre vs Diaz,Mike Ricci vs. Colin Fletcher,Mike Ricci,110
2013-03-16,UFC 158: St-Pierre vs Diaz,Mike Ricci vs. Colin Fletcher,Colin Fletcher,-110
2013-09-21,UFC 165: Jones vs Gustafsson,Mike Ricci vs. Myles Jury,Mike Ricci,148
2013-09-21,UFC 165: Jones vs Gustafsson,Mike Ricci vs. Myles Jury,Myles Jury,-148
2013-01-26,UFC on FOX: Johnson vs Dodson,Mike Russow vs. Shawn Jordan,Mike Russow,-103
2013-01-26,UFC on FOX: Johnson vs Dodson,Mike Russow vs. Shawn Jordan,Shawn Jordan,103
2013-01-26,UFC on FOX: Johnson vs Dodson,Mike Stumpf vs. Pascal Krauss,Mike Stumpf,147
2013-01-26,UFC on FOX: Johnson vs Dodson,Mike Stumpf vs. Pascal Krauss,Pascal Krauss,-147
2013-06-15,UFC 161: Evans vs Henderson,Mitch Clarke vs. John Maguire,Mitch Clarke,142
2013-06-15,UFC 161: Evans vs Henderson,Mitch Clarke vs. John Maguire,John Maguire,-142
2013-09-21,UFC 165: Jones vs Gustafsson,Mitch Gagnon vs. Dustin Kimura,Mitch Gagnon,-176
2013-09-21,UFC 165: Jones vs Gustafsson,Mitch Gagnon vs. Dustin Kimura,Dustin Kimura,176
2014-09-20,UFC Fight Night: Hunt vs Nelson,Myles Jury vs. Takanori Gomi,Myles Jury,-187
2014-09-20,UFC Fight Night: Hunt vs Nelson,Myles Jury vs. Takanori Gomi,Takanori Gomi,187
2014-03-01,UFC Fight Night: Kim vs Hathaway,Nam Phan vs. Vaughan Lee,Nam Phan,153
2014-03-01,UFC Fight Night: Kim vs Hathaway,Nam Phan vs. Vaughan Lee,Vaughan Lee,-153
2013-04-20,UFC on FOX: Henderson vs Melendez,Nate Diaz vs. Josh Thomson,Nate Diaz,-118
2013-04-20,UFC on FOX: Henderson vs Melendez,Nate Diaz vs. Josh Thomson,Josh Thomson,118
2013-10-19,UFC 166: Velasquez vs Dos Santos 3,Nate Marquardt vs. Hector Lombard,Nate Marquardt,-157
2013-10-19,UFC 166: Velasquez vs Dos Santos 3,Nate Marquardt vs. Hector Lombard,Hector Lombard,157
2014-08-23,UFC Fight Night: Henderson vs Dos Anjos,Neil Magny vs. Alex Garcia,Neil Magny,176
2014-08-23,UFC Fight Night: Henderson vs Dos Anjos,Neil Magny vs. Alex Garcia,Alex Garcia,-176
2015-02-14,UFC Fight Night: Henderson vs Thatch,Neil Magny vs. Kiichi Kunimoto,Neil Magny,-188
2015-02-14,UFC Fight Night: Henderson vs Thatch,Neil Magny vs. Kiichi Kunimoto,Kiichi Kunimoto,188
2013-11-06,UFC Fight Night: Fight for the Troops 3,Neil Magny vs. Seth Baczynski,Neil Magny,-172
2013-11-06,UFC Fight Night: Fight for the Troops 3,Neil Magny vs. Seth Baczynski,Seth Baczynski,172
2014-05-10,UFC Fight Night: Brown vs Silva,Neil Magny vs. Tim Means,Neil Magny,-124
2014-05-10,UFC Fight Night: Brown vs Silva,Neil Magny vs. Tim Means,Tim Means,124
2015-01-24,UFC on FOX: Gustafsson vs Johnson,Neil Seery vs. Chris Beal,Neil Seery,119
2015-01-24,UFC on FOX: Gustafsson vs Johnson,Neil Seery vs. Chris Beal,Chris Beal,-119
2014-07-19,UFC Fight Night: McGregor vs Brandao,Neil Seery vs. Phil Harris,Neil Seery,120
2014-07-19,UFC Fight Night: McGregor vs Brandao,Neil Seery vs. Phil Harris,Phil Harris,-120
2015-01-24,UFC on FOX: Gustafsson vs Johnson,Nicholas Musoke vs. Albert Tumenov,Nicholas Musoke,123
2015-01-24,UFC on FOX: Gustafsson vs Johnson,Nicholas Musoke vs. Albert Tumenov,Albert Tumenov,-123
2014-10-04,UFC Fight Night: Nelson vs Story,Nicholas Musoke vs. Alexander Yakovlev,Nicholas Musoke,-109
2014-10-04,UFC Fight Night: Nelson vs Story,Nicholas Musoke vs. Alexander Yakovlev,Alexander Yakovlev,109
2014-02-01,UFC 169: Barao vs Faber 2,Nick Catone vs. Tom Watson,Nick Catone,-155
2014-02-01,UFC 169: Barao vs Faber 2,Nick Catone vs. Tom Watson,Tom Watson,155
2013-12-06,UFC Fight Night: Hunt vs Bigfoot,Nick Ring vs. Caio Magalhaes,Nick Ring,112
2013-12-06,UFC Fight Night: Hunt vs Bigfoot,Nick Ring vs. Caio Magalhaes,Caio Magalhaes,-112
2013-03-16,UFC 158: St-Pierre vs Diaz,Nick Ring vs. Chris Camozzi,Nick Ring,146
2013-03-16,UFC 158: St-Pierre vs Diaz,Nick Ring vs. Chris Camozzi,Chris Camozzi,-146
2015-01-24,UFC on FOX: Gustafsson vs Johnson,Nikita Krylov vs. Stanislav Nedkov,Nikita Krylov,-111
2015-01-24,UFC on FOX: Gustafsson vs Johnson,Nikita Krylov vs. Stanislav Nedkov,Stanislav Nedkov,111
2014-10-04,UFC Fight Night: Nelson vs Story,Niklas Backstrom vs. Mike Wilkinson,Niklas Backstrom,100
2014-10-04,UFC Fight Night: Nelson vs Story,Niklas Backstrom vs. Mike Wilkinson,Mike Wilkinson,-100
2015-05-16,UFC Fight Night: Edgar vs Faber,Nolan Ticman vs. Yao Zhikui,Nolan Ticman,138
2015-05-16,UFC Fight Night: Edgar vs Faber,Nolan Ticman vs. Yao Zhikui,Yao Zhikui,-138
2015-04-25,UFC 186: Johnson vs Horiguchi,Nordine Taleb vs. Chris Clements,Nordine Taleb,-188
2015-04-25,UFC 186: Johnson vs Horiguchi,Nordine Taleb vs. Chris Clements,Chris Clements,188
2014-10-04,UFC Fight Night: MacDonald vs Saffiedine,Nordine Taleb vs. Li Jingliang,Nordine Taleb,-124
2014-10-04,UFC Fight Night: MacDonald vs Saffiedine,Nordine Taleb vs. Li Jingliang,Li Jingliang,124
2015-01-18,UFC Fight Night: McGregor vs Siver,Norman Parke vs. Gleison Tibau,Norman Parke,-136
2015-01-18,UFC Fight Night: McGregor vs Siver,Norman Parke vs. Gleison Tibau,Gleison Tibau,136
2013-10-26,UFC Fight Night: Machida vs Munoz,Norman Parke vs. Jon Tuck,Norman Parke,-172
2013-10-26,UFC Fight Night: Machida vs Munoz,Norman Parke vs. Jon Tuck,Jon Tuck,172
2013-07-06,UFC 162: Silva vs Weidman,Norman Parke vs. Kazuki Tokudome,Norman Parke,-128
2013-07-06,UFC 162: Silva vs Weidman,Norman Parke vs. Kazuki Tokudome,Kazuki Tokudome,128
2014-07-19,UFC Fight Night: McGregor vs Brandao,Norman Parke vs. Naoyuki Kotani,Norman Parke,-163
2014-07-19,UFC Fight Night: McGregor vs Brandao,Norman Parke vs. Naoyuki Kotani,Naoyuki Kotani,163
2015-04-25,UFC 186: Johnson vs Horiguchi,Olivier Aubin-Mercier vs. David Michaud,Olivier Aubin-Mercier,103
2015-04-25,UFC 186: Johnson vs Horiguchi,Olivier Aubin-Mercier vs. David Michaud,David Michaud,-103
2014-10-04,UFC Fight Night: MacDonald vs Saffiedine,Olivier Aubin-Mercier vs. Jake Lindsey,Olivier Aubin-Mercier,-117
2014-10-04,UFC Fight Night: MacDonald vs Saffiedine,Olivier Aubin-Mercier vs. Jake Lindsey,Jake Lindsey,117
2015-01-03,UFC 182: Jones vs Cormier,Omari Akhmedov vs. Mats Nilsson,Omari Akhmedov,-135
2015-01-03,UFC 182: Jones vs Cormier,Omari Akhmedov vs. Mats Nilsson,Mats Nilsson,135
2014-03-15,UFC 171: Hendricks vs Lawler,Ovince Saint Preux vs. Nikita Krylov,Ovince Saint Preux,181
2014-03-15,UFC 171: Hendricks vs Lawler,Ovince Saint Preux vs. Nikita Krylov,Nikita Krylov,-181
2015-04-18,UFC on FOX: Machida vs Rockhold,Ovince Saint Preux vs. Patrick Cummins,Ovince Saint Preux,171
2015-04-18,UFC on FOX: Machida vs Rockhold,Ovince Saint Preux vs. Patrick Cummins,Patrick Cummins,-171
2014-06-14,UFC 174: Johnson vs Bagautinov,Ovince Saint Preux vs. Ryan Jimmo,Ovince Saint Preux,119
2014-06-14,UFC 174: Johnson vs Bagautinov,Ovince Saint Preux vs. Ryan Jimmo,Ryan Jimmo,-119
2015-01-18,UFC Fight Night: McGregor vs Siver,Paddy Holohan vs. Shane Howell,Paddy Holohan,-177
2015-01-18,UFC Fight Night: McGregor vs Siver,Paddy Holohan vs. Shane Howell,Shane Howell,177
2013-04-06,UFC on FUEL TV: Mousasi vs Latifi,Papy Abedi vs. Besam Yousef,Papy Abedi,111
2013-04-06,UFC on FUEL TV: Mousasi vs Latifi,Papy Abedi vs. Besam Yousef,Besam Yousef,-111
2013-08-31,UFC 164: Henderson vs Pettis 2,Pascal Krauss vs. Hyun Gyu Lim,Pascal Krauss,-153
2013-08-31,UFC 164: Henderson vs Pettis 2,Pascal Krauss vs. Hyun Gyu Lim,Hyun Gyu Lim,153
2012-12-15,The Ultimate Fighter: Team Carwin vs. Team Nelson Finale,Pat Barry vs. Shane del Rosario,Pat Barry,120
2012-12-15,The Ultimate Fighter: Team Carwin vs. Team Nelson Finale,Pat Barry vs. Shane del Rosario,Shane del Rosario,-120
2013-06-15,UFC 161: Evans vs Henderson,Pat Barry vs. Shawn Jordan,Pat Barry,161
2013-06-15,UFC 161: Evans vs Henderson,Pat Barry vs. Shawn Jordan,Shawn Jordan,-161
2013-12-06,UFC Fight Night: Hunt vs Bigfoot,Pat Barry vs. Soa Palelei,Pat Barry,119
2013-12-06,UFC Fight Night: Hunt vs Bigfoot,Pat Barry vs. Soa Palelei,Soa Palelei,-119
2013-09-21,UFC 165: Jones vs Gustafsson,Pat Healy vs. Khabib Nurmagomedov,Pat Healy,302
2013-09-21,UFC 165: Jones vs Gustafsson,Pat Healy vs. Khabib Nurmagomedov,Khabib Nurmagomedov,-302
2015-04-25,UFC 186: Johnson vs Horiguchi,Patrick Cote vs. Joe Riggs,Patrick Cote,265
2015-04-25,UFC 186: Johnson vs Horiguchi,Patrick Cote vs. Joe Riggs,Joe Riggs,-265
2014-04-16,UFC Fight Night: Bisping vs Kennedy,Patrick Cote vs. Kyle Noke,Patrick Cote,240
2014-04-16,UFC Fight Night: Bisping vs Kennedy,Patrick Cote vs. Kyle Noke,Kyle Noke,-240
2014-09-27,UFC 178: Johnson vs Cariaso,Patrick Cote vs. Stephen Thompson,Patrick Cote,235
2014-09-27,UFC 178: Johnson vs Cariaso,Patrick Cote vs. Stephen Thompson,Stephen Thompson,-235
2013-02-16,UFC on FUEL TV: Barao vs McDonald,Paul Sass vs. Danny Castillo,Paul Sass,115
2013-02-16,UFC on FUEL TV: Barao vs McDonald,Paul Sass vs. Danny Castillo,Danny Castillo,-115
2013-11-09,UFC Fight Night: Belfort vs Henderson 2,Paulo Thiago vs. Brandon Thatch,Paulo Thiago,458
2013-11-09,UFC Fight Night: Belfort vs Henderson 2,Paulo Thiago vs. Brandon Thatch,Brandon Thatch,-458
2014-05-31,UFC Fight Night: Miocic vs Maldonado,Paulo Thiago vs. Gasan Umalatov,Paulo Thiago,110
2014-05-31,UFC Fight Night: Miocic vs Maldonado,Paulo Thiago vs. Gasan Umalatov,Gasan Umalatov,-110
2014-09-13,UFC Fight Night: Bigfoot vs Arlovski,Paulo Thiago vs. Sean Spencer,Paulo Thiago,115
2014-09-13,UFC Fight Night: Bigfoot vs Arlovski,Paulo Thiago vs. Sean Spencer,Sean Spencer,-115
2015-04-11,UFC Fight Night: Gonzaga vs Cro Cop 2,Pawel Pawlak vs. Sheldon Westcott,Pawel Pawlak,-111
2015-04-11,UFC Fight Night: Gonzaga vs Cro Cop 2,Pawel Pawlak vs. Sheldon Westcott,Sheldon Westcott,111
2014-04-26,UFC 172: Jones vs Teixeira,Phil Davis vs. Anthony Johnson,Phil Davis,125
2014-04-26,UFC 172: Jones vs Teixeira,Phil Davis vs. Anthony Johnson,Anthony Johnson,-125
2015-01-24,UFC on FOX: Gustafsson vs Johnson,Phil Davis vs. Ryan Bader,Phil Davis,107
2015-01-24,UFC on FOX: Gustafsson vs Johnson,Phil Davis vs. Ryan Bader,Ryan Bader,-107
2013-04-27,UFC 159: Jones vs Sonnen,Phil Davis vs. Vinny Magalhaes,Phil Davis,-155
2013-04-27,UFC 159: Jones vs Sonnen,Phil Davis vs. Vinny Magalhaes,Vinny Magalhaes,155
2013-10-26,UFC Fight Night: Machida vs Munoz,Phil Harris vs. John Lineker,Phil Harris,128
2013-10-26,UFC Fight Night: Machida vs Munoz,Phil Harris vs. John Lineker,John Lineker,-128
2013-02-16,UFC on FUEL TV: Barao vs McDonald,Phil Harris vs. Ulysses Gomez,Phil Harris,-290
2013-02-16,UFC on FUEL TV: Barao vs McDonald,Phil Harris vs. Ulysses Gomez,Ulysses Gomez,290
2012-12-29,UFC 155: Dos Santos vs Velasquez II,Philip De Fries vs. Todd Duffee,Philip De Fries,112
2012-12-29,UFC 155: Dos Santos vs Velasquez II,Philip De Fries vs. Todd Duffee,Todd Duffee,-112
2015-05-16,UFC Fight Night: Edgar vs Faber,Phillipe Nover vs. Yui Chul Nam,Phillipe Nover,123
2015-05-16,UFC Fight Night: Edgar vs Faber,Phillipe Nover vs. Yui Chul Nam,Yui Chul Nam,-123
2013-11-09,UFC Fight Night: Belfort vs Henderson 2,Rafael Cavalcante vs. Igor Pokrajac,Rafael Cavalcante,107
2013-11-09,UFC Fight Night: Belfort vs Henderson 2,Rafael Cavalcante vs. Igor Pokrajac,Igor Pokrajac,-107
2014-06-07,UFC Fight Night: Henderson vs Khabilov,Rafael Dos Anjos vs. Jason High,Rafael Dos Anjos,-140
2014-06-07,UFC Fight Night: Henderson vs Khabilov,Rafael Dos Anjos vs. Jason High,Jason High,140
2014-04-19,UFC on FOX: Werdum vs Browne,Rafael Dos Anjos vs. Khabib Nurmagomedov,Rafael Dos Anjos,192
2014-04-19,UFC on FOX: Werdum vs Browne,Rafael Dos Anjos vs. Khabib Nurmagomedov,Khabib Nurmagomedov,-192
2014-12-13,UFC on FOX: Dos Santos vs Miocic,Rafael Dos Anjos vs. Nate Diaz,Rafael Dos Anjos,-111
2014-12-13,UFC on FOX: Dos Santos vs Miocic,Rafael Dos Anjos vs. Nate Diaz,Nate Diaz,111
2014-09-05,UFC Fight Night: Jacare vs Mousasi,Rafael Natal vs. Chris Camozzi,Rafael Natal,-114
2014-09-05,UFC Fight Night: Jacare vs Mousasi,Rafael Natal vs. Chris Camozzi,Chris Camozzi,114
2015-01-31,UFC 183: Silva vs Diaz,Rafael Natal vs. Tom Watson,Rafael Natal,-135
2015-01-31,UFC 183: Silva vs Diaz,Rafael Natal vs. Tom Watson,Tom Watson,135
2013-09-04,UFC Fight Night: Teixeira vs Bader,Rafael Natal vs. Tor Troeng,Rafael Natal,109
2013-09-04,UFC Fight Night: Teixeira vs Bader,Rafael Natal vs. Tor Troeng,Tor Troeng,-109
2014-02-22,UFC 170: Rousey vs McMann,Rafaello Oliveira vs. Erik Koch,Rafaello Oliveira,-101
2014-02-22,UFC 170: Rousey vs McMann,Rafaello Oliveira vs. Erik Koch,Erik Koch,101
2014-01-25,UFC on FOX: Henderson vs Thomson,Ramiro Hernandez vs. Hugo Viana,Ramiro Hernandez,150
2014-01-25,UFC on FOX: Henderson vs Thomson,Ramiro Hernandez vs. Hugo Viana,Hugo Viana,-150
2014-04-11,UFC Fight Night: Minotauro vs Nelson,Ramsey Nijem vs. Beneil Dariush,Ramsey Nijem,-236
2014-04-11,UFC Fight Night: Minotauro vs Nelson,Ramsey Nijem vs. Beneil Dariush,Beneil Dariush,236
2014-08-30,UFC 177: Dillashaw vs Soto,Ramsey Nijem vs. Diego Ferreira,Ramsey Nijem,-221
2014-08-30,UFC 177: Dillashaw vs Soto,Ramsey Nijem vs. Diego Ferreira,Diego Ferreira,221
2014-01-15,UFC Fight Night: Rockhold vs Philippou,Ramsey Nijem vs. Justin Edwards,Ramsey Nijem,-226
2014-01-15,UFC Fight Night: Rockhold vs Philippou,Ramsey Nijem vs. Justin Edwards,Justin Edwards,226
2013-04-20,UFC on FOX: Henderson vs Melendez,Ramsey Nijem vs. Myles Jury,Ramsey Nijem,-104
2013-04-20,UFC on FOX: Henderson vs Melendez,Ramsey Nijem vs. Myles Jury,Myles Jury,104
2014-09-13,UFC Fight Night: Bigfoot vs Arlovski,Rani Yahya vs. Johnny Bedford,Rani Yahya,141
2014-09-13,UFC Fight Night: Bigfoot vs Arlovski,Rani Yahya vs. Johnny Bedford,Johnny Bedford,-141
2013-08-03,UFC 163: Aldo vs Jung,Rani Yahya vs. Josh Clopton,Rani Yahya,-112
2013-08-03,UFC 163: Aldo vs Jung,Rani Yahya vs. Josh Clopton,Josh Clopton,112
2014-10-04,UFC Fight Night: MacDonald vs Saffiedine,Raphael Assuncao vs. Bryan Caraway,Raphael Assuncao,-165
2014-10-04,UFC Fight Night: MacDonald vs Saffiedine,Raphael Assuncao vs. Bryan Caraway,Bryan Caraway,165
2013-10-09,UFC Fight Night: Maia vs Shields,Raphael Assuncao vs. TJ Dillashaw,Raphael Assuncao,108
2013-10-09,UFC Fight Night: Maia vs Shields,Raphael Assuncao vs. TJ Dillashaw,TJ Dillashaw,-108
2013-06-08,UFC on FUEL TV: Nogueira vs. Werdum,Raphael Assuncao vs. Vaughan Lee,Raphael Assuncao,-135
2013-06-08,UFC on FUEL TV: Nogueira vs. Werdum,Raphael Assuncao vs. Vaughan Lee,Vaughan Lee,135
2013-11-16,UFC 167: St-Pierre vs Hendricks,Rashad Evans vs. Chael Sonnen,Rashad Evans,186
2013-11-16,UFC 167: St-Pierre vs Hendricks,Rashad Evans vs. Chael Sonnen,Chael Sonnen,-186
2013-06-15,UFC 161: Evans vs Henderson,Rashad Evans vs. Dan Henderson,Rashad Evans,-196
2013-06-15,UFC 161: Evans vs Henderson,Rashad Evans vs. Dan Henderson,Dan Henderson,196
2013-02-02,UFC 156: Aldo vs Edgar,Rashad Evans vs. Rogerio Nogueira,Rashad Evans,-148
2013-02-02,UFC 156: Aldo vs Edgar,Rashad Evans vs. Rogerio Nogueira,Rogerio Nogueira,148
2015-02-14,UFC Fight Night: Henderson vs Thatch,Ray Borg vs. Chris Kelades,Ray Borg,-208
2015-02-14,UFC Fight Night: Henderson vs Thatch,Ray Borg vs. Chris Kelades,Chris Kelades,208
2013-09-21,UFC 165: Jones vs Gustafsson,Renan Barao vs. Eddie Wineland,Renan Barao,-169
2013-09-21,UFC 165: Jones vs Gustafsson,Renan Barao vs. Eddie Wineland,Eddie Wineland,169
2013-02-16,UFC on FUEL TV: Barao vs McDonald,Renan Barao vs. Michael McDonald,Renan Barao,111
2013-02-16,UFC on FUEL TV: Barao vs McDonald,Renan Barao vs. Michael McDonald,Michael McDonald,-111
2014-12-20,UFC Fight Night: Machida vs Dollaway,Renan Barao vs. Mitch Gagnon,Renan Barao,118
2014-12-20,UFC Fight Night: Machida vs Dollaway,Renan Barao vs. Mitch Gagnon,Mitch Gagnon,-118
2014-05-24,UFC 173: Barao vs Dillashaw,Renan Barao vs. TJ Dillashaw,Renan Barao,-110
2014-05-24,UFC 173: Barao vs Dillashaw,Renan Barao vs. TJ Dillashaw,TJ Dillashaw,110
2014-02-01,UFC 169: Barao vs Faber 2,Renan Barao vs. Urijah Faber,Renan Barao,-133
2014-02-01,UFC 169: Barao vs Faber 2,Renan Barao vs. Urijah Faber,Urijah Faber,133
2012-12-15,The Ultimate Fighter: Team Carwin vs. Team Nelson Finale,Reuben Duran vs. Hugo Viana,Reuben Duran,-117
2012-12-15,The Ultimate Fighter: Team Carwin vs. Team Nelson Finale,Reuben Duran vs. Hugo Viana,Hugo Viana,117
2013-04-06,UFC on FUEL TV: Mousasi vs Latifi,Reza Madadi vs. Michael Johnson,Reza Madadi,103
2013-04-06,UFC on FUEL TV: Mousasi vs Latifi,Reza Madadi vs. Michael Johnson,Michael Johnson,-103
2015-06-06,UFC Fight Night: Boetsch vs Henderson,Ricardo Abreu vs. Jake Collier,Ricardo Abreu,165
2015-06-06,UFC Fight Night: Boetsch vs Henderson,Ricardo Abreu vs. Jake Collier,Jake Collier,-165
2014-11-15,UFC 180: Werdum vs Hunt,Ricardo Lamas vs. Dennis Bermudez,Ricardo Lamas,186
2014-11-15,UFC 180: Werdum vs Hunt,Ricardo Lamas vs. Dennis Bermudez,Dennis Bermudez,-186
2014-06-28,UFC Fight Night: Swanson vs Stephens,Ricardo Lamas vs. Hacran Dias,Ricardo Lamas,122
2014-06-28,UFC Fight Night: Swanson vs Stephens,Ricardo Lamas vs. Hacran Dias,Hacran Dias,-122
2015-01-31,UFC 183: Silva vs Diaz,Richardson Moreira vs. Ildemar Alcantara,Richardson Moreira,102
2015-01-31,UFC 183: Silva vs Diaz,Richardson Moreira vs. Ildemar Alcantara,Ildemar Alcantara,-102
2014-11-07,UFC Fight Night: Rockhold vs Bisping,Richie Vaculik vs. Louis Smolka,Richie Vaculik,143
2014-11-07,UFC Fight Night: Rockhold vs Bisping,Richie Vaculik vs. Louis Smolka,Louis Smolka,-143
2014-07-16,UFC Fight Night: Cowboy vs Miller,Rick Story vs. Leonardo Mafra,Rick Story,-268
2014-07-16,UFC Fight Night: Cowboy vs Miller,Rick Story vs. Leonardo Mafra,Leonardo Mafra,268
2013-03-02,UFC on FUEL TV: Silva vs. Stann,Riki Fukuda vs. Brad Tavares,Riki Fukuda,-102
2013-03-02,UFC on FUEL TV: Silva vs. Stann,Riki Fukuda vs. Brad Tavares,Brad Tavares,102
2013-07-27,UFC on FOX: Johnson vs Moraga,Robbie Lawler vs. Bobby Voelker,Robbie Lawler,-113
2013-07-27,UFC on FOX: Johnson vs Moraga,Robbie Lawler vs. Bobby Voelker,Bobby Voelker,113
2014-05-24,UFC 173: Barao vs Dillashaw,Robbie Lawler vs. Jake Ellenberger,Robbie Lawler,170
2014-05-24,UFC 173: Barao vs Dillashaw,Robbie Lawler vs. Jake Ellenberger,Jake Ellenberger,-170
2014-07-26,UFC on FOX: Lawler vs Brown,Robbie Lawler vs. Matt Brown,Robbie Lawler,151
2014-07-26,UFC on FOX: Lawler vs Brown,Robbie Lawler vs. Matt Brown,Matt Brown,-151
2013-12-28,UFC 168: Weidman vs Silva 2,Robert Peralta vs. Estevan Payan,Robert Peralta,-170
2013-12-28,UFC 168: Weidman vs Silva 2,Robert Peralta vs. Estevan Payan,Estevan Payan,170
2014-11-07,UFC Fight Night: Rockhold vs Bisping,Robert Whittaker vs. Clint Hester,Robert Whittaker,-100
2014-11-07,UFC Fight Night: Rockhold vs Bisping,Robert Whittaker vs. Clint Hester,Clint Hester,100
2014-06-28,UFC Fight Night: Te Huna vs Marquardt,Robert Whittaker vs. Mike Rhodes,Robert Whittaker,-107
2014-06-28,UFC Fight Night: Te Huna vs Marquardt,Robert Whittaker vs. Mike Rhodes,Mike Rhodes,107
2014-02-22,UFC 170: Rousey vs McMann,Robert Whittaker vs. Stephen Thompson,Robert Whittaker,-110
2014-02-22,UFC 170: Rousey vs McMann,Robert Whittaker vs. Stephen Thompson,Stephen Thompson,110
2014-02-15,UFC Fight Night: Machida vs Mousasi,Rodrigo Damm vs. Ivan Jorge,Rodrigo Damm,106
2014-02-15,UFC Fight Night: Machida vs Mousasi,Rodrigo Damm vs. Ivan Jorge,Ivan Jorge,-106
2013-06-08,UFC on FUEL TV: Nogueira vs. Werdum,Rodrigo Damm vs. Mizuto Hirota,Rodrigo Damm,-105
2013-06-08,UFC on FUEL TV: Nogueira vs. Werdum,Rodrigo Damm vs. Mizuto Hirota,Mizuto Hirota,105
2014-05-31,UFC Fight Night: Miocic vs Maldonado,Rodrigo Damm vs. Rashid Magomedov,Rodrigo Damm,108
2014-05-31,UFC Fight Night: Miocic vs Maldonado,Rodrigo Damm vs. Rashid Magomedov,Rashid Magomedov,-108
2013-09-21,UFC 165: Jones vs Gustafsson,Roland Delorme vs. Alex Caceres,Roland Delorme,129
2013-09-21,UFC 165: Jones vs Gustafsson,Roland Delorme vs. Alex Caceres,Alex Caceres,-129
2013-06-15,UFC 161: Evans vs Henderson,Roland Delorme vs. Edwin Figueroa,Roland Delorme,-144
2013-06-15,UFC 161: Evans vs Henderson,Roland Delorme vs. Edwin Figueroa,Edwin Figueroa,144
2015-05-16,UFC Fight Night: Edgar vs Faber,Roldan Sangcha'an vs. Jon Delos Reyes,Roldan Sangcha'an,-120
2015-05-16,UFC Fight Night: Edgar vs Faber,Roldan Sangcha'an vs. Jon Delos Reyes,Jon Delos Reyes,120
2015-04-04,UFC Fight Night: Mendes vs Lamas,Ron Stallings vs. Justin Jones,Ron Stallings,166
2015-04-04,UFC Fight Night: Mendes vs Lamas,Ron Stallings vs. Justin Jones,Justin Jones,-166
2013-01-19,UFC on FX: Belfort vs Bisping,Ronny Markes vs. Andrew Craig,Ronny Markes,-211
2013-01-19,UFC on FX: Belfort vs Bisping,Ronny Markes vs. Andrew Craig,Andrew Craig,211
2014-03-23,UFC Fight Night: Shogun vs Henderson 2,Ronny Markes vs. Thiago Santos,Ronny Markes,-163
2014-03-23,UFC Fight Night: Shogun vs Henderson 2,Ronny Markes vs. Thiago Santos,Thiago Santos,163
2013-11-06,UFC Fight Night: Fight for the Troops 3,Ronny Markes vs. Yoel Romero,Ronny Markes,-102
2013-11-06,UFC Fight Night: Fight for the Troops 3,Ronny Markes vs. Yoel Romero,Yoel Romero,102
2013-11-09,UFC Fight Night: Belfort vs Henderson 2,Rony Jason vs. Jeremy Stephens,Rony Jason,132
2013-11-09,UFC Fight Night: Belfort vs Henderson 2,Rony Jason vs. Jeremy Stephens,Jeremy Stephens,-132
2013-06-08,UFC on FUEL TV: Nogueira vs. Werdum,Rony Jason vs. Mike Wilkinson,Rony Jason,-128
2013-06-08,UFC on FUEL TV: Nogueira vs. Werdum,Rony Jason vs. Mike Wilkinson,Mike Wilkinson,128
2014-05-31,UFC Fight Night: Miocic vs Maldonado,Rony Jason vs. Robert Peralta,Rony Jason,129
2014-05-31,UFC Fight Night: Miocic vs Maldonado,Rony Jason vs. Robert Peralta,Robert Peralta,-129
2014-03-23,UFC Fight Night: Shogun vs Henderson 2,Rony Jason vs. Steven Siler,Rony Jason,116
2014-03-23,UFC Fight Night: Shogun vs Henderson 2,Rony Jason vs. Steven Siler,Steven Siler,-116
2014-02-22,UFC 170: Rousey vs McMann,Rory MacDonald vs. Demian Maia,Rory MacDonald,-168
2014-02-22,UFC 170: Rousey vs McMann,Rory MacDonald vs. Demian Maia,Demian Maia,168
2013-07-27,UFC on FOX: Johnson vs Moraga,Rory MacDonald vs. Jake Ellenberger,Rory MacDonald,-103
2013-07-27,UFC on FOX: Johnson vs Moraga,Rory MacDonald vs. Jake Ellenberger,Jake Ellenberger,103
2013-11-16,UFC 167: St-Pierre vs Hendricks,Rory MacDonald vs. Robbie Lawler,Rory MacDonald,-187
2013-11-16,UFC 167: St-Pierre vs Hendricks,Rory MacDonald vs. Robbie Lawler,Robbie Lawler,187
2014-10-04,UFC Fight Night: MacDonald vs Saffiedine,Rory MacDonald vs. Tarec Saffiedine,Rory MacDonald,-223
2014-10-04,UFC Fight Night: MacDonald vs Saffiedine,Rory MacDonald vs. Tarec Saffiedine,Tarec Saffiedine,223
2014-06-14,UFC 174: Johnson vs Bagautinov,Rory MacDonald vs. Tyron Woodley,Rory MacDonald,-175
2014-06-14,UFC 174: Johnson vs Bagautinov,Rory MacDonald vs. Tyron Woodley,Tyron Woodley,175
2014-11-07,UFC Fight Night: Rockhold vs Bisping,Ross Pearson vs. Al Iaquinta,Ross Pearson,-100
2014-11-07,UFC Fight Night: Rockhold vs Bisping,Ross Pearson vs. Al Iaquinta,Al Iaquinta,100
2015-03-14,UFC 185: Pettis vs Dos Anjos,Ross Pearson vs. Sam Stout,Ross Pearson,-241
2015-03-14,UFC 185: Pettis vs Dos Anjos,Ross Pearson vs. Sam Stout,Sam Stout,241
2013-10-09,UFC Fight Night: Maia vs Shields,Rousimar Palhares vs. Mike Pierce,Rousimar Palhares,126
2013-10-09,UFC Fight Night: Maia vs Shields,Rousimar Palhares vs. Mike Pierce,Mike Pierce,-126
2015-03-14,UFC 185: Pettis vs Dos Anjos,Roy Nelson vs. Alistair Overeem,Roy Nelson,236
2015-03-14,UFC 185: Pettis vs Dos Anjos,Roy Nelson vs. Alistair Overeem,Alistair Overeem,-236
2013-04-27,UFC 159: Jones vs Sonnen,Roy Nelson vs. Cheick Kongo,Roy Nelson,215
2013-04-27,UFC 159: Jones vs Sonnen,Roy Nelson vs. Cheick Kongo,Cheick Kongo,-215
2012-12-15,The Ultimate Fighter: Team Carwin vs. Team Nelson Finale,Roy Nelson vs. Matt Mitrione,Roy Nelson,186
2012-12-15,The Ultimate Fighter: Team Carwin vs. Team Nelson Finale,Roy Nelson vs. Matt Mitrione,Matt Mitrione,-186
2013-06-15,UFC 161: Evans vs Henderson,Roy Nelson vs. Stipe Miocic,Roy Nelson,192
2013-06-15,UFC 161: Evans vs Henderson,Roy Nelson vs. Stipe Miocic,Stipe Miocic,-192
2014-08-30,UFC 177: Dillashaw vs Soto,Ruan Potts vs. Anthony Hamilton,Ruan Potts,140
2014-08-30,UFC 177: Dillashaw vs Soto,Ruan Potts vs. Anthony Hamilton,Anthony Hamilton,-140
2015-02-22,UFC Fight Night: Bigfoot vs Mir,Rustam Khabilov vs. Adriano Martins,Rustam Khabilov,-140
2015-02-22,UFC Fight Night: Bigfoot vs Mir,Rustam Khabilov vs. Adriano Martins,Adriano Martins,140
2013-12-06,UFC Fight Night: Hunt vs Bigfoot,Ryan Bader vs. Anthony Perosh,Ryan Bader,-191
2013-12-06,UFC Fight Night: Hunt vs Bigfoot,Ryan Bader vs. Anthony Perosh,Anthony Perosh,191
2014-08-16,UFC Fight Night: Bader vs Saint Preux,Ryan Bader vs. Ovince Saint Preux,Ryan Bader,-200
2014-08-16,UFC Fight Night: Bader vs Saint Preux,Ryan Bader vs. Ovince Saint Preux,Ovince Saint Preux,200
2014-06-14,UFC 174: Johnson vs Bagautinov,Ryan Bader vs. Rafael Cavalcante,Ryan Bader,-233
2014-06-14,UFC 174: Johnson vs Bagautinov,Ryan Bader vs. Rafael Cavalcante,Rafael Cavalcante,233
2013-01-26,UFC on FOX: Johnson vs Dodson,Ryan Bader vs. Vladimir Matyushenko,Ryan Bader,-133
2013-01-26,UFC on FOX: Johnson vs Dodson,Ryan Bader vs. Vladimir Matyushenko,Vladimir Matyushenko,133
2013-08-31,UFC 164: Henderson vs Pettis 2,Ryan Couture vs. Al Iaquinta,Ryan Couture,110
2013-08-31,UFC 164: Henderson vs Pettis 2,Ryan Couture vs. Al Iaquinta,Al Iaquinta,-110
2013-06-15,UFC 161: Evans vs Henderson,Ryan Jimmo vs. Igor Pokrajac,Ryan Jimmo,-120
2013-06-15,UFC 161: Evans vs Henderson,Ryan Jimmo vs. Igor Pokrajac,Igor Pokrajac,120
2014-08-23,UFC Fight Night: Bisping vs Le,Sai Wang vs. Danny Mitchell,Sai Wang,110
2014-08-23,UFC Fight Night: Bisping vs Le,Sai Wang vs. Danny Mitchell,Danny Mitchell,-110
2013-04-13,The Ultimate Fighter: Team Jones vs. Team Sonnen Finale,Sam Sicilia vs. Maximo Blanco,Sam Sicilia,111
2013-04-13,The Ultimate Fighter: Team Jones vs. Team Sonnen Finale,Sam Sicilia vs. Maximo Blanco,Maximo Blanco,-111
2013-12-14,UFC on FOX: Johnson vs. Benavidez 2,Sam Stout vs. Cody McKenzie,Sam Stout,168
2013-12-14,UFC on FOX: Johnson vs. Benavidez 2,Sam Stout vs. Cody McKenzie,Cody McKenzie,-168
2014-04-16,UFC Fight Night: Bisping vs Kennedy,Sam Stout vs. KJ Noons,Sam Stout,124
2014-04-16,UFC Fight Night: Bisping vs Kennedy,Sam Stout vs. KJ Noons,KJ Noons,-124
2015-02-22,UFC Fight Night: Bigfoot vs Mir,Santiago Ponzinibbio vs. Sean Strickland,Santiago Ponzinibbio,179
2015-02-22,UFC Fight Night: Bigfoot vs Mir,Santiago Ponzinibbio vs. Sean Strickland,Sean Strickland,-179
2014-06-07,UFC Fight Night: Henderson vs Khabilov,Scott Jorgensen vs. Danny Martinez,Scott Jorgensen,124
2014-06-07,UFC Fight Night: Henderson vs Khabilov,Scott Jorgensen vs. Danny Martinez,Danny Martinez,-124
2014-10-25,UFC 179: Aldo vs Mendes 2,Scott Jorgensen vs. Wilson Reis,Scott Jorgensen,153
2014-10-25,UFC 179: Aldo vs Mendes 2,Scott Jorgensen vs. Wilson Reis,Wilson Reis,-153
2013-06-15,UFC 161: Evans vs Henderson,Sean Pierson vs. Kenny Robertson,Sean Pierson,116
2013-06-15,UFC 161: Evans vs Henderson,Sean Pierson vs. Kenny Robertson,Kenny Robertson,-116
2014-09-05,UFC Fight Night: Jacare vs Mousasi,Sean Soriano vs. Chas Skelly,Sean Soriano,133
2014-09-05,UFC Fight Night: Jacare vs Mousasi,Sean Soriano vs. Chas Skelly,Chas Skelly,-133
2014-03-15,UFC 171: Hendricks vs Lawler,Sean Spencer vs. Alex Garcia,Sean Spencer,133
2014-03-15,UFC 171: Hendricks vs Lawler,Sean Spencer vs. Alex Garcia,Alex Garcia,-133
2013-08-03,UFC 163: Aldo vs Jung,Sergio Moraes vs. Neil Magny,Sergio Moraes,170
2013-08-03,UFC 163: Aldo vs Jung,Sergio Moraes vs. Neil Magny,Neil Magny,-170
2014-12-06,UFC 181: Hendricks vs Lawler II,Sergio Pettis vs. Matt Hobar,Sergio Pettis,-116
2014-12-06,UFC 181: Hendricks vs Lawler II,Sergio Pettis vs. Matt Hobar,Matt Hobar,116
2015-03-14,UFC 185: Pettis vs Dos Anjos,Sergio Pettis vs. Ryan Benoit,Sergio Pettis,-165
2015-03-14,UFC 185: Pettis vs Dos Anjos,Sergio Pettis vs. Ryan Benoit,Ryan Benoit,165
2015-04-11,UFC Fight Night: Gonzaga vs Cro Cop 2,Seth Baczynski vs. Leon Edwards,Seth Baczynski,170
2015-04-11,UFC Fight Night: Gonzaga vs Cro Cop 2,Seth Baczynski vs. Leon Edwards,Leon Edwards,-170
2015-06-06,UFC Fight Night: Boetsch vs Henderson,Shawn Jordan vs. Derrick Lewis,Shawn Jordan,-111
2015-06-06,UFC Fight Night: Boetsch vs Henderson,Shawn Jordan vs. Derrick Lewis,Derrick Lewis,111
2014-08-16,UFC Fight Night: Bader vs Saint Preux,Shawn Jordan vs. Jack May,Shawn Jordan,-147
2014-08-16,UFC Fight Night: Bader vs Saint Preux,Shawn Jordan vs. Jack May,Jack May,147
2013-01-26,UFC on FOX: Johnson vs Dodson,Simeon Thoresen vs. David Mitchell,Simeon Thoresen,-127
2013-01-26,UFC on FOX: Johnson vs Dodson,Simeon Thoresen vs. David Mitchell,David Mitchell,127
2014-06-28,UFC Fight Night: Te Huna vs Marquardt,Soa Palelei vs. Jared Rosholt,Soa Palelei,154
2014-06-28,UFC Fight Night: Te Huna vs Marquardt,Soa Palelei vs. Jared Rosholt,Jared Rosholt,-154
2014-11-07,UFC Fight Night: Rockhold vs Bisping,Soa Palelei vs. Walt Harris,Soa Palelei,-100
2014-11-07,UFC Fight Night: Rockhold vs Bisping,Soa Palelei vs. Walt Harris,Walt Harris,100
2013-03-02,UFC on FUEL TV: Silva vs. Stann,Stefan Struve vs. Mark Hunt,Stefan Struve,162
2013-03-02,UFC on FUEL TV: Silva vs. Stann,Stefan Struve vs. Mark Hunt,Mark Hunt,-162
2013-05-25,UFC 160: Velasquez vs Silva 2,Stephen Thompson vs. Nah-Shon Burrell,Stephen Thompson,117
2013-05-25,UFC 160: Velasquez vs Silva 2,Stephen Thompson vs. Nah-Shon Burrell,Nah-Shon Burrell,-117
2014-07-26,UFC on FOX: Lawler vs Brown,Steven Siler vs. Noad Lahat,Steven Siler,-115
2014-07-26,UFC on FOX: Lawler vs Brown,Steven Siler vs. Noad Lahat,Noad Lahat,115
2014-05-31,UFC Fight Night: Miocic vs Maldonado,Stipe Miocic vs. Fabio Maldonado,Stipe Miocic,-123
2014-05-31,UFC Fight Night: Miocic vs Maldonado,Stipe Miocic vs. Fabio Maldonado,Fabio Maldonado,123
2014-01-25,UFC on FOX: Henderson vs Thomson,Stipe Miocic vs. Gabriel Gonzaga,Stipe Miocic,118
2014-01-25,UFC on FOX: Henderson vs Thomson,Stipe Miocic vs. Gabriel Gonzaga,Gabriel Gonzaga,-118
2015-05-09,UFC Fight Night: Miocic vs Hunt,Stipe Miocic vs. Mark Hunt,Stipe Miocic,-118
2015-05-09,UFC Fight Night: Miocic vs Hunt,Stipe Miocic vs. Mark Hunt,Mark Hunt,118
2013-04-20,UFC on FOX: Henderson vs Melendez,TJ Dillashaw vs. Hugo Viana,TJ Dillashaw,-155
2013-04-20,UFC on FOX: Henderson vs Melendez,TJ Dillashaw vs. Hugo Viana,Hugo Viana,155
2013-03-16,UFC 158: St-Pierre vs Diaz,TJ Dillashaw vs. Issei Tamura,TJ Dillashaw,-154
2013-03-16,UFC 158: St-Pierre vs Diaz,TJ Dillashaw vs. Issei Tamura,Issei Tamura,154
2014-01-15,UFC Fight Night: Rockhold vs Philippou,TJ Dillashaw vs. Mike Easton,TJ Dillashaw,-131
2014-01-15,UFC Fight Night: Rockhold vs Philippou,TJ Dillashaw vs. Mike Easton,Mike Easton,131
2013-01-26,UFC on FOX: Johnson vs Dodson,TJ Grant vs. Matt Wiman,TJ Grant,103
2013-01-26,UFC on FOX: Johnson vs Dodson,TJ Grant vs. Matt Wiman,Matt Wiman,-103
2013-10-19,UFC 166: Velasquez vs Dos Santos 3,TJ Waldburger vs. Adlan Amagov,TJ Waldburger,125
2013-10-19,UFC 166: Velasquez vs Dos Santos 3,TJ Waldburger vs. Adlan Amagov,Adlan Amagov,-125
2012-12-15,The Ultimate Fighter: Team Carwin vs. Team Nelson Finale,TJ Waldburger vs. Nick Catone,TJ Waldburger,-112
2012-12-15,The Ultimate Fighter: Team Carwin vs. Team Nelson Finale,TJ Waldburger vs. Nick Catone,Nick Catone,112
2015-05-16,UFC Fight Night: Edgar vs Faber,Tae Hyun Bang vs. Jon Tuck,Tae Hyun Bang,-127
2015-05-16,UFC Fight Night: Edgar vs Faber,Tae Hyun Bang vs. Jon Tuck,Jon Tuck,127
2013-03-02,UFC on FUEL TV: Silva vs. Stann,Takanori Gomi vs. Diego Sanchez,Takanori Gomi,141
2013-03-02,UFC on FUEL TV: Silva vs. Stann,Takanori Gomi vs. Diego Sanchez,Diego Sanchez,-141
2014-04-26,UFC 172: Jones vs Teixeira,Takanori Gomi vs. Isaac Vallie-Flagg,Takanori Gomi,-128
2014-04-26,UFC 172: Jones vs Teixeira,Takanori Gomi vs. Isaac Vallie-Flagg,Isaac Vallie-Flagg,128
2013-03-02,UFC on FUEL TV: Silva vs. Stann,Takeya Mizugaki vs. Bryan Caraway,Takeya Mizugaki,119
2013-03-02,UFC on FUEL TV: Silva vs. Stann,Takeya Mizugaki vs. Bryan Caraway,Bryan Caraway,-119
2013-08-28,UFC Fight Night: Condit vs Kampmann 2,Takeya Mizugaki vs. Erik Perez,Takeya Mizugaki,136
2013-08-28,UFC Fight Night: Condit vs Kampmann 2,Takeya Mizugaki vs. Erik Perez,Erik Perez,-136
2014-05-24,UFC 173: Barao vs Dillashaw,Takeya Mizugaki vs. Francisco Rivera,Takeya Mizugaki,-119
2014-05-24,UFC 173: Barao vs Dillashaw,Takeya Mizugaki vs. Francisco Rivera,Francisco Rivera,119
2013-12-06,UFC Fight Night: Hunt vs Bigfoot,Takeya Mizugaki vs. Nam Phan,Takeya Mizugaki,-152
2013-12-06,UFC Fight Night: Hunt vs Bigfoot,Takeya Mizugaki vs. Nam Phan,Nam Phan,152
2015-01-18,UFC Fight Night: McGregor vs Siver,Tateki Matsuda vs. Joby Sanchez,Tateki Matsuda,132
2015-01-18,UFC Fight Night: McGregor vs Siver,Tateki Matsuda vs. Joby Sanchez,Joby Sanchez,-132
2013-02-16,UFC on FUEL TV: Barao vs McDonald,Terry Etim vs. Renee Forte,Terry Etim,-109
2013-02-16,UFC on FUEL TV: Barao vs McDonald,Terry Etim vs. Renee Forte,Renee Forte,109
2015-01-31,UFC 183: Silva vs Diaz,Thales Leites vs. Tim Boetsch,Thales Leites,-127
2015-01-31,UFC 183: Silva vs Diaz,Thales Leites vs. Tim Boetsch,Tim Boetsch,127
2013-08-03,UFC 163: Aldo vs Jung,Thales Leites vs. Tom Watson,Thales Leites,107
2013-08-03,UFC 163: Aldo vs Jung,Thales Leites vs. Tom Watson,Tom Watson,-107
2014-04-11,UFC Fight Night: Minotauro vs Nelson,Thales Leites vs. Trevor Smith,Thales Leites,111
2014-04-11,UFC Fight Night: Minotauro vs Nelson,Thales Leites vs. Trevor Smith,Trevor Smith,-111
2014-04-19,UFC on FOX: Werdum vs Browne,Thiago Alves vs. Seth Baczynski,Thiago Alves,-190
2014-04-19,UFC on FOX: Werdum vs Browne,Thiago Alves vs. Seth Baczynski,Seth Baczynski,190
2014-03-23,UFC Fight Night: Shogun vs Henderson 2,Thiago Perpetuo vs. Kenny Robertson,Thiago Perpetuo,-161
2014-03-23,UFC Fight Night: Shogun vs Henderson 2,Thiago Perpetuo vs. Kenny Robertson,Kenny Robertson,161
2015-01-31,UFC 183: Silva vs Diaz,Thiago Santos vs. Andy Enz,Thiago Santos,-105
2015-01-31,UFC 183: Silva vs Diaz,Thiago Santos vs. Andy Enz,Andy Enz,105
2013-10-09,UFC Fight Night: Maia vs Shields,Thiago Silva vs. Matt Hamill,Thiago Silva,112
2013-10-09,UFC Fight Night: Maia vs Shields,Thiago Silva vs. Matt Hamill,Matt Hamill,-112
2013-11-09,UFC Fight Night: Belfort vs Henderson 2,Thiago Tavares vs. Justin Salas,Thiago Tavares,-108
2013-11-09,UFC Fight Night: Belfort vs Henderson 2,Thiago Tavares vs. Justin Salas,Justin Salas,108
2013-01-19,UFC on FX: Belfort vs Bisping,Thiago Tavares vs. Khabib Nurmagomedov,Thiago Tavares,-121
2013-01-19,UFC on FX: Belfort vs Bisping,Thiago Tavares vs. Khabib Nurmagomedov,Khabib Nurmagomedov,121
2014-08-16,UFC Fight Night: Bader vs Saint Preux,Thiago Tavares vs. Robert Peralta,Thiago Tavares,-117
2014-08-16,UFC Fight Night: Bader vs Saint Preux,Thiago Tavares vs. Robert Peralta,Robert Peralta,117
2015-02-22,UFC Fight Night: Bigfoot vs Mir,Tiago dos Santos e Silva vs. Mike de la Torre,Tiago dos Santos e Silva,-107
2015-02-22,UFC Fight Night: Bigfoot vs Mir,Tiago dos Santos e Silva vs. Mike de la Torre,Mike de la Torre,107
2014-08-16,UFC Fight Night: Bader vs Saint Preux,Tim Boetsch vs. Brad Tavares,Tim Boetsch,152
2014-08-16,UFC Fight Night: Bader vs Saint Preux,Tim Boetsch vs. Brad Tavares,Brad Tavares,-152
2013-10-19,UFC 166: Velasquez vs Dos Santos 3,Tim Boetsch vs. CB Dollaway,Tim Boetsch,143
2013-10-19,UFC 166: Velasquez vs Dos Santos 3,Tim Boetsch vs. CB Dollaway,CB Dollaway,-143
2012-12-29,UFC 155: Dos Santos vs Velasquez II,Tim Boetsch vs. Constantinos Philippou,Tim Boetsch,-130
2012-12-29,UFC 155: Dos Santos vs Velasquez II,Tim Boetsch vs. Constantinos Philippou,Constantinos Philippou,130
2015-06-06,UFC Fight Night: Boetsch vs Henderson,Tim Boetsch vs. Dan Henderson,Tim Boetsch,-146
2015-06-06,UFC Fight Night: Boetsch vs Henderson,Tim Boetsch vs. Dan Henderson,Dan Henderson,146
2013-11-16,UFC 167: St-Pierre vs Hendricks,Tim Elliott vs. Ali Bagautinov,Tim Elliott,-119
2013-11-16,UFC 167: St-Pierre vs Hendricks,Tim Elliott vs. Ali Bagautinov,Ali Bagautinov,119
2013-11-06,UFC Fight Night: Fight for the Troops 3,Tim Kennedy vs. Rafael Natal,Tim Kennedy,152
2013-11-06,UFC Fight Night: Fight for the Troops 3,Tim Kennedy vs. Rafael Natal,Rafael Natal,-152
2014-09-27,UFC 178: Johnson vs Cariaso,Tim Kennedy vs. Yoel Romero,Tim Kennedy,110
2014-09-27,UFC 178: Johnson vs Cariaso,Tim Kennedy vs. Yoel Romero,Yoel Romero,-110
2014-12-06,UFC 181: Hendricks vs Lawler II,Todd Duffee vs. Anthony Hamilton,Todd Duffee,118
2014-12-06,UFC 181: Hendricks vs Lawler II,Todd Duffee vs. Anthony Hamilton,Anthony Hamilton,-118
2013-02-16,UFC on FUEL TV: Barao vs McDonald,Tom Watson vs. Stanislav Nedkov,Tom Watson,147
2013-02-16,UFC on FUEL TV: Barao vs McDonald,Tom Watson vs. Stanislav Nedkov,Stanislav Nedkov,-147
2014-12-06,UFC 181: Hendricks vs Lawler II,Tony Ferguson vs. Abel Trujillo,Tony Ferguson,106
2014-12-06,UFC 181: Hendricks vs Lawler II,Tony Ferguson vs. Abel Trujillo,Abel Trujillo,-106
2014-08-30,UFC 177: Dillashaw vs Soto,Tony Ferguson vs. Danny Castillo,Tony Ferguson,115
2014-08-30,UFC 177: Dillashaw vs Soto,Tony Ferguson vs. Danny Castillo,Danny Castillo,-115
2015-02-28,UFC 184: Rousey vs Zingano,Tony Ferguson vs. Gleison Tibau,Tony Ferguson,-134
2015-02-28,UFC 184: Rousey vs Zingano,Tony Ferguson vs. Gleison Tibau,Gleison Tibau,134
2014-05-24,UFC 173: Barao vs Dillashaw,Tony Ferguson vs. Katsunori Kikuno,Tony Ferguson,118
2014-05-24,UFC 173: Barao vs Dillashaw,Tony Ferguson vs. Katsunori Kikuno,Katsunori Kikuno,-118
2013-10-19,UFC 166: Velasquez vs Dos Santos 3,Tony Ferguson vs. Mike Rio,Tony Ferguson,-108
2013-10-19,UFC 166: Velasquez vs Dos Santos 3,Tony Ferguson vs. Mike Rio,Mike Rio,108
2014-10-04,UFC Fight Night: Nelson vs Story,Tor Troeng vs. Krzysztof Jotko,Tor Troeng,125
2014-10-04,UFC Fight Night: Nelson vs Story,Tor Troeng vs. Krzysztof Jotko,Krzysztof Jotko,-125
2014-07-19,UFC Fight Night: McGregor vs Brandao,Tor Troeng vs. Trevor Smith,Tor Troeng,104
2014-07-19,UFC Fight Night: McGregor vs Brandao,Tor Troeng vs. Trevor Smith,Trevor Smith,-104
2015-05-23,UFC 187: Johnson vs Cormier,Travis Browne vs. Andrei Arlovski,Travis Browne,131
2015-05-23,UFC 187: Johnson vs Cormier,Travis Browne vs. Andrei Arlovski,Andrei Arlovski,-131
2014-12-06,UFC 181: Hendricks vs Lawler II,Travis Browne vs. Brendan Schaub,Travis Browne,175
2014-12-06,UFC 181: Hendricks vs Lawler II,Travis Browne vs. Brendan Schaub,Brendan Schaub,-175
2013-04-13,The Ultimate Fighter: Team Jones vs. Team Sonnen Finale,Travis Browne vs. Gabriel Gonzaga,Travis Browne,144
2013-04-13,The Ultimate Fighter: Team Jones vs. Team Sonnen Finale,Travis Browne vs. Gabriel Gonzaga,Gabriel Gonzaga,-144
2014-01-15,UFC Fight Night: Rockhold vs Philippou,Trevor Smith vs. Brian Houston,Trevor Smith,-137
2014-01-15,UFC Fight Night: Rockhold vs Philippou,Trevor Smith vs. Brian Houston,Brian Houston,137
2014-08-23,UFC Fight Night: Bisping vs Le,Tyron Woodley vs. Dong Hyun Kim,Tyron Woodley,135
2014-08-23,UFC Fight Night: Bisping vs Le,Tyron Woodley vs. Dong Hyun Kim,Dong Hyun Kim,-135
2015-01-31,UFC 183: Silva vs Diaz,Tyron Woodley vs. Kelvin Gastelum,Tyron Woodley,162
2015-01-31,UFC 183: Silva vs Diaz,Tyron Woodley vs. Kelvin Gastelum,Kelvin Gastelum,-162
2013-08-17,UFC Fight Night: Shogun vs Sonnen,Uriah Hall vs. John Howard,Uriah Hall,-111
2013-08-17,UFC Fight Night: Shogun vs Sonnen,Uriah Hall vs. John Howard,John Howard,111
2015-05-23,UFC 187: Johnson vs Cormier,Uriah Hall vs. Rafael Natal,Uriah Hall,122
2015-05-23,UFC 187: Johnson vs Cormier,Uriah Hall vs. Rafael Natal,Rafael Natal,-122
2014-07-05,UFC 175: Weidman vs Machida,Uriah Hall vs. Thiago Santos,Uriah Hall,-133
2014-07-05,UFC 175: Weidman vs Machida,Uriah Hall vs. Thiago Santos,Thiago Santos,133
2014-07-05,UFC 175: Weidman vs Machida,Urijah Faber vs. Alex Caceres,Urijah Faber,140
2014-07-05,UFC 175: Weidman vs Machida,Urijah Faber vs. Alex Caceres,Alex Caceres,-140
2014-12-06,UFC 181: Hendricks vs Lawler II,Urijah Faber vs. Francisco Rivera,Urijah Faber,103
2014-12-06,UFC 181: Hendricks vs Lawler II,Urijah Faber vs. Francisco Rivera,Francisco Rivera,-103
2013-08-17,UFC Fight Night: Shogun vs Sonnen,Urijah Faber vs. Iuri Alcantara,Urijah Faber,-109
2013-08-17,UFC Fight Night: Shogun vs Sonnen,Urijah Faber vs. Iuri Alcantara,Iuri Alcantara,109
2013-02-23,UFC 157: Rousey vs Carmouche,Urijah Faber vs. Ivan Menjivar,Urijah Faber,-103
2013-02-23,UFC 157: Rousey vs Carmouche,Urijah Faber vs. Ivan Menjivar,Ivan Menjivar,103
2013-12-14,UFC on FOX: Johnson vs. Benavidez 2,Urijah Faber vs. Michael McDonald,Urijah Faber,138
2013-12-14,UFC on FOX: Johnson vs. Benavidez 2,Urijah Faber vs. Michael McDonald,Michael McDonald,-138
2013-04-13,The Ultimate Fighter: Team Jones vs. Team Sonnen Finale,Urijah Faber vs. Scott Jorgensen,Urijah Faber,103
2013-04-13,The Ultimate Fighter: Team Jones vs. Team Sonnen Finale,Urijah Faber vs. Scott Jorgensen,Scott Jorgensen,-103
2014-05-31,UFC Fight Night: Munoz vs Mousasi,Vaughan Lee vs. Iuri Alcantara,Vaughan Lee,-124
2014-05-31,UFC Fight Night: Munoz vs Mousasi,Vaughan Lee vs. Iuri Alcantara,Iuri Alcantara,124
2013-02-16,UFC on FUEL TV: Barao vs McDonald,Vaughan Lee vs. Motonobu Tezuka,Vaughan Lee,-109
2013-02-16,UFC on FUEL TV: Barao vs McDonald,Vaughan Lee vs. Motonobu Tezuka,Motonobu Tezuka,109
2015-05-09,UFC Fight Night: Miocic vs Hunt,Vik Grujic vs. Brendan O'Reilly,Vik Grujic,136
2015-05-09,UFC Fight Night: Miocic vs Hunt,Vik Grujic vs. Brendan O'Reilly,Brendan O'Reilly,-136
2014-11-07,UFC Fight Night: Rockhold vs Bisping,Vik Grujic vs. Chris Clements,Vik Grujic,101
2014-11-07,UFC Fight Night: Rockhold vs Bisping,Vik Grujic vs. Chris Clements,Chris Clements,-101
2014-01-15,UFC Fight Night: Rockhold vs Philippou,Vinc Pichel vs. Garett Whiteley,Vinc Pichel,123
2014-01-15,UFC Fight Night: Rockhold vs Philippou,Vinc Pichel vs. Garett Whiteley,Garett Whiteley,-123
2013-08-03,UFC 163: Aldo vs Jung,Vinny Magalhaes vs. Anthony Perosh,Vinny Magalhaes,-141
2013-08-03,UFC 163: Aldo vs Jung,Vinny Magalhaes vs. Anthony Perosh,Anthony Perosh,141
2014-02-15,UFC Fight Night: Machida vs Mousasi,Viscardi Andrade vs. Nicholas Musoke,Viscardi Andrade,-171
2014-02-15,UFC Fight Night: Machida vs Mousasi,Viscardi Andrade vs. Nicholas Musoke,Nicholas Musoke,171
2013-11-09,UFC Fight Night: Belfort vs Henderson 2,Vitor Belfort vs. Dan Henderson,Vitor Belfort,-175
2013-11-09,UFC Fight Night: Belfort vs Henderson 2,Vitor Belfort vs. Dan Henderson,Dan Henderson,175
2013-01-19,UFC on FX: Belfort vs Bisping,Vitor Belfort vs. Michael Bisping,Vitor Belfort,131
2013-01-19,UFC on FX: Belfort vs Bisping,Vitor Belfort vs. Michael Bisping,Michael Bisping,-131
2014-11-08,UFC Fight Night 56: Shogun vs Saint Preux,Wagner Silva vs. Colby Covington,Wagner Silva,386
2014-11-08,UFC Fight Night 56: Shogun vs Saint Preux,Wagner Silva vs. Colby Covington,Colby Covington,-386
2014-01-25,UFC on FOX: Henderson vs Thomson,Walt Harris vs. Nikita Krylov,Walt Harris,147
2014-01-25,UFC on FOX: Henderson vs Thomson,Walt Harris vs. Nikita Krylov,Nikita Krylov,-147
2013-03-02,UFC on FUEL TV: Silva vs. Stann,Wanderlei Silva vs. Brian Stann,Wanderlei Silva,130
2013-03-02,UFC on FUEL TV: Silva vs. Stann,Wanderlei Silva vs. Brian Stann,Brian Stann,-130
2014-11-08,UFC Fight Night 56: Shogun vs Saint Preux,Warlley Alves vs. Alan Jouban,Warlley Alves,-226
2014-11-08,UFC Fight Night 56: Shogun vs Saint Preux,Warlley Alves vs. Alan Jouban,Alan Jouban,226
2014-03-15,UFC 171: Hendricks vs Lawler,Will Campuzano vs. Justin Scoggins,Will Campuzano,346
2014-03-15,UFC 171: Hendricks vs Lawler,Will Campuzano vs. Justin Scoggins,Justin Scoggins,-346
2013-12-28,UFC 168: Weidman vs Silva 2,William Macario vs. Bobby Voelker,William Macario,-203
2013-12-28,UFC 168: Weidman vs Silva 2,William Macario vs. Bobby Voelker,Bobby Voelker,203
2015-02-22,UFC Fight Night: Bigfoot vs Mir,William Macario vs. Matt Dwyer,William Macario,-196
2015-02-22,UFC Fight Night: Bigfoot vs Mir,William Macario vs. Matt Dwyer,Matt Dwyer,196
2014-10-25,UFC 179: Aldo vs Mendes 2,William Macario vs. Neil Magny,William Macario,-148
2014-10-25,UFC 179: Aldo vs Mendes 2,William Macario vs. Neil Magny,Neil Magny,148
2015-06-13,UFC 188: Velasquez vs Werdum,Yair Rodriguez vs. Charles Rosa,Yair Rodriguez,-141
2015-06-13,UFC 188: Velasquez vs Werdum,Yair Rodriguez vs. Charles Rosa,Charles Rosa,141
2014-10-25,UFC 179: Aldo vs Mendes 2,Yan Cabral vs. Naoyuki Kotani,Yan Cabral,-164
2014-10-25,UFC 179: Aldo vs Mendes 2,Yan Cabral vs. Naoyuki Kotani,Naoyuki Kotani,164
2014-05-10,UFC Fight Night: Brown vs Silva,Yan Cabral vs. Zak Cummings,Yan Cabral,-126
2014-05-10,UFC Fight Night: Brown vs Silva,Yan Cabral vs. Zak Cummings,Zak Cummings,126
2014-06-07,UFC Fight Night: Henderson vs Khabilov,Yaotzin Meza vs. Sergio Pettis,Yaotzin Meza,200
2014-06-07,UFC Fight Night: Henderson vs Khabilov,Yaotzin Meza vs. Sergio Pettis,Sergio Pettis,-200
2014-01-15,UFC Fight Night: Rockhold vs Philippou,Yoel Romero vs. Derek Brunson,Yoel Romero,121
2014-01-15,UFC Fight Night: Rockhold vs Philippou,Yoel Romero vs. Derek Brunson,Derek Brunson,-121
2014-09-20,UFC Fight Night: Hunt vs Nelson,Yoshihiro Akiyama vs. Amir Sadollah,Yoshihiro Akiyama,135
2014-09-20,UFC Fight Night: Hunt vs Nelson,Yoshihiro Akiyama vs. Amir Sadollah,Amir Sadollah,-135
2013-09-04,UFC Fight Night: Teixeira vs Bader,Yuri Villefort vs. Sean Spencer,Yuri Villefort,-150
2013-09-04,UFC Fight Night: Teixeira vs Bader,Yuri Villefort vs. Sean Spencer,Sean Spencer,150
2012-12-29,UFC 155: Dos Santos vs Velasquez II,Yushin Okami vs. Alan Belcher,Yushin Okami,-127
2012-12-29,UFC 155: Dos Santos vs Velasquez II,Yushin Okami vs. Alan Belcher,Alan Belcher,127
2013-03-02,UFC on FUEL TV: Silva vs. Stann,Yushin Okami vs. Hector Lombard,Yushin Okami,-168
2013-03-02,UFC on FUEL TV: Silva vs. Stann,Yushin Okami vs. Hector Lombard,Hector Lombard,168
2013-09-04,UFC Fight Night: Teixeira vs Bader,Yushin Okami vs. Jacare Souza,Yushin Okami,137
2013-09-04,UFC Fight Night: Teixeira vs Bader,Yushin Okami vs. Jacare Souza,Jacare Souza,-137
2014-11-22,UFC Fight Night: Edgar vs Swanson,Yves Edwards vs. Akbarh Arreola,Yves Edwards,-123
2014-11-22,UFC Fight Night: Edgar vs Swanson,Yves Edwards vs. Akbarh Arreola,Akbarh Arreola,123
2013-07-27,UFC on FOX: Johnson vs Moraga,Yves Edwards vs. Daron Cruickshank,Yves Edwards,105
2013-07-27,UFC on FOX: Johnson vs Moraga,Yves Edwards vs. Daron Cruickshank,Daron Cruickshank,-105
2014-06-07,UFC Fight Night: Henderson vs Khabilov,Yves Edwards vs. Piotr Hallmann,Yves Edwards,111
2014-06-07,UFC Fight Night: Henderson vs Khabilov,Yves Edwards vs. Piotr Hallmann,Piotr Hallmann,-111
2013-06-15,UFC 161: Evans vs Henderson,Yves Jabouin vs. Dustin Pague,Yves Jabouin,-119
2013-06-15,UFC 161: Evans vs Henderson,Yves Jabouin vs. Dustin Pague,Dustin Pague,119
2014-06-14,UFC 174: Johnson vs Bagautinov,Yves Jabouin vs. Mike Easton,Yves Jabouin,109
2014-06-14,UFC 174: Johnson vs Bagautinov,Yves Jabouin vs. Mike Easton,Mike Easton,-109
2015-04-25,UFC 186: Johnson vs Horiguchi,Yves Jabouin vs. Thomas Almeida,Yves Jabouin,132
2015-04-25,UFC 186: Johnson vs Horiguchi,Yves Jabouin vs. Thomas Almeida,Thomas Almeida,-132
2014-02-22,UFC 170: Rousey vs McMann,Zach Makovsky vs. Josh Sampo,Zach Makovsky,113
2014-02-22,UFC 170: Rousey vs McMann,Zach Makovsky vs. Josh Sampo,Josh Sampo,-113
2015-02-14,UFC Fight Night: Henderson vs Thatch,Zach Makovsky vs. Tim Elliott,Zach Makovsky,128
2015-02-14,UFC Fight Night: Henderson vs Thatch,Zach Makovsky vs. Tim Elliott,Tim Elliott,-128
2015-01-18,UFC Fight Night: McGregor vs Siver,Zhang Lipeng vs. Chris Wade,Zhang Lipeng,251
2015-01-18,UFC Fight Night: McGregor vs Siver,Zhang Lipeng vs. Chris Wade,Chris Wade,-251
2015-05-16,UFC Fight Night: Edgar vs Faber,Zhang Lipeng vs. Kajan Johnson,Zhang Lipeng,103
2015-05-16,UFC Fight Night: Edgar vs Faber,Zhang Lipeng vs. Kajan Johnson,Kajan Johnson,-103
2014-10-04,UFC Fight Night: Nelson vs Story,Zubaira Tukhugov vs. Ernest Chavez,Zubaira Tukhugov,-177
2014-10-04,UFC Fight Night: Nelson vs Story,Zubaira Tukhugov vs. Ernest Chavez,Ernest Chavez,177
