DATE,EVENT,BOUT,FIGHTER,odds
2017-05-28,UFC Fight Night: Gustafsson vs. Teixeira,Abdul Razak Alhassan vs. Omari Akhmedov,Abdul Razak Alhassan,-102
2017-05-28,UFC Fight Night: Gustafsson vs. Teixeira,Abdul Razak Alhassan vs. Omari Akhmedov,Omari Akhmedov,102
2017-02-04,UFC Fight Night: Bermudez vs. The Korean Zombie,Abel Trujillo vs. James Vick,Abel Trujillo,107
2017-02-04,UFC Fight Night: Bermudez vs. The Korean Zombie,Abel Trujillo vs. James Vick,James Vick,-107
2016-01-02,UFC 195: Lawler vs Condit,Abel Trujillo vs. Tony Sims,Abel Trujillo,131
2016-01-02,UFC 195: Lawler vs Condit,Abel Trujillo vs. Tony Sims,Tony Sims,-131
2015-10-03,UFC 192: Cormier vs Gustafsson,Adriano Martins vs. Islam Makhachev,Adriano Martins,200
2015-10-03,UFC 192: Cormier vs Gustafsson,Adriano Martins vs. Islam Makhachev,Islam Makhachev,-200
2017-04-22,UFC Fight Night: Swanson vs. Lobov,Al Iaquinta vs. Diego Sanchez,Al Iaquinta,-182
2017-04-22,UFC Fight Night: Swanson vs. Lobov,Al Iaquinta vs. Diego Sanchez,Diego Sanchez,182
2015-10-03,UFC 192: Cormier vs Gustafsson,Alan Jouban vs. Albert Tumenov,Alan Jouban,117
2015-10-03,UFC 192: Cormier vs Gustafsson,Alan Jouban vs. Albert Tumenov,Albert Tumenov,-117
2015-07-15,UFC Fight Night: Mir vs Duffee,Alan Jouban vs. Matt Dwyer,Alan Jouban,115
2015-07-15,UFC Fight Night: Mir vs Duffee,Alan Jouban vs. Matt Dwyer,Matt Dwyer,-115
2016-12-17,UFC on FOX: VanZant vs. Waterson,Alan Jouban vs. Mike Perry,Alan Jouban,111
2016-12-17,UFC on FOX: VanZant vs. Waterson,Alan Jouban vs. Mike Perry,Mike Perry,-111
2017-08-05,UFC Fight Night: Pettis vs. Moreno,Alan Jouban vs. Niko Price,Alan Jouban,-117
2017-08-05,UFC Fight Night: Pettis vs. Moreno,Alan Jouban vs. Niko Price,Niko Price,117
2016-09-24,UFC Fight Night: Cyborg vs. Lansberg,Alan Patrick vs. Stevie Ray,Alan Patrick,126
2016-09-24,UFC Fight Night: Cyborg vs. Lansberg,Alan Patrick vs. Stevie Ray,Stevie Ray,-126
2016-05-08,UFC Fight Night: Overeem vs Arlovski,Albert Tumenov vs. Gunnar Nelson,Albert Tumenov,-156
2016-05-08,UFC Fight Night: Overeem vs Arlovski,Albert Tumenov vs. Gunnar Nelson,Gunnar Nelson,156
2017-08-05,UFC Fight Night: Pettis vs. Moreno,Alejandro Perez vs. Andre Soukhamthath,Alejandro Perez,-114
2017-08-05,UFC Fight Night: Pettis vs. Moreno,Alejandro Perez vs. Andre Soukhamthath,Andre Soukhamthath,114
2015-06-13,UFC 188: Velasquez vs Werdum,Alejandro Perez vs. Patrick Williams,Alejandro Perez,-107
2015-06-13,UFC 188: Velasquez vs Werdum,Alejandro Perez vs. Patrick Williams,Patrick Williams,107
2015-11-21,UFC Fight Night: Magny vs Gastelum,Alejandro Perez vs. Scott Jorgensen,Alejandro Perez,-127
2015-11-21,UFC Fight Night: Magny vs Gastelum,Alejandro Perez vs. Scott Jorgensen,Scott Jorgensen,127
2016-07-13,UFC Fight Night: McDonald vs. Lineker,Aleksei Oleinik vs. Daniel Omielanczuk,Aleksei Oleinik,-104
2016-07-13,UFC Fight Night: McDonald vs. Lineker,Aleksei Oleinik vs. Daniel Omielanczuk,Daniel Omielanczuk,104
2017-01-15,UFC Fight Night: Rodriguez vs. Penn,Aleksei Oleinik vs. Viktor Pesta,Aleksei Oleinik,146
2017-01-15,UFC Fight Night: Rodriguez vs. Penn,Aleksei Oleinik vs. Viktor Pesta,Viktor Pesta,-146
2017-01-28,UFC on FOX: Shevchenko vs. Pena,Alex Caceres vs. Jason Knight,Alex Caceres,-104
2017-01-28,UFC on FOX: Shevchenko vs. Pena,Alex Caceres vs. Jason Knight,Jason Knight,104
2016-01-30,UFC on FOX: Johnson vs. Bader,Alex Caceres vs. Masio Fullen,Alex Caceres,-123
2016-01-30,UFC on FOX: Johnson vs. Bader,Alex Caceres vs. Masio Fullen,Masio Fullen,123
2016-02-21,UFC Fight Night: Cowboy vs Cowboy,Alex Garcia vs. Sean Strickland,Alex Garcia,-100
2016-02-21,UFC Fight Night: Cowboy vs Cowboy,Alex Garcia vs. Sean Strickland,Sean Strickland,100
2016-07-23,UFC on FOX: Holm vs. Shevchenko,Alex Oliveira vs. James Moontasri,Alex Oliveira,-124
2016-07-23,UFC on FOX: Holm vs. Shevchenko,Alex Oliveira vs. James Moontasri,James Moontasri,124
2015-11-07,UFC Fight Night: Belfort vs Henderson 3,Alex Oliveira vs. Piotr Hallmann,Alex Oliveira,119
2015-11-07,UFC Fight Night: Belfort vs Henderson 3,Alex Oliveira vs. Piotr Hallmann,Piotr Hallmann,-119
2017-03-11,UFC Fight Night: Belfort vs. Gastelum,Alex Oliveira vs. Tim Means,Alex Oliveira,107
2017-03-11,UFC Fight Night: Belfort vs. Gastelum,Alex Oliveira vs. Tim Means,Tim Means,-107
2017-05-28,UFC Fight Night: Gustafsson vs. Teixeira,Alexander Gustafsson vs. Glover Teixeira,Alexander Gustafsson,-105
2017-05-28,UFC Fight Night: Gustafsson vs. Teixeira,Alexander Gustafsson vs. Glover Teixeira,Glover Teixeira,105
2016-09-03,UFC Fight Night: Arlovski vs. Barnett,Alexander Gustafsson vs. Jan Blachowicz,Alexander Gustafsson,-110
2016-09-03,UFC Fight Night: Arlovski vs. Barnett,Alexander Gustafsson vs. Jan Blachowicz,Jan Blachowicz,110
2017-06-10,UFC Fight Night: Lewis vs. Hunt,Alexander Volkanovski vs. Mizuto Hirota,Alexander Volkanovski,-198
2017-06-10,UFC Fight Night: Lewis vs. Hunt,Alexander Volkanovski vs. Mizuto Hirota,Mizuto Hirota,198
2017-04-15,UFC on FOX: Johnson vs. Reis,Alexander Volkov vs. Roy Nelson,Alexander Volkov,-182
2017-04-15,UFC on FOX: Johnson vs. Reis,Alexander Volkov vs. Roy Nelson,Roy Nelson,182
2017-09-02,UFC Fight Night: Volkov vs. Struve,Alexander Volkov vs. Stefan Struve,Alexander Volkov,-113
2017-09-02,UFC Fight Night: Volkov vs. Struve,Alexander Volkov vs. Stefan Struve,Stefan Struve,113
2017-07-16,UFC Fight Night: Nelson vs. Ponzinibbio,Alexandre Pantoja vs. Neil Seery,Alexandre Pantoja,-127
2017-07-16,UFC Fight Night: Nelson vs. Ponzinibbio,Alexandre Pantoja vs. Neil Seery,Neil Seery,127
2016-06-18,UFC Fight Night: MacDonald vs Thompson,Ali Bagautinov vs. Geane Herrera,Ali Bagautinov,-100
2016-06-18,UFC Fight Night: MacDonald vs Thompson,Ali Bagautinov vs. Geane Herrera,Geane Herrera,100
2016-05-08,UFC Fight Night: Overeem vs Arlovski,Alistair Overeem vs. Andrei Arlovski,Alistair Overeem,-128
2016-05-08,UFC Fight Night: Overeem vs Arlovski,Alistair Overeem vs. Andrei Arlovski,Andrei Arlovski,128
2017-03-04,UFC 209: Woodley vs. Thompson 2,Alistair Overeem vs. Mark Hunt,Alistair Overeem,-155
2017-03-04,UFC 209: Woodley vs. Thompson 2,Alistair Overeem vs. Mark Hunt,Mark Hunt,155
2017-08-05,UFC Fight Night: Pettis vs. Moreno,Alvaro Herrera Mendoza vs. Jordan Rinaldi,Alvaro Herrera Mendoza,-105
2017-08-05,UFC Fight Night: Pettis vs. Moreno,Alvaro Herrera Mendoza vs. Jordan Rinaldi,Jordan Rinaldi,105
2017-02-11,UFC 208: Holm vs. De Randamie,Anderson Silva vs. Derek Brunson,Anderson Silva,-105
2017-02-11,UFC 208: Holm vs. De Randamie,Anderson Silva vs. Derek Brunson,Derek Brunson,105
2016-02-27,UFC Fight Night: Silva vs Bisping,Anderson Silva vs. Michael Bisping,Anderson Silva,-121
2016-02-27,UFC Fight Night: Silva vs Bisping,Anderson Silva vs. Michael Bisping,Michael Bisping,121
2017-01-28,UFC on FOX: Shevchenko vs. Pena,Andrei Arlovski vs. Francis Ngannou,Andrei Arlovski,139
2017-01-28,UFC on FOX: Shevchenko vs. Pena,Andrei Arlovski vs. Francis Ngannou,Francis Ngannou,-139
2015-09-05,UFC 191: Johnson vs Dodson 2,Andrei Arlovski vs. Frank Mir,Andrei Arlovski,-157
2015-09-05,UFC 191: Johnson vs Dodson 2,Andrei Arlovski vs. Frank Mir,Frank Mir,157
2016-09-03,UFC Fight Night: Arlovski vs. Barnett,Andrei Arlovski vs. Josh Barnett,Andrei Arlovski,-101
2016-09-03,UFC Fight Night: Arlovski vs. Barnett,Andrei Arlovski vs. Josh Barnett,Josh Barnett,101
2017-06-17,UFC Fight Night: Holm vs. Correia,Andrei Arlovski vs. Marcin Tybura,Andrei Arlovski,160
2017-06-17,UFC Fight Night: Holm vs. Correia,Andrei Arlovski vs. Marcin Tybura,Marcin Tybura,-160
2016-12-09,UFC Fight Night: Lewis vs. Abdurakhimov,Andrew Sanchez vs. Trevor Smith,Andrew Sanchez,-146
2016-12-09,UFC Fight Night: Lewis vs. Abdurakhimov,Andrew Sanchez vs. Trevor Smith,Trevor Smith,146
2016-07-07,UFC Fight Night: Dos Anjos vs. Alvarez,Anthony Birchak vs. Dileno Lopes,Anthony Birchak,-147
2016-07-07,UFC Fight Night: Dos Anjos vs. Alvarez,Anthony Birchak vs. Dileno Lopes,Dileno Lopes,147
2016-07-30,UFC 201: Lawler vs. Woodley,Anthony Hamilton vs. Damian Grabowski,Anthony Hamilton,-120
2016-07-30,UFC 201: Lawler vs. Woodley,Anthony Hamilton vs. Damian Grabowski,Damian Grabowski,120
2017-09-16,UFC Fight Night: Rockhold vs. Branch,Anthony Hamilton vs. Daniel Spitz,Anthony Hamilton,117
2017-09-16,UFC Fight Night: Rockhold vs. Branch,Anthony Hamilton vs. Daniel Spitz,Daniel Spitz,-117
2016-02-21,UFC Fight Night: Cowboy vs Cowboy,Anthony Hamilton vs. Shamil Abdurakhimov,Anthony Hamilton,-132
2016-02-21,UFC Fight Night: Cowboy vs Cowboy,Anthony Hamilton vs. Shamil Abdurakhimov,Shamil Abdurakhimov,132
2016-08-20,UFC 202: Diaz vs. McGregor 2,Anthony Johnson vs. Glover Teixeira,Anthony Johnson,-163
2016-08-20,UFC 202: Diaz vs. McGregor 2,Anthony Johnson vs. Glover Teixeira,Glover Teixeira,163
2015-09-05,UFC 191: Johnson vs Dodson 2,Anthony Johnson vs. Jimi Manuwa,Anthony Johnson,-207
2015-09-05,UFC 191: Johnson vs Dodson 2,Anthony Johnson vs. Jimi Manuwa,Jimi Manuwa,207
2016-01-30,UFC on FOX: Johnson vs. Bader,Anthony Johnson vs. Ryan Bader,Anthony Johnson,-123
2016-01-30,UFC on FOX: Johnson vs. Bader,Anthony Johnson vs. Ryan Bader,Ryan Bader,123
2015-11-14,UFC 193: Rousey vs Holm,Anthony Perosh vs. Gian Villante,Anthony Perosh,128
2015-11-14,UFC 193: Rousey vs Holm,Anthony Perosh vs. Gian Villante,Gian Villante,-128
2016-08-27,UFC on FOX: Maia vs. Condit,Anthony Pettis vs. Charles Oliveira,Anthony Pettis,109
2016-08-27,UFC on FOX: Maia vs. Condit,Anthony Pettis vs. Charles Oliveira,Charles Oliveira,-109
2016-01-17,UFC Fight Night: Dillashaw vs Cruz,Anthony Pettis vs. Eddie Alvarez,Anthony Pettis,-141
2016-01-17,UFC Fight Night: Dillashaw vs Cruz,Anthony Pettis vs. Eddie Alvarez,Eddie Alvarez,141
2016-04-23,UFC 197: Jones vs Saint Preux,Anthony Pettis vs. Edson Barboza,Anthony Pettis,-105
2016-04-23,UFC 197: Jones vs Saint Preux,Anthony Pettis vs. Edson Barboza,Edson Barboza,105
2017-07-08,UFC 213: Romero vs. Whittaker,Anthony Pettis vs. Jim Miller,Anthony Pettis,-117
2017-07-08,UFC 213: Romero vs. Whittaker,Anthony Pettis vs. Jim Miller,Jim Miller,117
2017-01-15,UFC Fight Night: Rodriguez vs. Penn,Anthony Rocco Martin vs. Alex White,Anthony Rocco Martin,114
2017-01-15,UFC Fight Night: Rodriguez vs. Penn,Anthony Rocco Martin vs. Alex White,Alex White,-114
2017-06-25,UFC Fight Night: Chiesa vs. Lee,Anthony Rocco Martin vs. Johnny Case,Anthony Rocco Martin,116
2017-06-25,UFC Fight Night: Chiesa vs. Lee,Anthony Rocco Martin vs. Johnny Case,Johnny Case,-116
2017-09-16,UFC Fight Night: Rockhold vs. Branch,Anthony Rocco Martin vs. Olivier Aubin-Mercier,Anthony Rocco Martin,129
2017-09-16,UFC Fight Night: Rockhold vs. Branch,Anthony Rocco Martin vs. Olivier Aubin-Mercier,Olivier Aubin-Mercier,-129
2017-04-15,UFC on FOX: Johnson vs. Reis,Anthony Smith vs. Andrew Sanchez,Anthony Smith,125
2017-04-15,UFC on FOX: Johnson vs. Reis,Anthony Smith vs. Andrew Sanchez,Andrew Sanchez,-125
2015-06-27,UFC Fight Night: Machida vs Romero,Antonio Carlos Junior vs. Eddie Gordon,Antonio Carlos Junior,114
2015-06-27,UFC Fight Night: Machida vs Romero,Antonio Carlos Junior vs. Eddie Gordon,Eddie Gordon,-114
2017-06-03,UFC 212: Aldo vs. Holloway,Antonio Carlos Junior vs. Eric Spicely,Antonio Carlos Junior,118
2017-06-03,UFC 212: Aldo vs. Holloway,Antonio Carlos Junior vs. Eric Spicely,Eric Spicely,-118
2016-09-17,UFC Fight Night: Poirier vs. Johnson,Antonio Carlos Junior vs. Leonardo Guimaraes,Antonio Carlos Junior,-145
2016-09-17,UFC Fight Night: Poirier vs. Johnson,Antonio Carlos Junior vs. Leonardo Guimaraes,Leonardo Guimaraes,145
2016-12-30,UFC 207: Nunes vs. Rousey,Antonio Carlos Junior vs. Marvin Vettori,Antonio Carlos Junior,129
2016-12-30,UFC 207: Nunes vs. Rousey,Antonio Carlos Junior vs. Marvin Vettori,Marvin Vettori,-129
2015-08-01,UFC 190: Rousey vs Correia,Antonio Silva vs. Soa Palelei,Antonio Silva,151
2015-08-01,UFC 190: Rousey vs Correia,Antonio Silva vs. Soa Palelei,Soa Palelei,-151
2016-05-08,UFC Fight Night: Overeem vs Arlovski,Antonio Silva vs. Stefan Struve,Antonio Silva,178
2016-05-08,UFC Fight Night: Overeem vs Arlovski,Antonio Silva vs. Stefan Struve,Stefan Struve,-178
2017-03-18,UFC Fight Night: Manuwa vs. Anderson,Arnold Allen vs. Makwan Amirkhani,Arnold Allen,108
2017-03-18,UFC Fight Night: Manuwa vs. Anderson,Arnold Allen vs. Makwan Amirkhani,Makwan Amirkhani,-108
2016-02-27,UFC Fight Night: Silva vs Bisping,Arnold Allen vs. Yaotzin Meza,Arnold Allen,-108
2016-02-27,UFC Fight Night: Silva vs Bisping,Arnold Allen vs. Yaotzin Meza,Yaotzin Meza,108
2016-02-06,UFC Fight Night: Hendricks vs Thompson,Artem Lobov vs. Alex White,Artem Lobov,132
2016-02-06,UFC Fight Night: Hendricks vs Thompson,Artem Lobov vs. Alex White,Alex White,-132
2016-11-19,UFC Fight Night: Mousasi vs. Hall 2,Artem Lobov vs. Teruto Ishihara,Artem Lobov,155
2016-11-19,UFC Fight Night: Mousasi vs. Hall 2,Artem Lobov vs. Teruto Ishihara,Teruto Ishihara,-155
2016-09-17,UFC Fight Night: Poirier vs. Johnson,Augusto Montano vs. Belal Muhammad,Augusto Montano,-113
2016-09-17,UFC Fight Night: Poirier vs. Johnson,Augusto Montano vs. Belal Muhammad,Belal Muhammad,113
2015-06-13,UFC 188: Velasquez vs Werdum,Augusto Montano vs. Cathal Pendred,Augusto Montano,106
2015-06-13,UFC 188: Velasquez vs Werdum,Augusto Montano vs. Cathal Pendred,Cathal Pendred,-106
2017-06-25,UFC Fight Night: Chiesa vs. Lee,BJ Penn vs. Dennis Siver,BJ Penn,142
2017-06-25,UFC Fight Night: Chiesa vs. Lee,BJ Penn vs. Dennis Siver,Dennis Siver,-142
2016-11-26,UFC Fight Night: Whittaker vs. Brunson,Ben Nguyen vs. Geane Herrera,Ben Nguyen,104
2016-11-26,UFC Fight Night: Whittaker vs. Brunson,Ben Nguyen vs. Geane Herrera,Geane Herrera,-104
2015-11-14,UFC 193: Rousey vs Holm,Ben Nguyen vs. Ryan Benoit,Ben Nguyen,-118
2015-11-14,UFC 193: Rousey vs Holm,Ben Nguyen vs. Ryan Benoit,Ryan Benoit,118
2016-04-10,UFC Fight Night: Rothwell vs Dos Santos,Ben Rothwell vs. Junior Dos Santos,Ben Rothwell,198
2016-04-10,UFC Fight Night: Rothwell vs Dos Santos,Ben Rothwell vs. Junior Dos Santos,Junior Dos Santos,-198
2016-06-04,UFC 199: Rockhold vs. Bisping 2,Beneil Dariush vs. James Vick,Beneil Dariush,-121
2016-06-04,UFC 199: Rockhold vs. Bisping 2,Beneil Dariush vs. James Vick,James Vick,121
2016-04-16,UFC on FOX: Teixeira vs Evans,Beneil Dariush vs. Michael Chiesa,Beneil Dariush,107
2016-04-16,UFC on FOX: Teixeira vs Evans,Beneil Dariush vs. Michael Chiesa,Michael Chiesa,-107
2016-11-05,UFC Fight Night: Dos Anjos vs. Ferguson,Beneil Dariush vs. Rashid Magomedov,Beneil Dariush,-124
2016-11-05,UFC Fight Night: Dos Anjos vs. Ferguson,Beneil Dariush vs. Rashid Magomedov,Rashid Magomedov,124
2015-11-28,UFC Fight Night: Henderson vs Masvidal,Benson Henderson vs. Jorge Masvidal,Benson Henderson,-107
2015-11-28,UFC Fight Night: Henderson vs Masvidal,Benson Henderson vs. Jorge Masvidal,Jorge Masvidal,107
2017-01-15,UFC Fight Night: Rodriguez vs. Penn,Bojan Mihajlovic vs. Joachim Christensen,Bojan Mihajlovic,114
2017-01-15,UFC Fight Night: Rodriguez vs. Penn,Bojan Mihajlovic vs. Joachim Christensen,Joachim Christensen,-114
2016-12-17,UFC on FOX: VanZant vs. Waterson,Bojan Velickovic vs. Sultan Aliev,Bojan Velickovic,-130
2016-12-17,UFC on FOX: VanZant vs. Waterson,Bojan Velickovic vs. Sultan Aliev,Sultan Aliev,130
2017-08-05,UFC Fight Night: Pettis vs. Moreno,Brad Scott vs. Jack Hermansson,Brad Scott,145
2017-08-05,UFC Fight Night: Pettis vs. Moreno,Brad Scott vs. Jack Hermansson,Jack Hermansson,-145
2016-02-27,UFC Fight Night: Silva vs Bisping,Brad Scott vs. Krzysztof Jotko,Brad Scott,115
2016-02-27,UFC Fight Night: Silva vs Bisping,Brad Scott vs. Krzysztof Jotko,Krzysztof Jotko,-115
2017-03-18,UFC Fight Night: Manuwa vs. Anderson,Brad Scott vs. Scott Askham,Brad Scott,-114
2017-03-18,UFC Fight Night: Manuwa vs. Anderson,Brad Scott vs. Scott Askham,Scott Askham,114
2016-09-10,UFC 203: Miocic vs. Overeem,Brad Tavares vs. Caio Magalhaes,Brad Tavares,-135
2016-09-10,UFC 203: Miocic vs. Overeem,Brad Tavares vs. Caio Magalhaes,Caio Magalhaes,135
2017-07-07,The Ultimate Fighter: Redemption Finale,Brad Tavares vs. Elias Theodorou,Brad Tavares,107
2017-07-07,The Ultimate Fighter: Redemption Finale,Brad Tavares vs. Elias Theodorou,Elias Theodorou,-107
2016-12-03,The Ultimate Fighter: Tournament of Champions Finale,Brandon Moreno vs. Ryan Benoit,Brandon Moreno,-206
2016-12-03,The Ultimate Fighter: Tournament of Champions Finale,Brandon Moreno vs. Ryan Benoit,Ryan Benoit,206
2016-03-05,UFC 196: McGregor vs Diaz,Brandon Thatch vs. Siyar Bahadurzada,Brandon Thatch,-141
2016-03-05,UFC 196: McGregor vs Diaz,Brandon Thatch vs. Siyar Bahadurzada,Siyar Bahadurzada,141
2016-03-19,UFC Fight Night: Hunt vs Mir,Brendan O'Reilly vs. Alan Jouban,Brendan O'Reilly,111
2016-03-19,UFC Fight Night: Hunt vs Mir,Brendan O'Reilly vs. Alan Jouban,Alan Jouban,-111
2017-07-16,UFC Fight Night: Nelson vs. Ponzinibbio,Brett Johns vs. Albert Morales,Brett Johns,-178
2017-07-16,UFC Fight Night: Nelson vs. Ponzinibbio,Brett Johns vs. Albert Morales,Albert Morales,178
2017-07-22,UFC Fight Night: Weidman vs. Gastelum,Brian Kelleher vs. Marlon Vera,Brian Kelleher,166
2017-07-22,UFC Fight Night: Weidman vs. Gastelum,Brian Kelleher vs. Marlon Vera,Marlon Vera,-166
2016-12-17,UFC on FOX: VanZant vs. Waterson,Bryan Barberena vs. Colby Covington,Bryan Barberena,149
2016-12-17,UFC on FOX: VanZant vs. Waterson,Bryan Barberena vs. Colby Covington,Colby Covington,-149
2017-04-22,UFC Fight Night: Swanson vs. Lobov,Bryan Barberena vs. Joe Proctor,Bryan Barberena,-147
2017-04-22,UFC Fight Night: Swanson vs. Lobov,Bryan Barberena vs. Joe Proctor,Joe Proctor,147
2015-12-19,UFC on FOX: Dos Anjos vs. Cowboy 2,CB Dollaway vs. Nate Marquardt,CB Dollaway,-148
2015-12-19,UFC on FOX: Dos Anjos vs. Cowboy 2,CB Dollaway vs. Nate Marquardt,Nate Marquardt,148
2015-06-13,UFC 188: Velasquez vs Werdum,Cain Velasquez vs. Fabricio Werdum,Cain Velasquez,-178
2015-06-13,UFC 188: Velasquez vs Werdum,Cain Velasquez vs. Fabricio Werdum,Fabricio Werdum,178
2016-07-09,UFC 200: Tate vs Nunes,Cain Velasquez vs. Travis Browne,Cain Velasquez,-176
2016-07-09,UFC 200: Tate vs Nunes,Cain Velasquez vs. Travis Browne,Travis Browne,176
2015-07-11,UFC 189: Mendes vs McGregor,Cathal Pendred vs. John Howard,Cathal Pendred,-141
2015-07-11,UFC 189: Mendes vs McGregor,Cathal Pendred vs. John Howard,John Howard,141
2015-10-24,UFC Fight Night: Holohan vs Smolka,Cathal Pendred vs. Tom Breese,Cathal Pendred,109
2015-10-24,UFC Fight Night: Holohan vs Smolka,Cathal Pendred vs. Tom Breese,Tom Breese,-109
2016-07-30,UFC 201: Lawler vs. Woodley,Cesar Arzamendia vs. Damien Brown,Cesar Arzamendia,-317
2016-07-30,UFC 201: Lawler vs. Woodley,Cesar Arzamendia vs. Damien Brown,Damien Brown,317
2016-07-08,The Ultimate Fighter: Team Joanna vs. Team Cláudia Finale,Cezar Ferreira vs. Anthony Smith,Cezar Ferreira,-148
2016-07-08,The Ultimate Fighter: Team Joanna vs. Team Cláudia Finale,Cezar Ferreira vs. Anthony Smith,Anthony Smith,148
2016-11-19,UFC Fight Night: Bader vs. Nogueira,Cezar Ferreira vs. Jack Hermansson,Cezar Ferreira,-102
2016-11-19,UFC Fight Night: Bader vs. Nogueira,Cezar Ferreira vs. Jack Hermansson,Jack Hermansson,102
2017-07-08,UFC 213: Romero vs. Whittaker,Chad Laprise vs. Brian Camozzi,Chad Laprise,-153
2017-07-08,UFC 213: Romero vs. Whittaker,Chad Laprise vs. Brian Camozzi,Brian Camozzi,153
2015-08-23,UFC Fight Night: Holloway vs Oliveira,Chad Laprise vs. Francisco Trinaldo,Chad Laprise,100
2015-08-23,UFC Fight Night: Holloway vs Oliveira,Chad Laprise vs. Francisco Trinaldo,Francisco Trinaldo,-100
2016-08-27,UFC on FOX: Maia vs. Condit,Chad Laprise vs. Thibault Gouti,Chad Laprise,-168
2016-08-27,UFC on FOX: Maia vs. Condit,Chad Laprise vs. Thibault Gouti,Thibault Gouti,168
2015-07-11,UFC 189: Mendes vs McGregor,Chad Mendes vs. Conor McGregor,Chad Mendes,-108
2015-07-11,UFC 189: Mendes vs McGregor,Chad Mendes vs. Conor McGregor,Conor McGregor,108
2015-12-19,UFC on FOX: Dos Anjos vs. Cowboy 2,Charles Oliveira vs. Myles Jury,Charles Oliveira,115
2015-12-19,UFC on FOX: Dos Anjos vs. Cowboy 2,Charles Oliveira vs. Myles Jury,Myles Jury,-115
2017-02-04,UFC Fight Night: Bermudez vs. The Korean Zombie,Chas Skelly vs. Chris Gruetzemacher,Chas Skelly,-111
2017-02-04,UFC Fight Night: Bermudez vs. The Korean Zombie,Chas Skelly vs. Chris Gruetzemacher,Chris Gruetzemacher,111
2017-05-13,UFC 211: Miocic vs. Dos Santos,Chas Skelly vs. Jason Knight,Chas Skelly,165
2017-05-13,UFC 211: Miocic vs. Dos Santos,Chas Skelly vs. Jason Knight,Jason Knight,-165
2016-09-17,UFC Fight Night: Poirier vs. Johnson,Chas Skelly vs. Maximo Blanco,Chas Skelly,144
2016-09-17,UFC Fight Night: Poirier vs. Johnson,Chas Skelly vs. Maximo Blanco,Maximo Blanco,-144
2016-06-18,UFC Fight Night: MacDonald vs Thompson,Chris Beal vs. Joe Soto,Chris Beal,-105
2016-06-18,UFC Fight Night: MacDonald vs Thompson,Chris Beal vs. Joe Soto,Joe Soto,105
2016-02-21,UFC Fight Night: Cowboy vs Cowboy,Chris Camozzi vs. Joe Riggs,Chris Camozzi,-121
2016-02-21,UFC Fight Night: Cowboy vs Cowboy,Chris Camozzi vs. Joe Riggs,Joe Riggs,121
2015-08-08,UFC Fight Night: Teixeira vs Saint Preux,Chris Camozzi vs. Tom Watson,Chris Camozzi,-163
2015-08-08,UFC Fight Night: Teixeira vs Saint Preux,Chris Camozzi vs. Tom Watson,Tom Watson,163
2016-05-29,UFC Fight Night: Almeida vs Garbrandt,Chris Camozzi vs. Vitor Miranda,Chris Camozzi,-121
2016-05-29,UFC Fight Night: Almeida vs Garbrandt,Chris Camozzi vs. Vitor Miranda,Vitor Miranda,121
2015-10-03,UFC 192: Cormier vs Gustafsson,Chris Cariaso vs. Sergio Pettis,Chris Cariaso,129
2015-10-03,UFC 192: Cormier vs Gustafsson,Chris Cariaso vs. Sergio Pettis,Sergio Pettis,-129
2015-08-23,UFC Fight Night: Holloway vs Oliveira,Chris Kelades vs. Chris Beal,Chris Kelades,142
2015-08-23,UFC Fight Night: Holloway vs Oliveira,Chris Kelades vs. Chris Beal,Chris Beal,-142
2016-09-17,UFC Fight Night: Poirier vs. Johnson,Chris Wade vs. Islam Makhachev,Chris Wade,152
2016-09-17,UFC Fight Night: Poirier vs. Johnson,Chris Wade vs. Islam Makhachev,Islam Makhachev,-152
2015-09-05,UFC 191: Johnson vs Dodson 2,Clay Collard vs. Tiago dos Santos e Silva,Clay Collard,-133
2015-09-05,UFC 191: Johnson vs Dodson 2,Clay Collard vs. Tiago dos Santos e Silva,Tiago dos Santos e Silva,133
2017-06-25,UFC Fight Night: Chiesa vs. Lee,Clay Guida vs. Erik Koch,Clay Guida,-152
2017-06-25,UFC Fight Night: Chiesa vs. Lee,Clay Guida vs. Erik Koch,Erik Koch,152
2015-11-07,UFC Fight Night: Belfort vs Henderson 3,Clay Guida vs. Thiago Tavares,Clay Guida,135
2015-11-07,UFC Fight Night: Belfort vs Henderson 3,Clay Guida vs. Thiago Tavares,Thiago Tavares,-135
2016-10-01,UFC Fight Night: Lineker vs. Dodson,Cody East vs. Curtis Blaydes,Cody East,164
2016-10-01,UFC Fight Night: Lineker vs. Dodson,Cody East vs. Curtis Blaydes,Curtis Blaydes,-164
2015-07-11,UFC 189: Mendes vs McGregor,Cody Garbrandt vs. Henry Briones,Cody Garbrandt,-192
2015-07-11,UFC 189: Mendes vs McGregor,Cody Garbrandt vs. Henry Briones,Henry Briones,192
2016-08-20,UFC 202: Diaz vs. McGregor 2,Cody Garbrandt vs. Takeya Mizugaki,Cody Garbrandt,-147
2016-08-20,UFC 202: Diaz vs. McGregor 2,Cody Garbrandt vs. Takeya Mizugaki,Takeya Mizugaki,147
2016-06-04,UFC 199: Rockhold vs. Bisping 2,Cole Miller vs. Alex Caceres,Cole Miller,154
2016-06-04,UFC 199: Rockhold vs. Bisping 2,Cole Miller vs. Alex Caceres,Alex Caceres,-154
2016-12-17,UFC on FOX: VanZant vs. Waterson,Cole Miller vs. Mizuto Hirota,Cole Miller,-113
2016-12-17,UFC on FOX: VanZant vs. Waterson,Cole Miller vs. Mizuto Hirota,Mizuto Hirota,113
2016-03-05,UFC 196: McGregor vs Diaz,Conor McGregor vs. Nate Diaz,Conor McGregor,-147
2016-03-05,UFC 196: McGregor vs Diaz,Conor McGregor vs. Nate Diaz,Nate Diaz,147
2016-12-09,UFC Fight Night: Lewis vs. Abdurakhimov,Corey Anderson vs. Sean O'Connell,Corey Anderson,-294
2016-12-09,UFC Fight Night: Lewis vs. Abdurakhimov,Corey Anderson vs. Sean O'Connell,Sean O'Connell,294
2016-03-05,UFC 196: McGregor vs Diaz,Corey Anderson vs. Tom Lawlor,Corey Anderson,-197
2016-03-05,UFC 196: McGregor vs Diaz,Corey Anderson vs. Tom Lawlor,Tom Lawlor,197
2017-01-15,UFC Fight Night: Rodriguez vs. Penn,Court McGee vs. Ben Saunders,Court McGee,-115
2017-01-15,UFC Fight Night: Rodriguez vs. Penn,Court McGee vs. Ben Saunders,Ben Saunders,115
2016-08-06,UFC Fight Night: Rodriguez vs. Caceres,Court McGee vs. Dominique Steele,Court McGee,102
2016-08-06,UFC Fight Night: Rodriguez vs. Caceres,Court McGee vs. Dominique Steele,Dominique Steele,-102
2015-12-12,UFC 194: Aldo vs McGregor,Court McGee vs. Marcio Alexandre Junior,Court McGee,-135
2015-12-12,UFC 194: Aldo vs McGregor,Court McGee vs. Marcio Alexandre Junior,Marcio Alexandre Junior,135
2016-04-16,UFC on FOX: Teixeira vs Evans,Court McGee vs. Santiago Ponzinibbio,Court McGee,-128
2016-04-16,UFC on FOX: Teixeira vs Evans,Court McGee vs. Santiago Ponzinibbio,Santiago Ponzinibbio,128
2017-04-22,UFC Fight Night: Swanson vs. Lobov,Cub Swanson vs. Artem Lobov,Cub Swanson,-144
2017-04-22,UFC Fight Night: Swanson vs. Lobov,Cub Swanson vs. Artem Lobov,Artem Lobov,144
2016-12-10,UFC 206: Holloway vs. Pettis,Cub Swanson vs. Dooho Choi,Cub Swanson,106
2016-12-10,UFC 206: Holloway vs. Pettis,Cub Swanson vs. Dooho Choi,Dooho Choi,-106
2016-04-16,UFC on FOX: Teixeira vs Evans,Cub Swanson vs. Hacran Dias,Cub Swanson,-139
2016-04-16,UFC on FOX: Teixeira vs Evans,Cub Swanson vs. Hacran Dias,Hacran Dias,139
2016-08-06,UFC Fight Night: Rodriguez vs. Caceres,Cub Swanson vs. Tatsuya Kawajiri,Cub Swanson,-174
2016-08-06,UFC Fight Night: Rodriguez vs. Caceres,Cub Swanson vs. Tatsuya Kawajiri,Tatsuya Kawajiri,174
2017-06-17,UFC Fight Night: Holm vs. Correia,Cyril Asker vs. Walt Harris,Cyril Asker,100
2017-06-17,UFC Fight Night: Holm vs. Correia,Cyril Asker vs. Walt Harris,Walt Harris,-100
2017-07-22,UFC Fight Night: Weidman vs. Gastelum,Damian Grabowski vs. Chase Sherman,Damian Grabowski,168
2017-07-22,UFC Fight Night: Weidman vs. Gastelum,Damian Grabowski vs. Chase Sherman,Chase Sherman,-168
2016-11-26,UFC Fight Night: Whittaker vs. Brunson,Damien Brown vs. Jon Tuck,Damien Brown,-108
2016-11-26,UFC Fight Night: Whittaker vs. Brunson,Damien Brown vs. Jon Tuck,Jon Tuck,108
2017-06-10,UFC Fight Night: Lewis vs. Hunt,Damien Brown vs. Vinc Pichel,Damien Brown,147
2017-06-10,UFC Fight Night: Lewis vs. Hunt,Damien Brown vs. Vinc Pichel,Vinc Pichel,-147
2016-01-30,UFC on FOX: Johnson vs. Bader,Damon Jackson vs. Levan Makashvili,Damon Jackson,162
2016-01-30,UFC on FOX: Johnson vs. Bader,Damon Jackson vs. Levan Makashvili,Levan Makashvili,-162
2016-06-04,UFC 199: Rockhold vs. Bisping 2,Dan Henderson vs. Hector Lombard,Dan Henderson,153
2016-06-04,UFC 199: Rockhold vs. Bisping 2,Dan Henderson vs. Hector Lombard,Hector Lombard,-153
2016-11-26,UFC Fight Night: Whittaker vs. Brunson,Dan Hooker vs. Jason Knight,Dan Hooker,117
2016-11-26,UFC Fight Night: Whittaker vs. Brunson,Dan Hooker vs. Jason Knight,Jason Knight,-117
2016-03-19,UFC Fight Night: Hunt vs Mir,Dan Hooker vs. Mark Eddiva,Dan Hooker,111
2016-03-19,UFC Fight Night: Hunt vs Mir,Dan Hooker vs. Mark Eddiva,Mark Eddiva,-111
2017-06-10,UFC Fight Night: Lewis vs. Hunt,Dan Hooker vs. Ross Pearson,Dan Hooker,101
2017-06-10,UFC Fight Night: Lewis vs. Hunt,Dan Hooker vs. Ross Pearson,Ross Pearson,-101
2015-07-12,The Ultimate Fighter: American Top Team vs. Blackzilians Finale,Dan Miller vs. Trevor Smith,Dan Miller,142
2015-07-12,The Ultimate Fighter: American Top Team vs. Blackzilians Finale,Dan Miller vs. Trevor Smith,Trevor Smith,-142
2015-10-03,UFC 192: Cormier vs Gustafsson,Daniel Cormier vs. Alexander Gustafsson,Daniel Cormier,108
2015-10-03,UFC 192: Cormier vs Gustafsson,Daniel Cormier vs. Alexander Gustafsson,Alexander Gustafsson,-108
2016-07-09,UFC 200: Tate vs Nunes,Daniel Cormier vs. Anderson Silva,Daniel Cormier,122
2016-07-09,UFC 200: Tate vs Nunes,Daniel Cormier vs. Anderson Silva,Anderson Silva,-122
2017-04-08,UFC 210: Cormier vs. Johnson 2,Daniel Cormier vs. Anthony Johnson,Daniel Cormier,153
2017-04-08,UFC 210: Cormier vs. Johnson 2,Daniel Cormier vs. Anthony Johnson,Anthony Johnson,-153
2017-02-04,UFC Fight Night: Bermudez vs. The Korean Zombie,Daniel Jolly vs. Khalil Rountree Jr.,Daniel Jolly,159
2017-02-04,UFC Fight Night: Bermudez vs. The Korean Zombie,Daniel Jolly vs. Khalil Rountree Jr.,Khalil Rountree Jr.,-159
2016-03-19,UFC Fight Night: Hunt vs Mir,Daniel Kelly vs. Antonio Carlos Junior,Daniel Kelly,126
2016-03-19,UFC Fight Night: Hunt vs Mir,Daniel Kelly vs. Antonio Carlos Junior,Antonio Carlos Junior,-126
2016-11-26,UFC Fight Night: Whittaker vs. Brunson,Daniel Kelly vs. Chris Camozzi,Daniel Kelly,125
2016-11-26,UFC Fight Night: Whittaker vs. Brunson,Daniel Kelly vs. Chris Camozzi,Chris Camozzi,-125
2015-11-14,UFC 193: Rousey vs Holm,Daniel Kelly vs. Steve Montgomery,Daniel Kelly,-107
2015-11-14,UFC 193: Rousey vs Holm,Daniel Kelly vs. Steve Montgomery,Steve Montgomery,107
2017-07-08,UFC 213: Romero vs. Whittaker,Daniel Omielanczuk vs. Curtis Blaydes,Daniel Omielanczuk,142
2017-07-08,UFC 213: Romero vs. Whittaker,Daniel Omielanczuk vs. Curtis Blaydes,Curtis Blaydes,-142
2017-03-18,UFC Fight Night: Manuwa vs. Anderson,Daniel Omielanczuk vs. Timothy Johnson,Daniel Omielanczuk,112
2017-03-18,UFC Fight Night: Manuwa vs. Anderson,Daniel Omielanczuk vs. Timothy Johnson,Timothy Johnson,-112
2016-02-21,UFC Fight Night: Cowboy vs Cowboy,Daniel Sarafian vs. Oluwale Bamgbose,Daniel Sarafian,-123
2016-02-21,UFC Fight Night: Cowboy vs Cowboy,Daniel Sarafian vs. Oluwale Bamgbose,Oluwale Bamgbose,123
2017-07-16,UFC Fight Night: Nelson vs. Ponzinibbio,Danny Roberts vs. Bobby Nash,Danny Roberts,121
2017-07-16,UFC Fight Night: Nelson vs. Ponzinibbio,Danny Roberts vs. Bobby Nash,Bobby Nash,-121
2016-04-23,UFC 197: Jones vs Saint Preux,Danny Roberts vs. Dominique Steele,Danny Roberts,177
2016-04-23,UFC 197: Jones vs Saint Preux,Danny Roberts vs. Dominique Steele,Dominique Steele,-177
2016-10-08,UFC 204: Bisping vs. Henderson,Danny Roberts vs. Mike Perry,Danny Roberts,139
2016-10-08,UFC 204: Bisping vs. Henderson,Danny Roberts vs. Mike Perry,Mike Perry,-139
2015-07-25,UFC on FOX: Dillashaw vs. Barao II,Daron Cruickshank vs. James Krause,Daron Cruickshank,110
2015-07-25,UFC on FOX: Dillashaw vs. Barao II,Daron Cruickshank vs. James Krause,James Krause,-110
2015-07-12,The Ultimate Fighter: American Top Team vs. Blackzilians Finale,Darrell Montague vs. Willie Gates,Darrell Montague,-114
2015-07-12,The Ultimate Fighter: American Top Team vs. Blackzilians Finale,Darrell Montague vs. Willie Gates,Willie Gates,114
2016-03-05,UFC 196: McGregor vs Diaz,Darren Elkins vs. Chas Skelly,Darren Elkins,-131
2016-03-05,UFC 196: McGregor vs Diaz,Darren Elkins vs. Chas Skelly,Chas Skelly,131
2016-07-23,UFC on FOX: Holm vs. Shevchenko,Darren Elkins vs. Godofredo Pepey,Darren Elkins,-220
2016-07-23,UFC on FOX: Holm vs. Shevchenko,Darren Elkins vs. Godofredo Pepey,Godofredo Pepey,220
2015-10-24,UFC Fight Night: Holohan vs Smolka,Darren Elkins vs. Robert Whiteford,Darren Elkins,-107
2015-10-24,UFC Fight Night: Holohan vs Smolka,Darren Elkins vs. Robert Whiteford,Robert Whiteford,107
2017-09-02,UFC Fight Night: Volkov vs. Struve,Darren Till vs. Bojan Velickovic,Darren Till,-101
2017-09-02,UFC Fight Night: Volkov vs. Struve,Darren Till vs. Bojan Velickovic,Bojan Velickovic,101
2017-05-28,UFC Fight Night: Gustafsson vs. Teixeira,Darren Till vs. Jessin Ayari,Darren Till,119
2017-05-28,UFC Fight Night: Gustafsson vs. Teixeira,Darren Till vs. Jessin Ayari,Jessin Ayari,-119
2016-10-08,UFC 204: Bisping vs. Henderson,Davey Grant vs. Damian Stasiak,Davey Grant,-104
2016-10-08,UFC 204: Bisping vs. Henderson,Davey Grant vs. Damian Stasiak,Damian Stasiak,104
2016-02-27,UFC Fight Night: Silva vs Bisping,Davey Grant vs. Marlon Vera,Davey Grant,119
2016-02-27,UFC Fight Night: Silva vs Bisping,Davey Grant vs. Marlon Vera,Marlon Vera,-119
2016-04-23,UFC 197: Jones vs Saint Preux,Demetrious Johnson vs. Henry Cejudo,Demetrious Johnson,-168
2016-04-23,UFC 197: Jones vs Saint Preux,Demetrious Johnson vs. Henry Cejudo,Henry Cejudo,168
2015-09-05,UFC 191: Johnson vs Dodson 2,Demetrious Johnson vs. John Dodson,Demetrious Johnson,-234
2015-09-05,UFC 191: Johnson vs Dodson 2,Demetrious Johnson vs. John Dodson,John Dodson,234
2016-12-03,The Ultimate Fighter: Tournament of Champions Finale,Demetrious Johnson vs. Tim Elliott,Demetrious Johnson,-176
2016-12-03,The Ultimate Fighter: Tournament of Champions Finale,Demetrious Johnson vs. Tim Elliott,Tim Elliott,176
2017-04-15,UFC on FOX: Johnson vs. Reis,Demetrious Johnson vs. Wilson Reis,Demetrious Johnson,-182
2017-04-15,UFC on FOX: Johnson vs. Reis,Demetrious Johnson vs. Wilson Reis,Wilson Reis,182
2016-08-27,UFC on FOX: Maia vs. Condit,Demian Maia vs. Carlos Condit,Demian Maia,-124
2016-08-27,UFC on FOX: Maia vs. Condit,Demian Maia vs. Carlos Condit,Carlos Condit,124
2015-12-12,UFC 194: Aldo vs McGregor,Demian Maia vs. Gunnar Nelson,Demian Maia,-141
2015-12-12,UFC 194: Aldo vs McGregor,Demian Maia vs. Gunnar Nelson,Gunnar Nelson,141
2017-05-13,UFC 211: Miocic vs. Dos Santos,Demian Maia vs. Jorge Masvidal,Demian Maia,-111
2017-05-13,UFC 211: Miocic vs. Dos Santos,Demian Maia vs. Jorge Masvidal,Jorge Masvidal,111
2016-05-14,UFC 198: Werdum vs Miocic,Demian Maia vs. Matt Brown,Demian Maia,116
2016-05-14,UFC 198: Werdum vs Miocic,Demian Maia vs. Matt Brown,Matt Brown,-116
2015-08-01,UFC 190: Rousey vs Correia,Demian Maia vs. Neil Magny,Demian Maia,147
2015-08-01,UFC 190: Rousey vs Correia,Demian Maia vs. Neil Magny,Neil Magny,-147
2017-02-04,UFC Fight Night: Bermudez vs. The Korean Zombie,Dennis Bermudez vs. Chan Sung Jung,Dennis Bermudez,-135
2017-02-04,UFC Fight Night: Bermudez vs. The Korean Zombie,Dennis Bermudez vs. Chan Sung Jung,Chan Sung Jung,135
2017-07-22,UFC Fight Night: Weidman vs. Gastelum,Dennis Bermudez vs. Darren Elkins,Dennis Bermudez,-125
2017-07-22,UFC Fight Night: Weidman vs. Gastelum,Dennis Bermudez vs. Darren Elkins,Darren Elkins,125
2015-07-11,UFC 189: Mendes vs McGregor,Dennis Bermudez vs. Jeremy Stephens,Dennis Bermudez,-111
2015-07-11,UFC 189: Mendes vs McGregor,Dennis Bermudez vs. Jeremy Stephens,Jeremy Stephens,111
2016-08-06,UFC Fight Night: Rodriguez vs. Caceres,Dennis Bermudez vs. Rony Jason,Dennis Bermudez,-158
2016-08-06,UFC Fight Night: Rodriguez vs. Caceres,Dennis Bermudez vs. Rony Jason,Rony Jason,158
2016-02-21,UFC Fight Night: Cowboy vs Cowboy,Dennis Bermudez vs. Tatsuya Kawajiri,Dennis Bermudez,-159
2016-02-21,UFC Fight Night: Cowboy vs Cowboy,Dennis Bermudez vs. Tatsuya Kawajiri,Tatsuya Kawajiri,159
2015-06-20,UFC Fight Night: Jedrzejczyk vs Penne,Dennis Siver vs. Tatsuya Kawajiri,Dennis Siver,-161
2015-06-20,UFC Fight Night: Jedrzejczyk vs Penne,Dennis Siver vs. Tatsuya Kawajiri,Tatsuya Kawajiri,161
2017-06-10,UFC Fight Night: Lewis vs. Hunt,Derek Brunson vs. Daniel Kelly,Derek Brunson,-159
2017-06-10,UFC Fight Night: Lewis vs. Hunt,Derek Brunson vs. Daniel Kelly,Daniel Kelly,159
2016-02-21,UFC Fight Night: Cowboy vs Cowboy,Derek Brunson vs. Roan Carneiro,Derek Brunson,103
2016-02-21,UFC Fight Night: Cowboy vs Cowboy,Derek Brunson vs. Roan Carneiro,Roan Carneiro,-103
2015-08-08,UFC Fight Night: Teixeira vs Saint Preux,Derek Brunson vs. Sam Alvey,Derek Brunson,-124
2015-08-08,UFC Fight Night: Teixeira vs Saint Preux,Derek Brunson vs. Sam Alvey,Sam Alvey,124
2016-04-10,UFC Fight Night: Rothwell vs Dos Santos,Derrick Lewis vs. Gabriel Gonzaga,Derrick Lewis,105
2016-04-10,UFC Fight Night: Rothwell vs Dos Santos,Derrick Lewis vs. Gabriel Gonzaga,Gabriel Gonzaga,-105
2017-06-10,UFC Fight Night: Lewis vs. Hunt,Derrick Lewis vs. Mark Hunt,Derrick Lewis,-197
2017-06-10,UFC Fight Night: Lewis vs. Hunt,Derrick Lewis vs. Mark Hunt,Mark Hunt,197
2016-12-09,UFC Fight Night: Lewis vs. Abdurakhimov,Derrick Lewis vs. Shamil Abdurakhimov,Derrick Lewis,-131
2016-12-09,UFC Fight Night: Lewis vs. Abdurakhimov,Derrick Lewis vs. Shamil Abdurakhimov,Shamil Abdurakhimov,131
2017-02-19,UFC Fight Night: Lewis vs. Browne,Derrick Lewis vs. Travis Browne,Derrick Lewis,-157
2017-02-19,UFC Fight Night: Lewis vs. Browne,Derrick Lewis vs. Travis Browne,Travis Browne,157
2015-10-03,UFC 192: Cormier vs Gustafsson,Derrick Lewis vs. Viktor Pesta,Derrick Lewis,133
2015-10-03,UFC 192: Cormier vs Gustafsson,Derrick Lewis vs. Viktor Pesta,Viktor Pesta,-133
2017-04-15,UFC on FOX: Johnson vs. Reis,Devin Clark vs. Jake Collier,Devin Clark,108
2017-04-15,UFC on FOX: Johnson vs. Reis,Devin Clark vs. Jake Collier,Jake Collier,-108
2017-06-25,UFC Fight Night: Chiesa vs. Lee,Devin Powell vs. Darrell Horcher,Devin Powell,-127
2017-06-25,UFC Fight Night: Chiesa vs. Lee,Devin Powell vs. Darrell Horcher,Darrell Horcher,127
2017-07-07,The Ultimate Fighter: Redemption Finale,Dhiego Lima vs. Jesse Taylor,Dhiego Lima,-125
2017-07-07,The Ultimate Fighter: Redemption Finale,Dhiego Lima vs. Jesse Taylor,Jesse Taylor,125
2016-03-05,UFC 196: McGregor vs Diaz,Diego Sanchez vs. Jim Miller,Diego Sanchez,133
2016-03-05,UFC 196: McGregor vs Diaz,Diego Sanchez vs. Jim Miller,Jim Miller,-133
2016-07-09,UFC 200: Tate vs Nunes,Diego Sanchez vs. Joe Lauzon,Diego Sanchez,115
2016-07-09,UFC 200: Tate vs Nunes,Diego Sanchez vs. Joe Lauzon,Joe Lauzon,-115
2017-01-15,UFC Fight Night: Rodriguez vs. Penn,Dmitrii Smoliakov vs. Cyril Asker,Dmitrii Smoliakov,-167
2017-01-15,UFC Fight Night: Rodriguez vs. Penn,Dmitrii Smoliakov vs. Cyril Asker,Cyril Asker,167
2016-12-30,UFC 207: Nunes vs. Rousey,Dominick Cruz vs. Cody Garbrandt,Dominick Cruz,110
2016-12-30,UFC 207: Nunes vs. Rousey,Dominick Cruz vs. Cody Garbrandt,Cody Garbrandt,-110
2016-06-04,UFC 199: Rockhold vs. Bisping 2,Dominick Cruz vs. Urijah Faber,Dominick Cruz,-114
2016-06-04,UFC 199: Rockhold vs. Bisping 2,Dominick Cruz vs. Urijah Faber,Urijah Faber,114
2016-02-21,UFC Fight Night: Cowboy vs Cowboy,Donald Cerrone vs. Alex Oliveira,Donald Cerrone,110
2016-02-21,UFC Fight Night: Cowboy vs Cowboy,Donald Cerrone vs. Alex Oliveira,Alex Oliveira,-110
2017-01-28,UFC on FOX: Shevchenko vs. Pena,Donald Cerrone vs. Jorge Masvidal,Donald Cerrone,164
2017-01-28,UFC on FOX: Shevchenko vs. Pena,Donald Cerrone vs. Jorge Masvidal,Jorge Masvidal,-164
2016-12-10,UFC 206: Holloway vs. Pettis,Donald Cerrone vs. Matt Brown,Donald Cerrone,133
2016-12-10,UFC 206: Holloway vs. Pettis,Donald Cerrone vs. Matt Brown,Matt Brown,-133
2016-06-18,UFC Fight Night: MacDonald vs Thompson,Donald Cerrone vs. Patrick Cote,Donald Cerrone,-141
2016-06-18,UFC Fight Night: MacDonald vs Thompson,Donald Cerrone vs. Patrick Cote,Patrick Cote,141
2017-06-17,UFC Fight Night: Holm vs. Correia,Dong Hyun Kim vs. Colby Covington,Dong Hyun Kim,181
2017-06-17,UFC Fight Night: Holm vs. Correia,Dong Hyun Kim vs. Colby Covington,Colby Covington,-181
2015-11-28,UFC Fight Night: Henderson vs Masvidal,Dong Hyun Kim vs. Dominic Waters,Dong Hyun Kim,-117
2015-11-28,UFC Fight Night: Henderson vs Masvidal,Dong Hyun Kim vs. Dominic Waters,Dominic Waters,117
2016-12-30,UFC 207: Nunes vs. Rousey,Dong Hyun Kim vs. Tarec Saffiedine,Dong Hyun Kim,-146
2016-12-30,UFC 207: Nunes vs. Rousey,Dong Hyun Kim vs. Tarec Saffiedine,Tarec Saffiedine,146
2016-12-03,The Ultimate Fighter: Tournament of Champions Finale,Dong Hyun Ma vs. Brendan O'Reilly,Dong Hyun Ma,104
2016-12-03,The Ultimate Fighter: Tournament of Champions Finale,Dong Hyun Ma vs. Brendan O'Reilly,Brendan O'Reilly,-104
2015-11-28,UFC Fight Night: Henderson vs Masvidal,Dongi Yang vs. Jake Collier,Dongi Yang,130
2015-11-28,UFC Fight Night: Henderson vs Masvidal,Dongi Yang vs. Jake Collier,Jake Collier,-130
2015-11-28,UFC Fight Night: Henderson vs Masvidal,Dooho Choi vs. Sam Sicilia,Dooho Choi,-189
2015-11-28,UFC Fight Night: Henderson vs Masvidal,Dooho Choi vs. Sam Sicilia,Sam Sicilia,189
2016-07-08,The Ultimate Fighter: Team Joanna vs. Team Cláudia Finale,Dooho Choi vs. Thiago Tavares,Dooho Choi,112
2016-07-08,The Ultimate Fighter: Team Joanna vs. Team Cláudia Finale,Dooho Choi vs. Thiago Tavares,Thiago Tavares,-112
2017-04-22,UFC Fight Night: Swanson vs. Lobov,Dustin Ortiz vs. Brandon Moreno,Dustin Ortiz,142
2017-04-22,UFC Fight Night: Swanson vs. Lobov,Dustin Ortiz vs. Brandon Moreno,Brandon Moreno,-142
2017-08-05,UFC Fight Night: Pettis vs. Moreno,Dustin Ortiz vs. Hector Sandoval,Dustin Ortiz,111
2017-08-05,UFC Fight Night: Pettis vs. Moreno,Dustin Ortiz vs. Hector Sandoval,Hector Sandoval,-111
2015-08-08,UFC Fight Night: Teixeira vs Saint Preux,Dustin Ortiz vs. Willie Gates,Dustin Ortiz,-137
2015-08-08,UFC Fight Night: Teixeira vs Saint Preux,Dustin Ortiz vs. Willie Gates,Willie Gates,137
2016-01-30,UFC on FOX: Johnson vs. Bader,Dustin Ortiz vs. Wilson Reis,Dustin Ortiz,102
2016-01-30,UFC on FOX: Johnson vs. Bader,Dustin Ortiz vs. Wilson Reis,Wilson Reis,-102
2017-02-11,UFC 208: Holm vs. De Randamie,Dustin Poirier vs. Jim Miller,Dustin Poirier,-190
2017-02-11,UFC 208: Holm vs. De Randamie,Dustin Poirier vs. Jim Miller,Jim Miller,190
2016-01-02,UFC 195: Lawler vs Condit,Dustin Poirier vs. Joe Duffy,Dustin Poirier,-175
2016-01-02,UFC 195: Lawler vs Condit,Dustin Poirier vs. Joe Duffy,Joe Duffy,175
2016-06-04,UFC 199: Rockhold vs. Bisping 2,Dustin Poirier vs. King Green,Dustin Poirier,-173
2016-06-04,UFC 199: Rockhold vs. Bisping 2,Dustin Poirier vs. King Green,King Green,173
2016-09-17,UFC Fight Night: Poirier vs. Johnson,Dustin Poirier vs. Michael Johnson,Dustin Poirier,-161
2016-09-17,UFC Fight Night: Poirier vs. Johnson,Dustin Poirier vs. Michael Johnson,Michael Johnson,161
2017-07-07,The Ultimate Fighter: Redemption Finale,Ed Herman vs. CB Dollaway,Ed Herman,148
2017-07-07,The Ultimate Fighter: Redemption Finale,Ed Herman vs. CB Dollaway,CB Dollaway,-148
2016-11-12,UFC 205: Alvarez vs McGregor,Eddie Alvarez vs. Conor McGregor,Eddie Alvarez,134
2016-11-12,UFC 205: Alvarez vs McGregor,Eddie Alvarez vs. Conor McGregor,Conor McGregor,-134
2015-07-25,UFC on FOX: Dillashaw vs. Barao II,Eddie Wineland vs. Bryan Caraway,Eddie Wineland,103
2015-07-25,UFC on FOX: Dillashaw vs. Barao II,Eddie Wineland vs. Bryan Caraway,Bryan Caraway,-103
2016-12-17,UFC on FOX: VanZant vs. Waterson,Eddie Wineland vs. Takeya Mizugaki,Eddie Wineland,126
2016-12-17,UFC on FOX: VanZant vs. Waterson,Eddie Wineland vs. Takeya Mizugaki,Takeya Mizugaki,-126
2015-11-07,UFC Fight Night: Belfort vs Henderson 3,Edimilson Souza vs. Chas Skelly,Edimilson Souza,-102
2015-11-07,UFC Fight Night: Belfort vs Henderson 3,Edimilson Souza vs. Chas Skelly,Chas Skelly,102
2017-03-11,UFC Fight Night: Belfort vs. Gastelum,Edson Barboza vs. Beneil Dariush,Edson Barboza,123
2017-03-11,UFC Fight Night: Belfort vs. Gastelum,Edson Barboza vs. Beneil Dariush,Beneil Dariush,-123
2016-07-23,UFC on FOX: Holm vs. Shevchenko,Edson Barboza vs. Gilbert Melendez,Edson Barboza,-133
2016-07-23,UFC on FOX: Holm vs. Shevchenko,Edson Barboza vs. Gilbert Melendez,Gilbert Melendez,133
2015-07-25,UFC on FOX: Dillashaw vs. Barao II,Edson Barboza vs. Paul Felder,Edson Barboza,-114
2015-07-25,UFC on FOX: Dillashaw vs. Barao II,Edson Barboza vs. Paul Felder,Paul Felder,114
2015-12-11,The Ultimate Fighter: Team McGregor vs. Team Faber Finale,Edson Barboza vs. Tony Ferguson,Edson Barboza,134
2015-12-11,The Ultimate Fighter: Team McGregor vs. Team Faber Finale,Edson Barboza vs. Tony Ferguson,Tony Ferguson,-134
2016-04-23,UFC 197: Jones vs Saint Preux,Efrain Escudero vs. Kevin Lee,Efrain Escudero,144
2016-04-23,UFC 197: Jones vs Saint Preux,Efrain Escudero vs. Kevin Lee,Kevin Lee,-144
2015-11-21,UFC Fight Night: Magny vs Gastelum,Efrain Escudero vs. Leandro Silva,Efrain Escudero,106
2015-11-21,UFC Fight Night: Magny vs Gastelum,Efrain Escudero vs. Leandro Silva,Leandro Silva,-106
2017-02-19,UFC Fight Night: Lewis vs. Browne,Elias Theodorou vs. Cezar Ferreira,Elias Theodorou,-119
2017-02-19,UFC Fight Night: Lewis vs. Browne,Elias Theodorou vs. Cezar Ferreira,Cezar Ferreira,119
2016-06-18,UFC Fight Night: MacDonald vs Thompson,Elias Theodorou vs. Sam Alvey,Elias Theodorou,-154
2016-06-18,UFC Fight Night: MacDonald vs Thompson,Elias Theodorou vs. Sam Alvey,Sam Alvey,154
2015-12-10,UFC Fight Night: Namajunas vs. VanZant,Elias Theodorou vs. Thiago Santos,Elias Theodorou,-134
2015-12-10,UFC Fight Night: Namajunas vs. VanZant,Elias Theodorou vs. Thiago Santos,Thiago Santos,134
2016-04-16,UFC on FOX: Teixeira vs Evans,Elizeu Zaleski dos Santos vs. Omari Akhmedov,Elizeu Zaleski dos Santos,110
2016-04-16,UFC on FOX: Teixeira vs Evans,Elizeu Zaleski dos Santos vs. Omari Akhmedov,Omari Akhmedov,-110
2016-12-03,The Ultimate Fighter: Tournament of Champions Finale,Elvis Mutapcic vs. Anthony Smith,Elvis Mutapcic,125
2016-12-03,The Ultimate Fighter: Tournament of Champions Finale,Elvis Mutapcic vs. Anthony Smith,Anthony Smith,-125
2016-11-05,UFC Fight Night: Dos Anjos vs. Ferguson,Enrique Barzola vs. Chris Avila,Enrique Barzola,-151
2016-11-05,UFC Fight Night: Dos Anjos vs. Ferguson,Enrique Barzola vs. Chris Avila,Chris Avila,151
2016-08-27,UFC on FOX: Maia vs. Condit,Enrique Barzola vs. Kyle Bochniak,Enrique Barzola,-197
2016-08-27,UFC on FOX: Maia vs. Condit,Enrique Barzola vs. Kyle Bochniak,Kyle Bochniak,197
2017-01-28,UFC on FOX: Shevchenko vs. Pena,Eric Spicely vs. Alessio Di Chirico,Eric Spicely,-101
2017-01-28,UFC on FOX: Shevchenko vs. Pena,Eric Spicely vs. Alessio Di Chirico,Alessio Di Chirico,101
2016-11-05,UFC Fight Night: Dos Anjos vs. Ferguson,Erick Montano vs. Max Griffin,Erick Montano,-165
2016-11-05,UFC Fight Night: Dos Anjos vs. Ferguson,Erick Montano vs. Max Griffin,Max Griffin,165
2016-09-17,UFC Fight Night: Poirier vs. Johnson,Erick Montano vs. Randy Brown,Erick Montano,-114
2016-09-17,UFC Fight Night: Poirier vs. Johnson,Erick Montano vs. Randy Brown,Randy Brown,114
2016-09-24,UFC Fight Night: Cyborg vs. Lansberg,Erick Silva vs. Luan Chagas,Erick Silva,119
2016-09-24,UFC Fight Night: Cyborg vs. Lansberg,Erick Silva vs. Luan Chagas,Luan Chagas,-119
2016-03-05,UFC 196: McGregor vs Diaz,Erick Silva vs. Nordine Taleb,Erick Silva,149
2016-03-05,UFC 196: McGregor vs Diaz,Erick Silva vs. Nordine Taleb,Nordine Taleb,-149
2017-06-03,UFC 212: Aldo vs. Holloway,Erick Silva vs. Yancy Medeiros,Erick Silva,-140
2017-06-03,UFC 212: Aldo vs. Holloway,Erick Silva vs. Yancy Medeiros,Yancy Medeiros,140
2016-05-29,UFC Fight Night: Almeida vs Garbrandt,Erik Koch vs. Shane Campbell,Erik Koch,135
2016-05-29,UFC Fight Night: Almeida vs Garbrandt,Erik Koch vs. Shane Campbell,Shane Campbell,-135
2016-11-05,UFC Fight Night: Dos Anjos vs. Ferguson,Erik Perez vs. Felipe Arantes,Erik Perez,-157
2016-11-05,UFC Fight Night: Dos Anjos vs. Ferguson,Erik Perez vs. Felipe Arantes,Felipe Arantes,157
2015-11-21,UFC Fight Night: Magny vs Gastelum,Erik Perez vs. Taylor Lapilus,Erik Perez,-143
2015-11-21,UFC Fight Night: Magny vs Gastelum,Erik Perez vs. Taylor Lapilus,Taylor Lapilus,143
2015-11-07,UFC Fight Night: Belfort vs Henderson 3,Fabio Maldonado vs. Corey Anderson,Fabio Maldonado,192
2015-11-07,UFC Fight Night: Belfort vs Henderson 3,Fabio Maldonado vs. Corey Anderson,Corey Anderson,-192
2017-07-08,UFC 213: Romero vs. Whittaker,Fabricio Werdum vs. Alistair Overeem,Fabricio Werdum,123
2017-07-08,UFC 213: Romero vs. Whittaker,Fabricio Werdum vs. Alistair Overeem,Alistair Overeem,-123
2016-05-14,UFC 198: Werdum vs Miocic,Fabricio Werdum vs. Stipe Miocic,Fabricio Werdum,125
2016-05-14,UFC 198: Werdum vs Miocic,Fabricio Werdum vs. Stipe Miocic,Stipe Miocic,-125
2016-09-10,UFC 203: Miocic vs. Overeem,Fabricio Werdum vs. Travis Browne,Fabricio Werdum,-115
2016-09-10,UFC 203: Miocic vs. Overeem,Fabricio Werdum vs. Travis Browne,Travis Browne,115
2016-07-07,UFC Fight Night: Dos Anjos vs. Alvarez,Felipe Arantes vs. Jerrod Sanders,Felipe Arantes,-121
2016-07-07,UFC Fight Night: Dos Anjos vs. Alvarez,Felipe Arantes vs. Jerrod Sanders,Jerrod Sanders,121
2016-12-09,UFC Fight Night: Lewis vs. Abdurakhimov,Francis Ngannou vs. Anthony Hamilton,Francis Ngannou,-139
2016-12-09,UFC Fight Night: Lewis vs. Abdurakhimov,Francis Ngannou vs. Anthony Hamilton,Anthony Hamilton,139
2016-07-30,UFC 201: Lawler vs. Woodley,Francisco Rivera vs. Erik Perez,Francisco Rivera,161
2016-07-30,UFC 201: Lawler vs. Woodley,Francisco Rivera vs. Erik Perez,Erik Perez,-161
2015-09-05,UFC 191: Johnson vs Dodson 2,Francisco Rivera vs. John Lineker,Francisco Rivera,100
2015-09-05,UFC 191: Johnson vs Dodson 2,Francisco Rivera vs. John Lineker,John Lineker,-100
2015-06-13,UFC 188: Velasquez vs Werdum,Francisco Trevino vs. Johnny Case,Francisco Trevino,119
2015-06-13,UFC 188: Velasquez vs Werdum,Francisco Trevino vs. Johnny Case,Johnny Case,-119
2017-03-11,UFC Fight Night: Belfort vs. Gastelum,Francisco Trinaldo vs. Kevin Lee,Francisco Trinaldo,102
2017-03-11,UFC Fight Night: Belfort vs. Gastelum,Francisco Trinaldo vs. Kevin Lee,Kevin Lee,-102
2016-09-24,UFC Fight Night: Cyborg vs. Lansberg,Francisco Trinaldo vs. Paul Felder,Francisco Trinaldo,-143
2016-09-24,UFC Fight Night: Cyborg vs. Lansberg,Francisco Trinaldo vs. Paul Felder,Paul Felder,143
2016-05-14,UFC 198: Werdum vs Miocic,Francisco Trinaldo vs. Yancy Medeiros,Francisco Trinaldo,-135
2016-05-14,UFC 198: Werdum vs Miocic,Francisco Trinaldo vs. Yancy Medeiros,Yancy Medeiros,135
2015-07-15,UFC Fight Night: Mir vs Duffee,Frank Mir vs. Todd Duffee,Frank Mir,182
2015-07-15,UFC Fight Night: Mir vs Duffee,Frank Mir vs. Todd Duffee,Todd Duffee,-182
2015-12-11,The Ultimate Fighter: Team McGregor vs. Team Faber Finale,Frankie Edgar vs. Chad Mendes,Frankie Edgar,-109
2015-12-11,The Ultimate Fighter: Team McGregor vs. Team Faber Finale,Frankie Edgar vs. Chad Mendes,Chad Mendes,109
2016-11-12,UFC 205: Alvarez vs McGregor,Frankie Edgar vs. Jeremy Stephens,Frankie Edgar,-137
2016-11-12,UFC 205: Alvarez vs McGregor,Frankie Edgar vs. Jeremy Stephens,Jeremy Stephens,137
2017-05-13,UFC 211: Miocic vs. Dos Santos,Frankie Edgar vs. Yair Rodriguez,Frankie Edgar,-104
2017-05-13,UFC 211: Miocic vs. Dos Santos,Frankie Edgar vs. Yair Rodriguez,Yair Rodriguez,104
2017-07-22,UFC Fight Night: Weidman vs. Gastelum,Frankie Perez vs. Chris Wade,Frankie Perez,104
2017-07-22,UFC Fight Night: Weidman vs. Gastelum,Frankie Perez vs. Chris Wade,Chris Wade,-104
2016-12-09,UFC Fight Night: Lewis vs. Abdurakhimov,Frankie Perez vs. Marc Diakiese,Frankie Perez,140
2016-12-09,UFC Fight Night: Lewis vs. Abdurakhimov,Frankie Perez vs. Marc Diakiese,Marc Diakiese,-140
2017-01-15,UFC Fight Night: Rodriguez vs. Penn,Frankie Saenz vs. Augusto Mendes,Frankie Saenz,-113
2017-01-15,UFC Fight Night: Rodriguez vs. Penn,Frankie Saenz vs. Augusto Mendes,Augusto Mendes,113
2016-07-23,UFC on FOX: Holm vs. Shevchenko,Frankie Saenz vs. Eddie Wineland,Frankie Saenz,-117
2016-07-23,UFC on FOX: Holm vs. Shevchenko,Frankie Saenz vs. Eddie Wineland,Eddie Wineland,117
2015-08-08,UFC Fight Night: Teixeira vs Saint Preux,Frankie Saenz vs. Sirwan Kakai,Frankie Saenz,123
2015-08-08,UFC Fight Night: Teixeira vs Saint Preux,Frankie Saenz vs. Sirwan Kakai,Sirwan Kakai,-123
2015-11-21,UFC Fight Night: Magny vs Gastelum,Gabriel Benitez vs. Andre Fili,Gabriel Benitez,117
2015-11-21,UFC Fight Night: Magny vs Gastelum,Gabriel Benitez vs. Andre Fili,Andre Fili,-117
2015-06-13,UFC 188: Velasquez vs Werdum,Gabriel Benitez vs. Clay Collard,Gabriel Benitez,113
2015-06-13,UFC 188: Velasquez vs Werdum,Gabriel Benitez vs. Clay Collard,Clay Collard,-113
2017-05-13,UFC 211: Miocic vs. Dos Santos,Gabriel Benitez vs. Enrique Barzola,Gabriel Benitez,140
2017-05-13,UFC 211: Miocic vs. Dos Santos,Gabriel Benitez vs. Enrique Barzola,Enrique Barzola,-140
2016-09-17,UFC Fight Night: Poirier vs. Johnson,Gabriel Benitez vs. Sam Sicilia,Gabriel Benitez,-137
2016-09-17,UFC Fight Night: Poirier vs. Johnson,Gabriel Benitez vs. Sam Sicilia,Sam Sicilia,137
2015-12-11,The Ultimate Fighter: Team McGregor vs. Team Faber Finale,Gabriel Gonzaga vs. Konstantin Erokhin,Gabriel Gonzaga,-152
2015-12-11,The Ultimate Fighter: Team McGregor vs. Team Faber Finale,Gabriel Gonzaga vs. Konstantin Erokhin,Konstantin Erokhin,152
2016-08-27,UFC on FOX: Maia vs. Condit,Garreth McLellan vs. Alessio Di Chirico,Garreth McLellan,158
2016-08-27,UFC on FOX: Maia vs. Condit,Garreth McLellan vs. Alessio Di Chirico,Alessio Di Chirico,-158
2017-09-09,UFC 215: Nunes vs Shevchenko 2,Gavin Tucker vs. Ricky Glenn,Gavin Tucker,-140
2017-09-09,UFC 215: Nunes vs Shevchenko 2,Gavin Tucker vs. Ricky Glenn,Ricky Glenn,140
2016-02-27,UFC Fight Night: Silva vs Bisping,Gegard Mousasi vs. Thales Leites,Gegard Mousasi,-124
2016-02-27,UFC Fight Night: Silva vs Bisping,Gegard Mousasi vs. Thales Leites,Thales Leites,124
2016-07-09,UFC 200: Tate vs Nunes,Gegard Mousasi vs. Thiago Santos,Gegard Mousasi,104
2016-07-09,UFC 200: Tate vs Nunes,Gegard Mousasi vs. Thiago Santos,Thiago Santos,-104
2015-09-26,UFC Fight Night: Barnett vs Nelson,Gegard Mousasi vs. Uriah Hall,Gegard Mousasi,-113
2015-09-26,UFC Fight Night: Barnett vs Nelson,Gegard Mousasi vs. Uriah Hall,Uriah Hall,111
2016-11-19,UFC Fight Night: Mousasi vs. Hall 2,Gegard Mousasi vs. Uriah Hall,Gegard Mousasi,-145
2016-11-19,UFC Fight Night: Mousasi vs. Hall 2,Gegard Mousasi vs. Uriah Hall,Uriah Hall,146
2016-01-30,UFC on FOX: Johnson vs. Bader,George Sullivan vs. Alexander Yakovlev,George Sullivan,-110
2016-01-30,UFC on FOX: Johnson vs. Bader,George Sullivan vs. Alexander Yakovlev,Alexander Yakovlev,110
2017-02-19,UFC Fight Night: Lewis vs. Browne,Gerald Meerschaert vs. Ryan Janes,Gerald Meerschaert,-144
2017-02-19,UFC Fight Night: Lewis vs. Browne,Gerald Meerschaert vs. Ryan Janes,Ryan Janes,144
2016-03-05,UFC 196: McGregor vs Diaz,Gian Villante vs. Ilir Latifi,Gian Villante,125
2016-03-05,UFC 196: McGregor vs Diaz,Gian Villante vs. Ilir Latifi,Ilir Latifi,-125
2015-07-25,UFC on FOX: Dillashaw vs. Barao II,Gian Villante vs. Tom Lawlor,Gian Villante,165
2015-07-25,UFC on FOX: Dillashaw vs. Barao II,Gian Villante vs. Tom Lawlor,Tom Lawlor,-165
2016-07-07,UFC Fight Night: Dos Anjos vs. Alvarez,Gilbert Burns vs. Lukasz Sajewski,Gilbert Burns,-112
2016-07-07,UFC Fight Night: Dos Anjos vs. Alvarez,Gilbert Burns vs. Lukasz Sajewski,Lukasz Sajewski,112
2016-09-24,UFC Fight Night: Cyborg vs. Lansberg,Gilbert Burns vs. Michel Prazeres,Gilbert Burns,100
2016-09-24,UFC Fight Night: Cyborg vs. Lansberg,Gilbert Burns vs. Michel Prazeres,Michel Prazeres,-100
2015-11-07,UFC Fight Night: Belfort vs Henderson 3,Gilbert Burns vs. Rashid Magomedov,Gilbert Burns,-106
2015-11-07,UFC Fight Night: Belfort vs Henderson 3,Gilbert Burns vs. Rashid Magomedov,Rashid Magomedov,106
2015-06-13,UFC 188: Velasquez vs Werdum,Gilbert Melendez vs. Eddie Alvarez,Gilbert Melendez,-130
2015-06-13,UFC 188: Velasquez vs Werdum,Gilbert Melendez vs. Eddie Alvarez,Eddie Alvarez,130
2016-04-23,UFC 197: Jones vs Saint Preux,Glaico Franca Moreira vs. James Vick,Glaico Franca Moreira,-120
2016-04-23,UFC 197: Jones vs Saint Preux,Glaico Franca Moreira vs. James Vick,James Vick,120
2015-11-07,UFC Fight Night: Belfort vs Henderson 3,Gleison Tibau vs. Abel Trujillo,Gleison Tibau,113
2015-11-07,UFC Fight Night: Belfort vs Henderson 3,Gleison Tibau vs. Abel Trujillo,Abel Trujillo,-113
2017-02-11,UFC 208: Holm vs. De Randamie,Glover Teixeira vs. Jared Cannonier,Glover Teixeira,-109
2017-02-11,UFC 208: Holm vs. De Randamie,Glover Teixeira vs. Jared Cannonier,Jared Cannonier,109
2015-08-08,UFC Fight Night: Teixeira vs Saint Preux,Glover Teixeira vs. Ovince Saint Preux,Glover Teixeira,107
2015-08-08,UFC Fight Night: Teixeira vs Saint Preux,Glover Teixeira vs. Ovince Saint Preux,Ovince Saint Preux,-107
2015-11-07,UFC Fight Night: Belfort vs Henderson 3,Glover Teixeira vs. Patrick Cummins,Glover Teixeira,132
2015-11-07,UFC Fight Night: Belfort vs Henderson 3,Glover Teixeira vs. Patrick Cummins,Patrick Cummins,-132
2016-04-16,UFC on FOX: Teixeira vs Evans,Glover Teixeira vs. Rashad Evans,Glover Teixeira,-130
2016-04-16,UFC on FOX: Teixeira vs Evans,Glover Teixeira vs. Rashad Evans,Rashad Evans,130
2016-09-24,UFC Fight Night: Cyborg vs. Lansberg,Godofredo Pepey vs. Mike de la Torre,Godofredo Pepey,108
2016-09-24,UFC Fight Night: Cyborg vs. Lansberg,Godofredo Pepey vs. Mike de la Torre,Mike de la Torre,-108
2016-07-08,The Ultimate Fighter: Team Joanna vs. Team Cláudia Finale,Gray Maynard vs. Fernando Bruno,Gray Maynard,-127
2016-07-08,The Ultimate Fighter: Team Joanna vs. Team Cláudia Finale,Gray Maynard vs. Fernando Bruno,Fernando Bruno,127
2016-12-03,The Ultimate Fighter: Tournament of Champions Finale,Gray Maynard vs. Ryan Hall,Gray Maynard,178
2016-12-03,The Ultimate Fighter: Tournament of Champions Finale,Gray Maynard vs. Ryan Hall,Ryan Hall,-178
2017-07-07,The Ultimate Fighter: Redemption Finale,Gray Maynard vs. Teruto Ishihara,Gray Maynard,164
2017-07-07,The Ultimate Fighter: Redemption Finale,Gray Maynard vs. Teruto Ishihara,Teruto Ishihara,-164
2017-04-08,UFC 210: Cormier vs. Johnson 2,Gregor Gillespie vs. Andrew Holbrook,Gregor Gillespie,-118
2017-04-08,UFC 210: Cormier vs. Johnson 2,Gregor Gillespie vs. Andrew Holbrook,Andrew Holbrook,118
2017-09-16,UFC Fight Night: Rockhold vs. Branch,Gregor Gillespie vs. Jason Gonzalez,Gregor Gillespie,-134
2017-09-16,UFC Fight Night: Rockhold vs. Branch,Gregor Gillespie vs. Jason Gonzalez,Jason Gonzalez,134
2015-11-28,UFC Fight Night: Henderson vs Masvidal,Guangyou Ning vs. Marco Beltran,Guangyou Ning,-111
2015-11-28,UFC Fight Night: Henderson vs Masvidal,Guangyou Ning vs. Marco Beltran,Marco Beltran,111
2017-03-18,UFC Fight Night: Manuwa vs. Anderson,Gunnar Nelson vs. Alan Jouban,Gunnar Nelson,118
2017-03-18,UFC Fight Night: Manuwa vs. Anderson,Gunnar Nelson vs. Alan Jouban,Alan Jouban,-118
2015-07-11,UFC 189: Mendes vs McGregor,Gunnar Nelson vs. Brandon Thatch,Gunnar Nelson,108
2015-07-11,UFC 189: Mendes vs McGregor,Gunnar Nelson vs. Brandon Thatch,Brandon Thatch,-108
2017-07-16,UFC Fight Night: Nelson vs. Ponzinibbio,Gunnar Nelson vs. Santiago Ponzinibbio,Gunnar Nelson,131
2017-07-16,UFC Fight Night: Nelson vs. Ponzinibbio,Gunnar Nelson vs. Santiago Ponzinibbio,Santiago Ponzinibbio,-131
2016-10-01,UFC Fight Night: Lineker vs. Dodson,Hacran Dias vs. Andre Fili,Hacran Dias,175
2016-10-01,UFC Fight Night: Lineker vs. Dodson,Hacran Dias vs. Andre Fili,Andre Fili,-175
2015-06-27,UFC Fight Night: Machida vs Romero,Hacran Dias vs. Levan Makashvili,Hacran Dias,125
2015-06-27,UFC Fight Night: Machida vs Romero,Hacran Dias vs. Levan Makashvili,Levan Makashvili,-125
2015-12-19,UFC on FOX: Dos Anjos vs. Cowboy 2,Hayder Hassan vs. Vicente Luque,Hayder Hassan,148
2015-12-19,UFC on FOX: Dos Anjos vs. Cowboy 2,Hayder Hassan vs. Vicente Luque,Vicente Luque,-148
2017-09-16,UFC Fight Night: Rockhold vs. Branch,Hector Lombard vs. Anthony Smith,Hector Lombard,-107
2017-09-16,UFC Fight Night: Rockhold vs. Branch,Hector Lombard vs. Anthony Smith,Anthony Smith,107
2016-03-19,UFC Fight Night: Hunt vs Mir,Hector Lombard vs. Neil Magny,Hector Lombard,151
2016-03-19,UFC Fight Night: Hunt vs Mir,Hector Lombard vs. Neil Magny,Neil Magny,-151
2016-12-17,UFC on FOX: VanZant vs. Waterson,Hector Sandoval vs. Fredy Serrano,Hector Sandoval,133
2016-12-17,UFC on FOX: VanZant vs. Waterson,Hector Sandoval vs. Fredy Serrano,Fredy Serrano,-133
2017-04-22,UFC Fight Night: Swanson vs. Lobov,Hector Sandoval vs. Matt Schnell,Hector Sandoval,-222
2017-04-22,UFC Fight Night: Swanson vs. Lobov,Hector Sandoval vs. Matt Schnell,Matt Schnell,222
2015-11-21,UFC Fight Night: Magny vs Gastelum,Hector Urbina vs. Bartosz Fabinski,Hector Urbina,214
2015-11-21,UFC Fight Night: Magny vs Gastelum,Hector Urbina vs. Bartosz Fabinski,Bartosz Fabinski,-214
2016-11-05,UFC Fight Night: Dos Anjos vs. Ferguson,Henry Briones vs. Douglas Silva de Andrade,Henry Briones,138
2016-11-05,UFC Fight Night: Dos Anjos vs. Ferguson,Henry Briones vs. Douglas Silva de Andrade,Douglas Silva de Andrade,-138
2017-08-05,UFC Fight Night: Pettis vs. Moreno,Henry Briones vs. Rani Yahya,Henry Briones,177
2017-08-05,UFC Fight Night: Pettis vs. Moreno,Henry Briones vs. Rani Yahya,Rani Yahya,-177
2015-06-13,UFC 188: Velasquez vs Werdum,Henry Cejudo vs. Chico Camus,Henry Cejudo,-137
2015-06-13,UFC 188: Velasquez vs Werdum,Henry Cejudo vs. Chico Camus,Chico Camus,137
2017-09-09,UFC 215: Nunes vs Shevchenko 2,Henry Cejudo vs. Wilson Reis,Henry Cejudo,-112
2017-09-09,UFC 215: Nunes vs Shevchenko 2,Henry Cejudo vs. Wilson Reis,Wilson Reis,112
2015-08-01,UFC 190: Rousey vs Correia,Hugo Viana vs. Guido Cannetti,Hugo Viana,-118
2015-08-01,UFC 190: Rousey vs Correia,Hugo Viana vs. Guido Cannetti,Guido Cannetti,118
2016-04-10,UFC Fight Night: Rothwell vs Dos Santos,Ian Entwistle vs. Alejandro Perez,Ian Entwistle,170
2016-04-10,UFC Fight Night: Rothwell vs Dos Santos,Ian Entwistle vs. Alejandro Perez,Alejandro Perez,-170
2015-07-15,UFC Fight Night: Mir vs Duffee,Igor Araujo vs. Sean Strickland,Igor Araujo,199
2015-07-15,UFC Fight Night: Mir vs Duffee,Igor Araujo vs. Sean Strickland,Sean Strickland,-199
2016-04-10,UFC Fight Night: Rothwell vs Dos Santos,Igor Pokrajac vs. Jan Blachowicz,Igor Pokrajac,176
2016-04-10,UFC Fight Night: Rothwell vs Dos Santos,Igor Pokrajac vs. Jan Blachowicz,Jan Blachowicz,-176
2015-07-18,UFC Fight Night: Bisping vs Leites,Ilir Latifi vs. Hans Stringer,Ilir Latifi,149
2015-07-18,UFC Fight Night: Bisping vs Leites,Ilir Latifi vs. Hans Stringer,Hans Stringer,-149
2016-01-17,UFC Fight Night: Dillashaw vs Cruz,Ilir Latifi vs. Sean O'Connell,Ilir Latifi,-115
2016-01-17,UFC Fight Night: Dillashaw vs Cruz,Ilir Latifi vs. Sean O'Connell,Sean O'Connell,115
2017-09-09,UFC 215: Nunes vs Shevchenko 2,Ilir Latifi vs. Tyson Pedro,Ilir Latifi,155
2017-09-09,UFC 215: Nunes vs Shevchenko 2,Ilir Latifi vs. Tyson Pedro,Tyson Pedro,-155
2017-06-10,UFC Fight Night: Lewis vs. Hunt,Ion Cutelaba vs. Henrique da Silva,Ion Cutelaba,-133
2017-06-10,UFC Fight Night: Lewis vs. Hunt,Ion Cutelaba vs. Henrique da Silva,Henrique da Silva,133
2016-12-03,The Ultimate Fighter: Tournament of Champions Finale,Ion Cutelaba vs. Jared Cannonier,Ion Cutelaba,-128
2016-12-03,The Ultimate Fighter: Tournament of Champions Finale,Ion Cutelaba vs. Jared Cannonier,Jared Cannonier,128
2016-01-30,UFC on FOX: Johnson vs. Bader,Iuri Alcantara vs. Jimmie Rivera,Iuri Alcantara,-101
2016-01-30,UFC on FOX: Johnson vs. Bader,Iuri Alcantara vs. Jimmie Rivera,Jimmie Rivera,101
2015-08-01,UFC 190: Rousey vs Correia,Iuri Alcantara vs. Leandro Issa,Iuri Alcantara,116
2015-08-01,UFC 190: Rousey vs Correia,Iuri Alcantara vs. Leandro Issa,Leandro Issa,-116
2017-03-04,UFC 209: Woodley vs. Thompson 2,Iuri Alcantara vs. Luke Sanders,Iuri Alcantara,-106
2017-03-04,UFC 209: Woodley vs. Thompson 2,Iuri Alcantara vs. Luke Sanders,Luke Sanders,106
2017-04-15,UFC on FOX: Johnson vs. Reis,Jacare Souza vs. Robert Whittaker,Jacare Souza,133
2017-04-15,UFC on FOX: Johnson vs. Reis,Jacare Souza vs. Robert Whittaker,Robert Whittaker,-133
2017-02-11,UFC 208: Holm vs. De Randamie,Jacare Souza vs. Tim Boetsch,Jacare Souza,-146
2017-02-11,UFC 208: Holm vs. De Randamie,Jacare Souza vs. Tim Boetsch,Tim Boetsch,146
2016-05-14,UFC 198: Werdum vs Miocic,Jacare Souza vs. Vitor Belfort,Jacare Souza,110
2016-05-14,UFC 198: Werdum vs Miocic,Jacare Souza vs. Vitor Belfort,Vitor Belfort,-110
2015-12-12,UFC 194: Aldo vs McGregor,Jacare Souza vs. Yoel Romero,Jacare Souza,116
2015-12-12,UFC 194: Aldo vs McGregor,Jacare Souza vs. Yoel Romero,Yoel Romero,-116
2017-05-28,UFC Fight Night: Gustafsson vs. Teixeira,Jack Hermansson vs. Alex Nicholson,Jack Hermansson,-116
2017-05-28,UFC Fight Night: Gustafsson vs. Teixeira,Jack Hermansson vs. Alex Nicholson,Alex Nicholson,116
2017-07-16,UFC Fight Night: Nelson vs. Ponzinibbio,Jack Marshman vs. Ryan Janes,Jack Marshman,-110
2017-07-16,UFC Fight Night: Nelson vs. Ponzinibbio,Jack Marshman vs. Ryan Janes,Ryan Janes,110
2017-02-19,UFC Fight Night: Lewis vs. Browne,Jack Marshman vs. Thiago Santos,Jack Marshman,107
2017-02-19,UFC Fight Night: Lewis vs. Browne,Jack Marshman vs. Thiago Santos,Thiago Santos,-107
2016-12-03,The Ultimate Fighter: Tournament of Champions Finale,Jake Ellenberger vs. Jorge Masvidal,Jake Ellenberger,130
2016-12-03,The Ultimate Fighter: Tournament of Champions Finale,Jake Ellenberger vs. Jorge Masvidal,Jorge Masvidal,-130
2017-04-22,UFC Fight Night: Swanson vs. Lobov,Jake Ellenberger vs. Mike Perry,Jake Ellenberger,107
2017-04-22,UFC Fight Night: Swanson vs. Lobov,Jake Ellenberger vs. Mike Perry,Mike Perry,-107
2015-07-12,The Ultimate Fighter: American Top Team vs. Blackzilians Finale,Jake Ellenberger vs. Stephen Thompson,Jake Ellenberger,-108
2015-07-12,The Ultimate Fighter: American Top Team vs. Blackzilians Finale,Jake Ellenberger vs. Stephen Thompson,Stephen Thompson,108
2015-11-14,UFC 193: Rousey vs Holm,Jake Matthews vs. Akbarh Arreola,Jake Matthews,-170
2015-11-14,UFC 193: Rousey vs Holm,Jake Matthews vs. Akbarh Arreola,Akbarh Arreola,170
2016-11-26,UFC Fight Night: Whittaker vs. Brunson,Jake Matthews vs. Andrew Holbrook,Jake Matthews,-190
2016-11-26,UFC Fight Night: Whittaker vs. Brunson,Jake Matthews vs. Andrew Holbrook,Andrew Holbrook,190
2016-03-19,UFC Fight Night: Hunt vs Mir,Jake Matthews vs. Johnny Case,Jake Matthews,-116
2016-03-19,UFC Fight Night: Hunt vs Mir,Jake Matthews vs. Johnny Case,Johnny Case,116
2016-07-08,The Ultimate Fighter: Team Joanna vs. Team Cláudia Finale,Jake Matthews vs. Kevin Lee,Jake Matthews,-133
2016-07-08,The Ultimate Fighter: Team Joanna vs. Team Cláudia Finale,Jake Matthews vs. Kevin Lee,Kevin Lee,133
2016-02-21,UFC Fight Night: Cowboy vs Cowboy,James Krause vs. Shane Campbell,James Krause,-127
2016-02-21,UFC Fight Night: Cowboy vs Cowboy,James Krause vs. Shane Campbell,Shane Campbell,127
2016-12-17,UFC on FOX: VanZant vs. Waterson,James Moontasri vs. Alex Morono,James Moontasri,106
2016-12-17,UFC on FOX: VanZant vs. Waterson,James Moontasri vs. Alex Morono,Alex Morono,-106
2016-03-19,UFC Fight Night: Hunt vs Mir,James Te Huna vs. Steve Bosse,James Te Huna,-179
2016-03-19,UFC Fight Night: Hunt vs Mir,James Te Huna vs. Steve Bosse,Steve Bosse,179
2017-05-13,UFC 211: Miocic vs. Dos Santos,James Vick vs. Marco Polo Reyes,James Vick,-130
2017-05-13,UFC 211: Miocic vs. Dos Santos,James Vick vs. Marco Polo Reyes,Marco Polo Reyes,130
2015-09-05,UFC 191: Johnson vs Dodson 2,Jan Blachowicz vs. Corey Anderson,Jan Blachowicz,174
2015-09-05,UFC 191: Johnson vs Dodson 2,Jan Blachowicz vs. Corey Anderson,Corey Anderson,-174
2015-08-08,UFC Fight Night: Teixeira vs Saint Preux,Jared Rosholt vs. Timothy Johnson,Jared Rosholt,-125
2015-08-08,UFC Fight Night: Teixeira vs Saint Preux,Jared Rosholt vs. Timothy Johnson,Timothy Johnson,125
2017-01-28,UFC on FOX: Shevchenko vs. Pena,Jason Gonzalez vs. JC Cottrell,Jason Gonzalez,142
2017-01-28,UFC on FOX: Shevchenko vs. Pena,Jason Gonzalez vs. JC Cottrell,JC Cottrell,-142
2017-09-16,UFC Fight Night: Rockhold vs. Branch,Jason Saggo vs. Gilbert Burns,Jason Saggo,-109
2017-09-16,UFC Fight Night: Rockhold vs. Branch,Jason Saggo vs. Gilbert Burns,Gilbert Burns,109
2016-03-05,UFC 196: McGregor vs Diaz,Jason Saggo vs. Justin Salas,Jason Saggo,-103
2016-03-05,UFC 196: McGregor vs Diaz,Jason Saggo vs. Justin Salas,Justin Salas,103
2016-06-18,UFC Fight Night: MacDonald vs Thompson,Jason Saggo vs. Leandro Silva,Jason Saggo,-106
2016-06-18,UFC Fight Night: MacDonald vs Thompson,Jason Saggo vs. Leandro Silva,Leandro Silva,106
2016-12-10,UFC 206: Holloway vs. Pettis,Jason Saggo vs. Rustam Khabilov,Jason Saggo,115
2016-12-10,UFC 206: Holloway vs. Pettis,Jason Saggo vs. Rustam Khabilov,Rustam Khabilov,-115
2017-09-09,UFC 215: Nunes vs Shevchenko 2,Jeremy Stephens vs. Gilbert Melendez,Jeremy Stephens,-132
2017-09-09,UFC 215: Nunes vs Shevchenko 2,Jeremy Stephens vs. Gilbert Melendez,Gilbert Melendez,132
2017-04-15,UFC on FOX: Johnson vs. Reis,Jeremy Stephens vs. Renato Moicano,Jeremy Stephens,-108
2017-04-15,UFC on FOX: Johnson vs. Reis,Jeremy Stephens vs. Renato Moicano,Renato Moicano,108
2016-07-23,UFC on FOX: Holm vs. Shevchenko,Jim Alers vs. Jason Knight,Jim Alers,127
2016-07-23,UFC on FOX: Holm vs. Shevchenko,Jim Alers vs. Jason Knight,Jason Knight,-127
2015-07-25,UFC on FOX: Dillashaw vs. Barao II,Jim Miller vs. Danny Castillo,Jim Miller,119
2015-07-25,UFC on FOX: Dillashaw vs. Barao II,Jim Miller vs. Danny Castillo,Danny Castillo,-119
2015-12-10,UFC Fight Night: Namajunas vs. VanZant,Jim Miller vs. Michael Chiesa,Jim Miller,115
2015-12-10,UFC Fight Night: Namajunas vs. VanZant,Jim Miller vs. Michael Chiesa,Michael Chiesa,-115
2016-07-09,UFC 200: Tate vs Nunes,Jim Miller vs. Takanori Gomi,Jim Miller,-148
2016-07-09,UFC 200: Tate vs Nunes,Jim Miller vs. Takanori Gomi,Takanori Gomi,148
2016-11-12,UFC 205: Alvarez vs McGregor,Jim Miller vs. Thiago Alves,Jim Miller,-112
2016-11-12,UFC 205: Alvarez vs McGregor,Jim Miller vs. Thiago Alves,Thiago Alves,112
2017-03-18,UFC Fight Night: Manuwa vs. Anderson,Jimi Manuwa vs. Corey Anderson,Jimi Manuwa,246
2017-03-18,UFC Fight Night: Manuwa vs. Anderson,Jimi Manuwa vs. Corey Anderson,Corey Anderson,-246
2017-07-29,UFC 214: Cormier vs. Jones 2,Jimi Manuwa vs. Volkan Oezdemir,Jimi Manuwa,103
2017-07-29,UFC 214: Cormier vs. Jones 2,Jimi Manuwa vs. Volkan Oezdemir,Volkan Oezdemir,-103
2017-07-22,UFC Fight Night: Weidman vs. Gastelum,Jimmie Rivera vs. Thomas Almeida,Jimmie Rivera,-113
2017-07-22,UFC Fight Night: Weidman vs. Gastelum,Jimmie Rivera vs. Thomas Almeida,Thomas Almeida,113
2017-05-13,UFC 211: Miocic vs. Dos Santos,Joachim Christensen vs. Gadzhimurad Antigulov,Joachim Christensen,241
2017-05-13,UFC 211: Miocic vs. Dos Santos,Joachim Christensen vs. Gadzhimurad Antigulov,Gadzhimurad Antigulov,-241
2016-07-08,The Ultimate Fighter: Team Joanna vs. Team Cláudia Finale,Joaquim Silva vs. Andrew Holbrook,Joaquim Silva,-106
2016-07-08,The Ultimate Fighter: Team Joanna vs. Team Cláudia Finale,Joaquim Silva vs. Andrew Holbrook,Andrew Holbrook,106
2015-12-11,The Ultimate Fighter: Team McGregor vs. Team Faber Finale,Joby Sanchez vs. Geane Herrera,Joby Sanchez,-121
2015-12-11,The Ultimate Fighter: Team McGregor vs. Team Faber Finale,Joby Sanchez vs. Geane Herrera,Geane Herrera,121
2015-07-18,UFC Fight Night: Bisping vs Leites,Joe Duffy vs. Ivan Jorge,Joe Duffy,-115
2015-07-18,UFC Fight Night: Bisping vs Leites,Joe Duffy vs. Ivan Jorge,Ivan Jorge,115
2016-07-07,UFC Fight Night: Dos Anjos vs. Alvarez,Joe Duffy vs. Mitch Clarke,Joe Duffy,-122
2016-07-07,UFC Fight Night: Dos Anjos vs. Alvarez,Joe Duffy vs. Mitch Clarke,Mitch Clarke,122
2017-03-18,UFC Fight Night: Manuwa vs. Anderson,Joe Duffy vs. Reza Madadi,Joe Duffy,-110
2017-03-18,UFC Fight Night: Manuwa vs. Anderson,Joe Duffy vs. Reza Madadi,Reza Madadi,110
2016-08-27,UFC on FOX: Maia vs. Condit,Joe Lauzon vs. Jim Miller,Joe Lauzon,143
2016-08-27,UFC on FOX: Maia vs. Condit,Joe Lauzon vs. Jim Miller,Jim Miller,-143
2017-01-15,UFC Fight Night: Rodriguez vs. Penn,Joe Lauzon vs. Marcin Held,Joe Lauzon,115
2017-01-15,UFC Fight Night: Rodriguez vs. Penn,Joe Lauzon vs. Marcin Held,Marcin Held,-115
2017-04-22,UFC Fight Night: Swanson vs. Lobov,Joe Lauzon vs. Stevie Ray,Joe Lauzon,167
2017-04-22,UFC Fight Night: Swanson vs. Lobov,Joe Lauzon vs. Stevie Ray,Stevie Ray,-167
2015-07-25,UFC on FOX: Dillashaw vs. Barao II,Joe Lauzon vs. Takanori Gomi,Joe Lauzon,110
2015-07-25,UFC on FOX: Dillashaw vs. Barao II,Joe Lauzon vs. Takanori Gomi,Takanori Gomi,-110
2015-12-12,UFC 194: Aldo vs McGregor,Joe Proctor vs. Magomed Mustafaev,Joe Proctor,-106
2015-12-12,UFC 194: Aldo vs McGregor,Joe Proctor vs. Magomed Mustafaev,Magomed Mustafaev,106
2015-09-05,UFC 191: Johnson vs Dodson 2,Joe Riggs vs. Ron Stallings,Joe Riggs,-124
2015-09-05,UFC 191: Johnson vs Dodson 2,Joe Riggs vs. Ron Stallings,Ron Stallings,124
2016-01-02,UFC 195: Lawler vs Condit,Joe Soto vs. Michinori Tanaka,Joe Soto,204
2016-01-02,UFC 195: Lawler vs Condit,Joe Soto vs. Michinori Tanaka,Michinori Tanaka,-204
2017-04-22,UFC Fight Night: Swanson vs. Lobov,John Dodson vs. Eddie Wineland,John Dodson,-184
2017-04-22,UFC Fight Night: Swanson vs. Lobov,John Dodson vs. Eddie Wineland,Eddie Wineland,184
2016-04-16,UFC on FOX: Teixeira vs Evans,John Dodson vs. Manvel Gamburyan,John Dodson,-122
2016-04-16,UFC on FOX: Teixeira vs Evans,John Dodson vs. Manvel Gamburyan,Manvel Gamburyan,122
2016-10-01,UFC Fight Night: Lineker vs. Dodson,John Lineker vs. John Dodson,John Lineker,-131
2016-10-01,UFC Fight Night: Lineker vs. Dodson,John Lineker vs. John Dodson,John Dodson,131
2016-05-14,UFC 198: Werdum vs Miocic,John Lineker vs. Rob Font,John Lineker,102
2016-05-14,UFC 198: Werdum vs Miocic,John Lineker vs. Rob Font,Rob Font,-102
2016-12-10,UFC 206: Holloway vs. Pettis,John Makdessi vs. Lando Vannata,John Makdessi,-192
2016-12-10,UFC 206: Holloway vs. Pettis,John Makdessi vs. Lando Vannata,Lando Vannata,192
2016-07-07,UFC Fight Night: Dos Anjos vs. Alvarez,John Makdessi vs. Mehdi Baghdad,John Makdessi,-157
2016-07-07,UFC Fight Night: Dos Anjos vs. Alvarez,John Makdessi vs. Mehdi Baghdad,Mehdi Baghdad,157
2015-12-12,UFC 194: Aldo vs McGregor,John Makdessi vs. Yancy Medeiros,John Makdessi,-125
2015-12-12,UFC 194: Aldo vs McGregor,John Makdessi vs. Yancy Medeiros,Yancy Medeiros,125
2016-07-08,The Ultimate Fighter: Team Joanna vs. Team Cláudia Finale,John Moraga vs. Matheus Nicolau,John Moraga,193
2016-07-08,The Ultimate Fighter: Team Joanna vs. Team Cláudia Finale,John Moraga vs. Matheus Nicolau,Matheus Nicolau,-193
2017-01-15,UFC Fight Night: Rodriguez vs. Penn,John Moraga vs. Sergio Pettis,John Moraga,211
2017-01-15,UFC Fight Night: Rodriguez vs. Penn,John Moraga vs. Sergio Pettis,Sergio Pettis,-211
2016-11-19,UFC Fight Night: Bader vs. Nogueira,Johnny Eduardo vs. Manvel Gamburyan,Johnny Eduardo,-107
2016-11-19,UFC Fight Night: Bader vs. Nogueira,Johnny Eduardo vs. Manvel Gamburyan,Manvel Gamburyan,107
2017-06-03,UFC 212: Aldo vs. Holloway,Johnny Eduardo vs. Matthew Lopez,Johnny Eduardo,103
2017-06-03,UFC 212: Aldo vs. Holloway,Johnny Eduardo vs. Matthew Lopez,Matthew Lopez,-103
2017-02-19,UFC Fight Night: Lewis vs. Browne,Johny Hendricks vs. Hector Lombard,Johny Hendricks,-129
2017-02-19,UFC Fight Night: Lewis vs. Browne,Johny Hendricks vs. Hector Lombard,Hector Lombard,129
2016-07-09,UFC 200: Tate vs Nunes,Johny Hendricks vs. Kelvin Gastelum,Johny Hendricks,136
2016-07-09,UFC 200: Tate vs Nunes,Johny Hendricks vs. Kelvin Gastelum,Kelvin Gastelum,-136
2016-12-30,UFC 207: Nunes vs. Rousey,Johny Hendricks vs. Neil Magny,Johny Hendricks,109
2016-12-30,UFC 207: Nunes vs. Rousey,Johny Hendricks vs. Neil Magny,Neil Magny,-109
2016-02-06,UFC Fight Night: Hendricks vs Thompson,Johny Hendricks vs. Stephen Thompson,Johny Hendricks,-118
2016-02-06,UFC Fight Night: Hendricks vs Thompson,Johny Hendricks vs. Stephen Thompson,Stephen Thompson,118
2016-04-23,UFC 197: Jones vs Saint Preux,Jon Jones vs. Ovince Saint Preux,Jon Jones,-268
2016-04-23,UFC 197: Jones vs Saint Preux,Jon Jones vs. Ovince Saint Preux,Ovince Saint Preux,268
2016-10-01,UFC Fight Night: Lineker vs. Dodson,Jonathan Wilson vs. Ion Cutelaba,Jonathan Wilson,114
2016-10-01,UFC Fight Night: Lineker vs. Dodson,Jonathan Wilson vs. Ion Cutelaba,Ion Cutelaba,-114
2016-02-21,UFC Fight Night: Cowboy vs Cowboy,Jonavin Webb vs. Nathan Coy,Jonavin Webb,114
2016-02-21,UFC Fight Night: Cowboy vs Cowboy,Jonavin Webb vs. Nathan Coy,Nathan Coy,-114
2017-07-07,The Ultimate Fighter: Redemption Finale,Jordan Johnson vs. Marcel Fortuna,Jordan Johnson,-139
2017-07-07,The Ultimate Fighter: Redemption Finale,Jordan Johnson vs. Marcel Fortuna,Marcel Fortuna,139
2017-07-08,UFC 213: Romero vs. Whittaker,Jordan Mein vs. Belal Muhammad,Jordan Mein,-146
2017-07-08,UFC 213: Romero vs. Whittaker,Jordan Mein vs. Belal Muhammad,Belal Muhammad,146
2015-07-12,The Ultimate Fighter: American Top Team vs. Blackzilians Finale,Jorge Masvidal vs. Cezar Ferreira,Jorge Masvidal,-127
2015-07-12,The Ultimate Fighter: American Top Team vs. Blackzilians Finale,Jorge Masvidal vs. Cezar Ferreira,Cezar Ferreira,127
2016-05-29,UFC Fight Night: Almeida vs Garbrandt,Jorge Masvidal vs. Lorenz Larkin,Jorge Masvidal,-141
2016-05-29,UFC Fight Night: Almeida vs Garbrandt,Jorge Masvidal vs. Lorenz Larkin,Lorenz Larkin,141
2015-12-12,UFC 194: Aldo vs McGregor,Jose Aldo vs. Conor McGregor,Jose Aldo,104
2015-12-12,UFC 194: Aldo vs McGregor,Jose Aldo vs. Conor McGregor,Conor McGregor,-104
2016-07-09,UFC 200: Tate vs Nunes,Jose Aldo vs. Frankie Edgar,Jose Aldo,132
2016-07-09,UFC 200: Tate vs Nunes,Jose Aldo vs. Frankie Edgar,Frankie Edgar,-132
2017-06-03,UFC 212: Aldo vs. Holloway,Jose Aldo vs. Max Holloway,Jose Aldo,131
2017-06-03,UFC 212: Aldo vs. Holloway,Jose Aldo vs. Max Holloway,Max Holloway,-131
2017-08-05,UFC Fight Night: Pettis vs. Moreno,Jose Quinonez vs. Diego Rivas,Jose Quinonez,-129
2017-08-05,UFC Fight Night: Pettis vs. Moreno,Jose Quinonez vs. Diego Rivas,Diego Rivas,129
2016-09-17,UFC Fight Night: Poirier vs. Johnson,Jose Quinonez vs. Joey Gomez,Jose Quinonez,-162
2016-09-17,UFC Fight Night: Poirier vs. Johnson,Jose Quinonez vs. Joey Gomez,Joey Gomez,162
2015-10-03,UFC 192: Cormier vs Gustafsson,Joseph Benavidez vs. Ali Bagautinov,Joseph Benavidez,-128
2015-10-03,UFC 192: Cormier vs Gustafsson,Joseph Benavidez vs. Ali Bagautinov,Ali Bagautinov,128
2016-12-03,The Ultimate Fighter: Tournament of Champions Finale,Joseph Benavidez vs. Henry Cejudo,Joseph Benavidez,106
2016-12-03,The Ultimate Fighter: Tournament of Champions Finale,Joseph Benavidez vs. Henry Cejudo,Henry Cejudo,-106
2016-02-06,UFC Fight Night: Hendricks vs Thompson,Joseph Benavidez vs. Zach Makovsky,Joseph Benavidez,-110
2016-02-06,UFC Fight Night: Hendricks vs Thompson,Joseph Benavidez vs. Zach Makovsky,Zach Makovsky,110
2016-01-30,UFC on FOX: Johnson vs. Bader,Josh Barnett vs. Ben Rothwell,Josh Barnett,-142
2016-01-30,UFC on FOX: Johnson vs. Bader,Josh Barnett vs. Ben Rothwell,Ben Rothwell,142
2015-09-26,UFC Fight Night: Barnett vs Nelson,Josh Barnett vs. Roy Nelson,Josh Barnett,-148
2015-09-26,UFC Fight Night: Barnett vs Nelson,Josh Barnett vs. Roy Nelson,Roy Nelson,148
2016-12-17,UFC on FOX: VanZant vs. Waterson,Josh Emmett vs. Scott Holtzman,Josh Emmett,135
2016-12-17,UFC on FOX: VanZant vs. Waterson,Josh Emmett vs. Scott Holtzman,Scott Holtzman,-135
2015-07-12,The Ultimate Fighter: American Top Team vs. Blackzilians Finale,Josh Samman vs. Caio Magalhaes,Josh Samman,111
2015-07-12,The Ultimate Fighter: American Top Team vs. Blackzilians Finale,Josh Samman vs. Caio Magalhaes,Caio Magalhaes,-111
2015-12-19,UFC on FOX: Dos Anjos vs. Cowboy 2,Josh Samman vs. Tamdan McCrory,Josh Samman,101
2015-12-19,UFC on FOX: Dos Anjos vs. Cowboy 2,Josh Samman vs. Tamdan McCrory,Tamdan McCrory,-101
2016-12-03,The Ultimate Fighter: Tournament of Champions Finale,Josh Stansbury vs. Devin Clark,Josh Stansbury,110
2016-12-03,The Ultimate Fighter: Tournament of Champions Finale,Josh Stansbury vs. Devin Clark,Devin Clark,-110
2017-06-25,UFC Fight Night: Chiesa vs. Lee,Josh Stansbury vs. Jeremy Kimball,Josh Stansbury,-109
2017-06-25,UFC Fight Night: Chiesa vs. Lee,Josh Stansbury vs. Jeremy Kimball,Jeremy Kimball,109
2015-07-15,UFC Fight Night: Mir vs Duffee,Josh Thomson vs. Tony Ferguson,Josh Thomson,173
2015-07-15,UFC Fight Night: Mir vs Duffee,Josh Thomson vs. Tony Ferguson,Tony Ferguson,-173
2017-07-29,UFC 214: Cormier vs. Jones 2,Joshua Burkman vs. Drew Dober,Joshua Burkman,124
2017-07-29,UFC 214: Cormier vs. Jones 2,Joshua Burkman vs. Drew Dober,Drew Dober,-124
2016-02-06,UFC Fight Night: Hendricks vs Thompson,Joshua Burkman vs. KJ Noons,Joshua Burkman,123
2016-02-06,UFC Fight Night: Hendricks vs Thompson,Joshua Burkman vs. KJ Noons,KJ Noons,-123
2016-05-29,UFC Fight Night: Almeida vs Garbrandt,Joshua Burkman vs. Paul Felder,Joshua Burkman,127
2016-05-29,UFC Fight Night: Almeida vs Garbrandt,Joshua Burkman vs. Paul Felder,Paul Felder,-127
2016-03-05,UFC 196: McGregor vs Diaz,Julian Erosa vs. Teruto Ishihara,Julian Erosa,-100
2016-03-05,UFC 196: McGregor vs Diaz,Julian Erosa vs. Teruto Ishihara,Teruto Ishihara,100
2015-12-19,UFC on FOX: Dos Anjos vs. Cowboy 2,Junior Dos Santos vs. Alistair Overeem,Junior Dos Santos,-100
2015-12-19,UFC on FOX: Dos Anjos vs. Cowboy 2,Junior Dos Santos vs. Alistair Overeem,Alistair Overeem,100
2016-09-24,UFC Fight Night: Cyborg vs. Lansberg,Jussier Formiga vs. Dustin Ortiz,Jussier Formiga,141
2016-09-24,UFC Fight Night: Cyborg vs. Lansberg,Jussier Formiga vs. Dustin Ortiz,Dustin Ortiz,-141
2015-11-21,UFC Fight Night: Magny vs Gastelum,Jussier Formiga vs. Henry Cejudo,Jussier Formiga,154
2015-11-21,UFC Fight Night: Magny vs Gastelum,Jussier Formiga vs. Henry Cejudo,Henry Cejudo,-154
2017-03-11,UFC Fight Night: Belfort vs. Gastelum,Jussier Formiga vs. Ray Borg,Jussier Formiga,197
2017-03-11,UFC Fight Night: Belfort vs. Gastelum,Jussier Formiga vs. Ray Borg,Ray Borg,-197
2017-09-22,UFC Fight Night: Saint Preux vs. Okami,Jussier Formiga vs. Yuta Sasaki,Jussier Formiga,113
2017-09-22,UFC Fight Night: Saint Preux vs. Okami,Jussier Formiga vs. Yuta Sasaki,Yuta Sasaki,-113
2017-06-17,UFC Fight Night: Holm vs. Correia,Justin Scoggins vs. Yuta Sasaki,Justin Scoggins,-173
2017-06-17,UFC Fight Night: Holm vs. Correia,Justin Scoggins vs. Yuta Sasaki,Yuta Sasaki,173
2017-09-09,UFC 215: Nunes vs Shevchenko 2,Kajan Johnson vs. Adriano Martins,Kajan Johnson,-114
2017-09-09,UFC 215: Nunes vs Shevchenko 2,Kajan Johnson vs. Adriano Martins,Adriano Martins,114
2016-07-23,UFC on FOX: Holm vs. Shevchenko,Kamaru Usman vs. Alexander Yakovlev,Kamaru Usman,-187
2016-07-23,UFC on FOX: Holm vs. Shevchenko,Kamaru Usman vs. Alexander Yakovlev,Alexander Yakovlev,187
2015-12-19,UFC on FOX: Dos Anjos vs. Cowboy 2,Kamaru Usman vs. Leon Edwards,Kamaru Usman,-209
2015-12-19,UFC on FOX: Dos Anjos vs. Cowboy 2,Kamaru Usman vs. Leon Edwards,Leon Edwards,209
2017-04-08,UFC 210: Cormier vs. Johnson 2,Kamaru Usman vs. Sean Strickland,Kamaru Usman,-113
2017-04-08,UFC 210: Cormier vs. Johnson 2,Kamaru Usman vs. Sean Strickland,Sean Strickland,113
2017-09-16,UFC Fight Night: Rockhold vs. Branch,Kamaru Usman vs. Sergio Moraes,Kamaru Usman,-213
2017-09-16,UFC Fight Night: Rockhold vs. Branch,Kamaru Usman vs. Sergio Moraes,Sergio Moraes,213
2015-09-26,UFC Fight Night: Barnett vs Nelson,Katsunori Kikuno vs. Diego Brandao,Katsunori Kikuno,119
2015-09-26,UFC Fight Night: Barnett vs Nelson,Katsunori Kikuno vs. Diego Brandao,Diego Brandao,-119
2016-10-01,UFC Fight Night: Lineker vs. Dodson,Keita Nakamura vs. Elizeu Zaleski dos Santos,Keita Nakamura,171
2016-10-01,UFC Fight Night: Lineker vs. Dodson,Keita Nakamura vs. Elizeu Zaleski dos Santos,Elizeu Zaleski dos Santos,-171
2015-09-26,UFC Fight Night: Barnett vs Nelson,Keita Nakamura vs. Li Jingliang,Keita Nakamura,120
2015-09-26,UFC Fight Night: Barnett vs Nelson,Keita Nakamura vs. Li Jingliang,Li Jingliang,-120
2015-07-25,UFC on FOX: Dillashaw vs. Barao II,Kenny Robertson vs. Ben Saunders,Kenny Robertson,-119
2015-07-25,UFC on FOX: Dillashaw vs. Barao II,Kenny Robertson vs. Ben Saunders,Ben Saunders,119
2016-06-04,UFC 199: Rockhold vs. Bisping 2,Kevin Casey vs. Elvis Mutapcic,Kevin Casey,-108
2016-06-04,UFC 199: Rockhold vs. Bisping 2,Kevin Casey vs. Elvis Mutapcic,Elvis Mutapcic,108
2015-07-15,UFC Fight Night: Mir vs Duffee,Kevin Casey vs. Ildemar Alcantara,Kevin Casey,126
2015-07-15,UFC Fight Night: Mir vs Duffee,Kevin Casey vs. Ildemar Alcantara,Ildemar Alcantara,-126
2015-07-15,UFC Fight Night: Mir vs Duffee,Kevin Lee vs. James Moontasri,Kevin Lee,-135
2015-07-15,UFC Fight Night: Mir vs Duffee,Kevin Lee vs. James Moontasri,James Moontasri,135
2016-11-19,UFC Fight Night: Mousasi vs. Hall 2,Kevin Lee vs. Magomed Mustafaev,Kevin Lee,-167
2016-11-19,UFC Fight Night: Mousasi vs. Hall 2,Kevin Lee vs. Magomed Mustafaev,Magomed Mustafaev,167
2016-11-12,UFC 205: Alvarez vs McGregor,Khabib Nurmagomedov vs. Michael Johnson,Khabib Nurmagomedov,-162
2016-11-12,UFC 205: Alvarez vs McGregor,Khabib Nurmagomedov vs. Michael Johnson,Michael Johnson,162
2017-07-16,UFC Fight Night: Nelson vs. Ponzinibbio,Khalil Rountree Jr. vs. Paul Craig,Khalil Rountree Jr.,-105
2017-07-16,UFC Fight Night: Nelson vs. Ponzinibbio,Khalil Rountree Jr. vs. Paul Craig,Paul Craig,105
2017-06-10,UFC Fight Night: Lewis vs. Hunt,Kiichi Kunimoto vs. Zak Ottow,Kiichi Kunimoto,150
2017-06-10,UFC Fight Night: Lewis vs. Hunt,Kiichi Kunimoto vs. Zak Ottow,Zak Ottow,-150
2017-04-15,UFC on FOX: Johnson vs. Reis,King Green vs. Rashid Magomedov,King Green,108
2017-04-15,UFC on FOX: Johnson vs. Reis,King Green vs. Rashid Magomedov,Rashid Magomedov,-108
2017-05-13,UFC 211: Miocic vs. Dos Santos,Krzysztof Jotko vs. David Branch,Krzysztof Jotko,-117
2017-05-13,UFC 211: Miocic vs. Dos Santos,Krzysztof Jotko vs. David Branch,David Branch,117
2017-09-16,UFC Fight Night: Rockhold vs. Branch,Krzysztof Jotko vs. Uriah Hall,Krzysztof Jotko,-147
2017-09-16,UFC Fight Night: Rockhold vs. Branch,Krzysztof Jotko vs. Uriah Hall,Uriah Hall,147
2017-06-17,UFC Fight Night: Holm vs. Correia,Kwan Ho Kwak vs. Russell Doane,Kwan Ho Kwak,128
2017-06-17,UFC Fight Night: Holm vs. Correia,Kwan Ho Kwak vs. Russell Doane,Russell Doane,-128
2017-07-22,UFC Fight Night: Weidman vs. Gastelum,Kyle Bochniak vs. Jeremy Kennedy,Kyle Bochniak,188
2017-07-22,UFC Fight Night: Weidman vs. Gastelum,Kyle Bochniak vs. Jeremy Kennedy,Jeremy Kennedy,-188
2016-07-13,UFC Fight Night: McDonald vs. Lineker,Kyle Noke vs. Keita Nakamura,Kyle Noke,-165
2016-07-13,UFC Fight Night: McDonald vs. Lineker,Kyle Noke vs. Keita Nakamura,Keita Nakamura,165
2016-11-26,UFC Fight Night: Whittaker vs. Brunson,Kyle Noke vs. Omari Akhmedov,Kyle Noke,-119
2016-11-26,UFC Fight Night: Whittaker vs. Brunson,Kyle Noke vs. Omari Akhmedov,Omari Akhmedov,119
2015-11-14,UFC 193: Rousey vs Holm,Kyle Noke vs. Peter Sobotta,Kyle Noke,-118
2015-11-14,UFC 193: Rousey vs Holm,Kyle Noke vs. Peter Sobotta,Peter Sobotta,118
2016-11-19,UFC Fight Night: Mousasi vs. Hall 2,Kyoji Horiguchi vs. Ali Bagautinov,Kyoji Horiguchi,-147
2016-11-19,UFC Fight Night: Mousasi vs. Hall 2,Kyoji Horiguchi vs. Ali Bagautinov,Ali Bagautinov,147
2015-09-26,UFC Fight Night: Barnett vs Nelson,Kyoji Horiguchi vs. Chico Camus,Kyoji Horiguchi,-136
2015-09-26,UFC Fight Night: Barnett vs Nelson,Kyoji Horiguchi vs. Chico Camus,Chico Camus,136
2016-05-08,UFC Fight Night: Overeem vs Arlovski,Kyoji Horiguchi vs. Neil Seery,Kyoji Horiguchi,-147
2016-05-08,UFC Fight Night: Overeem vs Arlovski,Kyoji Horiguchi vs. Neil Seery,Neil Seery,147
2017-03-04,UFC 209: Woodley vs. Thompson 2,Lando Vannata vs. David Teymur,Lando Vannata,176
2017-03-04,UFC 209: Woodley vs. Thompson 2,Lando Vannata vs. David Teymur,David Teymur,-176
2016-10-08,UFC 204: Bisping vs. Henderson,Leon Edwards vs. Albert Tumenov,Leon Edwards,101
2016-10-08,UFC 204: Bisping vs. Henderson,Leon Edwards vs. Albert Tumenov,Albert Tumenov,-101
2017-09-02,UFC Fight Night: Volkov vs. Struve,Leon Edwards vs. Bryan Barberena,Leon Edwards,-111
2017-09-02,UFC Fight Night: Volkov vs. Struve,Leon Edwards vs. Bryan Barberena,Bryan Barberena,111
2016-05-08,UFC Fight Night: Overeem vs Arlovski,Leon Edwards vs. Dominic Waters,Leon Edwards,-112
2016-05-08,UFC Fight Night: Overeem vs Arlovski,Leon Edwards vs. Dominic Waters,Dominic Waters,112
2015-07-18,UFC Fight Night: Bisping vs Leites,Leon Edwards vs. Pawel Pawlak,Leon Edwards,-114
2015-07-18,UFC Fight Night: Bisping vs Leites,Leon Edwards vs. Pawel Pawlak,Pawel Pawlak,114
2017-03-18,UFC Fight Night: Manuwa vs. Anderson,Leon Edwards vs. Vicente Luque,Leon Edwards,115
2017-03-18,UFC Fight Night: Manuwa vs. Anderson,Leon Edwards vs. Vicente Luque,Vicente Luque,-115
2016-10-08,UFC 204: Bisping vs. Henderson,Leonardo Santos vs. Adriano Martins,Leonardo Santos,113
2016-10-08,UFC 204: Bisping vs. Henderson,Leonardo Santos vs. Adriano Martins,Adriano Martins,-113
2015-12-12,UFC 194: Aldo vs McGregor,Leonardo Santos vs. Kevin Lee,Leonardo Santos,245
2015-12-12,UFC 194: Aldo vs McGregor,Leonardo Santos vs. Kevin Lee,Kevin Lee,-245
2016-07-08,The Ultimate Fighter: Team Joanna vs. Team Cláudia Finale,Li Jingliang vs. Anton Zafir,Li Jingliang,101
2016-07-08,The Ultimate Fighter: Team Joanna vs. Team Cláudia Finale,Li Jingliang vs. Anton Zafir,Anton Zafir,-101
2016-01-02,UFC 195: Lawler vs Condit,Lorenz Larkin vs. Albert Tumenov,Lorenz Larkin,119
2016-01-02,UFC 195: Lawler vs Condit,Lorenz Larkin vs. Albert Tumenov,Albert Tumenov,-119
2016-07-13,UFC Fight Night: McDonald vs. Lineker,Louis Smolka vs. Ben Nguyen,Louis Smolka,-108
2016-07-13,UFC Fight Night: McDonald vs. Lineker,Louis Smolka vs. Ben Nguyen,Ben Nguyen,108
2016-12-30,UFC 207: Nunes vs. Rousey,Louis Smolka vs. Ray Borg,Louis Smolka,115
2016-12-30,UFC 207: Nunes vs. Rousey,Louis Smolka vs. Ray Borg,Ray Borg,-115
2017-04-15,UFC on FOX: Johnson vs. Reis,Louis Smolka vs. Tim Elliott,Louis Smolka,110
2017-04-15,UFC on FOX: Johnson vs. Reis,Louis Smolka vs. Tim Elliott,Tim Elliott,-110
2017-06-03,UFC 212: Aldo vs. Holloway,Luan Chagas vs. Jim Wallhead,Luan Chagas,-143
2017-06-03,UFC 212: Aldo vs. Holloway,Luan Chagas vs. Jim Wallhead,Jim Wallhead,143
2016-11-19,UFC Fight Night: Bader vs. Nogueira,Luis Henrique vs. Christian Colombo,Luis Henrique,-170
2016-11-19,UFC Fight Night: Bader vs. Nogueira,Luis Henrique vs. Christian Colombo,Christian Colombo,170
2017-09-16,UFC Fight Night: Rockhold vs. Branch,Luke Rockhold vs. David Branch,Luke Rockhold,115
2017-09-16,UFC Fight Night: Rockhold vs. Branch,Luke Rockhold vs. David Branch,David Branch,-115
2016-06-04,UFC 199: Rockhold vs. Bisping 2,Luke Rockhold vs. Michael Bisping,Luke Rockhold,-106
2016-06-04,UFC 199: Rockhold vs. Bisping 2,Luke Rockhold vs. Michael Bisping,Michael Bisping,106
2017-07-22,UFC Fight Night: Weidman vs. Gastelum,Lyman Good vs. Elizeu Zaleski dos Santos,Lyman Good,112
2017-07-22,UFC Fight Night: Weidman vs. Gastelum,Lyman Good vs. Elizeu Zaleski dos Santos,Elizeu Zaleski dos Santos,-112
2015-06-27,UFC Fight Night: Machida vs Romero,Lyoto Machida vs. Yoel Romero,Lyoto Machida,101
2015-06-27,UFC Fight Night: Machida vs Romero,Lyoto Machida vs. Yoel Romero,Yoel Romero,-101
2016-05-08,UFC Fight Night: Overeem vs Arlovski,Magnus Cedenblad vs. Garreth McLellan,Magnus Cedenblad,103
2016-05-08,UFC Fight Night: Overeem vs Arlovski,Magnus Cedenblad vs. Garreth McLellan,Garreth McLellan,-103
2015-06-20,UFC Fight Night: Jedrzejczyk vs Penne,Mairbek Taisumov vs. Alan Patrick,Mairbek Taisumov,-149
2015-06-20,UFC Fight Night: Jedrzejczyk vs Penne,Mairbek Taisumov vs. Alan Patrick,Alan Patrick,149
2017-09-02,UFC Fight Night: Volkov vs. Struve,Mairbek Taisumov vs. Felipe Silva,Mairbek Taisumov,-247
2017-09-02,UFC Fight Night: Volkov vs. Struve,Mairbek Taisumov vs. Felipe Silva,Felipe Silva,247
2015-06-20,UFC Fight Night: Jedrzejczyk vs Penne,Makwan Amirkhani vs. Masio Fullen,Makwan Amirkhani,128
2015-06-20,UFC Fight Night: Jedrzejczyk vs Penne,Makwan Amirkhani vs. Masio Fullen,Masio Fullen,-128
2017-07-07,The Ultimate Fighter: Redemption Finale,Marc Diakiese vs. Drakkar Klose,Marc Diakiese,-120
2017-07-07,The Ultimate Fighter: Redemption Finale,Marc Diakiese vs. Drakkar Klose,Drakkar Klose,120
2017-03-18,UFC Fight Night: Manuwa vs. Anderson,Marc Diakiese vs. Teemu Packalen,Marc Diakiese,-133
2017-03-18,UFC Fight Night: Manuwa vs. Anderson,Marc Diakiese vs. Teemu Packalen,Teemu Packalen,133
2017-05-28,UFC Fight Night: Gustafsson vs. Teixeira,Marcin Held vs. Damir Hadzovic,Marcin Held,-179
2017-05-28,UFC Fight Night: Gustafsson vs. Teixeira,Marcin Held vs. Damir Hadzovic,Damir Hadzovic,179
2017-03-04,UFC 209: Woodley vs. Thompson 2,Marcin Tybura vs. Luis Henrique,Marcin Tybura,140
2017-03-04,UFC 209: Woodley vs. Thompson 2,Marcin Tybura vs. Luis Henrique,Luis Henrique,-140
2016-11-05,UFC Fight Night: Dos Anjos vs. Ferguson,Marco Beltran vs. Joe Soto,Marco Beltran,-117
2016-11-05,UFC Fight Night: Dos Anjos vs. Ferguson,Marco Beltran vs. Joe Soto,Joe Soto,117
2016-07-07,UFC Fight Night: Dos Anjos vs. Alvarez,Marco Beltran vs. Reginaldo Vieira,Marco Beltran,-120
2016-07-07,UFC Fight Night: Dos Anjos vs. Alvarez,Marco Beltran vs. Reginaldo Vieira,Reginaldo Vieira,120
2016-06-04,UFC 199: Rockhold vs. Bisping 2,Marco Polo Reyes vs. Dong Hyun Ma,Marco Polo Reyes,-104
2016-06-04,UFC 199: Rockhold vs. Bisping 2,Marco Polo Reyes vs. Dong Hyun Ma,Dong Hyun Ma,104
2016-11-05,UFC Fight Night: Dos Anjos vs. Ferguson,Marco Polo Reyes vs. Jason Novelli,Marco Polo Reyes,-120
2016-11-05,UFC Fight Night: Dos Anjos vs. Ferguson,Marco Polo Reyes vs. Jason Novelli,Jason Novelli,120
2016-04-23,UFC 197: Jones vs Saint Preux,Marcos Rogerio de Lima vs. Clint Hester,Marcos Rogerio de Lima,165
2016-04-23,UFC 197: Jones vs Saint Preux,Marcos Rogerio de Lima vs. Clint Hester,Clint Hester,-165
2015-08-23,UFC Fight Night: Holloway vs Oliveira,Marcos Rogerio de Lima vs. Nikita Krylov,Marcos Rogerio de Lima,151
2015-08-23,UFC Fight Night: Holloway vs Oliveira,Marcos Rogerio de Lima vs. Nikita Krylov,Nikita Krylov,-151
2015-11-14,UFC 193: Rousey vs Holm,Mark Hunt vs. Antonio Silva,Mark Hunt,-141
2015-11-14,UFC 193: Rousey vs Holm,Mark Hunt vs. Antonio Silva,Antonio Silva,141
2016-03-19,UFC Fight Night: Hunt vs Mir,Mark Hunt vs. Frank Mir,Mark Hunt,-124
2016-03-19,UFC Fight Night: Hunt vs Mir,Mark Hunt vs. Frank Mir,Frank Mir,124
2016-11-26,UFC Fight Night: Whittaker vs. Brunson,Marlon Vera vs. Guangyou Ning,Marlon Vera,101
2016-11-26,UFC Fight Night: Whittaker vs. Brunson,Marlon Vera vs. Guangyou Ning,Guangyou Ning,-101
2015-08-08,UFC Fight Night: Teixeira vs Saint Preux,Marlon Vera vs. Roman Salazar,Marlon Vera,-111
2015-08-08,UFC Fight Night: Teixeira vs Saint Preux,Marlon Vera vs. Roman Salazar,Roman Salazar,111
2016-07-30,UFC 201: Lawler vs. Woodley,Matt Brown vs. Jake Ellenberger,Matt Brown,-141
2016-07-30,UFC 201: Lawler vs. Woodley,Matt Brown vs. Jake Ellenberger,Jake Ellenberger,141
2015-07-11,UFC 189: Mendes vs McGregor,Matt Brown vs. Tim Means,Matt Brown,-108
2015-07-11,UFC 189: Mendes vs McGregor,Matt Brown vs. Tim Means,Tim Means,108
2016-05-14,UFC 198: Werdum vs Miocic,Mauricio Rua vs. Corey Anderson,Mauricio Rua,152
2016-05-14,UFC 198: Werdum vs Miocic,Mauricio Rua vs. Corey Anderson,Corey Anderson,-152
2017-03-11,UFC Fight Night: Belfort vs. Gastelum,Mauricio Rua vs. Gian Villante,Mauricio Rua,-121
2017-03-11,UFC Fight Night: Belfort vs. Gastelum,Mauricio Rua vs. Gian Villante,Gian Villante,121
2015-08-01,UFC 190: Rousey vs Correia,Mauricio Rua vs. Rogerio Nogueira,Mauricio Rua,-151
2015-08-01,UFC 190: Rousey vs Correia,Mauricio Rua vs. Rogerio Nogueira,Rogerio Nogueira,151
2016-12-10,UFC 206: Holloway vs. Pettis,Max Holloway vs. Anthony Pettis,Max Holloway,-162
2016-12-10,UFC 206: Holloway vs. Pettis,Max Holloway vs. Anthony Pettis,Anthony Pettis,162
2015-08-23,UFC Fight Night: Holloway vs Oliveira,Max Holloway vs. Charles Oliveira,Max Holloway,-138
2015-08-23,UFC Fight Night: Holloway vs Oliveira,Max Holloway vs. Charles Oliveira,Charles Oliveira,138
2015-12-12,UFC 194: Aldo vs McGregor,Max Holloway vs. Jeremy Stephens,Max Holloway,-128
2015-12-12,UFC 194: Aldo vs McGregor,Max Holloway vs. Jeremy Stephens,Jeremy Stephens,128
2016-06-04,UFC 199: Rockhold vs. Bisping 2,Max Holloway vs. Ricardo Lamas,Max Holloway,-181
2016-06-04,UFC 199: Rockhold vs. Bisping 2,Max Holloway vs. Ricardo Lamas,Ricardo Lamas,181
2015-07-12,The Ultimate Fighter: American Top Team vs. Blackzilians Finale,Maximo Blanco vs. Mike de la Torre,Maximo Blanco,-132
2015-07-12,The Ultimate Fighter: American Top Team vs. Blackzilians Finale,Maximo Blanco vs. Mike de la Torre,Mike de la Torre,132
2016-10-08,UFC 204: Bisping vs. Henderson,Michael Bisping vs. Dan Henderson,Michael Bisping,-241
2016-10-08,UFC 204: Bisping vs. Henderson,Michael Bisping vs. Dan Henderson,Dan Henderson,241
2015-07-18,UFC Fight Night: Bisping vs Leites,Michael Bisping vs. Thales Leites,Michael Bisping,-127
2015-07-18,UFC Fight Night: Bisping vs Leites,Michael Bisping vs. Thales Leites,Thales Leites,127
2017-06-25,UFC Fight Night: Chiesa vs. Lee,Michael Chiesa vs. Kevin Lee,Michael Chiesa,115
2017-06-25,UFC Fight Night: Chiesa vs. Lee,Michael Chiesa vs. Kevin Lee,Kevin Lee,-115
2016-07-30,UFC 201: Lawler vs. Woodley,Michael Graves vs. Bojan Velickovic,Michael Graves,-174
2016-07-30,UFC 201: Lawler vs. Woodley,Michael Graves vs. Bojan Velickovic,Bojan Velickovic,174
2015-08-08,UFC Fight Night: Teixeira vs Saint Preux,Michael Johnson vs. Beneil Dariush,Michael Johnson,-104
2015-08-08,UFC Fight Night: Teixeira vs Saint Preux,Michael Johnson vs. Beneil Dariush,Beneil Dariush,104
2015-12-19,UFC on FOX: Dos Anjos vs. Cowboy 2,Michael Johnson vs. Nate Diaz,Michael Johnson,-144
2015-12-19,UFC on FOX: Dos Anjos vs. Cowboy 2,Michael Johnson vs. Nate Diaz,Nate Diaz,144
2016-07-13,UFC Fight Night: McDonald vs. Lineker,Michael McDonald vs. John Lineker,Michael McDonald,120
2016-07-13,UFC Fight Night: McDonald vs. Lineker,Michael McDonald vs. John Lineker,John Lineker,-120
2016-01-02,UFC 195: Lawler vs Condit,Michael McDonald vs. Masanori Kanehara,Michael McDonald,-119
2016-01-02,UFC 195: Lawler vs Condit,Michael McDonald vs. Masanori Kanehara,Masanori Kanehara,119
2017-03-11,UFC Fight Night: Belfort vs. Gastelum,Michel Prazeres vs. Joshua Burkman,Michel Prazeres,-150
2017-03-11,UFC Fight Night: Belfort vs. Gastelum,Michel Prazeres vs. Joshua Burkman,Joshua Burkman,150
2016-07-07,UFC Fight Night: Dos Anjos vs. Alvarez,Mike Pyle vs. Alberto Mina,Mike Pyle,-109
2016-07-07,UFC Fight Night: Dos Anjos vs. Alvarez,Mike Pyle vs. Alberto Mina,Alberto Mina,109
2016-12-30,UFC 207: Nunes vs. Rousey,Mike Pyle vs. Alex Garcia,Mike Pyle,187
2016-12-30,UFC 207: Nunes vs. Rousey,Mike Pyle vs. Alex Garcia,Alex Garcia,-187
2016-02-06,UFC Fight Night: Hendricks vs Thompson,Mike Pyle vs. Sean Spencer,Mike Pyle,173
2016-02-06,UFC Fight Night: Hendricks vs Thompson,Mike Pyle vs. Sean Spencer,Sean Spencer,-173
2015-07-11,UFC 189: Mendes vs McGregor,Mike Swick vs. Alex Garcia,Mike Swick,175
2015-07-11,UFC 189: Mendes vs McGregor,Mike Swick vs. Alex Garcia,Alex Garcia,-175
2016-02-27,UFC Fight Night: Silva vs Bisping,Mike Wilkinson vs. Makwan Amirkhani,Mike Wilkinson,256
2016-02-27,UFC Fight Night: Silva vs Bisping,Mike Wilkinson vs. Makwan Amirkhani,Makwan Amirkhani,-256
2017-03-04,UFC 209: Woodley vs. Thompson 2,Mirsad Bektic vs. Darren Elkins,Mirsad Bektic,-120
2017-03-04,UFC 209: Woodley vs. Thompson 2,Mirsad Bektic vs. Darren Elkins,Darren Elkins,120
2016-10-08,UFC 204: Bisping vs. Henderson,Mirsad Bektic vs. Russell Doane,Mirsad Bektic,-156
2016-10-08,UFC 204: Bisping vs. Henderson,Mirsad Bektic vs. Russell Doane,Russell Doane,156
2017-09-09,UFC 215: Nunes vs Shevchenko 2,Mitch Clarke vs. Alex White,Mitch Clarke,129
2017-09-09,UFC 215: Nunes vs Shevchenko 2,Mitch Clarke vs. Alex White,Alex White,-129
2016-12-10,UFC 206: Holloway vs. Pettis,Mitch Gagnon vs. Matthew Lopez,Mitch Gagnon,-153
2016-12-10,UFC 206: Holloway vs. Pettis,Mitch Gagnon vs. Matthew Lopez,Matthew Lopez,153
2017-04-08,UFC 210: Cormier vs. Johnson 2,Myles Jury vs. Mike de la Torre,Myles Jury,-181
2017-04-08,UFC 210: Cormier vs. Johnson 2,Myles Jury vs. Mike de la Torre,Mike de la Torre,181
2015-09-26,UFC Fight Night: Barnett vs Nelson,Naoyuki Kotani vs. Kajan Johnson,Naoyuki Kotani,155
2015-09-26,UFC Fight Night: Barnett vs Nelson,Naoyuki Kotani vs. Kajan Johnson,Kajan Johnson,-155
2016-08-20,UFC 202: Diaz vs. McGregor 2,Nate Diaz vs. Conor McGregor,Nate Diaz,105
2016-08-20,UFC 202: Diaz vs. McGregor 2,Nate Diaz vs. Conor McGregor,Conor McGregor,-105
2017-01-28,UFC on FOX: Shevchenko vs. Pena,Nate Marquardt vs. Sam Alvey,Nate Marquardt,-115
2017-01-28,UFC on FOX: Shevchenko vs. Pena,Nate Marquardt vs. Sam Alvey,Sam Alvey,115
2016-10-01,UFC Fight Night: Lineker vs. Dodson,Nate Marquardt vs. Tamdan McCrory,Nate Marquardt,130
2016-10-01,UFC Fight Night: Lineker vs. Dodson,Nate Marquardt vs. Tamdan McCrory,Tamdan McCrory,-130
2015-08-23,UFC Fight Night: Holloway vs Oliveira,Neil Magny vs. Erick Silva,Neil Magny,-181
2015-08-23,UFC Fight Night: Holloway vs Oliveira,Neil Magny vs. Erick Silva,Erick Silva,181
2015-11-21,UFC Fight Night: Magny vs Gastelum,Neil Magny vs. Kelvin Gastelum,Neil Magny,113
2015-11-21,UFC Fight Night: Magny vs Gastelum,Neil Magny vs. Kelvin Gastelum,Kelvin Gastelum,-113
2016-08-20,UFC 202: Diaz vs. McGregor 2,Neil Magny vs. Lorenz Larkin,Neil Magny,-156
2016-08-20,UFC 202: Diaz vs. McGregor 2,Neil Magny vs. Lorenz Larkin,Lorenz Larkin,156
2017-09-09,UFC 215: Nunes vs Shevchenko 2,Neil Magny vs. Rafael Dos Anjos,Neil Magny,-115
2017-09-09,UFC 215: Nunes vs Shevchenko 2,Neil Magny vs. Rafael Dos Anjos,Rafael Dos Anjos,115
2015-10-24,UFC Fight Night: Holohan vs Smolka,Neil Seery vs. Jon Delos Reyes,Neil Seery,-101
2015-10-24,UFC Fight Night: Holohan vs Smolka,Neil Seery vs. Jon Delos Reyes,Jon Delos Reyes,101
2015-07-11,UFC 189: Mendes vs McGregor,Neil Seery vs. Louis Smolka,Neil Seery,103
2015-07-11,UFC 189: Mendes vs McGregor,Neil Seery vs. Louis Smolka,Louis Smolka,-103
2017-05-28,UFC Fight Night: Gustafsson vs. Teixeira,Nicholas Musoke vs. Bojan Velickovic,Nicholas Musoke,109
2017-05-28,UFC Fight Night: Gustafsson vs. Teixeira,Nicholas Musoke vs. Bojan Velickovic,Bojan Velickovic,-109
2016-09-03,UFC Fight Night: Arlovski vs. Barnett,Nick Hein vs. Tae Hyun Bang,Nick Hein,-116
2016-09-03,UFC Fight Night: Arlovski vs. Barnett,Nick Hein vs. Tae Hyun Bang,Tae Hyun Bang,116
2015-10-24,UFC Fight Night: Holohan vs Smolka,Nicolas Dalby vs. Darren Till,Nicolas Dalby,106
2015-10-24,UFC Fight Night: Holohan vs Smolka,Nicolas Dalby vs. Darren Till,Darren Till,-106
2016-04-10,UFC Fight Night: Rothwell vs Dos Santos,Nicolas Dalby vs. Zak Cummings,Nicolas Dalby,103
2016-04-10,UFC Fight Night: Rothwell vs Dos Santos,Nicolas Dalby vs. Zak Cummings,Zak Cummings,-103
2016-07-30,UFC 201: Lawler vs. Woodley,Nikita Krylov vs. Ed Herman,Nikita Krylov,-182
2016-07-30,UFC 201: Lawler vs. Woodley,Nikita Krylov vs. Ed Herman,Ed Herman,182
2016-05-08,UFC Fight Night: Overeem vs Arlovski,Nikita Krylov vs. Francimar Barroso,Nikita Krylov,-148
2016-05-08,UFC Fight Night: Overeem vs Arlovski,Nikita Krylov vs. Francimar Barroso,Francimar Barroso,148
2016-12-10,UFC 206: Holloway vs. Pettis,Nikita Krylov vs. Misha Cirkunov,Nikita Krylov,117
2016-12-10,UFC 206: Holloway vs. Pettis,Nikita Krylov vs. Misha Cirkunov,Misha Cirkunov,-117
2015-06-20,UFC Fight Night: Jedrzejczyk vs Penne,Niklas Backstrom vs. Noad Lahat,Niklas Backstrom,111
2015-06-20,UFC Fight Night: Jedrzejczyk vs Penne,Niklas Backstrom vs. Noad Lahat,Noad Lahat,-111
2016-02-06,UFC Fight Night: Hendricks vs Thompson,Noad Lahat vs. Diego Rivas,Noad Lahat,-101
2016-02-06,UFC Fight Night: Hendricks vs Thompson,Noad Lahat vs. Diego Rivas,Diego Rivas,101
2017-02-19,UFC Fight Night: Lewis vs. Browne,Nordine Taleb vs. Santiago Ponzinibbio,Nordine Taleb,-125
2017-02-19,UFC Fight Night: Lewis vs. Browne,Nordine Taleb vs. Santiago Ponzinibbio,Santiago Ponzinibbio,125
2015-10-24,UFC Fight Night: Holohan vs Smolka,Norman Parke vs. Reza Madadi,Norman Parke,-122
2015-10-24,UFC Fight Night: Holohan vs Smolka,Norman Parke vs. Reza Madadi,Reza Madadi,122
2016-02-27,UFC Fight Night: Silva vs Bisping,Norman Parke vs. Rustam Khabilov,Norman Parke,-119
2016-02-27,UFC Fight Night: Silva vs Bisping,Norman Parke vs. Rustam Khabilov,Rustam Khabilov,119
2016-01-30,UFC on FOX: Johnson vs. Bader,Olivier Aubin-Mercier vs. Diego Ferreira,Olivier Aubin-Mercier,-131
2016-01-30,UFC on FOX: Johnson vs. Bader,Olivier Aubin-Mercier vs. Diego Ferreira,Diego Ferreira,131
2016-12-10,UFC 206: Holloway vs. Pettis,Olivier Aubin-Mercier vs. Drew Dober,Olivier Aubin-Mercier,-136
2016-12-10,UFC 206: Holloway vs. Pettis,Olivier Aubin-Mercier vs. Drew Dober,Drew Dober,136
2016-06-18,UFC Fight Night: MacDonald vs Thompson,Olivier Aubin-Mercier vs. Thibault Gouti,Olivier Aubin-Mercier,-149
2016-06-18,UFC Fight Night: MacDonald vs Thompson,Olivier Aubin-Mercier vs. Thibault Gouti,Thibault Gouti,149
2015-08-23,UFC Fight Night: Holloway vs Oliveira,Olivier Aubin-Mercier vs. Tony Sims,Olivier Aubin-Mercier,-134
2015-08-23,UFC Fight Night: Holloway vs Oliveira,Olivier Aubin-Mercier vs. Tony Sims,Tony Sims,134
2016-04-16,UFC on FOX: Teixeira vs Evans,Oluwale Bamgbose vs. Cezar Ferreira,Oluwale Bamgbose,136
2016-04-16,UFC on FOX: Teixeira vs Evans,Oluwale Bamgbose vs. Cezar Ferreira,Cezar Ferreira,-136
2015-12-10,UFC Fight Night: Namajunas vs. VanZant,Omari Akhmedov vs. Sergio Moraes,Omari Akhmedov,-114
2015-12-10,UFC Fight Night: Namajunas vs. VanZant,Omari Akhmedov vs. Sergio Moraes,Sergio Moraes,114
2016-10-08,UFC 204: Bisping vs. Henderson,Ovince Saint Preux vs. Jimi Manuwa,Ovince Saint Preux,-111
2016-10-08,UFC 204: Bisping vs. Henderson,Ovince Saint Preux vs. Jimi Manuwa,Jimi Manuwa,111
2017-04-22,UFC Fight Night: Swanson vs. Lobov,Ovince Saint Preux vs. Marcos Rogerio de Lima,Ovince Saint Preux,134
2017-04-22,UFC Fight Night: Swanson vs. Lobov,Ovince Saint Preux vs. Marcos Rogerio de Lima,Marcos Rogerio de Lima,-134
2016-02-06,UFC Fight Night: Hendricks vs Thompson,Ovince Saint Preux vs. Rafael Cavalcante,Ovince Saint Preux,-150
2016-02-06,UFC Fight Night: Hendricks vs Thompson,Ovince Saint Preux vs. Rafael Cavalcante,Rafael Cavalcante,150
2015-10-24,UFC Fight Night: Holohan vs Smolka,Paddy Holohan vs. Louis Smolka,Paddy Holohan,-100
2015-10-24,UFC Fight Night: Holohan vs Smolka,Paddy Holohan vs. Louis Smolka,Louis Smolka,100
2015-07-18,UFC Fight Night: Bisping vs Leites,Paddy Holohan vs. Vaughan Lee,Paddy Holohan,-114
2015-07-18,UFC Fight Night: Bisping vs Leites,Paddy Holohan vs. Vaughan Lee,Vaughan Lee,114
2016-01-17,UFC Fight Night: Dillashaw vs Cruz,Patrick Cote vs. Ben Saunders,Patrick Cote,174
2016-01-17,UFC Fight Night: Dillashaw vs Cruz,Patrick Cote vs. Ben Saunders,Ben Saunders,-174
2015-08-23,UFC Fight Night: Holloway vs Oliveira,Patrick Cote vs. Joshua Burkman,Patrick Cote,144
2015-08-23,UFC Fight Night: Holloway vs Oliveira,Patrick Cote vs. Joshua Burkman,Joshua Burkman,-144
2017-07-22,UFC Fight Night: Weidman vs. Gastelum,Patrick Cummins vs. Gian Villante,Patrick Cummins,-141
2017-07-22,UFC Fight Night: Weidman vs. Gastelum,Patrick Cummins vs. Gian Villante,Gian Villante,141
2017-04-08,UFC 210: Cormier vs. Johnson 2,Patrick Cummins vs. Jan Blachowicz,Patrick Cummins,-127
2017-04-08,UFC 210: Cormier vs. Johnson 2,Patrick Cummins vs. Jan Blachowicz,Jan Blachowicz,127
2017-02-19,UFC Fight Night: Lewis vs. Browne,Paul Felder vs. Alex Ricci,Paul Felder,-110
2017-02-19,UFC Fight Night: Lewis vs. Browne,Paul Felder vs. Alex Ricci,Alex Ricci,110
2016-01-17,UFC Fight Night: Dillashaw vs Cruz,Paul Felder vs. Daron Cruickshank,Paul Felder,103
2016-01-17,UFC Fight Night: Dillashaw vs Cruz,Paul Felder vs. Daron Cruickshank,Daron Cruickshank,-103
2017-06-03,UFC 212: Aldo vs. Holloway,Paulo Costa vs. Oluwale Bamgbose,Paulo Costa,-119
2017-06-03,UFC 212: Aldo vs. Holloway,Paulo Costa vs. Oluwale Bamgbose,Oluwale Bamgbose,119
2017-05-28,UFC Fight Night: Gustafsson vs. Teixeira,Pedro Munhoz vs. Damian Stasiak,Pedro Munhoz,156
2017-05-28,UFC Fight Night: Gustafsson vs. Teixeira,Pedro Munhoz vs. Damian Stasiak,Damian Stasiak,-156
2015-11-07,UFC Fight Night: Belfort vs Henderson 3,Pedro Munhoz vs. Jimmie Rivera,Pedro Munhoz,-107
2015-11-07,UFC Fight Night: Belfort vs Henderson 3,Pedro Munhoz vs. Jimmie Rivera,Jimmie Rivera,107
2016-11-19,UFC Fight Night: Bader vs. Nogueira,Pedro Munhoz vs. Justin Scoggins,Pedro Munhoz,236
2016-11-19,UFC Fight Night: Bader vs. Nogueira,Pedro Munhoz vs. Justin Scoggins,Justin Scoggins,-236
2017-05-28,UFC Fight Night: Gustafsson vs. Teixeira,Peter Sobotta vs. Ben Saunders,Peter Sobotta,-101
2017-05-28,UFC Fight Night: Gustafsson vs. Teixeira,Peter Sobotta vs. Ben Saunders,Ben Saunders,101
2016-09-03,UFC Fight Night: Arlovski vs. Barnett,Peter Sobotta vs. Nicolas Dalby,Peter Sobotta,119
2016-09-03,UFC Fight Night: Arlovski vs. Barnett,Peter Sobotta vs. Nicolas Dalby,Nicolas Dalby,-119
2015-08-01,UFC 190: Rousey vs Correia,Rafael Cavalcante vs. Patrick Cummins,Rafael Cavalcante,211
2015-08-01,UFC 190: Rousey vs Correia,Rafael Cavalcante vs. Patrick Cummins,Patrick Cummins,-211
2015-12-19,UFC on FOX: Dos Anjos vs. Cowboy 2,Rafael Dos Anjos vs. Donald Cerrone,Rafael Dos Anjos,-147
2015-12-19,UFC on FOX: Dos Anjos vs. Cowboy 2,Rafael Dos Anjos vs. Donald Cerrone,Donald Cerrone,147
2016-07-07,UFC Fight Night: Dos Anjos vs. Alvarez,Rafael Dos Anjos vs. Eddie Alvarez,Rafael Dos Anjos,-216
2016-07-07,UFC Fight Night: Dos Anjos vs. Alvarez,Rafael Dos Anjos vs. Eddie Alvarez,Eddie Alvarez,216
2016-11-05,UFC Fight Night: Dos Anjos vs. Ferguson,Rafael Dos Anjos vs. Tony Ferguson,Rafael Dos Anjos,103
2016-11-05,UFC Fight Night: Dos Anjos vs. Ferguson,Rafael Dos Anjos vs. Tony Ferguson,Tony Ferguson,-103
2016-01-30,UFC on FOX: Johnson vs. Bader,Rafael Natal vs. Kevin Casey,Rafael Natal,-142
2016-01-30,UFC on FOX: Johnson vs. Bader,Rafael Natal vs. Kevin Casey,Kevin Casey,142
2016-11-12,UFC 205: Alvarez vs McGregor,Rafael Natal vs. Tim Boetsch,Rafael Natal,-159
2016-11-12,UFC 205: Alvarez vs McGregor,Rafael Natal vs. Tim Boetsch,Tim Boetsch,159
2017-02-11,UFC 208: Holm vs. De Randamie,Randy Brown vs. Belal Muhammad,Randy Brown,-126
2017-02-11,UFC 208: Holm vs. De Randamie,Randy Brown vs. Belal Muhammad,Belal Muhammad,126
2016-04-16,UFC on FOX: Teixeira vs Evans,Randy Brown vs. Michael Graves,Randy Brown,137
2016-04-16,UFC on FOX: Teixeira vs Evans,Randy Brown vs. Michael Graves,Michael Graves,-137
2017-03-11,UFC Fight Night: Belfort vs. Gastelum,Rani Yahya vs. Joe Soto,Rani Yahya,-122
2017-03-11,UFC Fight Night: Belfort vs. Gastelum,Rani Yahya vs. Joe Soto,Joe Soto,122
2015-07-15,UFC Fight Night: Mir vs Duffee,Rani Yahya vs. Masanori Kanehara,Rani Yahya,100
2015-07-15,UFC Fight Night: Mir vs Duffee,Rani Yahya vs. Masanori Kanehara,Masanori Kanehara,-100
2016-09-24,UFC Fight Night: Cyborg vs. Lansberg,Rani Yahya vs. Michinori Tanaka,Rani Yahya,106
2016-09-24,UFC Fight Night: Cyborg vs. Lansberg,Rani Yahya vs. Michinori Tanaka,Michinori Tanaka,-106
2017-03-04,UFC 209: Woodley vs. Thompson 2,Rashad Evans vs. Daniel Kelly,Rashad Evans,-125
2017-03-04,UFC 209: Woodley vs. Thompson 2,Rashad Evans vs. Daniel Kelly,Daniel Kelly,125
2016-02-06,UFC Fight Night: Hendricks vs Thompson,Ray Borg vs. Justin Scoggins,Ray Borg,116
2016-02-06,UFC Fight Night: Hendricks vs Thompson,Ray Borg vs. Justin Scoggins,Justin Scoggins,-116
2016-05-29,UFC Fight Night: Almeida vs Garbrandt,Renan Barao vs. Jeremy Stephens,Renan Barao,103
2016-05-29,UFC Fight Night: Almeida vs Garbrandt,Renan Barao vs. Jeremy Stephens,Jeremy Stephens,-103
2016-09-24,UFC Fight Night: Cyborg vs. Lansberg,Renan Barao vs. Phillipe Nover,Renan Barao,-169
2016-09-24,UFC Fight Night: Cyborg vs. Lansberg,Renan Barao vs. Phillipe Nover,Phillipe Nover,169
2016-05-14,UFC 198: Werdum vs Miocic,Renato Moicano vs. Zubaira Tukhugov,Renato Moicano,149
2016-05-14,UFC 198: Werdum vs Miocic,Renato Moicano vs. Zubaira Tukhugov,Zubaira Tukhugov,-149
2017-05-28,UFC Fight Night: Gustafsson vs. Teixeira,Reza Madadi vs. Joaquim Silva,Reza Madadi,103
2017-05-28,UFC Fight Night: Gustafsson vs. Teixeira,Reza Madadi vs. Joaquim Silva,Joaquim Silva,-103
2016-11-05,UFC Fight Night: Dos Anjos vs. Ferguson,Ricardo Lamas vs. Charles Oliveira,Ricardo Lamas,120
2016-11-05,UFC Fight Night: Dos Anjos vs. Ferguson,Ricardo Lamas vs. Charles Oliveira,Charles Oliveira,-120
2015-11-21,UFC Fight Night: Magny vs Gastelum,Ricardo Lamas vs. Diego Sanchez,Ricardo Lamas,-129
2015-11-21,UFC Fight Night: Magny vs Gastelum,Ricardo Lamas vs. Diego Sanchez,Diego Sanchez,129
2017-07-29,UFC 214: Cormier vs. Jones 2,Ricardo Lamas vs. Jason Knight,Ricardo Lamas,160
2017-07-29,UFC 214: Cormier vs. Jones 2,Ricardo Lamas vs. Jason Knight,Jason Knight,-160
2016-11-26,UFC Fight Night: Whittaker vs. Brunson,Richard Walsh vs. Jonathan Meunier,Richard Walsh,-152
2016-11-26,UFC Fight Night: Whittaker vs. Brunson,Richard Walsh vs. Jonathan Meunier,Jonathan Meunier,152
2015-11-14,UFC 193: Rousey vs Holm,Richard Walsh vs. Steve Kennedy,Richard Walsh,-195
2015-11-14,UFC 193: Rousey vs Holm,Richard Walsh vs. Steve Kennedy,Steve Kennedy,195
2016-03-19,UFC Fight Night: Hunt vs Mir,Richard Walsh vs. Viscardi Andrade,Richard Walsh,-144
2016-03-19,UFC Fight Night: Hunt vs Mir,Richard Walsh vs. Viscardi Andrade,Viscardi Andrade,144
2015-11-14,UFC 193: Rousey vs Holm,Richie Vaculik vs. Danny Martinez,Richie Vaculik,122
2015-11-14,UFC 193: Rousey vs Holm,Richie Vaculik vs. Danny Martinez,Danny Martinez,-122
2016-08-20,UFC 202: Diaz vs. McGregor 2,Rick Story vs. Donald Cerrone,Rick Story,-162
2016-08-20,UFC 202: Diaz vs. McGregor 2,Rick Story vs. Donald Cerrone,Donald Cerrone,162
2017-02-11,UFC 208: Holm vs. De Randamie,Ricky Glenn vs. Phillipe Nover,Ricky Glenn,-116
2017-02-11,UFC 208: Holm vs. De Randamie,Ricky Glenn vs. Phillipe Nover,Phillipe Nover,116
2016-09-17,UFC Fight Night: Poirier vs. Johnson,Roan Carneiro vs. Kenny Robertson,Roan Carneiro,103
2016-09-17,UFC Fight Night: Poirier vs. Johnson,Roan Carneiro vs. Kenny Robertson,Kenny Robertson,-103
2017-07-08,UFC 213: Romero vs. Whittaker,Rob Font vs. Douglas Silva de Andrade,Rob Font,-123
2017-07-08,UFC 213: Romero vs. Whittaker,Rob Font vs. Douglas Silva de Andrade,Douglas Silva de Andrade,123
2016-01-02,UFC 195: Lawler vs Condit,Robbie Lawler vs. Carlos Condit,Robbie Lawler,121
2016-01-02,UFC 195: Lawler vs Condit,Robbie Lawler vs. Carlos Condit,Carlos Condit,-121
2017-07-29,UFC 214: Cormier vs. Jones 2,Robbie Lawler vs. Donald Cerrone,Robbie Lawler,104
2017-07-29,UFC 214: Cormier vs. Jones 2,Robbie Lawler vs. Donald Cerrone,Donald Cerrone,-104
2015-07-11,UFC 189: Mendes vs McGregor,Robbie Lawler vs. Rory MacDonald,Robbie Lawler,188
2015-07-11,UFC 189: Mendes vs McGregor,Robbie Lawler vs. Rory MacDonald,Rory MacDonald,-188
2016-07-30,UFC 201: Lawler vs. Woodley,Robbie Lawler vs. Tyron Woodley,Robbie Lawler,114
2016-07-30,UFC 201: Lawler vs. Woodley,Robbie Lawler vs. Tyron Woodley,Tyron Woodley,-114
2016-04-10,UFC Fight Night: Rothwell vs Dos Santos,Robert Whiteford vs. Lucas Martins,Robert Whiteford,-116
2016-04-10,UFC Fight Night: Rothwell vs Dos Santos,Robert Whiteford vs. Lucas Martins,Lucas Martins,116
2015-07-18,UFC Fight Night: Bisping vs Leites,Robert Whiteford vs. Paul Redmond,Robert Whiteford,-139
2015-07-18,UFC Fight Night: Bisping vs Leites,Robert Whiteford vs. Paul Redmond,Paul Redmond,139
2016-11-26,UFC Fight Night: Whittaker vs. Brunson,Robert Whittaker vs. Derek Brunson,Robert Whittaker,100
2016-11-26,UFC Fight Night: Whittaker vs. Brunson,Robert Whittaker vs. Derek Brunson,Derek Brunson,-100
2016-04-23,UFC 197: Jones vs Saint Preux,Robert Whittaker vs. Rafael Natal,Robert Whittaker,-106
2016-04-23,UFC 197: Jones vs Saint Preux,Robert Whittaker vs. Rafael Natal,Rafael Natal,106
2016-05-14,UFC 198: Werdum vs Miocic,Rogerio Nogueira vs. Patrick Cummins,Rogerio Nogueira,176
2016-05-14,UFC 198: Werdum vs Miocic,Rogerio Nogueira vs. Patrick Cummins,Patrick Cummins,-176
2017-03-11,UFC Fight Night: Belfort vs. Gastelum,Rony Jason vs. Jeremy Kennedy,Rony Jason,150
2017-03-11,UFC Fight Night: Belfort vs. Gastelum,Rony Jason vs. Jeremy Kennedy,Jeremy Kennedy,-150
2016-06-18,UFC Fight Night: MacDonald vs Thompson,Rory MacDonald vs. Stephen Thompson,Rory MacDonald,-128
2016-06-18,UFC Fight Night: MacDonald vs Thompson,Rory MacDonald vs. Stephen Thompson,Stephen Thompson,128
2016-03-19,UFC Fight Night: Hunt vs Mir,Ross Pearson vs. Chad Laprise,Ross Pearson,-131
2016-03-19,UFC Fight Night: Hunt vs Mir,Ross Pearson vs. Chad Laprise,Chad Laprise,131
2016-01-17,UFC Fight Night: Dillashaw vs Cruz,Ross Pearson vs. Francisco Trinaldo,Ross Pearson,-120
2016-01-17,UFC Fight Night: Dillashaw vs Cruz,Ross Pearson vs. Francisco Trinaldo,Francisco Trinaldo,120
2016-07-30,UFC 201: Lawler vs. Woodley,Ross Pearson vs. Jorge Masvidal,Ross Pearson,141
2016-07-30,UFC 201: Lawler vs. Woodley,Ross Pearson vs. Jorge Masvidal,Jorge Masvidal,-141
2015-09-05,UFC 191: Johnson vs Dodson 2,Ross Pearson vs. Paul Felder,Ross Pearson,-163
2015-09-05,UFC 191: Johnson vs Dodson 2,Ross Pearson vs. Paul Felder,Paul Felder,163
2016-11-19,UFC Fight Night: Mousasi vs. Hall 2,Ross Pearson vs. Stevie Ray,Ross Pearson,122
2016-11-19,UFC Fight Night: Mousasi vs. Hall 2,Ross Pearson vs. Stevie Ray,Stevie Ray,-122
2016-09-24,UFC Fight Night: Cyborg vs. Lansberg,Roy Nelson vs. Antonio Silva,Roy Nelson,-120
2016-09-24,UFC Fight Night: Cyborg vs. Lansberg,Roy Nelson vs. Antonio Silva,Antonio Silva,120
2016-07-07,UFC Fight Night: Dos Anjos vs. Alvarez,Roy Nelson vs. Derrick Lewis,Roy Nelson,179
2016-07-07,UFC Fight Night: Dos Anjos vs. Alvarez,Roy Nelson vs. Derrick Lewis,Derrick Lewis,-179
2016-02-06,UFC Fight Night: Hendricks vs Thompson,Roy Nelson vs. Jared Rosholt,Roy Nelson,212
2016-02-06,UFC Fight Night: Hendricks vs Thompson,Roy Nelson vs. Jared Rosholt,Jared Rosholt,-212
2015-07-12,The Ultimate Fighter: American Top Team vs. Blackzilians Finale,Russell Doane vs. Jerrod Sanders,Russell Doane,-174
2015-07-12,The Ultimate Fighter: American Top Team vs. Blackzilians Finale,Russell Doane vs. Jerrod Sanders,Jerrod Sanders,174
2016-07-07,UFC Fight Night: Dos Anjos vs. Alvarez,Russell Doane vs. Pedro Munhoz,Russell Doane,-126
2016-07-07,UFC Fight Night: Dos Anjos vs. Alvarez,Russell Doane vs. Pedro Munhoz,Pedro Munhoz,126
2016-05-08,UFC Fight Night: Overeem vs Arlovski,Rustam Khabilov vs. Chris Wade,Rustam Khabilov,110
2016-05-08,UFC Fight Night: Overeem vs Arlovski,Rustam Khabilov vs. Chris Wade,Chris Wade,-110
2017-09-02,UFC Fight Night: Volkov vs. Struve,Rustam Khabilov vs. Desmond Green,Rustam Khabilov,-118
2017-09-02,UFC Fight Night: Volkov vs. Struve,Rustam Khabilov vs. Desmond Green,Desmond Green,118
2016-09-03,UFC Fight Night: Arlovski vs. Barnett,Rustam Khabilov vs. Leandro Silva,Rustam Khabilov,-136
2016-09-03,UFC Fight Night: Arlovski vs. Barnett,Rustam Khabilov vs. Leandro Silva,Leandro Silva,136
2016-09-03,UFC Fight Night: Arlovski vs. Barnett,Ryan Bader vs. Ilir Latifi,Ryan Bader,-129
2016-09-03,UFC Fight Night: Arlovski vs. Barnett,Ryan Bader vs. Ilir Latifi,Ilir Latifi,129
2015-10-03,UFC 192: Cormier vs Gustafsson,Ryan Bader vs. Rashad Evans,Ryan Bader,-136
2015-10-03,UFC 192: Cormier vs Gustafsson,Ryan Bader vs. Rashad Evans,Rashad Evans,136
2016-11-19,UFC Fight Night: Bader vs. Nogueira,Ryan Bader vs. Rogerio Nogueira,Ryan Bader,-165
2016-11-19,UFC Fight Night: Bader vs. Nogueira,Ryan Bader vs. Rogerio Nogueira,Rogerio Nogueira,165
2016-07-30,UFC 201: Lawler vs. Woodley,Ryan Benoit vs. Fredy Serrano,Ryan Benoit,147
2016-07-30,UFC 201: Lawler vs. Woodley,Ryan Benoit vs. Fredy Serrano,Fredy Serrano,-147
2017-07-22,UFC Fight Night: Weidman vs. Gastelum,Ryan LaFlare vs. Alex Oliveira,Ryan LaFlare,107
2017-07-22,UFC Fight Night: Weidman vs. Gastelum,Ryan LaFlare vs. Alex Oliveira,Alex Oliveira,-107
2015-12-11,The Ultimate Fighter: Team McGregor vs. Team Faber Finale,Ryan LaFlare vs. Mike Pierce,Ryan LaFlare,-115
2015-12-11,The Ultimate Fighter: Team McGregor vs. Team Faber Finale,Ryan LaFlare vs. Mike Pierce,Mike Pierce,115
2017-02-11,UFC 208: Holm vs. De Randamie,Ryan LaFlare vs. Roan Carneiro,Ryan LaFlare,-113
2017-02-11,UFC 208: Holm vs. De Randamie,Ryan LaFlare vs. Roan Carneiro,Roan Carneiro,113
2016-01-30,UFC on FOX: Johnson vs. Bader,Sage Northcutt vs. Bryan Barberena,Sage Northcutt,-216
2016-01-30,UFC on FOX: Johnson vs. Bader,Sage Northcutt vs. Bryan Barberena,Bryan Barberena,216
2015-12-10,UFC Fight Night: Namajunas vs. VanZant,Sage Northcutt vs. Cody Pfister,Sage Northcutt,-149
2015-12-10,UFC Fight Night: Namajunas vs. VanZant,Sage Northcutt vs. Cody Pfister,Cody Pfister,149
2016-07-09,UFC 200: Tate vs Nunes,Sage Northcutt vs. Enrique Marin,Sage Northcutt,-187
2016-07-09,UFC 200: Tate vs Nunes,Sage Northcutt vs. Enrique Marin,Enrique Marin,187
2016-12-17,UFC on FOX: VanZant vs. Waterson,Sage Northcutt vs. Mickey Gall,Sage Northcutt,115
2016-12-17,UFC on FOX: VanZant vs. Waterson,Sage Northcutt vs. Mickey Gall,Mickey Gall,-115
2016-11-05,UFC Fight Night: Dos Anjos vs. Ferguson,Sam Alvey vs. Alex Nicholson,Sam Alvey,-117
2016-11-05,UFC Fight Night: Dos Anjos vs. Ferguson,Sam Alvey vs. Alex Nicholson,Alex Nicholson,117
2016-08-27,UFC on FOX: Maia vs. Condit,Sam Alvey vs. Kevin Casey,Sam Alvey,-149
2016-08-27,UFC on FOX: Maia vs. Condit,Sam Alvey vs. Kevin Casey,Kevin Casey,149
2017-08-05,UFC Fight Night: Pettis vs. Moreno,Sam Alvey vs. Rashad Evans,Sam Alvey,116
2017-08-05,UFC Fight Night: Pettis vs. Moreno,Sam Alvey vs. Rashad Evans,Rashad Evans,-116
2015-07-15,UFC Fight Night: Mir vs Duffee,Sam Sicilia vs. Yaotzin Meza,Sam Sicilia,-111
2015-07-15,UFC Fight Night: Mir vs Duffee,Sam Sicilia vs. Yaotzin Meza,Yaotzin Meza,111
2015-08-23,UFC Fight Night: Holloway vs Oliveira,Sam Stout vs. Frankie Perez,Sam Stout,129
2015-08-23,UFC Fight Night: Holloway vs Oliveira,Sam Stout vs. Frankie Perez,Frankie Perez,-129
2015-12-10,UFC Fight Night: Namajunas vs. VanZant,Santiago Ponzinibbio vs. Andreas Stahl,Santiago Ponzinibbio,105
2015-12-10,UFC Fight Night: Namajunas vs. VanZant,Santiago Ponzinibbio vs. Andreas Stahl,Andreas Stahl,-105
2015-06-27,UFC Fight Night: Machida vs Romero,Santiago Ponzinibbio vs. Lorenz Larkin,Santiago Ponzinibbio,101
2015-06-27,UFC Fight Night: Machida vs Romero,Santiago Ponzinibbio vs. Lorenz Larkin,Lorenz Larkin,-101
2016-08-06,UFC Fight Night: Rodriguez vs. Caceres,Santiago Ponzinibbio vs. Zak Cummings,Santiago Ponzinibbio,-106
2016-08-06,UFC Fight Night: Rodriguez vs. Caceres,Santiago Ponzinibbio vs. Zak Cummings,Zak Cummings,106
2015-06-20,UFC Fight Night: Jedrzejczyk vs Penne,Scott Askham vs. Antonio Dos Santos,Scott Askham,-104
2015-06-20,UFC Fight Night: Jedrzejczyk vs Penne,Scott Askham vs. Antonio Dos Santos,Antonio Dos Santos,104
2016-02-27,UFC Fight Night: Silva vs Bisping,Scott Askham vs. Chris Dempsey,Scott Askham,109
2016-02-27,UFC Fight Night: Silva vs Bisping,Scott Askham vs. Chris Dempsey,Chris Dempsey,-109
2015-10-24,UFC Fight Night: Holohan vs Smolka,Scott Askham vs. Krzysztof Jotko,Scott Askham,114
2015-10-24,UFC Fight Night: Holohan vs Smolka,Scott Askham vs. Krzysztof Jotko,Krzysztof Jotko,-114
2016-07-13,UFC Fight Night: McDonald vs. Lineker,Scott Holtzman vs. Cody Pfister,Scott Holtzman,-105
2016-07-13,UFC Fight Night: McDonald vs. Lineker,Scott Holtzman vs. Cody Pfister,Cody Pfister,105
2016-01-02,UFC 195: Lawler vs Condit,Scott Holtzman vs. Drew Dober,Scott Holtzman,-129
2016-01-02,UFC 195: Lawler vs Condit,Scott Holtzman vs. Drew Dober,Drew Dober,129
2017-04-22,UFC Fight Night: Swanson vs. Lobov,Scott Holtzman vs. Michael McBride,Scott Holtzman,-163
2017-04-22,UFC Fight Night: Swanson vs. Lobov,Scott Holtzman vs. Michael McBride,Michael McBride,163
2015-07-15,UFC Fight Night: Mir vs Duffee,Scott Jorgensen vs. Manvel Gamburyan,Scott Jorgensen,-103
2015-07-15,UFC Fight Night: Mir vs Duffee,Scott Jorgensen vs. Manvel Gamburyan,Manvel Gamburyan,103
2016-06-04,UFC 199: Rockhold vs. Bisping 2,Sean Strickland vs. Tom Breese,Sean Strickland,-114
2016-06-04,UFC 199: Rockhold vs. Bisping 2,Sean Strickland vs. Tom Breese,Tom Breese,114
2016-11-19,UFC Fight Night: Bader vs. Nogueira,Sergio Moraes vs. Zak Ottow,Sergio Moraes,110
2016-11-19,UFC Fight Night: Bader vs. Nogueira,Sergio Moraes vs. Zak Ottow,Zak Ottow,-110
2017-08-05,UFC Fight Night: Pettis vs. Moreno,Sergio Pettis vs. Brandon Moreno,Sergio Pettis,111
2017-08-05,UFC Fight Night: Pettis vs. Moreno,Sergio Pettis vs. Brandon Moreno,Brandon Moreno,-111
2016-04-23,UFC 197: Jones vs Saint Preux,Sergio Pettis vs. Chris Kelades,Sergio Pettis,-178
2016-04-23,UFC 197: Jones vs Saint Preux,Sergio Pettis vs. Chris Kelades,Chris Kelades,178
2016-10-01,UFC Fight Night: Lineker vs. Dodson,Shamil Abdurakhimov vs. Walt Harris,Shamil Abdurakhimov,-107
2016-10-01,UFC Fight Night: Lineker vs. Dodson,Shamil Abdurakhimov vs. Walt Harris,Walt Harris,107
2017-04-08,UFC 210: Cormier vs. Johnson 2,Shane Burgos vs. Charles Rosa,Shane Burgos,-137
2017-04-08,UFC 210: Cormier vs. Johnson 2,Shane Burgos vs. Charles Rosa,Charles Rosa,137
2017-07-22,UFC Fight Night: Weidman vs. Gastelum,Shane Burgos vs. Godofredo Pepey,Shane Burgos,-122
2017-07-22,UFC Fight Night: Weidman vs. Gastelum,Shane Burgos vs. Godofredo Pepey,Godofredo Pepey,122
2015-08-23,UFC Fight Night: Holloway vs Oliveira,Shane Campbell vs. Elias Silverio,Shane Campbell,190
2015-08-23,UFC Fight Night: Holloway vs Oliveira,Shane Campbell vs. Elias Silverio,Elias Silverio,-190
2015-10-03,UFC 192: Cormier vs Gustafsson,Shawn Jordan vs. Ruslan Magomedov,Shawn Jordan,-107
2015-10-03,UFC 192: Cormier vs Gustafsson,Shawn Jordan vs. Ruslan Magomedov,Ruslan Magomedov,107
2016-01-02,UFC 195: Lawler vs Condit,Sheldon Westcott vs. Edgar Garcia,Sheldon Westcott,132
2016-01-02,UFC 195: Lawler vs Condit,Sheldon Westcott vs. Edgar Garcia,Edgar Garcia,-132
2017-09-22,UFC Fight Night: Saint Preux vs. Okami,Shinsho Anzai vs. Luke Jumeau,Shinsho Anzai,-105
2017-09-22,UFC Fight Night: Saint Preux vs. Okami,Shinsho Anzai vs. Luke Jumeau,Luke Jumeau,105
2015-08-01,UFC 190: Rousey vs Correia,Stefan Struve vs. Antonio Rodrigo Nogueira,Stefan Struve,-117
2015-08-01,UFC 190: Rousey vs Correia,Stefan Struve vs. Antonio Rodrigo Nogueira,Antonio Rodrigo Nogueira,117
2016-10-08,UFC 204: Bisping vs. Henderson,Stefan Struve vs. Daniel Omielanczuk,Stefan Struve,-122
2016-10-08,UFC 204: Bisping vs. Henderson,Stefan Struve vs. Daniel Omielanczuk,Daniel Omielanczuk,122
2015-11-14,UFC 193: Rousey vs Holm,Stefan Struve vs. Jared Rosholt,Stefan Struve,151
2015-11-14,UFC 193: Rousey vs Holm,Stefan Struve vs. Jared Rosholt,Jared Rosholt,-151
2016-06-18,UFC Fight Night: MacDonald vs Thompson,Steve Bosse vs. Sean O'Connell,Steve Bosse,-137
2016-06-18,UFC Fight Night: MacDonald vs Thompson,Steve Bosse vs. Sean O'Connell,Sean O'Connell,137
2015-07-18,UFC Fight Night: Bisping vs Leites,Stevie Ray vs. Leonardo Mafra,Stevie Ray,-112
2015-07-18,UFC Fight Night: Bisping vs Leites,Stevie Ray vs. Leonardo Mafra,Leonardo Mafra,112
2015-10-24,UFC Fight Night: Holohan vs Smolka,Stevie Ray vs. Mickael Lebout,Stevie Ray,-112
2015-10-24,UFC Fight Night: Holohan vs Smolka,Stevie Ray vs. Mickael Lebout,Mickael Lebout,112
2017-07-16,UFC Fight Night: Nelson vs. Ponzinibbio,Stevie Ray vs. Paul Felder,Stevie Ray,-116
2017-07-16,UFC Fight Night: Nelson vs. Ponzinibbio,Stevie Ray vs. Paul Felder,Paul Felder,116
2016-09-10,UFC 203: Miocic vs. Overeem,Stipe Miocic vs. Alistair Overeem,Stipe Miocic,-104
2016-09-10,UFC 203: Miocic vs. Overeem,Stipe Miocic vs. Alistair Overeem,Alistair Overeem,104
2016-01-02,UFC 195: Lawler vs Condit,Stipe Miocic vs. Andrei Arlovski,Stipe Miocic,-122
2016-01-02,UFC 195: Lawler vs Condit,Stipe Miocic vs. Andrei Arlovski,Andrei Arlovski,122
2017-05-13,UFC 211: Miocic vs. Dos Santos,Stipe Miocic vs. Junior Dos Santos,Stipe Miocic,-123
2017-05-13,UFC 211: Miocic vs. Dos Santos,Stipe Miocic vs. Junior Dos Santos,Junior Dos Santos,123
2016-01-17,UFC Fight Night: Dillashaw vs Cruz,TJ Dillashaw vs. Dominick Cruz,TJ Dillashaw,-117
2016-01-17,UFC Fight Night: Dillashaw vs Cruz,TJ Dillashaw vs. Dominick Cruz,Dominick Cruz,117
2016-12-30,UFC 207: Nunes vs. Rousey,TJ Dillashaw vs. John Lineker,TJ Dillashaw,-114
2016-12-30,UFC 207: Nunes vs. Rousey,TJ Dillashaw vs. John Lineker,John Lineker,114
2016-07-09,UFC 200: Tate vs Nunes,TJ Dillashaw vs. Raphael Assuncao,TJ Dillashaw,110
2016-07-09,UFC 200: Tate vs Nunes,TJ Dillashaw vs. Raphael Assuncao,Raphael Assuncao,-110
2015-07-25,UFC on FOX: Dillashaw vs. Barao II,TJ Dillashaw vs. Renan Barao,TJ Dillashaw,105
2015-07-25,UFC on FOX: Dillashaw vs. Barao II,TJ Dillashaw vs. Renan Barao,Renan Barao,-105
2015-11-28,UFC Fight Night: Henderson vs Masvidal,Tae Hyun Bang vs. Leo Kuntz,Tae Hyun Bang,-146
2015-11-28,UFC Fight Night: Henderson vs Masvidal,Tae Hyun Bang vs. Leo Kuntz,Leo Kuntz,146
2017-09-22,UFC Fight Night: Saint Preux vs. Okami,Takanori Gomi vs. Dong Hyun Ma,Takanori Gomi,151
2017-09-22,UFC Fight Night: Saint Preux vs. Okami,Takanori Gomi vs. Dong Hyun Ma,Dong Hyun Ma,-151
2017-06-17,UFC Fight Night: Holm vs. Correia,Takanori Gomi vs. Jon Tuck,Takanori Gomi,124
2017-06-17,UFC Fight Night: Holm vs. Correia,Takanori Gomi vs. Jon Tuck,Jon Tuck,-124
2015-09-26,UFC Fight Night: Barnett vs Nelson,Takeya Mizugaki vs. George Roop,Takeya Mizugaki,102
2015-09-26,UFC Fight Night: Barnett vs Nelson,Takeya Mizugaki vs. George Roop,George Roop,-102
2016-06-18,UFC Fight Night: MacDonald vs Thompson,Tamdan McCrory vs. Krzysztof Jotko,Tamdan McCrory,-102
2016-06-18,UFC Fight Night: MacDonald vs Thompson,Tamdan McCrory vs. Krzysztof Jotko,Krzysztof Jotko,102
2016-01-30,UFC on FOX: Johnson vs. Bader,Tarec Saffiedine vs. Jake Ellenberger,Tarec Saffiedine,151
2016-01-30,UFC on FOX: Johnson vs. Bader,Tarec Saffiedine vs. Jake Ellenberger,Jake Ellenberger,-151
2017-06-17,UFC Fight Night: Holm vs. Correia,Tarec Saffiedine vs. Rafael Dos Anjos,Tarec Saffiedine,139
2017-06-17,UFC Fight Night: Holm vs. Correia,Tarec Saffiedine vs. Rafael Dos Anjos,Rafael Dos Anjos,-139
2016-05-29,UFC Fight Night: Almeida vs Garbrandt,Tarec Saffiedine vs. Rick Story,Tarec Saffiedine,172
2016-05-29,UFC Fight Night: Almeida vs Garbrandt,Tarec Saffiedine vs. Rick Story,Rick Story,-172
2016-09-03,UFC Fight Night: Arlovski vs. Barnett,Taylor Lapilus vs. Leandro Issa,Taylor Lapilus,-134
2016-09-03,UFC Fight Night: Arlovski vs. Barnett,Taylor Lapilus vs. Leandro Issa,Leandro Issa,134
2015-06-20,UFC Fight Night: Jedrzejczyk vs Penne,Taylor Lapilus vs. Yuta Sasaki,Taylor Lapilus,-128
2015-06-20,UFC Fight Night: Jedrzejczyk vs Penne,Taylor Lapilus vs. Yuta Sasaki,Yuta Sasaki,128
2016-08-06,UFC Fight Night: Rodriguez vs. Caceres,Teruto Ishihara vs. Horacio Gutierrez,Teruto Ishihara,-142
2016-08-06,UFC Fight Night: Rodriguez vs. Caceres,Teruto Ishihara vs. Horacio Gutierrez,Horacio Gutierrez,142
2017-09-22,UFC Fight Night: Saint Preux vs. Okami,Teruto Ishihara vs. Rolando Dy,Teruto Ishihara,-133
2017-09-22,UFC Fight Night: Saint Preux vs. Okami,Teruto Ishihara vs. Rolando Dy,Rolando Dy,133
2016-08-06,UFC Fight Night: Rodriguez vs. Caceres,Thales Leites vs. Chris Camozzi,Thales Leites,153
2016-08-06,UFC Fight Night: Rodriguez vs. Caceres,Thales Leites vs. Chris Camozzi,Chris Camozzi,-153
2016-11-19,UFC Fight Night: Bader vs. Nogueira,Thales Leites vs. Krzysztof Jotko,Thales Leites,142
2016-11-19,UFC Fight Night: Bader vs. Nogueira,Thales Leites vs. Krzysztof Jotko,Krzysztof Jotko,-142
2017-04-22,UFC Fight Night: Swanson vs. Lobov,Thales Leites vs. Sam Alvey,Thales Leites,108
2017-04-22,UFC Fight Night: Swanson vs. Lobov,Thales Leites vs. Sam Alvey,Sam Alvey,-108
2017-04-08,UFC 210: Cormier vs. Johnson 2,Thiago Alves vs. Patrick Cote,Thiago Alves,-171
2017-04-08,UFC 210: Cormier vs. Johnson 2,Thiago Alves vs. Patrick Cote,Patrick Cote,171
2016-09-24,UFC Fight Night: Cyborg vs. Lansberg,Thiago Santos vs. Eric Spicely,Thiago Santos,-141
2016-09-24,UFC Fight Night: Cyborg vs. Lansberg,Thiago Santos vs. Eric Spicely,Eric Spicely,141
2017-07-08,UFC 213: Romero vs. Whittaker,Thiago Santos vs. Gerald Meerschaert,Thiago Santos,-105
2017-07-08,UFC 213: Romero vs. Whittaker,Thiago Santos vs. Gerald Meerschaert,Gerald Meerschaert,105
2016-05-14,UFC 198: Werdum vs Miocic,Thiago Santos vs. Nate Marquardt,Thiago Santos,-120
2016-05-14,UFC 198: Werdum vs Miocic,Thiago Santos vs. Nate Marquardt,Nate Marquardt,120
2017-09-02,UFC Fight Night: Volkov vs. Struve,Thibault Gouti vs. Andrew Holbrook,Thibault Gouti,139
2017-09-02,UFC Fight Night: Volkov vs. Struve,Thibault Gouti vs. Andrew Holbrook,Andrew Holbrook,-139
2016-11-19,UFC Fight Night: Bader vs. Nogueira,Thomas Almeida vs. Albert Morales,Thomas Almeida,-108
2016-11-19,UFC Fight Night: Bader vs. Nogueira,Thomas Almeida vs. Albert Morales,Albert Morales,108
2015-11-07,UFC Fight Night: Belfort vs Henderson 3,Thomas Almeida vs. Anthony Birchak,Thomas Almeida,176
2015-11-07,UFC Fight Night: Belfort vs Henderson 3,Thomas Almeida vs. Anthony Birchak,Anthony Birchak,-176
2016-05-29,UFC Fight Night: Almeida vs Garbrandt,Thomas Almeida vs. Cody Garbrandt,Thomas Almeida,119
2016-05-29,UFC Fight Night: Almeida vs Garbrandt,Thomas Almeida vs. Cody Garbrandt,Cody Garbrandt,-119
2016-01-17,UFC Fight Night: Dillashaw vs Cruz,Tim Boetsch vs. Ed Herman,Tim Boetsch,104
2016-01-17,UFC Fight Night: Dillashaw vs Cruz,Tim Boetsch vs. Ed Herman,Ed Herman,-104
2017-06-25,UFC Fight Night: Chiesa vs. Lee,Tim Boetsch vs. Johny Hendricks,Tim Boetsch,178
2017-06-25,UFC Fight Night: Chiesa vs. Lee,Tim Boetsch vs. Johny Hendricks,Johny Hendricks,-178
2016-07-13,UFC Fight Night: McDonald vs. Lineker,Tim Boetsch vs. Josh Samman,Tim Boetsch,141
2016-07-13,UFC Fight Night: McDonald vs. Lineker,Tim Boetsch vs. Josh Samman,Josh Samman,-141
2017-06-10,UFC Fight Night: Lewis vs. Hunt,Tim Elliott vs. Ben Nguyen,Tim Elliott,-147
2017-06-10,UFC Fight Night: Lewis vs. Hunt,Tim Elliott vs. Ben Nguyen,Ben Nguyen,147
2016-12-10,UFC 206: Holloway vs. Pettis,Tim Kennedy vs. Kelvin Gastelum,Tim Kennedy,179
2016-12-10,UFC 206: Holloway vs. Pettis,Tim Kennedy vs. Kelvin Gastelum,Kelvin Gastelum,-179
2017-06-25,UFC Fight Night: Chiesa vs. Lee,Tim Means vs. Alex Garcia,Tim Means,108
2017-06-25,UFC Fight Night: Chiesa vs. Lee,Tim Means vs. Alex Garcia,Alex Garcia,-108
2015-12-10,UFC Fight Night: Namajunas vs. VanZant,Tim Means vs. John Howard,Tim Means,-178
2015-12-10,UFC Fight Night: Namajunas vs. VanZant,Tim Means vs. John Howard,John Howard,178
2016-02-27,UFC Fight Night: Silva vs Bisping,Tom Breese vs. Keita Nakamura,Tom Breese,-161
2016-02-27,UFC Fight Night: Silva vs Bisping,Tom Breese vs. Keita Nakamura,Keita Nakamura,161
2017-07-08,UFC 213: Romero vs. Whittaker,Travis Browne vs. Aleksei Oleinik,Travis Browne,-108
2017-07-08,UFC 213: Romero vs. Whittaker,Travis Browne vs. Aleksei Oleinik,Aleksei Oleinik,108
2016-01-17,UFC Fight Night: Dillashaw vs Cruz,Travis Browne vs. Matt Mitrione,Travis Browne,119
2016-01-17,UFC Fight Night: Dillashaw vs Cruz,Travis Browne vs. Matt Mitrione,Matt Mitrione,-119
2017-05-28,UFC Fight Night: Gustafsson vs. Teixeira,Trevor Smith vs. Chris Camozzi,Trevor Smith,142
2017-05-28,UFC Fight Night: Gustafsson vs. Teixeira,Trevor Smith vs. Chris Camozzi,Chris Camozzi,-142
2017-07-29,UFC 214: Cormier vs. Jones 2,Tyron Woodley vs. Demian Maia,Tyron Woodley,105
2017-07-29,UFC 214: Cormier vs. Jones 2,Tyron Woodley vs. Demian Maia,Demian Maia,-105
2016-11-12,UFC 205: Alvarez vs McGregor,Tyron Woodley vs. Stephen Thompson,Tyron Woodley,143
2016-11-12,UFC 205: Alvarez vs McGregor,Tyron Woodley vs. Stephen Thompson,Stephen Thompson,-132
2017-03-04,UFC 209: Woodley vs. Thompson 2,Tyron Woodley vs. Stephen Thompson,Tyron Woodley,119
2017-03-04,UFC 209: Woodley vs. Thompson 2,Tyron Woodley vs. Stephen Thompson,Stephen Thompson,-114
2017-03-04,UFC 209: Woodley vs. Thompson 2,Tyson Pedro vs. Paul Craig,Tyson Pedro,-158
2017-03-04,UFC 209: Woodley vs. Thompson 2,Tyson Pedro vs. Paul Craig,Paul Craig,158
2016-09-17,UFC Fight Night: Poirier vs. Johnson,Uriah Hall vs. Derek Brunson,Uriah Hall,111
2016-09-17,UFC Fight Night: Poirier vs. Johnson,Uriah Hall vs. Derek Brunson,Derek Brunson,-111
2015-11-14,UFC 193: Rousey vs Holm,Uriah Hall vs. Robert Whittaker,Uriah Hall,108
2015-11-14,UFC 193: Rousey vs Holm,Uriah Hall vs. Robert Whittaker,Robert Whittaker,-108
2015-12-12,UFC 194: Aldo vs McGregor,Urijah Faber vs. Frankie Saenz,Urijah Faber,-116
2015-12-12,UFC 194: Aldo vs McGregor,Urijah Faber vs. Frankie Saenz,Frankie Saenz,116
2016-09-10,UFC 203: Miocic vs. Overeem,Urijah Faber vs. Jimmie Rivera,Urijah Faber,109
2016-09-10,UFC 203: Miocic vs. Overeem,Urijah Faber vs. Jimmie Rivera,Jimmie Rivera,-109
2015-11-21,UFC Fight Night: Magny vs Gastelum,Valmir Lazaro vs. Michel Prazeres,Valmir Lazaro,-111
2015-11-21,UFC Fight Night: Magny vs Gastelum,Valmir Lazaro vs. Michel Prazeres,Michel Prazeres,111
2016-07-07,UFC Fight Night: Dos Anjos vs. Alvarez,Vicente Luque vs. Alvaro Herrera Mendoza,Vicente Luque,134
2016-07-07,UFC Fight Night: Dos Anjos vs. Alvarez,Vicente Luque vs. Alvaro Herrera Mendoza,Alvaro Herrera Mendoza,-134
2016-11-12,UFC 205: Alvarez vs McGregor,Vicente Luque vs. Belal Muhammad,Vicente Luque,-145
2016-11-12,UFC 205: Alvarez vs McGregor,Vicente Luque vs. Belal Muhammad,Belal Muhammad,145
2016-09-24,UFC Fight Night: Cyborg vs. Lansberg,Vicente Luque vs. Hector Urbina,Vicente Luque,-170
2016-09-24,UFC Fight Night: Cyborg vs. Lansberg,Vicente Luque vs. Hector Urbina,Hector Urbina,170
2016-08-06,UFC Fight Night: Rodriguez vs. Caceres,Viktor Pesta vs. Marcin Tybura,Viktor Pesta,-111
2016-08-06,UFC Fight Night: Rodriguez vs. Caceres,Viktor Pesta vs. Marcin Tybura,Marcin Tybura,111
2015-11-07,UFC Fight Night: Belfort vs Henderson 3,Viscardi Andrade vs. Gasan Umalatov,Viscardi Andrade,-123
2015-11-07,UFC Fight Night: Belfort vs Henderson 3,Viscardi Andrade vs. Gasan Umalatov,Gasan Umalatov,123
2015-11-07,UFC Fight Night: Belfort vs Henderson 3,Vitor Belfort vs. Dan Henderson,Vitor Belfort,-188
2015-11-07,UFC Fight Night: Belfort vs Henderson 3,Vitor Belfort vs. Dan Henderson,Dan Henderson,188
2016-10-08,UFC 204: Bisping vs. Henderson,Vitor Belfort vs. Gegard Mousasi,Vitor Belfort,172
2016-10-08,UFC 204: Bisping vs. Henderson,Vitor Belfort vs. Gegard Mousasi,Gegard Mousasi,-172
2017-06-03,UFC 212: Aldo vs. Holloway,Vitor Belfort vs. Nate Marquardt,Vitor Belfort,117
2017-06-03,UFC 212: Aldo vs. Holloway,Vitor Belfort vs. Nate Marquardt,Nate Marquardt,-117
2015-08-01,UFC 190: Rousey vs Correia,Vitor Miranda vs. Clint Hester,Vitor Miranda,144
2015-08-01,UFC 190: Rousey vs Correia,Vitor Miranda vs. Clint Hester,Clint Hester,-144
2016-03-05,UFC 196: McGregor vs Diaz,Vitor Miranda vs. Marcelo Guimaraes,Vitor Miranda,-108
2016-03-05,UFC 196: McGregor vs Diaz,Vitor Miranda vs. Marcelo Guimaraes,Marcelo Guimaraes,108
2017-06-25,UFC Fight Night: Chiesa vs. Lee,Vitor Miranda vs. Marvin Vettori,Vitor Miranda,165
2017-06-25,UFC Fight Night: Chiesa vs. Lee,Vitor Miranda vs. Marvin Vettori,Marvin Vettori,-165
2017-05-28,UFC Fight Night: Gustafsson vs. Teixeira,Volkan Oezdemir vs. Misha Cirkunov,Volkan Oezdemir,183
2017-05-28,UFC Fight Night: Gustafsson vs. Teixeira,Volkan Oezdemir vs. Misha Cirkunov,Misha Cirkunov,-183
2017-01-15,UFC Fight Night: Rodriguez vs. Penn,Walt Harris vs. Chase Sherman,Walt Harris,104
2017-01-15,UFC Fight Night: Rodriguez vs. Penn,Walt Harris vs. Chase Sherman,Chase Sherman,-104
2016-05-14,UFC 198: Werdum vs Miocic,Warlley Alves vs. Bryan Barberena,Warlley Alves,103
2016-05-14,UFC 198: Werdum vs Miocic,Warlley Alves vs. Bryan Barberena,Bryan Barberena,-103
2015-12-12,UFC 194: Aldo vs McGregor,Warlley Alves vs. Colby Covington,Warlley Alves,135
2015-12-12,UFC 194: Aldo vs McGregor,Warlley Alves vs. Colby Covington,Colby Covington,-135
2016-11-19,UFC Fight Night: Bader vs. Nogueira,Warlley Alves vs. Kamaru Usman,Warlley Alves,163
2016-11-19,UFC Fight Night: Bader vs. Nogueira,Warlley Alves vs. Kamaru Usman,Kamaru Usman,-163
2015-08-01,UFC 190: Rousey vs Correia,Warlley Alves vs. Nordine Taleb,Warlley Alves,131
2015-08-01,UFC 190: Rousey vs Correia,Warlley Alves vs. Nordine Taleb,Nordine Taleb,-131
2016-10-01,UFC Fight Night: Lineker vs. Dodson,Will Brooks vs. Alex Oliveira,Will Brooks,131
2016-10-01,UFC Fight Night: Lineker vs. Dodson,Will Brooks vs. Alex Oliveira,Alex Oliveira,-131
2017-04-08,UFC 210: Cormier vs. Johnson 2,Will Brooks vs. Charles Oliveira,Will Brooks,140
2017-04-08,UFC 210: Cormier vs. Johnson 2,Will Brooks vs. Charles Oliveira,Charles Oliveira,-140
2017-02-11,UFC 208: Holm vs. De Randamie,Wilson Reis vs. Yuta Sasaki,Wilson Reis,-145
2017-02-11,UFC 208: Holm vs. De Randamie,Wilson Reis vs. Yuta Sasaki,Yuta Sasaki,145
2016-08-06,UFC Fight Night: Rodriguez vs. Caceres,Yair Rodriguez vs. Alex Caceres,Yair Rodriguez,-111
2016-08-06,UFC Fight Night: Rodriguez vs. Caceres,Yair Rodriguez vs. Alex Caceres,Alex Caceres,111
2016-04-23,UFC 197: Jones vs Saint Preux,Yair Rodriguez vs. Andre Fili,Yair Rodriguez,-101
2016-04-23,UFC 197: Jones vs Saint Preux,Yair Rodriguez vs. Andre Fili,Andre Fili,101
2017-01-15,UFC Fight Night: Rodriguez vs. Penn,Yair Rodriguez vs. BJ Penn,Yair Rodriguez,-210
2017-01-15,UFC Fight Night: Rodriguez vs. Penn,Yair Rodriguez vs. BJ Penn,BJ Penn,210
2015-10-03,UFC 192: Cormier vs Gustafsson,Yair Rodriguez vs. Dan Hooker,Yair Rodriguez,-144
2015-10-03,UFC 192: Cormier vs Gustafsson,Yair Rodriguez vs. Dan Hooker,Dan Hooker,144
2015-11-07,UFC Fight Night: Belfort vs Henderson 3,Yan Cabral vs. Johnny Case,Yan Cabral,112
2015-11-07,UFC Fight Night: Belfort vs Henderson 3,Yan Cabral vs. Johnny Case,Johnny Case,-112
2016-05-08,UFC Fight Night: Overeem vs Arlovski,Yan Cabral vs. Reza Madadi,Yan Cabral,-105
2016-05-08,UFC Fight Night: Overeem vs Arlovski,Yan Cabral vs. Reza Madadi,Reza Madadi,105
2016-09-10,UFC 203: Miocic vs. Overeem,Yancy Medeiros vs. Sean Spencer,Yancy Medeiros,122
2016-09-10,UFC 203: Miocic vs. Overeem,Yancy Medeiros vs. Sean Spencer,Sean Spencer,-122
2015-11-28,UFC Fight Night: Henderson vs Masvidal,Yao Zhikui vs. Fredy Serrano,Yao Zhikui,111
2015-11-28,UFC Fight Night: Henderson vs Masvidal,Yao Zhikui vs. Fredy Serrano,Fredy Serrano,-111
2017-07-08,UFC 213: Romero vs. Whittaker,Yoel Romero vs. Robert Whittaker,Yoel Romero,130
2017-07-08,UFC 213: Romero vs. Whittaker,Yoel Romero vs. Robert Whittaker,Robert Whittaker,-130
2015-07-11,UFC 189: Mendes vs McGregor,Yosdenis Cedeno vs. Cody Pfister,Yosdenis Cedeno,101
2015-07-11,UFC 189: Mendes vs McGregor,Yosdenis Cedeno vs. Cody Pfister,Cody Pfister,-101
2015-11-28,UFC Fight Night: Henderson vs Masvidal,Yoshihiro Akiyama vs. Alberto Mina,Yoshihiro Akiyama,107
2015-11-28,UFC Fight Night: Henderson vs Masvidal,Yoshihiro Akiyama vs. Alberto Mina,Alberto Mina,-107
2015-11-28,UFC Fight Night: Henderson vs Masvidal,Yui Chul Nam vs. Mike de la Torre,Yui Chul Nam,-101
2015-11-28,UFC Fight Night: Henderson vs Masvidal,Yui Chul Nam vs. Mike de la Torre,Mike de la Torre,101
2016-05-08,UFC Fight Night: Overeem vs Arlovski,Yuta Sasaki vs. Willie Gates,Yuta Sasaki,-135
2016-05-08,UFC Fight Night: Overeem vs Arlovski,Yuta Sasaki vs. Willie Gates,Willie Gates,135
2015-08-23,UFC Fight Night: Holloway vs Oliveira,Yves Jabouin vs. Felipe Arantes,Yves Jabouin,138
2015-08-23,UFC Fight Night: Holloway vs Oliveira,Yves Jabouin vs. Felipe Arantes,Felipe Arantes,-138
2016-12-10,UFC 206: Holloway vs. Pettis,Zach Makovsky vs. Dustin Ortiz,Zach Makovsky,108
2016-12-10,UFC 206: Holloway vs. Pettis,Zach Makovsky vs. Dustin Ortiz,Dustin Ortiz,-108
2016-11-19,UFC Fight Night: Mousasi vs. Hall 2,Zak Cummings vs. Alexander Yakovlev,Zak Cummings,-108
2016-11-19,UFC Fight Night: Mousasi vs. Hall 2,Zak Cummings vs. Alexander Yakovlev,Alexander Yakovlev,108
2017-04-15,UFC on FOX: Johnson vs. Reis,Zak Cummings vs. Nathan Coy,Zak Cummings,109
2017-04-15,UFC on FOX: Johnson vs. Reis,Zak Cummings vs. Nathan Coy,Nathan Coy,-109
2015-12-10,UFC Fight Night: Namajunas vs. VanZant,Zubaira Tukhugov vs. Phillipe Nover,Zubaira Tukhugov,-200
2015-12-10,UFC Fight Night: Namajunas vs. VanZant,Zubaira Tukhugov vs. Phillipe Nover,Phillipe Nover,200
