DATE,EVENT,BOUT,FIGHTER,odds
2021-04-17,UFC Fight Night: Whittaker vs. Gastelum,Abdul Razak Alhassan vs. Jacob Malkoun,Abdul Razak Alhassan,102.0
2021-04-17,UFC Fight Night: Whittaker vs. Gastelum,Abdul Razak Alhassan vs. Jacob Malkoun,Jacob Malkoun,-102.0
2020-11-14,UFC Fight Night: Felder vs. Dos Anjos,Abdul Razak Alhassan vs. Khaos Williams,Abdul Razak Alhassan,167.0
2020-11-14,UFC Fight Night: Felder vs. Dos Anjos,Abdul Razak Alhassan vs. Khaos Williams,Khaos Williams,-167.0
2021-03-20,UFC Fight Night: Brunson vs. Holland,Adrian Yanez vs. Gustavo Lopez,Adrian Yanez,-167.0
2021-03-20,UFC Fight Night: Brunson vs. Holland,Adrian Yanez vs. Gustavo Lopez,Gustavo Lopez,167.0
2021-07-24,UFC Fight Night: Sandhagen vs. Dillashaw,Adrian Yanez vs. Randy Costa,Adrian Yanez,-100.0
2021-07-24,UFC Fight Night: Sandhagen vs. Dillashaw,Adrian Yanez vs. Randy Costa,Randy Costa,-100.0
2022-06-18,UFC Fight Night: Kattar vs. Emmett,Adrian Yanez vs. Tony Kelley,Adrian Yanez,-259.0
2022-06-18,UFC Fight Night: Kattar vs. Emmett,Adrian Yanez vs. Tony Kelley,Tony Kelley,259.0
2021-11-06,UFC 268: Usman vs. Covington 2,Al Iaquinta vs. King Green,Al Iaquinta,167.0
2021-11-06,UFC 268: Usman vs. Covington 2,Al Iaquinta vs. King Green,King Green,-167.0
2022-04-16,UFC Fight Night: Luque vs. Muhammad,Alatengheili vs. Kevin Croom,Alatengheili,-102.0
2022-04-16,UFC Fight Night: Luque vs. Muhammad,Alatengheili vs. Kevin Croom,Kevin Croom,102.0
2021-10-02,UFC Fight Night: Santos vs. Walker,Alejandro Perez vs. Johnny Eduardo,Alejandro Perez,-167.0
2021-10-02,UFC Fight Night: Santos vs. Walker,Alejandro Perez vs. Johnny Eduardo,Johnny Eduardo,167.0
2022-02-26,UFC Fight Night: Makhachev vs. Green,Alejandro Perez vs. Jonathan Martinez,Alejandro Perez,167.0
2022-02-26,UFC Fight Night: Makhachev vs. Green,Alejandro Perez vs. Jonathan Martinez,Jonathan Martinez,-167.0
2021-06-19,UFC Fight Night: Jung vs. Ige,Aleksa Camur vs. Nicolae Negumereanu,Aleksa Camur,-179.0
2021-06-19,UFC Fight Night: Jung vs. Ige,Aleksa Camur vs. Nicolae Negumereanu,Nicolae Negumereanu,179.0
2021-02-20,UFC Fight Night: Blaydes vs. Lewis,Aleksei Oleinik vs. Chris Daukaus,Aleksei Oleinik,298.0
2021-02-20,UFC Fight Night: Blaydes vs. Lewis,Aleksei Oleinik vs. Chris Daukaus,Chris Daukaus,-298.0
2020-05-09,UFC 249: Ferguson vs. Gaethje,Aleksei Oleinik vs. Fabricio Werdum,Aleksei Oleinik,167.0
2020-05-09,UFC 249: Ferguson vs. Gaethje,Aleksei Oleinik vs. Fabricio Werdum,Fabricio Werdum,-167.0
2022-04-09,UFC 273: Volkanovski vs. The Korean Zombie,Aleksei Oleinik vs. Jared Vanderaa,Aleksei Oleinik,167.0
2022-04-09,UFC 273: Volkanovski vs. The Korean Zombie,Aleksei Oleinik vs. Jared Vanderaa,Jared Vanderaa,-167.0
2021-06-19,UFC Fight Night: Jung vs. Ige,Aleksei Oleinik vs. Serghei Spivac,Aleksei Oleinik,317.0
2021-06-19,UFC Fight Night: Jung vs. Ige,Aleksei Oleinik vs. Serghei Spivac,Serghei Spivac,-317.0
2021-08-28,UFC Fight Night: Barboza vs. Chikadze,Alessio Di Chirico vs. Abdul Razak Alhassan,Alessio Di Chirico,-167.0
2021-08-28,UFC Fight Night: Barboza vs. Chikadze,Alessio Di Chirico vs. Abdul Razak Alhassan,Abdul Razak Alhassan,167.0
2020-08-29,UFC Fight Night: Smith vs. Rakic,Alessio Di Chirico vs. Zak Cummings,Alessio Di Chirico,124.0
2020-08-29,UFC Fight Night: Smith vs. Rakic,Alessio Di Chirico vs. Zak Cummings,Zak Cummings,-124.0
2020-06-06,UFC 250: Nunes vs. Spencer,Alex Caceres vs. Chase Hooper,Alex Caceres,167.0
2020-06-06,UFC 250: Nunes vs. Spencer,Alex Caceres vs. Chase Hooper,Chase Hooper,-167.0
2021-10-23,UFC Fight Night: Costa vs. Vettori,Alex Caceres vs. SeungWoo Choi,Alex Caceres,-189.0
2021-10-23,UFC Fight Night: Costa vs. Vettori,Alex Caceres vs. SeungWoo Choi,SeungWoo Choi,189.0
2021-09-04,UFC Fight Night: Brunson vs. Till,Alex Morono vs. David Zawada,Alex Morono,-167.0
2021-09-04,UFC Fight Night: Brunson vs. Till,Alex Morono vs. David Zawada,David Zawada,167.0
2021-12-04,UFC Fight Night: Font vs. Aldo,Alex Morono vs. Mickey Gall,Alex Morono,-173.0
2021-12-04,UFC Fight Night: Font vs. Aldo,Alex Morono vs. Mickey Gall,Mickey Gall,173.0
2020-11-14,UFC Fight Night: Felder vs. Dos Anjos,Alex Morono vs. Rhys McKee,Alex Morono,-259.0
2020-11-14,UFC Fight Night: Felder vs. Dos Anjos,Alex Morono vs. Rhys McKee,Rhys McKee,259.0
2020-03-07,UFC 248: Adesanya vs. Romero,Alex Oliveira vs. Max Griffin,Alex Oliveira,-259.0
2020-03-07,UFC 248: Adesanya vs. Romero,Alex Oliveira vs. Max Griffin,Max Griffin,259.0
2021-10-02,UFC Fight Night: Santos vs. Walker,Alex Oliveira vs. Niko Price,Alex Oliveira,-173.0
2021-10-02,UFC Fight Night: Santos vs. Walker,Alex Oliveira vs. Niko Price,Niko Price,173.0
2020-07-25,UFC Fight Night: Whittaker vs. Till,Alex Oliveira vs. Peter Sobotta,Alex Oliveira,-317.0
2020-07-25,UFC Fight Night: Whittaker vs. Till,Alex Oliveira vs. Peter Sobotta,Peter Sobotta,317.0
2021-04-24,UFC 261: Usman vs. Masvidal 2,Alex Oliveira vs. Randy Brown,Alex Oliveira,-102.0
2021-04-24,UFC 261: Usman vs. Masvidal 2,Alex Oliveira vs. Randy Brown,Randy Brown,102.0
2022-03-12,UFC Fight Night: Santos vs. Ankalaev,Alex Pereira vs. Bruno Silva,Alex Pereira,-124.0
2022-03-12,UFC Fight Night: Santos vs. Ankalaev,Alex Pereira vs. Bruno Silva,Bruno Silva,124.0
2020-05-13,UFC Fight Night: Smith vs. Teixeira,Alexander Hernandez vs. Drew Dober,Alexander Hernandez,-131.0
2020-05-13,UFC Fight Night: Smith vs. Teixeira,Alexander Hernandez vs. Drew Dober,Drew Dober,131.0
2022-02-12,UFC 271: Adesanya vs. Whittaker 2,Alexander Hernandez vs. Renato Moicano,Alexander Hernandez,-167.0
2022-02-12,UFC 271: Adesanya vs. Whittaker 2,Alexander Hernandez vs. Renato Moicano,Renato Moicano,167.0
2021-02-27,UFC Fight Night: Rozenstruik vs. Gane,Alexander Hernandez vs. Thiago Moises,Alexander Hernandez,-150.0
2021-02-27,UFC Fight Night: Rozenstruik vs. Gane,Alexander Hernandez vs. Thiago Moises,Thiago Moises,150.0
2022-04-09,UFC 273: Volkanovski vs. The Korean Zombie,Alexander Volkanovski vs. Chan Sung Jung,Alexander Volkanovski,-317.0
2022-04-09,UFC 273: Volkanovski vs. The Korean Zombie,Alexander Volkanovski vs. Chan Sung Jung,Chan Sung Jung,317.0
2020-07-11,UFC 251: Usman vs. Masvidal,Alexander Volkanovski vs. Max Holloway,Alexander Volkanovski,165.0
2020-07-11,UFC 251: Usman vs. Masvidal,Alexander Volkanovski vs. Max Holloway,Max Holloway,-143.0
2022-07-02,UFC 276: Adesanya vs. Cannonier,Alexander Volkanovski vs. Max Holloway,Alexander Volkanovski,114.0
2022-07-02,UFC 276: Adesanya vs. Cannonier,Alexander Volkanovski vs. Max Holloway,Max Holloway,114.0
2022-06-04,UFC Fight Night: Volkov vs. Rozenstruik,Alexander Volkov vs. Jairzinho Rozenstruik,Alexander Volkov,-150.0
2022-06-04,UFC Fight Night: Volkov vs. Rozenstruik,Alexander Volkov vs. Jairzinho Rozenstruik,Jairzinho Rozenstruik,150.0
2021-10-30,UFC 267: Blachowicz vs. Teixeira,Alexander Volkov vs. Marcin Tybura,Alexander Volkov,-102.0
2021-10-30,UFC 267: Blachowicz vs. Teixeira,Alexander Volkov vs. Marcin Tybura,Marcin Tybura,102.0
2022-03-19,UFC Fight Night: Volkov vs. Aspinall,Alexander Volkov vs. Tom Aspinall,Alexander Volkov,167.0
2022-03-19,UFC Fight Night: Volkov vs. Aspinall,Alexander Volkov vs. Tom Aspinall,Tom Aspinall,-167.0
2020-10-24,UFC 254: Khabib vs. Gaethje,Alexander Volkov vs. Walt Harris,Alexander Volkov,-298.0
2020-10-24,UFC 254: Khabib vs. Gaethje,Alexander Volkov vs. Walt Harris,Walt Harris,298.0
2022-04-30,UFC Fight Night: Font vs. Vera,Alexandr Romanov vs. Chase Sherman,Alexandr Romanov,-317.0
2022-04-30,UFC Fight Night: Font vs. Vera,Alexandr Romanov vs. Chase Sherman,Chase Sherman,317.0
2021-10-09,UFC Fight Night: Dern vs. Rodriguez,Alexandr Romanov vs. Jared Vanderaa,Alexandr Romanov,-167.0
2021-10-09,UFC Fight Night: Dern vs. Rodriguez,Alexandr Romanov vs. Jared Vanderaa,Jared Vanderaa,167.0
2021-04-17,UFC Fight Night: Whittaker vs. Gastelum,Alexandr Romanov vs. Juan Espino,Alexandr Romanov,167.0
2021-04-17,UFC Fight Night: Whittaker vs. Gastelum,Alexandr Romanov vs. Juan Espino,Juan Espino,-167.0
2020-11-07,UFC Fight Night: Santos vs. Teixeira,Alexandr Romanov vs. Marcos Rogerio de Lima,Alexandr Romanov,-126.0
2020-11-07,UFC Fight Night: Santos vs. Teixeira,Alexandr Romanov vs. Marcos Rogerio de Lima,Marcos Rogerio de Lima,126.0
2020-07-18,UFC Fight Night: Figueiredo vs. Benavidez 2,Alexandre Pantoja vs. Askar Askarov,Alexandre Pantoja,-150.0
2020-07-18,UFC Fight Night: Figueiredo vs. Benavidez 2,Alexandre Pantoja vs. Askar Askarov,Askar Askarov,150.0
2021-08-21,UFC Fight Night: Cannonier vs. Gastelum,Alexandre Pantoja vs. Brandon Royval,Alexandre Pantoja,-150.0
2021-08-21,UFC Fight Night: Cannonier vs. Gastelum,Alexandre Pantoja vs. Brandon Royval,Brandon Royval,150.0
2020-10-10,UFC Fight Night: Moraes vs. Sandhagen,Ali AlQaisi vs. Tony Kelley,Ali AlQaisi,-167.0
2020-10-10,UFC Fight Night: Moraes vs. Sandhagen,Ali AlQaisi vs. Tony Kelley,Tony Kelley,167.0
2021-02-06,UFC Fight Night: Overeem vs. Volkov,Alistair Overeem vs. Alexander Volkov,Alistair Overeem,167.0
2021-02-06,UFC Fight Night: Overeem vs. Volkov,Alistair Overeem vs. Alexander Volkov,Alexander Volkov,-167.0
2020-09-05,UFC Fight Night: Overeem vs. Sakai,Alistair Overeem vs. Augusto Sakai,Alistair Overeem,-100.0
2020-09-05,UFC Fight Night: Overeem vs. Sakai,Alistair Overeem vs. Augusto Sakai,Augusto Sakai,-100.0
2020-05-16,UFC Fight Night: Overeem vs. Harris,Alistair Overeem vs. Walt Harris,Alistair Overeem,126.0
2020-05-16,UFC Fight Night: Overeem vs. Harris,Alistair Overeem vs. Walt Harris,Walt Harris,-126.0
2020-06-06,UFC 250: Nunes vs. Spencer,Alonzo Menifield vs. Devin Clark,Alonzo Menifield,150.0
2020-06-06,UFC 250: Nunes vs. Spencer,Alonzo Menifield vs. Devin Clark,Devin Clark,-150.0
2021-08-07,UFC 265: Lewis vs. Gane,Alonzo Menifield vs. Ed Herman,Alonzo Menifield,-167.0
2021-08-07,UFC 265: Lewis vs. Gane,Alonzo Menifield vs. Ed Herman,Ed Herman,167.0
2021-12-04,UFC Fight Night: Font vs. Aldo,Alonzo Menifield vs. William Knight,Alonzo Menifield,-167.0
2021-12-04,UFC Fight Night: Font vs. Aldo,Alonzo Menifield vs. William Knight,William Knight,167.0
2021-01-23,UFC 257: Poirier vs. McGregor,Amir Albazi vs. Zhalgas Zhumagulov,Amir Albazi,-234.0
2021-01-23,UFC 257: Poirier vs. McGregor,Amir Albazi vs. Zhalgas Zhumagulov,Zhalgas Zhumagulov,234.0
2021-02-13,UFC 258: Usman vs. Burns,Andre Ewell vs. Chris Gutierrez,Andre Ewell,104.0
2021-02-13,UFC 258: Usman vs. Burns,Andre Ewell vs. Chris Gutierrez,Chris Gutierrez,-104.0
2020-09-19,UFC Fight Night: Covington vs. Woodley,Andre Ewell vs. Irwin Rivera,Andre Ewell,-161.0
2020-09-19,UFC Fight Night: Covington vs. Woodley,Andre Ewell vs. Irwin Rivera,Irwin Rivera,161.0
2022-06-11,UFC 275: Teixeira vs. Prochazka,Andre Fialho vs. Jake Matthews,Andre Fialho,167.0
2022-06-11,UFC 275: Teixeira vs. Prochazka,Andre Fialho vs. Jake Matthews,Jake Matthews,-167.0
2020-06-13,UFC Fight Night: Eye vs. Calvillo,Andre Fili vs. Charles Jourdain,Andre Fili,-122.0
2020-06-13,UFC Fight Night: Eye vs. Calvillo,Andre Fili vs. Charles Jourdain,Charles Jourdain,122.0
2022-04-30,UFC Fight Night: Font vs. Vera,Andre Fili vs. Joanderson Brito,Andre Fili,150.0
2022-04-30,UFC Fight Night: Font vs. Vera,Andre Fili vs. Joanderson Brito,Joanderson Brito,-150.0
2020-09-05,UFC Fight Night: Overeem vs. Sakai,Andre Muniz vs. Bartosz Fabinski,Andre Muniz,167.0
2020-09-05,UFC Fight Night: Overeem vs. Sakai,Andre Muniz vs. Bartosz Fabinski,Bartosz Fabinski,-167.0
2021-12-11,UFC 269: Oliveira vs. Poirier,Andre Muniz vs. Eryk Anders,Andre Muniz,-150.0
2021-12-11,UFC 269: Oliveira vs. Poirier,Andre Muniz vs. Eryk Anders,Eryk Anders,150.0
2021-05-01,UFC Fight Night: Reyes vs. Prochazka,Andreas Michailidis vs. KB Bhullar,Andreas Michailidis,-156.0
2021-05-01,UFC Fight Night: Reyes vs. Prochazka,Andreas Michailidis vs. KB Bhullar,KB Bhullar,156.0
2021-10-16,UFC Fight Night: Ladd vs. Dumont,Andrei Arlovski vs. Carlos Felipe,Andrei Arlovski,167.0
2021-10-16,UFC Fight Night: Ladd vs. Dumont,Andrei Arlovski vs. Carlos Felipe,Carlos Felipe,-167.0
2021-04-17,UFC Fight Night: Whittaker vs. Gastelum,Andrei Arlovski vs. Chase Sherman,Andrei Arlovski,150.0
2021-04-17,UFC Fight Night: Whittaker vs. Gastelum,Andrei Arlovski vs. Chase Sherman,Chase Sherman,-150.0
2022-04-30,UFC Fight Night: Font vs. Vera,Andrei Arlovski vs. Jake Collier,Andrei Arlovski,167.0
2022-04-30,UFC Fight Night: Font vs. Vera,Andrei Arlovski vs. Jake Collier,Jake Collier,-167.0
2022-02-12,UFC 271: Adesanya vs. Whittaker 2,Andrei Arlovski vs. Jared Vanderaa,Andrei Arlovski,150.0
2022-02-12,UFC 271: Adesanya vs. Whittaker 2,Andrei Arlovski vs. Jared Vanderaa,Jared Vanderaa,-150.0
2020-11-07,UFC Fight Night: Santos vs. Teixeira,Andrei Arlovski vs. Tanner Boser,Andrei Arlovski,167.0
2020-11-07,UFC Fight Night: Santos vs. Teixeira,Andrei Arlovski vs. Tanner Boser,Tanner Boser,-167.0
2021-02-20,UFC Fight Night: Blaydes vs. Lewis,Andrei Arlovski vs. Tom Aspinall,Andrei Arlovski,
2021-02-20,UFC Fight Night: Blaydes vs. Lewis,Andrei Arlovski vs. Tom Aspinall,Tom Aspinall,
2021-10-16,UFC Fight Night: Ladd vs. Dumont,Andrew Sanchez vs. Bruno Silva,Andrew Sanchez,-129.0
2021-10-16,UFC Fight Night: Ladd vs. Dumont,Andrew Sanchez vs. Bruno Silva,Bruno Silva,129.0
2021-01-23,UFC 257: Poirier vs. McGregor,Andrew Sanchez vs. Makhmud Muradov,Andrew Sanchez,-150.0
2021-01-23,UFC 257: Poirier vs. McGregor,Andrew Sanchez vs. Makhmud Muradov,Makhmud Muradov,150.0
2020-08-08,UFC Fight Night: Lewis vs. Oleinik,Andrew Sanchez vs. Wellington Turman,Andrew Sanchez,-120.0
2020-08-08,UFC Fight Night: Lewis vs. Oleinik,Andrew Sanchez vs. Wellington Turman,Wellington Turman,120.0
2020-05-16,UFC Fight Night: Overeem vs. Harris,Anthony Hernandez vs. Kevin Holland,Anthony Hernandez,126.0
2020-05-16,UFC Fight Night: Overeem vs. Harris,Anthony Hernandez vs. Kevin Holland,Kevin Holland,-126.0
2020-12-19,UFC Fight Night: Thompson vs. Neal,Anthony Pettis vs. Alex Morono,Anthony Pettis,167.0
2020-12-19,UFC Fight Night: Thompson vs. Neal,Anthony Pettis vs. Alex Morono,Alex Morono,-167.0
2020-05-09,UFC 249: Ferguson vs. Gaethje,Anthony Pettis vs. Donald Cerrone,Anthony Pettis,124.0
2020-05-09,UFC 249: Ferguson vs. Gaethje,Anthony Pettis vs. Donald Cerrone,Donald Cerrone,-124.0
2020-08-29,UFC Fight Night: Smith vs. Rakic,Anthony Smith vs. Aleksandar Rakic,Anthony Smith,317.0
2020-08-29,UFC Fight Night: Smith vs. Rakic,Anthony Smith vs. Aleksandar Rakic,Aleksandar Rakic,-317.0
2020-11-28,UFC Fight Night: Smith vs. Clark,Anthony Smith vs. Devin Clark,Anthony Smith,217.0
2020-11-28,UFC Fight Night: Smith vs. Clark,Anthony Smith vs. Devin Clark,Devin Clark,-217.0
2020-05-13,UFC Fight Night: Smith vs. Teixeira,Anthony Smith vs. Glover Teixeira,Anthony Smith,-150.0
2020-05-13,UFC Fight Night: Smith vs. Teixeira,Anthony Smith vs. Glover Teixeira,Glover Teixeira,150.0
2021-04-24,UFC 261: Usman vs. Masvidal 2,Anthony Smith vs. Jimmy Crute,Anthony Smith,298.0
2021-04-24,UFC 261: Usman vs. Masvidal 2,Anthony Smith vs. Jimmy Crute,Jimmy Crute,-298.0
2021-09-18,UFC Fight Night: Smith vs. Spann,Anthony Smith vs. Ryan Spann,Anthony Smith,150.0
2021-09-18,UFC Fight Night: Smith vs. Spann,Anthony Smith vs. Ryan Spann,Ryan Spann,-150.0
2022-04-23,UFC Fight Night: Lemos vs. Andrade,Aoriqileng vs. Cameron Else,Aoriqileng,-167.0
2022-04-23,UFC Fight Night: Lemos vs. Andrade,Aoriqileng vs. Cameron Else,Cameron Else,167.0
2021-09-18,UFC Fight Night: Smith vs. Spann,Arman Tsarukyan vs. Christos Giagos,Arman Tsarukyan,-317.0
2021-09-18,UFC Fight Night: Smith vs. Spann,Arman Tsarukyan vs. Christos Giagos,Christos Giagos,317.0
2022-02-26,UFC Fight Night: Makhachev vs. Green,Arman Tsarukyan vs. Joel Alvarez,Arman Tsarukyan,-167.0
2022-02-26,UFC Fight Night: Makhachev vs. Green,Arman Tsarukyan vs. Joel Alvarez,Joel Alvarez,167.0
2022-06-25,UFC Fight Night: Tsarukyan vs. Gamrot,Arman Tsarukyan vs. Mateusz Gamrot,Arman Tsarukyan,-156.0
2022-06-25,UFC Fight Night: Tsarukyan vs. Gamrot,Arman Tsarukyan vs. Mateusz Gamrot,Mateusz Gamrot,156.0
2021-01-23,UFC 257: Poirier vs. McGregor,Arman Tsarukyan vs. Matt Frevola,Arman Tsarukyan,-317.0
2021-01-23,UFC 257: Poirier vs. McGregor,Arman Tsarukyan vs. Matt Frevola,Matt Frevola,317.0
2022-03-19,UFC Fight Night: Volkov vs. Aspinall,Arnold Allen vs. Dan Hooker,Arnold Allen,-102.0
2022-03-19,UFC Fight Night: Volkov vs. Aspinall,Arnold Allen vs. Dan Hooker,Dan Hooker,102.0
2021-04-10,UFC Fight Night: Vettori vs. Holland,Arnold Allen vs. Sodiq Yusuff,Arnold Allen,-126.0
2021-04-10,UFC Fight Night: Vettori vs. Holland,Arnold Allen vs. Sodiq Yusuff,Sodiq Yusuff,126.0
2022-03-26,UFC Fight Night: Blaydes vs. Daukaus,Askar Askarov vs. Kai Kara-France,Askar Askarov,-100.0
2022-03-26,UFC Fight Night: Blaydes vs. Daukaus,Askar Askarov vs. Kai Kara-France,Kai Kara-France,-100.0
2021-12-11,UFC 269: Oliveira vs. Poirier,Augusto Sakai vs. Tai Tuivasa,Augusto Sakai,102.0
2021-12-11,UFC 269: Oliveira vs. Poirier,Augusto Sakai vs. Tai Tuivasa,Tai Tuivasa,-102.0
2020-08-22,UFC Fight Night: Munhoz vs. Edgar,Austin Hubbard vs. Joe Solecki,Austin Hubbard,150.0
2020-08-22,UFC Fight Night: Munhoz vs. Edgar,Austin Hubbard vs. Joe Solecki,Joe Solecki,-150.0
2021-08-21,UFC Fight Night: Cannonier vs. Gastelum,Austin Lingo vs. Luis Saldana,Austin Lingo,-167.0
2021-08-21,UFC Fight Night: Cannonier vs. Gastelum,Austin Lingo vs. Luis Saldana,Luis Saldana,167.0
2021-04-17,UFC Fight Night: Whittaker vs. Gastelum,Bartosz Fabinski vs. Gerald Meerschaert,Bartosz Fabinski,-167.0
2021-04-17,UFC Fight Night: Whittaker vs. Gastelum,Bartosz Fabinski vs. Gerald Meerschaert,Gerald Meerschaert,167.0
2021-10-16,UFC Fight Night: Ladd vs. Dumont,Batgerel Danaa vs. Brandon Davis,Batgerel Danaa,-167.0
2021-10-16,UFC Fight Night: Ladd vs. Dumont,Batgerel Danaa vs. Brandon Davis,Brandon Davis,167.0
2020-03-07,UFC 248: Adesanya vs. Romero,Batgerel Danaa vs. Guido Cannetti,Batgerel Danaa,-161.0
2020-03-07,UFC 248: Adesanya vs. Romero,Batgerel Danaa vs. Guido Cannetti,Guido Cannetti,161.0
2021-04-24,UFC 261: Usman vs. Masvidal 2,Batgerel Danaa vs. Kevin Natividad,Batgerel Danaa,-150.0
2021-04-24,UFC 261: Usman vs. Masvidal 2,Batgerel Danaa vs. Kevin Natividad,Kevin Natividad,150.0
2021-02-13,UFC 258: Usman vs. Burns,Belal Muhammad vs. Dhiego Lima,Belal Muhammad,-167.0
2021-02-13,UFC 258: Usman vs. Burns,Belal Muhammad vs. Dhiego Lima,Dhiego Lima,167.0
2020-06-20,UFC Fight Night: Blaydes vs. Volkov,Belal Muhammad vs. Lyman Good,Belal Muhammad,-150.0
2020-06-20,UFC Fight Night: Blaydes vs. Volkov,Belal Muhammad vs. Lyman Good,Lyman Good,150.0
2020-10-10,UFC Fight Night: Moraes vs. Sandhagen,Ben Rothwell vs. Marcin Tybura,Ben Rothwell,317.0
2020-10-10,UFC Fight Night: Moraes vs. Sandhagen,Ben Rothwell vs. Marcin Tybura,Marcin Tybura,-317.0
2021-11-13,UFC Fight Night: Holloway vs. Rodriguez,Ben Rothwell vs. Marcos Rogerio de Lima,Ben Rothwell,317.0
2021-11-13,UFC Fight Night: Holloway vs. Rodriguez,Ben Rothwell vs. Marcos Rogerio de Lima,Marcos Rogerio de Lima,-317.0
2020-05-13,UFC Fight Night: Smith vs. Teixeira,Ben Rothwell vs. Ovince Saint Preux,Ben Rothwell,-100.0
2020-05-13,UFC Fight Night: Smith vs. Teixeira,Ben Rothwell vs. Ovince Saint Preux,Ovince Saint Preux,-100.0
2020-03-07,UFC 248: Adesanya vs. Romero,Beneil Dariush vs. Drakkar Klose,Beneil Dariush,-167.0
2020-03-07,UFC 248: Adesanya vs. Romero,Beneil Dariush vs. Drakkar Klose,Drakkar Klose,167.0
2020-08-08,UFC Fight Night: Lewis vs. Oleinik,Beneil Dariush vs. Scott Holtzman,Beneil Dariush,102.0
2020-08-08,UFC Fight Night: Lewis vs. Oleinik,Beneil Dariush vs. Scott Holtzman,Scott Holtzman,-102.0
2020-09-12,UFC Fight Night: Waterson vs. Hill,Billy Quarantillo vs. Kyle Nelson,Billy Quarantillo,-161.0
2020-09-12,UFC Fight Night: Waterson vs. Hill,Billy Quarantillo vs. Kyle Nelson,Kyle Nelson,161.0
2020-05-30,UFC Fight Night: Woodley vs. Burns,Billy Quarantillo vs. Spike Carlyle,Billy Quarantillo,156.0
2020-05-30,UFC Fight Night: Woodley vs. Burns,Billy Quarantillo vs. Spike Carlyle,Spike Carlyle,-156.0
2020-05-30,UFC Fight Night: Woodley vs. Burns,Blagoy Ivanov vs. Augusto Sakai,Blagoy Ivanov,167.0
2020-05-30,UFC Fight Night: Woodley vs. Burns,Blagoy Ivanov vs. Augusto Sakai,Augusto Sakai,-167.0
2022-05-07,UFC 274: Oliveira vs. Gaethje,Blagoy Ivanov vs. Marcos Rogerio de Lima,Blagoy Ivanov,199.0
2022-05-07,UFC 274: Oliveira vs. Gaethje,Blagoy Ivanov vs. Marcos Rogerio de Lima,Marcos Rogerio de Lima,-199.0
2020-09-26,UFC 253: Adesanya vs. Costa,Brad Riddell vs. Alex Da Silva,Brad Riddell,-161.0
2020-09-26,UFC 253: Adesanya vs. Costa,Brad Riddell vs. Alex Da Silva,Alex Da Silva,161.0
2022-07-02,UFC 276: Adesanya vs. Cannonier,Brad Riddell vs. Jalin Turner,Brad Riddell,122.0
2022-07-02,UFC 276: Adesanya vs. Cannonier,Brad Riddell vs. Jalin Turner,Jalin Turner,-122.0
2020-02-22,UFC Fight Night: Felder vs. Hooker,Brad Riddell vs. Magomed Mustafaev,Brad Riddell,-167.0
2020-02-22,UFC Fight Night: Felder vs. Hooker,Brad Riddell vs. Magomed Mustafaev,Magomed Mustafaev,167.0
2021-12-04,UFC Fight Night: Font vs. Aldo,Brad Riddell vs. Rafael Fiziev,Brad Riddell,-156.0
2021-12-04,UFC Fight Night: Font vs. Aldo,Brad Riddell vs. Rafael Fiziev,Rafael Fiziev,156.0
2021-01-23,UFC 257: Poirier vs. McGregor,Brad Tavares vs. Antonio Carlos Junior,Brad Tavares,102.0
2021-01-23,UFC 257: Poirier vs. McGregor,Brad Tavares vs. Antonio Carlos Junior,Antonio Carlos Junior,-102.0
2022-07-02,UFC 276: Adesanya vs. Cannonier,Brad Tavares vs. Dricus Du Plessis,Brad Tavares,156.0
2022-07-02,UFC 276: Adesanya vs. Cannonier,Brad Tavares vs. Dricus Du Plessis,Dricus Du Plessis,-156.0
2020-11-21,UFC 255: Figueiredo vs. Perez,Brandon Moreno vs. Brandon Royval,Brandon Moreno,-167.0
2020-11-21,UFC 255: Figueiredo vs. Perez,Brandon Moreno vs. Brandon Royval,Brandon Royval,167.0
2022-01-22,UFC 270: Ngannou vs. Gane,Brandon Moreno vs. Deiveson Figueiredo,Brandon Moreno,-167.0
2022-01-22,UFC 270: Ngannou vs. Gane,Brandon Moreno vs. Deiveson Figueiredo,Deiveson Figueiredo,167.0
2022-05-07,UFC 274: Oliveira vs. Gaethje,Brandon Royval vs. Matt Schnell,Brandon Royval,-102.0
2022-05-07,UFC 274: Oliveira vs. Gaethje,Brandon Royval vs. Matt Schnell,Matt Schnell,102.0
2022-01-15,UFC Fight Night: Kattar vs. Chikadze,Brandon Royval vs. Rogerio Bontorin,Brandon Royval,-167.0
2022-01-15,UFC Fight Night: Kattar vs. Chikadze,Brandon Royval vs. Rogerio Bontorin,Rogerio Bontorin,167.0
2021-12-04,UFC Fight Night: Font vs. Aldo,Brendan Allen vs. Chris Curtis,Brendan Allen,-317.0
2021-12-04,UFC Fight Night: Font vs. Aldo,Brendan Allen vs. Chris Curtis,Chris Curtis,317.0
2022-06-11,UFC 275: Teixeira vs. Prochazka,Brendan Allen vs. Jacob Malkoun,Brendan Allen,102.0
2022-06-11,UFC 275: Teixeira vs. Prochazka,Brendan Allen vs. Jacob Malkoun,Jacob Malkoun,-102.0
2020-11-14,UFC Fight Night: Felder vs. Dos Anjos,Brendan Allen vs. Sean Strickland,Brendan Allen,140.0
2020-11-14,UFC Fight Night: Felder vs. Dos Anjos,Brendan Allen vs. Sean Strickland,Sean Strickland,-140.0
2020-02-29,UFC Fight Night: Benavidez vs. Figueiredo,Brendan Allen vs. Tom Breese,Brendan Allen,126.0
2020-02-29,UFC Fight Night: Benavidez vs. Figueiredo,Brendan Allen vs. Tom Breese,Tom Breese,-126.0
2020-07-18,UFC Fight Night: Figueiredo vs. Benavidez 2,Brett Johns vs. Montel Jackson,Brett Johns,122.0
2020-07-18,UFC Fight Night: Figueiredo vs. Benavidez 2,Brett Johns vs. Montel Jackson,Montel Jackson,-122.0
2021-08-21,UFC Fight Night: Cannonier vs. Gastelum,Brian Kelleher vs. Domingo Pilarte,Brian Kelleher,167.0
2021-08-21,UFC Fight Night: Cannonier vs. Gastelum,Brian Kelleher vs. Domingo Pilarte,Domingo Pilarte,-167.0
2022-01-15,UFC Fight Night: Kattar vs. Chikadze,Brian Kelleher vs. Kevin Croom,Brian Kelleher,115.0
2022-01-15,UFC Fight Night: Kattar vs. Chikadze,Brian Kelleher vs. Kevin Croom,Kevin Croom,-115.0
2022-06-25,UFC Fight Night: Tsarukyan vs. Gamrot,Brian Kelleher vs. Mario Bautista,Brian Kelleher,317.0
2022-06-25,UFC Fight Night: Tsarukyan vs. Gamrot,Brian Kelleher vs. Mario Bautista,Mario Bautista,-317.0
2022-03-05,UFC 272: Covington vs. Masvidal,Brian Kelleher vs. Umar Nurmagomedov,Brian Kelleher,
2022-03-05,UFC 272: Covington vs. Masvidal,Brian Kelleher vs. Umar Nurmagomedov,Umar Nurmagomedov,
2021-05-22,UFC Fight Night: Font vs. Garbrandt,Bruno Silva vs. Victor Rodriguez,Bruno Silva,-167.0
2021-05-22,UFC Fight Night: Font vs. Garbrandt,Bruno Silva vs. Victor Rodriguez,Victor Rodriguez,167.0
2020-09-12,UFC Fight Night: Waterson vs. Hill,Bryan Barberena vs. Anthony Ivy,Bryan Barberena,-167.0
2020-09-12,UFC Fight Night: Waterson vs. Hill,Bryan Barberena vs. Anthony Ivy,Anthony Ivy,167.0
2020-10-31,UFC Fight Night: Hall vs. Silva,Bryce Mitchell vs. Andre Fili,Bryce Mitchell,-173.0
2020-10-31,UFC Fight Night: Hall vs. Silva,Bryce Mitchell vs. Andre Fili,Andre Fili,173.0
2020-05-09,UFC 249: Ferguson vs. Gaethje,Bryce Mitchell vs. Charles Rosa,Bryce Mitchell,-259.0
2020-05-09,UFC 249: Ferguson vs. Gaethje,Bryce Mitchell vs. Charles Rosa,Charles Rosa,259.0
2020-02-22,UFC Fight Night: Felder vs. Hooker,Callan Potter vs. Song Kenan,Callan Potter,150.0
2020-02-22,UFC Fight Night: Felder vs. Hooker,Callan Potter vs. Song Kenan,Song Kenan,-150.0
2020-07-15,UFC Fight Night: Kattar vs. Ige,Calvin Kattar vs. Dan Ige,Calvin Kattar,167.0
2020-07-15,UFC Fight Night: Kattar vs. Ige,Calvin Kattar vs. Dan Ige,Dan Ige,-167.0
2022-01-15,UFC Fight Night: Kattar vs. Chikadze,Calvin Kattar vs. Giga Chikadze,Calvin Kattar,298.0
2022-01-15,UFC Fight Night: Kattar vs. Chikadze,Calvin Kattar vs. Giga Chikadze,Giga Chikadze,-298.0
2022-06-18,UFC Fight Night: Kattar vs. Emmett,Calvin Kattar vs. Josh Emmett,Calvin Kattar,-156.0
2022-06-18,UFC Fight Night: Kattar vs. Emmett,Calvin Kattar vs. Josh Emmett,Josh Emmett,156.0
2020-10-03,UFC Fight Night: Holm vs. Aldana,Carlos Condit vs. Court McGee,Carlos Condit,-150.0
2020-10-03,UFC Fight Night: Holm vs. Aldana,Carlos Condit vs. Court McGee,Court McGee,150.0
2021-01-16,UFC Fight Night: Holloway vs. Kattar,Carlos Condit vs. Matt Brown,Carlos Condit,-100.0
2021-01-16,UFC Fight Night: Holloway vs. Kattar,Carlos Condit vs. Matt Brown,Matt Brown,-100.0
2021-07-10,UFC 264: Poirier vs. McGregor 3,Carlos Condit vs. Max Griffin,Carlos Condit,-106.0
2021-07-10,UFC 264: Poirier vs. McGregor 3,Carlos Condit vs. Max Griffin,Max Griffin,106.0
2021-06-12,UFC 263: Adesanya vs. Vettori 2,Carlos Felipe vs. Jake Collier,Carlos Felipe,-156.0
2021-06-12,UFC 263: Adesanya vs. Vettori 2,Carlos Felipe vs. Jake Collier,Jake Collier,156.0
2021-01-16,UFC Fight Night: Holloway vs. Kattar,Carlos Felipe vs. Justin Tafa,Carlos Felipe,150.0
2021-01-16,UFC Fight Night: Holloway vs. Kattar,Carlos Felipe vs. Justin Tafa,Justin Tafa,-150.0
2022-02-12,UFC 271: Adesanya vs. Whittaker 2,Carlos Ulberg vs. Fabio Cherant,Carlos Ulberg,-102.0
2022-02-12,UFC 271: Adesanya vs. Whittaker 2,Carlos Ulberg vs. Fabio Cherant,Fabio Cherant,102.0
2022-06-25,UFC Fight Night: Tsarukyan vs. Gamrot,Carlos Ulberg vs. Tafon Nchukwi,Carlos Ulberg,156.0
2022-06-25,UFC Fight Night: Tsarukyan vs. Gamrot,Carlos Ulberg vs. Tafon Nchukwi,Tafon Nchukwi,-156.0
2020-10-03,UFC Fight Night: Holm vs. Aldana,Casey Kenney vs. Alatengheili,Casey Kenney,-167.0
2020-10-03,UFC Fight Night: Holm vs. Aldana,Casey Kenney vs. Alatengheili,Alatengheili,167.0
2021-06-19,UFC Fight Night: Jung vs. Ige,Chan Sung Jung vs. Dan Ige,Chan Sung Jung,156.0
2021-06-19,UFC Fight Night: Jung vs. Ige,Chan Sung Jung vs. Dan Ige,Dan Ige,-156.0
2020-06-06,UFC 250: Nunes vs. Spencer,Charles Byrd vs. Maki Pitolo,Charles Byrd,126.0
2020-06-06,UFC 250: Nunes vs. Spencer,Charles Byrd vs. Maki Pitolo,Maki Pitolo,-126.0
2021-12-18,UFC Fight Night: Lewis vs. Daukaus,Charles Jourdain vs. Andre Ewell,Charles Jourdain,-156.0
2021-12-18,UFC Fight Night: Lewis vs. Daukaus,Charles Jourdain vs. Andre Ewell,Andre Ewell,156.0
2020-10-03,UFC Fight Night: Holm vs. Aldana,Charles Jourdain vs. Josh Culibao,Charles Jourdain,-167.0
2020-10-03,UFC Fight Night: Holm vs. Aldana,Charles Jourdain vs. Josh Culibao,Josh Culibao,167.0
2021-12-11,UFC 269: Oliveira vs. Poirier,Charles Oliveira vs. Dustin Poirier,Charles Oliveira,-100.0
2021-12-11,UFC 269: Oliveira vs. Poirier,Charles Oliveira vs. Dustin Poirier,Dustin Poirier,-100.0
2022-05-07,UFC 274: Oliveira vs. Gaethje,Charles Oliveira vs. Justin Gaethje,Charles Oliveira,-189.0
2022-05-07,UFC 274: Oliveira vs. Gaethje,Charles Oliveira vs. Justin Gaethje,Justin Gaethje,189.0
2021-05-15,UFC 262: Oliveira vs. Chandler,Charles Oliveira vs. Michael Chandler,Charles Oliveira,-317.0
2021-05-15,UFC 262: Oliveira vs. Chandler,Charles Oliveira vs. Michael Chandler,Michael Chandler,317.0
2021-10-09,UFC Fight Night: Dern vs. Rodriguez,Charles Rosa vs. Damon Jackson,Charles Rosa,-167.0
2021-10-09,UFC Fight Night: Dern vs. Rodriguez,Charles Rosa vs. Damon Jackson,Damon Jackson,167.0
2021-02-20,UFC Fight Night: Blaydes vs. Lewis,Charles Rosa vs. Darrick Minner,Charles Rosa,150.0
2021-02-20,UFC Fight Night: Blaydes vs. Lewis,Charles Rosa vs. Darrick Minner,Darrick Minner,-150.0
2021-06-26,UFC Fight Night: Gane vs. Volkov,Charles Rosa vs. Justin Jaynes,Charles Rosa,102.0
2021-06-26,UFC Fight Night: Gane vs. Volkov,Charles Rosa vs. Justin Jaynes,Justin Jaynes,-102.0
2020-06-13,UFC Fight Night: Eye vs. Calvillo,Charles Rosa vs. Kevin Aguilar,Charles Rosa,156.0
2020-06-13,UFC Fight Night: Eye vs. Calvillo,Charles Rosa vs. Kevin Aguilar,Kevin Aguilar,-156.0
2022-02-19,UFC Fight Night: Walker vs. Hill,Chas Skelly vs. Mark Striegl,Chas Skelly,-161.0
2022-02-19,UFC Fight Night: Walker vs. Hill,Chas Skelly vs. Mark Striegl,Mark Striegl,161.0
2022-05-21,UFC Fight Night: Holm vs. Vieira,Chase Hooper vs. Felipe Colares,Chase Hooper,-192.0
2022-05-21,UFC Fight Night: Holm vs. Vieira,Chase Hooper vs. Felipe Colares,Felipe Colares,192.0
2020-12-12,UFC 256: Figueiredo vs. Moreno,Chase Hooper vs. Peter Barrett,Chase Hooper,-317.0
2020-12-12,UFC 256: Figueiredo vs. Moreno,Chase Hooper vs. Peter Barrett,Peter Barrett,317.0
2021-06-12,UFC 263: Adesanya vs. Vettori 2,Chase Hooper vs. Steven Peterson,Chase Hooper,-317.0
2021-06-12,UFC 263: Adesanya vs. Vettori 2,Chase Hooper vs. Steven Peterson,Steven Peterson,317.0
2022-05-21,UFC Fight Night: Holm vs. Vieira,Chidi Njokuani vs. Dusko Todorovic,Chidi Njokuani,173.0
2022-05-21,UFC Fight Night: Holm vs. Vieira,Chidi Njokuani vs. Dusko Todorovic,Dusko Todorovic,-173.0
2022-06-25,UFC Fight Night: Tsarukyan vs. Gamrot,Chris Curtis vs. Rodolfo Vieira,Chris Curtis,156.0
2022-06-25,UFC Fight Night: Tsarukyan vs. Gamrot,Chris Curtis vs. Rodolfo Vieira,Rodolfo Vieira,-156.0
2020-10-10,UFC Fight Night: Moraes vs. Sandhagen,Chris Daukaus vs. Rodrigo Nascimento,Chris Daukaus,150.0
2020-10-10,UFC Fight Night: Moraes vs. Sandhagen,Chris Daukaus vs. Rodrigo Nascimento,Rodrigo Nascimento,-150.0
2020-10-31,UFC Fight Night: Hall vs. Silva,Chris Gruetzemacher vs. Alexander Hernandez,Chris Gruetzemacher,167.0
2020-10-31,UFC Fight Night: Hall vs. Silva,Chris Gruetzemacher vs. Alexander Hernandez,Alexander Hernandez,-167.0
2021-07-31,UFC Fight Night: Hall vs. Strickland,Chris Gruetzemacher vs. Rafa Garcia,Chris Gruetzemacher,156.0
2021-07-31,UFC Fight Night: Hall vs. Strickland,Chris Gruetzemacher vs. Rafa Garcia,Rafa Garcia,-156.0
2022-03-26,UFC Fight Night: Blaydes vs. Daukaus,Chris Gutierrez vs. Batgerel Danaa,Chris Gutierrez,-150.0
2022-03-26,UFC Fight Night: Blaydes vs. Daukaus,Chris Gutierrez vs. Batgerel Danaa,Batgerel Danaa,150.0
2021-10-09,UFC Fight Night: Dern vs. Rodriguez,Chris Gutierrez vs. Felipe Colares,Chris Gutierrez,-167.0
2021-10-09,UFC Fight Night: Dern vs. Rodriguez,Chris Gutierrez vs. Felipe Colares,Felipe Colares,167.0
2020-05-30,UFC Fight Night: Woodley vs. Burns,Chris Gutierrez vs. Vince Morales,Chris Gutierrez,-120.0
2020-05-30,UFC Fight Night: Woodley vs. Burns,Chris Gutierrez vs. Vince Morales,Vince Morales,120.0
2021-05-15,UFC 262: Oliveira vs. Chandler,Christos Giagos vs. Sean Soriano,Christos Giagos,150.0
2021-05-15,UFC 262: Oliveira vs. Chandler,Christos Giagos vs. Sean Soriano,Sean Soriano,-150.0
2021-06-26,UFC Fight Night: Gane vs. Volkov,Ciryl Gane vs. Alexander Volkov,Ciryl Gane,-150.0
2021-06-26,UFC Fight Night: Gane vs. Volkov,Ciryl Gane vs. Alexander Volkov,Alexander Volkov,150.0
2021-12-04,UFC Fight Night: Font vs. Aldo,Claudio Puelles vs. Chris Gruetzemacher,Claudio Puelles,-167.0
2021-12-04,UFC Fight Night: Font vs. Aldo,Claudio Puelles vs. Chris Gruetzemacher,Chris Gruetzemacher,167.0
2021-06-05,UFC Fight Night: Rozenstruik vs. Sakai,Claudio Puelles vs. Jordan Leavitt,Claudio Puelles,167.0
2021-06-05,UFC Fight Night: Rozenstruik vs. Sakai,Claudio Puelles vs. Jordan Leavitt,Jordan Leavitt,-167.0
2020-10-17,UFC Fight Night: Ortega vs. The Korean Zombie,Claudio Silva vs. James Krause,Claudio Silva,167.0
2020-10-17,UFC Fight Night: Ortega vs. The Korean Zombie,Claudio Silva vs. James Krause,James Krause,-167.0
2022-04-23,UFC Fight Night: Lemos vs. Andrade,Clay Guida vs. Claudio Puelles,Clay Guida,189.0
2022-04-23,UFC Fight Night: Lemos vs. Andrade,Clay Guida vs. Claudio Puelles,Claudio Puelles,-189.0
2020-06-20,UFC Fight Night: Blaydes vs. Volkov,Clay Guida vs. King Green,Clay Guida,102.0
2020-06-20,UFC Fight Night: Blaydes vs. Volkov,Clay Guida vs. King Green,King Green,-102.0
2021-12-04,UFC Fight Night: Font vs. Aldo,Clay Guida vs. Leonardo Santos,Clay Guida,102.0
2021-12-04,UFC Fight Night: Font vs. Aldo,Clay Guida vs. Leonardo Santos,Leonardo Santos,-102.0
2021-08-21,UFC Fight Night: Cannonier vs. Gastelum,Clay Guida vs. Mark Madsen,Clay Guida,167.0
2021-08-21,UFC Fight Night: Cannonier vs. Gastelum,Clay Guida vs. Mark Madsen,Mark Madsen,-167.0
2021-11-20,UFC Fight Night: Vieira vs. Tate,Cody Durden vs. Aoriqileng,Cody Durden,102.0
2021-11-20,UFC Fight Night: Vieira vs. Tate,Cody Durden vs. Aoriqileng,Aoriqileng,-102.0
2020-06-06,UFC 250: Nunes vs. Spencer,Cody Stamann vs. Brian Kelleher,Cody Stamann,
2020-06-06,UFC 250: Nunes vs. Spencer,Cody Stamann vs. Brian Kelleher,Brian Kelleher,
2022-01-22,UFC 270: Ngannou vs. Gane,Cody Stamann vs. Said Nurmagomedov,Cody Stamann,-126.0
2022-01-22,UFC 270: Ngannou vs. Gane,Cody Stamann vs. Said Nurmagomedov,Said Nurmagomedov,126.0
2022-03-05,UFC 272: Covington vs. Masvidal,Colby Covington vs. Jorge Masvidal,Colby Covington,-100.0
2022-03-05,UFC 272: Covington vs. Masvidal,Colby Covington vs. Jorge Masvidal,Jorge Masvidal,-100.0
2020-09-19,UFC Fight Night: Covington vs. Woodley,Colby Covington vs. Tyron Woodley,Colby Covington,-173.0
2020-09-19,UFC Fight Night: Covington vs. Woodley,Colby Covington vs. Tyron Woodley,Tyron Woodley,173.0
2020-09-05,UFC Fight Night: Overeem vs. Sakai,Cole Smith vs. Hunter Azure,Cole Smith,167.0
2020-09-05,UFC Fight Night: Overeem vs. Sakai,Cole Smith vs. Hunter Azure,Hunter Azure,-167.0
2021-02-06,UFC Fight Night: Overeem vs. Volkov,Cory Sandhagen vs. Frankie Edgar,Cory Sandhagen,-156.0
2021-02-06,UFC Fight Night: Overeem vs. Volkov,Cory Sandhagen vs. Frankie Edgar,Frankie Edgar,156.0
2021-07-24,UFC Fight Night: Sandhagen vs. Dillashaw,Cory Sandhagen vs. TJ Dillashaw,Cory Sandhagen,-167.0
2021-07-24,UFC Fight Night: Sandhagen vs. Dillashaw,Cory Sandhagen vs. TJ Dillashaw,TJ Dillashaw,167.0
2021-05-22,UFC Fight Night: Font vs. Garbrandt,Court McGee vs. Claudio Silva,Court McGee,-150.0
2021-05-22,UFC Fight Night: Font vs. Garbrandt,Court McGee vs. Claudio Silva,Claudio Silva,150.0
2022-06-18,UFC Fight Night: Kattar vs. Emmett,Court McGee vs. Jeremiah Wells,Court McGee,-150.0
2022-06-18,UFC Fight Night: Kattar vs. Emmett,Court McGee vs. Jeremiah Wells,Jeremiah Wells,150.0
2022-01-15,UFC Fight Night: Kattar vs. Chikadze,Court McGee vs. Ramiz Brahimaj,Court McGee,150.0
2022-01-15,UFC Fight Night: Kattar vs. Chikadze,Court McGee vs. Ramiz Brahimaj,Ramiz Brahimaj,-150.0
2020-12-12,UFC 256: Figueiredo vs. Moreno,Cub Swanson vs. Daniel Pineda,Cub Swanson,-167.0
2020-12-12,UFC 256: Figueiredo vs. Moreno,Cub Swanson vs. Daniel Pineda,Daniel Pineda,167.0
2021-12-18,UFC Fight Night: Lewis vs. Daukaus,Cub Swanson vs. Darren Elkins,Cub Swanson,-122.0
2021-12-18,UFC Fight Night: Lewis vs. Daukaus,Cub Swanson vs. Darren Elkins,Darren Elkins,122.0
2020-06-20,UFC Fight Night: Blaydes vs. Volkov,Curtis Blaydes vs. Alexander Volkov,Curtis Blaydes,-167.0
2020-06-20,UFC Fight Night: Blaydes vs. Volkov,Curtis Blaydes vs. Alexander Volkov,Alexander Volkov,167.0
2022-03-26,UFC Fight Night: Blaydes vs. Daukaus,Curtis Blaydes vs. Chris Daukaus,Curtis Blaydes,
2022-03-26,UFC Fight Night: Blaydes vs. Daukaus,Curtis Blaydes vs. Chris Daukaus,Chris Daukaus,
2021-02-20,UFC Fight Night: Blaydes vs. Lewis,Curtis Blaydes vs. Derrick Lewis,Curtis Blaydes,-317.0
2021-02-20,UFC Fight Night: Blaydes vs. Lewis,Curtis Blaydes vs. Derrick Lewis,Derrick Lewis,317.0
2021-09-25,UFC 266: Volkanovski vs. Ortega,Curtis Blaydes vs. Jairzinho Rozenstruik,Curtis Blaydes,-317.0
2021-09-25,UFC 266: Volkanovski vs. Ortega,Curtis Blaydes vs. Jairzinho Rozenstruik,Jairzinho Rozenstruik,317.0
2020-10-24,UFC 254: Khabib vs. Gaethje,Da Woon Jung vs. Sam Alvey,Da Woon Jung,-156.0
2020-10-24,UFC 254: Khabib vs. Gaethje,Da Woon Jung vs. Sam Alvey,Sam Alvey,156.0
2021-04-10,UFC Fight Night: Vettori vs. Holland,Da Woon Jung vs. William Knight,Da Woon Jung,102.0
2021-04-10,UFC Fight Night: Vettori vs. Holland,Da Woon Jung vs. William Knight,William Knight,-102.0
2022-03-12,UFC Fight Night: Santos vs. Ankalaev,Dalcha Lungiambula vs. Cody Brundage,Dalcha Lungiambula,167.0
2022-03-12,UFC Fight Night: Santos vs. Ankalaev,Dalcha Lungiambula vs. Cody Brundage,Cody Brundage,-167.0
2021-09-04,UFC Fight Night: Brunson vs. Till,Dalcha Lungiambula vs. Marc-Andre Barriault,Dalcha Lungiambula,-126.0
2021-09-04,UFC Fight Night: Brunson vs. Till,Dalcha Lungiambula vs. Marc-Andre Barriault,Marc-Andre Barriault,126.0
2021-01-20,UFC Fight Night: Chiesa vs. Magny,Dalcha Lungiambula vs. Markus Perez,Dalcha Lungiambula,-102.0
2021-01-20,UFC Fight Night: Chiesa vs. Magny,Dalcha Lungiambula vs. Markus Perez,Markus Perez,102.0
2022-06-18,UFC Fight Night: Kattar vs. Emmett,Damir Ismagulov vs. Guram Kutateladze,Damir Ismagulov,-189.0
2022-06-18,UFC Fight Night: Kattar vs. Emmett,Damir Ismagulov vs. Guram Kutateladze,Guram Kutateladze,189.0
2022-03-12,UFC Fight Night: Santos vs. Ankalaev,Damon Jackson vs. Kamuela Kirk,Damon Jackson,205.0
2022-03-12,UFC Fight Night: Santos vs. Ankalaev,Damon Jackson vs. Kamuela Kirk,Kamuela Kirk,-205.0
2021-09-25,UFC 266: Volkanovski vs. Ortega,Dan Hooker vs. Nasrat Haqparast,Dan Hooker,167.0
2021-09-25,UFC 266: Volkanovski vs. Ortega,Dan Hooker vs. Nasrat Haqparast,Nasrat Haqparast,-167.0
2020-05-16,UFC Fight Night: Overeem vs. Harris,Dan Ige vs. Edson Barboza,Dan Ige,-167.0
2020-05-16,UFC Fight Night: Overeem vs. Harris,Dan Ige vs. Edson Barboza,Edson Barboza,167.0
2021-03-13,UFC Fight Night: Edwards vs. Muhammad,Dan Ige vs. Gavin Tucker,Dan Ige,-167.0
2021-03-13,UFC Fight Night: Edwards vs. Muhammad,Dan Ige vs. Gavin Tucker,Gavin Tucker,167.0
2022-06-04,UFC Fight Night: Volkov vs. Rozenstruik,Dan Ige vs. Movsar Evloev,Dan Ige,167.0
2022-06-04,UFC Fight Night: Volkov vs. Rozenstruik,Dan Ige vs. Movsar Evloev,Movsar Evloev,-167.0
2022-04-30,UFC Fight Night: Font vs. Vera,Daniel Lacerda vs. Francisco Figueiredo,Daniel Lacerda,150.0
2022-04-30,UFC Fight Night: Font vs. Vera,Daniel Lacerda vs. Francisco Figueiredo,Francisco Figueiredo,-150.0
2020-08-22,UFC Fight Night: Munhoz vs. Edgar,Daniel Rodriguez vs. Dwight Grant,Daniel Rodriguez,161.0
2020-08-22,UFC Fight Night: Munhoz vs. Edgar,Daniel Rodriguez vs. Dwight Grant,Dwight Grant,-161.0
2020-11-21,UFC 255: Figueiredo vs. Perez,Daniel Rodriguez vs. Nicolas Dalby,Daniel Rodriguez,-150.0
2020-11-21,UFC 255: Figueiredo vs. Perez,Daniel Rodriguez vs. Nicolas Dalby,Nicolas Dalby,150.0
2021-07-31,UFC Fight Night: Hall vs. Strickland,Danny Chavez vs. Kai Kamaka,Danny Chavez,167.0
2021-07-31,UFC Fight Night: Hall vs. Strickland,Danny Chavez vs. Kai Kamaka,Kai Kamaka,-167.0
2021-10-16,UFC Fight Night: Ladd vs. Dumont,Danny Roberts vs. Ramazan Emeev,Danny Roberts,167.0
2021-10-16,UFC Fight Night: Ladd vs. Dumont,Danny Roberts vs. Ramazan Emeev,Ramazan Emeev,-167.0
2021-07-24,UFC Fight Night: Sandhagen vs. Dillashaw,Darren Elkins vs. Darrick Minner,Darren Elkins,150.0
2021-07-24,UFC Fight Night: Sandhagen vs. Dillashaw,Darren Elkins vs. Darrick Minner,Darrick Minner,-150.0
2020-11-07,UFC Fight Night: Santos vs. Teixeira,Darren Elkins vs. Eduardo Garagorri,Darren Elkins,-167.0
2020-11-07,UFC Fight Night: Santos vs. Teixeira,Darren Elkins vs. Eduardo Garagorri,Eduardo Garagorri,167.0
2020-05-16,UFC Fight Night: Overeem vs. Harris,Darren Elkins vs. Nate Landwehr,Darren Elkins,-167.0
2020-05-16,UFC Fight Night: Overeem vs. Harris,Darren Elkins vs. Nate Landwehr,Nate Landwehr,167.0
2022-04-30,UFC Fight Night: Font vs. Vera,Darren Elkins vs. Tristan Connelly,Darren Elkins,-150.0
2022-04-30,UFC Fight Night: Font vs. Vera,Darren Elkins vs. Tristan Connelly,Tristan Connelly,150.0
2021-11-20,UFC Fight Night: Vieira vs. Tate,Davey Grant vs. Adrian Yanez,Davey Grant,167.0
2021-11-20,UFC Fight Night: Vieira vs. Tate,Davey Grant vs. Adrian Yanez,Adrian Yanez,-167.0
2022-05-14,UFC Fight Night: Blachowicz vs. Rakic,Davey Grant vs. Louis Smolka,Davey Grant,-150.0
2022-05-14,UFC Fight Night: Blachowicz vs. Rakic,Davey Grant vs. Louis Smolka,Louis Smolka,150.0
2020-07-18,UFC Fight Night: Figueiredo vs. Benavidez 2,Davi Ramos vs. Arman Tsarukyan,Davi Ramos,-102.0
2020-07-18,UFC Fight Night: Figueiredo vs. Benavidez 2,Davi Ramos vs. Arman Tsarukyan,Arman Tsarukyan,102.0
2021-01-16,UFC Fight Night: Holloway vs. Kattar,David Zawada vs. Ramazan Emeev,David Zawada,167.0
2021-01-16,UFC Fight Night: Holloway vs. Kattar,David Zawada vs. Ramazan Emeev,Ramazan Emeev,-167.0
2020-11-21,UFC 255: Figueiredo vs. Perez,Deiveson Figueiredo vs. Alex Perez,Deiveson Figueiredo,126.0
2020-11-21,UFC 255: Figueiredo vs. Perez,Deiveson Figueiredo vs. Alex Perez,Alex Perez,-126.0
2020-12-12,UFC 256: Figueiredo vs. Moreno,Deiveson Figueiredo vs. Brandon Moreno,Deiveson Figueiredo,114.0
2020-12-12,UFC 256: Figueiredo vs. Moreno,Deiveson Figueiredo vs. Brandon Moreno,Brandon Moreno,-143.0
2021-06-12,UFC 263: Adesanya vs. Vettori 2,Deiveson Figueiredo vs. Brandon Moreno,Deiveson Figueiredo,114.0
2021-06-12,UFC 263: Adesanya vs. Vettori 2,Deiveson Figueiredo vs. Brandon Moreno,Brandon Moreno,-143.0
2020-07-18,UFC Fight Night: Figueiredo vs. Benavidez 2,Deiveson Figueiredo vs. Joseph Benavidez,Deiveson Figueiredo,150.0
2020-07-18,UFC Fight Night: Figueiredo vs. Benavidez 2,Deiveson Figueiredo vs. Joseph Benavidez,Joseph Benavidez,-150.0
2021-06-12,UFC 263: Adesanya vs. Vettori 2,Demian Maia vs. Belal Muhammad,Demian Maia,150.0
2021-06-12,UFC 263: Adesanya vs. Vettori 2,Demian Maia vs. Belal Muhammad,Belal Muhammad,-150.0
2020-03-14,UFC Fight Night: Lee vs. Oliveira,Demian Maia vs. Gilbert Burns,Demian Maia,-150.0
2020-03-14,UFC Fight Night: Lee vs. Oliveira,Demian Maia vs. Gilbert Burns,Gilbert Burns,150.0
2021-09-04,UFC Fight Night: Brunson vs. Till,Derek Brunson vs. Darren Till,Derek Brunson,-167.0
2021-09-04,UFC Fight Night: Brunson vs. Till,Derek Brunson vs. Darren Till,Darren Till,167.0
2020-08-01,UFC Fight Night: Brunson vs. Shahbazyan,Derek Brunson vs. Edmen Shahbazyan,Derek Brunson,317.0
2020-08-01,UFC Fight Night: Brunson vs. Shahbazyan,Derek Brunson vs. Edmen Shahbazyan,Edmen Shahbazyan,-317.0
2021-03-20,UFC Fight Night: Brunson vs. Holland,Derek Brunson vs. Kevin Holland,Derek Brunson,259.0
2021-03-20,UFC Fight Night: Brunson vs. Holland,Derek Brunson vs. Kevin Holland,Kevin Holland,-259.0
2020-12-19,UFC Fight Night: Thompson vs. Neal,Deron Winn vs. Antonio Arroyo,Deron Winn,-100.0
2020-12-19,UFC Fight Night: Thompson vs. Neal,Deron Winn vs. Antonio Arroyo,Antonio Arroyo,-100.0
2020-08-08,UFC Fight Night: Lewis vs. Oleinik,Derrick Lewis vs. Aleksei Oleinik,Derrick Lewis,-167.0
2020-08-08,UFC Fight Night: Lewis vs. Oleinik,Derrick Lewis vs. Aleksei Oleinik,Aleksei Oleinik,167.0
2021-12-18,UFC Fight Night: Lewis vs. Daukaus,Derrick Lewis vs. Chris Daukaus,Derrick Lewis,156.0
2021-12-18,UFC Fight Night: Lewis vs. Daukaus,Derrick Lewis vs. Chris Daukaus,Chris Daukaus,-156.0
2021-08-07,UFC 265: Lewis vs. Gane,Derrick Lewis vs. Ciryl Gane,Derrick Lewis,167.0
2021-08-07,UFC 265: Lewis vs. Gane,Derrick Lewis vs. Ciryl Gane,Ciryl Gane,-167.0
2022-02-12,UFC 271: Adesanya vs. Whittaker 2,Derrick Lewis vs. Tai Tuivasa,Derrick Lewis,-102.0
2022-02-12,UFC 271: Adesanya vs. Whittaker 2,Derrick Lewis vs. Tai Tuivasa,Tai Tuivasa,102.0
2022-04-16,UFC Fight Night: Luque vs. Muhammad,Devin Clark vs. William Knight,Devin Clark,-167.0
2022-04-16,UFC Fight Night: Luque vs. Muhammad,Devin Clark vs. William Knight,William Knight,167.0
2021-10-02,UFC Fight Night: Santos vs. Walker,Devonte Smith vs. Jamie Mullarkey,Devonte Smith,-156.0
2021-10-02,UFC Fight Night: Santos vs. Walker,Devonte Smith vs. Jamie Mullarkey,Jamie Mullarkey,156.0
2021-02-06,UFC Fight Night: Overeem vs. Volkov,Devonte Smith vs. Justin Jaynes,Devonte Smith,-259.0
2021-02-06,UFC Fight Night: Overeem vs. Volkov,Devonte Smith vs. Justin Jaynes,Justin Jaynes,259.0
2022-03-05,UFC 272: Covington vs. Masvidal,Devonte Smith vs. Ludovit Klein,Devonte Smith,-150.0
2022-03-05,UFC 272: Covington vs. Masvidal,Devonte Smith vs. Ludovit Klein,Ludovit Klein,150.0
2021-02-06,UFC Fight Night: Overeem vs. Volkov,Diego Ferreira vs. Beneil Dariush,Diego Ferreira,150.0
2021-02-06,UFC Fight Night: Overeem vs. Volkov,Diego Ferreira vs. Beneil Dariush,Beneil Dariush,-150.0
2021-05-08,UFC Fight Night: Rodriguez vs. Waterson,Diego Ferreira vs. Gregor Gillespie,Diego Ferreira,-102.0
2021-05-08,UFC Fight Night: Rodriguez vs. Waterson,Diego Ferreira vs. Gregor Gillespie,Gregor Gillespie,102.0
2021-12-18,UFC Fight Night: Lewis vs. Daukaus,Diego Ferreira vs. Mateusz Gamrot,Diego Ferreira,167.0
2021-12-18,UFC Fight Night: Lewis vs. Daukaus,Diego Ferreira vs. Mateusz Gamrot,Mateusz Gamrot,-167.0
2020-09-26,UFC 253: Adesanya vs. Costa,Diego Sanchez vs. Jake Matthews,Diego Sanchez,
2020-09-26,UFC 253: Adesanya vs. Costa,Diego Sanchez vs. Jake Matthews,Jake Matthews,
2021-03-06,UFC 259: Blachowicz vs. Adesanya,Dominick Cruz vs. Casey Kenney,Dominick Cruz,-150.0
2021-03-06,UFC 259: Blachowicz vs. Adesanya,Dominick Cruz vs. Casey Kenney,Casey Kenney,150.0
2020-09-26,UFC 253: Adesanya vs. Costa,Dominick Reyes vs. Jan Blachowicz,Dominick Reyes,-102.0
2020-09-26,UFC 253: Adesanya vs. Costa,Dominick Reyes vs. Jan Blachowicz,Jan Blachowicz,102.0
2021-05-01,UFC Fight Night: Reyes vs. Prochazka,Dominick Reyes vs. Jiri Prochazka,Dominick Reyes,-173.0
2021-05-01,UFC Fight Night: Reyes vs. Prochazka,Dominick Reyes vs. Jiri Prochazka,Jiri Prochazka,173.0
2021-12-18,UFC Fight Night: Lewis vs. Daukaus,Don'Tale Mayes vs. Josh Parisian,Don'Tale Mayes,-100.0
2021-12-18,UFC Fight Night: Lewis vs. Daukaus,Don'Tale Mayes vs. Josh Parisian,Josh Parisian,-100.0
2020-11-14,UFC Fight Night: Felder vs. Dos Anjos,Don'Tale Mayes vs. Roque Martinez,Don'Tale Mayes,-126.0
2020-11-14,UFC Fight Night: Felder vs. Dos Anjos,Don'Tale Mayes vs. Roque Martinez,Roque Martinez,126.0
2021-05-08,UFC Fight Night: Rodriguez vs. Waterson,Donald Cerrone vs. Alex Morono,Donald Cerrone,167.0
2021-05-08,UFC Fight Night: Rodriguez vs. Waterson,Donald Cerrone vs. Alex Morono,Alex Morono,-167.0
2021-10-02,UFC Fight Night: Santos vs. Walker,Douglas Silva de Andrade vs. Gaetano Pirrello,Douglas Silva de Andrade,126.0
2021-10-02,UFC Fight Night: Santos vs. Walker,Douglas Silva de Andrade vs. Gaetano Pirrello,Gaetano Pirrello,-126.0
2022-02-12,UFC 271: Adesanya vs. Whittaker 2,Douglas Silva de Andrade vs. Sergey Morozov,Douglas Silva de Andrade,167.0
2022-02-12,UFC 271: Adesanya vs. Whittaker 2,Douglas Silva de Andrade vs. Sergey Morozov,Sergey Morozov,-167.0
2022-04-16,UFC Fight Night: Luque vs. Muhammad,Drakkar Klose vs. Brandon Jenkins,Drakkar Klose,-167.0
2022-04-16,UFC Fight Night: Luque vs. Muhammad,Drakkar Klose vs. Brandon Jenkins,Brandon Jenkins,167.0
2021-06-12,UFC 263: Adesanya vs. Vettori 2,Drew Dober vs. Brad Riddell,Drew Dober,102.0
2021-06-12,UFC 263: Adesanya vs. Vettori 2,Drew Dober vs. Brad Riddell,Brad Riddell,-102.0
2022-03-12,UFC Fight Night: Santos vs. Ankalaev,Drew Dober vs. Terrance McKinney,Drew Dober,-126.0
2022-03-12,UFC Fight Night: Santos vs. Ankalaev,Drew Dober vs. Terrance McKinney,Terrance McKinney,126.0
2021-08-28,UFC Fight Night: Barboza vs. Chikadze,Dustin Jacoby vs. Darren Stewart,Dustin Jacoby,167.0
2021-08-28,UFC Fight Night: Barboza vs. Chikadze,Dustin Jacoby vs. Darren Stewart,Darren Stewart,-167.0
2021-11-06,UFC 268: Usman vs. Covington 2,Dustin Jacoby vs. John Allan,Dustin Jacoby,-102.0
2021-11-06,UFC 268: Usman vs. Covington 2,Dustin Jacoby vs. John Allan,John Allan,102.0
2020-10-31,UFC Fight Night: Hall vs. Silva,Dustin Jacoby vs. Justin Ledet,Dustin Jacoby,-100.0
2020-10-31,UFC Fight Night: Hall vs. Silva,Dustin Jacoby vs. Justin Ledet,Justin Ledet,-100.0
2021-02-27,UFC Fight Night: Rozenstruik vs. Gane,Dustin Jacoby vs. Maxim Grishin,Dustin Jacoby,-126.0
2021-02-27,UFC Fight Night: Rozenstruik vs. Gane,Dustin Jacoby vs. Maxim Grishin,Maxim Grishin,126.0
2022-03-05,UFC 272: Covington vs. Masvidal,Dustin Jacoby vs. Michal Oleksiejczuk,Dustin Jacoby,122.0
2022-03-05,UFC 272: Covington vs. Masvidal,Dustin Jacoby vs. Michal Oleksiejczuk,Michal Oleksiejczuk,-122.0
2021-01-23,UFC 257: Poirier vs. McGregor,Dustin Poirier vs. Conor McGregor,Dustin Poirier,-169.0
2021-01-23,UFC 257: Poirier vs. McGregor,Dustin Poirier vs. Conor McGregor,Conor McGregor,175.0
2021-07-10,UFC 264: Poirier vs. McGregor 3,Dustin Poirier vs. Conor McGregor,Dustin Poirier,-169.0
2021-07-10,UFC 264: Poirier vs. McGregor 3,Dustin Poirier vs. Conor McGregor,Conor McGregor,312.0
2020-06-27,UFC Fight Night: Poirier vs. Hooker,Dustin Poirier vs. Dan Hooker,Dustin Poirier,-189.0
2020-06-27,UFC Fight Night: Poirier vs. Hooker,Dustin Poirier vs. Dan Hooker,Dan Hooker,189.0
2021-12-18,UFC Fight Night: Lewis vs. Daukaus,Dustin Stoltzfus vs. Gerald Meerschaert,Dustin Stoltzfus,102.0
2021-12-18,UFC Fight Night: Lewis vs. Daukaus,Dustin Stoltzfus vs. Gerald Meerschaert,Gerald Meerschaert,-102.0
2022-04-23,UFC Fight Night: Lemos vs. Andrade,Dwight Grant vs. Sergey Khandozhko,Dwight Grant,124.0
2022-04-23,UFC Fight Night: Lemos vs. Andrade,Dwight Grant vs. Sergey Khandozhko,Sergey Khandozhko,-124.0
2021-04-24,UFC 261: Usman vs. Masvidal 2,Dwight Grant vs. Stefan Sekulic,Dwight Grant,-167.0
2021-04-24,UFC 261: Usman vs. Masvidal 2,Dwight Grant vs. Stefan Sekulic,Stefan Sekulic,167.0
2020-09-12,UFC Fight Night: Waterson vs. Hill,Ed Herman vs. Mike Rodriguez,Ed Herman,-100.0
2020-09-12,UFC Fight Night: Waterson vs. Hill,Ed Herman vs. Mike Rodriguez,Mike Rodriguez,-100.0
2022-06-18,UFC Fight Night: Kattar vs. Emmett,Eddie Wineland vs. Cody Stamann,Eddie Wineland,
2022-06-18,UFC Fight Night: Kattar vs. Emmett,Eddie Wineland vs. Cody Stamann,Cody Stamann,
2021-02-20,UFC Fight Night: Blaydes vs. Lewis,Eddie Wineland vs. John Castaneda,Eddie Wineland,167.0
2021-02-20,UFC Fight Night: Blaydes vs. Lewis,Eddie Wineland vs. John Castaneda,John Castaneda,-167.0
2020-06-06,UFC 250: Nunes vs. Spencer,Eddie Wineland vs. Sean O'Malley,Eddie Wineland,
2020-06-06,UFC 250: Nunes vs. Spencer,Eddie Wineland vs. Sean O'Malley,Sean O'Malley,
2021-11-06,UFC 268: Usman vs. Covington 2,Edmen Shahbazyan vs. Nassourdine Imavov,Edmen Shahbazyan,-150.0
2021-11-06,UFC 268: Usman vs. Covington 2,Edmen Shahbazyan vs. Nassourdine Imavov,Nassourdine Imavov,150.0
2022-03-05,UFC 272: Covington vs. Masvidal,Edson Barboza vs. Bryce Mitchell,Edson Barboza,156.0
2022-03-05,UFC 272: Covington vs. Masvidal,Edson Barboza vs. Bryce Mitchell,Bryce Mitchell,-156.0
2021-08-28,UFC Fight Night: Barboza vs. Chikadze,Edson Barboza vs. Giga Chikadze,Edson Barboza,126.0
2021-08-28,UFC Fight Night: Barboza vs. Chikadze,Edson Barboza vs. Giga Chikadze,Giga Chikadze,-126.0
2020-10-10,UFC Fight Night: Moraes vs. Sandhagen,Edson Barboza vs. Makwan Amirkhani,Edson Barboza,-167.0
2020-10-10,UFC Fight Night: Moraes vs. Sandhagen,Edson Barboza vs. Makwan Amirkhani,Makwan Amirkhani,167.0
2020-03-14,UFC Fight Night: Lee vs. Oliveira,Elizeu Zaleski dos Santos vs. Aleksei Kunchenko,Elizeu Zaleski dos Santos,-173.0
2020-03-14,UFC Fight Night: Lee vs. Oliveira,Elizeu Zaleski dos Santos vs. Aleksei Kunchenko,Aleksei Kunchenko,173.0
2020-07-11,UFC 251: Usman vs. Masvidal,Elizeu Zaleski dos Santos vs. Muslim Salikhov,Elizeu Zaleski dos Santos,-167.0
2020-07-11,UFC 251: Usman vs. Masvidal,Elizeu Zaleski dos Santos vs. Muslim Salikhov,Muslim Salikhov,167.0
2021-06-12,UFC 263: Adesanya vs. Vettori 2,Eryk Anders vs. Darren Stewart,Eryk Anders,259.0
2021-06-12,UFC 263: Adesanya vs. Vettori 2,Eryk Anders vs. Darren Stewart,Darren Stewart,-259.0
2022-05-21,UFC Fight Night: Holm vs. Vieira,Eryk Anders vs. JunYong Park,Eryk Anders,167.0
2022-05-21,UFC Fight Night: Holm vs. Vieira,Eryk Anders vs. JunYong Park,JunYong Park,-167.0
2020-05-16,UFC Fight Night: Overeem vs. Harris,Eryk Anders vs. Krzysztof Jotko,Eryk Anders,167.0
2020-05-16,UFC Fight Night: Overeem vs. Harris,Eryk Anders vs. Krzysztof Jotko,Krzysztof Jotko,-167.0
2020-07-25,UFC Fight Night: Whittaker vs. Till,Fabricio Werdum vs. Alexander Gustafsson,Fabricio Werdum,156.0
2020-07-25,UFC Fight Night: Whittaker vs. Till,Fabricio Werdum vs. Alexander Gustafsson,Alexander Gustafsson,-156.0
2021-06-12,UFC 263: Adesanya vs. Vettori 2,Fares Ziam vs. Luigi Vendramini,Fares Ziam,-150.0
2021-06-12,UFC 263: Adesanya vs. Vettori 2,Fares Ziam vs. Luigi Vendramini,Luigi Vendramini,150.0
2022-01-22,UFC 270: Ngannou vs. Gane,Francis Ngannou vs. Ciryl Gane,Francis Ngannou,156.0
2022-01-22,UFC 270: Ngannou vs. Gane,Francis Ngannou vs. Ciryl Gane,Ciryl Gane,-156.0
2020-05-09,UFC 249: Ferguson vs. Gaethje,Francis Ngannou vs. Jairzinho Rozenstruik,Francis Ngannou,-167.0
2020-05-09,UFC 249: Ferguson vs. Gaethje,Francis Ngannou vs. Jairzinho Rozenstruik,Jairzinho Rozenstruik,167.0
2021-07-17,UFC Fight Night: Makhachev vs. Moises,Francisco Figueiredo vs. Malcolm Gordon,Francisco Figueiredo,-189.0
2021-07-17,UFC Fight Night: Makhachev vs. Moises,Francisco Figueiredo vs. Malcolm Gordon,Malcolm Gordon,189.0
2022-05-07,UFC 274: Oliveira vs. Gaethje,Francisco Trinaldo vs. Danny Roberts,Francisco Trinaldo,-167.0
2022-05-07,UFC 274: Oliveira vs. Gaethje,Francisco Trinaldo vs. Danny Roberts,Danny Roberts,167.0
2021-10-23,UFC Fight Night: Costa vs. Vettori,Francisco Trinaldo vs. Dwight Grant,Francisco Trinaldo,161.0
2021-10-23,UFC Fight Night: Costa vs. Vettori,Francisco Trinaldo vs. Dwight Grant,Dwight Grant,-161.0
2020-03-14,UFC Fight Night: Lee vs. Oliveira,Francisco Trinaldo vs. John Makdessi,Francisco Trinaldo,167.0
2020-03-14,UFC Fight Night: Lee vs. Oliveira,Francisco Trinaldo vs. John Makdessi,John Makdessi,-167.0
2021-06-05,UFC Fight Night: Rozenstruik vs. Sakai,Francisco Trinaldo vs. Muslim Salikhov,Francisco Trinaldo,102.0
2021-06-05,UFC Fight Night: Rozenstruik vs. Sakai,Francisco Trinaldo vs. Muslim Salikhov,Muslim Salikhov,-102.0
2021-11-06,UFC 268: Usman vs. Covington 2,Frankie Edgar vs. Marlon Vera,Frankie Edgar,-150.0
2021-11-06,UFC 268: Usman vs. Covington 2,Frankie Edgar vs. Marlon Vera,Marlon Vera,150.0
2020-08-01,UFC Fight Night: Brunson vs. Shahbazyan,Frankie Saenz vs. Jonathan Martinez,Frankie Saenz,167.0
2020-08-01,UFC Fight Night: Brunson vs. Shahbazyan,Frankie Saenz vs. Jonathan Martinez,Jonathan Martinez,-167.0
2021-07-17,UFC Fight Night: Makhachev vs. Moises,Gabriel Benitez vs. Billy Quarantillo,Gabriel Benitez,-167.0
2021-07-17,UFC Fight Night: Makhachev vs. Moises,Gabriel Benitez vs. Billy Quarantillo,Billy Quarantillo,167.0
2022-02-19,UFC Fight Night: Walker vs. Hill,Gabriel Benitez vs. David Onama,Gabriel Benitez,-100.0
2022-02-19,UFC Fight Night: Walker vs. Hill,Gabriel Benitez vs. David Onama,David Onama,-100.0
2020-12-05,UFC Fight Night: Hermansson vs. Vettori,Gabriel Benitez vs. Justin Jaynes,Gabriel Benitez,-167.0
2020-12-05,UFC Fight Night: Hermansson vs. Vettori,Gabriel Benitez vs. Justin Jaynes,Justin Jaynes,167.0
2020-05-13,UFC Fight Night: Smith vs. Teixeira,Gabriel Benitez vs. Omar Morales,Gabriel Benitez,-150.0
2020-05-13,UFC Fight Night: Smith vs. Teixeira,Gabriel Benitez vs. Omar Morales,Omar Morales,150.0
2020-10-17,UFC Fight Night: Ortega vs. The Korean Zombie,Gadzhimurad Antigulov vs. Maxim Grishin,Gadzhimurad Antigulov,-150.0
2020-10-17,UFC Fight Night: Ortega vs. The Korean Zombie,Gadzhimurad Antigulov vs. Maxim Grishin,Maxim Grishin,150.0
2020-12-12,UFC 256: Figueiredo vs. Moreno,Gavin Tucker vs. Billy Quarantillo,Gavin Tucker,167.0
2020-12-12,UFC 256: Figueiredo vs. Moreno,Gavin Tucker vs. Billy Quarantillo,Billy Quarantillo,-167.0
2020-08-08,UFC Fight Night: Lewis vs. Oleinik,Gavin Tucker vs. Justin Jaynes,Gavin Tucker,167.0
2020-08-08,UFC Fight Night: Lewis vs. Oleinik,Gavin Tucker vs. Justin Jaynes,Justin Jaynes,-167.0
2021-12-11,UFC 269: Oliveira vs. Poirier,Geoff Neal vs. Santiago Ponzinibbio,Geoff Neal,122.0
2021-12-11,UFC 269: Oliveira vs. Poirier,Geoff Neal vs. Santiago Ponzinibbio,Santiago Ponzinibbio,-122.0
2020-03-07,UFC 248: Adesanya vs. Romero,Gerald Meerschaert vs. Deron Winn,Gerald Meerschaert,-150.0
2020-03-07,UFC 248: Adesanya vs. Romero,Gerald Meerschaert vs. Deron Winn,Deron Winn,150.0
2020-11-14,UFC Fight Night: Felder vs. Dos Anjos,Geraldo de Freitas vs. Tony Gravely,Geraldo de Freitas,-156.0
2020-11-14,UFC Fight Night: Felder vs. Dos Anjos,Geraldo de Freitas vs. Tony Gravely,Tony Gravely,156.0
2021-11-06,UFC 268: Usman vs. Covington 2,Gian Villante vs. Chris Barnett,Gian Villante,150.0
2021-11-06,UFC 268: Usman vs. Covington 2,Gian Villante vs. Chris Barnett,Chris Barnett,-150.0
2020-12-05,UFC Fight Night: Hermansson vs. Vettori,Gian Villante vs. Jake Collier,Gian Villante,167.0
2020-12-05,UFC Fight Night: Hermansson vs. Vettori,Gian Villante vs. Jake Collier,Jake Collier,-167.0
2020-06-27,UFC Fight Night: Poirier vs. Hooker,Gian Villante vs. Maurice Greene,Gian Villante,317.0
2020-06-27,UFC Fight Night: Poirier vs. Hooker,Gian Villante vs. Maurice Greene,Maurice Greene,-317.0
2021-05-01,UFC Fight Night: Reyes vs. Prochazka,Giga Chikadze vs. Cub Swanson,Giga Chikadze,-100.0
2021-05-01,UFC Fight Night: Reyes vs. Prochazka,Giga Chikadze vs. Cub Swanson,Cub Swanson,-100.0
2020-10-10,UFC Fight Night: Moraes vs. Sandhagen,Giga Chikadze vs. Omar Morales,Giga Chikadze,126.0
2020-10-10,UFC Fight Night: Moraes vs. Sandhagen,Giga Chikadze vs. Omar Morales,Omar Morales,-126.0
2022-04-09,UFC 273: Volkanovski vs. The Korean Zombie,Gilbert Burns vs. Khamzat Chimaev,Gilbert Burns,317.0
2022-04-09,UFC 273: Volkanovski vs. The Korean Zombie,Gilbert Burns vs. Khamzat Chimaev,Khamzat Chimaev,-317.0
2021-07-10,UFC 264: Poirier vs. McGregor 3,Gilbert Burns vs. Stephen Thompson,Gilbert Burns,156.0
2021-07-10,UFC 264: Poirier vs. McGregor 3,Gilbert Burns vs. Stephen Thompson,Stephen Thompson,-156.0
2022-06-11,UFC 275: Teixeira vs. Prochazka,Glover Teixeira vs. Jiri Prochazka,Glover Teixeira,-100.0
2022-06-11,UFC 275: Teixeira vs. Prochazka,Glover Teixeira vs. Jiri Prochazka,Jiri Prochazka,-100.0
2021-10-23,UFC Fight Night: Costa vs. Vettori,Grant Dawson vs. Ricky Glenn,Grant Dawson,-167.0
2021-10-23,UFC Fight Night: Costa vs. Vettori,Grant Dawson vs. Ricky Glenn,Ricky Glenn,167.0
2020-05-09,UFC 249: Ferguson vs. Gaethje,Greg Hardy vs. Yorgan De Castro,Greg Hardy,-167.0
2020-05-09,UFC 249: Ferguson vs. Gaethje,Greg Hardy vs. Yorgan De Castro,Yorgan De Castro,167.0
2022-03-19,UFC Fight Night: Volkov vs. Aspinall,Gunnar Nelson vs. Takashi Sato,Gunnar Nelson,-131.0
2022-03-19,UFC Fight Night: Volkov vs. Aspinall,Gunnar Nelson vs. Takashi Sato,Takashi Sato,131.0
2021-09-18,UFC Fight Night: Smith vs. Spann,Gustavo Lopez vs. Alatengheili,Gustavo Lopez,-100.0
2021-09-18,UFC Fight Night: Smith vs. Spann,Gustavo Lopez vs. Alatengheili,Alatengheili,-100.0
2020-11-07,UFC Fight Night: Santos vs. Teixeira,Gustavo Lopez vs. Anthony Birchak,Gustavo Lopez,167.0
2020-11-07,UFC Fight Night: Santos vs. Teixeira,Gustavo Lopez vs. Anthony Birchak,Anthony Birchak,-167.0
2022-02-05,UFC Fight Night: Hermansson vs. Strickland,Hakeem Dawodu vs. Michael Trizano,Hakeem Dawodu,-167.0
2022-02-05,UFC Fight Night: Hermansson vs. Strickland,Hakeem Dawodu vs. Michael Trizano,Michael Trizano,167.0
2020-09-26,UFC 253: Adesanya vs. Costa,Hakeem Dawodu vs. Zubaira Tukhugov,Hakeem Dawodu,-126.0
2020-09-26,UFC 253: Adesanya vs. Costa,Hakeem Dawodu vs. Zubaira Tukhugov,Zubaira Tukhugov,126.0
2020-05-09,UFC 249: Ferguson vs. Gaethje,Henry Cejudo vs. Dominick Cruz,Henry Cejudo,-167.0
2020-05-09,UFC 249: Ferguson vs. Gaethje,Henry Cejudo vs. Dominick Cruz,Dominick Cruz,167.0
2020-08-15,UFC 252: Miocic vs. Cormier 3,Herbert Burns vs. Daniel Pineda,Herbert Burns,-189.0
2020-08-15,UFC 252: Miocic vs. Cormier 3,Herbert Burns vs. Daniel Pineda,Daniel Pineda,189.0
2021-10-30,UFC 267: Blachowicz vs. Teixeira,Hu Yaozong vs. Andre Petroski,Hu Yaozong,167.0
2021-10-30,UFC 267: Blachowicz vs. Teixeira,Hu Yaozong vs. Andre Petroski,Andre Petroski,-167.0
2020-05-13,UFC Fight Night: Smith vs. Teixeira,Hunter Azure vs. Brian Kelleher,Hunter Azure,-173.0
2020-05-13,UFC Fight Night: Smith vs. Teixeira,Hunter Azure vs. Brian Kelleher,Brian Kelleher,173.0
2021-04-10,UFC Fight Night: Vettori vs. Holland,Hunter Azure vs. Jack Shore,Hunter Azure,167.0
2021-04-10,UFC Fight Night: Vettori vs. Holland,Hunter Azure vs. Jack Shore,Jack Shore,-167.0
2020-06-06,UFC 250: Nunes vs. Spencer,Ian Heinisch vs. Gerald Meerschaert,Ian Heinisch,150.0
2020-06-06,UFC 250: Nunes vs. Spencer,Ian Heinisch vs. Gerald Meerschaert,Gerald Meerschaert,-150.0
2022-04-09,UFC 273: Volkanovski vs. The Korean Zombie,Ian Machado Garry vs. Darian Weeks,Ian Machado Garry,106.0
2022-04-09,UFC 273: Volkanovski vs. The Korean Zombie,Ian Machado Garry vs. Darian Weeks,Darian Weeks,-106.0
2021-01-20,UFC Fight Night: Chiesa vs. Magny,Ike Villanueva vs. Vinicius Moreira,Ike Villanueva,-102.0
2021-01-20,UFC Fight Night: Chiesa vs. Magny,Ike Villanueva vs. Vinicius Moreira,Vinicius Moreira,102.0
2020-12-05,UFC Fight Night: Hermansson vs. Vettori,Ilia Topuria vs. Damon Jackson,Ilia Topuria,-412.0
2020-12-05,UFC Fight Night: Hermansson vs. Vettori,Ilia Topuria vs. Damon Jackson,Damon Jackson,412.0
2021-09-18,UFC Fight Night: Smith vs. Spann,Impa Kasanganay vs. Carlston Harris,Impa Kasanganay,-100.0
2021-09-18,UFC Fight Night: Smith vs. Spann,Impa Kasanganay vs. Carlston Harris,Carlston Harris,-100.0
2020-10-10,UFC Fight Night: Moraes vs. Sandhagen,Impa Kasanganay vs. Joaquin Buckley,Impa Kasanganay,-156.0
2020-10-10,UFC Fight Night: Moraes vs. Sandhagen,Impa Kasanganay vs. Joaquin Buckley,Joaquin Buckley,156.0
2021-04-10,UFC Fight Night: Vettori vs. Holland,Impa Kasanganay vs. Sasha Palatnikov,Impa Kasanganay,-150.0
2021-04-10,UFC Fight Night: Vettori vs. Holland,Impa Kasanganay vs. Sasha Palatnikov,Sasha Palatnikov,150.0
2021-09-18,UFC Fight Night: Smith vs. Spann,Ion Cutelaba vs. Devin Clark,Ion Cutelaba,167.0
2021-09-18,UFC Fight Night: Smith vs. Spann,Ion Cutelaba vs. Devin Clark,Devin Clark,-167.0
2021-05-01,UFC Fight Night: Reyes vs. Prochazka,Ion Cutelaba vs. Dustin Jacoby,Ion Cutelaba,-150.0
2021-05-01,UFC Fight Night: Reyes vs. Prochazka,Ion Cutelaba vs. Dustin Jacoby,Dustin Jacoby,150.0
2020-02-29,UFC Fight Night: Benavidez vs. Figueiredo,Ion Cutelaba vs. Magomed Ankalaev,Ion Cutelaba,161.0
2020-02-29,UFC Fight Night: Benavidez vs. Figueiredo,Ion Cutelaba vs. Magomed Ankalaev,Magomed Ankalaev,-161.0
2021-10-30,UFC 267: Blachowicz vs. Teixeira,Islam Makhachev vs. Dan Hooker,Islam Makhachev,-317.0
2021-10-30,UFC 267: Blachowicz vs. Teixeira,Islam Makhachev vs. Dan Hooker,Dan Hooker,317.0
2021-03-06,UFC 259: Blachowicz vs. Adesanya,Islam Makhachev vs. Drew Dober,Islam Makhachev,-311.0
2021-03-06,UFC 259: Blachowicz vs. Adesanya,Islam Makhachev vs. Drew Dober,Drew Dober,311.0
2022-02-26,UFC Fight Night: Makhachev vs. Green,Islam Makhachev vs. King Green,Islam Makhachev,-259.0
2022-02-26,UFC Fight Night: Makhachev vs. Green,Islam Makhachev vs. King Green,King Green,259.0
2021-07-17,UFC Fight Night: Makhachev vs. Moises,Islam Makhachev vs. Thiago Moises,Islam Makhachev,-317.0
2021-07-17,UFC Fight Night: Makhachev vs. Moises,Islam Makhachev vs. Thiago Moises,Thiago Moises,317.0
2022-07-02,UFC 276: Adesanya vs. Cannonier,Israel Adesanya vs. Jared Cannonier,Israel Adesanya,-317.0
2022-07-02,UFC 276: Adesanya vs. Cannonier,Israel Adesanya vs. Jared Cannonier,Jared Cannonier,317.0
2021-06-12,UFC 263: Adesanya vs. Vettori 2,Israel Adesanya vs. Marvin Vettori,Israel Adesanya,-150.0
2021-06-12,UFC 263: Adesanya vs. Vettori 2,Israel Adesanya vs. Marvin Vettori,Marvin Vettori,150.0
2020-09-26,UFC 253: Adesanya vs. Costa,Israel Adesanya vs. Paulo Costa,Israel Adesanya,-317.0
2020-09-26,UFC 253: Adesanya vs. Costa,Israel Adesanya vs. Paulo Costa,Paulo Costa,317.0
2022-02-12,UFC 271: Adesanya vs. Whittaker 2,Israel Adesanya vs. Robert Whittaker,Israel Adesanya,-100.0
2022-02-12,UFC 271: Adesanya vs. Whittaker 2,Israel Adesanya vs. Robert Whittaker,Robert Whittaker,-100.0
2020-03-07,UFC 248: Adesanya vs. Romero,Israel Adesanya vs. Yoel Romero,Israel Adesanya,-298.0
2020-03-07,UFC 248: Adesanya vs. Romero,Israel Adesanya vs. Yoel Romero,Yoel Romero,298.0
2022-06-25,UFC Fight Night: Tsarukyan vs. Gamrot,JP Buys vs. Cody Durden,JP Buys,-126.0
2022-06-25,UFC Fight Night: Tsarukyan vs. Gamrot,JP Buys vs. Cody Durden,Cody Durden,126.0
2021-05-15,UFC 262: Oliveira vs. Chandler,Jacare Souza vs. Andre Muniz,Jacare Souza,-167.0
2021-05-15,UFC 262: Oliveira vs. Chandler,Jacare Souza vs. Andre Muniz,Andre Muniz,167.0
2022-06-11,UFC 275: Teixeira vs. Prochazka,Jack Della Maddalena vs. Ramazan Emeev,Jack Della Maddalena,-122.0
2022-06-11,UFC 275: Teixeira vs. Prochazka,Jack Della Maddalena vs. Ramazan Emeev,Ramazan Emeev,122.0
2021-05-22,UFC Fight Night: Font vs. Garbrandt,Jack Hermansson vs. Edmen Shahbazyan,Jack Hermansson,150.0
2021-05-22,UFC Fight Night: Font vs. Garbrandt,Jack Hermansson vs. Edmen Shahbazyan,Edmen Shahbazyan,-150.0
2020-07-18,UFC Fight Night: Figueiredo vs. Benavidez 2,Jack Hermansson vs. Kelvin Gastelum,Jack Hermansson,167.0
2020-07-18,UFC Fight Night: Figueiredo vs. Benavidez 2,Jack Hermansson vs. Kelvin Gastelum,Kelvin Gastelum,-167.0
2020-12-05,UFC Fight Night: Hermansson vs. Vettori,Jack Hermansson vs. Marvin Vettori,Jack Hermansson,-100.0
2020-12-05,UFC Fight Night: Hermansson vs. Vettori,Jack Hermansson vs. Marvin Vettori,Marvin Vettori,-100.0
2022-02-05,UFC Fight Night: Hermansson vs. Strickland,Jack Hermansson vs. Sean Strickland,Jack Hermansson,122.0
2022-02-05,UFC Fight Night: Hermansson vs. Strickland,Jack Hermansson vs. Sean Strickland,Sean Strickland,-122.0
2020-07-15,UFC Fight Night: Kattar vs. Ige,Jack Shore vs. Aaron Phillips,Jack Shore,
2020-07-15,UFC Fight Night: Kattar vs. Ige,Jack Shore vs. Aaron Phillips,Aaron Phillips,
2022-03-19,UFC Fight Night: Volkov vs. Aspinall,Jack Shore vs. Timur Valiev,Jack Shore,-317.0
2022-03-19,UFC Fight Night: Volkov vs. Aspinall,Jack Shore vs. Timur Valiev,Timur Valiev,317.0
2021-01-16,UFC Fight Night: Holloway vs. Kattar,Jacob Kilburn vs. Austin Lingo,Jacob Kilburn,167.0
2021-01-16,UFC Fight Night: Holloway vs. Kattar,Jacob Kilburn vs. Austin Lingo,Austin Lingo,-167.0
2022-03-19,UFC Fight Night: Volkov vs. Aspinall,Jai Herbert vs. Ilia Topuria,Jai Herbert,317.0
2022-03-19,UFC Fight Night: Volkov vs. Aspinall,Jai Herbert vs. Ilia Topuria,Ilia Topuria,-317.0
2022-05-21,UFC Fight Night: Holm vs. Vieira,Jailton Almeida vs. Parker Porter,Jailton Almeida,-259.0
2022-05-21,UFC Fight Night: Holm vs. Vieira,Jailton Almeida vs. Parker Porter,Parker Porter,259.0
2021-06-05,UFC Fight Night: Rozenstruik vs. Sakai,Jairzinho Rozenstruik vs. Augusto Sakai,Jairzinho Rozenstruik,110.0
2021-06-05,UFC Fight Night: Rozenstruik vs. Sakai,Jairzinho Rozenstruik vs. Augusto Sakai,Augusto Sakai,-110.0
2021-02-27,UFC Fight Night: Rozenstruik vs. Gane,Jairzinho Rozenstruik vs. Ciryl Gane,Jairzinho Rozenstruik,167.0
2021-02-27,UFC Fight Night: Rozenstruik vs. Gane,Jairzinho Rozenstruik vs. Ciryl Gane,Ciryl Gane,-167.0
2022-01-15,UFC Fight Night: Kattar vs. Chikadze,Jake Collier vs. Chase Sherman,Jake Collier,-167.0
2022-01-15,UFC Fight Night: Kattar vs. Chikadze,Jake Collier vs. Chase Sherman,Chase Sherman,167.0
2020-02-22,UFC Fight Night: Felder vs. Hooker,Jake Matthews vs. Emil Meek,Jake Matthews,
2020-02-22,UFC Fight Night: Felder vs. Hooker,Jake Matthews vs. Emil Meek,Emil Meek,
2022-03-05,UFC 272: Covington vs. Masvidal,Jalin Turner vs. Jamie Mullarkey,Jalin Turner,-150.0
2022-03-05,UFC 272: Covington vs. Masvidal,Jalin Turner vs. Jamie Mullarkey,Jamie Mullarkey,150.0
2021-08-28,UFC Fight Night: Barboza vs. Chikadze,Jamall Emmers vs. Pat Sabatini,Jamall Emmers,-131.0
2021-08-28,UFC Fight Night: Barboza vs. Chikadze,Jamall Emmers vs. Pat Sabatini,Pat Sabatini,131.0
2020-10-17,UFC Fight Night: Ortega vs. The Korean Zombie,Jamie Mullarkey vs. Fares Ziam,Jamie Mullarkey,150.0
2020-10-17,UFC Fight Night: Ortega vs. The Korean Zombie,Jamie Mullarkey vs. Fares Ziam,Fares Ziam,-150.0
2021-03-27,UFC 260: Miocic vs. Ngannou,Jamie Mullarkey vs. Khama Worthy,Jamie Mullarkey,-150.0
2021-03-27,UFC 260: Miocic vs. Ngannou,Jamie Mullarkey vs. Khama Worthy,Khama Worthy,150.0
2021-10-23,UFC Fight Night: Costa vs. Vettori,Jamie Pickett vs. Laureano Staropoli,Jamie Pickett,167.0
2021-10-23,UFC Fight Night: Costa vs. Vettori,Jamie Pickett vs. Laureano Staropoli,Laureano Staropoli,-167.0
2022-05-14,UFC Fight Night: Blachowicz vs. Rakic,Jan Blachowicz vs. Aleksandar Rakic,Jan Blachowicz,-167.0
2022-05-14,UFC Fight Night: Blachowicz vs. Rakic,Jan Blachowicz vs. Aleksandar Rakic,Aleksandar Rakic,167.0
2021-10-30,UFC 267: Blachowicz vs. Teixeira,Jan Blachowicz vs. Glover Teixeira,Jan Blachowicz,-298.0
2021-10-30,UFC 267: Blachowicz vs. Teixeira,Jan Blachowicz vs. Glover Teixeira,Glover Teixeira,298.0
2021-03-06,UFC 259: Blachowicz vs. Adesanya,Jan Blachowicz vs. Israel Adesanya,Jan Blachowicz,167.0
2021-03-06,UFC 259: Blachowicz vs. Adesanya,Jan Blachowicz vs. Israel Adesanya,Israel Adesanya,-167.0
2022-02-12,UFC 271: Adesanya vs. Whittaker 2,Jared Cannonier vs. Derek Brunson,Jared Cannonier,298.0
2022-02-12,UFC 271: Adesanya vs. Whittaker 2,Jared Cannonier vs. Derek Brunson,Derek Brunson,-298.0
2021-08-21,UFC Fight Night: Cannonier vs. Gastelum,Jared Cannonier vs. Kelvin Gastelum,Jared Cannonier,167.0
2021-08-21,UFC Fight Night: Cannonier vs. Gastelum,Jared Cannonier vs. Kelvin Gastelum,Kelvin Gastelum,-167.0
2021-03-27,UFC 260: Miocic vs. Ngannou,Jared Gooden vs. Abubakar Nurmagomedov,Jared Gooden,167.0
2021-03-27,UFC 260: Miocic vs. Ngannou,Jared Gooden vs. Abubakar Nurmagomedov,Abubakar Nurmagomedov,-167.0
2020-07-15,UFC Fight Night: Kattar vs. Ige,Jared Gordon vs. Chris Fishgold,Jared Gordon,-161.0
2020-07-15,UFC Fight Night: Kattar vs. Ige,Jared Gordon vs. Chris Fishgold,Chris Fishgold,161.0
2021-02-20,UFC Fight Night: Blaydes vs. Lewis,Jared Gordon vs. Danny Chavez,Jared Gordon,-126.0
2021-02-20,UFC Fight Night: Blaydes vs. Lewis,Jared Gordon vs. Danny Chavez,Danny Chavez,126.0
2022-04-30,UFC Fight Night: Font vs. Vera,Jared Gordon vs. Grant Dawson,Jared Gordon,131.0
2022-04-30,UFC Fight Night: Font vs. Vera,Jared Gordon vs. Grant Dawson,Grant Dawson,-131.0
2022-06-04,UFC Fight Night: Volkov vs. Rozenstruik,Jeff Molina vs. Zhalgas Zhumagulov,Jeff Molina,-259.0
2022-06-04,UFC Fight Night: Volkov vs. Rozenstruik,Jeff Molina vs. Zhalgas Zhumagulov,Zhalgas Zhumagulov,259.0
2020-05-09,UFC 249: Ferguson vs. Gaethje,Jeremy Stephens vs. Calvin Kattar,Jeremy Stephens,-102.0
2020-05-09,UFC 249: Ferguson vs. Gaethje,Jeremy Stephens vs. Calvin Kattar,Calvin Kattar,102.0
2021-07-17,UFC Fight Night: Makhachev vs. Moises,Jeremy Stephens vs. Mateusz Gamrot,Jeremy Stephens,167.0
2021-07-17,UFC Fight Night: Makhachev vs. Moises,Jeremy Stephens vs. Mateusz Gamrot,Mateusz Gamrot,-167.0
2022-07-02,UFC 276: Adesanya vs. Cannonier,Jim Miller vs. Donald Cerrone,Jim Miller,-156.0
2022-07-02,UFC 276: Adesanya vs. Cannonier,Jim Miller vs. Donald Cerrone,Donald Cerrone,156.0
2021-04-10,UFC Fight Night: Vettori vs. Holland,Jim Miller vs. Joe Solecki,Jim Miller,176.0
2021-04-10,UFC Fight Night: Vettori vs. Holland,Jim Miller vs. Joe Solecki,Joe Solecki,-176.0
2020-06-20,UFC Fight Night: Blaydes vs. Volkov,Jim Miller vs. Roosevelt Roberts,Jim Miller,259.0
2020-06-20,UFC Fight Night: Blaydes vs. Volkov,Jim Miller vs. Roosevelt Roberts,Roosevelt Roberts,-259.0
2020-08-15,UFC 252: Miocic vs. Cormier 3,Jim Miller vs. Vinc Pichel,Jim Miller,-102.0
2020-08-15,UFC 252: Miocic vs. Cormier 3,Jim Miller vs. Vinc Pichel,Vinc Pichel,102.0
2020-07-15,UFC Fight Night: Kattar vs. Ige,Jimmie Rivera vs. Cody Stamann,Jimmie Rivera,156.0
2020-07-15,UFC Fight Night: Kattar vs. Ige,Jimmie Rivera vs. Cody Stamann,Cody Stamann,-156.0
2021-12-04,UFC Fight Night: Font vs. Aldo,Jimmy Crute vs. Jamahal Hill,Jimmy Crute,-150.0
2021-12-04,UFC Fight Night: Font vs. Aldo,Jimmy Crute vs. Jamahal Hill,Jamahal Hill,150.0
2020-02-22,UFC Fight Night: Felder vs. Hooker,Jimmy Crute vs. Michal Oleksiejczuk,Jimmy Crute,-150.0
2020-02-22,UFC Fight Night: Felder vs. Hooker,Jimmy Crute vs. Michal Oleksiejczuk,Michal Oleksiejczuk,150.0
2020-10-17,UFC Fight Night: Ortega vs. The Korean Zombie,Jimmy Crute vs. Modestas Bukauskas,Jimmy Crute,-167.0
2020-10-17,UFC Fight Night: Ortega vs. The Korean Zombie,Jimmy Crute vs. Modestas Bukauskas,Modestas Bukauskas,167.0
2021-06-19,UFC Fight Night: Jung vs. Ige,Joaquim Silva vs. Ricky Glenn,Joaquim Silva,167.0
2021-06-19,UFC Fight Night: Jung vs. Ige,Joaquim Silva vs. Ricky Glenn,Ricky Glenn,-167.0
2022-02-19,UFC Fight Night: Walker vs. Hill,Joaquin Buckley vs. Abdul Razak Alhassan,Joaquin Buckley,-167.0
2022-02-19,UFC Fight Night: Walker vs. Hill,Joaquin Buckley vs. Abdul Razak Alhassan,Abdul Razak Alhassan,167.0
2022-06-18,UFC Fight Night: Kattar vs. Emmett,Joaquin Buckley vs. Albert Duraev,Joaquin Buckley,-156.0
2022-06-18,UFC Fight Night: Kattar vs. Emmett,Joaquin Buckley vs. Albert Duraev,Albert Duraev,156.0
2021-01-16,UFC Fight Night: Holloway vs. Kattar,Joaquin Buckley vs. Alessio Di Chirico,Joaquin Buckley,-150.0
2021-01-16,UFC Fight Night: Holloway vs. Kattar,Joaquin Buckley vs. Alessio Di Chirico,Alessio Di Chirico,150.0
2021-09-18,UFC Fight Night: Smith vs. Spann,Joaquin Buckley vs. Antonio Arroyo,Joaquin Buckley,-100.0
2021-09-18,UFC Fight Night: Smith vs. Spann,Joaquin Buckley vs. Antonio Arroyo,Antonio Arroyo,-100.0
2020-11-21,UFC 255: Figueiredo vs. Perez,Joaquin Buckley vs. Jordan Wright,Joaquin Buckley,-156.0
2020-11-21,UFC 255: Figueiredo vs. Perez,Joaquin Buckley vs. Jordan Wright,Jordan Wright,156.0
2020-07-18,UFC Fight Night: Figueiredo vs. Benavidez 2,Joe Duffy vs. Joel Alvarez,Joe Duffy,150.0
2020-07-18,UFC Fight Night: Figueiredo vs. Benavidez 2,Joe Duffy vs. Joel Alvarez,Joel Alvarez,-150.0
2022-06-04,UFC Fight Night: Volkov vs. Rozenstruik,Joe Solecki vs. Alex Da Silva,Joe Solecki,-167.0
2022-06-04,UFC Fight Night: Volkov vs. Rozenstruik,Joe Solecki vs. Alex Da Silva,Alex Da Silva,167.0
2021-10-02,UFC Fight Night: Santos vs. Walker,Joe Solecki vs. Jared Gordon,Joe Solecki,-167.0
2021-10-02,UFC Fight Night: Santos vs. Walker,Joe Solecki vs. Jared Gordon,Jared Gordon,167.0
2020-10-24,UFC 254: Khabib vs. Gaethje,Joel Alvarez vs. Alexander Yakovlev,Joel Alvarez,-167.0
2020-10-24,UFC 254: Khabib vs. Gaethje,Joel Alvarez vs. Alexander Yakovlev,Alexander Yakovlev,167.0
2020-08-15,UFC 252: Miocic vs. Cormier 3,John Dodson vs. Merab Dvalishvili,John Dodson,299.0
2020-08-15,UFC 252: Miocic vs. Cormier 3,John Dodson vs. Merab Dvalishvili,Merab Dvalishvili,-299.0
2021-08-07,UFC 265: Lewis vs. Gane,Johnny Munoz vs. Jamey Simmons,Johnny Munoz,-167.0
2021-08-07,UFC 265: Lewis vs. Gane,Johnny Munoz vs. Jamey Simmons,Jamey Simmons,167.0
2022-06-04,UFC Fight Night: Volkov vs. Rozenstruik,Johnny Munoz vs. Tony Gravely,Johnny Munoz,-102.0
2022-06-04,UFC Fight Night: Volkov vs. Rozenstruik,Johnny Munoz vs. Tony Gravely,Tony Gravely,102.0
2022-02-19,UFC Fight Night: Walker vs. Hill,Johnny Walker vs. Jamahal Hill,Johnny Walker,-167.0
2022-02-19,UFC Fight Night: Walker vs. Hill,Johnny Walker vs. Jamahal Hill,Jamahal Hill,167.0
2020-03-14,UFC Fight Night: Lee vs. Oliveira,Johnny Walker vs. Nikita Krylov,Johnny Walker,167.0
2020-03-14,UFC Fight Night: Lee vs. Oliveira,Johnny Walker vs. Nikita Krylov,Nikita Krylov,-167.0
2020-09-19,UFC Fight Night: Covington vs. Woodley,Johnny Walker vs. Ryan Spann,Johnny Walker,-102.0
2020-09-19,UFC Fight Night: Covington vs. Woodley,Johnny Walker vs. Ryan Spann,Ryan Spann,102.0
2021-03-13,UFC Fight Night: Edwards vs. Muhammad,Jonathan Martinez vs. Davey Grant,Jonathan Martinez,-167.0
2021-03-13,UFC Fight Night: Edwards vs. Muhammad,Jonathan Martinez vs. Davey Grant,Davey Grant,167.0
2022-05-21,UFC Fight Night: Holm vs. Vieira,Jonathan Martinez vs. Vince Morales,Jonathan Martinez,-167.0
2022-05-21,UFC Fight Night: Holm vs. Vieira,Jonathan Martinez vs. Vince Morales,Vince Morales,167.0
2020-11-28,UFC Fight Night: Smith vs. Clark,Jonathan Pearce vs. Kai Kamaka,Jonathan Pearce,302.0
2020-11-28,UFC Fight Night: Smith vs. Clark,Jonathan Pearce vs. Kai Kamaka,Kai Kamaka,-302.0
2021-09-25,UFC 266: Volkanovski vs. Ortega,Jonathan Pearce vs. Omar Morales,Jonathan Pearce,102.0
2021-09-25,UFC 266: Volkanovski vs. Ortega,Jonathan Pearce vs. Omar Morales,Omar Morales,-102.0
2020-09-19,UFC Fight Night: Covington vs. Woodley,Jordan Espinosa vs. David Dvorak,Jordan Espinosa,-167.0
2020-09-19,UFC Fight Night: Covington vs. Woodley,Jordan Espinosa vs. David Dvorak,David Dvorak,167.0
2020-06-13,UFC Fight Night: Eye vs. Calvillo,Jordan Espinosa vs. Mark De La Rosa,Jordan Espinosa,-150.0
2020-06-13,UFC Fight Night: Eye vs. Calvillo,Jordan Espinosa vs. Mark De La Rosa,Mark De La Rosa,150.0
2020-06-27,UFC Fight Night: Poirier vs. Hooker,Jordan Griffin vs. Youssef Zalal,Jordan Griffin,317.0
2020-06-27,UFC Fight Night: Poirier vs. Hooker,Jordan Griffin vs. Youssef Zalal,Youssef Zalal,-317.0
2021-12-18,UFC Fight Night: Lewis vs. Daukaus,Jordan Leavitt vs. Matt Sayles,Jordan Leavitt,-150.0
2021-12-18,UFC Fight Night: Lewis vs. Daukaus,Jordan Leavitt vs. Matt Sayles,Matt Sayles,150.0
2021-12-11,UFC 269: Oliveira vs. Poirier,Jordan Wright vs. Bruno Silva,Jordan Wright,-100.0
2021-12-11,UFC 269: Oliveira vs. Poirier,Jordan Wright vs. Bruno Silva,Bruno Silva,-100.0
2021-05-15,UFC 262: Oliveira vs. Chandler,Jordan Wright vs. Jamie Pickett,Jordan Wright,-150.0
2021-05-15,UFC 262: Oliveira vs. Chandler,Jordan Wright vs. Jamie Pickett,Jamie Pickett,150.0
2022-04-23,UFC Fight Night: Lemos vs. Andrade,Jordan Wright vs. Marc-Andre Barriault,Jordan Wright,-167.0
2022-04-23,UFC Fight Night: Lemos vs. Andrade,Jordan Wright vs. Marc-Andre Barriault,Marc-Andre Barriault,167.0
2020-12-19,UFC Fight Night: Thompson vs. Neal,Jose Aldo vs. Marlon Vera,Jose Aldo,-106.0
2020-12-19,UFC Fight Night: Thompson vs. Neal,Jose Aldo vs. Marlon Vera,Marlon Vera,106.0
2021-08-07,UFC 265: Lewis vs. Gane,Jose Aldo vs. Pedro Munhoz,Jose Aldo,150.0
2021-08-07,UFC 265: Lewis vs. Gane,Jose Aldo vs. Pedro Munhoz,Pedro Munhoz,-150.0
2021-03-06,UFC 259: Blachowicz vs. Adesanya,Joseph Benavidez vs. Askar Askarov,Joseph Benavidez,-102.0
2021-03-06,UFC 259: Blachowicz vs. Adesanya,Joseph Benavidez vs. Askar Askarov,Askar Askarov,102.0
2020-02-29,UFC Fight Night: Benavidez vs. Figueiredo,Joseph Benavidez vs. Deiveson Figueiredo,Joseph Benavidez,-100.0
2020-02-29,UFC Fight Night: Benavidez vs. Figueiredo,Joseph Benavidez vs. Deiveson Figueiredo,Deiveson Figueiredo,-100.0
2022-05-21,UFC Fight Night: Holm vs. Vieira,Joseph Holmes vs. Alen Amedovski,Joseph Holmes,-317.0
2022-05-21,UFC Fight Night: Holm vs. Vieira,Joseph Holmes vs. Alen Amedovski,Alen Amedovski,317.0
2021-12-11,UFC 269: Oliveira vs. Poirier,Josh Emmett vs. Dan Ige,Josh Emmett,167.0
2021-12-11,UFC 269: Oliveira vs. Poirier,Josh Emmett vs. Dan Ige,Dan Ige,-167.0
2020-06-20,UFC Fight Night: Blaydes vs. Volkov,Josh Emmett vs. Shane Burgos,Josh Emmett,150.0
2020-06-20,UFC Fight Night: Blaydes vs. Volkov,Josh Emmett vs. Shane Burgos,Shane Burgos,-150.0
2022-06-25,UFC Fight Night: Tsarukyan vs. Gamrot,Josh Parisian vs. Alan Baudot,Josh Parisian,126.0
2022-06-25,UFC Fight Night: Tsarukyan vs. Gamrot,Josh Parisian vs. Alan Baudot,Alan Baudot,-126.0
2021-06-19,UFC Fight Night: Jung vs. Ige,Josh Parisian vs. Roque Martinez,Josh Parisian,-126.0
2021-06-19,UFC Fight Night: Jung vs. Ige,Josh Parisian vs. Roque Martinez,Roque Martinez,126.0
2020-09-26,UFC 253: Adesanya vs. Costa,Juan Espino vs. Jeff Hughes,Juan Espino,-167.0
2020-09-26,UFC 253: Adesanya vs. Costa,Juan Espino vs. Jeff Hughes,Jeff Hughes,167.0
2021-09-04,UFC Fight Night: Brunson vs. Till,Julian Erosa vs. Charles Jourdain,Julian Erosa,259.0
2021-09-04,UFC Fight Night: Brunson vs. Till,Julian Erosa vs. Charles Jourdain,Charles Jourdain,-259.0
2021-06-19,UFC Fight Night: Jung vs. Ige,Julian Erosa vs. SeungWoo Choi,Julian Erosa,156.0
2021-06-19,UFC Fight Night: Jung vs. Ige,Julian Erosa vs. SeungWoo Choi,SeungWoo Choi,-156.0
2022-02-05,UFC Fight Night: Hermansson vs. Strickland,Julian Erosa vs. Steven Peterson,Julian Erosa,150.0
2022-02-05,UFC Fight Night: Hermansson vs. Strickland,Julian Erosa vs. Steven Peterson,Steven Peterson,-150.0
2022-06-18,UFC Fight Night: Kattar vs. Emmett,Julian Marquez vs. Gregory Rodrigues,Julian Marquez,167.0
2022-06-18,UFC Fight Night: Kattar vs. Emmett,Julian Marquez vs. Gregory Rodrigues,Gregory Rodrigues,-167.0
2021-07-24,UFC Fight Night: Sandhagen vs. Dillashaw,Julio Arce vs. Andre Ewell,Julio Arce,-140.0
2021-07-24,UFC Fight Night: Sandhagen vs. Dillashaw,Julio Arce vs. Andre Ewell,Andre Ewell,140.0
2021-10-23,UFC Fight Night: Costa vs. Vettori,JunYong Park vs. Gregory Rodrigues,JunYong Park,-102.0
2021-10-23,UFC Fight Night: Costa vs. Vettori,JunYong Park vs. Gregory Rodrigues,Gregory Rodrigues,102.0
2020-10-17,UFC Fight Night: Ortega vs. The Korean Zombie,JunYong Park vs. John Phillips,JunYong Park,-317.0
2020-10-17,UFC Fight Night: Ortega vs. The Korean Zombie,JunYong Park vs. John Phillips,John Phillips,317.0
2021-05-08,UFC Fight Night: Rodriguez vs. Waterson,JunYong Park vs. Tafon Nchukwi,JunYong Park,-150.0
2021-05-08,UFC Fight Night: Rodriguez vs. Waterson,JunYong Park vs. Tafon Nchukwi,Tafon Nchukwi,150.0
2020-12-12,UFC 256: Figueiredo vs. Moreno,Junior Dos Santos vs. Ciryl Gane,Junior Dos Santos,167.0
2020-12-12,UFC 256: Figueiredo vs. Moreno,Junior Dos Santos vs. Ciryl Gane,Ciryl Gane,-167.0
2020-08-15,UFC 252: Miocic vs. Cormier 3,Junior Dos Santos vs. Jairzinho Rozenstruik,Junior Dos Santos,-167.0
2020-08-15,UFC 252: Miocic vs. Cormier 3,Junior Dos Santos vs. Jairzinho Rozenstruik,Jairzinho Rozenstruik,167.0
2020-06-06,UFC 250: Nunes vs. Spencer,Jussier Formiga vs. Alex Perez,Jussier Formiga,317.0
2020-06-06,UFC 250: Nunes vs. Spencer,Jussier Formiga vs. Alex Perez,Alex Perez,-317.0
2020-03-14,UFC Fight Night: Lee vs. Oliveira,Jussier Formiga vs. Brandon Moreno,Jussier Formiga,298.0
2020-03-14,UFC Fight Night: Lee vs. Oliveira,Jussier Formiga vs. Brandon Moreno,Brandon Moreno,-298.0
2021-11-06,UFC 268: Usman vs. Covington 2,Justin Gaethje vs. Michael Chandler,Justin Gaethje,-167.0
2021-11-06,UFC 268: Usman vs. Covington 2,Justin Gaethje vs. Michael Chandler,Michael Chandler,167.0
2021-12-18,UFC Fight Night: Lewis vs. Daukaus,Justin Tafa vs. Harry Hunsucker,Justin Tafa,-317.0
2021-12-18,UFC Fight Night: Lewis vs. Daukaus,Justin Tafa vs. Harry Hunsucker,Harry Hunsucker,317.0
2021-05-22,UFC Fight Night: Font vs. Garbrandt,Justin Tafa vs. Jared Vanderaa,Justin Tafa,-167.0
2021-05-22,UFC Fight Night: Font vs. Garbrandt,Justin Tafa vs. Jared Vanderaa,Jared Vanderaa,167.0
2021-05-01,UFC Fight Night: Reyes vs. Prochazka,Kai Kamaka vs. TJ Brown,Kai Kamaka,-100.0
2021-05-01,UFC Fight Night: Reyes vs. Prochazka,Kai Kamaka vs. TJ Brown,TJ Brown,-100.0
2020-09-26,UFC 253: Adesanya vs. Costa,Kai Kara-France vs. Brandon Royval,Kai Kara-France,-167.0
2020-09-26,UFC 253: Adesanya vs. Costa,Kai Kara-France vs. Brandon Royval,Brandon Royval,167.0
2021-12-11,UFC 269: Oliveira vs. Poirier,Kai Kara-France vs. Cody Garbrandt,Kai Kara-France,-100.0
2021-12-11,UFC 269: Oliveira vs. Poirier,Kai Kara-France vs. Cody Garbrandt,Cody Garbrandt,-100.0
2020-02-22,UFC Fight Night: Felder vs. Hooker,Kai Kara-France vs. Tyson Nam,Kai Kara-France,-259.0
2020-02-22,UFC Fight Night: Felder vs. Hooker,Kai Kara-France vs. Tyson Nam,Tyson Nam,259.0
2021-11-06,UFC 268: Usman vs. Covington 2,Kamaru Usman vs. Colby Covington,Kamaru Usman,-298.0
2021-11-06,UFC 268: Usman vs. Covington 2,Kamaru Usman vs. Colby Covington,Colby Covington,298.0
2021-02-13,UFC 258: Usman vs. Burns,Kamaru Usman vs. Gilbert Burns,Kamaru Usman,-317.0
2021-02-13,UFC 258: Usman vs. Burns,Kamaru Usman vs. Gilbert Burns,Gilbert Burns,317.0
2020-07-11,UFC 251: Usman vs. Masvidal,Kamaru Usman vs. Jorge Masvidal,Kamaru Usman,-169.0
2020-07-11,UFC 251: Usman vs. Masvidal,Kamaru Usman vs. Jorge Masvidal,Jorge Masvidal,312.0
2021-04-24,UFC 261: Usman vs. Masvidal 2,Kamaru Usman vs. Jorge Masvidal,Kamaru Usman,-338.0
2021-04-24,UFC 261: Usman vs. Masvidal 2,Kamaru Usman vs. Jorge Masvidal,Jorge Masvidal,312.0
2021-04-24,UFC 261: Usman vs. Masvidal 2,Karl Roberson vs. Brendan Allen,Karl Roberson,126.0
2021-04-24,UFC 261: Usman vs. Masvidal 2,Karl Roberson vs. Brendan Allen,Brendan Allen,-126.0
2020-06-13,UFC Fight Night: Eye vs. Calvillo,Karl Roberson vs. Marvin Vettori,Karl Roberson,126.0
2020-06-13,UFC Fight Night: Eye vs. Calvillo,Karl Roberson vs. Marvin Vettori,Marvin Vettori,-126.0
2021-02-13,UFC 258: Usman vs. Burns,Kelvin Gastelum vs. Ian Heinisch,Kelvin Gastelum,-167.0
2021-02-13,UFC 258: Usman vs. Burns,Kelvin Gastelum vs. Ian Heinisch,Ian Heinisch,167.0
2021-11-13,UFC Fight Night: Holloway vs. Rodriguez,Kennedy Nzechukwu vs. Da Woon Jung,Kennedy Nzechukwu,150.0
2021-11-13,UFC Fight Night: Holloway vs. Rodriguez,Kennedy Nzechukwu vs. Da Woon Jung,Da Woon Jung,-150.0
2021-06-26,UFC Fight Night: Gane vs. Volkov,Kennedy Nzechukwu vs. Danilo Marques,Kennedy Nzechukwu,131.0
2021-06-26,UFC Fight Night: Gane vs. Volkov,Kennedy Nzechukwu vs. Danilo Marques,Danilo Marques,-131.0
2020-02-22,UFC Fight Night: Felder vs. Hooker,Kevin Aguilar vs. Zubaira Tukhugov,Kevin Aguilar,124.0
2020-02-22,UFC Fight Night: Felder vs. Hooker,Kevin Aguilar vs. Zubaira Tukhugov,Zubaira Tukhugov,-124.0
2022-03-05,UFC 272: Covington vs. Masvidal,Kevin Holland vs. Alex Oliveira,Kevin Holland,-298.0
2022-03-05,UFC 272: Covington vs. Masvidal,Kevin Holland vs. Alex Oliveira,Alex Oliveira,298.0
2020-09-19,UFC Fight Night: Covington vs. Woodley,Kevin Holland vs. Darren Stewart,Kevin Holland,-167.0
2020-09-19,UFC Fight Night: Covington vs. Woodley,Kevin Holland vs. Darren Stewart,Darren Stewart,167.0
2020-12-12,UFC 256: Figueiredo vs. Moreno,Kevin Holland vs. Jacare Souza,Kevin Holland,-259.0
2020-12-12,UFC 256: Figueiredo vs. Moreno,Kevin Holland vs. Jacare Souza,Jacare Souza,259.0
2020-03-14,UFC Fight Night: Lee vs. Oliveira,Kevin Lee vs. Charles Oliveira,Kevin Lee,-150.0
2020-03-14,UFC Fight Night: Lee vs. Oliveira,Kevin Lee vs. Charles Oliveira,Charles Oliveira,150.0
2021-08-28,UFC Fight Night: Barboza vs. Chikadze,Kevin Lee vs. Daniel Rodriguez,Kevin Lee,-167.0
2021-08-28,UFC Fight Night: Barboza vs. Chikadze,Kevin Lee vs. Daniel Rodriguez,Daniel Rodriguez,167.0
2020-10-24,UFC 254: Khabib vs. Gaethje,Khabib Nurmagomedov vs. Justin Gaethje,Khabib Nurmagomedov,
2020-10-24,UFC 254: Khabib vs. Gaethje,Khabib Nurmagomedov vs. Justin Gaethje,Justin Gaethje,
2021-07-17,UFC Fight Night: Makhachev vs. Moises,Khalid Taha vs. Sergey Morozov,Khalid Taha,-167.0
2021-07-17,UFC Fight Night: Makhachev vs. Moises,Khalid Taha vs. Sergey Morozov,Sergey Morozov,167.0
2022-03-12,UFC Fight Night: Santos vs. Ankalaev,Khalil Rountree Jr. vs. Karl Roberson,Khalil Rountree Jr.,150.0
2022-03-12,UFC Fight Night: Santos vs. Ankalaev,Khalil Rountree Jr. vs. Karl Roberson,Karl Roberson,-150.0
2021-01-23,UFC 257: Poirier vs. McGregor,Khalil Rountree Jr. vs. Marcin Prachnio,Khalil Rountree Jr.,-167.0
2021-01-23,UFC 257: Poirier vs. McGregor,Khalil Rountree Jr. vs. Marcin Prachnio,Marcin Prachnio,167.0
2021-10-23,UFC Fight Night: Costa vs. Vettori,Khama Worthy vs. Jai Herbert,Khama Worthy,-102.0
2021-10-23,UFC Fight Night: Costa vs. Vettori,Khama Worthy vs. Jai Herbert,Jai Herbert,102.0
2020-09-19,UFC Fight Night: Covington vs. Woodley,Khamzat Chimaev vs. Gerald Meerschaert,Khamzat Chimaev,-167.0
2020-09-19,UFC Fight Night: Covington vs. Woodley,Khamzat Chimaev vs. Gerald Meerschaert,Gerald Meerschaert,167.0
2021-06-19,UFC Fight Night: Jung vs. Ige,Khaos Williams vs. Matthew Semelsberger,Khaos Williams,-156.0
2021-06-19,UFC Fight Night: Jung vs. Ige,Khaos Williams vs. Matthew Semelsberger,Matthew Semelsberger,156.0
2020-09-12,UFC Fight Night: Waterson vs. Hill,King Green vs. Alan Patrick,King Green,-167.0
2020-09-12,UFC Fight Night: Waterson vs. Hill,King Green vs. Alan Patrick,Alan Patrick,167.0
2022-02-12,UFC 271: Adesanya vs. Whittaker 2,King Green vs. Nasrat Haqparast,King Green,-102.0
2022-02-12,UFC 271: Adesanya vs. Whittaker 2,King Green vs. Nasrat Haqparast,Nasrat Haqparast,102.0
2021-08-07,UFC 265: Lewis vs. Gane,King Green vs. Rafael Fiziev,King Green,-102.0
2021-08-07,UFC 265: Lewis vs. Gane,King Green vs. Rafael Fiziev,Rafael Fiziev,102.0
2020-10-31,UFC Fight Night: Hall vs. Silva,King Green vs. Thiago Moises,King Green,-150.0
2020-10-31,UFC Fight Night: Hall vs. Silva,King Green vs. Thiago Moises,Thiago Moises,150.0
2022-03-12,UFC Fight Night: Santos vs. Ankalaev,Kris Moutinho vs. Guido Cannetti,Kris Moutinho,-104.0
2022-03-12,UFC Fight Night: Santos vs. Ankalaev,Kris Moutinho vs. Guido Cannetti,Guido Cannetti,104.0
2022-04-30,UFC Fight Night: Font vs. Vera,Krzysztof Jotko vs. Gerald Meerschaert,Krzysztof Jotko,-167.0
2022-04-30,UFC Fight Night: Font vs. Vera,Krzysztof Jotko vs. Gerald Meerschaert,Gerald Meerschaert,167.0
2022-02-19,UFC Fight Night: Walker vs. Hill,Kyle Daukaus vs. Jamie Pickett,Kyle Daukaus,-161.0
2022-02-19,UFC Fight Night: Walker vs. Hill,Kyle Daukaus vs. Jamie Pickett,Jamie Pickett,161.0
2022-02-12,UFC 271: Adesanya vs. Whittaker 2,Kyler Phillips vs. Marcelo Rojo,Kyler Phillips,-317.0
2022-02-12,UFC 271: Adesanya vs. Whittaker 2,Kyler Phillips vs. Marcelo Rojo,Marcelo Rojo,317.0
2021-07-24,UFC Fight Night: Sandhagen vs. Dillashaw,Kyler Phillips vs. Raulian Paiva,Kyler Phillips,-167.0
2021-07-24,UFC Fight Night: Sandhagen vs. Dillashaw,Kyler Phillips vs. Raulian Paiva,Raulian Paiva,167.0
2022-06-11,UFC 275: Teixeira vs. Prochazka,Kyung Ho Kang vs. Batgerel Danaa,Kyung Ho Kang,150.0
2022-06-11,UFC 275: Teixeira vs. Prochazka,Kyung Ho Kang vs. Batgerel Danaa,Batgerel Danaa,-150.0
2022-04-23,UFC Fight Night: Lemos vs. Andrade,Lando Vannata vs. Charles Jourdain,Lando Vannata,-102.0
2022-04-23,UFC Fight Night: Lemos vs. Andrade,Lando Vannata vs. Charles Jourdain,Charles Jourdain,102.0
2020-08-01,UFC Fight Night: Brunson vs. Shahbazyan,Lando Vannata vs. King Green,Lando Vannata,102.0
2020-08-01,UFC Fight Night: Brunson vs. Shahbazyan,Lando Vannata vs. King Green,King Green,-102.0
2021-05-15,UFC 262: Oliveira vs. Chandler,Lando Vannata vs. Mike Grundy,Lando Vannata,-161.0
2021-05-15,UFC 262: Oliveira vs. Chandler,Lando Vannata vs. Mike Grundy,Mike Grundy,161.0
2021-06-12,UFC 263: Adesanya vs. Vettori 2,Leon Edwards vs. Nate Diaz,Leon Edwards,-167.0
2021-06-12,UFC 263: Adesanya vs. Vettori 2,Leon Edwards vs. Nate Diaz,Nate Diaz,167.0
2021-03-20,UFC Fight Night: Brunson vs. Holland,Leonardo Santos vs. Grant Dawson,Leonardo Santos,298.0
2021-03-20,UFC Fight Night: Brunson vs. Holland,Leonardo Santos vs. Grant Dawson,Grant Dawson,-298.0
2021-01-20,UFC Fight Night: Chiesa vs. Magny,Lerone Murphy vs. Douglas Silva de Andrade,Lerone Murphy,-259.0
2021-01-20,UFC Fight Night: Chiesa vs. Magny,Lerone Murphy vs. Douglas Silva de Andrade,Douglas Silva de Andrade,259.0
2021-10-30,UFC 267: Blachowicz vs. Teixeira,Li Jingliang vs. Khamzat Chimaev,Li Jingliang,167.0
2021-10-30,UFC 267: Blachowicz vs. Teixeira,Li Jingliang vs. Khamzat Chimaev,Khamzat Chimaev,-167.0
2020-05-30,UFC Fight Night: Woodley vs. Burns,Louis Smolka vs. Casey Kenney,Louis Smolka,150.0
2020-05-30,UFC Fight Night: Woodley vs. Burns,Louis Smolka vs. Casey Kenney,Casey Kenney,-150.0
2020-12-05,UFC Fight Night: Hermansson vs. Vettori,Louis Smolka vs. Jose Quinonez,Louis Smolka,167.0
2020-12-05,UFC Fight Night: Hermansson vs. Vettori,Louis Smolka vs. Jose Quinonez,Jose Quinonez,-167.0
2021-12-04,UFC Fight Night: Font vs. Aldo,Louis Smolka vs. Vince Morales,Louis Smolka,102.0
2021-12-04,UFC Fight Night: Font vs. Aldo,Louis Smolka vs. Vince Morales,Vince Morales,-102.0
2021-05-08,UFC Fight Night: Rodriguez vs. Waterson,Ludovit Klein vs. Michael Trizano,Ludovit Klein,-126.0
2021-05-08,UFC Fight Night: Rodriguez vs. Waterson,Ludovit Klein vs. Michael Trizano,Michael Trizano,126.0
2020-10-03,UFC Fight Night: Holm vs. Aldana,Luigi Vendramini vs. Jessin Ayari,Luigi Vendramini,-126.0
2020-10-03,UFC Fight Night: Holm vs. Aldana,Luigi Vendramini vs. Jessin Ayari,Jessin Ayari,126.0
2021-04-17,UFC Fight Night: Whittaker vs. Gastelum,Luis Pena vs. Alexander Munoz,Luis Pena,-259.0
2021-04-17,UFC Fight Night: Whittaker vs. Gastelum,Luis Pena vs. Alexander Munoz,Alexander Munoz,259.0
2020-06-27,UFC Fight Night: Poirier vs. Hooker,Luis Pena vs. Khama Worthy,Luis Pena,-317.0
2020-06-27,UFC Fight Night: Poirier vs. Hooker,Luis Pena vs. Khama Worthy,Khama Worthy,317.0
2022-03-26,UFC Fight Night: Blaydes vs. Daukaus,Luis Saldana vs. Bruno Souza,Luis Saldana,-150.0
2022-03-26,UFC Fight Night: Blaydes vs. Daukaus,Luis Saldana vs. Bruno Souza,Bruno Souza,150.0
2021-05-01,UFC Fight Night: Reyes vs. Prochazka,Luke Sanders vs. Felipe Colares,Luke Sanders,156.0
2021-05-01,UFC Fight Night: Reyes vs. Prochazka,Luke Sanders vs. Felipe Colares,Felipe Colares,-156.0
2020-11-28,UFC Fight Night: Smith vs. Clark,Luke Sanders vs. Nate Maness,Luke Sanders,-100.0
2020-11-28,UFC Fight Night: Smith vs. Clark,Luke Sanders vs. Nate Maness,Nate Maness,-100.0
2020-10-24,UFC 254: Khabib vs. Gaethje,Magomed Ankalaev vs. Ion Cutelaba,Magomed Ankalaev,-167.0
2020-10-24,UFC 254: Khabib vs. Gaethje,Magomed Ankalaev vs. Ion Cutelaba,Ion Cutelaba,167.0
2021-10-30,UFC 267: Blachowicz vs. Teixeira,Magomed Ankalaev vs. Volkan Oezdemir,Magomed Ankalaev,-167.0
2021-10-30,UFC 267: Blachowicz vs. Teixeira,Magomed Ankalaev vs. Volkan Oezdemir,Volkan Oezdemir,167.0
2021-08-28,UFC Fight Night: Barboza vs. Chikadze,Makhmud Muradov vs. Gerald Meerschaert,Makhmud Muradov,-100.0
2021-08-28,UFC Fight Night: Barboza vs. Chikadze,Makhmud Muradov vs. Gerald Meerschaert,Gerald Meerschaert,-100.0
2020-08-08,UFC Fight Night: Lewis vs. Oleinik,Maki Pitolo vs. Darren Stewart,Maki Pitolo,126.0
2020-08-08,UFC Fight Night: Lewis vs. Oleinik,Maki Pitolo vs. Darren Stewart,Darren Stewart,-126.0
2021-12-04,UFC Fight Night: Font vs. Aldo,Maki Pitolo vs. Dusko Todorovic,Maki Pitolo,102.0
2021-12-04,UFC Fight Night: Font vs. Aldo,Maki Pitolo vs. Dusko Todorovic,Dusko Todorovic,-102.0
2021-02-13,UFC 258: Usman vs. Burns,Maki Pitolo vs. Julian Marquez,Maki Pitolo,-167.0
2021-02-13,UFC 258: Usman vs. Burns,Maki Pitolo vs. Julian Marquez,Julian Marquez,167.0
2020-07-11,UFC 251: Usman vs. Masvidal,Makwan Amirkhani vs. Danny Henry,Makwan Amirkhani,-150.0
2020-07-11,UFC 251: Usman vs. Masvidal,Makwan Amirkhani vs. Danny Henry,Danny Henry,150.0
2021-10-30,UFC 267: Blachowicz vs. Teixeira,Makwan Amirkhani vs. Lerone Murphy,Makwan Amirkhani,298.0
2021-10-30,UFC 267: Blachowicz vs. Teixeira,Makwan Amirkhani vs. Lerone Murphy,Lerone Murphy,-298.0
2022-02-12,UFC 271: Adesanya vs. Whittaker 2,Mana Martinez vs. Ronnie Lawrence,Mana Martinez,174.0
2022-02-12,UFC 271: Adesanya vs. Whittaker 2,Mana Martinez vs. Ronnie Lawrence,Ronnie Lawrence,-174.0
2021-03-13,UFC Fight Night: Edwards vs. Muhammad,Manel Kape vs. Matheus Nicolau,Manel Kape,167.0
2021-03-13,UFC Fight Night: Edwards vs. Muhammad,Manel Kape vs. Matheus Nicolau,Matheus Nicolau,-167.0
2021-08-07,UFC 265: Lewis vs. Gane,Manel Kape vs. Ode Osbourne,Manel Kape,-100.0
2021-08-07,UFC 265: Lewis vs. Gane,Manel Kape vs. Ode Osbourne,Ode Osbourne,-100.0
2021-12-04,UFC Fight Night: Font vs. Aldo,Manel Kape vs. Zhalgas Zhumagulov,Manel Kape,-167.0
2021-12-04,UFC Fight Night: Font vs. Aldo,Manel Kape vs. Zhalgas Zhumagulov,Zhalgas Zhumagulov,167.0
2021-11-13,UFC Fight Night: Holloway vs. Rodriguez,Marc Diakiese vs. Rafael Alves,Marc Diakiese,-167.0
2021-11-13,UFC Fight Night: Holloway vs. Rodriguez,Marc Diakiese vs. Rafael Alves,Rafael Alves,167.0
2020-07-18,UFC Fight Night: Figueiredo vs. Benavidez 2,Marc Diakiese vs. Rafael Fiziev,Marc Diakiese,-167.0
2020-07-18,UFC Fight Night: Figueiredo vs. Benavidez 2,Marc Diakiese vs. Rafael Fiziev,Rafael Fiziev,167.0
2022-03-26,UFC Fight Night: Blaydes vs. Daukaus,Marc Diakiese vs. Viacheslav Borshchev,Marc Diakiese,102.0
2022-03-26,UFC Fight Night: Blaydes vs. Daukaus,Marc Diakiese vs. Viacheslav Borshchev,Viacheslav Borshchev,-102.0
2021-03-27,UFC 260: Miocic vs. Ngannou,Marc-Andre Barriault vs. Abu Azaitar,Marc-Andre Barriault,126.0
2021-03-27,UFC 260: Miocic vs. Ngannou,Marc-Andre Barriault vs. Abu Azaitar,Abu Azaitar,-126.0
2021-06-26,UFC Fight Night: Gane vs. Volkov,Marcin Prachnio vs. Ike Villanueva,Marcin Prachnio,-167.0
2021-06-26,UFC Fight Night: Gane vs. Volkov,Marcin Prachnio vs. Ike Villanueva,Ike Villanueva,167.0
2020-08-22,UFC Fight Night: Munhoz vs. Edgar,Marcin Prachnio vs. Mike Rodriguez,Marcin Prachnio,126.0
2020-08-22,UFC Fight Night: Munhoz vs. Edgar,Marcin Prachnio vs. Mike Rodriguez,Mike Rodriguez,-126.0
2022-04-23,UFC Fight Night: Lemos vs. Andrade,Marcin Prachnio vs. Philipe Lins,Marcin Prachnio,-167.0
2022-04-23,UFC Fight Night: Lemos vs. Andrade,Marcin Prachnio vs. Philipe Lins,Philipe Lins,167.0
2020-12-19,UFC Fight Night: Thompson vs. Neal,Marcin Tybura vs. Greg Hardy,Marcin Tybura,-102.0
2020-12-19,UFC Fight Night: Thompson vs. Neal,Marcin Tybura vs. Greg Hardy,Greg Hardy,102.0
2020-02-29,UFC Fight Night: Benavidez vs. Figueiredo,Marcin Tybura vs. Serghei Spivac,Marcin Tybura,317.0
2020-02-29,UFC Fight Night: Benavidez vs. Figueiredo,Marcin Tybura vs. Serghei Spivac,Serghei Spivac,-317.0
2020-03-07,UFC 248: Adesanya vs. Romero,Mark Madsen vs. Austin Hubbard,Mark Madsen,-317.0
2020-03-07,UFC 248: Adesanya vs. Romero,Mark Madsen vs. Austin Hubbard,Austin Hubbard,317.0
2020-10-10,UFC Fight Night: Moraes vs. Sandhagen,Marlon Moraes vs. Cory Sandhagen,Marlon Moraes,156.0
2020-10-10,UFC Fight Night: Moraes vs. Sandhagen,Marlon Moraes vs. Cory Sandhagen,Cory Sandhagen,-156.0
2021-09-25,UFC 266: Volkanovski vs. Ortega,Marlon Moraes vs. Merab Dvalishvili,Marlon Moraes,317.0
2021-09-25,UFC 266: Volkanovski vs. Ortega,Marlon Moraes vs. Merab Dvalishvili,Merab Dvalishvili,-317.0
2020-12-19,UFC Fight Night: Thompson vs. Neal,Marlon Moraes vs. Rob Font,Marlon Moraes,-100.0
2020-12-19,UFC Fight Night: Thompson vs. Neal,Marlon Moraes vs. Rob Font,Rob Font,-100.0
2022-03-12,UFC Fight Night: Santos vs. Ankalaev,Marlon Moraes vs. Song Yadong,Marlon Moraes,317.0
2022-03-12,UFC Fight Night: Santos vs. Ankalaev,Marlon Moraes vs. Song Yadong,Song Yadong,-317.0
2021-06-19,UFC Fight Night: Jung vs. Ige,Marlon Vera vs. Davey Grant,Marlon Vera,-167.0
2021-06-19,UFC Fight Night: Jung vs. Ige,Marlon Vera vs. Davey Grant,Davey Grant,167.0
2020-11-28,UFC Fight Night: Smith vs. Clark,Martin Day vs. Anderson Dos Santos,Martin Day,-167.0
2020-11-28,UFC Fight Night: Smith vs. Clark,Martin Day vs. Anderson Dos Santos,Anderson Dos Santos,167.0
2020-07-11,UFC 251: Usman vs. Masvidal,Martin Day vs. Davey Grant,Martin Day,-131.0
2020-07-11,UFC 251: Usman vs. Masvidal,Martin Day vs. Davey Grant,Davey Grant,131.0
2021-04-10,UFC Fight Night: Vettori vs. Holland,Marvin Vettori vs. Kevin Holland,Marvin Vettori,-104.0
2021-04-10,UFC Fight Night: Vettori vs. Holland,Marvin Vettori vs. Kevin Holland,Kevin Holland,104.0
2022-03-26,UFC Fight Night: Blaydes vs. Daukaus,Matheus Nicolau vs. David Dvorak,Matheus Nicolau,102.0
2022-03-26,UFC Fight Night: Blaydes vs. Daukaus,Matheus Nicolau vs. David Dvorak,David Dvorak,-102.0
2022-03-26,UFC Fight Night: Blaydes vs. Daukaus,Matt Brown vs. Bryan Barberena,Matt Brown,-161.0
2022-03-26,UFC Fight Night: Blaydes vs. Daukaus,Matt Brown vs. Bryan Barberena,Bryan Barberena,161.0
2021-06-19,UFC Fight Night: Jung vs. Ige,Matt Brown vs. Dhiego Lima,Matt Brown,-259.0
2021-06-19,UFC Fight Night: Jung vs. Ige,Matt Brown vs. Dhiego Lima,Dhiego Lima,259.0
2020-05-16,UFC Fight Night: Overeem vs. Harris,Matt Brown vs. Miguel Baeza,Matt Brown,102.0
2020-05-16,UFC Fight Night: Overeem vs. Harris,Matt Brown vs. Miguel Baeza,Miguel Baeza,-102.0
2021-01-20,UFC Fight Night: Chiesa vs. Magny,Matt Schnell vs. Tyson Nam,Matt Schnell,-150.0
2021-01-20,UFC Fight Night: Chiesa vs. Magny,Matt Schnell vs. Tyson Nam,Tyson Nam,150.0
2020-10-31,UFC Fight Night: Hall vs. Silva,Maurice Greene vs. Greg Hardy,Maurice Greene,150.0
2020-10-31,UFC Fight Night: Hall vs. Silva,Maurice Greene vs. Greg Hardy,Greg Hardy,-150.0
2021-05-08,UFC Fight Night: Rodriguez vs. Waterson,Maurice Greene vs. Marcos Rogerio de Lima,Maurice Greene,167.0
2021-05-08,UFC Fight Night: Rodriguez vs. Waterson,Maurice Greene vs. Marcos Rogerio de Lima,Marcos Rogerio de Lima,-167.0
2022-05-07,UFC 274: Oliveira vs. Gaethje,Mauricio Rua vs. Ovince Saint Preux,Mauricio Rua,-102.0
2022-05-07,UFC 274: Oliveira vs. Gaethje,Mauricio Rua vs. Ovince Saint Preux,Ovince Saint Preux,102.0
2020-11-21,UFC 255: Figueiredo vs. Perez,Mauricio Rua vs. Paul Craig,Mauricio Rua,150.0
2020-11-21,UFC 255: Figueiredo vs. Perez,Mauricio Rua vs. Paul Craig,Paul Craig,-150.0
2020-07-25,UFC Fight Night: Whittaker vs. Till,Mauricio Rua vs. Rogerio Nogueira,Mauricio Rua,-167.0
2020-07-25,UFC Fight Night: Whittaker vs. Till,Mauricio Rua vs. Rogerio Nogueira,Rogerio Nogueira,167.0
2021-01-16,UFC Fight Night: Holloway vs. Kattar,Max Holloway vs. Calvin Kattar,Max Holloway,-317.0
2021-01-16,UFC Fight Night: Holloway vs. Kattar,Max Holloway vs. Calvin Kattar,Calvin Kattar,317.0
2021-11-13,UFC Fight Night: Holloway vs. Rodriguez,Max Holloway vs. Yair Rodriguez,Max Holloway,-302.0
2021-11-13,UFC Fight Night: Holloway vs. Rodriguez,Max Holloway vs. Yair Rodriguez,Yair Rodriguez,302.0
2021-05-01,UFC Fight Night: Reyes vs. Prochazka,Merab Dvalishvili vs. Cody Stamann,Merab Dvalishvili,-167.0
2021-05-01,UFC Fight Night: Reyes vs. Prochazka,Merab Dvalishvili vs. Cody Stamann,Cody Stamann,167.0
2022-05-07,UFC 274: Oliveira vs. Gaethje,Michael Chandler vs. Tony Ferguson,Michael Chandler,317.0
2022-05-07,UFC 274: Oliveira vs. Gaethje,Michael Chandler vs. Tony Ferguson,Tony Ferguson,-317.0
2021-01-20,UFC Fight Night: Chiesa vs. Magny,Michael Chiesa vs. Neil Magny,Michael Chiesa,167.0
2021-01-20,UFC Fight Night: Chiesa vs. Magny,Michael Chiesa vs. Neil Magny,Neil Magny,-167.0
2021-11-20,UFC Fight Night: Vieira vs. Tate,Michael Chiesa vs. Sean Brady,Michael Chiesa,150.0
2021-11-20,UFC Fight Night: Vieira vs. Tate,Michael Chiesa vs. Sean Brady,Sean Brady,-150.0
2021-08-07,UFC 265: Lewis vs. Gane,Michael Chiesa vs. Vicente Luque,Michael Chiesa,156.0
2021-08-07,UFC 265: Lewis vs. Gane,Michael Chiesa vs. Vicente Luque,Vicente Luque,-156.0
2022-05-14,UFC Fight Night: Blachowicz vs. Rakic,Michael Johnson vs. Alan Patrick,Michael Johnson,-298.0
2022-05-14,UFC Fight Night: Blachowicz vs. Rakic,Michael Johnson vs. Alan Patrick,Alan Patrick,298.0
2021-02-06,UFC Fight Night: Overeem vs. Volkov,Michael Johnson vs. Clay Guida,Michael Johnson,-259.0
2021-02-06,UFC Fight Night: Overeem vs. Volkov,Michael Johnson vs. Clay Guida,Clay Guida,259.0
2020-05-13,UFC Fight Night: Smith vs. Teixeira,Michael Johnson vs. Thiago Moises,Michael Johnson,-131.0
2020-05-13,UFC Fight Night: Smith vs. Teixeira,Michael Johnson vs. Thiago Moises,Thiago Moises,131.0
2020-12-19,UFC Fight Night: Thompson vs. Neal,Michel Pereira vs. Khaos Williams,Michel Pereira,-126.0
2020-12-19,UFC Fight Night: Thompson vs. Neal,Michel Pereira vs. Khaos Williams,Khaos Williams,126.0
2020-09-05,UFC Fight Night: Overeem vs. Sakai,Michel Pereira vs. Zelim Imadaev,Michel Pereira,-161.0
2020-09-05,UFC Fight Night: Overeem vs. Sakai,Michel Pereira vs. Zelim Imadaev,Zelim Imadaev,161.0
2021-07-24,UFC Fight Night: Sandhagen vs. Dillashaw,Mickey Gall vs. Jordan Williams,Mickey Gall,-126.0
2021-07-24,UFC Fight Night: Sandhagen vs. Dillashaw,Mickey Gall vs. Jordan Williams,Jordan Williams,126.0
2022-04-16,UFC Fight Night: Luque vs. Muhammad,Miguel Baeza vs. Andre Fialho,Miguel Baeza,-167.0
2022-04-16,UFC Fight Night: Luque vs. Muhammad,Miguel Baeza vs. Andre Fialho,Andre Fialho,167.0
2021-11-13,UFC Fight Night: Holloway vs. Rodriguez,Miguel Baeza vs. Khaos Williams,Miguel Baeza,150.0
2021-11-13,UFC Fight Night: Holloway vs. Rodriguez,Miguel Baeza vs. Khaos Williams,Khaos Williams,-150.0
2020-11-28,UFC Fight Night: Smith vs. Clark,Miguel Baeza vs. Takashi Sato,Miguel Baeza,-298.0
2020-11-28,UFC Fight Night: Smith vs. Clark,Miguel Baeza vs. Takashi Sato,Takashi Sato,298.0
2022-03-19,UFC Fight Night: Volkov vs. Aspinall,Mike Grundy vs. Makwan Amirkhani,Mike Grundy,-150.0
2022-03-19,UFC Fight Night: Volkov vs. Aspinall,Mike Grundy vs. Makwan Amirkhani,Makwan Amirkhani,150.0
2021-04-10,UFC Fight Night: Vettori vs. Holland,Mike Perry vs. Daniel Rodriguez,Mike Perry,-156.0
2021-04-10,UFC Fight Night: Vettori vs. Holland,Mike Perry vs. Daniel Rodriguez,Daniel Rodriguez,156.0
2020-06-27,UFC Fight Night: Poirier vs. Hooker,Mike Perry vs. Mickey Gall,Mike Perry,-167.0
2020-06-27,UFC Fight Night: Poirier vs. Hooker,Mike Perry vs. Mickey Gall,Mickey Gall,167.0
2020-11-21,UFC 255: Figueiredo vs. Perez,Mike Perry vs. Tim Means,Mike Perry,-156.0
2020-11-21,UFC 255: Figueiredo vs. Perez,Mike Perry vs. Tim Means,Tim Means,156.0
2021-02-06,UFC Fight Night: Overeem vs. Volkov,Mike Rodriguez vs. Danilo Marques,Mike Rodriguez,126.0
2021-02-06,UFC Fight Night: Overeem vs. Volkov,Mike Rodriguez vs. Danilo Marques,Danilo Marques,-126.0
2021-09-18,UFC Fight Night: Smith vs. Spann,Mike Rodriguez vs. Tafon Nchukwi,Mike Rodriguez,167.0
2021-09-18,UFC Fight Night: Smith vs. Spann,Mike Rodriguez vs. Tafon Nchukwi,Tafon Nchukwi,-167.0
2021-08-07,UFC 265: Lewis vs. Gane,Miles Johns vs. Anderson Dos Santos,Miles Johns,-167.0
2021-08-07,UFC 265: Lewis vs. Gane,Miles Johns vs. Anderson Dos Santos,Anderson Dos Santos,167.0
2022-02-05,UFC Fight Night: Hermansson vs. Strickland,Miles Johns vs. John Castaneda,Miles Johns,-259.0
2022-02-05,UFC Fight Night: Hermansson vs. Strickland,Miles Johns vs. John Castaneda,John Castaneda,259.0
2020-09-19,UFC Fight Night: Covington vs. Woodley,Mirsad Bektic vs. Damon Jackson,Mirsad Bektic,-317.0
2020-09-19,UFC Fight Night: Covington vs. Woodley,Mirsad Bektic vs. Damon Jackson,Damon Jackson,317.0
2021-10-02,UFC Fight Night: Santos vs. Walker,Misha Cirkunov vs. Krzysztof Jotko,Misha Cirkunov,126.0
2021-10-02,UFC Fight Night: Santos vs. Walker,Misha Cirkunov vs. Krzysztof Jotko,Krzysztof Jotko,-126.0
2021-03-13,UFC Fight Night: Edwards vs. Muhammad,Misha Cirkunov vs. Ryan Spann,Misha Cirkunov,-150.0
2021-03-13,UFC Fight Night: Edwards vs. Muhammad,Misha Cirkunov vs. Ryan Spann,Ryan Spann,150.0
2022-02-26,UFC Fight Night: Makhachev vs. Green,Misha Cirkunov vs. Wellington Turman,Misha Cirkunov,-167.0
2022-02-26,UFC Fight Night: Makhachev vs. Green,Misha Cirkunov vs. Wellington Turman,Wellington Turman,167.0
2021-09-04,UFC Fight Night: Brunson vs. Till,Modestas Bukauskas vs. Khalil Rountree Jr.,Modestas Bukauskas,-167.0
2021-09-04,UFC Fight Night: Brunson vs. Till,Modestas Bukauskas vs. Khalil Rountree Jr.,Khalil Rountree Jr.,167.0
2021-03-27,UFC 260: Miocic vs. Ngannou,Modestas Bukauskas vs. Michal Oleksiejczuk,Modestas Bukauskas,173.0
2021-03-27,UFC 260: Miocic vs. Ngannou,Modestas Bukauskas vs. Michal Oleksiejczuk,Michal Oleksiejczuk,-173.0
2021-09-18,UFC Fight Night: Smith vs. Spann,Montel Jackson vs. JP Buys,Montel Jackson,-317.0
2021-09-18,UFC Fight Night: Smith vs. Spann,Montel Jackson vs. JP Buys,JP Buys,317.0
2021-06-12,UFC 263: Adesanya vs. Vettori 2,Movsar Evloev vs. Hakeem Dawodu,Movsar Evloev,-100.0
2021-06-12,UFC 263: Adesanya vs. Vettori 2,Movsar Evloev vs. Hakeem Dawodu,Hakeem Dawodu,-100.0
2020-07-25,UFC Fight Night: Whittaker vs. Till,Movsar Evloev vs. Mike Grundy,Movsar Evloev,-167.0
2020-07-25,UFC Fight Night: Whittaker vs. Till,Movsar Evloev vs. Mike Grundy,Mike Grundy,167.0
2021-07-24,UFC Fight Night: Sandhagen vs. Dillashaw,Nassourdine Imavov vs. Ian Heinisch,Nassourdine Imavov,-167.0
2021-07-24,UFC Fight Night: Sandhagen vs. Dillashaw,Nassourdine Imavov vs. Ian Heinisch,Ian Heinisch,167.0
2022-04-30,UFC Fight Night: Font vs. Vera,Natan Levy vs. Mike Breeden,Natan Levy,-259.0
2022-04-30,UFC Fight Night: Font vs. Vera,Natan Levy vs. Mike Breeden,Mike Breeden,259.0
2021-02-20,UFC Fight Night: Blaydes vs. Lewis,Nate Landwehr vs. Julian Erosa,Nate Landwehr,-102.0
2021-02-20,UFC Fight Night: Blaydes vs. Lewis,Nate Landwehr vs. Julian Erosa,Julian Erosa,102.0
2021-10-16,UFC Fight Night: Ladd vs. Dumont,Nate Landwehr vs. Ludovit Klein,Nate Landwehr,317.0
2021-10-16,UFC Fight Night: Ladd vs. Dumont,Nate Landwehr vs. Ludovit Klein,Ludovit Klein,-317.0
2021-09-18,UFC Fight Night: Smith vs. Spann,Nate Maness vs. Tony Gravely,Nate Maness,167.0
2021-09-18,UFC Fight Night: Smith vs. Spann,Nate Maness vs. Tony Gravely,Tony Gravely,-167.0
2022-06-25,UFC Fight Night: Tsarukyan vs. Gamrot,Nate Maness vs. Umar Nurmagomedov,Nate Maness,
2022-06-25,UFC Fight Night: Tsarukyan vs. Gamrot,Nate Maness vs. Umar Nurmagomedov,Umar Nurmagomedov,
2020-10-24,UFC 254: Khabib vs. Gaethje,Nathaniel Wood vs. Casey Kenney,Nathaniel Wood,-100.0
2020-10-24,UFC 254: Khabib vs. Gaethje,Nathaniel Wood vs. Casey Kenney,Casey Kenney,-100.0
2020-06-06,UFC 250: Nunes vs. Spencer,Neil Magny vs. Anthony Rocco Martin,Neil Magny,-100.0
2020-06-06,UFC 250: Nunes vs. Spencer,Neil Magny vs. Anthony Rocco Martin,Anthony Rocco Martin,-100.0
2021-05-08,UFC Fight Night: Rodriguez vs. Waterson,Neil Magny vs. Geoff Neal,Neil Magny,-150.0
2021-05-08,UFC Fight Night: Rodriguez vs. Waterson,Neil Magny vs. Geoff Neal,Geoff Neal,150.0
2020-03-07,UFC 248: Adesanya vs. Romero,Neil Magny vs. Li Jingliang,Neil Magny,150.0
2020-03-07,UFC 248: Adesanya vs. Romero,Neil Magny vs. Li Jingliang,Li Jingliang,-150.0
2022-03-26,UFC Fight Night: Blaydes vs. Daukaus,Neil Magny vs. Max Griffin,Neil Magny,-167.0
2022-03-26,UFC Fight Night: Blaydes vs. Daukaus,Neil Magny vs. Max Griffin,Max Griffin,167.0
2022-06-25,UFC Fight Night: Tsarukyan vs. Gamrot,Neil Magny vs. Shavkat Rakhmonov,Neil Magny,150.0
2022-06-25,UFC Fight Night: Tsarukyan vs. Gamrot,Neil Magny vs. Shavkat Rakhmonov,Shavkat Rakhmonov,-150.0
2021-09-25,UFC 266: Volkanovski vs. Ortega,Nick Diaz vs. Robbie Lawler,Nick Diaz,-156.0
2021-09-25,UFC 266: Volkanovski vs. Ortega,Nick Diaz vs. Robbie Lawler,Robbie Lawler,156.0
2022-05-14,UFC Fight Night: Blachowicz vs. Rakic,Nick Maximov vs. Andre Petroski,Nick Maximov,-100.0
2022-05-14,UFC Fight Night: Blachowicz vs. Rakic,Nick Maximov vs. Andre Petroski,Andre Petroski,-100.0
2021-10-23,UFC Fight Night: Costa vs. Vettori,Nicolae Negumereanu vs. Ike Villanueva,Nicolae Negumereanu,-167.0
2021-10-23,UFC Fight Night: Costa vs. Vettori,Nicolae Negumereanu vs. Ike Villanueva,Ike Villanueva,167.0
2022-03-05,UFC 272: Covington vs. Masvidal,Nicolae Negumereanu vs. Kennedy Nzechukwu,Nicolae Negumereanu,161.0
2022-03-05,UFC 272: Covington vs. Masvidal,Nicolae Negumereanu vs. Kennedy Nzechukwu,Kennedy Nzechukwu,-161.0
2021-02-27,UFC Fight Night: Rozenstruik vs. Gane,Nikita Krylov vs. Magomed Ankalaev,Nikita Krylov,150.0
2021-02-27,UFC Fight Night: Rozenstruik vs. Gane,Nikita Krylov vs. Magomed Ankalaev,Magomed Ankalaev,-150.0
2022-03-19,UFC Fight Night: Volkov vs. Aspinall,Nikita Krylov vs. Paul Craig,Nikita Krylov,-167.0
2022-03-19,UFC Fight Night: Volkov vs. Aspinall,Nikita Krylov vs. Paul Craig,Paul Craig,167.0
2022-06-04,UFC Fight Night: Volkov vs. Rozenstruik,Niklas Stolze vs. Benoit Saint Denis,Niklas Stolze,102.0
2022-06-04,UFC Fight Night: Volkov vs. Rozenstruik,Niklas Stolze vs. Benoit Saint Denis,Benoit Saint Denis,-102.0
2021-07-31,UFC Fight Night: Hall vs. Strickland,Niklas Stolze vs. Jared Gooden,Niklas Stolze,-122.0
2021-07-31,UFC Fight Night: Hall vs. Strickland,Niklas Stolze vs. Jared Gooden,Jared Gooden,122.0
2021-07-10,UFC 264: Poirier vs. McGregor 3,Niko Price vs. Michel Pereira,Niko Price,167.0
2021-07-10,UFC 264: Poirier vs. McGregor 3,Niko Price vs. Michel Pereira,Michel Pereira,-167.0
2021-02-06,UFC Fight Night: Overeem vs. Volkov,Ode Osbourne vs. Jerome Rivera,Ode Osbourne,124.0
2021-02-06,UFC Fight Night: Overeem vs. Volkov,Ode Osbourne vs. Jerome Rivera,Jerome Rivera,-124.0
2022-06-04,UFC Fight Night: Volkov vs. Rozenstruik,Ode Osbourne vs. Zarrukh Adashev,Ode Osbourne,156.0
2022-06-04,UFC Fight Night: Volkov vs. Rozenstruik,Ode Osbourne vs. Zarrukh Adashev,Zarrukh Adashev,-156.0
2022-05-21,UFC Fight Night: Holm vs. Vieira,Omar Morales vs. Uros Medic,Omar Morales,124.0
2022-05-21,UFC Fight Night: Holm vs. Vieira,Omar Morales vs. Uros Medic,Uros Medic,-124.0
2021-07-10,UFC 264: Poirier vs. McGregor 3,Omari Akhmedov vs. Brad Tavares,Omari Akhmedov,-167.0
2021-07-10,UFC 264: Poirier vs. McGregor 3,Omari Akhmedov vs. Brad Tavares,Brad Tavares,167.0
2021-01-20,UFC Fight Night: Chiesa vs. Magny,Omari Akhmedov vs. Tom Breese,Omari Akhmedov,-131.0
2021-01-20,UFC Fight Night: Chiesa vs. Magny,Omari Akhmedov vs. Tom Breese,Tom Breese,131.0
2020-09-12,UFC Fight Night: Waterson vs. Hill,Ottman Azaitar vs. Khama Worthy,Ottman Azaitar,102.0
2020-09-12,UFC Fight Night: Waterson vs. Hill,Ottman Azaitar vs. Khama Worthy,Khama Worthy,-102.0
2020-09-05,UFC Fight Night: Overeem vs. Sakai,Ovince Saint Preux vs. Alonzo Menifield,Ovince Saint Preux,167.0
2020-09-05,UFC Fight Night: Overeem vs. Sakai,Ovince Saint Preux vs. Alonzo Menifield,Alonzo Menifield,-167.0
2020-12-05,UFC Fight Night: Hermansson vs. Vettori,Ovince Saint Preux vs. Jamahal Hill,Ovince Saint Preux,167.0
2020-12-05,UFC Fight Night: Hermansson vs. Vettori,Ovince Saint Preux vs. Jamahal Hill,Jamahal Hill,-167.0
2022-03-19,UFC Fight Night: Volkov vs. Aspinall,Paddy Pimblett vs. Kazula Vargas,Paddy Pimblett,-150.0
2022-03-19,UFC Fight Night: Volkov vs. Aspinall,Paddy Pimblett vs. Kazula Vargas,Kazula Vargas,150.0
2022-02-19,UFC Fight Night: Walker vs. Hill,Parker Porter vs. Alan Baudot,Parker Porter,-167.0
2022-02-19,UFC Fight Night: Walker vs. Hill,Parker Porter vs. Alan Baudot,Alan Baudot,167.0
2021-08-21,UFC Fight Night: Cannonier vs. Gastelum,Parker Porter vs. Chase Sherman,Parker Porter,-150.0
2021-08-21,UFC Fight Night: Cannonier vs. Gastelum,Parker Porter vs. Chase Sherman,Chase Sherman,150.0
2022-04-16,UFC Fight Night: Luque vs. Muhammad,Pat Sabatini vs. TJ Laramie,Pat Sabatini,-217.0
2022-04-16,UFC Fight Night: Luque vs. Muhammad,Pat Sabatini vs. TJ Laramie,TJ Laramie,217.0
2021-11-20,UFC Fight Night: Vieira vs. Tate,Pat Sabatini vs. Tucker Lutz,Pat Sabatini,150.0
2021-11-20,UFC Fight Night: Vieira vs. Tate,Pat Sabatini vs. Tucker Lutz,Tucker Lutz,-150.0
2020-07-25,UFC Fight Night: Whittaker vs. Till,Paul Craig vs. Gadzhimurad Antigulov,Paul Craig,-128.0
2020-07-25,UFC Fight Night: Whittaker vs. Till,Paul Craig vs. Gadzhimurad Antigulov,Gadzhimurad Antigulov,128.0
2021-06-12,UFC 263: Adesanya vs. Vettori 2,Paul Craig vs. Jamahal Hill,Paul Craig,150.0
2021-06-12,UFC 263: Adesanya vs. Vettori 2,Paul Craig vs. Jamahal Hill,Jamahal Hill,-150.0
2020-02-22,UFC Fight Night: Felder vs. Hooker,Paul Felder vs. Dan Hooker,Paul Felder,167.0
2020-02-22,UFC Fight Night: Felder vs. Hooker,Paul Felder vs. Dan Hooker,Dan Hooker,-167.0
2020-11-14,UFC Fight Night: Felder vs. Dos Anjos,Paul Felder vs. Rafael Dos Anjos,Paul Felder,317.0
2020-11-14,UFC Fight Night: Felder vs. Dos Anjos,Paul Felder vs. Rafael Dos Anjos,Rafael Dos Anjos,-317.0
2021-10-23,UFC Fight Night: Costa vs. Vettori,Paulo Costa vs. Marvin Vettori,Paulo Costa,259.0
2021-10-23,UFC Fight Night: Costa vs. Vettori,Paulo Costa vs. Marvin Vettori,Marvin Vettori,-259.0
2021-12-11,UFC 269: Oliveira vs. Poirier,Pedro Munhoz vs. Dominick Cruz,Pedro Munhoz,167.0
2021-12-11,UFC 269: Oliveira vs. Poirier,Pedro Munhoz vs. Dominick Cruz,Dominick Cruz,-167.0
2020-08-22,UFC Fight Night: Munhoz vs. Edgar,Pedro Munhoz vs. Frankie Edgar,Pedro Munhoz,259.0
2020-08-22,UFC Fight Night: Munhoz vs. Edgar,Pedro Munhoz vs. Frankie Edgar,Frankie Edgar,-259.0
2021-02-27,UFC Fight Night: Rozenstruik vs. Gane,Pedro Munhoz vs. Jimmie Rivera,Pedro Munhoz,150.0
2021-02-27,UFC Fight Night: Rozenstruik vs. Gane,Pedro Munhoz vs. Jimmie Rivera,Jimmie Rivera,-150.0
2021-10-30,UFC 267: Blachowicz vs. Teixeira,Petr Yan vs. Cory Sandhagen,Petr Yan,150.0
2021-10-30,UFC 267: Blachowicz vs. Teixeira,Petr Yan vs. Cory Sandhagen,Cory Sandhagen,-150.0
2020-07-11,UFC 251: Usman vs. Masvidal,Petr Yan vs. Jose Aldo,Petr Yan,-167.0
2020-07-11,UFC 251: Usman vs. Masvidal,Petr Yan vs. Jose Aldo,Jose Aldo,167.0
2022-06-18,UFC Fight Night: Kattar vs. Emmett,Phil Hawes vs. Deron Winn,Phil Hawes,-167.0
2022-06-18,UFC Fight Night: Kattar vs. Emmett,Phil Hawes vs. Deron Winn,Deron Winn,167.0
2021-05-08,UFC Fight Night: Rodriguez vs. Waterson,Phil Hawes vs. Kyle Daukaus,Phil Hawes,150.0
2021-05-08,UFC Fight Night: Rodriguez vs. Waterson,Phil Hawes vs. Kyle Daukaus,Kyle Daukaus,-150.0
2021-02-20,UFC Fight Night: Blaydes vs. Lewis,Phil Hawes vs. Nassourdine Imavov,Phil Hawes,-100.0
2021-02-20,UFC Fight Night: Blaydes vs. Lewis,Phil Hawes vs. Nassourdine Imavov,Nassourdine Imavov,-100.0
2020-06-27,UFC Fight Night: Poirier vs. Hooker,Philipe Lins vs. Tanner Boser,Philipe Lins,167.0
2020-06-27,UFC Fight Night: Poirier vs. Hooker,Philipe Lins vs. Tanner Boser,Tanner Boser,-167.0
2021-07-24,UFC Fight Night: Sandhagen vs. Dillashaw,Punahele Soriano vs. Brendan Allen,Punahele Soriano,156.0
2021-07-24,UFC Fight Night: Sandhagen vs. Dillashaw,Punahele Soriano vs. Brendan Allen,Brendan Allen,-156.0
2021-01-16,UFC Fight Night: Holloway vs. Kattar,Punahele Soriano vs. Dusko Todorovic,Punahele Soriano,156.0
2021-01-16,UFC Fight Night: Holloway vs. Kattar,Punahele Soriano vs. Dusko Todorovic,Dusko Todorovic,-156.0
2022-02-05,UFC Fight Night: Hermansson vs. Strickland,Punahele Soriano vs. Nick Maximov,Punahele Soriano,156.0
2022-02-05,UFC Fight Night: Hermansson vs. Strickland,Punahele Soriano vs. Nick Maximov,Nick Maximov,-156.0
2022-04-16,UFC Fight Night: Luque vs. Muhammad,Rafa Garcia vs. Jesse Ronson,Rafa Garcia,-167.0
2022-04-16,UFC Fight Night: Luque vs. Muhammad,Rafa Garcia vs. Jesse Ronson,Jesse Ronson,167.0
2022-03-05,UFC 272: Covington vs. Masvidal,Rafael Dos Anjos vs. Renato Moicano,Rafael Dos Anjos,-189.0
2022-03-05,UFC 272: Covington vs. Masvidal,Rafael Dos Anjos vs. Renato Moicano,Renato Moicano,189.0
2022-02-26,UFC Fight Night: Makhachev vs. Green,Ramiz Brahimaj vs. Micheal Gillmore,Ramiz Brahimaj,-167.0
2022-02-26,UFC Fight Night: Makhachev vs. Green,Ramiz Brahimaj vs. Micheal Gillmore,Micheal Gillmore,167.0
2021-10-09,UFC Fight Night: Dern vs. Rodriguez,Randy Brown vs. Jared Gooden,Randy Brown,-167.0
2021-10-09,UFC Fight Night: Dern vs. Rodriguez,Randy Brown vs. Jared Gooden,Jared Gooden,167.0
2022-05-07,UFC 274: Oliveira vs. Gaethje,Randy Brown vs. Khaos Williams,Randy Brown,-100.0
2022-05-07,UFC 274: Oliveira vs. Gaethje,Randy Brown vs. Khaos Williams,Khaos Williams,-100.0
2021-12-11,UFC 269: Oliveira vs. Poirier,Randy Costa vs. Tony Kelley,Randy Costa,-298.0
2021-12-11,UFC 269: Oliveira vs. Poirier,Randy Costa vs. Tony Kelley,Tony Kelley,298.0
2020-03-14,UFC Fight Night: Lee vs. Oliveira,Rani Yahya vs. Enrique Barzola,Rani Yahya,167.0
2020-03-14,UFC Fight Night: Lee vs. Oliveira,Rani Yahya vs. Enrique Barzola,Enrique Barzola,-167.0
2021-11-20,UFC Fight Night: Vieira vs. Tate,Rani Yahya vs. Kyung Ho Kang,Rani Yahya,-167.0
2021-11-20,UFC Fight Night: Vieira vs. Tate,Rani Yahya vs. Kyung Ho Kang,Kyung Ho Kang,167.0
2021-03-13,UFC Fight Night: Edwards vs. Muhammad,Rani Yahya vs. Ray Rodriguez,Rani Yahya,-167.0
2021-03-13,UFC Fight Night: Edwards vs. Muhammad,Rani Yahya vs. Ray Rodriguez,Ray Rodriguez,167.0
2020-11-07,UFC Fight Night: Santos vs. Teixeira,Raoni Barcelos vs. Khalid Taha,Raoni Barcelos,-156.0
2020-11-07,UFC Fight Night: Santos vs. Teixeira,Raoni Barcelos vs. Khalid Taha,Khalid Taha,156.0
2021-06-26,UFC Fight Night: Gane vs. Volkov,Raoni Barcelos vs. Timur Valiev,Raoni Barcelos,102.0
2021-06-26,UFC Fight Night: Gane vs. Volkov,Raoni Barcelos vs. Timur Valiev,Timur Valiev,-102.0
2020-06-06,UFC 250: Nunes vs. Spencer,Raphael Assuncao vs. Cody Garbrandt,Raphael Assuncao,161.0
2020-06-06,UFC 250: Nunes vs. Spencer,Raphael Assuncao vs. Cody Garbrandt,Cody Garbrandt,-161.0
2021-12-18,UFC Fight Night: Lewis vs. Daukaus,Raphael Assuncao vs. Ricky Simon,Raphael Assuncao,167.0
2021-12-18,UFC Fight Night: Lewis vs. Daukaus,Raphael Assuncao vs. Ricky Simon,Ricky Simon,-167.0
2021-12-11,UFC 269: Oliveira vs. Poirier,Raulian Paiva vs. Sean O'Malley,Raulian Paiva,317.0
2021-12-11,UFC 269: Oliveira vs. Poirier,Raulian Paiva vs. Sean O'Malley,Sean O'Malley,-317.0
2022-06-25,UFC Fight Night: Tsarukyan vs. Gamrot,Raulian Paiva vs. Sergey Morozov,Raulian Paiva,150.0
2022-06-25,UFC Fight Night: Tsarukyan vs. Gamrot,Raulian Paiva vs. Sergey Morozov,Sergey Morozov,-150.0
2020-03-14,UFC Fight Night: Lee vs. Oliveira,Renato Moicano vs. Damir Hadzovic,Renato Moicano,-167.0
2020-03-14,UFC Fight Night: Lee vs. Oliveira,Renato Moicano vs. Damir Hadzovic,Damir Hadzovic,167.0
2021-06-26,UFC Fight Night: Gane vs. Volkov,Renato Moicano vs. Jai Herbert,Renato Moicano,-150.0
2021-06-26,UFC Fight Night: Gane vs. Volkov,Renato Moicano vs. Jai Herbert,Jai Herbert,150.0
2020-12-12,UFC 256: Figueiredo vs. Moreno,Renato Moicano vs. Rafael Fiziev,Renato Moicano,-102.0
2020-12-12,UFC 256: Figueiredo vs. Moreno,Renato Moicano vs. Rafael Fiziev,Rafael Fiziev,102.0
2021-05-22,UFC Fight Night: Font vs. Garbrandt,Ricardo Ramos vs. Bill Algeo,Ricardo Ramos,-156.0
2021-05-22,UFC Fight Night: Font vs. Garbrandt,Ricardo Ramos vs. Bill Algeo,Bill Algeo,156.0
2022-06-18,UFC Fight Night: Kattar vs. Emmett,Ricardo Ramos vs. Danny Chavez,Ricardo Ramos,-167.0
2022-06-18,UFC Fight Night: Kattar vs. Emmett,Ricardo Ramos vs. Danny Chavez,Danny Chavez,167.0
2020-07-15,UFC Fight Night: Kattar vs. Ige,Ricardo Ramos vs. Lerone Murphy,Ricardo Ramos,-156.0
2020-07-15,UFC Fight Night: Kattar vs. Ige,Ricardo Ramos vs. Lerone Murphy,Lerone Murphy,156.0
2021-10-30,UFC 267: Blachowicz vs. Teixeira,Ricardo Ramos vs. Zubaira Tukhugov,Ricardo Ramos,124.0
2021-10-30,UFC 267: Blachowicz vs. Teixeira,Ricardo Ramos vs. Zubaira Tukhugov,Zubaira Tukhugov,-124.0
2021-02-13,UFC 258: Usman vs. Burns,Ricky Simon vs. Brian Kelleher,Ricky Simon,-298.0
2021-02-13,UFC 258: Usman vs. Burns,Ricky Simon vs. Brian Kelleher,Brian Kelleher,298.0
2020-05-13,UFC Fight Night: Smith vs. Teixeira,Ricky Simon vs. Ray Borg,Ricky Simon,102.0
2020-05-13,UFC Fight Night: Smith vs. Teixeira,Ricky Simon vs. Ray Borg,Ray Borg,-102.0
2021-05-22,UFC Fight Night: Font vs. Garbrandt,Rob Font vs. Cody Garbrandt,Rob Font,-106.0
2021-05-22,UFC Fight Night: Font vs. Garbrandt,Rob Font vs. Cody Garbrandt,Cody Garbrandt,106.0
2021-12-04,UFC Fight Night: Font vs. Aldo,Rob Font vs. Jose Aldo,Rob Font,-156.0
2021-12-04,UFC Fight Night: Font vs. Aldo,Rob Font vs. Jose Aldo,Jose Aldo,156.0
2022-04-30,UFC Fight Night: Font vs. Vera,Rob Font vs. Marlon Vera,Rob Font,-167.0
2022-04-30,UFC Fight Night: Font vs. Vera,Rob Font vs. Marlon Vera,Marlon Vera,167.0
2022-07-02,UFC 276: Adesanya vs. Cannonier,Robbie Lawler vs. Bryan Barberena,Robbie Lawler,317.0
2022-07-02,UFC 276: Adesanya vs. Cannonier,Robbie Lawler vs. Bryan Barberena,Bryan Barberena,-317.0
2020-08-29,UFC Fight Night: Smith vs. Rakic,Robbie Lawler vs. Neil Magny,Robbie Lawler,
2020-08-29,UFC Fight Night: Smith vs. Rakic,Robbie Lawler vs. Neil Magny,Neil Magny,
2020-07-25,UFC Fight Night: Whittaker vs. Till,Robert Whittaker vs. Darren Till,Robert Whittaker,-167.0
2020-07-25,UFC Fight Night: Whittaker vs. Till,Robert Whittaker vs. Darren Till,Darren Till,167.0
2020-10-24,UFC 254: Khabib vs. Gaethje,Robert Whittaker vs. Jared Cannonier,Robert Whittaker,-317.0
2020-10-24,UFC 254: Khabib vs. Gaethje,Robert Whittaker vs. Jared Cannonier,Jared Cannonier,317.0
2021-04-17,UFC Fight Night: Whittaker vs. Gastelum,Robert Whittaker vs. Kelvin Gastelum,Robert Whittaker,-167.0
2021-04-17,UFC Fight Night: Whittaker vs. Gastelum,Robert Whittaker vs. Kelvin Gastelum,Kelvin Gastelum,167.0
2021-02-13,UFC 258: Usman vs. Burns,Rodolfo Vieira vs. Anthony Hernandez,Rodolfo Vieira,102.0
2021-02-13,UFC 258: Usman vs. Burns,Rodolfo Vieira vs. Anthony Hernandez,Anthony Hernandez,-102.0
2021-07-17,UFC Fight Night: Makhachev vs. Moises,Rodolfo Vieira vs. Dustin Stoltzfus,Rodolfo Vieira,-150.0
2021-07-17,UFC Fight Night: Makhachev vs. Moises,Rodolfo Vieira vs. Dustin Stoltzfus,Dustin Stoltzfus,150.0
2020-03-07,UFC 248: Adesanya vs. Romero,Rodolfo Vieira vs. Saparbeg Safarov,Rodolfo Vieira,-167.0
2020-03-07,UFC 248: Adesanya vs. Romero,Rodolfo Vieira vs. Saparbeg Safarov,Saparbeg Safarov,167.0
2021-03-06,UFC 259: Blachowicz vs. Adesanya,Rogerio Bontorin vs. Kai Kara-France,Rogerio Bontorin,167.0
2021-03-06,UFC 259: Blachowicz vs. Adesanya,Rogerio Bontorin vs. Kai Kara-France,Kai Kara-France,-167.0
2022-06-18,UFC Fight Night: Kattar vs. Emmett,Roman Dolidze vs. Kyle Daukaus,Roman Dolidze,-150.0
2022-06-18,UFC Fight Night: Kattar vs. Emmett,Roman Dolidze vs. Kyle Daukaus,Kyle Daukaus,150.0
2021-06-05,UFC Fight Night: Rozenstruik vs. Sakai,Roman Dolidze vs. Laureano Staropoli,Roman Dolidze,-167.0
2021-06-05,UFC Fight Night: Rozenstruik vs. Sakai,Roman Dolidze vs. Laureano Staropoli,Laureano Staropoli,167.0
2022-02-26,UFC Fight Night: Makhachev vs. Green,Rongzhu vs. Ignacio Bahamondes,Rongzhu,-167.0
2022-02-26,UFC Fight Night: Makhachev vs. Green,Rongzhu vs. Ignacio Bahamondes,Ignacio Bahamondes,167.0
2021-08-21,UFC Fight Night: Cannonier vs. Gastelum,Roosevelt Roberts vs. Ignacio Bahamondes,Roosevelt Roberts,-100.0
2021-08-21,UFC Fight Night: Cannonier vs. Gastelum,Roosevelt Roberts vs. Ignacio Bahamondes,Ignacio Bahamondes,-100.0
2021-07-31,UFC Fight Night: Hall vs. Strickland,Ryan Benoit vs. Zarrukh Adashev,Ryan Benoit,150.0
2021-07-31,UFC Fight Night: Hall vs. Strickland,Ryan Benoit vs. Zarrukh Adashev,Zarrukh Adashev,-150.0
2021-12-11,UFC 269: Oliveira vs. Poirier,Ryan Hall vs. Darrick Minner,Ryan Hall,-102.0
2021-12-11,UFC 269: Oliveira vs. Poirier,Ryan Hall vs. Darrick Minner,Darrick Minner,102.0
2021-07-10,UFC 264: Poirier vs. McGregor 3,Ryan Hall vs. Ilia Topuria,Ryan Hall,167.0
2021-07-10,UFC 264: Poirier vs. McGregor 3,Ryan Hall vs. Ilia Topuria,Ilia Topuria,-167.0
2022-05-14,UFC Fight Night: Blachowicz vs. Rakic,Ryan Spann vs. Ion Cutelaba,Ryan Spann,150.0
2022-05-14,UFC Fight Night: Blachowicz vs. Rakic,Ryan Spann vs. Ion Cutelaba,Ion Cutelaba,-150.0
2020-05-09,UFC 249: Ferguson vs. Gaethje,Ryan Spann vs. Sam Alvey,Ryan Spann,-173.0
2020-05-09,UFC 249: Ferguson vs. Gaethje,Ryan Spann vs. Sam Alvey,Sam Alvey,173.0
2022-02-05,UFC Fight Night: Hermansson vs. Strickland,Sam Alvey vs. Brendan Allen,Sam Alvey,259.0
2022-02-05,UFC Fight Night: Hermansson vs. Strickland,Sam Alvey vs. Brendan Allen,Brendan Allen,-259.0
2021-04-10,UFC Fight Night: Vettori vs. Holland,Sam Alvey vs. Julian Marquez,Sam Alvey,-126.0
2021-04-10,UFC Fight Night: Vettori vs. Holland,Sam Alvey vs. Julian Marquez,Julian Marquez,126.0
2021-08-28,UFC Fight Night: Barboza vs. Chikadze,Sam Alvey vs. Wellington Turman,Sam Alvey,150.0
2021-08-28,UFC Fight Night: Barboza vs. Chikadze,Sam Alvey vs. Wellington Turman,Wellington Turman,-150.0
2021-01-16,UFC Fight Night: Holloway vs. Kattar,Santiago Ponzinibbio vs. Li Jingliang,Santiago Ponzinibbio,-156.0
2021-01-16,UFC Fight Night: Holloway vs. Kattar,Santiago Ponzinibbio vs. Li Jingliang,Li Jingliang,156.0
2022-05-21,UFC Fight Night: Holm vs. Vieira,Santiago Ponzinibbio vs. Michel Pereira,Santiago Ponzinibbio,-126.0
2022-05-21,UFC Fight Night: Holm vs. Vieira,Santiago Ponzinibbio vs. Michel Pereira,Michel Pereira,126.0
2021-06-05,UFC Fight Night: Rozenstruik vs. Sakai,Santiago Ponzinibbio vs. Miguel Baeza,Santiago Ponzinibbio,102.0
2021-06-05,UFC Fight Night: Rozenstruik vs. Sakai,Santiago Ponzinibbio vs. Miguel Baeza,Miguel Baeza,-102.0
2021-08-21,UFC Fight Night: Cannonier vs. Gastelum,Sasha Palatnikov vs. Ramiz Brahimaj,Sasha Palatnikov,-102.0
2021-08-21,UFC Fight Night: Cannonier vs. Gastelum,Sasha Palatnikov vs. Ramiz Brahimaj,Ramiz Brahimaj,102.0
2021-04-10,UFC Fight Night: Vettori vs. Holland,Scott Holtzman vs. Mateusz Gamrot,Scott Holtzman,-102.0
2021-04-10,UFC Fight Night: Vettori vs. Holland,Scott Holtzman vs. Mateusz Gamrot,Mateusz Gamrot,102.0
2020-08-29,UFC Fight Night: Smith vs. Rakic,Sean Brady vs. Christian Aguilera,Sean Brady,-167.0
2020-08-29,UFC Fight Night: Smith vs. Rakic,Sean Brady vs. Christian Aguilera,Christian Aguilera,167.0
2020-02-29,UFC Fight Night: Benavidez vs. Figueiredo,Sean Brady vs. Ismail Naurdiev,Sean Brady,231.0
2020-02-29,UFC Fight Night: Benavidez vs. Figueiredo,Sean Brady vs. Ismail Naurdiev,Ismail Naurdiev,-231.0
2021-03-06,UFC 259: Blachowicz vs. Adesanya,Sean Brady vs. Jake Matthews,Sean Brady,-100.0
2021-03-06,UFC 259: Blachowicz vs. Adesanya,Sean Brady vs. Jake Matthews,Jake Matthews,-100.0
2020-03-07,UFC 248: Adesanya vs. Romero,Sean O'Malley vs. Jose Quinonez,Sean O'Malley,-100.0
2020-03-07,UFC 248: Adesanya vs. Romero,Sean O'Malley vs. Jose Quinonez,Jose Quinonez,-100.0
2020-08-15,UFC 252: Miocic vs. Cormier 3,Sean O'Malley vs. Marlon Vera,Sean O'Malley,-259.0
2020-08-15,UFC 252: Miocic vs. Cormier 3,Sean O'Malley vs. Marlon Vera,Marlon Vera,259.0
2021-03-27,UFC 260: Miocic vs. Ngannou,Sean O'Malley vs. Thomas Almeida,Sean O'Malley,-167.0
2021-03-27,UFC 260: Miocic vs. Ngannou,Sean O'Malley vs. Thomas Almeida,Thomas Almeida,167.0
2020-10-31,UFC Fight Night: Hall vs. Silva,Sean Strickland vs. Jack Marshman,Sean Strickland,-317.0
2020-10-31,UFC Fight Night: Hall vs. Silva,Sean Strickland vs. Jack Marshman,Jack Marshman,317.0
2021-05-01,UFC Fight Night: Reyes vs. Prochazka,Sean Strickland vs. Krzysztof Jotko,Sean Strickland,-156.0
2021-05-01,UFC Fight Night: Reyes vs. Prochazka,Sean Strickland vs. Krzysztof Jotko,Krzysztof Jotko,156.0
2021-11-13,UFC Fight Night: Holloway vs. Rodriguez,Sean Woodson vs. Collin Anglin,Sean Woodson,-156.0
2021-11-13,UFC Fight Night: Holloway vs. Rodriguez,Sean Woodson vs. Collin Anglin,Collin Anglin,156.0
2020-06-27,UFC Fight Night: Poirier vs. Hooker,Sean Woodson vs. Julian Erosa,Sean Woodson,-259.0
2020-06-27,UFC Fight Night: Poirier vs. Hooker,Sean Woodson vs. Julian Erosa,Julian Erosa,259.0
2021-06-05,UFC Fight Night: Rozenstruik vs. Sakai,Sean Woodson vs. Youssef Zalal,Sean Woodson,175.0
2021-06-05,UFC Fight Night: Rozenstruik vs. Sakai,Sean Woodson vs. Youssef Zalal,Youssef Zalal,-175.0
2022-03-05,UFC 272: Covington vs. Masvidal,Serghei Spivac vs. Greg Hardy,Serghei Spivac,-167.0
2022-03-05,UFC 272: Covington vs. Masvidal,Serghei Spivac vs. Greg Hardy,Greg Hardy,167.0
2022-06-11,UFC 275: Teixeira vs. Prochazka,SeungWoo Choi vs. Josh Culibao,SeungWoo Choi,150.0
2022-06-11,UFC 275: Teixeira vs. Prochazka,SeungWoo Choi vs. Josh Culibao,Josh Culibao,-150.0
2021-02-06,UFC Fight Night: Overeem vs. Volkov,SeungWoo Choi vs. Youssef Zalal,SeungWoo Choi,317.0
2021-02-06,UFC Fight Night: Overeem vs. Volkov,SeungWoo Choi vs. Youssef Zalal,Youssef Zalal,-317.0
2021-09-25,UFC 266: Volkanovski vs. Ortega,Shamil Abdurakhimov vs. Chris Daukaus,Shamil Abdurakhimov,167.0
2021-09-25,UFC 266: Volkanovski vs. Ortega,Shamil Abdurakhimov vs. Chris Daukaus,Chris Daukaus,-167.0
2022-03-19,UFC Fight Night: Volkov vs. Aspinall,Shamil Abdurakhimov vs. Sergei Pavlovich,Shamil Abdurakhimov,167.0
2022-03-19,UFC Fight Night: Volkov vs. Aspinall,Shamil Abdurakhimov vs. Sergei Pavlovich,Sergei Pavlovich,-167.0
2021-10-30,UFC 267: Blachowicz vs. Teixeira,Shamil Gamzatov vs. Michal Oleksiejczuk,Shamil Gamzatov,167.0
2021-10-30,UFC 267: Blachowicz vs. Teixeira,Shamil Gamzatov vs. Michal Oleksiejczuk,Michal Oleksiejczuk,-167.0
2021-11-06,UFC 268: Usman vs. Covington 2,Shane Burgos vs. Billy Quarantillo,Shane Burgos,-122.0
2021-11-06,UFC 268: Usman vs. Covington 2,Shane Burgos vs. Billy Quarantillo,Billy Quarantillo,122.0
2021-05-15,UFC 262: Oliveira vs. Chandler,Shane Burgos vs. Edson Barboza,Shane Burgos,-100.0
2021-05-15,UFC 262: Oliveira vs. Chandler,Shane Burgos vs. Edson Barboza,Edson Barboza,-100.0
2021-03-27,UFC 260: Miocic vs. Ngannou,Shane Young vs. Omar Morales,Shane Young,-100.0
2021-03-27,UFC 260: Miocic vs. Ngannou,Shane Young vs. Omar Morales,Omar Morales,-100.0
2022-02-05,UFC Fight Night: Hermansson vs. Strickland,Shavkat Rakhmonov vs. Carlston Harris,Shavkat Rakhmonov,-167.0
2022-02-05,UFC Fight Night: Hermansson vs. Strickland,Shavkat Rakhmonov vs. Carlston Harris,Carlston Harris,167.0
2021-06-26,UFC Fight Night: Gane vs. Volkov,Shavkat Rakhmonov vs. Michel Prazeres,Shavkat Rakhmonov,-102.0
2021-06-26,UFC Fight Night: Gane vs. Volkov,Shavkat Rakhmonov vs. Michel Prazeres,Michel Prazeres,102.0
2021-11-20,UFC Fight Night: Vieira vs. Tate,Shayilan Nuerdanbieke vs. Sean Soriano,Shayilan Nuerdanbieke,102.0
2021-11-20,UFC Fight Night: Vieira vs. Tate,Shayilan Nuerdanbieke vs. Sean Soriano,Sean Soriano,-102.0
2022-06-25,UFC Fight Night: Tsarukyan vs. Gamrot,Shayilan Nuerdanbieke vs. TJ Brown,Shayilan Nuerdanbieke,167.0
2022-06-25,UFC Fight Night: Tsarukyan vs. Gamrot,Shayilan Nuerdanbieke vs. TJ Brown,TJ Brown,-167.0
2022-03-12,UFC Fight Night: Santos vs. Ankalaev,Sodiq Yusuff vs. Alex Caceres,Sodiq Yusuff,131.0
2022-03-12,UFC Fight Night: Santos vs. Ankalaev,Sodiq Yusuff vs. Alex Caceres,Alex Caceres,-131.0
2021-03-20,UFC Fight Night: Brunson vs. Holland,Song Kenan vs. Max Griffin,Song Kenan,-100.0
2021-03-20,UFC Fight Night: Brunson vs. Holland,Song Kenan vs. Max Griffin,Max Griffin,-100.0
2021-08-07,UFC 265: Lewis vs. Gane,Song Yadong vs. Casey Kenney,Song Yadong,-173.0
2021-08-07,UFC 265: Lewis vs. Gane,Song Yadong vs. Casey Kenney,Casey Kenney,173.0
2021-11-13,UFC Fight Night: Holloway vs. Rodriguez,Song Yadong vs. Julio Arce,Song Yadong,-217.0
2021-11-13,UFC Fight Night: Holloway vs. Rodriguez,Song Yadong vs. Julio Arce,Julio Arce,217.0
2021-03-06,UFC 259: Blachowicz vs. Adesanya,Song Yadong vs. Kyler Phillips,Song Yadong,-156.0
2021-03-06,UFC 259: Blachowicz vs. Adesanya,Song Yadong vs. Kyler Phillips,Kyler Phillips,156.0
2020-05-16,UFC Fight Night: Overeem vs. Harris,Song Yadong vs. Marlon Vera,Song Yadong,-259.0
2020-05-16,UFC Fight Night: Overeem vs. Harris,Song Yadong vs. Marlon Vera,Marlon Vera,259.0
2020-11-28,UFC Fight Night: Smith vs. Clark,Spike Carlyle vs. Bill Algeo,Spike Carlyle,-167.0
2020-11-28,UFC Fight Night: Smith vs. Clark,Spike Carlyle vs. Bill Algeo,Bill Algeo,167.0
2020-10-24,UFC 254: Khabib vs. Gaethje,Stefan Struve vs. Tai Tuivasa,Stefan Struve,167.0
2020-10-24,UFC 254: Khabib vs. Gaethje,Stefan Struve vs. Tai Tuivasa,Tai Tuivasa,-167.0
2021-12-18,UFC Fight Night: Lewis vs. Daukaus,Stephen Thompson vs. Belal Muhammad,Stephen Thompson,-150.0
2021-12-18,UFC Fight Night: Lewis vs. Daukaus,Stephen Thompson vs. Belal Muhammad,Belal Muhammad,150.0
2020-12-19,UFC Fight Night: Thompson vs. Neal,Stephen Thompson vs. Geoff Neal,Stephen Thompson,-102.0
2020-12-19,UFC Fight Night: Thompson vs. Neal,Stephen Thompson vs. Geoff Neal,Geoff Neal,102.0
2021-10-09,UFC Fight Night: Dern vs. Rodriguez,Steve Garcia vs. Charlie Ontiveros,Steve Garcia,-122.0
2021-10-09,UFC Fight Night: Dern vs. Rodriguez,Steve Garcia vs. Charlie Ontiveros,Charlie Ontiveros,122.0
2020-08-15,UFC 252: Miocic vs. Cormier 3,Stipe Miocic vs. Daniel Cormier,Stipe Miocic,102.0
2020-08-15,UFC 252: Miocic vs. Cormier 3,Stipe Miocic vs. Daniel Cormier,Daniel Cormier,-102.0
2021-03-27,UFC 260: Miocic vs. Ngannou,Stipe Miocic vs. Francis Ngannou,Stipe Miocic,122.0
2021-03-27,UFC 260: Miocic vs. Ngannou,Stipe Miocic vs. Francis Ngannou,Francis Ngannou,-122.0
2020-11-28,UFC Fight Night: Smith vs. Clark,Sumudaerji vs. Malcolm Gordon,Sumudaerji,-167.0
2020-11-28,UFC Fight Night: Smith vs. Clark,Sumudaerji vs. Malcolm Gordon,Malcolm Gordon,167.0
2021-01-20,UFC Fight Night: Chiesa vs. Magny,Sumudaerji vs. Zarrukh Adashev,Sumudaerji,-317.0
2021-01-20,UFC Fight Night: Chiesa vs. Magny,Sumudaerji vs. Zarrukh Adashev,Zarrukh Adashev,317.0
2022-01-15,UFC Fight Night: Kattar vs. Chikadze,TJ Brown vs. Charles Rosa,TJ Brown,-259.0
2022-01-15,UFC Fight Night: Kattar vs. Chikadze,TJ Brown vs. Charles Rosa,Charles Rosa,259.0
2021-07-10,UFC 264: Poirier vs. McGregor 3,Tai Tuivasa vs. Greg Hardy,Tai Tuivasa,102.0
2021-07-10,UFC 264: Poirier vs. McGregor 3,Tai Tuivasa vs. Greg Hardy,Greg Hardy,-102.0
2021-06-05,UFC Fight Night: Rozenstruik vs. Sakai,Tanner Boser vs. Ilir Latifi,Tanner Boser,-167.0
2021-06-05,UFC Fight Night: Rozenstruik vs. Sakai,Tanner Boser vs. Ilir Latifi,Ilir Latifi,167.0
2021-06-26,UFC Fight Night: Gane vs. Volkov,Tanner Boser vs. Ovince Saint Preux,Tanner Boser,-298.0
2021-06-26,UFC Fight Night: Gane vs. Volkov,Tanner Boser vs. Ovince Saint Preux,Ovince Saint Preux,298.0
2020-07-25,UFC Fight Night: Whittaker vs. Till,Tanner Boser vs. Raphael Pessoa,Tanner Boser,-167.0
2020-07-25,UFC Fight Night: Whittaker vs. Till,Tanner Boser vs. Raphael Pessoa,Raphael Pessoa,167.0
2022-02-26,UFC Fight Night: Makhachev vs. Green,Terrance McKinney vs. Fares Ziam,Terrance McKinney,217.0
2022-02-26,UFC Fight Night: Makhachev vs. Green,Terrance McKinney vs. Fares Ziam,Fares Ziam,-217.0
2022-06-25,UFC Fight Night: Tsarukyan vs. Gamrot,Thiago Moises vs. Christos Giagos,Thiago Moises,-167.0
2022-06-25,UFC Fight Night: Tsarukyan vs. Gamrot,Thiago Moises vs. Christos Giagos,Christos Giagos,167.0
2021-11-13,UFC Fight Night: Holloway vs. Rodriguez,Thiago Moises vs. Joel Alvarez,Thiago Moises,-100.0
2021-11-13,UFC Fight Night: Holloway vs. Rodriguez,Thiago Moises vs. Joel Alvarez,Joel Alvarez,-100.0
2021-03-06,UFC 259: Blachowicz vs. Adesanya,Thiago Santos vs. Aleksandar Rakic,Thiago Santos,167.0
2021-03-06,UFC 259: Blachowicz vs. Adesanya,Thiago Santos vs. Aleksandar Rakic,Aleksandar Rakic,-167.0
2020-11-07,UFC Fight Night: Santos vs. Teixeira,Thiago Santos vs. Glover Teixeira,Thiago Santos,-167.0
2020-11-07,UFC Fight Night: Santos vs. Teixeira,Thiago Santos vs. Glover Teixeira,Glover Teixeira,167.0
2021-10-02,UFC Fight Night: Santos vs. Walker,Thiago Santos vs. Johnny Walker,Thiago Santos,-150.0
2021-10-02,UFC Fight Night: Santos vs. Walker,Thiago Santos vs. Johnny Walker,Johnny Walker,150.0
2022-03-12,UFC Fight Night: Santos vs. Ankalaev,Thiago Santos vs. Magomed Ankalaev,Thiago Santos,167.0
2022-03-12,UFC Fight Night: Santos vs. Ankalaev,Thiago Santos vs. Magomed Ankalaev,Magomed Ankalaev,-167.0
2020-10-17,UFC Fight Night: Ortega vs. The Korean Zombie,Thomas Almeida vs. Jonathan Martinez,Thomas Almeida,-100.0
2020-10-17,UFC Fight Night: Ortega vs. The Korean Zombie,Thomas Almeida vs. Jonathan Martinez,Jonathan Martinez,-100.0
2021-03-06,UFC 259: Blachowicz vs. Adesanya,Tim Elliott vs. Jordan Espinosa,Tim Elliott,-102.0
2021-03-06,UFC 259: Blachowicz vs. Adesanya,Tim Elliott vs. Jordan Espinosa,Jordan Espinosa,102.0
2021-10-09,UFC Fight Night: Dern vs. Rodriguez,Tim Elliott vs. Matheus Nicolau,Tim Elliott,-102.0
2021-10-09,UFC Fight Night: Dern vs. Rodriguez,Tim Elliott vs. Matheus Nicolau,Matheus Nicolau,102.0
2020-07-15,UFC Fight Night: Kattar vs. Ige,Tim Elliott vs. Ryan Benoit,Tim Elliott,-167.0
2020-07-15,UFC Fight Night: Kattar vs. Ige,Tim Elliott vs. Ryan Benoit,Ryan Benoit,167.0
2022-03-05,UFC 272: Covington vs. Masvidal,Tim Elliott vs. Tagir Ulanbekov,Tim Elliott,-167.0
2022-03-05,UFC 272: Covington vs. Masvidal,Tim Elliott vs. Tagir Ulanbekov,Tagir Ulanbekov,167.0
2022-06-18,UFC Fight Night: Kattar vs. Emmett,Tim Means vs. Kevin Holland,Tim Means,317.0
2022-06-18,UFC Fight Night: Kattar vs. Emmett,Tim Means vs. Kevin Holland,Kevin Holland,-317.0
2020-08-08,UFC Fight Night: Lewis vs. Oleinik,Tim Means vs. Laureano Staropoli,Tim Means,-150.0
2020-08-08,UFC Fight Night: Lewis vs. Oleinik,Tim Means vs. Laureano Staropoli,Laureano Staropoli,150.0
2021-06-26,UFC Fight Night: Gane vs. Volkov,Tim Means vs. Nicolas Dalby,Tim Means,-259.0
2021-06-26,UFC Fight Night: Gane vs. Volkov,Tim Means vs. Nicolas Dalby,Nicolas Dalby,259.0
2021-09-04,UFC Fight Night: Brunson vs. Till,Tom Aspinall vs. Serghei Spivac,Tom Aspinall,-150.0
2021-09-04,UFC Fight Night: Brunson vs. Till,Tom Aspinall vs. Serghei Spivac,Serghei Spivac,150.0
2021-05-15,UFC 262: Oliveira vs. Chandler,Tony Ferguson vs. Beneil Dariush,Tony Ferguson,-102.0
2021-05-15,UFC 262: Oliveira vs. Chandler,Tony Ferguson vs. Beneil Dariush,Beneil Dariush,102.0
2020-12-12,UFC 256: Figueiredo vs. Moreno,Tony Ferguson vs. Charles Oliveira,Tony Ferguson,102.0
2020-12-12,UFC 256: Figueiredo vs. Moreno,Tony Ferguson vs. Charles Oliveira,Charles Oliveira,-102.0
2020-05-09,UFC 249: Ferguson vs. Gaethje,Tony Ferguson vs. Justin Gaethje,Tony Ferguson,
2020-05-09,UFC 249: Ferguson vs. Gaethje,Tony Ferguson vs. Justin Gaethje,Justin Gaethje,
2021-04-17,UFC Fight Night: Whittaker vs. Gastelum,Tony Gravely vs. Anthony Birchak,Tony Gravely,-102.0
2021-04-17,UFC Fight Night: Whittaker vs. Gastelum,Tony Gravely vs. Anthony Birchak,Anthony Birchak,102.0
2020-11-07,UFC Fight Night: Santos vs. Teixeira,Trevin Giles vs. Bevon Lewis,Trevin Giles,-150.0
2020-11-07,UFC Fight Night: Santos vs. Teixeira,Trevin Giles vs. Bevon Lewis,Bevon Lewis,150.0
2021-07-10,UFC 264: Poirier vs. McGregor 3,Trevin Giles vs. Dricus Du Plessis,Trevin Giles,-122.0
2021-07-10,UFC 264: Poirier vs. McGregor 3,Trevin Giles vs. Dricus Du Plessis,Dricus Du Plessis,122.0
2021-03-20,UFC Fight Night: Brunson vs. Holland,Trevin Giles vs. Roman Dolidze,Trevin Giles,-156.0
2021-03-20,UFC Fight Night: Brunson vs. Holland,Trevin Giles vs. Roman Dolidze,Roman Dolidze,156.0
2020-05-30,UFC Fight Night: Woodley vs. Burns,Tyron Woodley vs. Gilbert Burns,Tyron Woodley,102.0
2020-05-30,UFC Fight Night: Woodley vs. Burns,Tyron Woodley vs. Gilbert Burns,Gilbert Burns,-102.0
2021-03-27,UFC 260: Miocic vs. Ngannou,Tyron Woodley vs. Vicente Luque,Tyron Woodley,189.0
2021-03-27,UFC 260: Miocic vs. Ngannou,Tyron Woodley vs. Vicente Luque,Vicente Luque,-189.0
2022-04-23,UFC Fight Night: Lemos vs. Andrade,Tyson Pedro vs. Ike Villanueva,Tyson Pedro,
2022-04-23,UFC Fight Night: Lemos vs. Andrade,Tyson Pedro vs. Ike Villanueva,Ike Villanueva,
2020-10-31,UFC Fight Night: Hall vs. Silva,Uriah Hall vs. Anderson Silva,Uriah Hall,-102.0
2020-10-31,UFC Fight Night: Hall vs. Silva,Uriah Hall vs. Anderson Silva,Anderson Silva,102.0
2022-07-02,UFC 276: Adesanya vs. Cannonier,Uriah Hall vs. Andre Muniz,Uriah Hall,156.0
2022-07-02,UFC 276: Adesanya vs. Cannonier,Uriah Hall vs. Andre Muniz,Andre Muniz,-156.0
2021-07-31,UFC Fight Night: Hall vs. Strickland,Uriah Hall vs. Sean Strickland,Uriah Hall,317.0
2021-07-31,UFC Fight Night: Hall vs. Strickland,Uriah Hall vs. Sean Strickland,Sean Strickland,-317.0
2021-09-25,UFC 266: Volkanovski vs. Ortega,Uros Medic vs. Jalin Turner,Uros Medic,-167.0
2021-09-25,UFC 266: Volkanovski vs. Ortega,Uros Medic vs. Jalin Turner,Jalin Turner,167.0
2022-04-16,UFC Fight Night: Luque vs. Muhammad,Vicente Luque vs. Belal Muhammad,Vicente Luque,-167.0
2022-04-16,UFC Fight Night: Luque vs. Muhammad,Vicente Luque vs. Belal Muhammad,Belal Muhammad,167.0
2020-05-09,UFC 249: Ferguson vs. Gaethje,Vicente Luque vs. Niko Price,Vicente Luque,-167.0
2020-05-09,UFC 249: Ferguson vs. Gaethje,Vicente Luque vs. Niko Price,Niko Price,167.0
2020-08-01,UFC Fight Night: Brunson vs. Shahbazyan,Vicente Luque vs. Randy Brown,Vicente Luque,-156.0
2020-08-01,UFC Fight Night: Brunson vs. Shahbazyan,Vicente Luque vs. Randy Brown,Randy Brown,156.0
2021-08-21,UFC Fight Night: Cannonier vs. Gastelum,Vinc Pichel vs. Austin Hubbard,Vinc Pichel,167.0
2021-08-21,UFC Fight Night: Cannonier vs. Gastelum,Vinc Pichel vs. Austin Hubbard,Austin Hubbard,-167.0
2022-04-09,UFC 273: Volkanovski vs. The Korean Zombie,Vinc Pichel vs. Mark Madsen,Vinc Pichel,102.0
2022-04-09,UFC 273: Volkanovski vs. The Korean Zombie,Vinc Pichel vs. Mark Madsen,Mark Madsen,-102.0
2021-08-07,UFC 265: Lewis vs. Gane,Vince Morales vs. Drako Rodriguez,Vince Morales,-102.0
2021-08-07,UFC 265: Lewis vs. Gane,Vince Morales vs. Drako Rodriguez,Drako Rodriguez,102.0
2021-06-05,UFC Fight Night: Rozenstruik vs. Sakai,Walt Harris vs. Marcin Tybura,Walt Harris,317.0
2021-06-05,UFC Fight Night: Rozenstruik vs. Sakai,Walt Harris vs. Marcin Tybura,Marcin Tybura,-317.0
2021-01-20,UFC Fight Night: Chiesa vs. Magny,Warlley Alves vs. Mounir Lazzez,Warlley Alves,-100.0
2021-01-20,UFC Fight Night: Chiesa vs. Magny,Warlley Alves vs. Mounir Lazzez,Mounir Lazzez,-100.0
2021-06-19,UFC Fight Night: Jung vs. Ige,Wellington Turman vs. Bruno Silva,Wellington Turman,-100.0
2021-06-19,UFC Fight Night: Jung vs. Ige,Wellington Turman vs. Bruno Silva,Bruno Silva,-100.0
2021-08-21,UFC Fight Night: Cannonier vs. Gastelum,William Knight vs. Fabio Cherant,William Knight,-167.0
2021-08-21,UFC Fight Night: Cannonier vs. Gastelum,William Knight vs. Fabio Cherant,Fabio Cherant,167.0
2022-02-12,UFC 271: Adesanya vs. Whittaker 2,William Knight vs. Maxim Grishin,William Knight,-122.0
2022-02-12,UFC 271: Adesanya vs. Whittaker 2,William Knight vs. Maxim Grishin,Maxim Grishin,122.0
2021-06-26,UFC Fight Night: Gane vs. Volkov,Yancy Medeiros vs. Damir Hadzovic,Yancy Medeiros,102.0
2021-06-26,UFC Fight Night: Gane vs. Volkov,Yancy Medeiros vs. Damir Hadzovic,Damir Hadzovic,-102.0
2020-10-03,UFC Fight Night: Holm vs. Aldana,Yorgan De Castro vs. Carlos Felipe,Yorgan De Castro,167.0
2020-10-03,UFC Fight Night: Holm vs. Aldana,Yorgan De Castro vs. Carlos Felipe,Carlos Felipe,-167.0
2021-04-10,UFC Fight Night: Vettori vs. Holland,Yorgan De Castro vs. Jarjis Danho,Yorgan De Castro,-161.0
2021-04-10,UFC Fight Night: Vettori vs. Holland,Yorgan De Castro vs. Jarjis Danho,Jarjis Danho,161.0
2021-07-10,UFC 264: Poirier vs. McGregor 3,Zhalgas Zhumagulov vs. Jerome Rivera,Zhalgas Zhumagulov,102.0
2021-07-10,UFC 264: Poirier vs. McGregor 3,Zhalgas Zhumagulov vs. Jerome Rivera,Jerome Rivera,-102.0
