DATE,EVENT,BOUT,FIGHTER,odds
2014-08-23,UFC Fight Night: Henderson vs Dos Anjos,Aaron Phillips vs. Matt Hobar,Aaron Phillips,-170.0
2014-08-23,UFC Fight Night: Henderson vs Dos Anjos,Aaron Phillips vs. Matt Hobar,Matt Hobar,170.0
2013-07-27,UFC on FOX: Johnson vs Moraga,Aaron Riley vs. Justin Salas,Aaron Riley,115.0
2013-07-27,UFC on FOX: Johnson vs Moraga,Aaron Riley vs. Justin Salas,Justin Salas,-115.0
2013-12-14,UFC on FOX: Johnson vs. Benavidez 2,Abel Trujillo vs. Roger Bowling,Abel Trujillo,-100.0
2013-12-14,UFC on FOX: Johnson vs. Benavidez 2,Abel Trujillo vs. Roger Bowling,Roger Bowling,-100.0
2014-10-04,UFC Fight Night: Nelson vs Story,Akira Corassani vs. Max Holloway,Akira Corassani,214.0
2014-10-04,UFC Fight Night: Nelson vs Story,Akira Corassani vs. Max Holloway,Max Holloway,-214.0
2013-11-30,The Ultimate Fighter: Team Rousey vs. Team Tate Finale,Akira Corassani vs. Maximo Blanco,Akira Corassani,137.0
2013-11-30,The Ultimate Fighter: Team Rousey vs. Team Tate Finale,Akira Corassani vs. Maximo Blanco,Maximo Blanco,-137.0
2013-04-06,UFC on FUEL TV: Mousasi vs Latifi,Akira Corassani vs. Robert Peralta,Akira Corassani,137.0
2013-04-06,UFC on FUEL TV: Mousasi vs Latifi,Akira Corassani vs. Robert Peralta,Robert Peralta,-137.0
2015-01-24,UFC on FOX: Gustafsson vs Johnson,Akira Corassani vs. Sam Sicilia,Akira Corassani,200.0
2015-01-24,UFC on FOX: Gustafsson vs Johnson,Akira Corassani vs. Sam Sicilia,Sam Sicilia,-200.0
2014-05-24,UFC 173: Barao vs Dillashaw,Al Iaquinta vs. Mitch Clarke,Al Iaquinta,-187.0
2014-05-24,UFC 173: Barao vs Dillashaw,Al Iaquinta vs. Mitch Clarke,Mitch Clarke,187.0
2013-10-26,UFC Fight Night: Machida vs Munoz,Al Iaquinta vs. Piotr Hallmann,Al Iaquinta,-100.0
2013-10-26,UFC Fight Night: Machida vs Munoz,Al Iaquinta vs. Piotr Hallmann,Piotr Hallmann,-100.0
2014-09-05,UFC Fight Night: Jacare vs Mousasi,Al Iaquinta vs. Rodrigo Damm,Al Iaquinta,-214.0
2014-09-05,UFC Fight Night: Jacare vs Mousasi,Al Iaquinta vs. Rodrigo Damm,Rodrigo Damm,214.0
2015-02-28,UFC 184: Rousey vs Zingano,Alan Jouban vs. Richard Walsh,Alan Jouban,214.0
2015-02-28,UFC 184: Rousey vs Zingano,Alan Jouban vs. Richard Walsh,Richard Walsh,-214.0
2014-01-25,UFC on FOX: Henderson vs Thomson,Alex Caceres vs. Sergio Pettis,Alex Caceres,-100.0
2014-01-25,UFC on FOX: Henderson vs Thomson,Alex Caceres vs. Sergio Pettis,Sergio Pettis,-100.0
2014-12-06,UFC 181: Hendricks vs Lawler II,Alex White vs. Clay Collard,Alex White,-105.0
2014-12-06,UFC 181: Hendricks vs Lawler II,Alex White vs. Clay Collard,Clay Collard,105.0
2015-01-24,UFC on FOX: Gustafsson vs Johnson,Alexander Gustafsson vs. Anthony Johnson,Alexander Gustafsson,200.0
2015-01-24,UFC on FOX: Gustafsson vs Johnson,Alexander Gustafsson vs. Anthony Johnson,Anthony Johnson,-200.0
2014-03-08,UFC Fight Night: Gustafsson vs Manuwa,Alexander Gustafsson vs. Jimi Manuwa,Alexander Gustafsson,-137.0
2014-03-08,UFC Fight Night: Gustafsson vs Manuwa,Alexander Gustafsson vs. Jimi Manuwa,Jimi Manuwa,137.0
2013-02-02,UFC 156: Aldo vs Edgar,Alistair Overeem vs. Antonio Silva,Alistair Overeem,-159.0
2013-02-02,UFC 156: Aldo vs Edgar,Alistair Overeem vs. Antonio Silva,Antonio Silva,159.0
2014-09-05,UFC Fight Night: Jacare vs Mousasi,Alistair Overeem vs. Ben Rothwell,Alistair Overeem,-137.0
2014-09-05,UFC Fight Night: Jacare vs Mousasi,Alistair Overeem vs. Ben Rothwell,Ben Rothwell,137.0
2014-12-13,UFC on FOX: Dos Santos vs Miocic,Alistair Overeem vs. Stefan Struve,Alistair Overeem,-214.0
2014-12-13,UFC on FOX: Dos Santos vs Miocic,Alistair Overeem vs. Stefan Struve,Stefan Struve,214.0
2013-08-17,UFC Fight Night: Shogun vs Sonnen,Alistair Overeem vs. Travis Browne,Alistair Overeem,-100.0
2013-08-17,UFC Fight Night: Shogun vs Sonnen,Alistair Overeem vs. Travis Browne,Travis Browne,-100.0
2014-06-14,UFC 174: Johnson vs Bagautinov,Andrei Arlovski vs. Brendan Schaub,Andrei Arlovski,-100.0
2014-06-14,UFC 174: Johnson vs Bagautinov,Andrei Arlovski vs. Brendan Schaub,Brendan Schaub,-100.0
2013-10-26,UFC Fight Night: Machida vs Munoz,Andy Ogle vs. Cole Miller,Andy Ogle,-200.0
2013-10-26,UFC Fight Night: Machida vs Munoz,Andy Ogle vs. Cole Miller,Cole Miller,200.0
2013-02-16,UFC on FUEL TV: Barao vs McDonald,Andy Ogle vs. Josh Grispi,Andy Ogle,-105.0
2013-02-16,UFC on FUEL TV: Barao vs McDonald,Andy Ogle vs. Josh Grispi,Josh Grispi,105.0
2014-05-31,UFC Fight Night: Munoz vs Mousasi,Andy Ogle vs. Maximo Blanco,Andy Ogle,-100.0
2014-05-31,UFC Fight Night: Munoz vs Mousasi,Andy Ogle vs. Maximo Blanco,Maximo Blanco,-100.0
2015-05-23,UFC 187: Johnson vs Cormier,Anthony Johnson vs. Daniel Cormier,Anthony Johnson,-200.0
2015-05-23,UFC 187: Johnson vs Cormier,Anthony Johnson vs. Daniel Cormier,Daniel Cormier,200.0
2014-07-26,UFC on FOX: Lawler vs Brown,Anthony Johnson vs. Rogerio Nogueira,Anthony Johnson,-281.0
2014-07-26,UFC on FOX: Lawler vs Brown,Anthony Johnson vs. Rogerio Nogueira,Rogerio Nogueira,281.0
2014-05-10,UFC Fight Night: Brown vs Silva,Anthony Lapsley vs. Albert Tumenov,Anthony Lapsley,129.0
2014-05-10,UFC Fight Night: Brown vs Silva,Anthony Lapsley vs. Albert Tumenov,Albert Tumenov,-129.0
2014-05-24,UFC 173: Barao vs Dillashaw,Anthony Njokuani vs. Vinc Pichel,Anthony Njokuani,115.0
2014-05-24,UFC 173: Barao vs Dillashaw,Anthony Njokuani vs. Vinc Pichel,Vinc Pichel,-115.0
2014-11-07,UFC Fight Night: Rockhold vs Bisping,Anthony Perosh vs. Guto Inocente,Anthony Perosh,135.0
2014-11-07,UFC Fight Night: Rockhold vs Bisping,Anthony Perosh vs. Guto Inocente,Guto Inocente,-135.0
2015-05-09,UFC Fight Night: Miocic vs Hunt,Anthony Perosh vs. Sean O'Connell,Anthony Perosh,105.0
2015-05-09,UFC Fight Night: Miocic vs Hunt,Anthony Perosh vs. Sean O'Connell,Sean O'Connell,-105.0
2013-01-26,UFC on FOX: Johnson vs Dodson,Anthony Pettis vs. Donald Cerrone,Anthony Pettis,-200.0
2013-01-26,UFC on FOX: Johnson vs Dodson,Anthony Pettis vs. Donald Cerrone,Donald Cerrone,200.0
2014-12-06,UFC 181: Hendricks vs Lawler II,Anthony Pettis vs. Gilbert Melendez,Anthony Pettis,-187.0
2014-12-06,UFC 181: Hendricks vs Lawler II,Anthony Pettis vs. Gilbert Melendez,Gilbert Melendez,187.0
2015-03-14,UFC 185: Pettis vs Dos Anjos,Anthony Pettis vs. Rafael Dos Anjos,Anthony Pettis,-100.0
2015-03-14,UFC 185: Pettis vs Dos Anjos,Anthony Pettis vs. Rafael Dos Anjos,Rafael Dos Anjos,-100.0
2014-12-20,UFC Fight Night: Machida vs Dollaway,Antonio Carlos Junior vs. Patrick Cummins,Antonio Carlos Junior,187.0
2014-12-20,UFC Fight Night: Machida vs Dollaway,Antonio Carlos Junior vs. Patrick Cummins,Patrick Cummins,-187.0
2013-03-16,UFC 158: St-Pierre vs Diaz,Antonio Carvalho vs. Darren Elkins,Antonio Carvalho,214.0
2013-03-16,UFC 158: St-Pierre vs Diaz,Antonio Carvalho vs. Darren Elkins,Darren Elkins,-214.0
2013-06-08,UFC on FUEL TV: Nogueira vs. Werdum,Antonio Rodrigo Nogueira vs. Fabricio Werdum,Antonio Rodrigo Nogueira,-100.0
2013-06-08,UFC on FUEL TV: Nogueira vs. Werdum,Antonio Rodrigo Nogueira vs. Fabricio Werdum,Fabricio Werdum,-100.0
2014-04-11,UFC Fight Night: Minotauro vs Nelson,Antonio Rodrigo Nogueira vs. Roy Nelson,Antonio Rodrigo Nogueira,-187.0
2014-04-11,UFC Fight Night: Minotauro vs Nelson,Antonio Rodrigo Nogueira vs. Roy Nelson,Roy Nelson,187.0
2014-09-13,UFC Fight Night: Bigfoot vs Arlovski,Antonio Silva vs. Andrei Arlovski,Antonio Silva,214.0
2014-09-13,UFC Fight Night: Bigfoot vs Arlovski,Antonio Silva vs. Andrei Arlovski,Andrei Arlovski,-214.0
2015-02-22,UFC Fight Night: Bigfoot vs Mir,Antonio Silva vs. Frank Mir,Antonio Silva,115.0
2015-02-22,UFC Fight Night: Bigfoot vs Mir,Antonio Silva vs. Frank Mir,Frank Mir,-115.0
2013-08-31,UFC 164: Henderson vs Pettis 2,Ben Rothwell vs. Brandon Vera,Ben Rothwell,-100.0
2013-08-31,UFC 164: Henderson vs Pettis 2,Ben Rothwell vs. Brandon Vera,Brandon Vera,-100.0
2015-06-06,UFC Fight Night: Boetsch vs Henderson,Ben Rothwell vs. Matt Mitrione,Ben Rothwell,105.0
2015-06-06,UFC Fight Night: Boetsch vs Henderson,Ben Rothwell vs. Matt Mitrione,Matt Mitrione,-105.0
2014-08-23,UFC Fight Night: Henderson vs Dos Anjos,Beneil Dariush vs. Anthony Rocco Martin,Beneil Dariush,-100.0
2014-08-23,UFC Fight Night: Henderson vs Dos Anjos,Beneil Dariush vs. Anthony Rocco Martin,Anthony Rocco Martin,-100.0
2013-08-31,UFC 164: Henderson vs Pettis 2,Benson Henderson vs. Anthony Pettis,Benson Henderson,-100.0
2013-08-31,UFC 164: Henderson vs Pettis 2,Benson Henderson vs. Anthony Pettis,Anthony Pettis,-100.0
2015-02-14,UFC Fight Night: Henderson vs Thatch,Benson Henderson vs. Brandon Thatch,Benson Henderson,-105.0
2015-02-14,UFC Fight Night: Henderson vs Thatch,Benson Henderson vs. Brandon Thatch,Brandon Thatch,105.0
2014-01-25,UFC on FOX: Henderson vs Thomson,Benson Henderson vs. Josh Thomson,Benson Henderson,-137.0
2014-01-25,UFC on FOX: Henderson vs Thomson,Benson Henderson vs. Josh Thomson,Josh Thomson,137.0
2014-08-23,UFC Fight Night: Henderson vs Dos Anjos,Benson Henderson vs. Rafael Dos Anjos,Benson Henderson,-137.0
2014-08-23,UFC Fight Night: Henderson vs Dos Anjos,Benson Henderson vs. Rafael Dos Anjos,Rafael Dos Anjos,137.0
2014-06-07,UFC Fight Night: Henderson vs Khabilov,Benson Henderson vs. Rustam Khabilov,Benson Henderson,-137.0
2014-06-07,UFC Fight Night: Henderson vs Khabilov,Benson Henderson vs. Rustam Khabilov,Rustam Khabilov,137.0
2014-06-07,UFC Fight Night: Henderson vs Khabilov,Bobby Voelker vs. Lance Benoist,Bobby Voelker,214.0
2014-06-07,UFC Fight Night: Henderson vs Khabilov,Bobby Voelker vs. Lance Benoist,Lance Benoist,-214.0
2013-10-26,UFC Fight Night: Machida vs Munoz,Brad Scott vs. Michael Kuiper,Brad Scott,200.0
2013-10-26,UFC Fight Night: Machida vs Munoz,Brad Scott vs. Michael Kuiper,Michael Kuiper,-200.0
2015-01-03,UFC 182: Jones vs Cormier,Brad Tavares vs. Nate Marquardt,Brad Tavares,-100.0
2015-01-03,UFC 182: Jones vs Cormier,Brad Tavares vs. Nate Marquardt,Nate Marquardt,-100.0
2013-08-28,UFC Fight Night: Condit vs Kampmann 2,Brad Tavares vs. Robert McDaniel,Brad Tavares,-110.0
2013-08-28,UFC Fight Night: Condit vs Kampmann 2,Brad Tavares vs. Robert McDaniel,Robert McDaniel,110.0
2015-05-09,UFC Fight Night: Miocic vs Hunt,Brad Tavares vs. Robert Whittaker,Brad Tavares,-105.0
2015-05-09,UFC Fight Night: Miocic vs Hunt,Brad Tavares vs. Robert Whittaker,Robert Whittaker,105.0
2014-04-19,UFC on FOX: Werdum vs Browne,Brad Tavares vs. Yoel Romero,Brad Tavares,-156.0
2014-04-19,UFC on FOX: Werdum vs Browne,Brad Tavares vs. Yoel Romero,Yoel Romero,156.0
2013-02-23,UFC 157: Rousey vs Carmouche,Brendan Schaub vs. Lavar Johnson,Brendan Schaub,-187.0
2013-02-23,UFC 157: Rousey vs Carmouche,Brendan Schaub vs. Lavar Johnson,Lavar Johnson,187.0
2013-09-21,UFC 165: Jones vs Gustafsson,Brendan Schaub vs. Matt Mitrione,Brendan Schaub,-105.0
2013-09-21,UFC 165: Jones vs Gustafsson,Brendan Schaub vs. Matt Mitrione,Matt Mitrione,105.0
2013-05-25,UFC 160: Velasquez vs Silva 2,Brian Bowles vs. George Roop,Brian Bowles,105.0
2013-05-25,UFC 160: Velasquez vs Silva 2,Brian Bowles vs. George Roop,George Roop,-105.0
2015-06-06,UFC Fight Night: Boetsch vs Henderson,Brian Ebersole vs. Omari Akhmedov,Brian Ebersole,110.0
2015-06-06,UFC Fight Night: Boetsch vs Henderson,Brian Ebersole vs. Omari Akhmedov,Omari Akhmedov,-110.0
2013-11-16,UFC 167: St-Pierre vs Hendricks,Brian Ebersole vs. Rick Story,Brian Ebersole,214.0
2013-11-16,UFC 167: St-Pierre vs Hendricks,Brian Ebersole vs. Rick Story,Rick Story,-214.0
2013-04-27,UFC 159: Jones vs Sonnen,Bryan Caraway vs. Johnny Bedford,Bryan Caraway,187.0
2013-04-27,UFC 159: Jones vs Sonnen,Bryan Caraway vs. Johnny Bedford,Johnny Bedford,-187.0
2013-05-25,UFC 160: Velasquez vs Silva 2,Cain Velasquez vs. Antonio Silva,Cain Velasquez,
2013-05-25,UFC 160: Velasquez vs Silva 2,Cain Velasquez vs. Antonio Silva,Antonio Silva,
2013-10-19,UFC 166: Velasquez vs Dos Santos 3,Cain Velasquez vs. Junior Dos Santos,Cain Velasquez,-159.0
2013-10-19,UFC 166: Velasquez vs Dos Santos 3,Cain Velasquez vs. Junior Dos Santos,Junior Dos Santos,159.0
2013-06-08,UFC on FUEL TV: Nogueira vs. Werdum,Caio Magalhaes vs. Karlos Vemola,Caio Magalhaes,-129.0
2013-06-08,UFC on FUEL TV: Nogueira vs. Werdum,Caio Magalhaes vs. Karlos Vemola,Karlos Vemola,129.0
2014-11-08,UFC Fight Night 56: Shogun vs Saint Preux,Caio Magalhaes vs. Trevor Smith,Caio Magalhaes,-100.0
2014-11-08,UFC Fight Night 56: Shogun vs Saint Preux,Caio Magalhaes vs. Trevor Smith,Trevor Smith,-100.0
2013-03-16,UFC 158: St-Pierre vs Diaz,Carlos Condit vs. Johny Hendricks,Carlos Condit,214.0
2013-03-16,UFC 158: St-Pierre vs Diaz,Carlos Condit vs. Johny Hendricks,Johny Hendricks,-214.0
2013-08-28,UFC Fight Night: Condit vs Kampmann 2,Carlos Condit vs. Martin Kampmann,Carlos Condit,-105.0
2013-08-28,UFC Fight Night: Condit vs Kampmann 2,Carlos Condit vs. Martin Kampmann,Martin Kampmann,105.0
2015-05-30,UFC Fight Night: Condit vs Alves,Carlos Condit vs. Thiago Alves,Carlos Condit,105.0
2015-05-30,UFC Fight Night: Condit vs Alves,Carlos Condit vs. Thiago Alves,Thiago Alves,-105.0
2014-03-15,UFC 171: Hendricks vs Lawler,Carlos Condit vs. Tyron Woodley,Carlos Condit,-187.0
2014-03-15,UFC 171: Hendricks vs Lawler,Carlos Condit vs. Tyron Woodley,Tyron Woodley,187.0
2014-10-04,UFC Fight Night: Nelson vs Story,Cathal Pendred vs. Gasan Umalatov,Cathal Pendred,-105.0
2014-10-04,UFC Fight Night: Nelson vs Story,Cathal Pendred vs. Gasan Umalatov,Gasan Umalatov,105.0
2015-01-18,UFC Fight Night: McGregor vs Siver,Cathal Pendred vs. Sean Spencer,Cathal Pendred,-100.0
2015-01-18,UFC Fight Night: McGregor vs Siver,Cathal Pendred vs. Sean Spencer,Sean Spencer,-100.0
2014-06-28,UFC Fight Night: Swanson vs Stephens,Cezar Ferreira vs. Andrew Craig,Cezar Ferreira,-100.0
2014-06-28,UFC Fight Night: Swanson vs Stephens,Cezar Ferreira vs. Andrew Craig,Andrew Craig,-100.0
2014-03-23,UFC Fight Night: Shogun vs Henderson 2,Cezar Ferreira vs. CB Dollaway,Cezar Ferreira,214.0
2014-03-23,UFC Fight Night: Shogun vs Henderson 2,Cezar Ferreira vs. CB Dollaway,CB Dollaway,-214.0
2013-11-09,UFC Fight Night: Belfort vs Henderson 2,Cezar Ferreira vs. Daniel Sarafian,Cezar Ferreira,-100.0
2013-11-09,UFC Fight Night: Belfort vs Henderson 2,Cezar Ferreira vs. Daniel Sarafian,Daniel Sarafian,-100.0
2015-02-22,UFC Fight Night: Bigfoot vs Mir,Cezar Ferreira vs. Sam Alvey,Cezar Ferreira,-105.0
2015-02-22,UFC Fight Night: Bigfoot vs Mir,Cezar Ferreira vs. Sam Alvey,Sam Alvey,105.0
2015-04-25,UFC 186: Johnson vs Horiguchi,Chad Laprise vs. Bryan Barberena,Chad Laprise,-110.0
2015-04-25,UFC 186: Johnson vs Horiguchi,Chad Laprise vs. Bryan Barberena,Bryan Barberena,110.0
2014-10-04,UFC Fight Night: MacDonald vs Saffiedine,Chad Laprise vs. Yosdenis Cedeno,Chad Laprise,-110.0
2014-10-04,UFC Fight Night: MacDonald vs Saffiedine,Chad Laprise vs. Yosdenis Cedeno,Yosdenis Cedeno,110.0
2013-08-31,UFC 164: Henderson vs Pettis 2,Chad Mendes vs. Clay Guida,Chad Mendes,-214.0
2013-08-31,UFC 164: Henderson vs Pettis 2,Chad Mendes vs. Clay Guida,Clay Guida,214.0
2013-04-20,UFC on FOX: Henderson vs Melendez,Chad Mendes vs. Darren Elkins,Chad Mendes,-214.0
2013-04-20,UFC on FOX: Henderson vs Melendez,Chad Mendes vs. Darren Elkins,Darren Elkins,214.0
2015-04-04,UFC Fight Night: Mendes vs Lamas,Chad Mendes vs. Ricardo Lamas,Chad Mendes,-200.0
2015-04-04,UFC Fight Night: Mendes vs Lamas,Chad Mendes vs. Ricardo Lamas,Ricardo Lamas,200.0
2014-02-15,UFC Fight Night: Machida vs Mousasi,Charles Oliveira vs. Andy Ogle,Charles Oliveira,106.0
2014-02-15,UFC Fight Night: Machida vs Mousasi,Charles Oliveira vs. Andy Ogle,Andy Ogle,-106.0
2015-01-18,UFC Fight Night: McGregor vs Siver,Charles Rosa vs. Sean Soriano,Charles Rosa,-100.0
2015-01-18,UFC Fight Night: McGregor vs Siver,Charles Rosa vs. Sean Soriano,Sean Soriano,-100.0
2015-02-14,UFC Fight Night: Henderson vs Thatch,Chas Skelly vs. Jim Alers,Chas Skelly,-135.0
2015-02-14,UFC Fight Night: Henderson vs Thatch,Chas Skelly vs. Jim Alers,Jim Alers,135.0
2014-08-23,UFC Fight Night: Henderson vs Dos Anjos,Chas Skelly vs. Tom Niinimaki,Chas Skelly,200.0
2014-08-23,UFC Fight Night: Henderson vs Dos Anjos,Chas Skelly vs. Tom Niinimaki,Tom Niinimaki,-200.0
2014-07-05,UFC 175: Weidman vs Machida,Chris Camozzi vs. Bruno Santos,Chris Camozzi,-100.0
2014-07-05,UFC 175: Weidman vs Machida,Chris Camozzi vs. Bruno Santos,Bruno Santos,-100.0
2013-11-06,UFC Fight Night: Fight for the Troops 3,Chris Camozzi vs. Lorenz Larkin,Chris Camozzi,105.0
2013-11-06,UFC Fight Night: Fight for the Troops 3,Chris Camozzi vs. Lorenz Larkin,Lorenz Larkin,-105.0
2015-03-14,UFC 185: Pettis vs Dos Anjos,Chris Cariaso vs. Henry Cejudo,Chris Cariaso,-100.0
2015-03-14,UFC 185: Pettis vs Dos Anjos,Chris Cariaso vs. Henry Cejudo,Henry Cejudo,-100.0
2012-12-29,UFC 155: Dos Santos vs Velasquez II,Chris Cariaso vs. John Moraga,Chris Cariaso,-187.0
2012-12-29,UFC 155: Dos Santos vs Velasquez II,Chris Cariaso vs. John Moraga,John Moraga,187.0
2014-05-10,UFC Fight Night: Brown vs Silva,Chris Cariaso vs. Louis Smolka,Chris Cariaso,-115.0
2014-05-10,UFC Fight Night: Brown vs Silva,Chris Cariaso vs. Louis Smolka,Louis Smolka,115.0
2013-09-21,UFC 165: Jones vs Gustafsson,Chris Clements vs. Stephen Thompson,Chris Clements,147.0
2013-09-21,UFC 165: Jones vs Gustafsson,Chris Clements vs. Stephen Thompson,Stephen Thompson,-147.0
2014-05-24,UFC 173: Barao vs Dillashaw,Chris Holdsworth vs. Chico Camus,Chris Holdsworth,187.0
2014-05-24,UFC 173: Barao vs Dillashaw,Chris Holdsworth vs. Chico Camus,Chico Camus,-187.0
2014-06-28,UFC Fight Night: Te Huna vs Marquardt,Chris Indich vs. Vik Grujic,Chris Indich,-135.0
2014-06-28,UFC Fight Night: Te Huna vs Marquardt,Chris Indich vs. Vik Grujic,Vik Grujic,135.0
2013-07-06,UFC 162: Silva vs Weidman,Chris Leben vs. Andrew Craig,Chris Leben,-115.0
2013-07-06,UFC 162: Silva vs Weidman,Chris Leben vs. Andrew Craig,Andrew Craig,115.0
2013-12-28,UFC 168: Weidman vs Silva 2,Chris Leben vs. Uriah Hall,Chris Leben,115.0
2013-12-28,UFC 168: Weidman vs Silva 2,Chris Leben vs. Uriah Hall,Uriah Hall,-115.0
2015-06-06,UFC Fight Night: Boetsch vs Henderson,Chris Wade vs. Christos Giagos,Chris Wade,-100.0
2015-06-06,UFC Fight Night: Boetsch vs Henderson,Chris Wade vs. Christos Giagos,Christos Giagos,-100.0
2014-07-26,UFC on FOX: Lawler vs Brown,Clay Guida vs. Dennis Bermudez,Clay Guida,177.0
2014-07-26,UFC on FOX: Lawler vs Brown,Clay Guida vs. Dennis Bermudez,Dennis Bermudez,-177.0
2013-01-26,UFC on FOX: Johnson vs Dodson,Clay Guida vs. Hatsu Hioki,Clay Guida,-135.0
2013-01-26,UFC on FOX: Johnson vs Dodson,Clay Guida vs. Hatsu Hioki,Hatsu Hioki,135.0
2015-04-04,UFC Fight Night: Mendes vs Lamas,Clay Guida vs. Robert Peralta,Clay Guida,-100.0
2015-04-04,UFC Fight Night: Mendes vs Lamas,Clay Guida vs. Robert Peralta,Robert Peralta,-100.0
2014-04-11,UFC Fight Night: Minotauro vs Nelson,Clay Guida vs. Tatsuya Kawajiri,Clay Guida,115.0
2014-04-11,UFC Fight Night: Minotauro vs Nelson,Clay Guida vs. Tatsuya Kawajiri,Tatsuya Kawajiri,-115.0
2014-06-28,UFC Fight Night: Swanson vs Stephens,Clint Hester vs. Antonio Braga Neto,Clint Hester,214.0
2014-06-28,UFC Fight Night: Swanson vs Stephens,Clint Hester vs. Antonio Braga Neto,Antonio Braga Neto,-214.0
2013-11-16,UFC 167: St-Pierre vs Hendricks,Cody Donovan vs. Gian Villante,Cody Donovan,-187.0
2013-11-16,UFC 167: St-Pierre vs Hendricks,Cody Donovan vs. Gian Villante,Gian Villante,187.0
2014-07-19,UFC Fight Night: McGregor vs Brandao,Cody Donovan vs. Nikita Krylov,Cody Donovan,115.0
2014-07-19,UFC Fight Night: McGregor vs Brandao,Cody Donovan vs. Nikita Krylov,Nikita Krylov,-115.0
2013-08-17,UFC Fight Night: Shogun vs Sonnen,Cody Donovan vs. Ovince Saint Preux,Cody Donovan,-171.0
2013-08-17,UFC Fight Night: Shogun vs Sonnen,Cody Donovan vs. Ovince Saint Preux,Ovince Saint Preux,171.0
2013-04-13,The Ultimate Fighter: Team Jones vs. Team Sonnen Finale,Cole Miller vs. Bart Palaszewski,Cole Miller,-105.0
2013-04-13,The Ultimate Fighter: Team Jones vs. Team Sonnen Finale,Cole Miller vs. Bart Palaszewski,Bart Palaszewski,105.0
2014-01-15,UFC Fight Night: Rockhold vs Philippou,Cole Miller vs. Sam Sicilia,Cole Miller,105.0
2014-01-15,UFC Fight Night: Rockhold vs Philippou,Cole Miller vs. Sam Sicilia,Sam Sicilia,-105.0
2013-11-06,UFC Fight Night: Fight for the Troops 3,Colton Smith vs. Michael Chiesa,Colton Smith,-100.0
2013-11-06,UFC Fight Night: Fight for the Troops 3,Colton Smith vs. Michael Chiesa,Michael Chiesa,-100.0
2013-05-25,UFC 160: Velasquez vs Silva 2,Colton Smith vs. Robert Whittaker,Colton Smith,-135.0
2013-05-25,UFC 160: Velasquez vs Silva 2,Colton Smith vs. Robert Whittaker,Robert Whittaker,135.0
2015-01-18,UFC Fight Night: McGregor vs Siver,Conor McGregor vs. Dennis Siver,Conor McGregor,-105.0
2015-01-18,UFC Fight Night: McGregor vs Siver,Conor McGregor vs. Dennis Siver,Dennis Siver,105.0
2014-07-19,UFC Fight Night: McGregor vs Brandao,Conor McGregor vs. Diego Brandao,Conor McGregor,-187.0
2014-07-19,UFC Fight Night: McGregor vs Brandao,Conor McGregor vs. Diego Brandao,Diego Brandao,187.0
2013-08-17,UFC Fight Night: Shogun vs Sonnen,Conor McGregor vs. Max Holloway,Conor McGregor,155.0
2013-08-17,UFC Fight Night: Shogun vs Sonnen,Conor McGregor vs. Max Holloway,Max Holloway,-155.0
2013-09-21,UFC 165: Jones vs Gustafsson,Constantinos Philippou vs. Francis Carmont,Constantinos Philippou,135.0
2013-09-21,UFC 165: Jones vs Gustafsson,Constantinos Philippou vs. Francis Carmont,Francis Carmont,-135.0
2014-05-10,UFC Fight Night: Brown vs Silva,Constantinos Philippou vs. Lorenz Larkin,Constantinos Philippou,-100.0
2014-05-10,UFC Fight Night: Brown vs Silva,Constantinos Philippou vs. Lorenz Larkin,Lorenz Larkin,-100.0
2015-04-18,UFC on FOX: Machida vs Rockhold,Corey Anderson vs. Gian Villante,Corey Anderson,
2015-04-18,UFC on FOX: Machida vs Rockhold,Corey Anderson vs. Gian Villante,Gian Villante,
2013-02-23,UFC 157: Rousey vs Carmouche,Court McGee vs. Josh Neer,Court McGee,-105.0
2013-02-23,UFC 157: Rousey vs Carmouche,Court McGee vs. Josh Neer,Josh Neer,105.0
2013-08-28,UFC Fight Night: Condit vs Kampmann 2,Court McGee vs. Robert Whittaker,Court McGee,-100.0
2013-08-28,UFC Fight Night: Condit vs Kampmann 2,Court McGee vs. Robert Whittaker,Robert Whittaker,-100.0
2013-12-14,UFC on FOX: Johnson vs. Benavidez 2,Court McGee vs. Ryan LaFlare,Court McGee,105.0
2013-12-14,UFC on FOX: Johnson vs. Benavidez 2,Court McGee vs. Ryan LaFlare,Ryan LaFlare,-105.0
2014-02-15,UFC Fight Night: Machida vs Mousasi,Cristiano Marcello vs. Joe Proctor,Cristiano Marcello,-100.0
2014-02-15,UFC Fight Night: Machida vs Mousasi,Cristiano Marcello vs. Joe Proctor,Joe Proctor,-100.0
2013-07-06,UFC 162: Silva vs Weidman,Cub Swanson vs. Dennis Siver,Cub Swanson,105.0
2013-07-06,UFC 162: Silva vs Weidman,Cub Swanson vs. Dennis Siver,Dennis Siver,-105.0
2013-02-16,UFC on FUEL TV: Barao vs McDonald,Cub Swanson vs. Dustin Poirier,Cub Swanson,105.0
2013-02-16,UFC on FUEL TV: Barao vs McDonald,Cub Swanson vs. Dustin Poirier,Dustin Poirier,-105.0
2014-06-28,UFC Fight Night: Swanson vs Stephens,Cub Swanson vs. Jeremy Stephens,Cub Swanson,-105.0
2014-06-28,UFC Fight Night: Swanson vs Stephens,Cub Swanson vs. Jeremy Stephens,Jeremy Stephens,105.0
2015-04-18,UFC on FOX: Machida vs Rockhold,Cub Swanson vs. Max Holloway,Cub Swanson,105.0
2015-04-18,UFC on FOX: Machida vs Rockhold,Cub Swanson vs. Max Holloway,Max Holloway,-105.0
2014-03-08,UFC Fight Night: Gustafsson vs Manuwa,Cyrille Diabate vs. Ilir Latifi,Cyrille Diabate,-137.0
2014-03-08,UFC Fight Night: Gustafsson vs Manuwa,Cyrille Diabate vs. Ilir Latifi,Ilir Latifi,137.0
2015-01-24,UFC on FOX: Gustafsson vs Johnson,Dan Henderson vs. Gegard Mousasi,Dan Henderson,281.0
2015-01-24,UFC on FOX: Gustafsson vs Johnson,Dan Henderson vs. Gegard Mousasi,Gegard Mousasi,-281.0
2014-05-24,UFC 173: Barao vs Dillashaw,Daniel Cormier vs. Dan Henderson,Daniel Cormier,-214.0
2014-05-24,UFC 173: Barao vs Dillashaw,Daniel Cormier vs. Dan Henderson,Dan Henderson,214.0
2013-10-19,UFC 166: Velasquez vs Dos Santos 3,Daniel Cormier vs. Roy Nelson,Daniel Cormier,-214.0
2013-10-19,UFC 166: Velasquez vs Dos Santos 3,Daniel Cormier vs. Roy Nelson,Roy Nelson,214.0
2015-02-14,UFC Fight Night: Henderson vs Thatch,Daniel Kelly vs. Patrick Walsh,Daniel Kelly,174.0
2015-02-14,UFC Fight Night: Henderson vs Thatch,Daniel Kelly vs. Patrick Walsh,Patrick Walsh,-174.0
2015-05-09,UFC Fight Night: Miocic vs Hunt,Daniel Kelly vs. Sam Alvey,Daniel Kelly,-105.0
2015-05-09,UFC Fight Night: Miocic vs Hunt,Daniel Kelly vs. Sam Alvey,Sam Alvey,105.0
2015-04-11,UFC Fight Night: Gonzaga vs Cro Cop 2,Daniel Omielanczuk vs. Anthony Hamilton,Daniel Omielanczuk,200.0
2015-04-11,UFC Fight Night: Gonzaga vs Cro Cop 2,Daniel Omielanczuk vs. Anthony Hamilton,Anthony Hamilton,-200.0
2014-03-15,UFC 171: Hendricks vs Lawler,Daniel Pineda vs. Robert Whiteford,Daniel Pineda,-147.0
2014-03-15,UFC 171: Hendricks vs Lawler,Daniel Pineda vs. Robert Whiteford,Robert Whiteford,147.0
2014-06-14,UFC 174: Johnson vs Bagautinov,Daniel Sarafian vs. Kiichi Kunimoto,Daniel Sarafian,-137.0
2014-06-14,UFC 174: Johnson vs Bagautinov,Daniel Sarafian vs. Kiichi Kunimoto,Kiichi Kunimoto,137.0
2014-04-26,UFC 172: Jones vs Teixeira,Danny Castillo vs. Charlie Brenneman,Danny Castillo,-135.0
2014-04-26,UFC 172: Jones vs Teixeira,Danny Castillo vs. Charlie Brenneman,Charlie Brenneman,135.0
2013-12-14,UFC on FOX: Johnson vs. Benavidez 2,Danny Castillo vs. Edson Barboza,Danny Castillo,-105.0
2013-12-14,UFC on FOX: Johnson vs. Benavidez 2,Danny Castillo vs. Edson Barboza,Edson Barboza,105.0
2015-01-03,UFC 182: Jones vs Cormier,Danny Castillo vs. Paul Felder,Danny Castillo,-145.0
2015-01-03,UFC 182: Jones vs Cormier,Danny Castillo vs. Paul Felder,Paul Felder,145.0
2013-07-27,UFC on FOX: Johnson vs Moraga,Danny Castillo vs. Tim Means,Danny Castillo,-137.0
2013-07-27,UFC on FOX: Johnson vs Moraga,Danny Castillo vs. Tim Means,Tim Means,137.0
2014-10-04,UFC Fight Night: MacDonald vs Saffiedine,Daron Cruickshank vs. Anthony Njokuani,Daron Cruickshank,-100.0
2014-10-04,UFC Fight Night: MacDonald vs Saffiedine,Daron Cruickshank vs. Anthony Njokuani,Anthony Njokuani,-100.0
2015-03-14,UFC 185: Pettis vs Dos Anjos,Daron Cruickshank vs. Beneil Dariush,Daron Cruickshank,112.0
2015-03-14,UFC 185: Pettis vs Dos Anjos,Daron Cruickshank vs. Beneil Dariush,Beneil Dariush,-112.0
2014-07-26,UFC on FOX: Lawler vs Brown,Daron Cruickshank vs. Jorge Masvidal,Daron Cruickshank,137.0
2014-07-26,UFC on FOX: Lawler vs Brown,Daron Cruickshank vs. Jorge Masvidal,Jorge Masvidal,-137.0
2014-01-25,UFC on FOX: Henderson vs Thomson,Daron Cruickshank vs. Mike Rio,Daron Cruickshank,-100.0
2014-01-25,UFC on FOX: Henderson vs Thomson,Daron Cruickshank vs. Mike Rio,Mike Rio,-100.0
2014-12-20,UFC Fight Night: Machida vs Dollaway,Darren Elkins vs. Hacran Dias,Darren Elkins,-100.0
2014-12-20,UFC Fight Night: Machida vs Dollaway,Darren Elkins vs. Hacran Dias,Hacran Dias,-100.0
2013-08-28,UFC Fight Night: Condit vs Kampmann 2,Darren Elkins vs. Hatsu Hioki,Darren Elkins,-100.0
2013-08-28,UFC Fight Night: Condit vs Kampmann 2,Darren Elkins vs. Hatsu Hioki,Hatsu Hioki,-100.0
2014-01-25,UFC on FOX: Henderson vs Thomson,Darren Elkins vs. Jeremy Stephens,Darren Elkins,-100.0
2014-01-25,UFC on FOX: Henderson vs Thomson,Darren Elkins vs. Jeremy Stephens,Jeremy Stephens,-100.0
2014-10-25,UFC 179: Aldo vs Mendes 2,Darren Elkins vs. Lucas Martins,Darren Elkins,-187.0
2014-10-25,UFC 179: Aldo vs Mendes 2,Darren Elkins vs. Lucas Martins,Lucas Martins,187.0
2014-12-13,UFC on FOX: Dos Santos vs Miocic,David Michaud vs. Garett Whiteley,David Michaud,-187.0
2014-12-13,UFC on FOX: Dos Santos vs Miocic,David Michaud vs. Garett Whiteley,Garett Whiteley,187.0
2014-06-14,UFC 174: Johnson vs Bagautinov,Demetrious Johnson vs. Ali Bagautinov,Demetrious Johnson,-200.0
2014-06-14,UFC 174: Johnson vs Bagautinov,Demetrious Johnson vs. Ali Bagautinov,Ali Bagautinov,200.0
2014-09-27,UFC 178: Johnson vs Cariaso,Demetrious Johnson vs. Chris Cariaso,Demetrious Johnson,-187.0
2014-09-27,UFC 178: Johnson vs Cariaso,Demetrious Johnson vs. Chris Cariaso,Chris Cariaso,187.0
2013-01-26,UFC on FOX: Johnson vs Dodson,Demetrious Johnson vs. John Dodson,Demetrious Johnson,-187.0
2013-01-26,UFC on FOX: Johnson vs Dodson,Demetrious Johnson vs. John Dodson,John Dodson,187.0
2013-07-27,UFC on FOX: Johnson vs Moraga,Demetrious Johnson vs. John Moraga,Demetrious Johnson,-200.0
2013-07-27,UFC on FOX: Johnson vs Moraga,Demetrious Johnson vs. John Moraga,John Moraga,200.0
2013-12-14,UFC on FOX: Johnson vs. Benavidez 2,Demetrious Johnson vs. Joseph Benavidez,Demetrious Johnson,-200.0
2013-12-14,UFC on FOX: Johnson vs. Benavidez 2,Demetrious Johnson vs. Joseph Benavidez,Joseph Benavidez,200.0
2015-04-25,UFC 186: Johnson vs Horiguchi,Demetrious Johnson vs. Kyoji Horiguchi,Demetrious Johnson,-187.0
2015-04-25,UFC 186: Johnson vs Horiguchi,Demetrious Johnson vs. Kyoji Horiguchi,Kyoji Horiguchi,187.0
2013-10-09,UFC Fight Night: Maia vs Shields,Demian Maia vs. Jake Shields,Demian Maia,-137.0
2013-10-09,UFC Fight Night: Maia vs Shields,Demian Maia vs. Jake Shields,Jake Shields,137.0
2015-03-21,UFC Fight Night: Maia vs LaFlare,Demian Maia vs. Ryan LaFlare,Demian Maia,105.0
2015-03-21,UFC Fight Night: Maia vs LaFlare,Demian Maia vs. Ryan LaFlare,Ryan LaFlare,-105.0
2014-03-15,UFC 171: Hendricks vs Lawler,Dennis Bermudez vs. Jimy Hettes,Dennis Bermudez,-105.0
2014-03-15,UFC 171: Hendricks vs Lawler,Dennis Bermudez vs. Jimy Hettes,Jimy Hettes,105.0
2013-02-23,UFC 157: Rousey vs Carmouche,Dennis Bermudez vs. Matt Grice,Dennis Bermudez,-135.0
2013-02-23,UFC 157: Rousey vs Carmouche,Dennis Bermudez vs. Matt Grice,Matt Grice,135.0
2013-05-25,UFC 160: Velasquez vs Silva 2,Dennis Bermudez vs. Max Holloway,Dennis Bermudez,-137.0
2013-05-25,UFC 160: Velasquez vs Silva 2,Dennis Bermudez vs. Max Holloway,Max Holloway,137.0
2013-11-06,UFC Fight Night: Fight for the Troops 3,Dennis Bermudez vs. Steven Siler,Dennis Bermudez,-115.0
2013-11-06,UFC Fight Night: Fight for the Troops 3,Dennis Bermudez vs. Steven Siler,Steven Siler,115.0
2015-02-28,UFC 184: Rousey vs Zingano,Derrick Lewis vs. Ruan Potts,Derrick Lewis,-321.0
2015-02-28,UFC 184: Rousey vs Zingano,Derrick Lewis vs. Ruan Potts,Ruan Potts,321.0
2015-02-28,UFC 184: Rousey vs Zingano,Dhiego Lima vs. Tim Means,Dhiego Lima,-116.0
2015-02-28,UFC 184: Rousey vs Zingano,Dhiego Lima vs. Tim Means,Tim Means,116.0
2013-08-17,UFC Fight Night: Shogun vs Sonnen,Diego Brandao vs. Daniel Pineda,Diego Brandao,-100.0
2013-08-17,UFC Fight Night: Shogun vs Sonnen,Diego Brandao vs. Daniel Pineda,Daniel Pineda,-100.0
2015-04-18,UFC on FOX: Machida vs Rockhold,Diego Brandao vs. Jimy Hettes,Diego Brandao,187.0
2015-04-18,UFC on FOX: Machida vs Rockhold,Diego Brandao vs. Jimy Hettes,Jimy Hettes,-187.0
2013-04-06,UFC on FUEL TV: Mousasi vs Latifi,Diego Brandao vs. Pablo Garza,Diego Brandao,-100.0
2013-04-06,UFC on FUEL TV: Mousasi vs Latifi,Diego Brandao vs. Pablo Garza,Pablo Garza,-100.0
2014-10-25,UFC 179: Aldo vs Mendes 2,Diego Ferreira vs. Beneil Dariush,Diego Ferreira,-105.0
2014-10-25,UFC 179: Aldo vs Mendes 2,Diego Ferreira vs. Beneil Dariush,Beneil Dariush,105.0
2014-03-15,UFC 171: Hendricks vs Lawler,Diego Sanchez vs. Myles Jury,Diego Sanchez,137.0
2014-03-15,UFC 171: Hendricks vs Lawler,Diego Sanchez vs. Myles Jury,Myles Jury,-137.0
2014-06-07,UFC Fight Night: Henderson vs Khabilov,Diego Sanchez vs. Ross Pearson,Diego Sanchez,187.0
2014-06-07,UFC Fight Night: Henderson vs Khabilov,Diego Sanchez vs. Ross Pearson,Ross Pearson,-187.0
2014-09-27,UFC 178: Johnson vs Cariaso,Dominick Cruz vs. Takeya Mizugaki,Dominick Cruz,-105.0
2014-09-27,UFC 178: Johnson vs Cariaso,Dominick Cruz vs. Takeya Mizugaki,Takeya Mizugaki,105.0
2014-01-25,UFC on FOX: Henderson vs Thomson,Donald Cerrone vs. Adriano Martins,Donald Cerrone,105.0
2014-01-25,UFC on FOX: Henderson vs Thomson,Donald Cerrone vs. Adriano Martins,Adriano Martins,-105.0
2015-01-18,UFC Fight Night: McGregor vs Siver,Donald Cerrone vs. Benson Henderson,Donald Cerrone,187.0
2015-01-18,UFC Fight Night: McGregor vs Siver,Donald Cerrone vs. Benson Henderson,Benson Henderson,-187.0
2014-04-19,UFC on FOX: Werdum vs Browne,Donald Cerrone vs. Edson Barboza,Donald Cerrone,-116.0
2014-04-19,UFC on FOX: Werdum vs Browne,Donald Cerrone vs. Edson Barboza,Edson Barboza,116.0
2014-07-16,UFC Fight Night: Cowboy vs Miller,Donald Cerrone vs. Jim Miller,Donald Cerrone,-105.0
2014-07-16,UFC Fight Night: Cowboy vs Miller,Donald Cerrone vs. Jim Miller,Jim Miller,105.0
2015-05-23,UFC 187: Johnson vs Cormier,Donald Cerrone vs. John Makdessi,Donald Cerrone,159.0
2015-05-23,UFC 187: Johnson vs Cormier,Donald Cerrone vs. John Makdessi,John Makdessi,-159.0
2015-01-03,UFC 182: Jones vs Cormier,Donald Cerrone vs. Myles Jury,Donald Cerrone,144.0
2015-01-03,UFC 182: Jones vs Cormier,Donald Cerrone vs. Myles Jury,Myles Jury,-144.0
2013-08-28,UFC Fight Night: Condit vs Kampmann 2,Donald Cerrone vs. Rafael Dos Anjos,Donald Cerrone,200.0
2013-08-28,UFC Fight Night: Condit vs Kampmann 2,Donald Cerrone vs. Rafael Dos Anjos,Rafael Dos Anjos,-200.0
2014-03-01,UFC Fight Night: Kim vs Hathaway,Dong Hyun Kim vs. John Hathaway,Dong Hyun Kim,-100.0
2014-03-01,UFC Fight Night: Kim vs Hathaway,Dong Hyun Kim vs. John Hathaway,John Hathaway,-100.0
2015-05-23,UFC 187: Johnson vs Cormier,Dong Hyun Kim vs. Joshua Burkman,Dong Hyun Kim,-115.0
2015-05-23,UFC 187: Johnson vs Cormier,Dong Hyun Kim vs. Joshua Burkman,Joshua Burkman,115.0
2013-03-02,UFC on FUEL TV: Silva vs. Stann,Dong Hyun Kim vs. Siyar Bahadurzada,Dong Hyun Kim,-100.0
2013-03-02,UFC on FUEL TV: Silva vs. Stann,Dong Hyun Kim vs. Siyar Bahadurzada,Siyar Bahadurzada,-100.0
2015-02-22,UFC Fight Night: Bigfoot vs Mir,Douglas Silva de Andrade vs. Cody Gibson,Douglas Silva de Andrade,137.0
2015-02-22,UFC Fight Night: Bigfoot vs Mir,Douglas Silva de Andrade vs. Cody Gibson,Cody Gibson,-137.0
2014-04-16,UFC Fight Night: Bisping vs Kennedy,Dustin Poirier vs. Akira Corassani,Dustin Poirier,-281.0
2014-04-16,UFC Fight Night: Bisping vs Kennedy,Dustin Poirier vs. Akira Corassani,Akira Corassani,281.0
2014-09-27,UFC 178: Johnson vs Cariaso,Dustin Poirier vs. Conor McGregor,Dustin Poirier,-100.0
2014-09-27,UFC 178: Johnson vs Cariaso,Dustin Poirier vs. Conor McGregor,Conor McGregor,-100.0
2013-12-28,UFC 168: Weidman vs Silva 2,Dustin Poirier vs. Diego Brandao,Dustin Poirier,-137.0
2013-12-28,UFC 168: Weidman vs Silva 2,Dustin Poirier vs. Diego Brandao,Diego Brandao,137.0
2015-04-04,UFC Fight Night: Mendes vs Lamas,Dustin Poirier vs. Diego Ferreira,Dustin Poirier,-214.0
2015-04-04,UFC Fight Night: Mendes vs Lamas,Dustin Poirier vs. Diego Ferreira,Diego Ferreira,214.0
2012-12-15,The Ultimate Fighter: Team Carwin vs. Team Nelson Finale,Dustin Poirier vs. Jonathan Brookins,Dustin Poirier,-115.0
2012-12-15,The Ultimate Fighter: Team Carwin vs. Team Nelson Finale,Dustin Poirier vs. Jonathan Brookins,Jonathan Brookins,115.0
2015-06-06,UFC Fight Night: Boetsch vs Henderson,Dustin Poirier vs. Yancy Medeiros,Dustin Poirier,-200.0
2015-06-06,UFC Fight Night: Boetsch vs Henderson,Dustin Poirier vs. Yancy Medeiros,Yancy Medeiros,200.0
2015-05-09,UFC Fight Night: Miocic vs Hunt,Dylan Andrews vs. Brad Scott,Dylan Andrews,-100.0
2015-05-09,UFC Fight Night: Miocic vs Hunt,Dylan Andrews vs. Brad Scott,Brad Scott,-100.0
2013-12-06,UFC Fight Night: Hunt vs Bigfoot,Dylan Andrews vs. Clint Hester,Dylan Andrews,110.0
2013-12-06,UFC Fight Night: Hunt vs Bigfoot,Dylan Andrews vs. Clint Hester,Clint Hester,-110.0
2013-08-28,UFC Fight Night: Condit vs Kampmann 2,Dylan Andrews vs. Papy Abedi,Dylan Andrews,-100.0
2013-08-28,UFC Fight Night: Condit vs Kampmann 2,Dylan Andrews vs. Papy Abedi,Papy Abedi,-100.0
2014-11-07,UFC Fight Night: Rockhold vs Bisping,Dylan Andrews vs. Sam Alvey,Dylan Andrews,-115.0
2014-11-07,UFC Fight Night: Rockhold vs Bisping,Dylan Andrews vs. Sam Alvey,Sam Alvey,115.0
2015-01-31,UFC 183: Silva vs Diaz,Ed Herman vs. Derek Brunson,Ed Herman,-100.0
2015-01-31,UFC 183: Silva vs Diaz,Ed Herman vs. Derek Brunson,Derek Brunson,-100.0
2014-05-10,UFC Fight Night: Brown vs Silva,Ed Herman vs. Rafael Natal,Ed Herman,281.0
2014-05-10,UFC Fight Night: Brown vs Silva,Ed Herman vs. Rafael Natal,Rafael Natal,-281.0
2013-11-16,UFC 167: St-Pierre vs Hendricks,Ed Herman vs. Thales Leites,Ed Herman,-100.0
2013-11-16,UFC 167: St-Pierre vs Hendricks,Ed Herman vs. Thales Leites,Thales Leites,-100.0
2015-04-18,UFC on FOX: Machida vs Rockhold,Eddie Gordon vs. Chris Dempsey,Eddie Gordon,-200.0
2015-04-18,UFC on FOX: Machida vs Rockhold,Eddie Gordon vs. Chris Dempsey,Chris Dempsey,200.0
2014-12-06,UFC 181: Hendricks vs Lawler II,Eddie Gordon vs. Josh Samman,Eddie Gordon,-100.0
2014-12-06,UFC 181: Hendricks vs Lawler II,Eddie Gordon vs. Josh Samman,Josh Samman,-100.0
2014-05-10,UFC Fight Night: Brown vs Silva,Eddie Wineland vs. Johnny Eduardo,Eddie Wineland,-105.0
2014-05-10,UFC Fight Night: Brown vs Silva,Eddie Wineland vs. Johnny Eduardo,Johnny Eduardo,105.0
2014-01-25,UFC on FOX: Henderson vs Thomson,Eddie Wineland vs. Yves Jabouin,Eddie Wineland,115.0
2014-01-25,UFC on FOX: Henderson vs Thomson,Eddie Wineland vs. Yves Jabouin,Yves Jabouin,-115.0
2015-03-21,UFC Fight Night: Maia vs LaFlare,Edimilson Souza vs. Katsunori Kikuno,Edimilson Souza,-100.0
2015-03-21,UFC Fight Night: Maia vs LaFlare,Edimilson Souza vs. Katsunori Kikuno,Katsunori Kikuno,-100.0
2014-05-31,UFC Fight Night: Miocic vs Maldonado,Edimilson Souza vs. Mark Eddiva,Edimilson Souza,200.0
2014-05-31,UFC Fight Night: Miocic vs Maldonado,Edimilson Souza vs. Mark Eddiva,Mark Eddiva,-200.0
2015-02-22,UFC Fight Night: Bigfoot vs Mir,Edson Barboza vs. Michael Johnson,Edson Barboza,105.0
2015-02-22,UFC Fight Night: Bigfoot vs Mir,Edson Barboza vs. Michael Johnson,Michael Johnson,-105.0
2013-07-06,UFC 162: Silva vs Weidman,Edson Barboza vs. Rafaello Oliveira,Edson Barboza,-100.0
2013-07-06,UFC 162: Silva vs Weidman,Edson Barboza vs. Rafaello Oliveira,Rafaello Oliveira,-100.0
2013-02-02,UFC 156: Aldo vs Edgar,Edwin Figueroa vs. Francisco Rivera,Edwin Figueroa,-100.0
2013-02-02,UFC 156: Aldo vs Edgar,Edwin Figueroa vs. Francisco Rivera,Francisco Rivera,-100.0
2015-06-13,UFC 188: Velasquez vs Werdum,Efrain Escudero vs. Drew Dober,Efrain Escudero,-115.0
2015-06-13,UFC 188: Velasquez vs Werdum,Efrain Escudero vs. Drew Dober,Drew Dober,115.0
2015-02-14,UFC Fight Night: Henderson vs Thatch,Efrain Escudero vs. Rodrigo de Lima,Efrain Escudero,-135.0
2015-02-14,UFC Fight Night: Henderson vs Thatch,Efrain Escudero vs. Rodrigo de Lima,Rodrigo de Lima,135.0
2014-05-31,UFC Fight Night: Miocic vs Maldonado,Elias Silverio vs. Ernest Chavez,Elias Silverio,-135.0
2014-05-31,UFC Fight Night: Miocic vs Maldonado,Elias Silverio vs. Ernest Chavez,Ernest Chavez,135.0
2014-12-20,UFC Fight Night: Machida vs Dollaway,Elias Silverio vs. Rashid Magomedov,Elias Silverio,-135.0
2014-12-20,UFC Fight Night: Machida vs Dollaway,Elias Silverio vs. Rashid Magomedov,Rashid Magomedov,135.0
2014-10-04,UFC Fight Night: MacDonald vs Saffiedine,Elias Theodorou vs. Bruno Santos,Elias Theodorou,-170.0
2014-10-04,UFC Fight Night: MacDonald vs Saffiedine,Elias Theodorou vs. Bruno Santos,Bruno Santos,170.0
2015-03-14,UFC 185: Pettis vs Dos Anjos,Elias Theodorou vs. Roger Narvaez,Elias Theodorou,-214.0
2015-03-14,UFC 185: Pettis vs Dos Anjos,Elias Theodorou vs. Roger Narvaez,Roger Narvaez,214.0
2013-10-09,UFC Fight Night: Maia vs Shields,Erick Silva vs. Dong Hyun Kim,Erick Silva,200.0
2013-10-09,UFC Fight Night: Maia vs Shields,Erick Silva vs. Dong Hyun Kim,Dong Hyun Kim,-200.0
2013-06-08,UFC on FUEL TV: Nogueira vs. Werdum,Erick Silva vs. Jason High,Erick Silva,-187.0
2013-06-08,UFC on FUEL TV: Nogueira vs. Werdum,Erick Silva vs. Jason High,Jason High,187.0
2015-03-21,UFC Fight Night: Maia vs LaFlare,Erick Silva vs. Josh Koscheck,Erick Silva,105.0
2015-03-21,UFC Fight Night: Maia vs LaFlare,Erick Silva vs. Josh Koscheck,Josh Koscheck,-105.0
2014-12-20,UFC Fight Night: Machida vs Dollaway,Erick Silva vs. Mike Rhodes,Erick Silva,105.0
2014-12-20,UFC Fight Night: Machida vs Dollaway,Erick Silva vs. Mike Rhodes,Mike Rhodes,-105.0
2014-05-10,UFC Fight Night: Brown vs Silva,Erik Koch vs. Daron Cruickshank,Erik Koch,-100.0
2014-05-10,UFC Fight Night: Brown vs Silva,Erik Koch vs. Daron Cruickshank,Daron Cruickshank,-100.0
2013-08-31,UFC 164: Henderson vs Pettis 2,Erik Koch vs. Dustin Poirier,Erik Koch,147.0
2013-08-31,UFC 164: Henderson vs Pettis 2,Erik Koch vs. Dustin Poirier,Dustin Poirier,-147.0
2013-01-26,UFC on FOX: Johnson vs Dodson,Erik Koch vs. Ricardo Lamas,Erik Koch,-110.0
2013-01-26,UFC on FOX: Johnson vs Dodson,Erik Koch vs. Ricardo Lamas,Ricardo Lamas,110.0
2014-06-07,UFC Fight Night: Henderson vs Khabilov,Erik Perez vs. Bryan Caraway,Erik Perez,-214.0
2014-06-07,UFC Fight Night: Henderson vs Khabilov,Erik Perez vs. Bryan Caraway,Bryan Caraway,214.0
2012-12-29,UFC 155: Dos Santos vs Velasquez II,Erik Perez vs. Byron Bloodworth,Erik Perez,-214.0
2012-12-29,UFC 155: Dos Santos vs Velasquez II,Erik Perez vs. Byron Bloodworth,Byron Bloodworth,214.0
2013-11-16,UFC 167: St-Pierre vs Hendricks,Erik Perez vs. Edwin Figueroa,Erik Perez,-214.0
2013-11-16,UFC 167: St-Pierre vs Hendricks,Erik Perez vs. Edwin Figueroa,Edwin Figueroa,214.0
2014-03-23,UFC Fight Night: Shogun vs Henderson 2,Fabio Maldonado vs. Gian Villante,Fabio Maldonado,-105.0
2014-03-23,UFC Fight Night: Shogun vs Henderson 2,Fabio Maldonado vs. Gian Villante,Gian Villante,105.0
2014-10-25,UFC 179: Aldo vs Mendes 2,Fabio Maldonado vs. Hans Stringer,Fabio Maldonado,-100.0
2014-10-25,UFC 179: Aldo vs Mendes 2,Fabio Maldonado vs. Hans Stringer,Hans Stringer,-100.0
2013-10-09,UFC Fight Night: Maia vs Shields,Fabio Maldonado vs. Joey Beltran,Fabio Maldonado,-106.0
2013-10-09,UFC Fight Night: Maia vs Shields,Fabio Maldonado vs. Joey Beltran,Joey Beltran,106.0
2013-05-18,UFC on FX: Belfort vs. Rockhold,Fabio Maldonado vs. Roger Hollett,Fabio Maldonado,-200.0
2013-05-18,UFC on FX: Belfort vs. Rockhold,Fabio Maldonado vs. Roger Hollett,Roger Hollett,200.0
2014-10-25,UFC 179: Aldo vs Mendes 2,Fabricio Camoes vs. Anthony Rocco Martin,Fabricio Camoes,135.0
2014-10-25,UFC 179: Aldo vs Mendes 2,Fabricio Camoes vs. Anthony Rocco Martin,Anthony Rocco Martin,-135.0
2014-11-15,UFC 180: Werdum vs Hunt,Fabricio Werdum vs. Mark Hunt,Fabricio Werdum,105.0
2014-11-15,UFC 180: Werdum vs Hunt,Fabricio Werdum vs. Mark Hunt,Mark Hunt,-105.0
2014-04-19,UFC on FOX: Werdum vs Browne,Fabricio Werdum vs. Travis Browne,Fabricio Werdum,-100.0
2014-04-19,UFC on FOX: Werdum vs Browne,Fabricio Werdum vs. Travis Browne,Travis Browne,-100.0
2014-10-25,UFC 179: Aldo vs Mendes 2,Felipe Arantes vs. Andre Fili,Felipe Arantes,105.0
2014-10-25,UFC 179: Aldo vs Mendes 2,Felipe Arantes vs. Andre Fili,Andre Fili,-105.0
2014-02-15,UFC Fight Night: Machida vs Mousasi,Felipe Arantes vs. Maximo Blanco,Felipe Arantes,-100.0
2014-02-15,UFC Fight Night: Machida vs Mousasi,Felipe Arantes vs. Maximo Blanco,Maximo Blanco,-100.0
2015-05-30,UFC Fight Night: Condit vs Alves,Francimar Barroso vs. Ryan Jimmo,Francimar Barroso,110.0
2015-05-30,UFC Fight Night: Condit vs Alves,Francimar Barroso vs. Ryan Jimmo,Ryan Jimmo,-110.0
2014-05-31,UFC Fight Night: Munoz vs Mousasi,Francis Carmont vs. CB Dollaway,Francis Carmont,105.0
2014-05-31,UFC Fight Night: Munoz vs Mousasi,Francis Carmont vs. CB Dollaway,CB Dollaway,-105.0
2014-08-23,UFC Fight Night: Henderson vs Dos Anjos,Francis Carmont vs. Thales Leites,Francis Carmont,-161.0
2014-08-23,UFC Fight Night: Henderson vs Dos Anjos,Francis Carmont vs. Thales Leites,Thales Leites,161.0
2015-06-06,UFC Fight Night: Boetsch vs Henderson,Francisco Rivera vs. Alex Caceres,Francisco Rivera,116.0
2015-06-06,UFC Fight Night: Boetsch vs Henderson,Francisco Rivera vs. Alex Caceres,Alex Caceres,-116.0
2015-03-21,UFC Fight Night: Maia vs LaFlare,Francisco Trinaldo vs. Akbarh Arreola,Francisco Trinaldo,-100.0
2015-03-21,UFC Fight Night: Maia vs LaFlare,Francisco Trinaldo vs. Akbarh Arreola,Akbarh Arreola,-100.0
2013-01-19,UFC on FX: Belfort vs Bisping,Francisco Trinaldo vs. CJ Keith,Francisco Trinaldo,135.0
2013-01-19,UFC on FX: Belfort vs Bisping,Francisco Trinaldo vs. CJ Keith,CJ Keith,-135.0
2014-02-15,UFC Fight Night: Machida vs Mousasi,Francisco Trinaldo vs. Jesse Ronson,Francisco Trinaldo,129.0
2014-02-15,UFC Fight Night: Machida vs Mousasi,Francisco Trinaldo vs. Jesse Ronson,Jesse Ronson,-129.0
2014-09-13,UFC Fight Night: Bigfoot vs Arlovski,Francisco Trinaldo vs. Leandro Silva,Francisco Trinaldo,-100.0
2014-09-13,UFC Fight Night: Bigfoot vs Arlovski,Francisco Trinaldo vs. Leandro Silva,Leandro Silva,-100.0
2013-05-18,UFC on FX: Belfort vs. Rockhold,Francisco Trinaldo vs. Mike Rio,Francisco Trinaldo,-129.0
2013-05-18,UFC on FX: Belfort vs. Rockhold,Francisco Trinaldo vs. Mike Rio,Mike Rio,129.0
2015-05-30,UFC Fight Night: Condit vs Alves,Francisco Trinaldo vs. Norman Parke,Francisco Trinaldo,135.0
2015-05-30,UFC Fight Night: Condit vs Alves,Francisco Trinaldo vs. Norman Parke,Norman Parke,-135.0
2014-02-01,UFC 169: Barao vs Faber 2,Frank Mir vs. Alistair Overeem,Frank Mir,136.0
2014-02-01,UFC 169: Barao vs Faber 2,Frank Mir vs. Alistair Overeem,Alistair Overeem,-136.0
2013-08-31,UFC 164: Henderson vs Pettis 2,Frank Mir vs. Josh Barnett,Frank Mir,115.0
2013-08-31,UFC 164: Henderson vs Pettis 2,Frank Mir vs. Josh Barnett,Josh Barnett,-115.0
2014-07-06,The Ultimate Fighter: Team Edgar vs. Team Penn Finale,Frankie Edgar vs. BJ Penn,Frankie Edgar,-167.0
2014-07-06,The Ultimate Fighter: Team Edgar vs. Team Penn Finale,Frankie Edgar vs. BJ Penn,BJ Penn,167.0
2013-07-06,UFC 162: Silva vs Weidman,Frankie Edgar vs. Charles Oliveira,Frankie Edgar,-114.0
2013-07-06,UFC 162: Silva vs Weidman,Frankie Edgar vs. Charles Oliveira,Charles Oliveira,114.0
2014-11-22,UFC Fight Night: Edgar vs Swanson,Frankie Edgar vs. Cub Swanson,Frankie Edgar,-106.0
2014-11-22,UFC Fight Night: Edgar vs Swanson,Frankie Edgar vs. Cub Swanson,Cub Swanson,106.0
2015-05-16,UFC Fight Night: Edgar vs Faber,Frankie Edgar vs. Urijah Faber,Frankie Edgar,-170.0
2015-05-16,UFC Fight Night: Edgar vs Faber,Frankie Edgar vs. Urijah Faber,Urijah Faber,170.0
2013-01-19,UFC on FX: Belfort vs Bisping,Gabriel Gonzaga vs. Ben Rothwell,Gabriel Gonzaga,-214.0
2013-01-19,UFC on FX: Belfort vs Bisping,Gabriel Gonzaga vs. Ben Rothwell,Ben Rothwell,214.0
2013-07-06,UFC 162: Silva vs Weidman,Gabriel Gonzaga vs. Dave Herman,Gabriel Gonzaga,-100.0
2013-07-06,UFC 162: Silva vs Weidman,Gabriel Gonzaga vs. Dave Herman,Dave Herman,-100.0
2014-12-13,UFC on FOX: Dos Santos vs Miocic,Gabriel Gonzaga vs. Matt Mitrione,Gabriel Gonzaga,-159.0
2014-12-13,UFC on FOX: Dos Santos vs Miocic,Gabriel Gonzaga vs. Matt Mitrione,Matt Mitrione,159.0
2015-04-11,UFC Fight Night: Gonzaga vs Cro Cop 2,Gabriel Gonzaga vs. Mirko Filipovic,Gabriel Gonzaga,-187.0
2015-04-11,UFC Fight Night: Gonzaga vs Cro Cop 2,Gabriel Gonzaga vs. Mirko Filipovic,Mirko Filipovic,187.0
2013-10-19,UFC 166: Velasquez vs Dos Santos 3,Gabriel Gonzaga vs. Shawn Jordan,Gabriel Gonzaga,-105.0
2013-10-19,UFC 166: Velasquez vs Dos Santos 3,Gabriel Gonzaga vs. Shawn Jordan,Shawn Jordan,105.0
2015-05-16,UFC Fight Night: Edgar vs Faber,Gegard Mousasi vs. Constantinos Philippou,Gegard Mousasi,-137.0
2015-05-16,UFC Fight Night: Edgar vs Faber,Gegard Mousasi vs. Constantinos Philippou,Constantinos Philippou,137.0
2014-04-16,UFC Fight Night: Bisping vs Kennedy,George Roop vs. Dustin Kimura,George Roop,-115.0
2014-04-16,UFC Fight Night: Bisping vs Kennedy,George Roop vs. Dustin Kimura,Dustin Kimura,115.0
2013-11-06,UFC Fight Night: Fight for the Troops 3,George Roop vs. Francisco Rivera,George Roop,-100.0
2013-11-06,UFC Fight Night: Fight for the Troops 3,George Roop vs. Francisco Rivera,Francisco Rivera,-100.0
2013-03-16,UFC 158: St-Pierre vs Diaz,George Roop vs. Reuben Duran,George Roop,-100.0
2013-03-16,UFC 158: St-Pierre vs Diaz,George Roop vs. Reuben Duran,Reuben Duran,-100.0
2013-10-19,UFC 166: Velasquez vs Dos Santos 3,George Sotiropoulos vs. KJ Noons,George Sotiropoulos,-214.0
2013-10-19,UFC 166: Velasquez vs Dos Santos 3,George Sotiropoulos vs. KJ Noons,KJ Noons,214.0
2015-04-18,UFC on FOX: Machida vs Rockhold,George Sullivan vs. Tim Means,George Sullivan,135.0
2015-04-18,UFC on FOX: Machida vs Rockhold,George Sullivan vs. Tim Means,Tim Means,-135.0
2013-11-16,UFC 167: St-Pierre vs Hendricks,Georges St-Pierre vs. Johny Hendricks,Georges St-Pierre,-200.0
2013-11-16,UFC 167: St-Pierre vs Hendricks,Georges St-Pierre vs. Johny Hendricks,Johny Hendricks,200.0
2013-03-16,UFC 158: St-Pierre vs Diaz,Georges St-Pierre vs. Nick Diaz,Georges St-Pierre,-305.0
2013-03-16,UFC 158: St-Pierre vs Diaz,Georges St-Pierre vs. Nick Diaz,Nick Diaz,305.0
2014-06-28,UFC Fight Night: Te Huna vs Marquardt,Gian Villante vs. Sean O'Connell,Gian Villante,-100.0
2014-06-28,UFC Fight Night: Te Huna vs Marquardt,Gian Villante vs. Sean O'Connell,Sean O'Connell,-100.0
2013-10-19,UFC 166: Velasquez vs Dos Santos 3,Gilbert Melendez vs. Diego Sanchez,Gilbert Melendez,137.0
2013-10-19,UFC 166: Velasquez vs Dos Santos 3,Gilbert Melendez vs. Diego Sanchez,Diego Sanchez,-137.0
2013-05-18,UFC on FX: Belfort vs. Rockhold,Gleison Tibau vs. John Cholish,Gleison Tibau,-115.0
2013-05-18,UFC on FX: Belfort vs. Rockhold,Gleison Tibau vs. John Cholish,John Cholish,115.0
2013-12-28,UFC 168: Weidman vs Silva 2,Gleison Tibau vs. Michael Johnson,Gleison Tibau,-100.0
2013-12-28,UFC 168: Weidman vs Silva 2,Gleison Tibau vs. Michael Johnson,Michael Johnson,-100.0
2014-07-16,UFC Fight Night: Cowboy vs Miller,Gleison Tibau vs. Pat Healy,Gleison Tibau,-187.0
2014-07-16,UFC Fight Night: Cowboy vs Miller,Gleison Tibau vs. Pat Healy,Pat Healy,187.0
2014-09-13,UFC Fight Night: Bigfoot vs Arlovski,Gleison Tibau vs. Piotr Hallmann,Gleison Tibau,115.0
2014-09-13,UFC Fight Night: Bigfoot vs Arlovski,Gleison Tibau vs. Piotr Hallmann,Piotr Hallmann,-115.0
2013-05-25,UFC 160: Velasquez vs Silva 2,Glover Teixeira vs. James Te Huna,Glover Teixeira,105.0
2013-05-25,UFC 160: Velasquez vs Silva 2,Glover Teixeira vs. James Te Huna,James Te Huna,-105.0
2014-10-25,UFC 179: Aldo vs Mendes 2,Glover Teixeira vs. Phil Davis,Glover Teixeira,105.0
2014-10-25,UFC 179: Aldo vs Mendes 2,Glover Teixeira vs. Phil Davis,Phil Davis,-105.0
2013-09-04,UFC Fight Night: Teixeira vs Bader,Glover Teixeira vs. Ryan Bader,Glover Teixeira,-100.0
2013-09-04,UFC Fight Night: Teixeira vs Bader,Glover Teixeira vs. Ryan Bader,Ryan Bader,-100.0
2015-03-21,UFC Fight Night: Maia vs LaFlare,Godofredo Pepey vs. Andre Fili,Godofredo Pepey,214.0
2015-03-21,UFC Fight Night: Maia vs LaFlare,Godofredo Pepey vs. Andre Fili,Andre Fili,-214.0
2014-09-13,UFC Fight Night: Bigfoot vs Arlovski,Godofredo Pepey vs. Dashon Johnson,Godofredo Pepey,115.0
2014-09-13,UFC Fight Night: Bigfoot vs Arlovski,Godofredo Pepey vs. Dashon Johnson,Dashon Johnson,-115.0
2013-06-08,UFC on FUEL TV: Nogueira vs. Werdum,Godofredo Pepey vs. Felipe Arantes,Godofredo Pepey,146.0
2013-06-08,UFC on FUEL TV: Nogueira vs. Werdum,Godofredo Pepey vs. Felipe Arantes,Felipe Arantes,-146.0
2013-01-19,UFC on FX: Belfort vs Bisping,Godofredo Pepey vs. Milton Vieira,Godofredo Pepey,-135.0
2013-01-19,UFC on FX: Belfort vs Bisping,Godofredo Pepey vs. Milton Vieira,Milton Vieira,135.0
2013-11-09,UFC Fight Night: Belfort vs Henderson 2,Godofredo Pepey vs. Sam Sicilia,Godofredo Pepey,-100.0
2013-11-09,UFC Fight Night: Belfort vs Henderson 2,Godofredo Pepey vs. Sam Sicilia,Sam Sicilia,-100.0
2015-04-04,UFC Fight Night: Mendes vs Lamas,Gray Maynard vs. Alexander Yakovlev,Gray Maynard,-105.0
2015-04-04,UFC Fight Night: Mendes vs Lamas,Gray Maynard vs. Alexander Yakovlev,Alexander Yakovlev,105.0
2013-11-30,The Ultimate Fighter: Team Rousey vs. Team Tate Finale,Gray Maynard vs. Nate Diaz,Gray Maynard,-100.0
2013-11-30,The Ultimate Fighter: Team Rousey vs. Team Tate Finale,Gray Maynard vs. Nate Diaz,Nate Diaz,-100.0
2014-08-16,UFC Fight Night: Bader vs Saint Preux,Gray Maynard vs. Ross Pearson,Gray Maynard,149.0
2014-08-16,UFC Fight Night: Bader vs Saint Preux,Gray Maynard vs. Ross Pearson,Ross Pearson,-149.0
2013-05-25,UFC 160: Velasquez vs Silva 2,Gray Maynard vs. TJ Grant,Gray Maynard,105.0
2013-05-25,UFC 160: Velasquez vs Silva 2,Gray Maynard vs. TJ Grant,TJ Grant,-105.0
2015-05-16,UFC Fight Night: Edgar vs Faber,Guangyou Ning vs. Royston Wee,Guangyou Ning,-100.0
2015-05-16,UFC Fight Night: Edgar vs Faber,Guangyou Ning vs. Royston Wee,Royston Wee,-100.0
2013-02-16,UFC on FUEL TV: Barao vs McDonald,Gunnar Nelson vs. Jorge Santiago,Gunnar Nelson,-321.0
2013-02-16,UFC on FUEL TV: Barao vs McDonald,Gunnar Nelson vs. Jorge Santiago,Jorge Santiago,321.0
2014-03-08,UFC Fight Night: Gustafsson vs Manuwa,Gunnar Nelson vs. Omari Akhmedov,Gunnar Nelson,-100.0
2014-03-08,UFC Fight Night: Gustafsson vs Manuwa,Gunnar Nelson vs. Omari Akhmedov,Omari Akhmedov,-100.0
2014-10-04,UFC Fight Night: Nelson vs Story,Gunnar Nelson vs. Rick Story,Gunnar Nelson,138.0
2014-10-04,UFC Fight Night: Nelson vs Story,Gunnar Nelson vs. Rick Story,Rick Story,-138.0
2014-07-19,UFC Fight Night: McGregor vs Brandao,Gunnar Nelson vs. Zak Cummings,Gunnar Nelson,-129.0
2014-07-19,UFC Fight Night: McGregor vs Brandao,Gunnar Nelson vs. Zak Cummings,Zak Cummings,129.0
2014-06-28,UFC Fight Night: Te Huna vs Marquardt,Hatsu Hioki vs. Charles Oliveira,Hatsu Hioki,115.0
2014-06-28,UFC Fight Night: Te Huna vs Marquardt,Hatsu Hioki vs. Charles Oliveira,Charles Oliveira,-115.0
2015-05-09,UFC Fight Night: Miocic vs Hunt,Hatsu Hioki vs. Dan Hooker,Hatsu Hioki,-106.0
2015-05-09,UFC Fight Night: Miocic vs Hunt,Hatsu Hioki vs. Dan Hooker,Dan Hooker,106.0
2014-03-01,UFC Fight Night: Kim vs Hathaway,Hatsu Hioki vs. Ivan Menjivar,Hatsu Hioki,-135.0
2014-03-01,UFC Fight Night: Kim vs Hathaway,Hatsu Hioki vs. Ivan Menjivar,Ivan Menjivar,135.0
2014-07-26,UFC on FOX: Lawler vs Brown,Hernani Perpetuo vs. Tim Means,Hernani Perpetuo,214.0
2014-07-26,UFC on FOX: Lawler vs Brown,Hernani Perpetuo vs. Tim Means,Tim Means,-214.0
2015-05-16,UFC Fight Night: Edgar vs Faber,Hyun Gyu Lim vs. Neil Magny,Hyun Gyu Lim,200.0
2015-05-16,UFC Fight Night: Edgar vs Faber,Hyun Gyu Lim vs. Neil Magny,Neil Magny,-200.0
2014-09-20,UFC Fight Night: Hunt vs Nelson,Hyun Gyu Lim vs. Takenori Sato,Hyun Gyu Lim,-147.0
2014-09-20,UFC Fight Night: Hunt vs Nelson,Hyun Gyu Lim vs. Takenori Sato,Takenori Sato,147.0
2013-08-03,UFC 163: Aldo vs Jung,Ian McCall vs. Iliarde Santos,Ian McCall,-200.0
2013-08-03,UFC 163: Aldo vs Jung,Ian McCall vs. Iliarde Santos,Iliarde Santos,200.0
2015-01-31,UFC 183: Silva vs Diaz,Ian McCall vs. John Lineker,Ian McCall,187.0
2015-01-31,UFC 183: Silva vs Diaz,Ian McCall vs. John Lineker,John Lineker,-187.0
2014-09-13,UFC Fight Night: Bigfoot vs Arlovski,Igor Araujo vs. George Sullivan,Igor Araujo,110.0
2014-09-13,UFC Fight Night: Bigfoot vs Arlovski,Igor Araujo vs. George Sullivan,George Sullivan,-110.0
2013-10-09,UFC Fight Night: Maia vs Shields,Iliarde Santos vs. Chris Cariaso,Iliarde Santos,281.0
2013-10-09,UFC Fight Night: Maia vs Shields,Iliarde Santos vs. Chris Cariaso,Chris Cariaso,-281.0
2014-01-15,UFC Fight Night: Rockhold vs Philippou,Isaac Vallie-Flagg vs. Elias Silverio,Isaac Vallie-Flagg,200.0
2014-01-15,UFC Fight Night: Rockhold vs Philippou,Isaac Vallie-Flagg vs. Elias Silverio,Elias Silverio,-200.0
2015-02-22,UFC Fight Night: Bigfoot vs Mir,Iuri Alcantara vs. Frankie Saenz,Iuri Alcantara,115.0
2015-02-22,UFC Fight Night: Bigfoot vs Mir,Iuri Alcantara vs. Frankie Saenz,Frankie Saenz,-115.0
2014-09-13,UFC Fight Night: Bigfoot vs Arlovski,Iuri Alcantara vs. Russell Doane,Iuri Alcantara,-100.0
2014-09-13,UFC Fight Night: Bigfoot vs Arlovski,Iuri Alcantara vs. Russell Doane,Russell Doane,-100.0
2014-02-15,UFC Fight Night: Machida vs Mousasi,Iuri Alcantara vs. Wilson Reis,Iuri Alcantara,135.0
2014-02-15,UFC Fight Night: Machida vs Mousasi,Iuri Alcantara vs. Wilson Reis,Wilson Reis,-135.0
2015-02-22,UFC Fight Night: Bigfoot vs Mir,Ivan Jorge vs. Josh Shockley,Ivan Jorge,115.0
2015-02-22,UFC Fight Night: Bigfoot vs Mir,Ivan Jorge vs. Josh Shockley,Josh Shockley,-115.0
2015-04-18,UFC on FOX: Machida vs Rockhold,Jacare Souza vs. Chris Camozzi,Jacare Souza,-100.0
2015-04-18,UFC on FOX: Machida vs Rockhold,Jacare Souza vs. Chris Camozzi,Chris Camozzi,-100.0
2014-02-15,UFC Fight Night: Machida vs Mousasi,Jacare Souza vs. Francis Carmont,Jacare Souza,-110.0
2014-02-15,UFC Fight Night: Machida vs Mousasi,Jacare Souza vs. Francis Carmont,Francis Carmont,110.0
2014-09-05,UFC Fight Night: Jacare vs Mousasi,Jacare Souza vs. Gegard Mousasi,Jacare Souza,115.0
2014-09-05,UFC Fight Night: Jacare vs Mousasi,Jacare Souza vs. Gegard Mousasi,Gegard Mousasi,-115.0
2015-02-28,UFC 184: Rousey vs Zingano,Jake Ellenberger vs. Josh Koscheck,Jake Ellenberger,-105.0
2015-02-28,UFC 184: Rousey vs Zingano,Jake Ellenberger vs. Josh Koscheck,Josh Koscheck,105.0
2014-11-15,UFC 180: Werdum vs Hunt,Jake Ellenberger vs. Kelvin Gastelum,Jake Ellenberger,-100.0
2014-11-15,UFC 180: Werdum vs Hunt,Jake Ellenberger vs. Kelvin Gastelum,Kelvin Gastelum,-100.0
2013-03-16,UFC 158: St-Pierre vs Diaz,Jake Ellenberger vs. Nate Marquardt,Jake Ellenberger,-135.0
2013-03-16,UFC 158: St-Pierre vs Diaz,Jake Ellenberger vs. Nate Marquardt,Nate Marquardt,135.0
2015-05-09,UFC Fight Night: Miocic vs Hunt,Jake Matthews vs. James Vick,Jake Matthews,-321.0
2015-05-09,UFC Fight Night: Miocic vs Hunt,Jake Matthews vs. James Vick,James Vick,321.0
2014-11-07,UFC Fight Night: Rockhold vs Bisping,Jake Matthews vs. Vagner Rocha,Jake Matthews,-321.0
2014-11-07,UFC Fight Night: Rockhold vs Bisping,Jake Matthews vs. Vagner Rocha,Vagner Rocha,321.0
2014-03-15,UFC 171: Hendricks vs Lawler,Jake Shields vs. Hector Lombard,Jake Shields,129.0
2014-03-15,UFC 171: Hendricks vs Lawler,Jake Shields vs. Hector Lombard,Hector Lombard,-129.0
2013-06-15,UFC 161: Evans vs Henderson,Jake Shields vs. Tyron Woodley,Jake Shields,200.0
2013-06-15,UFC 161: Evans vs Henderson,Jake Shields vs. Tyron Woodley,Tyron Woodley,-200.0
2013-08-28,UFC Fight Night: Condit vs Kampmann 2,James Head vs. Jason High,James Head,-135.0
2013-08-28,UFC Fight Night: Condit vs Kampmann 2,James Head vs. Jason High,Jason High,135.0
2015-02-28,UFC 184: Rousey vs Zingano,James Krause vs. Valmir Lazaro,James Krause,105.0
2015-02-28,UFC 184: Rousey vs Zingano,James Krause vs. Valmir Lazaro,Valmir Lazaro,-105.0
2014-06-28,UFC Fight Night: Te Huna vs Marquardt,James Te Huna vs. Nate Marquardt,James Te Huna,-100.0
2014-06-28,UFC Fight Night: Te Huna vs Marquardt,James Te Huna vs. Nate Marquardt,Nate Marquardt,-100.0
2013-02-16,UFC on FUEL TV: Barao vs McDonald,James Te Huna vs. Ryan Jimmo,James Te Huna,105.0
2013-02-16,UFC on FUEL TV: Barao vs McDonald,James Te Huna vs. Ryan Jimmo,Ryan Jimmo,-105.0
2014-11-22,UFC Fight Night: Edgar vs Swanson,James Vick vs. Nick Hein,James Vick,200.0
2014-11-22,UFC Fight Night: Edgar vs Swanson,James Vick vs. Nick Hein,Nick Hein,-200.0
2014-02-01,UFC 169: Barao vs Faber 2,Jamie Varner vs. Abel Trujillo,Jamie Varner,-115.0
2014-02-01,UFC 169: Barao vs Faber 2,Jamie Varner vs. Abel Trujillo,Abel Trujillo,115.0
2014-12-13,UFC on FOX: Dos Santos vs Miocic,Jamie Varner vs. Drew Dober,Jamie Varner,-214.0
2014-12-13,UFC on FOX: Dos Santos vs Miocic,Jamie Varner vs. Drew Dober,Drew Dober,214.0
2013-08-31,UFC 164: Henderson vs Pettis 2,Jamie Varner vs. Gleison Tibau,Jamie Varner,-105.0
2013-08-31,UFC 164: Henderson vs Pettis 2,Jamie Varner vs. Gleison Tibau,Gleison Tibau,105.0
2014-05-24,UFC 173: Barao vs Dillashaw,Jamie Varner vs. James Krause,Jamie Varner,-187.0
2014-05-24,UFC 173: Barao vs Dillashaw,Jamie Varner vs. James Krause,James Krause,187.0
2013-08-31,UFC 164: Henderson vs Pettis 2,Jared Hamman vs. Magnus Cedenblad,Jared Hamman,-200.0
2013-08-31,UFC 164: Henderson vs Pettis 2,Jared Hamman vs. Magnus Cedenblad,Magnus Cedenblad,200.0
2012-12-15,The Ultimate Fighter: Team Carwin vs. Team Nelson Finale,Jared Papazian vs. Tim Elliott,Jared Papazian,-104.0
2012-12-15,The Ultimate Fighter: Team Carwin vs. Team Nelson Finale,Jared Papazian vs. Tim Elliott,Tim Elliott,104.0
2014-11-22,UFC Fight Night: Edgar vs Swanson,Jared Rosholt vs. Aleksei Oleinik,Jared Rosholt,-110.0
2014-11-22,UFC Fight Night: Edgar vs Swanson,Jared Rosholt vs. Aleksei Oleinik,Aleksei Oleinik,110.0
2014-04-11,UFC Fight Night: Minotauro vs Nelson,Jared Rosholt vs. Daniel Omielanczuk,Jared Rosholt,-135.0
2014-04-11,UFC Fight Night: Minotauro vs Nelson,Jared Rosholt vs. Daniel Omielanczuk,Daniel Omielanczuk,135.0
2015-03-14,UFC 185: Pettis vs Dos Anjos,Jared Rosholt vs. Josh Copeland,Jared Rosholt,-281.0
2015-03-14,UFC 185: Pettis vs Dos Anjos,Jared Rosholt vs. Josh Copeland,Josh Copeland,281.0
2014-12-12,The Ultimate Fighter: A Champion Will Be Crowned Finale,Jeremy Stephens vs. Charles Oliveira,Jeremy Stephens,-100.0
2014-12-12,The Ultimate Fighter: A Champion Will Be Crowned Finale,Jeremy Stephens vs. Charles Oliveira,Charles Oliveira,-100.0
2014-07-06,The Ultimate Fighter: Team Edgar vs. Team Penn Finale,Jesse Ronson vs. Kevin Lee,Jesse Ronson,-100.0
2014-07-06,The Ultimate Fighter: Team Edgar vs. Team Penn Finale,Jesse Ronson vs. Kevin Lee,Kevin Lee,-100.0
2015-04-18,UFC on FOX: Machida vs Rockhold,Jim Miller vs. Beneil Dariush,Jim Miller,115.0
2015-04-18,UFC on FOX: Machida vs Rockhold,Jim Miller vs. Beneil Dariush,Beneil Dariush,-115.0
2013-12-28,UFC 168: Weidman vs Silva 2,Jim Miller vs. Fabricio Camoes,Jim Miller,-137.0
2013-12-28,UFC 168: Weidman vs Silva 2,Jim Miller vs. Fabricio Camoes,Fabricio Camoes,137.0
2012-12-29,UFC 155: Dos Santos vs Velasquez II,Jim Miller vs. Joe Lauzon,Jim Miller,-106.0
2012-12-29,UFC 155: Dos Santos vs Velasquez II,Jim Miller vs. Joe Lauzon,Joe Lauzon,106.0
2014-04-26,UFC 172: Jones vs Teixeira,Jim Miller vs. Yancy Medeiros,Jim Miller,-100.0
2014-04-26,UFC 172: Jones vs Teixeira,Jim Miller vs. Yancy Medeiros,Yancy Medeiros,-100.0
2013-02-16,UFC on FUEL TV: Barao vs McDonald,Jimi Manuwa vs. Cyrille Diabate,Jimi Manuwa,137.0
2013-02-16,UFC on FUEL TV: Barao vs McDonald,Jimi Manuwa vs. Cyrille Diabate,Cyrille Diabate,-137.0
2015-04-11,UFC Fight Night: Gonzaga vs Cro Cop 2,Jimi Manuwa vs. Jan Blachowicz,Jimi Manuwa,115.0
2015-04-11,UFC Fight Night: Gonzaga vs Cro Cop 2,Jimi Manuwa vs. Jan Blachowicz,Jan Blachowicz,-115.0
2013-10-26,UFC Fight Night: Machida vs Munoz,Jimi Manuwa vs. Ryan Jimmo,Jimi Manuwa,-100.0
2013-10-26,UFC Fight Night: Machida vs Munoz,Jimi Manuwa vs. Ryan Jimmo,Ryan Jimmo,-100.0
2015-01-31,UFC 183: Silva vs Diaz,Joe Lauzon vs. Al Iaquinta,Joe Lauzon,281.0
2015-01-31,UFC 183: Silva vs Diaz,Joe Lauzon vs. Al Iaquinta,Al Iaquinta,-281.0
2013-12-14,UFC on FOX: Johnson vs. Benavidez 2,Joe Lauzon vs. Mac Danzig,Joe Lauzon,106.0
2013-12-14,UFC on FOX: Johnson vs. Benavidez 2,Joe Lauzon vs. Mac Danzig,Mac Danzig,-106.0
2014-09-05,UFC Fight Night: Jacare vs Mousasi,Joe Lauzon vs. Michael Chiesa,Joe Lauzon,214.0
2014-09-05,UFC Fight Night: Jacare vs Mousasi,Joe Lauzon vs. Michael Chiesa,Michael Chiesa,-214.0
2013-08-17,UFC Fight Night: Shogun vs Sonnen,Joe Lauzon vs. Michael Johnson,Joe Lauzon,105.0
2013-08-17,UFC Fight Night: Shogun vs Sonnen,Joe Lauzon vs. Michael Johnson,Michael Johnson,-105.0
2015-06-06,UFC Fight Night: Boetsch vs Henderson,Joe Proctor vs. Justin Edwards,Joe Proctor,129.0
2015-06-06,UFC Fight Night: Boetsch vs Henderson,Joe Proctor vs. Justin Edwards,Justin Edwards,-129.0
2014-12-12,The Ultimate Fighter: A Champion Will Be Crowned Finale,Joe Proctor vs. Yancy Medeiros,Joe Proctor,187.0
2014-12-12,The Ultimate Fighter: A Champion Will Be Crowned Finale,Joe Proctor vs. Yancy Medeiros,Yancy Medeiros,-187.0
2014-12-13,UFC on FOX: Dos Santos vs Miocic,Joe Riggs vs. Ben Saunders,Joe Riggs,-115.0
2014-12-13,UFC on FOX: Dos Santos vs Miocic,Joe Riggs vs. Ben Saunders,Ben Saunders,115.0
2015-06-06,UFC Fight Night: Boetsch vs Henderson,Joe Soto vs. Anthony Birchak,Joe Soto,
2015-06-06,UFC Fight Night: Boetsch vs Henderson,Joe Soto vs. Anthony Birchak,Anthony Birchak,
2013-07-27,UFC on FOX: Johnson vs Moraga,John Albert vs. Yaotzin Meza,John Albert,-214.0
2013-07-27,UFC on FOX: Johnson vs Moraga,John Albert vs. Yaotzin Meza,Yaotzin Meza,214.0
2014-06-07,UFC Fight Night: Henderson vs Khabilov,John Dodson vs. John Moraga,John Dodson,-115.0
2014-06-07,UFC Fight Night: Henderson vs Khabilov,John Dodson vs. John Moraga,John Moraga,115.0
2015-05-23,UFC 187: Johnson vs Cormier,John Dodson vs. Zach Makovsky,John Dodson,-100.0
2015-05-23,UFC 187: Johnson vs Cormier,John Dodson vs. Zach Makovsky,Zach Makovsky,-100.0
2014-09-27,UFC 178: Johnson vs Cariaso,John Howard vs. Brian Ebersole,John Howard,115.0
2014-09-27,UFC 178: Johnson vs Cariaso,John Howard vs. Brian Ebersole,Brian Ebersole,-115.0
2015-01-18,UFC Fight Night: McGregor vs Siver,John Howard vs. Lorenz Larkin,John Howard,137.0
2015-01-18,UFC Fight Night: McGregor vs Siver,John Howard vs. Lorenz Larkin,Lorenz Larkin,-137.0
2014-04-11,UFC Fight Night: Minotauro vs Nelson,John Howard vs. Ryan LaFlare,John Howard,214.0
2014-04-11,UFC Fight Night: Minotauro vs Nelson,John Howard vs. Ryan LaFlare,Ryan LaFlare,-214.0
2013-12-28,UFC 168: Weidman vs Silva 2,John Howard vs. Siyar Bahadurzada,John Howard,-100.0
2013-12-28,UFC 168: Weidman vs Silva 2,John Howard vs. Siyar Bahadurzada,Siyar Bahadurzada,-100.0
2014-02-01,UFC 169: Barao vs Faber 2,John Lineker vs. Ali Bagautinov,John Lineker,-115.0
2014-02-01,UFC 169: Barao vs Faber 2,John Lineker vs. Ali Bagautinov,Ali Bagautinov,115.0
2014-07-16,UFC Fight Night: Cowboy vs Miller,John Lineker vs. Alptekin Ozkilic,John Lineker,-105.0
2014-07-16,UFC Fight Night: Cowboy vs Miller,John Lineker vs. Alptekin Ozkilic,Alptekin Ozkilic,105.0
2013-05-18,UFC on FX: Belfort vs. Rockhold,John Lineker vs. Azamat Gashimov,John Lineker,115.0
2013-05-18,UFC on FX: Belfort vs. Rockhold,John Lineker vs. Azamat Gashimov,Azamat Gashimov,-115.0
2014-02-01,UFC 169: Barao vs Faber 2,John Makdessi vs. Alan Patrick,John Makdessi,106.0
2014-02-01,UFC 169: Barao vs Faber 2,John Makdessi vs. Alan Patrick,Alan Patrick,-106.0
2013-03-16,UFC 158: St-Pierre vs Diaz,John Makdessi vs. Daron Cruickshank,John Makdessi,105.0
2013-03-16,UFC 158: St-Pierre vs Diaz,John Makdessi vs. Daron Cruickshank,Daron Cruickshank,-105.0
2013-09-21,UFC 165: Jones vs Gustafsson,John Makdessi vs. Renee Forte,John Makdessi,105.0
2013-09-21,UFC 165: Jones vs Gustafsson,John Makdessi vs. Renee Forte,Renee Forte,-105.0
2014-01-15,UFC Fight Night: Rockhold vs Philippou,John Moraga vs. Dustin Ortiz,John Moraga,187.0
2014-01-15,UFC Fight Night: Rockhold vs Philippou,John Moraga vs. Dustin Ortiz,Dustin Ortiz,-187.0
2014-09-05,UFC Fight Night: Jacare vs Mousasi,John Moraga vs. Justin Scoggins,John Moraga,321.0
2014-09-05,UFC Fight Night: Jacare vs Mousasi,John Moraga vs. Justin Scoggins,Justin Scoggins,-321.0
2014-06-28,UFC Fight Night: Swanson vs Stephens,Johnny Bedford vs. Cody Gibson,Johnny Bedford,-105.0
2014-06-28,UFC Fight Night: Swanson vs Stephens,Johnny Bedford vs. Cody Gibson,Cody Gibson,105.0
2012-12-15,The Ultimate Fighter: Team Carwin vs. Team Nelson Finale,Johnny Bedford vs. Marcos Vinicius,Johnny Bedford,-214.0
2012-12-15,The Ultimate Fighter: Team Carwin vs. Team Nelson Finale,Johnny Bedford vs. Marcos Vinicius,Marcos Vinicius,214.0
2015-03-14,UFC 185: Pettis vs Dos Anjos,Johny Hendricks vs. Matt Brown,Johny Hendricks,-105.0
2015-03-14,UFC 185: Pettis vs Dos Anjos,Johny Hendricks vs. Matt Brown,Matt Brown,105.0
2014-03-15,UFC 171: Hendricks vs Lawler,Johny Hendricks vs. Robbie Lawler,Johny Hendricks,-165.0
2014-03-15,UFC 171: Hendricks vs Lawler,Johny Hendricks vs. Robbie Lawler,Robbie Lawler,200.0
2014-12-06,UFC 181: Hendricks vs Lawler II,Johny Hendricks vs. Robbie Lawler,Johny Hendricks,-165.0
2014-12-06,UFC 181: Hendricks vs Lawler II,Johny Hendricks vs. Robbie Lawler,Robbie Lawler,221.0
2013-02-02,UFC 156: Aldo vs Edgar,Jon Fitch vs. Demian Maia,Jon Fitch,-200.0
2013-02-02,UFC 156: Aldo vs Edgar,Jon Fitch vs. Demian Maia,Demian Maia,200.0
2013-09-21,UFC 165: Jones vs Gustafsson,Jon Jones vs. Alexander Gustafsson,Jon Jones,-214.0
2013-09-21,UFC 165: Jones vs Gustafsson,Jon Jones vs. Alexander Gustafsson,Alexander Gustafsson,214.0
2013-04-27,UFC 159: Jones vs Sonnen,Jon Jones vs. Chael Sonnen,Jon Jones,-105.0
2013-04-27,UFC 159: Jones vs Sonnen,Jon Jones vs. Chael Sonnen,Chael Sonnen,105.0
2015-01-03,UFC 182: Jones vs Cormier,Jon Jones vs. Daniel Cormier,Jon Jones,-214.0
2015-01-03,UFC 182: Jones vs Cormier,Jon Jones vs. Daniel Cormier,Daniel Cormier,214.0
2014-04-26,UFC 172: Jones vs Teixeira,Jon Jones vs. Glover Teixeira,Jon Jones,-200.0
2014-04-26,UFC 172: Jones vs Teixeira,Jon Jones vs. Glover Teixeira,Glover Teixeira,200.0
2014-09-27,UFC 178: Johnson vs Cariaso,Jon Tuck vs. Kevin Lee,Jon Tuck,214.0
2014-09-27,UFC 178: Johnson vs Cariaso,Jon Tuck vs. Kevin Lee,Kevin Lee,-214.0
2015-01-31,UFC 183: Silva vs Diaz,Jordan Mein vs. Thiago Alves,Jordan Mein,-105.0
2015-01-31,UFC 183: Silva vs Diaz,Jordan Mein vs. Thiago Alves,Thiago Alves,105.0
2015-04-04,UFC Fight Night: Mendes vs Lamas,Jorge Masvidal vs. Al Iaquinta,Jorge Masvidal,-100.0
2015-04-04,UFC Fight Night: Mendes vs Lamas,Jorge Masvidal vs. Al Iaquinta,Al Iaquinta,-100.0
2014-09-27,UFC 178: Johnson vs Cariaso,Jorge Masvidal vs. James Krause,Jorge Masvidal,-105.0
2014-09-27,UFC 178: Johnson vs Cariaso,Jorge Masvidal vs. James Krause,James Krause,105.0
2014-04-19,UFC on FOX: Werdum vs Browne,Jorge Masvidal vs. Pat Healy,Jorge Masvidal,-187.0
2014-04-19,UFC on FOX: Werdum vs Browne,Jorge Masvidal vs. Pat Healy,Pat Healy,187.0
2013-11-06,UFC Fight Night: Fight for the Troops 3,Jorge Masvidal vs. Rustam Khabilov,Jorge Masvidal,
2013-11-06,UFC Fight Night: Fight for the Troops 3,Jorge Masvidal vs. Rustam Khabilov,Rustam Khabilov,
2015-03-21,UFC Fight Night: Maia vs LaFlare,Jorge de Oliveira vs. Christos Giagos,Jorge de Oliveira,147.0
2015-03-21,UFC Fight Night: Maia vs LaFlare,Jorge de Oliveira vs. Christos Giagos,Christos Giagos,-147.0
2014-10-25,UFC 179: Aldo vs Mendes 2,Jose Aldo vs. Chad Mendes,Jose Aldo,200.0
2014-10-25,UFC 179: Aldo vs Mendes 2,Jose Aldo vs. Chad Mendes,Chad Mendes,-200.0
2013-08-03,UFC 163: Aldo vs Jung,Jose Aldo vs. Chan Sung Jung,Jose Aldo,105.0
2013-08-03,UFC 163: Aldo vs Jung,Jose Aldo vs. Chan Sung Jung,Chan Sung Jung,-105.0
2013-02-02,UFC 156: Aldo vs Edgar,Jose Aldo vs. Frankie Edgar,Jose Aldo,200.0
2013-02-02,UFC 156: Aldo vs Edgar,Jose Aldo vs. Frankie Edgar,Frankie Edgar,-200.0
2014-02-01,UFC 169: Barao vs Faber 2,Jose Aldo vs. Ricardo Lamas,Jose Aldo,-105.0
2014-02-01,UFC 169: Barao vs Faber 2,Jose Aldo vs. Ricardo Lamas,Ricardo Lamas,105.0
2015-06-06,UFC Fight Night: Boetsch vs Henderson,Jose Quinonez vs. Leonardo Morales,Jose Quinonez,-135.0
2015-06-06,UFC Fight Night: Boetsch vs Henderson,Jose Quinonez vs. Leonardo Morales,Leonardo Morales,135.0
2013-04-20,UFC on FOX: Henderson vs Melendez,Joseph Benavidez vs. Darren Uyenoyama,Joseph Benavidez,-135.0
2013-04-20,UFC on FOX: Henderson vs Melendez,Joseph Benavidez vs. Darren Uyenoyama,Darren Uyenoyama,135.0
2014-11-22,UFC Fight Night: Edgar vs Swanson,Joseph Benavidez vs. Dustin Ortiz,Joseph Benavidez,115.0
2014-11-22,UFC Fight Night: Edgar vs Swanson,Joseph Benavidez vs. Dustin Ortiz,Dustin Ortiz,-115.0
2013-02-02,UFC 156: Aldo vs Edgar,Joseph Benavidez vs. Ian McCall,Joseph Benavidez,-135.0
2013-02-02,UFC 156: Aldo vs Edgar,Joseph Benavidez vs. Ian McCall,Ian McCall,135.0
2015-05-23,UFC 187: Johnson vs Cormier,Joseph Benavidez vs. John Moraga,Joseph Benavidez,-137.0
2015-05-23,UFC 187: Johnson vs Cormier,Joseph Benavidez vs. John Moraga,John Moraga,137.0
2013-09-04,UFC Fight Night: Teixeira vs Bader,Joseph Benavidez vs. Jussier Formiga,Joseph Benavidez,-115.0
2013-09-04,UFC Fight Night: Teixeira vs Bader,Joseph Benavidez vs. Jussier Formiga,Jussier Formiga,115.0
2014-04-26,UFC 172: Jones vs Teixeira,Joseph Benavidez vs. Tim Elliott,Joseph Benavidez,105.0
2014-04-26,UFC 172: Jones vs Teixeira,Joseph Benavidez vs. Tim Elliott,Tim Elliott,-105.0
2013-12-28,UFC 168: Weidman vs Silva 2,Josh Barnett vs. Travis Browne,Josh Barnett,-100.0
2013-12-28,UFC 168: Weidman vs Silva 2,Josh Barnett vs. Travis Browne,Travis Browne,-100.0
2013-02-23,UFC 157: Rousey vs Carmouche,Josh Koscheck vs. Robbie Lawler,Josh Koscheck,-115.0
2013-02-23,UFC 157: Rousey vs Carmouche,Josh Koscheck vs. Robbie Lawler,Robbie Lawler,115.0
2013-11-16,UFC 167: St-Pierre vs Hendricks,Josh Koscheck vs. Tyron Woodley,Josh Koscheck,-200.0
2013-11-16,UFC 167: St-Pierre vs Hendricks,Josh Koscheck vs. Tyron Woodley,Tyron Woodley,200.0
2014-07-26,UFC on FOX: Lawler vs Brown,Josh Thomson vs. King Green,Josh Thomson,105.0
2014-07-26,UFC on FOX: Lawler vs Brown,Josh Thomson vs. King Green,King Green,-105.0
2014-07-06,The Ultimate Fighter: Team Edgar vs. Team Penn Finale,Jumabieke Tuerxun vs. Leandro Issa,Jumabieke Tuerxun,-100.0
2014-07-06,The Ultimate Fighter: Team Edgar vs. Team Penn Finale,Jumabieke Tuerxun vs. Leandro Issa,Leandro Issa,-100.0
2014-11-07,UFC Fight Night: Rockhold vs Bisping,Jumabieke Tuerxun vs. Marcus Brimage,Jumabieke Tuerxun,115.0
2014-11-07,UFC Fight Night: Rockhold vs Bisping,Jumabieke Tuerxun vs. Marcus Brimage,Marcus Brimage,-115.0
2012-12-29,UFC 155: Dos Santos vs Velasquez II,Junior Dos Santos vs. Cain Velasquez,Junior Dos Santos,200.0
2012-12-29,UFC 155: Dos Santos vs Velasquez II,Junior Dos Santos vs. Cain Velasquez,Cain Velasquez,-200.0
2013-05-25,UFC 160: Velasquez vs Silva 2,Junior Dos Santos vs. Mark Hunt,Junior Dos Santos,-115.0
2013-05-25,UFC 160: Velasquez vs Silva 2,Junior Dos Santos vs. Mark Hunt,Mark Hunt,115.0
2014-12-13,UFC on FOX: Dos Santos vs Miocic,Junior Dos Santos vs. Stipe Miocic,Junior Dos Santos,-105.0
2014-12-13,UFC on FOX: Dos Santos vs Miocic,Junior Dos Santos vs. Stipe Miocic,Stipe Miocic,105.0
2013-05-18,UFC on FX: Belfort vs. Rockhold,Jussier Formiga vs. Chris Cariaso,Jussier Formiga,187.0
2013-05-18,UFC on FX: Belfort vs. Rockhold,Jussier Formiga vs. Chris Cariaso,Chris Cariaso,-187.0
2014-03-23,UFC Fight Night: Shogun vs Henderson 2,Jussier Formiga vs. Scott Jorgensen,Jussier Formiga,-100.0
2014-03-23,UFC Fight Night: Shogun vs Henderson 2,Jussier Formiga vs. Scott Jorgensen,Scott Jorgensen,-100.0
2015-05-30,UFC Fight Night: Condit vs Alves,Jussier Formiga vs. Wilson Reis,Jussier Formiga,174.0
2015-05-30,UFC Fight Night: Condit vs Alves,Jussier Formiga vs. Wilson Reis,Wilson Reis,-174.0
2014-08-16,UFC Fight Night: Bader vs Saint Preux,Jussier Formiga vs. Zach Makovsky,Jussier Formiga,135.0
2014-08-16,UFC Fight Night: Bader vs Saint Preux,Jussier Formiga vs. Zach Makovsky,Zach Makovsky,-135.0
2013-04-13,The Ultimate Fighter: Team Jones vs. Team Sonnen Finale,Justin Lawrence vs. Daniel Pineda,Justin Lawrence,-187.0
2013-04-13,The Ultimate Fighter: Team Jones vs. Team Sonnen Finale,Justin Lawrence vs. Daniel Pineda,Daniel Pineda,187.0
2014-05-10,UFC Fight Night: Brown vs Silva,Justin Salas vs. Ben Wall,Justin Salas,-129.0
2014-05-10,UFC Fight Night: Brown vs Silva,Justin Salas vs. Ben Wall,Ben Wall,129.0
2014-07-16,UFC Fight Night: Cowboy vs Miller,Justin Salas vs. Joe Proctor,Justin Salas,-137.0
2014-07-16,UFC Fight Night: Cowboy vs Miller,Justin Salas vs. Joe Proctor,Joe Proctor,137.0
2014-07-06,The Ultimate Fighter: Team Edgar vs. Team Penn Finale,Justin Scoggins vs. Dustin Ortiz,Justin Scoggins,-281.0
2014-07-06,The Ultimate Fighter: Team Edgar vs. Team Penn Finale,Justin Scoggins vs. Dustin Ortiz,Dustin Ortiz,281.0
2015-05-23,UFC 187: Johnson vs Cormier,Justin Scoggins vs. Josh Sampo,Justin Scoggins,-321.0
2015-05-23,UFC 187: Johnson vs Cormier,Justin Scoggins vs. Josh Sampo,Josh Sampo,321.0
2015-05-30,UFC Fight Night: Condit vs Alves,KJ Noons vs. Alex Oliveira,KJ Noons,115.0
2015-05-30,UFC Fight Night: Condit vs Alves,KJ Noons vs. Alex Oliveira,Alex Oliveira,-115.0
2014-09-20,UFC Fight Night: Hunt vs Nelson,Katsunori Kikuno vs. Sam Sicilia,Katsunori Kikuno,-100.0
2014-09-20,UFC Fight Night: Hunt vs Nelson,Katsunori Kikuno vs. Sam Sicilia,Sam Sicilia,-100.0
2013-08-28,UFC Fight Night: Condit vs Kampmann 2,Kelvin Gastelum vs. Brian Melancon,Kelvin Gastelum,129.0
2013-08-28,UFC Fight Night: Condit vs Kampmann 2,Kelvin Gastelum vs. Brian Melancon,Brian Melancon,-129.0
2015-06-13,UFC 188: Velasquez vs Werdum,Kelvin Gastelum vs. Nate Marquardt,Kelvin Gastelum,-137.0
2015-06-13,UFC 188: Velasquez vs Werdum,Kelvin Gastelum vs. Nate Marquardt,Nate Marquardt,137.0
2014-06-28,UFC Fight Night: Swanson vs Stephens,Kelvin Gastelum vs. Nicholas Musoke,Kelvin Gastelum,-135.0
2014-06-28,UFC Fight Night: Swanson vs Stephens,Kelvin Gastelum vs. Nicholas Musoke,Nicholas Musoke,135.0
2014-03-15,UFC 171: Hendricks vs Lawler,Kelvin Gastelum vs. Rick Story,Kelvin Gastelum,137.0
2014-03-15,UFC 171: Hendricks vs Lawler,Kelvin Gastelum vs. Rick Story,Rick Story,-137.0
2013-02-23,UFC 157: Rousey vs Carmouche,Kenny Robertson vs. Brock Jardine,Kenny Robertson,135.0
2013-02-23,UFC 157: Rousey vs Carmouche,Kenny Robertson vs. Brock Jardine,Brock Jardine,-135.0
2014-07-05,UFC 175: Weidman vs Machida,Kenny Robertson vs. Ildemar Alcantara,Kenny Robertson,-100.0
2014-07-05,UFC 175: Weidman vs Machida,Kenny Robertson vs. Ildemar Alcantara,Ildemar Alcantara,-100.0
2013-05-25,UFC 160: Velasquez vs Silva 2,Khabib Nurmagomedov vs. Abel Trujillo,Khabib Nurmagomedov,-129.0
2013-05-25,UFC 160: Velasquez vs Silva 2,Khabib Nurmagomedov vs. Abel Trujillo,Abel Trujillo,129.0
2014-09-20,UFC Fight Night: Hunt vs Nelson,Kiichi Kunimoto vs. Richard Walsh,Kiichi Kunimoto,214.0
2014-09-20,UFC Fight Night: Hunt vs Nelson,Kiichi Kunimoto vs. Richard Walsh,Richard Walsh,-214.0
2014-11-22,UFC Fight Night: Edgar vs Swanson,King Green vs. Edson Barboza,King Green,-116.0
2014-11-22,UFC Fight Night: Edgar vs Swanson,King Green vs. Edson Barboza,Edson Barboza,116.0
2013-11-06,UFC Fight Night: Fight for the Troops 3,King Green vs. James Krause,King Green,-137.0
2013-11-06,UFC Fight Night: Fight for the Troops 3,King Green vs. James Krause,James Krause,137.0
2013-12-14,UFC on FOX: Johnson vs. Benavidez 2,King Green vs. Pat Healy,King Green,-135.0
2013-12-14,UFC on FOX: Johnson vs. Benavidez 2,King Green vs. Pat Healy,Pat Healy,135.0
2014-07-26,UFC on FOX: Lawler vs Brown,Kyle Kingsbury vs. Patrick Cummins,Kyle Kingsbury,200.0
2014-07-26,UFC on FOX: Lawler vs Brown,Kyle Kingsbury vs. Patrick Cummins,Patrick Cummins,-200.0
2014-05-10,UFC Fight Night: Brown vs Silva,Kyoji Horiguchi vs. Darrell Montague,Kyoji Horiguchi,-214.0
2014-05-10,UFC Fight Night: Brown vs Silva,Kyoji Horiguchi vs. Darrell Montague,Darrell Montague,214.0
2014-09-20,UFC Fight Night: Hunt vs Nelson,Kyoji Horiguchi vs. Jon Delos Reyes,Kyoji Horiguchi,137.0
2014-09-20,UFC Fight Night: Hunt vs Nelson,Kyoji Horiguchi vs. Jon Delos Reyes,Jon Delos Reyes,-137.0
2015-01-03,UFC 182: Jones vs Cormier,Kyoji Horiguchi vs. Louis Gaudinot,Kyoji Horiguchi,-214.0
2015-01-03,UFC 182: Jones vs Cormier,Kyoji Horiguchi vs. Louis Gaudinot,Louis Gaudinot,214.0
2014-12-20,UFC Fight Night: Machida vs Dollaway,Leandro Issa vs. Yuta Sasaki,Leandro Issa,116.0
2014-12-20,UFC Fight Night: Machida vs Dollaway,Leandro Issa vs. Yuta Sasaki,Yuta Sasaki,-116.0
2014-11-08,UFC Fight Night 56: Shogun vs Saint Preux,Leandro Silva vs. Charlie Brenneman,Leandro Silva,-135.0
2014-11-08,UFC Fight Night 56: Shogun vs Saint Preux,Leandro Silva vs. Charlie Brenneman,Charlie Brenneman,135.0
2013-04-27,UFC 159: Jones vs Sonnen,Leonard Garcia vs. Cody McKenzie,Leonard Garcia,214.0
2013-04-27,UFC 159: Jones vs Sonnen,Leonard Garcia vs. Cody McKenzie,Cody McKenzie,-214.0
2012-12-29,UFC 155: Dos Santos vs Velasquez II,Leonard Garcia vs. Max Holloway,Leonard Garcia,321.0
2012-12-29,UFC 155: Dos Santos vs Velasquez II,Leonard Garcia vs. Max Holloway,Max Holloway,-321.0
2015-03-21,UFC Fight Night: Maia vs LaFlare,Leonardo Mafra vs. Cain Carrizosa,Leonardo Mafra,137.0
2015-03-21,UFC Fight Night: Maia vs LaFlare,Leonardo Mafra vs. Cain Carrizosa,Cain Carrizosa,-137.0
2015-03-21,UFC Fight Night: Maia vs LaFlare,Leonardo Santos vs. Anthony Rocco Martin,Leonardo Santos,281.0
2015-03-21,UFC Fight Night: Maia vs LaFlare,Leonardo Santos vs. Anthony Rocco Martin,Anthony Rocco Martin,-281.0
2014-09-13,UFC Fight Night: Bigfoot vs Arlovski,Leonardo Santos vs. Efrain Escudero,Leonardo Santos,214.0
2014-09-13,UFC Fight Night: Bigfoot vs Arlovski,Leonardo Santos vs. Efrain Escudero,Efrain Escudero,-214.0
2014-03-23,UFC Fight Night: Shogun vs Henderson 2,Leonardo Santos vs. Norman Parke,Leonardo Santos,214.0
2014-03-23,UFC Fight Night: Shogun vs Henderson 2,Leonardo Santos vs. Norman Parke,Norman Parke,-214.0
2015-05-16,UFC Fight Night: Edgar vs Faber,Li Jingliang vs. Dhiego Lima,Li Jingliang,137.0
2015-05-16,UFC Fight Night: Edgar vs Faber,Li Jingliang vs. Dhiego Lima,Dhiego Lima,-137.0
2014-01-15,UFC Fight Night: Rockhold vs Philippou,Lorenz Larkin vs. Brad Tavares,Lorenz Larkin,115.0
2014-01-15,UFC Fight Night: Rockhold vs Philippou,Lorenz Larkin vs. Brad Tavares,Brad Tavares,-115.0
2014-08-30,UFC 177: Dillashaw vs Soto,Lorenz Larkin vs. Derek Brunson,Lorenz Larkin,-100.0
2014-08-30,UFC 177: Dillashaw vs Soto,Lorenz Larkin vs. Derek Brunson,Derek Brunson,-100.0
2013-08-31,UFC 164: Henderson vs Pettis 2,Louis Gaudinot vs. Tim Elliott,Louis Gaudinot,200.0
2013-08-31,UFC 164: Henderson vs Pettis 2,Louis Gaudinot vs. Tim Elliott,Tim Elliott,-200.0
2014-07-16,UFC Fight Night: Cowboy vs Miller,Lucas Martins vs. Alex White,Lucas Martins,144.0
2014-07-16,UFC Fight Night: Cowboy vs Miller,Lucas Martins vs. Alex White,Alex White,-144.0
2013-05-18,UFC on FX: Belfort vs. Rockhold,Lucas Martins vs. Jeremy Larsen,Lucas Martins,148.0
2013-05-18,UFC on FX: Belfort vs. Rockhold,Lucas Martins vs. Jeremy Larsen,Jeremy Larsen,-148.0
2015-05-30,UFC Fight Night: Condit vs Alves,Lucas Martins vs. Mirsad Bektic,Lucas Martins,214.0
2015-05-30,UFC Fight Night: Condit vs Alves,Lucas Martins vs. Mirsad Bektic,Mirsad Bektic,-214.0
2013-10-26,UFC Fight Night: Machida vs Munoz,Luke Barnatt vs. Andrew Craig,Luke Barnatt,-105.0
2013-10-26,UFC Fight Night: Machida vs Munoz,Luke Barnatt vs. Andrew Craig,Andrew Craig,105.0
2014-11-22,UFC Fight Night: Edgar vs Swanson,Luke Barnatt vs. Roger Narvaez,Luke Barnatt,-214.0
2014-11-22,UFC Fight Night: Edgar vs Swanson,Luke Barnatt vs. Roger Narvaez,Roger Narvaez,214.0
2014-05-31,UFC Fight Night: Munoz vs Mousasi,Luke Barnatt vs. Sean Strickland,Luke Barnatt,200.0
2014-05-31,UFC Fight Night: Munoz vs Mousasi,Luke Barnatt vs. Sean Strickland,Sean Strickland,-200.0
2014-01-15,UFC Fight Night: Rockhold vs Philippou,Luke Rockhold vs. Constantinos Philippou,Luke Rockhold,115.0
2014-01-15,UFC Fight Night: Rockhold vs Philippou,Luke Rockhold vs. Constantinos Philippou,Constantinos Philippou,-115.0
2014-11-07,UFC Fight Night: Rockhold vs Bisping,Luke Rockhold vs. Michael Bisping,Luke Rockhold,137.0
2014-11-07,UFC Fight Night: Rockhold vs Bisping,Luke Rockhold vs. Michael Bisping,Michael Bisping,-137.0
2014-04-26,UFC 172: Jones vs Teixeira,Luke Rockhold vs. Tim Boetsch,Luke Rockhold,-100.0
2014-04-26,UFC 172: Jones vs Teixeira,Luke Rockhold vs. Tim Boetsch,Tim Boetsch,-100.0
2014-12-20,UFC Fight Night: Machida vs Dollaway,Lyoto Machida vs. CB Dollaway,Lyoto Machida,105.0
2014-12-20,UFC Fight Night: Machida vs Dollaway,Lyoto Machida vs. CB Dollaway,CB Dollaway,-105.0
2013-02-23,UFC 157: Rousey vs Carmouche,Lyoto Machida vs. Dan Henderson,Lyoto Machida,-214.0
2013-02-23,UFC 157: Rousey vs Carmouche,Lyoto Machida vs. Dan Henderson,Dan Henderson,214.0
2014-02-15,UFC Fight Night: Machida vs Mousasi,Lyoto Machida vs. Gegard Mousasi,Lyoto Machida,-137.0
2014-02-15,UFC Fight Night: Machida vs Mousasi,Lyoto Machida vs. Gegard Mousasi,Gegard Mousasi,137.0
2015-04-18,UFC on FOX: Machida vs Rockhold,Lyoto Machida vs. Luke Rockhold,Lyoto Machida,-187.0
2015-04-18,UFC on FOX: Machida vs Rockhold,Lyoto Machida vs. Luke Rockhold,Luke Rockhold,187.0
2013-10-26,UFC Fight Night: Machida vs Munoz,Lyoto Machida vs. Mark Munoz,Lyoto Machida,-105.0
2013-10-26,UFC Fight Night: Machida vs Munoz,Lyoto Machida vs. Mark Munoz,Mark Munoz,105.0
2013-08-03,UFC 163: Aldo vs Jung,Lyoto Machida vs. Phil Davis,Lyoto Machida,105.0
2013-08-03,UFC 163: Aldo vs Jung,Lyoto Machida vs. Phil Davis,Phil Davis,-105.0
2013-07-27,UFC on FOX: Johnson vs Moraga,Mac Danzig vs. Melvin Guillard,Mac Danzig,214.0
2013-07-27,UFC on FOX: Johnson vs Moraga,Mac Danzig vs. Melvin Guillard,Melvin Guillard,-214.0
2014-05-31,UFC Fight Night: Munoz vs Mousasi,Magnus Cedenblad vs. Krzysztof Jotko,Magnus Cedenblad,200.0
2014-05-31,UFC Fight Night: Munoz vs Mousasi,Magnus Cedenblad vs. Krzysztof Jotko,Krzysztof Jotko,-200.0
2014-09-27,UFC 178: Johnson vs Cariaso,Manvel Gamburyan vs. Cody Gibson,Manvel Gamburyan,105.0
2014-09-27,UFC 178: Johnson vs Cariaso,Manvel Gamburyan vs. Cody Gibson,Cody Gibson,-105.0
2013-08-17,UFC Fight Night: Shogun vs Sonnen,Manvel Gamburyan vs. Cole Miller,Manvel Gamburyan,-106.0
2013-08-17,UFC Fight Night: Shogun vs Sonnen,Manvel Gamburyan vs. Cole Miller,Cole Miller,106.0
2014-06-28,UFC Fight Night: Swanson vs Stephens,Marcelo Guimaraes vs. Andy Enz,Marcelo Guimaraes,105.0
2014-06-28,UFC Fight Night: Swanson vs Stephens,Marcelo Guimaraes vs. Andy Enz,Andy Enz,-105.0
2014-12-20,UFC Fight Night: Machida vs Dollaway,Marcio Alexandre Junior vs. Tim Means,Marcio Alexandre Junior,135.0
2014-12-20,UFC Fight Night: Machida vs Dollaway,Marcio Alexandre Junior vs. Tim Means,Tim Means,-135.0
2014-12-20,UFC Fight Night: Machida vs Dollaway,Marcos Rogerio de Lima vs. Igor Pokrajac,Marcos Rogerio de Lima,-145.0
2014-12-20,UFC Fight Night: Machida vs Dollaway,Marcos Rogerio de Lima vs. Igor Pokrajac,Igor Pokrajac,145.0
2014-07-05,UFC 175: Weidman vs Machida,Marcus Brimage vs. Russell Doane,Marcus Brimage,105.0
2014-07-05,UFC 175: Weidman vs Machida,Marcus Brimage vs. Russell Doane,Russell Doane,-105.0
2013-12-06,UFC Fight Night: Hunt vs Bigfoot,Mark Hunt vs. Antonio Silva,Mark Hunt,-214.0
2013-12-06,UFC Fight Night: Hunt vs Bigfoot,Mark Hunt vs. Antonio Silva,Antonio Silva,214.0
2014-09-20,UFC Fight Night: Hunt vs Nelson,Mark Hunt vs. Roy Nelson,Mark Hunt,-214.0
2014-09-20,UFC Fight Night: Hunt vs Nelson,Mark Hunt vs. Roy Nelson,Roy Nelson,214.0
2014-05-31,UFC Fight Night: Munoz vs Mousasi,Mark Munoz vs. Gegard Mousasi,Mark Munoz,-100.0
2014-05-31,UFC Fight Night: Munoz vs Mousasi,Mark Munoz vs. Gegard Mousasi,Gegard Mousasi,-100.0
2015-05-16,UFC Fight Night: Edgar vs Faber,Mark Munoz vs. Luke Barnatt,Mark Munoz,-100.0
2015-05-16,UFC Fight Night: Edgar vs Faber,Mark Munoz vs. Luke Barnatt,Luke Barnatt,-100.0
2015-02-28,UFC 184: Rousey vs Zingano,Mark Munoz vs. Roan Carneiro,Mark Munoz,-100.0
2015-02-28,UFC 184: Rousey vs Zingano,Mark Munoz vs. Roan Carneiro,Roan Carneiro,-100.0
2013-07-06,UFC 162: Silva vs Weidman,Mark Munoz vs. Tim Boetsch,Mark Munoz,-100.0
2013-07-06,UFC 162: Silva vs Weidman,Mark Munoz vs. Tim Boetsch,Tim Boetsch,-100.0
2014-05-10,UFC Fight Night: Brown vs Silva,Matt Brown vs. Erick Silva,Matt Brown,-105.0
2014-05-10,UFC Fight Night: Brown vs Silva,Matt Brown vs. Erick Silva,Erick Silva,105.0
2013-04-20,UFC on FOX: Henderson vs Melendez,Matt Brown vs. Jordan Mein,Matt Brown,-100.0
2013-04-20,UFC on FOX: Henderson vs Melendez,Matt Brown vs. Jordan Mein,Jordan Mein,-100.0
2013-08-17,UFC Fight Night: Shogun vs Sonnen,Matt Brown vs. Mike Pyle,Matt Brown,-310.0
2013-08-17,UFC Fight Night: Shogun vs Sonnen,Matt Brown vs. Mike Pyle,Mike Pyle,310.0
2014-09-05,UFC Fight Night: Jacare vs Mousasi,Matt Mitrione vs. Derrick Lewis,Matt Mitrione,115.0
2014-09-05,UFC Fight Night: Jacare vs Mousasi,Matt Mitrione vs. Derrick Lewis,Derrick Lewis,-115.0
2013-04-06,UFC on FUEL TV: Mousasi vs Latifi,Matt Mitrione vs. Philip De Fries,Matt Mitrione,-100.0
2013-04-06,UFC on FUEL TV: Mousasi vs Latifi,Matt Mitrione vs. Philip De Fries,Philip De Fries,-100.0
2014-03-01,UFC Fight Night: Kim vs Hathaway,Matt Mitrione vs. Shawn Jordan,Matt Mitrione,-100.0
2014-03-01,UFC Fight Night: Kim vs Hathaway,Matt Mitrione vs. Shawn Jordan,Shawn Jordan,-100.0
2015-01-18,UFC Fight Night: McGregor vs Siver,Matt Van Buren vs. Sean O'Connell,Matt Van Buren,
2015-01-18,UFC Fight Night: McGregor vs Siver,Matt Van Buren vs. Sean O'Connell,Sean O'Connell,
2014-11-22,UFC Fight Night: Edgar vs Swanson,Matt Wiman vs. Isaac Vallie-Flagg,Matt Wiman,-200.0
2014-11-22,UFC Fight Night: Edgar vs Swanson,Matt Wiman vs. Isaac Vallie-Flagg,Isaac Vallie-Flagg,200.0
2013-08-17,UFC Fight Night: Shogun vs Sonnen,Mauricio Rua vs. Chael Sonnen,Mauricio Rua,200.0
2013-08-17,UFC Fight Night: Shogun vs Sonnen,Mauricio Rua vs. Chael Sonnen,Chael Sonnen,-200.0
2014-03-23,UFC Fight Night: Shogun vs Henderson 2,Mauricio Rua vs. Dan Henderson,Mauricio Rua,-214.0
2014-03-23,UFC Fight Night: Shogun vs Henderson 2,Mauricio Rua vs. Dan Henderson,Dan Henderson,214.0
2013-12-06,UFC Fight Night: Hunt vs Bigfoot,Mauricio Rua vs. James Te Huna,Mauricio Rua,105.0
2013-12-06,UFC Fight Night: Hunt vs Bigfoot,Mauricio Rua vs. James Te Huna,James Te Huna,-105.0
2014-11-08,UFC Fight Night 56: Shogun vs Saint Preux,Mauricio Rua vs. Ovince Saint Preux,Mauricio Rua,-204.0
2014-11-08,UFC Fight Night 56: Shogun vs Saint Preux,Mauricio Rua vs. Ovince Saint Preux,Ovince Saint Preux,204.0
2014-04-26,UFC 172: Jones vs Teixeira,Max Holloway vs. Andre Fili,Max Holloway,-106.0
2014-04-26,UFC 172: Jones vs Teixeira,Max Holloway vs. Andre Fili,Andre Fili,106.0
2015-02-14,UFC Fight Night: Henderson vs Thatch,Max Holloway vs. Cole Miller,Max Holloway,-200.0
2015-02-14,UFC Fight Night: Henderson vs Thatch,Max Holloway vs. Cole Miller,Cole Miller,200.0
2014-09-20,UFC Fight Night: Hunt vs Nelson,Maximo Blanco vs. Dan Hooker,Maximo Blanco,105.0
2014-09-20,UFC Fight Night: Hunt vs Nelson,Maximo Blanco vs. Dan Hooker,Dan Hooker,-105.0
2012-12-29,UFC 155: Dos Santos vs Velasquez II,Melvin Guillard vs. Jamie Varner,Melvin Guillard,-105.0
2012-12-29,UFC 155: Dos Santos vs Velasquez II,Melvin Guillard vs. Jamie Varner,Jamie Varner,105.0
2013-04-27,UFC 159: Jones vs Sonnen,Michael Bisping vs. Alan Belcher,Michael Bisping,-137.0
2013-04-27,UFC 159: Jones vs Sonnen,Michael Bisping vs. Alan Belcher,Alan Belcher,137.0
2015-04-25,UFC 186: Johnson vs Horiguchi,Michael Bisping vs. CB Dollaway,Michael Bisping,105.0
2015-04-25,UFC 186: Johnson vs Horiguchi,Michael Bisping vs. CB Dollaway,CB Dollaway,-105.0
2014-08-23,UFC Fight Night: Bisping vs Le,Michael Bisping vs. Cung Le,Michael Bisping,-214.0
2014-08-23,UFC Fight Night: Bisping vs Le,Michael Bisping vs. Cung Le,Cung Le,214.0
2014-04-16,UFC Fight Night: Bisping vs Kennedy,Michael Bisping vs. Tim Kennedy,Michael Bisping,-187.0
2014-04-16,UFC Fight Night: Bisping vs Kennedy,Michael Bisping vs. Tim Kennedy,Tim Kennedy,187.0
2013-02-23,UFC 157: Rousey vs Carmouche,Michael Chiesa vs. Anton Kuivanen,Michael Chiesa,-187.0
2013-02-23,UFC 157: Rousey vs Carmouche,Michael Chiesa vs. Anton Kuivanen,Anton Kuivanen,187.0
2014-05-24,UFC 173: Barao vs Dillashaw,Michael Chiesa vs. Francisco Trinaldo,Michael Chiesa,-135.0
2014-05-24,UFC 173: Barao vs Dillashaw,Michael Chiesa vs. Francisco Trinaldo,Francisco Trinaldo,135.0
2013-07-27,UFC on FOX: Johnson vs Moraga,Michael Chiesa vs. Jorge Masvidal,Michael Chiesa,135.0
2013-07-27,UFC on FOX: Johnson vs Moraga,Michael Chiesa vs. Jorge Masvidal,Jorge Masvidal,-135.0
2015-04-04,UFC Fight Night: Mendes vs Lamas,Michael Chiesa vs. Mitch Clarke,Michael Chiesa,-281.0
2015-04-04,UFC Fight Night: Mendes vs Lamas,Michael Chiesa vs. Mitch Clarke,Mitch Clarke,281.0
2014-03-08,UFC Fight Night: Gustafsson vs Manuwa,Michael Johnson vs. Melvin Guillard,Michael Johnson,214.0
2014-03-08,UFC Fight Night: Gustafsson vs Manuwa,Michael Johnson vs. Melvin Guillard,Melvin Guillard,-214.0
2012-12-29,UFC 155: Dos Santos vs Velasquez II,Michael Johnson vs. Myles Jury,Michael Johnson,-100.0
2012-12-29,UFC 155: Dos Santos vs Velasquez II,Michael Johnson vs. Myles Jury,Myles Jury,-100.0
2013-04-06,UFC on FUEL TV: Mousasi vs Latifi,Michael Kuiper vs. Tom Lawlor,Michael Kuiper,135.0
2013-04-06,UFC on FUEL TV: Mousasi vs Latifi,Michael Kuiper vs. Tom Lawlor,Tom Lawlor,-135.0
2015-02-14,UFC Fight Night: Henderson vs Thatch,Michel Prazeres vs. Kevin Lee,Michel Prazeres,135.0
2015-02-14,UFC Fight Night: Henderson vs Thatch,Michel Prazeres vs. Kevin Lee,Kevin Lee,-135.0
2014-03-23,UFC Fight Night: Shogun vs Henderson 2,Michel Prazeres vs. Mairbek Taisumov,Michel Prazeres,135.0
2014-03-23,UFC Fight Night: Shogun vs Henderson 2,Michel Prazeres vs. Mairbek Taisumov,Mairbek Taisumov,-135.0
2014-09-20,UFC Fight Night: Hunt vs Nelson,Michinori Tanaka vs. Kyung Ho Kang,Michinori Tanaka,-187.0
2014-09-20,UFC Fight Night: Hunt vs Nelson,Michinori Tanaka vs. Kyung Ho Kang,Kyung Ho Kang,187.0
2013-08-17,UFC Fight Night: Shogun vs Sonnen,Mike Brown vs. Steven Siler,Mike Brown,-100.0
2013-08-17,UFC Fight Night: Shogun vs Sonnen,Mike Brown vs. Steven Siler,Steven Siler,-100.0
2013-07-06,UFC 162: Silva vs Weidman,Mike Pierce vs. David Mitchell,Mike Pierce,-115.0
2013-07-06,UFC 162: Silva vs Weidman,Mike Pierce vs. David Mitchell,David Mitchell,115.0
2015-05-23,UFC 187: Johnson vs Cormier,Mike Pyle vs. Colby Covington,Mike Pyle,321.0
2015-05-23,UFC 187: Johnson vs Cormier,Mike Pyle vs. Colby Covington,Colby Covington,-321.0
2012-12-15,The Ultimate Fighter: Team Carwin vs. Team Nelson Finale,Mike Pyle vs. James Head,Mike Pyle,137.0
2012-12-15,The Ultimate Fighter: Team Carwin vs. Team Nelson Finale,Mike Pyle vs. James Head,James Head,-137.0
2014-08-23,UFC Fight Night: Henderson vs Dos Anjos,Mike Pyle vs. Jordan Mein,Mike Pyle,281.0
2014-08-23,UFC Fight Night: Henderson vs Dos Anjos,Mike Pyle vs. Jordan Mein,Jordan Mein,-281.0
2013-05-25,UFC 160: Velasquez vs Silva 2,Mike Pyle vs. Rick Story,Mike Pyle,
2013-05-25,UFC 160: Velasquez vs Silva 2,Mike Pyle vs. Rick Story,Rick Story,
2014-02-22,UFC 170: Rousey vs McMann,Mike Pyle vs. TJ Waldburger,Mike Pyle,321.0
2014-02-22,UFC 170: Rousey vs McMann,Mike Pyle vs. TJ Waldburger,TJ Waldburger,-321.0
2013-03-16,UFC 158: St-Pierre vs Diaz,Mike Ricci vs. Colin Fletcher,Mike Ricci,110.0
2013-03-16,UFC 158: St-Pierre vs Diaz,Mike Ricci vs. Colin Fletcher,Colin Fletcher,-110.0
2013-09-21,UFC 165: Jones vs Gustafsson,Mike Ricci vs. Myles Jury,Mike Ricci,137.0
2013-09-21,UFC 165: Jones vs Gustafsson,Mike Ricci vs. Myles Jury,Myles Jury,-137.0
2013-01-26,UFC on FOX: Johnson vs Dodson,Mike Russow vs. Shawn Jordan,Mike Russow,-100.0
2013-01-26,UFC on FOX: Johnson vs Dodson,Mike Russow vs. Shawn Jordan,Shawn Jordan,-100.0
2013-01-26,UFC on FOX: Johnson vs Dodson,Mike Stumpf vs. Pascal Krauss,Mike Stumpf,135.0
2013-01-26,UFC on FOX: Johnson vs Dodson,Mike Stumpf vs. Pascal Krauss,Pascal Krauss,-135.0
2013-06-15,UFC 161: Evans vs Henderson,Mitch Clarke vs. John Maguire,Mitch Clarke,135.0
2013-06-15,UFC 161: Evans vs Henderson,Mitch Clarke vs. John Maguire,John Maguire,-135.0
2013-09-21,UFC 165: Jones vs Gustafsson,Mitch Gagnon vs. Dustin Kimura,Mitch Gagnon,-214.0
2013-09-21,UFC 165: Jones vs Gustafsson,Mitch Gagnon vs. Dustin Kimura,Dustin Kimura,214.0
2014-09-20,UFC Fight Night: Hunt vs Nelson,Myles Jury vs. Takanori Gomi,Myles Jury,-200.0
2014-09-20,UFC Fight Night: Hunt vs Nelson,Myles Jury vs. Takanori Gomi,Takanori Gomi,200.0
2014-03-01,UFC Fight Night: Kim vs Hathaway,Nam Phan vs. Vaughan Lee,Nam Phan,170.0
2014-03-01,UFC Fight Night: Kim vs Hathaway,Nam Phan vs. Vaughan Lee,Vaughan Lee,-170.0
2013-04-20,UFC on FOX: Henderson vs Melendez,Nate Diaz vs. Josh Thomson,Nate Diaz,-115.0
2013-04-20,UFC on FOX: Henderson vs Melendez,Nate Diaz vs. Josh Thomson,Josh Thomson,115.0
2013-10-19,UFC 166: Velasquez vs Dos Santos 3,Nate Marquardt vs. Hector Lombard,Nate Marquardt,-147.0
2013-10-19,UFC 166: Velasquez vs Dos Santos 3,Nate Marquardt vs. Hector Lombard,Hector Lombard,147.0
2014-08-23,UFC Fight Night: Henderson vs Dos Anjos,Neil Magny vs. Alex Garcia,Neil Magny,200.0
2014-08-23,UFC Fight Night: Henderson vs Dos Anjos,Neil Magny vs. Alex Garcia,Alex Garcia,-200.0
2015-02-14,UFC Fight Night: Henderson vs Thatch,Neil Magny vs. Kiichi Kunimoto,Neil Magny,-214.0
2015-02-14,UFC Fight Night: Henderson vs Thatch,Neil Magny vs. Kiichi Kunimoto,Kiichi Kunimoto,214.0
2013-11-06,UFC Fight Night: Fight for the Troops 3,Neil Magny vs. Seth Baczynski,Neil Magny,-187.0
2013-11-06,UFC Fight Night: Fight for the Troops 3,Neil Magny vs. Seth Baczynski,Seth Baczynski,187.0
2014-05-10,UFC Fight Night: Brown vs Silva,Neil Magny vs. Tim Means,Neil Magny,-115.0
2014-05-10,UFC Fight Night: Brown vs Silva,Neil Magny vs. Tim Means,Tim Means,115.0
2015-01-24,UFC on FOX: Gustafsson vs Johnson,Neil Seery vs. Chris Beal,Neil Seery,105.0
2015-01-24,UFC on FOX: Gustafsson vs Johnson,Neil Seery vs. Chris Beal,Chris Beal,-105.0
2014-07-19,UFC Fight Night: McGregor vs Brandao,Neil Seery vs. Phil Harris,Neil Seery,105.0
2014-07-19,UFC Fight Night: McGregor vs Brandao,Neil Seery vs. Phil Harris,Phil Harris,-105.0
2015-01-24,UFC on FOX: Gustafsson vs Johnson,Nicholas Musoke vs. Albert Tumenov,Nicholas Musoke,115.0
2015-01-24,UFC on FOX: Gustafsson vs Johnson,Nicholas Musoke vs. Albert Tumenov,Albert Tumenov,-115.0
2014-10-04,UFC Fight Night: Nelson vs Story,Nicholas Musoke vs. Alexander Yakovlev,Nicholas Musoke,-100.0
2014-10-04,UFC Fight Night: Nelson vs Story,Nicholas Musoke vs. Alexander Yakovlev,Alexander Yakovlev,-100.0
2014-02-01,UFC 169: Barao vs Faber 2,Nick Catone vs. Tom Watson,Nick Catone,-187.0
2014-02-01,UFC 169: Barao vs Faber 2,Nick Catone vs. Tom Watson,Tom Watson,187.0
2013-12-06,UFC Fight Night: Hunt vs Bigfoot,Nick Ring vs. Caio Magalhaes,Nick Ring,-100.0
2013-12-06,UFC Fight Night: Hunt vs Bigfoot,Nick Ring vs. Caio Magalhaes,Caio Magalhaes,-100.0
2013-03-16,UFC 158: St-Pierre vs Diaz,Nick Ring vs. Chris Camozzi,Nick Ring,137.0
2013-03-16,UFC 158: St-Pierre vs Diaz,Nick Ring vs. Chris Camozzi,Chris Camozzi,-137.0
2015-01-24,UFC on FOX: Gustafsson vs Johnson,Nikita Krylov vs. Stanislav Nedkov,Nikita Krylov,-100.0
2015-01-24,UFC on FOX: Gustafsson vs Johnson,Nikita Krylov vs. Stanislav Nedkov,Stanislav Nedkov,-100.0
2014-10-04,UFC Fight Night: Nelson vs Story,Niklas Backstrom vs. Mike Wilkinson,Niklas Backstrom,-100.0
2014-10-04,UFC Fight Night: Nelson vs Story,Niklas Backstrom vs. Mike Wilkinson,Mike Wilkinson,-100.0
2015-05-16,UFC Fight Night: Edgar vs Faber,Nolan Ticman vs. Yao Zhikui,Nolan Ticman,135.0
2015-05-16,UFC Fight Night: Edgar vs Faber,Nolan Ticman vs. Yao Zhikui,Yao Zhikui,-135.0
2015-04-25,UFC 186: Johnson vs Horiguchi,Nordine Taleb vs. Chris Clements,Nordine Taleb,-214.0
2015-04-25,UFC 186: Johnson vs Horiguchi,Nordine Taleb vs. Chris Clements,Chris Clements,214.0
2014-10-04,UFC Fight Night: MacDonald vs Saffiedine,Nordine Taleb vs. Li Jingliang,Nordine Taleb,-115.0
2014-10-04,UFC Fight Night: MacDonald vs Saffiedine,Nordine Taleb vs. Li Jingliang,Li Jingliang,115.0
2015-01-18,UFC Fight Night: McGregor vs Siver,Norman Parke vs. Gleison Tibau,Norman Parke,-135.0
2015-01-18,UFC Fight Night: McGregor vs Siver,Norman Parke vs. Gleison Tibau,Gleison Tibau,135.0
2013-10-26,UFC Fight Night: Machida vs Munoz,Norman Parke vs. Jon Tuck,Norman Parke,-214.0
2013-10-26,UFC Fight Night: Machida vs Munoz,Norman Parke vs. Jon Tuck,Jon Tuck,214.0
2013-07-06,UFC 162: Silva vs Weidman,Norman Parke vs. Kazuki Tokudome,Norman Parke,-115.0
2013-07-06,UFC 162: Silva vs Weidman,Norman Parke vs. Kazuki Tokudome,Kazuki Tokudome,115.0
2014-07-19,UFC Fight Night: McGregor vs Brandao,Norman Parke vs. Naoyuki Kotani,Norman Parke,-200.0
2014-07-19,UFC Fight Night: McGregor vs Brandao,Norman Parke vs. Naoyuki Kotani,Naoyuki Kotani,200.0
2015-04-25,UFC 186: Johnson vs Horiguchi,Olivier Aubin-Mercier vs. David Michaud,Olivier Aubin-Mercier,-100.0
2015-04-25,UFC 186: Johnson vs Horiguchi,Olivier Aubin-Mercier vs. David Michaud,David Michaud,-100.0
2014-10-04,UFC Fight Night: MacDonald vs Saffiedine,Olivier Aubin-Mercier vs. Jake Lindsey,Olivier Aubin-Mercier,-105.0
2014-10-04,UFC Fight Night: MacDonald vs Saffiedine,Olivier Aubin-Mercier vs. Jake Lindsey,Jake Lindsey,105.0
2015-01-03,UFC 182: Jones vs Cormier,Omari Akhmedov vs. Mats Nilsson,Omari Akhmedov,-144.0
2015-01-03,UFC 182: Jones vs Cormier,Omari Akhmedov vs. Mats Nilsson,Mats Nilsson,144.0
2014-03-15,UFC 171: Hendricks vs Lawler,Ovince Saint Preux vs. Nikita Krylov,Ovince Saint Preux,214.0
2014-03-15,UFC 171: Hendricks vs Lawler,Ovince Saint Preux vs. Nikita Krylov,Nikita Krylov,-214.0
2015-04-18,UFC on FOX: Machida vs Rockhold,Ovince Saint Preux vs. Patrick Cummins,Ovince Saint Preux,214.0
2015-04-18,UFC on FOX: Machida vs Rockhold,Ovince Saint Preux vs. Patrick Cummins,Patrick Cummins,-214.0
2014-06-14,UFC 174: Johnson vs Bagautinov,Ovince Saint Preux vs. Ryan Jimmo,Ovince Saint Preux,115.0
2014-06-14,UFC 174: Johnson vs Bagautinov,Ovince Saint Preux vs. Ryan Jimmo,Ryan Jimmo,-115.0
2015-01-18,UFC Fight Night: McGregor vs Siver,Paddy Holohan vs. Shane Howell,Paddy Holohan,-200.0
2015-01-18,UFC Fight Night: McGregor vs Siver,Paddy Holohan vs. Shane Howell,Shane Howell,200.0
2013-04-06,UFC on FUEL TV: Mousasi vs Latifi,Papy Abedi vs. Besam Yousef,Papy Abedi,105.0
2013-04-06,UFC on FUEL TV: Mousasi vs Latifi,Papy Abedi vs. Besam Yousef,Besam Yousef,-105.0
2013-08-31,UFC 164: Henderson vs Pettis 2,Pascal Krauss vs. Hyun Gyu Lim,Pascal Krauss,-187.0
2013-08-31,UFC 164: Henderson vs Pettis 2,Pascal Krauss vs. Hyun Gyu Lim,Hyun Gyu Lim,187.0
2012-12-15,The Ultimate Fighter: Team Carwin vs. Team Nelson Finale,Pat Barry vs. Shane del Rosario,Pat Barry,105.0
2012-12-15,The Ultimate Fighter: Team Carwin vs. Team Nelson Finale,Pat Barry vs. Shane del Rosario,Shane del Rosario,-105.0
2013-06-15,UFC 161: Evans vs Henderson,Pat Barry vs. Shawn Jordan,Pat Barry,193.0
2013-06-15,UFC 161: Evans vs Henderson,Pat Barry vs. Shawn Jordan,Shawn Jordan,-193.0
2013-12-06,UFC Fight Night: Hunt vs Bigfoot,Pat Barry vs. Soa Palelei,Pat Barry,105.0
2013-12-06,UFC Fight Night: Hunt vs Bigfoot,Pat Barry vs. Soa Palelei,Soa Palelei,-105.0
2013-09-21,UFC 165: Jones vs Gustafsson,Pat Healy vs. Khabib Nurmagomedov,Pat Healy,321.0
2013-09-21,UFC 165: Jones vs Gustafsson,Pat Healy vs. Khabib Nurmagomedov,Khabib Nurmagomedov,-321.0
2015-04-25,UFC 186: Johnson vs Horiguchi,Patrick Cote vs. Joe Riggs,Patrick Cote,321.0
2015-04-25,UFC 186: Johnson vs Horiguchi,Patrick Cote vs. Joe Riggs,Joe Riggs,-321.0
2014-04-16,UFC Fight Night: Bisping vs Kennedy,Patrick Cote vs. Kyle Noke,Patrick Cote,281.0
2014-04-16,UFC Fight Night: Bisping vs Kennedy,Patrick Cote vs. Kyle Noke,Kyle Noke,-281.0
2014-09-27,UFC 178: Johnson vs Cariaso,Patrick Cote vs. Stephen Thompson,Patrick Cote,281.0
2014-09-27,UFC 178: Johnson vs Cariaso,Patrick Cote vs. Stephen Thompson,Stephen Thompson,-281.0
2013-02-16,UFC on FUEL TV: Barao vs McDonald,Paul Sass vs. Danny Castillo,Paul Sass,110.0
2013-02-16,UFC on FUEL TV: Barao vs McDonald,Paul Sass vs. Danny Castillo,Danny Castillo,-110.0
2013-11-09,UFC Fight Night: Belfort vs Henderson 2,Paulo Thiago vs. Brandon Thatch,Paulo Thiago,
2013-11-09,UFC Fight Night: Belfort vs Henderson 2,Paulo Thiago vs. Brandon Thatch,Brandon Thatch,
2014-05-31,UFC Fight Night: Miocic vs Maldonado,Paulo Thiago vs. Gasan Umalatov,Paulo Thiago,-100.0
2014-05-31,UFC Fight Night: Miocic vs Maldonado,Paulo Thiago vs. Gasan Umalatov,Gasan Umalatov,-100.0
2014-09-13,UFC Fight Night: Bigfoot vs Arlovski,Paulo Thiago vs. Sean Spencer,Paulo Thiago,-100.0
2014-09-13,UFC Fight Night: Bigfoot vs Arlovski,Paulo Thiago vs. Sean Spencer,Sean Spencer,-100.0
2015-04-11,UFC Fight Night: Gonzaga vs Cro Cop 2,Pawel Pawlak vs. Sheldon Westcott,Pawel Pawlak,-105.0
2015-04-11,UFC Fight Night: Gonzaga vs Cro Cop 2,Pawel Pawlak vs. Sheldon Westcott,Sheldon Westcott,105.0
2014-04-26,UFC 172: Jones vs Teixeira,Phil Davis vs. Anthony Johnson,Phil Davis,115.0
2014-04-26,UFC 172: Jones vs Teixeira,Phil Davis vs. Anthony Johnson,Anthony Johnson,-115.0
2015-01-24,UFC on FOX: Gustafsson vs Johnson,Phil Davis vs. Ryan Bader,Phil Davis,-100.0
2015-01-24,UFC on FOX: Gustafsson vs Johnson,Phil Davis vs. Ryan Bader,Ryan Bader,-100.0
2013-04-27,UFC 159: Jones vs Sonnen,Phil Davis vs. Vinny Magalhaes,Phil Davis,-187.0
2013-04-27,UFC 159: Jones vs Sonnen,Phil Davis vs. Vinny Magalhaes,Vinny Magalhaes,187.0
2013-10-26,UFC Fight Night: Machida vs Munoz,Phil Harris vs. John Lineker,Phil Harris,115.0
2013-10-26,UFC Fight Night: Machida vs Munoz,Phil Harris vs. John Lineker,John Lineker,-115.0
2013-02-16,UFC on FUEL TV: Barao vs McDonald,Phil Harris vs. Ulysses Gomez,Phil Harris,-281.0
2013-02-16,UFC on FUEL TV: Barao vs McDonald,Phil Harris vs. Ulysses Gomez,Ulysses Gomez,281.0
2012-12-29,UFC 155: Dos Santos vs Velasquez II,Philip De Fries vs. Todd Duffee,Philip De Fries,110.0
2012-12-29,UFC 155: Dos Santos vs Velasquez II,Philip De Fries vs. Todd Duffee,Todd Duffee,-110.0
2015-05-16,UFC Fight Night: Edgar vs Faber,Phillipe Nover vs. Yui Chul Nam,Phillipe Nover,129.0
2015-05-16,UFC Fight Night: Edgar vs Faber,Phillipe Nover vs. Yui Chul Nam,Yui Chul Nam,-129.0
2013-11-09,UFC Fight Night: Belfort vs Henderson 2,Rafael Cavalcante vs. Igor Pokrajac,Rafael Cavalcante,105.0
2013-11-09,UFC Fight Night: Belfort vs Henderson 2,Rafael Cavalcante vs. Igor Pokrajac,Igor Pokrajac,-105.0
2014-06-07,UFC Fight Night: Henderson vs Khabilov,Rafael Dos Anjos vs. Jason High,Rafael Dos Anjos,-147.0
2014-06-07,UFC Fight Night: Henderson vs Khabilov,Rafael Dos Anjos vs. Jason High,Jason High,147.0
2014-04-19,UFC on FOX: Werdum vs Browne,Rafael Dos Anjos vs. Khabib Nurmagomedov,Rafael Dos Anjos,200.0
2014-04-19,UFC on FOX: Werdum vs Browne,Rafael Dos Anjos vs. Khabib Nurmagomedov,Khabib Nurmagomedov,-200.0
2014-12-13,UFC on FOX: Dos Santos vs Miocic,Rafael Dos Anjos vs. Nate Diaz,Rafael Dos Anjos,-105.0
2014-12-13,UFC on FOX: Dos Santos vs Miocic,Rafael Dos Anjos vs. Nate Diaz,Nate Diaz,105.0
2014-09-05,UFC Fight Night: Jacare vs Mousasi,Rafael Natal vs. Chris Camozzi,Rafael Natal,-105.0
2014-09-05,UFC Fight Night: Jacare vs Mousasi,Rafael Natal vs. Chris Camozzi,Chris Camozzi,105.0
2015-01-31,UFC 183: Silva vs Diaz,Rafael Natal vs. Tom Watson,Rafael Natal,-136.0
2015-01-31,UFC 183: Silva vs Diaz,Rafael Natal vs. Tom Watson,Tom Watson,136.0
2013-09-04,UFC Fight Night: Teixeira vs Bader,Rafael Natal vs. Tor Troeng,Rafael Natal,-100.0
2013-09-04,UFC Fight Night: Teixeira vs Bader,Rafael Natal vs. Tor Troeng,Tor Troeng,-100.0
2014-02-22,UFC 170: Rousey vs McMann,Rafaello Oliveira vs. Erik Koch,Rafaello Oliveira,-100.0
2014-02-22,UFC 170: Rousey vs McMann,Rafaello Oliveira vs. Erik Koch,Erik Koch,-100.0
2014-01-25,UFC on FOX: Henderson vs Thomson,Ramiro Hernandez vs. Hugo Viana,Ramiro Hernandez,155.0
2014-01-25,UFC on FOX: Henderson vs Thomson,Ramiro Hernandez vs. Hugo Viana,Hugo Viana,-155.0
2014-04-11,UFC Fight Night: Minotauro vs Nelson,Ramsey Nijem vs. Beneil Dariush,Ramsey Nijem,-281.0
2014-04-11,UFC Fight Night: Minotauro vs Nelson,Ramsey Nijem vs. Beneil Dariush,Beneil Dariush,281.0
2014-08-30,UFC 177: Dillashaw vs Soto,Ramsey Nijem vs. Diego Ferreira,Ramsey Nijem,-321.0
2014-08-30,UFC 177: Dillashaw vs Soto,Ramsey Nijem vs. Diego Ferreira,Diego Ferreira,321.0
2014-01-15,UFC Fight Night: Rockhold vs Philippou,Ramsey Nijem vs. Justin Edwards,Ramsey Nijem,-281.0
2014-01-15,UFC Fight Night: Rockhold vs Philippou,Ramsey Nijem vs. Justin Edwards,Justin Edwards,281.0
2013-04-20,UFC on FOX: Henderson vs Melendez,Ramsey Nijem vs. Myles Jury,Ramsey Nijem,-100.0
2013-04-20,UFC on FOX: Henderson vs Melendez,Ramsey Nijem vs. Myles Jury,Myles Jury,-100.0
2014-09-13,UFC Fight Night: Bigfoot vs Arlovski,Rani Yahya vs. Johnny Bedford,Rani Yahya,137.0
2014-09-13,UFC Fight Night: Bigfoot vs Arlovski,Rani Yahya vs. Johnny Bedford,Johnny Bedford,-137.0
2013-08-03,UFC 163: Aldo vs Jung,Rani Yahya vs. Josh Clopton,Rani Yahya,-100.0
2013-08-03,UFC 163: Aldo vs Jung,Rani Yahya vs. Josh Clopton,Josh Clopton,-100.0
2014-10-04,UFC Fight Night: MacDonald vs Saffiedine,Raphael Assuncao vs. Bryan Caraway,Raphael Assuncao,-200.0
2014-10-04,UFC Fight Night: MacDonald vs Saffiedine,Raphael Assuncao vs. Bryan Caraway,Bryan Caraway,200.0
2013-10-09,UFC Fight Night: Maia vs Shields,Raphael Assuncao vs. TJ Dillashaw,Raphael Assuncao,-100.0
2013-10-09,UFC Fight Night: Maia vs Shields,Raphael Assuncao vs. TJ Dillashaw,TJ Dillashaw,-100.0
2013-06-08,UFC on FUEL TV: Nogueira vs. Werdum,Raphael Assuncao vs. Vaughan Lee,Raphael Assuncao,-135.0
2013-06-08,UFC on FUEL TV: Nogueira vs. Werdum,Raphael Assuncao vs. Vaughan Lee,Vaughan Lee,135.0
2013-11-16,UFC 167: St-Pierre vs Hendricks,Rashad Evans vs. Chael Sonnen,Rashad Evans,214.0
2013-11-16,UFC 167: St-Pierre vs Hendricks,Rashad Evans vs. Chael Sonnen,Chael Sonnen,-214.0
2013-06-15,UFC 161: Evans vs Henderson,Rashad Evans vs. Dan Henderson,Rashad Evans,-214.0
2013-06-15,UFC 161: Evans vs Henderson,Rashad Evans vs. Dan Henderson,Dan Henderson,214.0
2013-02-02,UFC 156: Aldo vs Edgar,Rashad Evans vs. Rogerio Nogueira,Rashad Evans,-137.0
2013-02-02,UFC 156: Aldo vs Edgar,Rashad Evans vs. Rogerio Nogueira,Rogerio Nogueira,137.0
2015-02-14,UFC Fight Night: Henderson vs Thatch,Ray Borg vs. Chris Kelades,Ray Borg,-319.0
2015-02-14,UFC Fight Night: Henderson vs Thatch,Ray Borg vs. Chris Kelades,Chris Kelades,319.0
2013-09-21,UFC 165: Jones vs Gustafsson,Renan Barao vs. Eddie Wineland,Renan Barao,-206.0
2013-09-21,UFC 165: Jones vs Gustafsson,Renan Barao vs. Eddie Wineland,Eddie Wineland,206.0
2013-02-16,UFC on FUEL TV: Barao vs McDonald,Renan Barao vs. Michael McDonald,Renan Barao,-100.0
2013-02-16,UFC on FUEL TV: Barao vs McDonald,Renan Barao vs. Michael McDonald,Michael McDonald,-100.0
2014-12-20,UFC Fight Night: Machida vs Dollaway,Renan Barao vs. Mitch Gagnon,Renan Barao,-100.0
2014-12-20,UFC Fight Night: Machida vs Dollaway,Renan Barao vs. Mitch Gagnon,Mitch Gagnon,-100.0
2014-05-24,UFC 173: Barao vs Dillashaw,Renan Barao vs. TJ Dillashaw,Renan Barao,-100.0
2014-05-24,UFC 173: Barao vs Dillashaw,Renan Barao vs. TJ Dillashaw,TJ Dillashaw,-100.0
2014-02-01,UFC 169: Barao vs Faber 2,Renan Barao vs. Urijah Faber,Renan Barao,-137.0
2014-02-01,UFC 169: Barao vs Faber 2,Renan Barao vs. Urijah Faber,Urijah Faber,137.0
2012-12-15,The Ultimate Fighter: Team Carwin vs. Team Nelson Finale,Reuben Duran vs. Hugo Viana,Reuben Duran,-105.0
2012-12-15,The Ultimate Fighter: Team Carwin vs. Team Nelson Finale,Reuben Duran vs. Hugo Viana,Hugo Viana,105.0
2013-04-06,UFC on FUEL TV: Mousasi vs Latifi,Reza Madadi vs. Michael Johnson,Reza Madadi,105.0
2013-04-06,UFC on FUEL TV: Mousasi vs Latifi,Reza Madadi vs. Michael Johnson,Michael Johnson,-105.0
2015-06-06,UFC Fight Night: Boetsch vs Henderson,Ricardo Abreu vs. Jake Collier,Ricardo Abreu,200.0
2015-06-06,UFC Fight Night: Boetsch vs Henderson,Ricardo Abreu vs. Jake Collier,Jake Collier,-200.0
2014-11-15,UFC 180: Werdum vs Hunt,Ricardo Lamas vs. Dennis Bermudez,Ricardo Lamas,214.0
2014-11-15,UFC 180: Werdum vs Hunt,Ricardo Lamas vs. Dennis Bermudez,Dennis Bermudez,-214.0
2014-06-28,UFC Fight Night: Swanson vs Stephens,Ricardo Lamas vs. Hacran Dias,Ricardo Lamas,129.0
2014-06-28,UFC Fight Night: Swanson vs Stephens,Ricardo Lamas vs. Hacran Dias,Hacran Dias,-129.0
2015-01-31,UFC 183: Silva vs Diaz,Richardson Moreira vs. Ildemar Alcantara,Richardson Moreira,110.0
2015-01-31,UFC 183: Silva vs Diaz,Richardson Moreira vs. Ildemar Alcantara,Ildemar Alcantara,-110.0
2014-11-07,UFC Fight Night: Rockhold vs Bisping,Richie Vaculik vs. Louis Smolka,Richie Vaculik,137.0
2014-11-07,UFC Fight Night: Rockhold vs Bisping,Richie Vaculik vs. Louis Smolka,Louis Smolka,-137.0
2014-07-16,UFC Fight Night: Cowboy vs Miller,Rick Story vs. Leonardo Mafra,Rick Story,-305.0
2014-07-16,UFC Fight Night: Cowboy vs Miller,Rick Story vs. Leonardo Mafra,Leonardo Mafra,305.0
2013-03-02,UFC on FUEL TV: Silva vs. Stann,Riki Fukuda vs. Brad Tavares,Riki Fukuda,-100.0
2013-03-02,UFC on FUEL TV: Silva vs. Stann,Riki Fukuda vs. Brad Tavares,Brad Tavares,-100.0
2013-07-27,UFC on FOX: Johnson vs Moraga,Robbie Lawler vs. Bobby Voelker,Robbie Lawler,-105.0
2013-07-27,UFC on FOX: Johnson vs Moraga,Robbie Lawler vs. Bobby Voelker,Bobby Voelker,105.0
2014-05-24,UFC 173: Barao vs Dillashaw,Robbie Lawler vs. Jake Ellenberger,Robbie Lawler,200.0
2014-05-24,UFC 173: Barao vs Dillashaw,Robbie Lawler vs. Jake Ellenberger,Jake Ellenberger,-200.0
2014-07-26,UFC on FOX: Lawler vs Brown,Robbie Lawler vs. Matt Brown,Robbie Lawler,159.0
2014-07-26,UFC on FOX: Lawler vs Brown,Robbie Lawler vs. Matt Brown,Matt Brown,-159.0
2013-12-28,UFC 168: Weidman vs Silva 2,Robert Peralta vs. Estevan Payan,Robert Peralta,-214.0
2013-12-28,UFC 168: Weidman vs Silva 2,Robert Peralta vs. Estevan Payan,Estevan Payan,214.0
2014-11-07,UFC Fight Night: Rockhold vs Bisping,Robert Whittaker vs. Clint Hester,Robert Whittaker,-100.0
2014-11-07,UFC Fight Night: Rockhold vs Bisping,Robert Whittaker vs. Clint Hester,Clint Hester,-100.0
2014-06-28,UFC Fight Night: Te Huna vs Marquardt,Robert Whittaker vs. Mike Rhodes,Robert Whittaker,-105.0
2014-06-28,UFC Fight Night: Te Huna vs Marquardt,Robert Whittaker vs. Mike Rhodes,Mike Rhodes,105.0
2014-02-22,UFC 170: Rousey vs McMann,Robert Whittaker vs. Stephen Thompson,Robert Whittaker,-105.0
2014-02-22,UFC 170: Rousey vs McMann,Robert Whittaker vs. Stephen Thompson,Stephen Thompson,105.0
2014-02-15,UFC Fight Night: Machida vs Mousasi,Rodrigo Damm vs. Ivan Jorge,Rodrigo Damm,-100.0
2014-02-15,UFC Fight Night: Machida vs Mousasi,Rodrigo Damm vs. Ivan Jorge,Ivan Jorge,-100.0
2013-06-08,UFC on FUEL TV: Nogueira vs. Werdum,Rodrigo Damm vs. Mizuto Hirota,Rodrigo Damm,-110.0
2013-06-08,UFC on FUEL TV: Nogueira vs. Werdum,Rodrigo Damm vs. Mizuto Hirota,Mizuto Hirota,110.0
2014-05-31,UFC Fight Night: Miocic vs Maldonado,Rodrigo Damm vs. Rashid Magomedov,Rodrigo Damm,-100.0
2014-05-31,UFC Fight Night: Miocic vs Maldonado,Rodrigo Damm vs. Rashid Magomedov,Rashid Magomedov,-100.0
2013-09-21,UFC 165: Jones vs Gustafsson,Roland Delorme vs. Alex Caceres,Roland Delorme,115.0
2013-09-21,UFC 165: Jones vs Gustafsson,Roland Delorme vs. Alex Caceres,Alex Caceres,-115.0
2013-06-15,UFC 161: Evans vs Henderson,Roland Delorme vs. Edwin Figueroa,Roland Delorme,-156.0
2013-06-15,UFC 161: Evans vs Henderson,Roland Delorme vs. Edwin Figueroa,Edwin Figueroa,156.0
2015-05-16,UFC Fight Night: Edgar vs Faber,Roldan Sangcha'an vs. Jon Delos Reyes,Roldan Sangcha'an,-105.0
2015-05-16,UFC Fight Night: Edgar vs Faber,Roldan Sangcha'an vs. Jon Delos Reyes,Jon Delos Reyes,105.0
2015-04-04,UFC Fight Night: Mendes vs Lamas,Ron Stallings vs. Justin Jones,Ron Stallings,200.0
2015-04-04,UFC Fight Night: Mendes vs Lamas,Ron Stallings vs. Justin Jones,Justin Jones,-200.0
2013-01-19,UFC on FX: Belfort vs Bisping,Ronny Markes vs. Andrew Craig,Ronny Markes,-214.0
2013-01-19,UFC on FX: Belfort vs Bisping,Ronny Markes vs. Andrew Craig,Andrew Craig,214.0
2014-03-23,UFC Fight Night: Shogun vs Henderson 2,Ronny Markes vs. Thiago Santos,Ronny Markes,-190.0
2014-03-23,UFC Fight Night: Shogun vs Henderson 2,Ronny Markes vs. Thiago Santos,Thiago Santos,190.0
2013-11-06,UFC Fight Night: Fight for the Troops 3,Ronny Markes vs. Yoel Romero,Ronny Markes,-100.0
2013-11-06,UFC Fight Night: Fight for the Troops 3,Ronny Markes vs. Yoel Romero,Yoel Romero,-100.0
2013-11-09,UFC Fight Night: Belfort vs Henderson 2,Rony Jason vs. Jeremy Stephens,Rony Jason,115.0
2013-11-09,UFC Fight Night: Belfort vs Henderson 2,Rony Jason vs. Jeremy Stephens,Jeremy Stephens,-115.0
2013-06-08,UFC on FUEL TV: Nogueira vs. Werdum,Rony Jason vs. Mike Wilkinson,Rony Jason,-115.0
2013-06-08,UFC on FUEL TV: Nogueira vs. Werdum,Rony Jason vs. Mike Wilkinson,Mike Wilkinson,115.0
2014-05-31,UFC Fight Night: Miocic vs Maldonado,Rony Jason vs. Robert Peralta,Rony Jason,105.0
2014-05-31,UFC Fight Night: Miocic vs Maldonado,Rony Jason vs. Robert Peralta,Robert Peralta,-105.0
2014-03-23,UFC Fight Night: Shogun vs Henderson 2,Rony Jason vs. Steven Siler,Rony Jason,105.0
2014-03-23,UFC Fight Night: Shogun vs Henderson 2,Rony Jason vs. Steven Siler,Steven Siler,-105.0
2014-02-22,UFC 170: Rousey vs McMann,Rory MacDonald vs. Demian Maia,Rory MacDonald,-200.0
2014-02-22,UFC 170: Rousey vs McMann,Rory MacDonald vs. Demian Maia,Demian Maia,200.0
2013-07-27,UFC on FOX: Johnson vs Moraga,Rory MacDonald vs. Jake Ellenberger,Rory MacDonald,-100.0
2013-07-27,UFC on FOX: Johnson vs Moraga,Rory MacDonald vs. Jake Ellenberger,Jake Ellenberger,-100.0
2013-11-16,UFC 167: St-Pierre vs Hendricks,Rory MacDonald vs. Robbie Lawler,Rory MacDonald,-214.0
2013-11-16,UFC 167: St-Pierre vs Hendricks,Rory MacDonald vs. Robbie Lawler,Robbie Lawler,214.0
2014-10-04,UFC Fight Night: MacDonald vs Saffiedine,Rory MacDonald vs. Tarec Saffiedine,Rory MacDonald,-214.0
2014-10-04,UFC Fight Night: MacDonald vs Saffiedine,Rory MacDonald vs. Tarec Saffiedine,Tarec Saffiedine,214.0
2014-06-14,UFC 174: Johnson vs Bagautinov,Rory MacDonald vs. Tyron Woodley,Rory MacDonald,-200.0
2014-06-14,UFC 174: Johnson vs Bagautinov,Rory MacDonald vs. Tyron Woodley,Tyron Woodley,200.0
2014-11-07,UFC Fight Night: Rockhold vs Bisping,Ross Pearson vs. Al Iaquinta,Ross Pearson,-100.0
2014-11-07,UFC Fight Night: Rockhold vs Bisping,Ross Pearson vs. Al Iaquinta,Al Iaquinta,-100.0
2015-03-14,UFC 185: Pettis vs Dos Anjos,Ross Pearson vs. Sam Stout,Ross Pearson,-281.0
2015-03-14,UFC 185: Pettis vs Dos Anjos,Ross Pearson vs. Sam Stout,Sam Stout,281.0
2013-10-09,UFC Fight Night: Maia vs Shields,Rousimar Palhares vs. Mike Pierce,Rousimar Palhares,115.0
2013-10-09,UFC Fight Night: Maia vs Shields,Rousimar Palhares vs. Mike Pierce,Mike Pierce,-115.0
2015-03-14,UFC 185: Pettis vs Dos Anjos,Roy Nelson vs. Alistair Overeem,Roy Nelson,281.0
2015-03-14,UFC 185: Pettis vs Dos Anjos,Roy Nelson vs. Alistair Overeem,Alistair Overeem,-281.0
2013-04-27,UFC 159: Jones vs Sonnen,Roy Nelson vs. Cheick Kongo,Roy Nelson,281.0
2013-04-27,UFC 159: Jones vs Sonnen,Roy Nelson vs. Cheick Kongo,Cheick Kongo,-281.0
2012-12-15,The Ultimate Fighter: Team Carwin vs. Team Nelson Finale,Roy Nelson vs. Matt Mitrione,Roy Nelson,214.0
2012-12-15,The Ultimate Fighter: Team Carwin vs. Team Nelson Finale,Roy Nelson vs. Matt Mitrione,Matt Mitrione,-214.0
2013-06-15,UFC 161: Evans vs Henderson,Roy Nelson vs. Stipe Miocic,Roy Nelson,214.0
2013-06-15,UFC 161: Evans vs Henderson,Roy Nelson vs. Stipe Miocic,Stipe Miocic,-214.0
2014-08-30,UFC 177: Dillashaw vs Soto,Ruan Potts vs. Anthony Hamilton,Ruan Potts,135.0
2014-08-30,UFC 177: Dillashaw vs Soto,Ruan Potts vs. Anthony Hamilton,Anthony Hamilton,-135.0
2015-02-22,UFC Fight Night: Bigfoot vs Mir,Rustam Khabilov vs. Adriano Martins,Rustam Khabilov,-137.0
2015-02-22,UFC Fight Night: Bigfoot vs Mir,Rustam Khabilov vs. Adriano Martins,Adriano Martins,137.0
2013-12-06,UFC Fight Night: Hunt vs Bigfoot,Ryan Bader vs. Anthony Perosh,Ryan Bader,-321.0
2013-12-06,UFC Fight Night: Hunt vs Bigfoot,Ryan Bader vs. Anthony Perosh,Anthony Perosh,321.0
2014-08-16,UFC Fight Night: Bader vs Saint Preux,Ryan Bader vs. Ovince Saint Preux,Ryan Bader,-281.0
2014-08-16,UFC Fight Night: Bader vs Saint Preux,Ryan Bader vs. Ovince Saint Preux,Ovince Saint Preux,281.0
2014-06-14,UFC 174: Johnson vs Bagautinov,Ryan Bader vs. Rafael Cavalcante,Ryan Bader,-214.0
2014-06-14,UFC 174: Johnson vs Bagautinov,Ryan Bader vs. Rafael Cavalcante,Rafael Cavalcante,214.0
2013-01-26,UFC on FOX: Johnson vs Dodson,Ryan Bader vs. Vladimir Matyushenko,Ryan Bader,-137.0
2013-01-26,UFC on FOX: Johnson vs Dodson,Ryan Bader vs. Vladimir Matyushenko,Vladimir Matyushenko,137.0
2013-08-31,UFC 164: Henderson vs Pettis 2,Ryan Couture vs. Al Iaquinta,Ryan Couture,-100.0
2013-08-31,UFC 164: Henderson vs Pettis 2,Ryan Couture vs. Al Iaquinta,Al Iaquinta,-100.0
2013-06-15,UFC 161: Evans vs Henderson,Ryan Jimmo vs. Igor Pokrajac,Ryan Jimmo,-110.0
2013-06-15,UFC 161: Evans vs Henderson,Ryan Jimmo vs. Igor Pokrajac,Igor Pokrajac,110.0
2014-08-23,UFC Fight Night: Bisping vs Le,Sai Wang vs. Danny Mitchell,Sai Wang,110.0
2014-08-23,UFC Fight Night: Bisping vs Le,Sai Wang vs. Danny Mitchell,Danny Mitchell,-110.0
2013-04-13,The Ultimate Fighter: Team Jones vs. Team Sonnen Finale,Sam Sicilia vs. Maximo Blanco,Sam Sicilia,-100.0
2013-04-13,The Ultimate Fighter: Team Jones vs. Team Sonnen Finale,Sam Sicilia vs. Maximo Blanco,Maximo Blanco,-100.0
2013-12-14,UFC on FOX: Johnson vs. Benavidez 2,Sam Stout vs. Cody McKenzie,Sam Stout,187.0
2013-12-14,UFC on FOX: Johnson vs. Benavidez 2,Sam Stout vs. Cody McKenzie,Cody McKenzie,-187.0
2014-04-16,UFC Fight Night: Bisping vs Kennedy,Sam Stout vs. KJ Noons,Sam Stout,105.0
2014-04-16,UFC Fight Night: Bisping vs Kennedy,Sam Stout vs. KJ Noons,KJ Noons,-105.0
2015-02-22,UFC Fight Night: Bigfoot vs Mir,Santiago Ponzinibbio vs. Sean Strickland,Santiago Ponzinibbio,212.0
2015-02-22,UFC Fight Night: Bigfoot vs Mir,Santiago Ponzinibbio vs. Sean Strickland,Sean Strickland,-212.0
2014-06-07,UFC Fight Night: Henderson vs Khabilov,Scott Jorgensen vs. Danny Martinez,Scott Jorgensen,105.0
2014-06-07,UFC Fight Night: Henderson vs Khabilov,Scott Jorgensen vs. Danny Martinez,Danny Martinez,-105.0
2014-10-25,UFC 179: Aldo vs Mendes 2,Scott Jorgensen vs. Wilson Reis,Scott Jorgensen,185.0
2014-10-25,UFC 179: Aldo vs Mendes 2,Scott Jorgensen vs. Wilson Reis,Wilson Reis,-185.0
2013-06-15,UFC 161: Evans vs Henderson,Sean Pierson vs. Kenny Robertson,Sean Pierson,105.0
2013-06-15,UFC 161: Evans vs Henderson,Sean Pierson vs. Kenny Robertson,Kenny Robertson,-105.0
2014-09-05,UFC Fight Night: Jacare vs Mousasi,Sean Soriano vs. Chas Skelly,Sean Soriano,135.0
2014-09-05,UFC Fight Night: Jacare vs Mousasi,Sean Soriano vs. Chas Skelly,Chas Skelly,-135.0
2014-03-15,UFC 171: Hendricks vs Lawler,Sean Spencer vs. Alex Garcia,Sean Spencer,135.0
2014-03-15,UFC 171: Hendricks vs Lawler,Sean Spencer vs. Alex Garcia,Alex Garcia,-135.0
2013-08-03,UFC 163: Aldo vs Jung,Sergio Moraes vs. Neil Magny,Sergio Moraes,187.0
2013-08-03,UFC 163: Aldo vs Jung,Sergio Moraes vs. Neil Magny,Neil Magny,-187.0
2014-12-06,UFC 181: Hendricks vs Lawler II,Sergio Pettis vs. Matt Hobar,Sergio Pettis,-105.0
2014-12-06,UFC 181: Hendricks vs Lawler II,Sergio Pettis vs. Matt Hobar,Matt Hobar,105.0
2015-03-14,UFC 185: Pettis vs Dos Anjos,Sergio Pettis vs. Ryan Benoit,Sergio Pettis,-200.0
2015-03-14,UFC 185: Pettis vs Dos Anjos,Sergio Pettis vs. Ryan Benoit,Ryan Benoit,200.0
2015-04-11,UFC Fight Night: Gonzaga vs Cro Cop 2,Seth Baczynski vs. Leon Edwards,Seth Baczynski,200.0
2015-04-11,UFC Fight Night: Gonzaga vs Cro Cop 2,Seth Baczynski vs. Leon Edwards,Leon Edwards,-200.0
2015-06-06,UFC Fight Night: Boetsch vs Henderson,Shawn Jordan vs. Derrick Lewis,Shawn Jordan,-100.0
2015-06-06,UFC Fight Night: Boetsch vs Henderson,Shawn Jordan vs. Derrick Lewis,Derrick Lewis,-100.0
2014-08-16,UFC Fight Night: Bader vs Saint Preux,Shawn Jordan vs. Jack May,Shawn Jordan,-157.0
2014-08-16,UFC Fight Night: Bader vs Saint Preux,Shawn Jordan vs. Jack May,Jack May,157.0
2013-01-26,UFC on FOX: Johnson vs Dodson,Simeon Thoresen vs. David Mitchell,Simeon Thoresen,-115.0
2013-01-26,UFC on FOX: Johnson vs Dodson,Simeon Thoresen vs. David Mitchell,David Mitchell,115.0
2014-06-28,UFC Fight Night: Te Huna vs Marquardt,Soa Palelei vs. Jared Rosholt,Soa Palelei,187.0
2014-06-28,UFC Fight Night: Te Huna vs Marquardt,Soa Palelei vs. Jared Rosholt,Jared Rosholt,-187.0
2014-11-07,UFC Fight Night: Rockhold vs Bisping,Soa Palelei vs. Walt Harris,Soa Palelei,-100.0
2014-11-07,UFC Fight Night: Rockhold vs Bisping,Soa Palelei vs. Walt Harris,Walt Harris,-100.0
2013-03-02,UFC on FUEL TV: Silva vs. Stann,Stefan Struve vs. Mark Hunt,Stefan Struve,200.0
2013-03-02,UFC on FUEL TV: Silva vs. Stann,Stefan Struve vs. Mark Hunt,Mark Hunt,-200.0
2013-05-25,UFC 160: Velasquez vs Silva 2,Stephen Thompson vs. Nah-Shon Burrell,Stephen Thompson,-100.0
2013-05-25,UFC 160: Velasquez vs Silva 2,Stephen Thompson vs. Nah-Shon Burrell,Nah-Shon Burrell,-100.0
2014-07-26,UFC on FOX: Lawler vs Brown,Steven Siler vs. Noad Lahat,Steven Siler,-105.0
2014-07-26,UFC on FOX: Lawler vs Brown,Steven Siler vs. Noad Lahat,Noad Lahat,105.0
2014-05-31,UFC Fight Night: Miocic vs Maldonado,Stipe Miocic vs. Fabio Maldonado,Stipe Miocic,-105.0
2014-05-31,UFC Fight Night: Miocic vs Maldonado,Stipe Miocic vs. Fabio Maldonado,Fabio Maldonado,105.0
2014-01-25,UFC on FOX: Henderson vs Thomson,Stipe Miocic vs. Gabriel Gonzaga,Stipe Miocic,115.0
2014-01-25,UFC on FOX: Henderson vs Thomson,Stipe Miocic vs. Gabriel Gonzaga,Gabriel Gonzaga,-115.0
2015-05-09,UFC Fight Night: Miocic vs Hunt,Stipe Miocic vs. Mark Hunt,Stipe Miocic,-105.0
2015-05-09,UFC Fight Night: Miocic vs Hunt,Stipe Miocic vs. Mark Hunt,Mark Hunt,105.0
2013-04-20,UFC on FOX: Henderson vs Melendez,TJ Dillashaw vs. Hugo Viana,TJ Dillashaw,-187.0
2013-04-20,UFC on FOX: Henderson vs Melendez,TJ Dillashaw vs. Hugo Viana,Hugo Viana,187.0
2013-03-16,UFC 158: St-Pierre vs Diaz,TJ Dillashaw vs. Issei Tamura,TJ Dillashaw,-186.0
2013-03-16,UFC 158: St-Pierre vs Diaz,TJ Dillashaw vs. Issei Tamura,Issei Tamura,186.0
2014-01-15,UFC Fight Night: Rockhold vs Philippou,TJ Dillashaw vs. Mike Easton,TJ Dillashaw,-115.0
2014-01-15,UFC Fight Night: Rockhold vs Philippou,TJ Dillashaw vs. Mike Easton,Mike Easton,115.0
2013-01-26,UFC on FOX: Johnson vs Dodson,TJ Grant vs. Matt Wiman,TJ Grant,-100.0
2013-01-26,UFC on FOX: Johnson vs Dodson,TJ Grant vs. Matt Wiman,Matt Wiman,-100.0
2013-10-19,UFC 166: Velasquez vs Dos Santos 3,TJ Waldburger vs. Adlan Amagov,TJ Waldburger,115.0
2013-10-19,UFC 166: Velasquez vs Dos Santos 3,TJ Waldburger vs. Adlan Amagov,Adlan Amagov,-115.0
2012-12-15,The Ultimate Fighter: Team Carwin vs. Team Nelson Finale,TJ Waldburger vs. Nick Catone,TJ Waldburger,-110.0
2012-12-15,The Ultimate Fighter: Team Carwin vs. Team Nelson Finale,TJ Waldburger vs. Nick Catone,Nick Catone,110.0
2015-05-16,UFC Fight Night: Edgar vs Faber,Tae Hyun Bang vs. Jon Tuck,Tae Hyun Bang,-115.0
2015-05-16,UFC Fight Night: Edgar vs Faber,Tae Hyun Bang vs. Jon Tuck,Jon Tuck,115.0
2013-03-02,UFC on FUEL TV: Silva vs. Stann,Takanori Gomi vs. Diego Sanchez,Takanori Gomi,137.0
2013-03-02,UFC on FUEL TV: Silva vs. Stann,Takanori Gomi vs. Diego Sanchez,Diego Sanchez,-137.0
2014-04-26,UFC 172: Jones vs Teixeira,Takanori Gomi vs. Isaac Vallie-Flagg,Takanori Gomi,-115.0
2014-04-26,UFC 172: Jones vs Teixeira,Takanori Gomi vs. Isaac Vallie-Flagg,Isaac Vallie-Flagg,115.0
2013-03-02,UFC on FUEL TV: Silva vs. Stann,Takeya Mizugaki vs. Bryan Caraway,Takeya Mizugaki,115.0
2013-03-02,UFC on FUEL TV: Silva vs. Stann,Takeya Mizugaki vs. Bryan Caraway,Bryan Caraway,-115.0
2013-08-28,UFC Fight Night: Condit vs Kampmann 2,Takeya Mizugaki vs. Erik Perez,Takeya Mizugaki,135.0
2013-08-28,UFC Fight Night: Condit vs Kampmann 2,Takeya Mizugaki vs. Erik Perez,Erik Perez,-135.0
2014-05-24,UFC 173: Barao vs Dillashaw,Takeya Mizugaki vs. Francisco Rivera,Takeya Mizugaki,-105.0
2014-05-24,UFC 173: Barao vs Dillashaw,Takeya Mizugaki vs. Francisco Rivera,Francisco Rivera,105.0
2013-12-06,UFC Fight Night: Hunt vs Bigfoot,Takeya Mizugaki vs. Nam Phan,Takeya Mizugaki,-187.0
2013-12-06,UFC Fight Night: Hunt vs Bigfoot,Takeya Mizugaki vs. Nam Phan,Nam Phan,187.0
2015-01-18,UFC Fight Night: McGregor vs Siver,Tateki Matsuda vs. Joby Sanchez,Tateki Matsuda,135.0
2015-01-18,UFC Fight Night: McGregor vs Siver,Tateki Matsuda vs. Joby Sanchez,Joby Sanchez,-135.0
2013-02-16,UFC on FUEL TV: Barao vs McDonald,Terry Etim vs. Renee Forte,Terry Etim,-100.0
2013-02-16,UFC on FUEL TV: Barao vs McDonald,Terry Etim vs. Renee Forte,Renee Forte,-100.0
2015-01-31,UFC 183: Silva vs Diaz,Thales Leites vs. Tim Boetsch,Thales Leites,-135.0
2015-01-31,UFC 183: Silva vs Diaz,Thales Leites vs. Tim Boetsch,Tim Boetsch,135.0
2013-08-03,UFC 163: Aldo vs Jung,Thales Leites vs. Tom Watson,Thales Leites,-100.0
2013-08-03,UFC 163: Aldo vs Jung,Thales Leites vs. Tom Watson,Tom Watson,-100.0
2014-04-11,UFC Fight Night: Minotauro vs Nelson,Thales Leites vs. Trevor Smith,Thales Leites,-100.0
2014-04-11,UFC Fight Night: Minotauro vs Nelson,Thales Leites vs. Trevor Smith,Trevor Smith,-100.0
2014-04-19,UFC on FOX: Werdum vs Browne,Thiago Alves vs. Seth Baczynski,Thiago Alves,-214.0
2014-04-19,UFC on FOX: Werdum vs Browne,Thiago Alves vs. Seth Baczynski,Seth Baczynski,214.0
2014-03-23,UFC Fight Night: Shogun vs Henderson 2,Thiago Perpetuo vs. Kenny Robertson,Thiago Perpetuo,-187.0
2014-03-23,UFC Fight Night: Shogun vs Henderson 2,Thiago Perpetuo vs. Kenny Robertson,Kenny Robertson,187.0
2015-01-31,UFC 183: Silva vs Diaz,Thiago Santos vs. Andy Enz,Thiago Santos,-100.0
2015-01-31,UFC 183: Silva vs Diaz,Thiago Santos vs. Andy Enz,Andy Enz,-100.0
2013-10-09,UFC Fight Night: Maia vs Shields,Thiago Silva vs. Matt Hamill,Thiago Silva,105.0
2013-10-09,UFC Fight Night: Maia vs Shields,Thiago Silva vs. Matt Hamill,Matt Hamill,-105.0
2013-11-09,UFC Fight Night: Belfort vs Henderson 2,Thiago Tavares vs. Justin Salas,Thiago Tavares,-105.0
2013-11-09,UFC Fight Night: Belfort vs Henderson 2,Thiago Tavares vs. Justin Salas,Justin Salas,105.0
2013-01-19,UFC on FX: Belfort vs Bisping,Thiago Tavares vs. Khabib Nurmagomedov,Thiago Tavares,-105.0
2013-01-19,UFC on FX: Belfort vs Bisping,Thiago Tavares vs. Khabib Nurmagomedov,Khabib Nurmagomedov,105.0
2014-08-16,UFC Fight Night: Bader vs Saint Preux,Thiago Tavares vs. Robert Peralta,Thiago Tavares,-105.0
2014-08-16,UFC Fight Night: Bader vs Saint Preux,Thiago Tavares vs. Robert Peralta,Robert Peralta,105.0
2015-02-22,UFC Fight Night: Bigfoot vs Mir,Tiago dos Santos e Silva vs. Mike de la Torre,Tiago dos Santos e Silva,-100.0
2015-02-22,UFC Fight Night: Bigfoot vs Mir,Tiago dos Santos e Silva vs. Mike de la Torre,Mike de la Torre,-100.0
2014-08-16,UFC Fight Night: Bader vs Saint Preux,Tim Boetsch vs. Brad Tavares,Tim Boetsch,140.0
2014-08-16,UFC Fight Night: Bader vs Saint Preux,Tim Boetsch vs. Brad Tavares,Brad Tavares,-140.0
2013-10-19,UFC 166: Velasquez vs Dos Santos 3,Tim Boetsch vs. CB Dollaway,Tim Boetsch,137.0
2013-10-19,UFC 166: Velasquez vs Dos Santos 3,Tim Boetsch vs. CB Dollaway,CB Dollaway,-137.0
2012-12-29,UFC 155: Dos Santos vs Velasquez II,Tim Boetsch vs. Constantinos Philippou,Tim Boetsch,-135.0
2012-12-29,UFC 155: Dos Santos vs Velasquez II,Tim Boetsch vs. Constantinos Philippou,Constantinos Philippou,135.0
2015-06-06,UFC Fight Night: Boetsch vs Henderson,Tim Boetsch vs. Dan Henderson,Tim Boetsch,-137.0
2015-06-06,UFC Fight Night: Boetsch vs Henderson,Tim Boetsch vs. Dan Henderson,Dan Henderson,137.0
2013-11-16,UFC 167: St-Pierre vs Hendricks,Tim Elliott vs. Ali Bagautinov,Tim Elliott,-105.0
2013-11-16,UFC 167: St-Pierre vs Hendricks,Tim Elliott vs. Ali Bagautinov,Ali Bagautinov,105.0
2013-11-06,UFC Fight Night: Fight for the Troops 3,Tim Kennedy vs. Rafael Natal,Tim Kennedy,137.0
2013-11-06,UFC Fight Night: Fight for the Troops 3,Tim Kennedy vs. Rafael Natal,Rafael Natal,-137.0
2014-09-27,UFC 178: Johnson vs Cariaso,Tim Kennedy vs. Yoel Romero,Tim Kennedy,-100.0
2014-09-27,UFC 178: Johnson vs Cariaso,Tim Kennedy vs. Yoel Romero,Yoel Romero,-100.0
2014-12-06,UFC 181: Hendricks vs Lawler II,Todd Duffee vs. Anthony Hamilton,Todd Duffee,110.0
2014-12-06,UFC 181: Hendricks vs Lawler II,Todd Duffee vs. Anthony Hamilton,Anthony Hamilton,-110.0
2013-02-16,UFC on FUEL TV: Barao vs McDonald,Tom Watson vs. Stanislav Nedkov,Tom Watson,151.0
2013-02-16,UFC on FUEL TV: Barao vs McDonald,Tom Watson vs. Stanislav Nedkov,Stanislav Nedkov,-151.0
2014-12-06,UFC 181: Hendricks vs Lawler II,Tony Ferguson vs. Abel Trujillo,Tony Ferguson,-100.0
2014-12-06,UFC 181: Hendricks vs Lawler II,Tony Ferguson vs. Abel Trujillo,Abel Trujillo,-100.0
2014-08-30,UFC 177: Dillashaw vs Soto,Tony Ferguson vs. Danny Castillo,Tony Ferguson,105.0
2014-08-30,UFC 177: Dillashaw vs Soto,Tony Ferguson vs. Danny Castillo,Danny Castillo,-105.0
2015-02-28,UFC 184: Rousey vs Zingano,Tony Ferguson vs. Gleison Tibau,Tony Ferguson,-135.0
2015-02-28,UFC 184: Rousey vs Zingano,Tony Ferguson vs. Gleison Tibau,Gleison Tibau,135.0
2014-05-24,UFC 173: Barao vs Dillashaw,Tony Ferguson vs. Katsunori Kikuno,Tony Ferguson,-100.0
2014-05-24,UFC 173: Barao vs Dillashaw,Tony Ferguson vs. Katsunori Kikuno,Katsunori Kikuno,-100.0
2013-10-19,UFC 166: Velasquez vs Dos Santos 3,Tony Ferguson vs. Mike Rio,Tony Ferguson,-100.0
2013-10-19,UFC 166: Velasquez vs Dos Santos 3,Tony Ferguson vs. Mike Rio,Mike Rio,-100.0
2014-10-04,UFC Fight Night: Nelson vs Story,Tor Troeng vs. Krzysztof Jotko,Tor Troeng,129.0
2014-10-04,UFC Fight Night: Nelson vs Story,Tor Troeng vs. Krzysztof Jotko,Krzysztof Jotko,-129.0
2014-07-19,UFC Fight Night: McGregor vs Brandao,Tor Troeng vs. Trevor Smith,Tor Troeng,-100.0
2014-07-19,UFC Fight Night: McGregor vs Brandao,Tor Troeng vs. Trevor Smith,Trevor Smith,-100.0
2015-05-23,UFC 187: Johnson vs Cormier,Travis Browne vs. Andrei Arlovski,Travis Browne,115.0
2015-05-23,UFC 187: Johnson vs Cormier,Travis Browne vs. Andrei Arlovski,Andrei Arlovski,-115.0
2014-12-06,UFC 181: Hendricks vs Lawler II,Travis Browne vs. Brendan Schaub,Travis Browne,200.0
2014-12-06,UFC 181: Hendricks vs Lawler II,Travis Browne vs. Brendan Schaub,Brendan Schaub,-200.0
2013-04-13,The Ultimate Fighter: Team Jones vs. Team Sonnen Finale,Travis Browne vs. Gabriel Gonzaga,Travis Browne,162.0
2013-04-13,The Ultimate Fighter: Team Jones vs. Team Sonnen Finale,Travis Browne vs. Gabriel Gonzaga,Gabriel Gonzaga,-162.0
2014-01-15,UFC Fight Night: Rockhold vs Philippou,Trevor Smith vs. Brian Houston,Trevor Smith,-135.0
2014-01-15,UFC Fight Night: Rockhold vs Philippou,Trevor Smith vs. Brian Houston,Brian Houston,135.0
2014-08-23,UFC Fight Night: Bisping vs Le,Tyron Woodley vs. Dong Hyun Kim,Tyron Woodley,137.0
2014-08-23,UFC Fight Night: Bisping vs Le,Tyron Woodley vs. Dong Hyun Kim,Dong Hyun Kim,-137.0
2015-01-31,UFC 183: Silva vs Diaz,Tyron Woodley vs. Kelvin Gastelum,Tyron Woodley,200.0
2015-01-31,UFC 183: Silva vs Diaz,Tyron Woodley vs. Kelvin Gastelum,Kelvin Gastelum,-200.0
2013-08-17,UFC Fight Night: Shogun vs Sonnen,Uriah Hall vs. John Howard,Uriah Hall,-100.0
2013-08-17,UFC Fight Night: Shogun vs Sonnen,Uriah Hall vs. John Howard,John Howard,-100.0
2015-05-23,UFC 187: Johnson vs Cormier,Uriah Hall vs. Rafael Natal,Uriah Hall,105.0
2015-05-23,UFC 187: Johnson vs Cormier,Uriah Hall vs. Rafael Natal,Rafael Natal,-105.0
2014-07-05,UFC 175: Weidman vs Machida,Uriah Hall vs. Thiago Santos,Uriah Hall,-135.0
2014-07-05,UFC 175: Weidman vs Machida,Uriah Hall vs. Thiago Santos,Thiago Santos,135.0
2014-07-05,UFC 175: Weidman vs Machida,Urijah Faber vs. Alex Caceres,Urijah Faber,137.0
2014-07-05,UFC 175: Weidman vs Machida,Urijah Faber vs. Alex Caceres,Alex Caceres,-137.0
2014-12-06,UFC 181: Hendricks vs Lawler II,Urijah Faber vs. Francisco Rivera,Urijah Faber,-100.0
2014-12-06,UFC 181: Hendricks vs Lawler II,Urijah Faber vs. Francisco Rivera,Francisco Rivera,-100.0
2013-08-17,UFC Fight Night: Shogun vs Sonnen,Urijah Faber vs. Iuri Alcantara,Urijah Faber,-100.0
2013-08-17,UFC Fight Night: Shogun vs Sonnen,Urijah Faber vs. Iuri Alcantara,Iuri Alcantara,-100.0
2013-02-23,UFC 157: Rousey vs Carmouche,Urijah Faber vs. Ivan Menjivar,Urijah Faber,-100.0
2013-02-23,UFC 157: Rousey vs Carmouche,Urijah Faber vs. Ivan Menjivar,Ivan Menjivar,-100.0
2013-12-14,UFC on FOX: Johnson vs. Benavidez 2,Urijah Faber vs. Michael McDonald,Urijah Faber,137.0
2013-12-14,UFC on FOX: Johnson vs. Benavidez 2,Urijah Faber vs. Michael McDonald,Michael McDonald,-137.0
2013-04-13,The Ultimate Fighter: Team Jones vs. Team Sonnen Finale,Urijah Faber vs. Scott Jorgensen,Urijah Faber,-100.0
2013-04-13,The Ultimate Fighter: Team Jones vs. Team Sonnen Finale,Urijah Faber vs. Scott Jorgensen,Scott Jorgensen,-100.0
2014-05-31,UFC Fight Night: Munoz vs Mousasi,Vaughan Lee vs. Iuri Alcantara,Vaughan Lee,-115.0
2014-05-31,UFC Fight Night: Munoz vs Mousasi,Vaughan Lee vs. Iuri Alcantara,Iuri Alcantara,115.0
2013-02-16,UFC on FUEL TV: Barao vs McDonald,Vaughan Lee vs. Motonobu Tezuka,Vaughan Lee,-100.0
2013-02-16,UFC on FUEL TV: Barao vs McDonald,Vaughan Lee vs. Motonobu Tezuka,Motonobu Tezuka,-100.0
2015-05-09,UFC Fight Night: Miocic vs Hunt,Vik Grujic vs. Brendan O'Reilly,Vik Grujic,135.0
2015-05-09,UFC Fight Night: Miocic vs Hunt,Vik Grujic vs. Brendan O'Reilly,Brendan O'Reilly,-135.0
2014-11-07,UFC Fight Night: Rockhold vs Bisping,Vik Grujic vs. Chris Clements,Vik Grujic,-100.0
2014-11-07,UFC Fight Night: Rockhold vs Bisping,Vik Grujic vs. Chris Clements,Chris Clements,-100.0
2014-01-15,UFC Fight Night: Rockhold vs Philippou,Vinc Pichel vs. Garett Whiteley,Vinc Pichel,105.0
2014-01-15,UFC Fight Night: Rockhold vs Philippou,Vinc Pichel vs. Garett Whiteley,Garett Whiteley,-105.0
2013-08-03,UFC 163: Aldo vs Jung,Vinny Magalhaes vs. Anthony Perosh,Vinny Magalhaes,-137.0
2013-08-03,UFC 163: Aldo vs Jung,Vinny Magalhaes vs. Anthony Perosh,Anthony Perosh,137.0
2014-02-15,UFC Fight Night: Machida vs Mousasi,Viscardi Andrade vs. Nicholas Musoke,Viscardi Andrade,-200.0
2014-02-15,UFC Fight Night: Machida vs Mousasi,Viscardi Andrade vs. Nicholas Musoke,Nicholas Musoke,200.0
2013-11-09,UFC Fight Night: Belfort vs Henderson 2,Vitor Belfort vs. Dan Henderson,Vitor Belfort,-200.0
2013-11-09,UFC Fight Night: Belfort vs Henderson 2,Vitor Belfort vs. Dan Henderson,Dan Henderson,200.0
2013-01-19,UFC on FX: Belfort vs Bisping,Vitor Belfort vs. Michael Bisping,Vitor Belfort,106.0
2013-01-19,UFC on FX: Belfort vs Bisping,Vitor Belfort vs. Michael Bisping,Michael Bisping,-106.0
2014-11-08,UFC Fight Night 56: Shogun vs Saint Preux,Wagner Silva vs. Colby Covington,Wagner Silva,
2014-11-08,UFC Fight Night 56: Shogun vs Saint Preux,Wagner Silva vs. Colby Covington,Colby Covington,
2014-01-25,UFC on FOX: Henderson vs Thomson,Walt Harris vs. Nikita Krylov,Walt Harris,135.0
2014-01-25,UFC on FOX: Henderson vs Thomson,Walt Harris vs. Nikita Krylov,Nikita Krylov,-135.0
2013-03-02,UFC on FUEL TV: Silva vs. Stann,Wanderlei Silva vs. Brian Stann,Wanderlei Silva,115.0
2013-03-02,UFC on FUEL TV: Silva vs. Stann,Wanderlei Silva vs. Brian Stann,Brian Stann,-115.0
2014-11-08,UFC Fight Night 56: Shogun vs Saint Preux,Warlley Alves vs. Alan Jouban,Warlley Alves,-281.0
2014-11-08,UFC Fight Night 56: Shogun vs Saint Preux,Warlley Alves vs. Alan Jouban,Alan Jouban,281.0
2014-03-15,UFC 171: Hendricks vs Lawler,Will Campuzano vs. Justin Scoggins,Will Campuzano,321.0
2014-03-15,UFC 171: Hendricks vs Lawler,Will Campuzano vs. Justin Scoggins,Justin Scoggins,-321.0
2013-12-28,UFC 168: Weidman vs Silva 2,William Macario vs. Bobby Voelker,William Macario,-214.0
2013-12-28,UFC 168: Weidman vs Silva 2,William Macario vs. Bobby Voelker,Bobby Voelker,214.0
2015-02-22,UFC Fight Night: Bigfoot vs Mir,William Macario vs. Matt Dwyer,William Macario,-214.0
2015-02-22,UFC Fight Night: Bigfoot vs Mir,William Macario vs. Matt Dwyer,Matt Dwyer,214.0
2014-10-25,UFC 179: Aldo vs Mendes 2,William Macario vs. Neil Magny,William Macario,-187.0
2014-10-25,UFC 179: Aldo vs Mendes 2,William Macario vs. Neil Magny,Neil Magny,187.0
2015-06-13,UFC 188: Velasquez vs Werdum,Yair Rodriguez vs. Charles Rosa,Yair Rodriguez,-135.0
2015-06-13,UFC 188: Velasquez vs Werdum,Yair Rodriguez vs. Charles Rosa,Charles Rosa,135.0
2014-10-25,UFC 179: Aldo vs Mendes 2,Yan Cabral vs. Naoyuki Kotani,Yan Cabral,-163.0
2014-10-25,UFC 179: Aldo vs Mendes 2,Yan Cabral vs. Naoyuki Kotani,Naoyuki Kotani,163.0
2014-05-10,UFC Fight Night: Brown vs Silva,Yan Cabral vs. Zak Cummings,Yan Cabral,-129.0
2014-05-10,UFC Fight Night: Brown vs Silva,Yan Cabral vs. Zak Cummings,Zak Cummings,129.0
2014-06-07,UFC Fight Night: Henderson vs Khabilov,Yaotzin Meza vs. Sergio Pettis,Yaotzin Meza,214.0
2014-06-07,UFC Fight Night: Henderson vs Khabilov,Yaotzin Meza vs. Sergio Pettis,Sergio Pettis,-214.0
2014-01-15,UFC Fight Night: Rockhold vs Philippou,Yoel Romero vs. Derek Brunson,Yoel Romero,115.0
2014-01-15,UFC Fight Night: Rockhold vs Philippou,Yoel Romero vs. Derek Brunson,Derek Brunson,-115.0
2014-09-20,UFC Fight Night: Hunt vs Nelson,Yoshihiro Akiyama vs. Amir Sadollah,Yoshihiro Akiyama,115.0
2014-09-20,UFC Fight Night: Hunt vs Nelson,Yoshihiro Akiyama vs. Amir Sadollah,Amir Sadollah,-115.0
2013-09-04,UFC Fight Night: Teixeira vs Bader,Yuri Villefort vs. Sean Spencer,Yuri Villefort,-159.0
2013-09-04,UFC Fight Night: Teixeira vs Bader,Yuri Villefort vs. Sean Spencer,Sean Spencer,159.0
2012-12-29,UFC 155: Dos Santos vs Velasquez II,Yushin Okami vs. Alan Belcher,Yushin Okami,-105.0
2012-12-29,UFC 155: Dos Santos vs Velasquez II,Yushin Okami vs. Alan Belcher,Alan Belcher,105.0
2013-03-02,UFC on FUEL TV: Silva vs. Stann,Yushin Okami vs. Hector Lombard,Yushin Okami,-200.0
2013-03-02,UFC on FUEL TV: Silva vs. Stann,Yushin Okami vs. Hector Lombard,Hector Lombard,200.0
2013-09-04,UFC Fight Night: Teixeira vs Bader,Yushin Okami vs. Jacare Souza,Yushin Okami,137.0
2013-09-04,UFC Fight Night: Teixeira vs Bader,Yushin Okami vs. Jacare Souza,Jacare Souza,-137.0
2014-11-22,UFC Fight Night: Edgar vs Swanson,Yves Edwards vs. Akbarh Arreola,Yves Edwards,-105.0
2014-11-22,UFC Fight Night: Edgar vs Swanson,Yves Edwards vs. Akbarh Arreola,Akbarh Arreola,105.0
2013-07-27,UFC on FOX: Johnson vs Moraga,Yves Edwards vs. Daron Cruickshank,Yves Edwards,105.0
2013-07-27,UFC on FOX: Johnson vs Moraga,Yves Edwards vs. Daron Cruickshank,Daron Cruickshank,-105.0
2014-06-07,UFC Fight Night: Henderson vs Khabilov,Yves Edwards vs. Piotr Hallmann,Yves Edwards,105.0
2014-06-07,UFC Fight Night: Henderson vs Khabilov,Yves Edwards vs. Piotr Hallmann,Piotr Hallmann,-105.0
2013-06-15,UFC 161: Evans vs Henderson,Yves Jabouin vs. Dustin Pague,Yves Jabouin,-115.0
2013-06-15,UFC 161: Evans vs Henderson,Yves Jabouin vs. Dustin Pague,Dustin Pague,115.0
2014-06-14,UFC 174: Johnson vs Bagautinov,Yves Jabouin vs. Mike Easton,Yves Jabouin,105.0
2014-06-14,UFC 174: Johnson vs Bagautinov,Yves Jabouin vs. Mike Easton,Mike Easton,-105.0
2015-04-25,UFC 186: Johnson vs Horiguchi,Yves Jabouin vs. Thomas Almeida,Yves Jabouin,135.0
2015-04-25,UFC 186: Johnson vs Horiguchi,Yves Jabouin vs. Thomas Almeida,Thomas Almeida,-135.0
2014-02-22,UFC 170: Rousey vs McMann,Zach Makovsky vs. Josh Sampo,Zach Makovsky,-100.0
2014-02-22,UFC 170: Rousey vs McMann,Zach Makovsky vs. Josh Sampo,Josh Sampo,-100.0
2015-02-14,UFC Fight Night: Henderson vs Thatch,Zach Makovsky vs. Tim Elliott,Zach Makovsky,115.0
2015-02-14,UFC Fight Night: Henderson vs Thatch,Zach Makovsky vs. Tim Elliott,Tim Elliott,-115.0
2015-01-18,UFC Fight Night: McGregor vs Siver,Zhang Lipeng vs. Chris Wade,Zhang Lipeng,321.0
2015-01-18,UFC Fight Night: McGregor vs Siver,Zhang Lipeng vs. Chris Wade,Chris Wade,-321.0
2015-05-16,UFC Fight Night: Edgar vs Faber,Zhang Lipeng vs. Kajan Johnson,Zhang Lipeng,-100.0
2015-05-16,UFC Fight Night: Edgar vs Faber,Zhang Lipeng vs. Kajan Johnson,Kajan Johnson,-100.0
2014-10-04,UFC Fight Night: Nelson vs Story,Zubaira Tukhugov vs. Ernest Chavez,Zubaira Tukhugov,-214.0
2014-10-04,UFC Fight Night: Nelson vs Story,Zubaira Tukhugov vs. Ernest Chavez,Ernest Chavez,214.0
