DATE,EVENT,BOUT,FIGHTER,odds
2018-09-08,UFC 228: Woodley vs. Till,Abdul Razak Alhassan vs. Niko Price,Abdul Razak Alhassan,107
2018-09-08,UFC 228: Woodley vs. Till,Abdul Razak Alhassan vs. Niko Price,Niko Price,-107
2018-12-15,UFC Fight Night: Lee vs. Iaquinta,Adam Milstead vs. Mike Rodriguez,Adam Milstead,-139
2018-12-15,UFC Fight Night: Lee vs. Iaquinta,Adam Milstead vs. Mike Rodriguez,Mike Rodriguez,139
2018-11-03,UFC 230: Cormier vs. Lewis,Adam Wieczorek vs. Marcos Rogerio de Lima,Adam Wieczorek,-122
2018-11-03,UFC 230: Cormier vs. Lewis,Adam Wieczorek vs. Marcos Rogerio de Lima,Marcos Rogerio de Lima,122
2017-11-04,UFC 217: Bisping vs. St-Pierre,Aiemann Zahabi vs. Ricardo Ramos,Aiemann Zahabi,249
2017-11-04,UFC 217: Bisping vs. St-Pierre,Aiemann Zahabi vs. Ricardo Ramos,Ricardo Ramos,-249
2019-05-04,UFC Fight Night: Iaquinta vs. Cowboy,Aiemann Zahabi vs. Vince Morales,Aiemann Zahabi,-103
2019-05-04,UFC Fight Night: Iaquinta vs. Cowboy,Aiemann Zahabi vs. Vince Morales,Vince Morales,103
2019-10-05,UFC 243: Whittaker vs. Adesanya,Al Iaquinta vs. Dan Hooker,Al Iaquinta,-135
2019-10-05,UFC 243: Whittaker vs. Adesanya,Al Iaquinta vs. Dan Hooker,Dan Hooker,135
2019-05-04,UFC Fight Night: Iaquinta vs. Cowboy,Al Iaquinta vs. Donald Cerrone,Al Iaquinta,-160
2019-05-04,UFC Fight Night: Iaquinta vs. Cowboy,Al Iaquinta vs. Donald Cerrone,Donald Cerrone,160
2019-04-13,UFC 236: Holloway vs. Poirier 2,Alan Jouban vs. Dwight Grant,Alan Jouban,102
2019-04-13,UFC 236: Holloway vs. Poirier 2,Alan Jouban vs. Dwight Grant,Dwight Grant,-102
2018-02-03,UFC Fight Night: Machida vs. Anders,Alan Patrick vs. Damir Hadzovic,Alan Patrick,-177
2018-02-03,UFC Fight Night: Machida vs. Anders,Alan Patrick vs. Damir Hadzovic,Damir Hadzovic,177
2019-12-21,UFC Fight Night: Edgar vs. The Korean Zombie,Alatengheili vs. Ryan Benoit,Alatengheili,-188
2019-12-21,UFC Fight Night: Edgar vs. The Korean Zombie,Alatengheili vs. Ryan Benoit,Ryan Benoit,188
2018-05-12,UFC 224: Nunes vs. Pennington,Alberto Mina vs. Ramazan Emeev,Alberto Mina,173
2018-05-12,UFC 224: Nunes vs. Pennington,Alberto Mina vs. Ramazan Emeev,Ramazan Emeev,-173
2017-12-09,UFC Fight Night: Swanson vs. Ortega,Alejandro Perez vs. Iuri Alcantara,Alejandro Perez,-175
2017-12-09,UFC Fight Night: Swanson vs. Ortega,Alejandro Perez vs. Iuri Alcantara,Iuri Alcantara,175
2019-07-06,UFC 239: Jones vs. Santos,Alejandro Perez vs. Song Yadong,Alejandro Perez,282
2019-07-06,UFC 239: Jones vs. Santos,Alejandro Perez vs. Song Yadong,Song Yadong,-282
2017-11-04,UFC 217: Bisping vs. St-Pierre,Aleksei Oleinik vs. Curtis Blaydes,Aleksei Oleinik,235
2017-11-04,UFC 217: Bisping vs. St-Pierre,Aleksei Oleinik vs. Curtis Blaydes,Curtis Blaydes,-235
2018-05-12,UFC 224: Nunes vs. Pennington,Aleksei Oleinik vs. Junior Albini,Aleksei Oleinik,143
2018-05-12,UFC 224: Nunes vs. Pennington,Aleksei Oleinik vs. Junior Albini,Junior Albini,-143
2020-01-18,UFC 246: McGregor vs. Cowboy,Aleksei Oleinik vs. Maurice Greene,Aleksei Oleinik,140
2020-01-18,UFC 246: McGregor vs. Cowboy,Aleksei Oleinik vs. Maurice Greene,Maurice Greene,-140
2019-07-20,UFC Fight Night: Dos Anjos vs. Edwards,Aleksei Oleinik vs. Walt Harris,Aleksei Oleinik,144
2019-07-20,UFC Fight Night: Dos Anjos vs. Edwards,Aleksei Oleinik vs. Walt Harris,Walt Harris,-144
2019-09-28,UFC Fight Night: Hermansson vs. Cannonier,Alen Amedovski vs. John Phillips,Alen Amedovski,101
2019-09-28,UFC Fight Night: Hermansson vs. Cannonier,Alen Amedovski vs. John Phillips,John Phillips,-101
2018-07-06,The Ultimate Fighter: Undefeated Finale,Alessio Di Chirico vs. Julian Marquez,Alessio Di Chirico,-176
2018-07-06,The Ultimate Fighter: Undefeated Finale,Alessio Di Chirico vs. Julian Marquez,Julian Marquez,176
2017-12-16,UFC Fight Night: Lawler vs. Dos Anjos,Alessio Di Chirico vs. Oluwale Bamgbose,Alessio Di Chirico,-240
2017-12-16,UFC Fight Night: Lawler vs. Dos Anjos,Alessio Di Chirico vs. Oluwale Bamgbose,Oluwale Bamgbose,240
2018-07-06,The Ultimate Fighter: Undefeated Finale,Alex Caceres vs. Martin Bravo,Alex Caceres,-138
2018-07-06,The Ultimate Fighter: Undefeated Finale,Alex Caceres vs. Martin Bravo,Martin Bravo,138
2019-07-20,UFC Fight Night: Dos Anjos vs. Edwards,Alex Caceres vs. Steven Peterson,Alex Caceres,-181
2019-07-20,UFC Fight Night: Dos Anjos vs. Edwards,Alex Caceres vs. Steven Peterson,Steven Peterson,181
2018-10-27,UFC Fight Night: Oezdemir vs. Smith,Alex Garcia vs. Court McGee,Alex Garcia,-102
2018-10-27,UFC Fight Night: Oezdemir vs. Smith,Alex Garcia vs. Court McGee,Court McGee,102
2019-03-09,UFC Fight Night: Lewis vs. Dos Santos,Alex Morono vs. Zak Ottow,Alex Morono,-221
2019-03-09,UFC Fight Night: Lewis vs. Dos Santos,Alex Morono vs. Zak Ottow,Zak Ottow,221
2018-09-22,UFC Fight Night: Marreta vs. Anders,Alex Oliveira vs. Carlo Pedersoli Jr.,Alex Oliveira,-178
2018-09-22,UFC Fight Night: Marreta vs. Anders,Alex Oliveira vs. Carlo Pedersoli Jr.,Carlo Pedersoli Jr.,178
2018-12-08,UFC 231: Holloway vs. Ortega,Alex Oliveira vs. Gunnar Nelson,Alex Oliveira,-572
2018-12-08,UFC 231: Holloway vs. Ortega,Alex Oliveira vs. Gunnar Nelson,Gunnar Nelson,572
2019-04-27,UFC Fight Night: Jacare vs. Hermansson,Alex Oliveira vs. Mike Perry,Alex Oliveira,-179
2019-04-27,UFC Fight Night: Jacare vs. Hermansson,Alex Oliveira vs. Mike Perry,Mike Perry,179
2017-12-02,UFC 218: Holloway vs. Aldo 2,Alex Oliveira vs. Yancy Medeiros,Alex Oliveira,-219
2017-12-02,UFC 218: Holloway vs. Aldo 2,Alex Oliveira vs. Yancy Medeiros,Yancy Medeiros,219
2018-08-04,UFC 227: Dillashaw vs. Garbrandt 2,Alex Perez vs. Jose Torres,Alex Perez,-174
2018-08-04,UFC 227: Dillashaw vs. Garbrandt 2,Alex Perez vs. Jose Torres,Jose Torres,174
2019-03-30,UFC Fight Night: Barboza vs. Gaethje,Alex Perez vs. Mark De La Rosa,Alex Perez,103
2019-03-30,UFC Fight Night: Barboza vs. Gaethje,Alex Perez vs. Mark De La Rosa,Mark De La Rosa,-103
2019-03-09,UFC Fight Night: Lewis vs. Dos Santos,Alex White vs. Dan Moret,Alex White,-156
2019-03-09,UFC Fight Night: Lewis vs. Dos Santos,Alex White vs. Dan Moret,Dan Moret,156
2019-10-26,UFC Fight Night: Maia vs. Askren,Alex White vs. Rafael Fiziev,Alex White,-237
2019-10-26,UFC Fight Night: Maia vs. Askren,Alex White vs. Rafael Fiziev,Rafael Fiziev,237
2019-06-01,UFC Fight Night: Gustafsson vs. Smith,Alexander Gustafsson vs. Anthony Smith,Alexander Gustafsson,-228
2019-06-01,UFC Fight Night: Gustafsson vs. Smith,Alexander Gustafsson vs. Anthony Smith,Anthony Smith,228
2019-01-19,UFC Fight Night: Cejudo vs. Dillashaw,Alexander Hernandez vs. Donald Cerrone,Alexander Hernandez,-170
2019-01-19,UFC Fight Night: Cejudo vs. Dillashaw,Alexander Hernandez vs. Donald Cerrone,Donald Cerrone,170
2019-07-20,UFC Fight Night: Dos Anjos vs. Edwards,Alexander Hernandez vs. Francisco Trinaldo,Alexander Hernandez,-101
2019-07-20,UFC Fight Night: Dos Anjos vs. Edwards,Alexander Hernandez vs. Francisco Trinaldo,Francisco Trinaldo,101
2018-07-28,UFC Fight Night: Alvarez vs. Poirier 2,Alexander Hernandez vs. Olivier Aubin-Mercier,Alexander Hernandez,116
2018-07-28,UFC Fight Night: Alvarez vs. Poirier 2,Alexander Hernandez vs. Olivier Aubin-Mercier,Olivier Aubin-Mercier,-116
2018-02-10,UFC 221: Romero vs. Rockhold,Alexander Volkanovski vs. Jeremy Kennedy,Alexander Volkanovski,-112
2018-02-10,UFC 221: Romero vs. Rockhold,Alexander Volkanovski vs. Jeremy Kennedy,Jeremy Kennedy,112
2019-11-09,UFC Fight Night: Zabit vs. Kattar,Alexander Volkov vs. Greg Hardy,Alexander Volkov,-112
2019-11-09,UFC Fight Night: Zabit vs. Kattar,Alexander Volkov vs. Greg Hardy,Greg Hardy,112
2019-11-09,UFC Fight Night: Zabit vs. Kattar,Alexander Yakovlev vs. Roosevelt Roberts,Alexander Yakovlev,184
2019-11-09,UFC Fight Night: Zabit vs. Kattar,Alexander Yakovlev vs. Roosevelt Roberts,Roosevelt Roberts,-184
2019-07-27,UFC 240: Holloway vs. Edgar,Alexandre Pantoja vs. Deiveson Figueiredo,Alexandre Pantoja,-117
2019-07-27,UFC 240: Holloway vs. Edgar,Alexandre Pantoja vs. Deiveson Figueiredo,Deiveson Figueiredo,117
2019-12-21,UFC Fight Night: Edgar vs. The Korean Zombie,Alexandre Pantoja vs. Matt Schnell,Alexandre Pantoja,102
2019-12-21,UFC Fight Night: Edgar vs. The Korean Zombie,Alexandre Pantoja vs. Matt Schnell,Matt Schnell,-102
2018-11-17,UFC Fight Night: Magny vs. Ponzinibbio,Alexandre Pantoja vs. Yuta Sasaki,Alexandre Pantoja,-170
2018-11-17,UFC Fight Night: Magny vs. Ponzinibbio,Alexandre Pantoja vs. Yuta Sasaki,Yuta Sasaki,170
2019-04-20,UFC Fight Night: Overeem vs. Oleinik,Alistair Overeem vs. Aleksei Oleinik,Alistair Overeem,-186
2019-04-20,UFC Fight Night: Overeem vs. Oleinik,Alistair Overeem vs. Aleksei Oleinik,Aleksei Oleinik,186
2018-06-09,UFC 225: Whittaker vs. Romero 2,Alistair Overeem vs. Curtis Blaydes,Alistair Overeem,166
2018-06-09,UFC 225: Whittaker vs. Romero 2,Alistair Overeem vs. Curtis Blaydes,Curtis Blaydes,-166
2017-12-02,UFC 218: Holloway vs. Aldo 2,Alistair Overeem vs. Francis Ngannou,Alistair Overeem,101
2017-12-02,UFC 218: Holloway vs. Aldo 2,Alistair Overeem vs. Francis Ngannou,Francis Ngannou,-101
2019-12-07,UFC Fight Night: Overeem vs. Rozenstruik,Alistair Overeem vs. Jairzinho Rozenstruik,Alistair Overeem,-117
2019-12-07,UFC Fight Night: Overeem vs. Rozenstruik,Alistair Overeem vs. Jairzinho Rozenstruik,Jairzinho Rozenstruik,117
2019-06-22,UFC Fight Night: Moicano vs. The Korean Zombie,Allen Crowder vs. Jairzinho Rozenstruik,Allen Crowder,114
2019-06-22,UFC Fight Night: Moicano vs. The Korean Zombie,Allen Crowder vs. Jairzinho Rozenstruik,Jairzinho Rozenstruik,-114
2019-06-29,UFC Fight Night: Ngannou vs. Dos Santos,Alonzo Menifield vs. Paul Craig,Alonzo Menifield,-156
2019-06-29,UFC Fight Night: Ngannou vs. Dos Santos,Alonzo Menifield vs. Paul Craig,Paul Craig,156
2019-06-22,UFC Fight Night: Moicano vs. The Korean Zombie,Andre Ewell vs. Anderson Dos Santos,Andre Ewell,-141
2019-06-22,UFC Fight Night: Moicano vs. The Korean Zombie,Andre Ewell vs. Anderson Dos Santos,Anderson Dos Santos,141
2020-02-08,UFC 247: Jones vs. Reyes,Andre Ewell vs. Jonathan Martinez,Andre Ewell,150
2020-02-08,UFC 247: Jones vs. Reyes,Andre Ewell vs. Jonathan Martinez,Jonathan Martinez,-150
2019-02-17,UFC Fight Night: Ngannou vs. Velasquez,Andre Fili vs. Myles Jury,Andre Fili,197
2019-02-17,UFC Fight Night: Ngannou vs. Velasquez,Andre Fili vs. Myles Jury,Myles Jury,-197
2019-07-13,UFC Fight Night: De Randamie vs. Ladd,Andre Fili vs. Sheymon Moraes,Andre Fili,-139
2019-07-13,UFC Fight Night: De Randamie vs. Ladd,Andre Fili vs. Sheymon Moraes,Sheymon Moraes,139
2020-01-18,UFC 246: McGregor vs. Cowboy,Andre Fili vs. Sodiq Yusuff,Andre Fili,139
2020-01-18,UFC 246: McGregor vs. Cowboy,Andre Fili vs. Sodiq Yusuff,Sodiq Yusuff,-139
2019-04-27,UFC Fight Night: Jacare vs. Hermansson,Andrei Arlovski vs. Augusto Sakai,Andrei Arlovski,212
2019-04-27,UFC Fight Night: Jacare vs. Hermansson,Andrei Arlovski vs. Augusto Sakai,Augusto Sakai,-212
2019-07-20,UFC Fight Night: Dos Anjos vs. Edwards,Andrei Arlovski vs. Ben Rothwell,Andrei Arlovski,-199
2019-07-20,UFC Fight Night: Dos Anjos vs. Edwards,Andrei Arlovski vs. Ben Rothwell,Ben Rothwell,199
2019-11-02,UFC 244: Masvidal vs. Diaz,Andrei Arlovski vs. Jairzinho Rozenstruik,Andrei Arlovski,106
2019-11-02,UFC 244: Masvidal vs. Diaz,Andrei Arlovski vs. Jairzinho Rozenstruik,Jairzinho Rozenstruik,-106
2018-09-15,UFC Fight Night: Hunt vs. Oleinik,Andrei Arlovski vs. Shamil Abdurakhimov,Andrei Arlovski,130
2018-09-15,UFC Fight Night: Hunt vs. Oleinik,Andrei Arlovski vs. Shamil Abdurakhimov,Shamil Abdurakhimov,-130
2018-06-09,UFC 225: Whittaker vs. Romero 2,Andrei Arlovski vs. Tai Tuivasa,Andrei Arlovski,270
2018-06-09,UFC 225: Whittaker vs. Romero 2,Andrei Arlovski vs. Tai Tuivasa,Tai Tuivasa,-270
2018-08-25,UFC Fight Night: Gaethje vs. Vick,Andrew Sanchez vs. Markus Perez,Andrew Sanchez,-157
2018-08-25,UFC Fight Night: Gaethje vs. Vick,Andrew Sanchez vs. Markus Perez,Markus Perez,157
2017-12-01,The Ultimate Fighter: A New World Champion Finale,Andrew Sanchez vs. Ryan Janes,Andrew Sanchez,-172
2017-12-01,The Ultimate Fighter: A New World Champion Finale,Andrew Sanchez vs. Ryan Janes,Ryan Janes,172
2020-01-18,UFC 246: McGregor vs. Cowboy,Anthony Pettis vs. Diego Ferreira,Anthony Pettis,194
2020-01-18,UFC 246: McGregor vs. Cowboy,Anthony Pettis vs. Diego Ferreira,Diego Ferreira,-194
2019-08-17,UFC 241: Cormier vs. Miocic 2,Anthony Pettis vs. Nate Diaz,Anthony Pettis,218
2019-08-17,UFC 241: Cormier vs. Miocic 2,Anthony Pettis vs. Nate Diaz,Nate Diaz,-218
2018-04-21,UFC Fight Night: Barboza vs. Lee,Anthony Rocco Martin vs. Keita Nakamura,Anthony Rocco Martin,-252
2018-04-21,UFC Fight Night: Barboza vs. Lee,Anthony Rocco Martin vs. Keita Nakamura,Keita Nakamura,252
2019-03-09,UFC Fight Night: Lewis vs. Dos Santos,Anthony Rocco Martin vs. Sergio Moraes,Anthony Rocco Martin,-239
2019-03-09,UFC Fight Night: Lewis vs. Dos Santos,Anthony Rocco Martin vs. Sergio Moraes,Sergio Moraes,239
2017-12-09,UFC Fight Night: Swanson vs. Ortega,Antonio Braga Neto vs. Trevin Giles,Antonio Braga Neto,403
2017-12-09,UFC Fight Night: Swanson vs. Ortega,Antonio Braga Neto vs. Trevin Giles,Trevin Giles,-403
2019-05-18,UFC Fight Night: Dos Anjos vs. Lee,Antonio Carlos Junior vs. Ian Heinisch,Antonio Carlos Junior,-186
2019-05-18,UFC Fight Night: Dos Anjos vs. Lee,Antonio Carlos Junior vs. Ian Heinisch,Ian Heinisch,186
2017-10-28,UFC Fight Night: Brunson vs. Machida,Antonio Carlos Junior vs. Jack Marshman,Antonio Carlos Junior,-129
2017-10-28,UFC Fight Night: Brunson vs. Machida,Antonio Carlos Junior vs. Jack Marshman,Jack Marshman,129
2018-04-14,UFC Fight Night: Poirier vs. Gaethje,Arjan Bhullar vs. Adam Wieczorek,Arjan Bhullar,109
2018-04-14,UFC Fight Night: Poirier vs. Gaethje,Arjan Bhullar vs. Adam Wieczorek,Adam Wieczorek,-109
2019-05-04,UFC Fight Night: Iaquinta vs. Cowboy,Arjan Bhullar vs. Juan Adams,Arjan Bhullar,147
2019-05-04,UFC Fight Night: Iaquinta vs. Cowboy,Arjan Bhullar vs. Juan Adams,Juan Adams,-147
2018-10-27,UFC Fight Night: Oezdemir vs. Smith,Arjan Bhullar vs. Marcelo Golm,Arjan Bhullar,140
2018-10-27,UFC Fight Night: Oezdemir vs. Smith,Arjan Bhullar vs. Marcelo Golm,Marcelo Golm,-140
2019-03-16,UFC Fight Night: Till vs. Masvidal,Arnold Allen vs. Jordan Rinaldi,Arnold Allen,-180
2019-03-16,UFC Fight Night: Till vs. Masvidal,Arnold Allen vs. Jordan Rinaldi,Jordan Rinaldi,180
2018-05-27,UFC Fight Night: Thompson vs. Till,Arnold Allen vs. Mads Burnell,Arnold Allen,-159
2018-05-27,UFC Fight Night: Thompson vs. Till,Arnold Allen vs. Mads Burnell,Mads Burnell,159
2017-10-21,UFC Fight Night: Cerrone vs. Till,Artem Lobov vs. Andre Fili,Artem Lobov,274
2017-10-21,UFC Fight Night: Cerrone vs. Till,Artem Lobov vs. Andre Fili,Andre Fili,-274
2019-05-11,UFC 237: Namajunas vs. Andrade,BJ Penn vs. Clay Guida,BJ Penn,246
2019-05-11,UFC 237: Namajunas vs. Andrade,BJ Penn vs. Clay Guida,Clay Guida,-246
2018-12-29,UFC 232: Jones vs. Gustafsson 2,BJ Penn vs. Ryan Hall,BJ Penn,203
2018-12-29,UFC 232: Jones vs. Gustafsson 2,BJ Penn vs. Ryan Hall,Ryan Hall,-203
2019-01-19,UFC Fight Night: Cejudo vs. Dillashaw,Belal Muhammad vs. Geoff Neal,Belal Muhammad,130
2019-01-19,UFC Fight Night: Cejudo vs. Dillashaw,Belal Muhammad vs. Geoff Neal,Geoff Neal,-130
2019-09-07,UFC 242: Khabib vs. Poirier,Belal Muhammad vs. Takashi Sato,Belal Muhammad,-155
2019-09-07,UFC 242: Khabib vs. Poirier,Belal Muhammad vs. Takashi Sato,Takashi Sato,155
2018-02-24,UFC Fight Night: Emmett vs. Stephens,Ben Saunders vs. Alan Jouban,Ben Saunders,135
2018-02-24,UFC Fight Night: Emmett vs. Stephens,Ben Saunders vs. Alan Jouban,Alan Jouban,-135
2019-03-09,UFC Fight Night: Lewis vs. Dos Santos,Beneil Dariush vs. Drew Dober,Beneil Dariush,-253
2019-03-09,UFC Fight Night: Lewis vs. Dos Santos,Beneil Dariush vs. Drew Dober,Drew Dober,253
2019-02-17,UFC Fight Night: Ngannou vs. Velasquez,Benito Lopez vs. Manny Bermudez,Benito Lopez,135
2019-02-17,UFC Fight Night: Ngannou vs. Velasquez,Benito Lopez vs. Manny Bermudez,Manny Bermudez,-135
2019-07-13,UFC Fight Night: De Randamie vs. Ladd,Benito Lopez vs. Vince Morales,Benito Lopez,-112
2019-07-13,UFC Fight Night: De Randamie vs. Ladd,Benito Lopez vs. Vince Morales,Vince Morales,112
2019-06-08,UFC 238: Cejudo vs. Moraes,Bevon Lewis vs. Darren Stewart,Bevon Lewis,145
2019-06-08,UFC 238: Cejudo vs. Moraes,Bevon Lewis vs. Darren Stewart,Darren Stewart,-145
2020-01-25,UFC Fight Night: Blaydes vs. Dos Santos,Bevon Lewis vs. Dequan Townsend,Bevon Lewis,-266
2020-01-25,UFC Fight Night: Blaydes vs. Dos Santos,Bevon Lewis vs. Dequan Townsend,Dequan Townsend,266
2019-03-09,UFC Fight Night: Lewis vs. Dos Santos,Blagoy Ivanov vs. Ben Rothwell,Blagoy Ivanov,-147
2019-03-09,UFC Fight Night: Lewis vs. Dos Santos,Blagoy Ivanov vs. Ben Rothwell,Ben Rothwell,147
2018-12-08,UFC 231: Holloway vs. Ortega,Brad Katona vs. Matthew Lopez,Brad Katona,-218
2018-12-08,UFC 231: Holloway vs. Ortega,Brad Katona vs. Matthew Lopez,Matthew Lopez,218
2019-05-04,UFC Fight Night: Iaquinta vs. Cowboy,Brad Katona vs. Merab Dvalishvili,Brad Katona,142
2019-05-04,UFC Fight Night: Iaquinta vs. Cowboy,Brad Katona vs. Merab Dvalishvili,Merab Dvalishvili,-142
2019-11-02,UFC 244: Masvidal vs. Diaz,Brad Tavares vs. Edmen Shahbazyan,Brad Tavares,258
2019-11-02,UFC 244: Masvidal vs. Diaz,Brad Tavares vs. Edmen Shahbazyan,Edmen Shahbazyan,-258
2018-07-06,The Ultimate Fighter: Undefeated Finale,Brad Tavares vs. Israel Adesanya,Brad Tavares,-152
2018-07-06,The Ultimate Fighter: Undefeated Finale,Brad Tavares vs. Israel Adesanya,Israel Adesanya,152
2018-05-19,UFC Fight Night: Maia vs. Usman,Brandon Moreno vs. Alexandre Pantoja,Brandon Moreno,-227
2018-05-19,UFC Fight Night: Maia vs. Usman,Brandon Moreno vs. Alexandre Pantoja,Alexandre Pantoja,227
2019-12-14,UFC 245: Usman vs. Covington,Brandon Moreno vs. Kai Kara-France,Brandon Moreno,-141
2019-12-14,UFC 245: Usman vs. Covington,Brandon Moreno vs. Kai Kara-France,Kai Kara-France,141
2018-12-29,UFC 232: Jones vs. Gustafsson 2,Brian Kelleher vs. Montel Jackson,Brian Kelleher,190
2018-12-29,UFC 232: Jones vs. Gustafsson 2,Brian Kelleher vs. Montel Jackson,Montel Jackson,-190
2019-06-22,UFC Fight Night: Moicano vs. The Korean Zombie,Bryan Barberena vs. Randy Brown,Bryan Barberena,-147
2019-06-22,UFC Fight Night: Moicano vs. The Korean Zombie,Bryan Barberena vs. Randy Brown,Randy Brown,147
2018-03-03,UFC 222: Cyborg vs. Kunitskaya,Bryan Caraway vs. Cody Stamann,Bryan Caraway,242
2018-03-03,UFC 222: Cyborg vs. Kunitskaya,Bryan Caraway vs. Cody Stamann,Cody Stamann,-242
2019-12-07,UFC Fight Night: Overeem vs. Rozenstruik,Bryce Mitchell vs. Matt Sayles,Bryce Mitchell,136
2019-12-07,UFC Fight Night: Overeem vs. Rozenstruik,Bryce Mitchell vs. Matt Sayles,Matt Sayles,-136
2018-03-03,UFC 222: Cyborg vs. Kunitskaya,CB Dollaway vs. Hector Lombard,CB Dollaway,-179
2018-03-03,UFC 222: Cyborg vs. Kunitskaya,CB Dollaway vs. Hector Lombard,Hector Lombard,179
2018-01-20,UFC 220: Miocic vs. Ngannou,Calvin Kattar vs. Shane Burgos,Calvin Kattar,141
2018-01-20,UFC 220: Miocic vs. Ngannou,Calvin Kattar vs. Shane Burgos,Shane Burgos,-141
2018-04-14,UFC Fight Night: Poirier vs. Gaethje,Carlos Condit vs. Alex Oliveira,Carlos Condit,117
2018-04-14,UFC Fight Night: Poirier vs. Gaethje,Carlos Condit vs. Alex Oliveira,Alex Oliveira,-117
2018-12-29,UFC 232: Jones vs. Gustafsson 2,Carlos Condit vs. Michael Chiesa,Carlos Condit,-183
2018-12-29,UFC 232: Jones vs. Gustafsson 2,Carlos Condit vs. Michael Chiesa,Michael Chiesa,183
2017-12-30,UFC 219: Cyborg vs. Holm,Carlos Condit vs. Neil Magny,Carlos Condit,179
2017-12-30,UFC 219: Cyborg vs. Holm,Carlos Condit vs. Neil Magny,Neil Magny,-179
2020-02-15,UFC Fight Night: Anderson vs. Blachowicz,Casey Kenney vs. Merab Dvalishvili,Casey Kenney,185
2020-02-15,UFC Fight Night: Anderson vs. Blachowicz,Casey Kenney vs. Merab Dvalishvili,Merab Dvalishvili,-185
2018-05-12,UFC 224: Nunes vs. Pennington,Cezar Ferreira vs. Karl Roberson,Cezar Ferreira,224
2018-05-12,UFC 224: Nunes vs. Pennington,Cezar Ferreira vs. Karl Roberson,Karl Roberson,-224
2018-12-08,UFC 231: Holloway vs. Ortega,Chad Laprise vs. Dhiego Lima,Chad Laprise,-186
2018-12-08,UFC 231: Holloway vs. Ortega,Chad Laprise vs. Dhiego Lima,Dhiego Lima,186
2017-12-16,UFC Fight Night: Lawler vs. Dos Anjos,Chad Laprise vs. Galore Bofando,Chad Laprise,-108
2017-12-16,UFC Fight Night: Lawler vs. Dos Anjos,Chad Laprise vs. Galore Bofando,Galore Bofando,108
2018-12-29,UFC 232: Jones vs. Gustafsson 2,Chad Mendes vs. Alexander Volkanovski,Chad Mendes,160
2018-12-29,UFC 232: Jones vs. Gustafsson 2,Chad Mendes vs. Alexander Volkanovski,Alexander Volkanovski,-160
2018-11-10,UFC Fight Night: Korean Zombie vs. Rodriguez,Chan Sung Jung vs. Yair Rodriguez,Chan Sung Jung,262
2018-11-10,UFC Fight Night: Korean Zombie vs. Rodriguez,Chan Sung Jung vs. Yair Rodriguez,Yair Rodriguez,-262
2018-09-08,UFC 228: Woodley vs. Till,Charles Byrd vs. Darren Stewart,Charles Byrd,-150
2018-09-08,UFC 228: Woodley vs. Till,Charles Byrd vs. Darren Stewart,Darren Stewart,150
2018-09-22,UFC Fight Night: Marreta vs. Anders,Charles Oliveira vs. Christos Giagos,Charles Oliveira,-149
2018-09-22,UFC Fight Night: Marreta vs. Anders,Charles Oliveira vs. Christos Giagos,Christos Giagos,149
2019-02-02,UFC Fight Night: Assuncao vs. Moraes 2,Charles Oliveira vs. David Teymur,Charles Oliveira,-112
2019-02-02,UFC Fight Night: Assuncao vs. Moraes 2,Charles Oliveira vs. David Teymur,David Teymur,112
2019-11-16,UFC Fight Night: Blachowicz vs. Jacare,Charles Oliveira vs. Jared Gordon,Charles Oliveira,-143
2019-11-16,UFC Fight Night: Blachowicz vs. Jacare,Charles Oliveira vs. Jared Gordon,Jared Gordon,143
2017-12-02,UFC 218: Holloway vs. Aldo 2,Charles Oliveira vs. Paul Felder,Charles Oliveira,140
2017-12-02,UFC 218: Holloway vs. Aldo 2,Charles Oliveira vs. Paul Felder,Paul Felder,-140
2019-10-18,UFC Fight Night: Reyes vs. Weidman,Charles Rosa vs. Manny Bermudez,Charles Rosa,162
2019-10-18,UFC Fight Night: Reyes vs. Weidman,Charles Rosa vs. Manny Bermudez,Manny Bermudez,-162
2019-09-14,UFC Fight Night: Cowboy vs. Gaethje,Chas Skelly vs. Jordan Griffin,Chas Skelly,169
2019-09-14,UFC Fight Night: Cowboy vs. Gaethje,Chas Skelly vs. Jordan Griffin,Jordan Griffin,-169
2017-11-25,UFC Fight Night: Bisping vs. Gastelum,Chase Sherman vs. Shamil Abdurakhimov,Chase Sherman,-134
2017-11-25,UFC Fight Night: Bisping vs. Gastelum,Chase Sherman vs. Shamil Abdurakhimov,Shamil Abdurakhimov,134
2017-12-09,UFC Fight Night: Swanson vs. Ortega,Chris Gruetzemacher vs. Davi Ramos,Chris Gruetzemacher,-128
2017-12-09,UFC Fight Night: Swanson vs. Ortega,Chris Gruetzemacher vs. Davi Ramos,Davi Ramos,128
2019-08-17,UFC 241: Cormier vs. Miocic 2,Christos Giagos vs. Drakkar Klose,Christos Giagos,125
2019-08-17,UFC 241: Cormier vs. Miocic 2,Christos Giagos vs. Drakkar Klose,Drakkar Klose,-125
2019-12-21,UFC Fight Night: Edgar vs. The Korean Zombie,Ciryl Gane vs. Tanner Boser,Ciryl Gane,-201
2019-12-21,UFC Fight Night: Edgar vs. The Korean Zombie,Ciryl Gane vs. Tanner Boser,Tanner Boser,201
2018-05-19,UFC Fight Night: Maia vs. Usman,Claudio Puelles vs. Felipe Silva,Claudio Puelles,-268
2018-05-19,UFC Fight Night: Maia vs. Usman,Claudio Puelles vs. Felipe Silva,Felipe Silva,268
2019-09-21,UFC Fight Night: Rodriguez vs. Stephens,Claudio Puelles vs. Marcos Mariano,Claudio Puelles,-169
2019-09-21,UFC Fight Night: Rodriguez vs. Stephens,Claudio Puelles vs. Marcos Mariano,Marcos Mariano,169
2018-05-27,UFC Fight Night: Thompson vs. Till,Claudio Silva vs. Nordine Taleb,Claudio Silva,373
2018-05-27,UFC Fight Night: Thompson vs. Till,Claudio Silva vs. Nordine Taleb,Nordine Taleb,-373
2018-06-09,UFC 225: Whittaker vs. Romero 2,Clay Guida vs. Charles Oliveira,Clay Guida,-150
2018-06-09,UFC 225: Whittaker vs. Romero 2,Clay Guida vs. Charles Oliveira,Charles Oliveira,150
2019-03-02,UFC 235: Jones vs. Smith,Cody Garbrandt vs. Pedro Munhoz,Cody Garbrandt,-181
2019-03-02,UFC 235: Jones vs. Smith,Cody Garbrandt vs. Pedro Munhoz,Pedro Munhoz,181
2017-11-04,UFC 217: Bisping vs. St-Pierre,Cody Garbrandt vs. TJ Dillashaw,Cody Garbrandt,116
2017-11-04,UFC 217: Bisping vs. St-Pierre,Cody Garbrandt vs. TJ Dillashaw,TJ Dillashaw,-116
2019-03-02,UFC 235: Jones vs. Smith,Cody Stamann vs. Alejandro Perez,Cody Stamann,-187
2019-03-02,UFC 235: Jones vs. Smith,Cody Stamann vs. Alejandro Perez,Alejandro Perez,187
2019-12-07,UFC Fight Night: Overeem vs. Rozenstruik,Cody Stamann vs. Song Yadong,Cody Stamann,133
2019-12-07,UFC Fight Night: Overeem vs. Rozenstruik,Cody Stamann vs. Song Yadong,Song Yadong,-133
2019-08-03,UFC Fight Night: Covington vs. Lawler,Colby Covington vs. Robbie Lawler,Colby Covington,-562
2019-08-03,UFC Fight Night: Covington vs. Lawler,Colby Covington vs. Robbie Lawler,Robbie Lawler,562
2020-01-18,UFC 246: McGregor vs. Cowboy,Conor McGregor vs. Donald Cerrone,Conor McGregor,-141
2020-01-18,UFC 246: McGregor vs. Cowboy,Conor McGregor vs. Donald Cerrone,Donald Cerrone,141
2020-02-15,UFC Fight Night: Anderson vs. Blachowicz,Corey Anderson vs. Jan Blachowicz,Corey Anderson,-347
2020-02-15,UFC Fight Night: Anderson vs. Blachowicz,Corey Anderson vs. Jan Blachowicz,Jan Blachowicz,347
2019-11-02,UFC 244: Masvidal vs. Diaz,Corey Anderson vs. Johnny Walker,Corey Anderson,-172
2019-11-02,UFC 244: Masvidal vs. Diaz,Corey Anderson vs. Johnny Walker,Johnny Walker,172
2018-04-21,UFC Fight Night: Barboza vs. Lee,Corey Anderson vs. Patrick Cummins,Corey Anderson,-230
2018-04-21,UFC Fight Night: Barboza vs. Lee,Corey Anderson vs. Patrick Cummins,Patrick Cummins,230
2018-08-25,UFC Fight Night: Gaethje vs. Vick,Cory Sandhagen vs. Iuri Alcantara,Cory Sandhagen,-158
2018-08-25,UFC Fight Night: Gaethje vs. Vick,Cory Sandhagen vs. Iuri Alcantara,Iuri Alcantara,158
2019-04-27,UFC Fight Night: Jacare vs. Hermansson,Court McGee vs. Dhiego Lima,Court McGee,-242
2019-04-27,UFC Fight Night: Jacare vs. Hermansson,Court McGee vs. Dhiego Lima,Dhiego Lima,242
2017-11-11,UFC Fight Night: Poirier vs. Pettis,Court McGee vs. Sean Strickland,Court McGee,176
2017-11-11,UFC Fight Night: Poirier vs. Pettis,Court McGee vs. Sean Strickland,Sean Strickland,-176
2019-10-12,UFC Fight Night: Joanna vs. Waterson,Cub Swanson vs. Kron Gracie,Cub Swanson,-161
2019-10-12,UFC Fight Night: Joanna vs. Waterson,Cub Swanson vs. Kron Gracie,Kron Gracie,161
2018-08-04,UFC 227: Dillashaw vs. Garbrandt 2,Cub Swanson vs. Renato Moicano,Cub Swanson,100
2018-08-04,UFC 227: Dillashaw vs. Garbrandt 2,Cub Swanson vs. Renato Moicano,Renato Moicano,-100
2019-05-04,UFC Fight Night: Iaquinta vs. Cowboy,Cub Swanson vs. Shane Burgos,Cub Swanson,-182
2019-05-04,UFC Fight Night: Iaquinta vs. Cowboy,Cub Swanson vs. Shane Burgos,Shane Burgos,182
2018-11-24,UFC Fight Night: Blaydes vs. Ngannou 2,Curtis Blaydes vs. Francis Ngannou,Curtis Blaydes,-151
2018-11-24,UFC Fight Night: Blaydes vs. Ngannou 2,Curtis Blaydes vs. Francis Ngannou,Francis Ngannou,151
2020-01-25,UFC Fight Night: Blaydes vs. Dos Santos,Curtis Blaydes vs. Junior Dos Santos,Curtis Blaydes,-133
2020-01-25,UFC Fight Night: Blaydes vs. Dos Santos,Curtis Blaydes vs. Junior Dos Santos,Junior Dos Santos,133
2019-03-23,UFC Fight Night: Thompson vs. Pettis,Curtis Blaydes vs. Justin Willis,Curtis Blaydes,-113
2019-03-23,UFC Fight Night: Thompson vs. Pettis,Curtis Blaydes vs. Justin Willis,Justin Willis,113
2019-09-07,UFC 242: Khabib vs. Poirier,Curtis Blaydes vs. Shamil Abdurakhimov,Curtis Blaydes,-281
2019-09-07,UFC 242: Khabib vs. Poirier,Curtis Blaydes vs. Shamil Abdurakhimov,Shamil Abdurakhimov,281
2019-04-13,UFC 236: Holloway vs. Poirier 2,Curtis Millender vs. Belal Muhammad,Curtis Millender,101
2019-04-13,UFC 236: Holloway vs. Poirier 2,Curtis Millender vs. Belal Muhammad,Belal Muhammad,-101
2018-07-07,UFC 226: Miocic vs. Cormier,Curtis Millender vs. Max Griffin,Curtis Millender,-128
2018-07-07,UFC 226: Miocic vs. Cormier,Curtis Millender vs. Max Griffin,Max Griffin,128
2018-12-29,UFC 232: Jones vs. Gustafsson 2,Curtis Millender vs. Siyar Bahadurzada,Curtis Millender,-121
2018-12-29,UFC 232: Jones vs. Gustafsson 2,Curtis Millender vs. Siyar Bahadurzada,Siyar Bahadurzada,121
2019-12-21,UFC Fight Night: Edgar vs. The Korean Zombie,Da Woon Jung vs. Mike Rodriguez,Da Woon Jung,-127
2019-12-21,UFC Fight Night: Edgar vs. The Korean Zombie,Da Woon Jung vs. Mike Rodriguez,Mike Rodriguez,127
2017-10-21,UFC Fight Night: Cerrone vs. Till,Damian Stasiak vs. Brian Kelleher,Damian Stasiak,108
2017-10-21,UFC Fight Night: Cerrone vs. Till,Damian Stasiak vs. Brian Kelleher,Brian Kelleher,-108
2018-02-10,UFC 221: Romero vs. Rockhold,Damien Brown vs. Dong Hyun Ma,Damien Brown,118
2018-02-10,UFC 221: Romero vs. Rockhold,Damien Brown vs. Dong Hyun Ma,Dong Hyun Ma,-118
2017-11-18,UFC Fight Night: Werdum vs. Tybura,Damien Brown vs. Frank Camacho,Damien Brown,114
2017-11-18,UFC Fight Night: Werdum vs. Tybura,Damien Brown vs. Frank Camacho,Frank Camacho,-114
2019-06-01,UFC Fight Night: Gustafsson vs. Smith,Damir Hadzovic vs. Christos Giagos,Damir Hadzovic,109
2019-06-01,UFC Fight Night: Gustafsson vs. Smith,Damir Hadzovic vs. Christos Giagos,Christos Giagos,-109
2019-02-23,UFC Fight Night: Blachowicz vs. Santos,Damir Hadzovic vs. Marco Polo Reyes,Damir Hadzovic,132
2019-02-23,UFC Fight Night: Blachowicz vs. Santos,Damir Hadzovic vs. Marco Polo Reyes,Marco Polo Reyes,-132
2019-08-31,UFC Fight Night: Andrade vs. Zhang,Damir Ismagulov vs. Thiago Moises,Damir Ismagulov,-108
2019-08-31,UFC Fight Night: Andrade vs. Zhang,Damir Ismagulov vs. Thiago Moises,Thiago Moises,108
2018-07-07,UFC 226: Miocic vs. Cormier,Dan Hooker vs. Gilbert Burns,Dan Hooker,102
2018-07-07,UFC 226: Miocic vs. Cormier,Dan Hooker vs. Gilbert Burns,Gilbert Burns,-102
2017-12-30,UFC 219: Cyborg vs. Holm,Dan Hooker vs. Marc Diakiese,Dan Hooker,138
2017-12-30,UFC 219: Cyborg vs. Holm,Dan Hooker vs. Marc Diakiese,Marc Diakiese,-138
2019-06-22,UFC Fight Night: Moicano vs. The Korean Zombie,Dan Ige vs. Kevin Aguilar,Dan Ige,-109
2019-06-22,UFC Fight Night: Moicano vs. The Korean Zombie,Dan Ige vs. Kevin Aguilar,Kevin Aguilar,109
2018-11-03,UFC 230: Cormier vs. Lewis,Daniel Cormier vs. Derrick Lewis,Daniel Cormier,-160
2018-11-03,UFC 230: Cormier vs. Lewis,Daniel Cormier vs. Derrick Lewis,Derrick Lewis,160
2019-08-17,UFC 241: Cormier vs. Miocic 2,Daniel Cormier vs. Stipe Miocic,Daniel Cormier,145
2019-08-17,UFC 241: Cormier vs. Miocic 2,Daniel Cormier vs. Stipe Miocic,Stipe Miocic,-145
2018-01-20,UFC 220: Miocic vs. Ngannou,Daniel Cormier vs. Volkan Oezdemir,Daniel Cormier,-164
2018-01-20,UFC 220: Miocic vs. Ngannou,Daniel Cormier vs. Volkan Oezdemir,Volkan Oezdemir,164
2018-05-27,UFC Fight Night: Thompson vs. Till,Daniel Kelly vs. Tom Breese,Daniel Kelly,258
2018-05-27,UFC Fight Night: Thompson vs. Till,Daniel Kelly vs. Tom Breese,Tom Breese,-258
2019-02-23,UFC Fight Night: Blachowicz vs. Santos,Daniel Teymur vs. Chris Fishgold,Daniel Teymur,148
2019-02-23,UFC Fight Night: Blachowicz vs. Santos,Daniel Teymur vs. Chris Fishgold,Chris Fishgold,-148
2019-03-16,UFC Fight Night: Till vs. Masvidal,Danny Henry vs. Dan Ige,Danny Henry,163
2019-03-16,UFC Fight Night: Till vs. Masvidal,Danny Henry vs. Dan Ige,Dan Ige,-163
2019-03-16,UFC Fight Night: Till vs. Masvidal,Danny Roberts vs. Claudio Silva,Danny Roberts,122
2019-03-16,UFC Fight Night: Till vs. Masvidal,Danny Roberts vs. Claudio Silva,Claudio Silva,-122
2018-03-17,UFC Fight Night: Werdum vs. Volkov,Danny Roberts vs. Oliver Enkamp,Danny Roberts,103
2018-03-17,UFC Fight Night: Werdum vs. Volkov,Danny Roberts vs. Oliver Enkamp,Oliver Enkamp,-103
2019-06-01,UFC Fight Night: Gustafsson vs. Smith,Darko Stosic vs. Devin Clark,Darko Stosic,-178
2019-06-01,UFC Fight Night: Gustafsson vs. Smith,Darko Stosic vs. Devin Clark,Devin Clark,178
2019-08-03,UFC Fight Night: Covington vs. Lawler,Darko Stosic vs. Kennedy Nzechukwu,Darko Stosic,141
2019-08-03,UFC Fight Night: Covington vs. Lawler,Darko Stosic vs. Kennedy Nzechukwu,Kennedy Nzechukwu,-141
2018-07-14,UFC Fight Night: Dos Santos vs. Ivanov,Darren Elkins vs. Alexander Volkanovski,Darren Elkins,153
2018-07-14,UFC Fight Night: Dos Santos vs. Ivanov,Darren Elkins vs. Alexander Volkanovski,Alexander Volkanovski,-153
2018-01-14,UFC Fight Night: Stephens vs. Choi,Darren Elkins vs. Michael Johnson,Darren Elkins,-141
2018-01-14,UFC Fight Night: Stephens vs. Choi,Darren Elkins vs. Michael Johnson,Michael Johnson,141
2019-07-13,UFC Fight Night: De Randamie vs. Ladd,Darren Elkins vs. Ryan Hall,Darren Elkins,-113
2019-07-13,UFC Fight Night: De Randamie vs. Ladd,Darren Elkins vs. Ryan Hall,Ryan Hall,113
2019-03-16,UFC Fight Night: Till vs. Masvidal,Darren Till vs. Jorge Masvidal,Darren Till,108
2019-03-16,UFC Fight Night: Till vs. Masvidal,Darren Till vs. Jorge Masvidal,Jorge Masvidal,-108
2018-07-22,UFC Fight Night: Shogun vs. Smith,Davey Grant vs. Manny Bermudez,Davey Grant,127
2018-07-22,UFC Fight Night: Shogun vs. Smith,Davey Grant vs. Manny Bermudez,Manny Bermudez,-127
2018-11-10,UFC Fight Night: Korean Zombie vs. Rodriguez,Davi Ramos vs. John Gunther,Davi Ramos,-142
2018-11-10,UFC Fight Night: Korean Zombie vs. Rodriguez,Davi Ramos vs. John Gunther,John Gunther,142
2018-05-12,UFC 224: Nunes vs. Pennington,Davi Ramos vs. Nick Hein,Davi Ramos,-125
2018-05-12,UFC 224: Nunes vs. Pennington,Davi Ramos vs. Nick Hein,Nick Hein,125
2019-03-30,UFC Fight Night: Barboza vs. Gaethje,David Branch vs. Jack Hermansson,David Branch,330
2019-03-30,UFC Fight Night: Barboza vs. Gaethje,David Branch vs. Jack Hermansson,Jack Hermansson,-330
2018-11-03,UFC 230: Cormier vs. Lewis,David Branch vs. Jared Cannonier,David Branch,-117
2018-11-03,UFC 230: Cormier vs. Lewis,David Branch vs. Jared Cannonier,Jared Cannonier,117
2018-04-21,UFC Fight Night: Barboza vs. Lee,David Branch vs. Thiago Santos,David Branch,225
2018-04-21,UFC Fight Night: Barboza vs. Lee,David Branch vs. Thiago Santos,Thiago Santos,-225
2017-12-02,UFC 218: Holloway vs. Aldo 2,David Teymur vs. Drakkar Klose,David Teymur,-103
2017-12-02,UFC 218: Holloway vs. Aldo 2,David Teymur vs. Drakkar Klose,Drakkar Klose,103
2017-10-28,UFC Fight Night: Brunson vs. Machida,Deiveson Figueiredo vs. Jarred Brooks,Deiveson Figueiredo,-113
2017-10-28,UFC Fight Night: Brunson vs. Machida,Deiveson Figueiredo vs. Jarred Brooks,Jarred Brooks,113
2018-02-03,UFC Fight Night: Machida vs. Anders,Deiveson Figueiredo vs. Joseph Morales,Deiveson Figueiredo,195
2018-02-03,UFC Fight Night: Machida vs. Anders,Deiveson Figueiredo vs. Joseph Morales,Joseph Morales,-195
2019-10-12,UFC Fight Night: Joanna vs. Waterson,Deiveson Figueiredo vs. Tim Elliott,Deiveson Figueiredo,-237
2019-10-12,UFC Fight Night: Joanna vs. Waterson,Deiveson Figueiredo vs. Tim Elliott,Tim Elliott,237
2018-08-04,UFC 227: Dillashaw vs. Garbrandt 2,Demetrious Johnson vs. Henry Cejudo,Demetrious Johnson,-482
2018-08-04,UFC 227: Dillashaw vs. Garbrandt 2,Demetrious Johnson vs. Henry Cejudo,Henry Cejudo,482
2017-10-07,UFC 216: Ferguson vs. Lee,Demetrious Johnson vs. Ray Borg,Demetrious Johnson,-361
2017-10-07,UFC 216: Ferguson vs. Lee,Demetrious Johnson vs. Ray Borg,Ray Borg,361
2019-06-29,UFC Fight Night: Ngannou vs. Dos Santos,Demian Maia vs. Anthony Rocco Martin,Demian Maia,-103
2019-06-29,UFC Fight Night: Ngannou vs. Dos Santos,Demian Maia vs. Anthony Rocco Martin,Anthony Rocco Martin,103
2019-10-26,UFC Fight Night: Maia vs. Askren,Demian Maia vs. Ben Askren,Demian Maia,-583
2019-10-26,UFC Fight Night: Maia vs. Askren,Demian Maia vs. Ben Askren,Ben Askren,583
2017-10-28,UFC Fight Night: Brunson vs. Machida,Demian Maia vs. Colby Covington,Demian Maia,141
2017-10-28,UFC Fight Night: Brunson vs. Machida,Demian Maia vs. Colby Covington,Colby Covington,-141
2018-05-19,UFC Fight Night: Maia vs. Usman,Demian Maia vs. Kamaru Usman,Demian Maia,190
2018-05-19,UFC Fight Night: Maia vs. Usman,Demian Maia vs. Kamaru Usman,Kamaru Usman,-190
2019-02-02,UFC Fight Night: Assuncao vs. Moraes 2,Demian Maia vs. Lyman Good,Demian Maia,-281
2019-02-02,UFC Fight Night: Assuncao vs. Moraes 2,Demian Maia vs. Lyman Good,Lyman Good,281
2018-01-27,UFC Fight Night: Jacare vs. Brunson 2,Dennis Bermudez vs. Andre Fili,Dennis Bermudez,-173
2018-01-27,UFC Fight Night: Jacare vs. Brunson 2,Dennis Bermudez vs. Andre Fili,Andre Fili,173
2018-07-14,UFC Fight Night: Dos Santos vs. Ivanov,Dennis Bermudez vs. Ricky Glenn,Dennis Bermudez,-245
2018-07-14,UFC Fight Night: Dos Santos vs. Ivanov,Dennis Bermudez vs. Ricky Glenn,Ricky Glenn,245
2019-01-19,UFC Fight Night: Cejudo vs. Dillashaw,Dennis Bermudez vs. Te Edwards,Dennis Bermudez,-342
2019-01-19,UFC Fight Night: Cejudo vs. Dillashaw,Dennis Bermudez vs. Te Edwards,Te Edwards,342
2019-05-04,UFC Fight Night: Iaquinta vs. Cowboy,Derek Brunson vs. Elias Theodorou,Derek Brunson,135
2019-05-04,UFC Fight Night: Iaquinta vs. Cowboy,Derek Brunson vs. Elias Theodorou,Elias Theodorou,-135
2019-08-17,UFC 241: Cormier vs. Miocic 2,Derek Brunson vs. Ian Heinisch,Derek Brunson,-144
2019-08-17,UFC 241: Cormier vs. Miocic 2,Derek Brunson vs. Ian Heinisch,Ian Heinisch,144
2018-11-03,UFC 230: Cormier vs. Lewis,Derek Brunson vs. Israel Adesanya,Derek Brunson,-114
2018-11-03,UFC 230: Cormier vs. Lewis,Derek Brunson vs. Israel Adesanya,Israel Adesanya,114
2017-10-28,UFC Fight Night: Brunson vs. Machida,Derek Brunson vs. Lyoto Machida,Derek Brunson,-172
2017-10-28,UFC Fight Night: Brunson vs. Machida,Derek Brunson vs. Lyoto Machida,Lyoto Machida,172
2019-10-18,UFC Fight Night: Reyes vs. Weidman,Deron Winn vs. Darren Stewart,Deron Winn,185
2019-10-18,UFC Fight Night: Reyes vs. Weidman,Deron Winn vs. Darren Stewart,Darren Stewart,-185
2018-10-06,UFC 229: Khabib vs. McGregor,Derrick Lewis vs. Alexander Volkov,Derrick Lewis,-106
2018-10-06,UFC 229: Khabib vs. McGregor,Derrick Lewis vs. Alexander Volkov,Alexander Volkov,106
2019-11-02,UFC 244: Masvidal vs. Diaz,Derrick Lewis vs. Blagoy Ivanov,Derrick Lewis,-128
2019-11-02,UFC 244: Masvidal vs. Diaz,Derrick Lewis vs. Blagoy Ivanov,Blagoy Ivanov,128
2020-02-08,UFC 247: Jones vs. Reyes,Derrick Lewis vs. Ilir Latifi,Derrick Lewis,-132
2020-02-08,UFC 247: Jones vs. Reyes,Derrick Lewis vs. Ilir Latifi,Ilir Latifi,132
2019-03-09,UFC Fight Night: Lewis vs. Dos Santos,Derrick Lewis vs. Junior Dos Santos,Derrick Lewis,186
2019-03-09,UFC Fight Night: Lewis vs. Dos Santos,Derrick Lewis vs. Junior Dos Santos,Junior Dos Santos,-186
2018-02-18,UFC Fight Night: Cerrone vs. Medeiros,Derrick Lewis vs. Marcin Tybura,Derrick Lewis,-145
2018-02-18,UFC Fight Night: Cerrone vs. Medeiros,Derrick Lewis vs. Marcin Tybura,Marcin Tybura,145
2018-06-01,UFC Fight Night: Rivera vs. Moraes,Desmond Green vs. Gleison Tibau,Desmond Green,-393
2018-06-01,UFC Fight Night: Rivera vs. Moraes,Desmond Green vs. Gleison Tibau,Gleison Tibau,393
2018-12-08,UFC 231: Holloway vs. Ortega,Devin Clark vs. Aleksandar Rakic,Devin Clark,156
2018-12-08,UFC 231: Holloway vs. Ortega,Devin Clark vs. Aleksandar Rakic,Aleksandar Rakic,-156
2020-02-15,UFC Fight Night: Anderson vs. Blachowicz,Devin Clark vs. Dequan Townsend,Devin Clark,-238
2020-02-15,UFC Fight Night: Anderson vs. Blachowicz,Devin Clark vs. Dequan Townsend,Dequan Townsend,238
2018-07-28,UFC Fight Night: Alvarez vs. Poirier 2,Devin Powell vs. Alvaro Herrera Mendoza,Devin Powell,122
2018-07-28,UFC Fight Night: Alvarez vs. Poirier 2,Devin Powell vs. Alvaro Herrera Mendoza,Alvaro Herrera Mendoza,-122
2019-02-09,UFC 234: Adesanya vs. Silva,Devonte Smith vs. Dong Hyun Ma,Devonte Smith,-181
2019-02-09,UFC 234: Adesanya vs. Silva,Devonte Smith vs. Dong Hyun Ma,Dong Hyun Ma,181
2018-04-14,UFC Fight Night: Poirier vs. Gaethje,Dhiego Lima vs. Yushin Okami,Dhiego Lima,-123
2018-04-14,UFC Fight Night: Poirier vs. Gaethje,Dhiego Lima vs. Yushin Okami,Yushin Okami,123
2018-05-19,UFC Fight Night: Maia vs. Usman,Diego Rivas vs. Guido Cannetti,Diego Rivas,118
2018-05-19,UFC Fight Night: Maia vs. Usman,Diego Rivas vs. Guido Cannetti,Guido Cannetti,-118
2018-09-08,UFC 228: Woodley vs. Till,Diego Sanchez vs. Craig White,Diego Sanchez,172
2018-09-08,UFC 228: Woodley vs. Till,Diego Sanchez vs. Craig White,Craig White,-172
2019-07-06,UFC 239: Jones vs. Santos,Diego Sanchez vs. Michael Chiesa,Diego Sanchez,327
2019-07-06,UFC 239: Jones vs. Santos,Diego Sanchez vs. Michael Chiesa,Michael Chiesa,-327
2020-02-15,UFC Fight Night: Anderson vs. Blachowicz,Diego Sanchez vs. Michel Pereira,Diego Sanchez,391
2020-02-15,UFC Fight Night: Anderson vs. Blachowicz,Diego Sanchez vs. Michel Pereira,Michel Pereira,-391
2019-03-02,UFC 235: Jones vs. Smith,Diego Sanchez vs. Mickey Gall,Diego Sanchez,347
2019-03-02,UFC 235: Jones vs. Smith,Diego Sanchez vs. Mickey Gall,Mickey Gall,-347
2017-10-21,UFC Fight Night: Cerrone vs. Till,Donald Cerrone vs. Darren Till,Donald Cerrone,166
2017-10-21,UFC Fight Night: Cerrone vs. Till,Donald Cerrone vs. Darren Till,Darren Till,-166
2019-09-14,UFC Fight Night: Cowboy vs. Gaethje,Donald Cerrone vs. Justin Gaethje,Donald Cerrone,-145
2019-09-14,UFC Fight Night: Cowboy vs. Gaethje,Donald Cerrone vs. Justin Gaethje,Justin Gaethje,145
2018-06-23,UFC Fight Night: Cowboy vs. Edwards,Donald Cerrone vs. Leon Edwards,Donald Cerrone,144
2018-06-23,UFC Fight Night: Cowboy vs. Edwards,Donald Cerrone vs. Leon Edwards,Leon Edwards,-144
2018-11-10,UFC Fight Night: Korean Zombie vs. Rodriguez,Donald Cerrone vs. Mike Perry,Donald Cerrone,164
2018-11-10,UFC Fight Night: Korean Zombie vs. Rodriguez,Donald Cerrone vs. Mike Perry,Mike Perry,-164
2018-02-18,UFC Fight Night: Cerrone vs. Medeiros,Donald Cerrone vs. Yancy Medeiros,Donald Cerrone,-154
2018-02-18,UFC Fight Night: Cerrone vs. Medeiros,Donald Cerrone vs. Yancy Medeiros,Yancy Medeiros,154
2019-12-21,UFC Fight Night: Edgar vs. The Korean Zombie,Dooho Choi vs. Charles Jourdain,Dooho Choi,-161
2019-12-21,UFC Fight Night: Edgar vs. The Korean Zombie,Dooho Choi vs. Charles Jourdain,Charles Jourdain,161
2018-02-03,UFC Fight Night: Machida vs. Anders,Douglas Silva de Andrade vs. Marlon Vera,Douglas Silva de Andrade,143
2018-02-03,UFC Fight Night: Machida vs. Anders,Douglas Silva de Andrade vs. Marlon Vera,Marlon Vera,-143
2018-12-29,UFC 232: Jones vs. Gustafsson 2,Douglas Silva de Andrade vs. Petr Yan,Douglas Silva de Andrade,257
2018-12-29,UFC 232: Jones vs. Gustafsson 2,Douglas Silva de Andrade vs. Petr Yan,Petr Yan,-257
2019-11-16,UFC Fight Night: Blachowicz vs. Jacare,Douglas Silva de Andrade vs. Renan Barao,Douglas Silva de Andrade,374
2019-11-16,UFC Fight Night: Blachowicz vs. Jacare,Douglas Silva de Andrade vs. Renan Barao,Renan Barao,-374
2018-01-27,UFC Fight Night: Jacare vs. Brunson 2,Drew Dober vs. Frank Camacho,Drew Dober,133
2018-01-27,UFC Fight Night: Jacare vs. Brunson 2,Drew Dober vs. Frank Camacho,Frank Camacho,-133
2018-08-25,UFC Fight Night: Gaethje vs. Vick,Drew Dober vs. Jon Tuck,Drew Dober,-110
2018-08-25,UFC Fight Night: Gaethje vs. Vick,Drew Dober vs. Jon Tuck,Jon Tuck,110
2019-06-29,UFC Fight Night: Ngannou vs. Dos Santos,Drew Dober vs. Marco Polo Reyes,Drew Dober,-114
2019-06-29,UFC Fight Night: Ngannou vs. Dos Santos,Drew Dober vs. Marco Polo Reyes,Marco Polo Reyes,114
2020-01-18,UFC 246: McGregor vs. Cowboy,Drew Dober vs. Nasrat Haqparast,Drew Dober,318
2020-01-18,UFC 246: McGregor vs. Cowboy,Drew Dober vs. Nasrat Haqparast,Nasrat Haqparast,-318
2018-01-20,UFC 220: Miocic vs. Ngannou,Dustin Ortiz vs. Alexandre Pantoja,Dustin Ortiz,-105
2018-01-20,UFC 220: Miocic vs. Ngannou,Dustin Ortiz vs. Alexandre Pantoja,Alexandre Pantoja,105
2018-07-28,UFC Fight Night: Alvarez vs. Poirier 2,Dustin Ortiz vs. Matheus Nicolau,Dustin Ortiz,143
2018-07-28,UFC Fight Night: Alvarez vs. Poirier 2,Dustin Ortiz vs. Matheus Nicolau,Matheus Nicolau,-143
2017-11-11,UFC Fight Night: Poirier vs. Pettis,Dustin Poirier vs. Anthony Pettis,Dustin Poirier,-246
2017-11-11,UFC Fight Night: Poirier vs. Pettis,Dustin Poirier vs. Anthony Pettis,Anthony Pettis,246
2018-04-14,UFC Fight Night: Poirier vs. Gaethje,Dustin Poirier vs. Justin Gaethje,Dustin Poirier,-579
2018-04-14,UFC Fight Night: Poirier vs. Gaethje,Dustin Poirier vs. Justin Gaethje,Justin Gaethje,579
2019-02-23,UFC Fight Night: Blachowicz vs. Santos,Dwight Grant vs. Carlo Pedersoli Jr.,Dwight Grant,108
2019-02-23,UFC Fight Night: Blachowicz vs. Santos,Dwight Grant vs. Carlo Pedersoli Jr.,Carlo Pedersoli Jr.,-108
2018-07-28,UFC Fight Night: Alvarez vs. Poirier 2,Eddie Alvarez vs. Dustin Poirier,Eddie Alvarez,472
2018-07-28,UFC Fight Night: Alvarez vs. Poirier 2,Eddie Alvarez vs. Dustin Poirier,Dustin Poirier,-472
2017-12-02,UFC 218: Holloway vs. Aldo 2,Eddie Alvarez vs. Justin Gaethje,Eddie Alvarez,155
2017-12-02,UFC 218: Holloway vs. Aldo 2,Eddie Alvarez vs. Justin Gaethje,Justin Gaethje,-155
2018-07-14,UFC Fight Night: Dos Santos vs. Ivanov,Eddie Wineland vs. Alejandro Perez,Eddie Wineland,309
2018-07-14,UFC Fight Night: Dos Santos vs. Ivanov,Eddie Wineland vs. Alejandro Perez,Alejandro Perez,-309
2019-03-02,UFC 235: Jones vs. Smith,Edmen Shahbazyan vs. Charles Byrd,Edmen Shahbazyan,-190
2019-03-02,UFC 235: Jones vs. Smith,Edmen Shahbazyan vs. Charles Byrd,Charles Byrd,190
2019-07-06,UFC 239: Jones vs. Santos,Edmen Shahbazyan vs. Jack Marshman,Edmen Shahbazyan,-581
2019-07-06,UFC 239: Jones vs. Santos,Edmen Shahbazyan vs. Jack Marshman,Jack Marshman,581
2018-12-15,UFC Fight Night: Lee vs. Iaquinta,Edson Barboza vs. Dan Hooker,Edson Barboza,117
2018-12-15,UFC Fight Night: Lee vs. Iaquinta,Edson Barboza vs. Dan Hooker,Dan Hooker,-117
2019-03-30,UFC Fight Night: Barboza vs. Gaethje,Edson Barboza vs. Justin Gaethje,Edson Barboza,-187
2019-03-30,UFC Fight Night: Barboza vs. Gaethje,Edson Barboza vs. Justin Gaethje,Justin Gaethje,187
2018-04-21,UFC Fight Night: Barboza vs. Lee,Edson Barboza vs. Kevin Lee,Edson Barboza,319
2018-04-21,UFC Fight Night: Barboza vs. Lee,Edson Barboza vs. Kevin Lee,Kevin Lee,-319
2019-09-07,UFC 242: Khabib vs. Poirier,Edson Barboza vs. Paul Felder,Edson Barboza,127
2019-09-07,UFC 242: Khabib vs. Poirier,Edson Barboza vs. Paul Felder,Paul Felder,-127
2017-11-18,UFC Fight Night: Werdum vs. Tybura,Elias Theodorou vs. Daniel Kelly,Elias Theodorou,-338
2017-11-18,UFC Fight Night: Werdum vs. Tybura,Elias Theodorou vs. Daniel Kelly,Daniel Kelly,338
2018-12-08,UFC 231: Holloway vs. Ortega,Elias Theodorou vs. Eryk Anders,Elias Theodorou,-287
2018-12-08,UFC 231: Holloway vs. Ortega,Elias Theodorou vs. Eryk Anders,Eryk Anders,287
2018-05-27,UFC Fight Night: Thompson vs. Till,Elias Theodorou vs. Trevor Smith,Elias Theodorou,-261
2018-05-27,UFC Fight Night: Thompson vs. Till,Elias Theodorou vs. Trevor Smith,Trevor Smith,261
2019-03-09,UFC Fight Night: Lewis vs. Dos Santos,Elizeu Zaleski dos Santos vs. Curtis Millender,Elizeu Zaleski dos Santos,-198
2019-03-09,UFC Fight Night: Lewis vs. Dos Santos,Elizeu Zaleski dos Santos vs. Curtis Millender,Curtis Millender,198
2017-10-28,UFC Fight Night: Brunson vs. Machida,Elizeu Zaleski dos Santos vs. Max Griffin,Elizeu Zaleski dos Santos,-186
2017-10-28,UFC Fight Night: Brunson vs. Machida,Elizeu Zaleski dos Santos vs. Max Griffin,Max Griffin,186
2018-05-12,UFC 224: Nunes vs. Pennington,Elizeu Zaleski dos Santos vs. Sean Strickland,Elizeu Zaleski dos Santos,174
2018-05-12,UFC 224: Nunes vs. Pennington,Elizeu Zaleski dos Santos vs. Sean Strickland,Sean Strickland,-174
2018-07-22,UFC Fight Night: Shogun vs. Smith,Emil Meek vs. Bartosz Fabinski,Emil Meek,251
2018-07-22,UFC Fight Night: Shogun vs. Smith,Emil Meek vs. Bartosz Fabinski,Bartosz Fabinski,-251
2019-08-10,UFC Fight Night: Shevchenko vs. Carmouche 2,Enrique Barzola vs. Bobby Moffett,Enrique Barzola,-207
2019-08-10,UFC Fight Night: Shevchenko vs. Carmouche 2,Enrique Barzola vs. Bobby Moffett,Bobby Moffett,207
2018-05-19,UFC Fight Night: Maia vs. Usman,Enrique Barzola vs. Brandon Davis,Enrique Barzola,-136
2018-05-19,UFC Fight Night: Maia vs. Usman,Enrique Barzola vs. Brandon Davis,Brandon Davis,136
2019-03-30,UFC Fight Night: Barboza vs. Gaethje,Enrique Barzola vs. Kevin Aguilar,Enrique Barzola,-205
2019-03-30,UFC Fight Night: Barboza vs. Gaethje,Enrique Barzola vs. Kevin Aguilar,Kevin Aguilar,205
2019-10-26,UFC Fight Night: Maia vs. Askren,Enrique Barzola vs. Movsar Evloev,Enrique Barzola,103
2019-10-26,UFC Fight Night: Maia vs. Askren,Enrique Barzola vs. Movsar Evloev,Movsar Evloev,-103
2018-02-24,UFC Fight Night: Emmett vs. Stephens,Eric Shelton vs. Alex Perez,Eric Shelton,102
2018-02-24,UFC Fight Night: Emmett vs. Stephens,Eric Shelton vs. Alex Perez,Alex Perez,-102
2018-05-27,UFC Fight Night: Thompson vs. Till,Eric Spicely vs. Darren Stewart,Eric Spicely,122
2018-05-27,UFC Fight Night: Thompson vs. Till,Eric Spicely vs. Darren Stewart,Darren Stewart,-122
2017-12-01,The Ultimate Fighter: A New World Champion Finale,Eric Spicely vs. Gerald Meerschaert,Eric Spicely,-108
2017-12-01,The Ultimate Fighter: A New World Champion Finale,Eric Spicely vs. Gerald Meerschaert,Gerald Meerschaert,108
2018-01-27,UFC Fight Night: Jacare vs. Brunson 2,Erik Koch vs. King Green,Erik Koch,175
2018-01-27,UFC Fight Night: Jacare vs. Brunson 2,Erik Koch vs. King Green,King Green,-175
2019-07-27,UFC 240: Holloway vs. Edgar,Erik Koch vs. Kyle Stewart,Erik Koch,131
2019-07-27,UFC 240: Holloway vs. Edgar,Erik Koch vs. Kyle Stewart,Kyle Stewart,-131
2019-10-12,UFC Fight Night: Joanna vs. Waterson,Eryk Anders vs. Gerald Meerschaert,Eryk Anders,-101
2019-10-12,UFC Fight Night: Joanna vs. Waterson,Eryk Anders vs. Gerald Meerschaert,Gerald Meerschaert,101
2019-04-13,UFC 236: Holloway vs. Poirier 2,Eryk Anders vs. Khalil Rountree Jr.,Eryk Anders,-112
2019-04-13,UFC 236: Holloway vs. Poirier 2,Eryk Anders vs. Khalil Rountree Jr.,Khalil Rountree Jr.,112
2018-08-25,UFC Fight Night: Gaethje vs. Vick,Eryk Anders vs. Tim Williams,Eryk Anders,-371
2018-08-25,UFC Fight Night: Gaethje vs. Vick,Eryk Anders vs. Tim Williams,Tim Williams,371
2019-06-29,UFC Fight Night: Ngannou vs. Dos Santos,Eryk Anders vs. Vinicius Moreira,Eryk Anders,-157
2019-06-29,UFC Fight Night: Ngannou vs. Dos Santos,Eryk Anders vs. Vinicius Moreira,Vinicius Moreira,157
2018-03-17,UFC Fight Night: Werdum vs. Volkov,Fabricio Werdum vs. Alexander Volkov,Fabricio Werdum,105
2018-03-17,UFC Fight Night: Werdum vs. Volkov,Fabricio Werdum vs. Alexander Volkov,Alexander Volkov,-105
2017-11-18,UFC Fight Night: Werdum vs. Tybura,Fabricio Werdum vs. Marcin Tybura,Fabricio Werdum,107
2017-11-18,UFC Fight Night: Werdum vs. Tybura,Fabricio Werdum vs. Marcin Tybura,Marcin Tybura,-107
2017-10-07,UFC 216: Ferguson vs. Lee,Fabricio Werdum vs. Walt Harris,Fabricio Werdum,-280
2017-10-07,UFC 216: Ferguson vs. Lee,Fabricio Werdum vs. Walt Harris,Walt Harris,280
2017-10-21,UFC Fight Night: Cerrone vs. Till,Felipe Arantes vs. Josh Emmett,Felipe Arantes,128
2017-10-21,UFC Fight Night: Cerrone vs. Till,Felipe Arantes vs. Josh Emmett,Josh Emmett,-128
2018-06-23,UFC Fight Night: Cowboy vs. Edwards,Felipe Arantes vs. Song Yadong,Felipe Arantes,308
2018-06-23,UFC Fight Night: Cowboy vs. Edwards,Felipe Arantes vs. Song Yadong,Song Yadong,-308
2019-02-17,UFC Fight Night: Ngannou vs. Velasquez,Francis Ngannou vs. Cain Velasquez,Francis Ngannou,173
2019-02-17,UFC Fight Night: Ngannou vs. Velasquez,Francis Ngannou vs. Cain Velasquez,Cain Velasquez,-173
2018-07-07,UFC 226: Miocic vs. Cormier,Francis Ngannou vs. Derrick Lewis,Francis Ngannou,-102
2018-07-07,UFC 226: Miocic vs. Cormier,Francis Ngannou vs. Derrick Lewis,Derrick Lewis,102
2019-06-29,UFC Fight Night: Ngannou vs. Dos Santos,Francis Ngannou vs. Junior Dos Santos,Francis Ngannou,118
2019-06-29,UFC Fight Night: Ngannou vs. Dos Santos,Francis Ngannou vs. Junior Dos Santos,Junior Dos Santos,-118
2017-10-28,UFC Fight Night: Brunson vs. Machida,Francisco Trinaldo vs. Jim Miller,Francisco Trinaldo,-257
2017-10-28,UFC Fight Night: Brunson vs. Machida,Francisco Trinaldo vs. Jim Miller,Jim Miller,257
2019-11-16,UFC Fight Night: Blachowicz vs. Jacare,Francisco Trinaldo vs. King Green,Francisco Trinaldo,-184
2019-11-16,UFC Fight Night: Blachowicz vs. Jacare,Francisco Trinaldo vs. King Green,King Green,184
2019-10-26,UFC Fight Night: Maia vs. Askren,Frank Camacho vs. Beneil Dariush,Frank Camacho,285
2019-10-26,UFC Fight Night: Maia vs. Askren,Frank Camacho vs. Beneil Dariush,Beneil Dariush,-285
2019-12-21,UFC Fight Night: Edgar vs. The Korean Zombie,Frankie Edgar vs. Chan Sung Jung,Frankie Edgar,-366
2019-12-21,UFC Fight Night: Edgar vs. The Korean Zombie,Frankie Edgar vs. Chan Sung Jung,Chan Sung Jung,366
2018-04-21,UFC Fight Night: Barboza vs. Lee,Frankie Edgar vs. Cub Swanson,Frankie Edgar,-164
2018-04-21,UFC Fight Night: Barboza vs. Lee,Frankie Edgar vs. Cub Swanson,Cub Swanson,164
2018-05-19,UFC Fight Night: Maia vs. Usman,Gabriel Benitez vs. Humberto Bandenay,Gabriel Benitez,-109
2018-05-19,UFC Fight Night: Maia vs. Usman,Gabriel Benitez vs. Humberto Bandenay,Humberto Bandenay,109
2019-08-17,UFC 241: Cormier vs. Miocic 2,Gabriel Benitez vs. Sodiq Yusuff,Gabriel Benitez,-135
2019-08-17,UFC 241: Cormier vs. Miocic 2,Gabriel Benitez vs. Sodiq Yusuff,Sodiq Yusuff,135
2018-07-28,UFC Fight Night: Alvarez vs. Poirier 2,Gadzhimurad Antigulov vs. Ion Cutelaba,Gadzhimurad Antigulov,-142
2018-07-28,UFC Fight Night: Alvarez vs. Poirier 2,Gadzhimurad Antigulov vs. Ion Cutelaba,Ion Cutelaba,142
2019-04-20,UFC Fight Night: Overeem vs. Oleinik,Gadzhimurad Antigulov vs. Michal Oleksiejczuk,Gadzhimurad Antigulov,147
2019-04-20,UFC Fight Night: Overeem vs. Oleinik,Gadzhimurad Antigulov vs. Michal Oleksiejczuk,Michal Oleksiejczuk,-147
2019-07-27,UFC 240: Holloway vs. Edgar,Gavin Tucker vs. SeungWoo Choi,Gavin Tucker,135
2019-07-27,UFC 240: Holloway vs. Edgar,Gavin Tucker vs. SeungWoo Choi,SeungWoo Choi,-135
2018-09-08,UFC 228: Woodley vs. Till,Geoff Neal vs. Frank Camacho,Geoff Neal,-190
2018-09-08,UFC 228: Woodley vs. Till,Geoff Neal vs. Frank Camacho,Frank Camacho,190
2019-12-14,UFC 245: Usman vs. Covington,Geoff Neal vs. Mike Perry,Geoff Neal,111
2019-12-14,UFC 245: Usman vs. Covington,Geoff Neal vs. Mike Perry,Mike Perry,-111
2019-07-27,UFC 240: Holloway vs. Edgar,Geoff Neal vs. Niko Price,Geoff Neal,-169
2019-07-27,UFC 240: Holloway vs. Edgar,Geoff Neal vs. Niko Price,Niko Price,169
2018-12-15,UFC Fight Night: Lee vs. Iaquinta,Gerald Meerschaert vs. Jack Hermansson,Gerald Meerschaert,114
2018-12-15,UFC Fight Night: Lee vs. Iaquinta,Gerald Meerschaert vs. Jack Hermansson,Jack Hermansson,-114
2018-07-06,The Ultimate Fighter: Undefeated Finale,Gerald Meerschaert vs. Oskar Piechota,Gerald Meerschaert,147
2018-07-06,The Ultimate Fighter: Undefeated Finale,Gerald Meerschaert vs. Oskar Piechota,Oskar Piechota,-147
2019-08-10,UFC Fight Night: Shevchenko vs. Carmouche 2,Geraldo de Freitas vs. Chris Gutierrez,Geraldo de Freitas,-188
2019-08-10,UFC Fight Night: Shevchenko vs. Carmouche 2,Geraldo de Freitas vs. Chris Gutierrez,Chris Gutierrez,188
2018-10-27,UFC Fight Night: Oezdemir vs. Smith,Gian Villante vs. Ed Herman,Gian Villante,121
2018-10-27,UFC Fight Night: Oezdemir vs. Smith,Gian Villante vs. Ed Herman,Ed Herman,-121
2018-01-20,UFC 220: Miocic vs. Ngannou,Gian Villante vs. Francimar Barroso,Gian Villante,-102
2018-01-20,UFC 220: Miocic vs. Ngannou,Gian Villante vs. Francimar Barroso,Francimar Barroso,102
2018-06-01,UFC Fight Night: Rivera vs. Moraes,Gian Villante vs. Sam Alvey,Gian Villante,114
2018-06-01,UFC Fight Night: Rivera vs. Moraes,Gian Villante vs. Sam Alvey,Sam Alvey,-114
2019-08-10,UFC Fight Night: Shevchenko vs. Carmouche 2,Gilbert Burns vs. Aleksei Kunchenko,Gilbert Burns,-147
2019-08-10,UFC Fight Night: Shevchenko vs. Carmouche 2,Gilbert Burns vs. Aleksei Kunchenko,Aleksei Kunchenko,147
2019-07-06,UFC 239: Jones vs. Santos,Gilbert Melendez vs. Arnold Allen,Gilbert Melendez,459
2019-07-06,UFC 239: Jones vs. Santos,Gilbert Melendez vs. Arnold Allen,Arnold Allen,-459
2018-07-22,UFC Fight Night: Shogun vs. Smith,Glover Teixeira vs. Corey Anderson,Glover Teixeira,335
2018-07-22,UFC Fight Night: Shogun vs. Smith,Glover Teixeira vs. Corey Anderson,Corey Anderson,-335
2019-04-27,UFC Fight Night: Jacare vs. Hermansson,Glover Teixeira vs. Ion Cutelaba,Glover Teixeira,135
2019-04-27,UFC Fight Night: Jacare vs. Hermansson,Glover Teixeira vs. Ion Cutelaba,Ion Cutelaba,-135
2019-01-19,UFC Fight Night: Cejudo vs. Dillashaw,Glover Teixeira vs. Karl Roberson,Glover Teixeira,156
2019-01-19,UFC Fight Night: Cejudo vs. Dillashaw,Glover Teixeira vs. Karl Roberson,Karl Roberson,-156
2017-12-16,UFC Fight Night: Lawler vs. Dos Anjos,Glover Teixeira vs. Misha Cirkunov,Glover Teixeira,252
2017-12-16,UFC Fight Night: Lawler vs. Dos Anjos,Glover Teixeira vs. Misha Cirkunov,Misha Cirkunov,-252
2019-09-14,UFC Fight Night: Cowboy vs. Gaethje,Glover Teixeira vs. Nikita Krylov,Glover Teixeira,331
2019-09-14,UFC Fight Night: Cowboy vs. Gaethje,Glover Teixeira vs. Nikita Krylov,Nikita Krylov,-331
2018-07-07,UFC 226: Miocic vs. Cormier,Gokhan Saki vs. Khalil Rountree Jr.,Gokhan Saki,-114
2018-07-07,UFC 226: Miocic vs. Cormier,Gokhan Saki vs. Khalil Rountree Jr.,Khalil Rountree Jr.,114
2019-04-27,UFC Fight Night: Jacare vs. Hermansson,Greg Hardy vs. Dmitrii Smoliakov,Greg Hardy,-244
2019-04-27,UFC Fight Night: Jacare vs. Hermansson,Greg Hardy vs. Dmitrii Smoliakov,Dmitrii Smoliakov,244
2019-07-20,UFC Fight Night: Dos Anjos vs. Edwards,Greg Hardy vs. Juan Adams,Greg Hardy,-103
2019-07-20,UFC Fight Night: Dos Anjos vs. Edwards,Greg Hardy vs. Juan Adams,Juan Adams,103
2018-06-01,UFC Fight Night: Rivera vs. Moraes,Gregor Gillespie vs. Vinc Pichel,Gregor Gillespie,-144
2018-06-01,UFC Fight Night: Rivera vs. Moraes,Gregor Gillespie vs. Vinc Pichel,Vinc Pichel,144
2019-01-19,UFC Fight Night: Cejudo vs. Dillashaw,Gregor Gillespie vs. Yancy Medeiros,Gregor Gillespie,-223
2019-01-19,UFC Fight Night: Cejudo vs. Dillashaw,Gregor Gillespie vs. Yancy Medeiros,Yancy Medeiros,223
2019-11-09,UFC Fight Night: Zabit vs. Kattar,Grigory Popov vs. Davey Grant,Grigory Popov,254
2019-11-09,UFC Fight Night: Zabit vs. Kattar,Grigory Popov vs. Davey Grant,Davey Grant,-254
2018-11-17,UFC Fight Night: Magny vs. Ponzinibbio,Guido Cannetti vs. Marlon Vera,Guido Cannetti,115
2018-11-17,UFC Fight Night: Magny vs. Ponzinibbio,Guido Cannetti vs. Marlon Vera,Marlon Vera,-115
2019-09-28,UFC Fight Night: Hermansson vs. Cannonier,Gunnar Nelson vs. Gilbert Burns,Gunnar Nelson,152
2019-09-28,UFC Fight Night: Hermansson vs. Cannonier,Gunnar Nelson vs. Gilbert Burns,Gilbert Burns,-152
2017-10-28,UFC Fight Night: Brunson vs. Machida,Hacran Dias vs. Jared Gordon,Hacran Dias,443
2017-10-28,UFC Fight Night: Brunson vs. Machida,Hacran Dias vs. Jared Gordon,Jared Gordon,-443
2018-07-28,UFC Fight Night: Alvarez vs. Poirier 2,Hakeem Dawodu vs. Austin Arnett,Hakeem Dawodu,-230
2018-07-28,UFC Fight Night: Alvarez vs. Poirier 2,Hakeem Dawodu vs. Austin Arnett,Austin Arnett,230
2018-12-08,UFC 231: Holloway vs. Ortega,Hakeem Dawodu vs. Kyle Bochniak,Hakeem Dawodu,-285
2018-12-08,UFC 231: Holloway vs. Ortega,Hakeem Dawodu vs. Kyle Bochniak,Kyle Bochniak,285
2018-05-19,UFC Fight Night: Maia vs. Usman,Henry Briones vs. Frankie Saenz,Henry Briones,271
2018-05-19,UFC Fight Night: Maia vs. Usman,Henry Briones vs. Frankie Saenz,Frankie Saenz,-271
2019-06-08,UFC 238: Cejudo vs. Moraes,Henry Cejudo vs. Marlon Moraes,Henry Cejudo,-124
2019-06-08,UFC 238: Cejudo vs. Moraes,Henry Cejudo vs. Marlon Moraes,Marlon Moraes,124
2017-12-02,UFC 218: Holloway vs. Aldo 2,Henry Cejudo vs. Sergio Pettis,Henry Cejudo,145
2017-12-02,UFC 218: Holloway vs. Aldo 2,Henry Cejudo vs. Sergio Pettis,Sergio Pettis,-145
2019-01-19,UFC Fight Night: Cejudo vs. Dillashaw,Henry Cejudo vs. TJ Dillashaw,Henry Cejudo,186
2019-01-19,UFC Fight Night: Cejudo vs. Dillashaw,Henry Cejudo vs. TJ Dillashaw,TJ Dillashaw,-186
2018-11-24,UFC Fight Night: Blaydes vs. Ngannou 2,Hu Yaozong vs. Rashad Coulter,Hu Yaozong,-205
2018-11-24,UFC Fight Night: Blaydes vs. Ngannou 2,Hu Yaozong vs. Rashad Coulter,Rashad Coulter,205
2018-11-17,UFC Fight Night: Magny vs. Ponzinibbio,Humberto Bandenay vs. Austin Arnett,Humberto Bandenay,-195
2018-11-17,UFC Fight Night: Magny vs. Ponzinibbio,Humberto Bandenay vs. Austin Arnett,Austin Arnett,195
2019-12-14,UFC 245: Usman vs. Covington,Ian Heinisch vs. Omari Akhmedov,Ian Heinisch,164
2019-12-14,UFC 245: Usman vs. Covington,Ian Heinisch vs. Omari Akhmedov,Omari Akhmedov,-164
2018-12-29,UFC 232: Jones vs. Gustafsson 2,Ilir Latifi vs. Corey Anderson,Ilir Latifi,266
2018-12-29,UFC 232: Jones vs. Gustafsson 2,Ilir Latifi vs. Corey Anderson,Corey Anderson,-266
2019-09-28,UFC Fight Night: Hermansson vs. Cannonier,Ion Cutelaba vs. Khalil Rountree Jr.,Ion Cutelaba,-162
2019-09-28,UFC Fight Night: Hermansson vs. Cannonier,Ion Cutelaba vs. Khalil Rountree Jr.,Khalil Rountree Jr.,162
2019-09-07,UFC 242: Khabib vs. Poirier,Islam Makhachev vs. Davi Ramos,Islam Makhachev,-237
2019-09-07,UFC 242: Khabib vs. Poirier,Islam Makhachev vs. Davi Ramos,Davi Ramos,237
2018-01-20,UFC 220: Miocic vs. Ngannou,Islam Makhachev vs. Gleison Tibau,Islam Makhachev,-381
2018-01-20,UFC 220: Miocic vs. Ngannou,Islam Makhachev vs. Gleison Tibau,Gleison Tibau,381
2019-07-06,UFC 239: Jones vs. Santos,Ismail Naurdiev vs. Chance Rencountre,Ismail Naurdiev,-263
2019-07-06,UFC 239: Jones vs. Santos,Ismail Naurdiev vs. Chance Rencountre,Chance Rencountre,263
2019-02-09,UFC 234: Adesanya vs. Silva,Israel Adesanya vs. Anderson Silva,Israel Adesanya,-196
2019-02-09,UFC 234: Adesanya vs. Silva,Israel Adesanya vs. Anderson Silva,Anderson Silva,196
2018-04-14,UFC Fight Night: Poirier vs. Gaethje,Israel Adesanya vs. Marvin Vettori,Israel Adesanya,239
2018-04-14,UFC Fight Night: Poirier vs. Gaethje,Israel Adesanya vs. Marvin Vettori,Marvin Vettori,-239
2018-02-03,UFC Fight Night: Machida vs. Anders,Iuri Alcantara vs. Joe Soto,Iuri Alcantara,-154
2018-02-03,UFC Fight Night: Machida vs. Anders,Iuri Alcantara vs. Joe Soto,Joe Soto,154
2018-01-27,UFC Fight Night: Jacare vs. Brunson 2,Jacare Souza vs. Derek Brunson,Jacare Souza,212
2018-01-27,UFC Fight Night: Jacare vs. Brunson 2,Jacare Souza vs. Derek Brunson,Derek Brunson,-212
2019-04-27,UFC Fight Night: Jacare vs. Hermansson,Jacare Souza vs. Jack Hermansson,Jacare Souza,109
2019-04-27,UFC Fight Night: Jacare vs. Hermansson,Jacare Souza vs. Jack Hermansson,Jack Hermansson,-109
2018-05-12,UFC 224: Nunes vs. Pennington,Jacare Souza vs. Kelvin Gastelum,Jacare Souza,318
2018-05-12,UFC 224: Nunes vs. Pennington,Jacare Souza vs. Kelvin Gastelum,Kelvin Gastelum,-318
2019-09-28,UFC Fight Night: Hermansson vs. Cannonier,Jack Hermansson vs. Jared Cannonier,Jack Hermansson,-237
2019-09-28,UFC Fight Night: Hermansson vs. Cannonier,Jack Hermansson vs. Jared Cannonier,Jared Cannonier,237
2019-03-16,UFC Fight Night: Till vs. Masvidal,Jack Marshman vs. John Phillips,Jack Marshman,-173
2019-03-16,UFC Fight Night: Till vs. Masvidal,Jack Marshman vs. John Phillips,John Phillips,173
2017-11-11,UFC Fight Night: Poirier vs. Pettis,Jake Collier vs. Marcel Fortuna,Jake Collier,114
2017-11-11,UFC Fight Night: Poirier vs. Pettis,Jake Collier vs. Marcel Fortuna,Marcel Fortuna,-114
2018-06-01,UFC Fight Night: Rivera vs. Moraes,Jake Ellenberger vs. Ben Saunders,Jake Ellenberger,-108
2018-06-01,UFC Fight Night: Rivera vs. Moraes,Jake Ellenberger vs. Ben Saunders,Ben Saunders,108
2018-08-25,UFC Fight Night: Gaethje vs. Vick,Jake Ellenberger vs. Bryan Barberena,Jake Ellenberger,265
2018-08-25,UFC Fight Night: Gaethje vs. Vick,Jake Ellenberger vs. Bryan Barberena,Bryan Barberena,-265
2018-12-01,UFC Fight Night: Dos Santos vs. Tuivasa,Jake Matthews vs. Anthony Rocco Martin,Jake Matthews,-130
2018-12-01,UFC Fight Night: Dos Santos vs. Tuivasa,Jake Matthews vs. Anthony Rocco Martin,Anthony Rocco Martin,130
2017-11-18,UFC Fight Night: Werdum vs. Tybura,Jake Matthews vs. Bojan Velickovic,Jake Matthews,-164
2017-11-18,UFC Fight Night: Werdum vs. Tybura,Jake Matthews vs. Bojan Velickovic,Bojan Velickovic,164
2018-02-10,UFC 221: Romero vs. Rockhold,Jake Matthews vs. Li Jingliang,Jake Matthews,115
2018-02-10,UFC 221: Romero vs. Rockhold,Jake Matthews vs. Li Jingliang,Li Jingliang,-115
2019-10-05,UFC 243: Whittaker vs. Adesanya,Jake Matthews vs. Rostem Akman,Jake Matthews,-210
2019-10-05,UFC 243: Whittaker vs. Adesanya,Jake Matthews vs. Rostem Akman,Rostem Akman,210
2019-04-13,UFC 236: Holloway vs. Poirier 2,Jalin Turner vs. Matt Frevola,Jalin Turner,-143
2019-04-13,UFC 236: Holloway vs. Poirier 2,Jalin Turner vs. Matt Frevola,Matt Frevola,143
2018-01-14,UFC Fight Night: Stephens vs. Choi,James Krause vs. Alex White,James Krause,-131
2018-01-14,UFC Fight Night: Stephens vs. Choi,James Krause vs. Alex White,Alex White,131
2018-08-25,UFC Fight Night: Gaethje vs. Vick,James Krause vs. Warlley Alves,James Krause,159
2018-08-25,UFC Fight Night: Gaethje vs. Vick,James Krause vs. Warlley Alves,Warlley Alves,-159
2019-07-20,UFC Fight Night: Dos Anjos vs. Edwards,James Vick vs. Dan Hooker,James Vick,-240
2019-07-20,UFC Fight Night: Dos Anjos vs. Edwards,James Vick vs. Dan Hooker,Dan Hooker,240
2018-02-18,UFC Fight Night: Cerrone vs. Medeiros,James Vick vs. Francisco Trinaldo,James Vick,131
2018-02-18,UFC Fight Night: Cerrone vs. Medeiros,James Vick vs. Francisco Trinaldo,Francisco Trinaldo,-131
2017-11-04,UFC 217: Bisping vs. St-Pierre,James Vick vs. Joe Duffy,James Vick,-117
2017-11-04,UFC 217: Bisping vs. St-Pierre,James Vick vs. Joe Duffy,Joe Duffy,117
2019-02-17,UFC Fight Night: Ngannou vs. Velasquez,James Vick vs. Paul Felder,James Vick,-164
2019-02-17,UFC Fight Night: Ngannou vs. Velasquez,James Vick vs. Paul Felder,Paul Felder,164
2017-10-21,UFC Fight Night: Cerrone vs. Till,Jan Blachowicz vs. Devin Clark,Jan Blachowicz,213
2017-10-21,UFC Fight Night: Cerrone vs. Till,Jan Blachowicz vs. Devin Clark,Devin Clark,-213
2019-11-16,UFC Fight Night: Blachowicz vs. Jacare,Jan Blachowicz vs. Jacare Souza,Jan Blachowicz,-106
2019-11-16,UFC Fight Night: Blachowicz vs. Jacare,Jan Blachowicz vs. Jacare Souza,Jacare Souza,106
2019-07-06,UFC 239: Jones vs. Santos,Jan Blachowicz vs. Luke Rockhold,Jan Blachowicz,-129
2019-07-06,UFC 239: Jones vs. Santos,Jan Blachowicz vs. Luke Rockhold,Luke Rockhold,129
2018-09-15,UFC Fight Night: Hunt vs. Oleinik,Jan Blachowicz vs. Nikita Krylov,Jan Blachowicz,263
2018-09-15,UFC Fight Night: Hunt vs. Oleinik,Jan Blachowicz vs. Nikita Krylov,Nikita Krylov,-263
2019-02-23,UFC Fight Night: Blachowicz vs. Santos,Jan Blachowicz vs. Thiago Santos,Jan Blachowicz,141
2019-02-23,UFC Fight Night: Blachowicz vs. Santos,Jan Blachowicz vs. Thiago Santos,Thiago Santos,-141
2019-05-11,UFC 237: Namajunas vs. Andrade,Jared Cannonier vs. Anderson Silva,Jared Cannonier,103
2019-05-11,UFC 237: Namajunas vs. Andrade,Jared Cannonier vs. Anderson Silva,Anderson Silva,-103
2018-05-19,UFC Fight Night: Maia vs. Usman,Jared Cannonier vs. Dominick Reyes,Jared Cannonier,209
2018-05-19,UFC Fight Night: Maia vs. Usman,Jared Cannonier vs. Dominick Reyes,Dominick Reyes,-209
2017-12-16,UFC Fight Night: Lawler vs. Dos Anjos,Jared Cannonier vs. Jan Blachowicz,Jared Cannonier,-114
2017-12-16,UFC Fight Night: Lawler vs. Dos Anjos,Jared Cannonier vs. Jan Blachowicz,Jan Blachowicz,114
2019-06-29,UFC Fight Night: Ngannou vs. Dos Santos,Jared Gordon vs. Dan Moret,Jared Gordon,-308
2019-06-29,UFC Fight Night: Ngannou vs. Dos Santos,Jared Gordon vs. Dan Moret,Dan Moret,308
2018-02-18,UFC Fight Night: Cerrone vs. Medeiros,Jared Gordon vs. Diego Ferreira,Jared Gordon,-193
2018-02-18,UFC Fight Night: Cerrone vs. Medeiros,Jared Gordon vs. Diego Ferreira,Diego Ferreira,193
2018-12-15,UFC Fight Night: Lee vs. Iaquinta,Jared Gordon vs. Joaquim Silva,Jared Gordon,-147
2018-12-15,UFC Fight Night: Lee vs. Iaquinta,Jared Gordon vs. Joaquim Silva,Joaquim Silva,147
2017-12-09,UFC Fight Night: Swanson vs. Ortega,Jason Knight vs. Gabriel Benitez,Jason Knight,110
2017-12-09,UFC Fight Night: Swanson vs. Ortega,Jason Knight vs. Gabriel Benitez,Gabriel Benitez,-110
2018-11-03,UFC 230: Cormier vs. Lewis,Jason Knight vs. Jordan Rinaldi,Jason Knight,-279
2018-11-03,UFC 230: Cormier vs. Lewis,Jason Knight vs. Jordan Rinaldi,Jordan Rinaldi,279
2018-05-27,UFC Fight Night: Thompson vs. Till,Jason Knight vs. Makwan Amirkhani,Jason Knight,-135
2018-05-27,UFC Fight Night: Thompson vs. Till,Jason Knight vs. Makwan Amirkhani,Makwan Amirkhani,135
2017-11-18,UFC Fight Night: Werdum vs. Tybura,Jenel Lausa vs. Eric Shelton,Jenel Lausa,136
2017-11-18,UFC Fight Night: Werdum vs. Tybura,Jenel Lausa vs. Eric Shelton,Eric Shelton,-136
2018-06-23,UFC Fight Night: Cowboy vs. Edwards,Jenel Lausa vs. Yuta Sasaki,Jenel Lausa,124
2018-06-23,UFC Fight Night: Cowboy vs. Edwards,Jenel Lausa vs. Yuta Sasaki,Yuta Sasaki,-124
2017-12-02,UFC 218: Holloway vs. Aldo 2,Jeremy Kimball vs. Dominick Reyes,Jeremy Kimball,147
2017-12-02,UFC 218: Holloway vs. Aldo 2,Jeremy Kimball vs. Dominick Reyes,Dominick Reyes,-147
2018-01-14,UFC Fight Night: Stephens vs. Choi,Jeremy Stephens vs. Dooho Choi,Jeremy Stephens,-149
2018-01-14,UFC Fight Night: Stephens vs. Choi,Jeremy Stephens vs. Dooho Choi,Dooho Choi,149
2019-03-02,UFC 235: Jones vs. Smith,Jeremy Stephens vs. Zabit Magomedsharipov,Jeremy Stephens,177
2019-03-02,UFC 235: Jones vs. Smith,Jeremy Stephens vs. Zabit Magomedsharipov,Zabit Magomedsharipov,-177
2018-09-08,UFC 228: Woodley vs. Till,Jim Miller vs. Alex White,Jim Miller,186
2018-09-08,UFC 228: Woodley vs. Till,Jim Miller vs. Alex White,Alex White,-186
2018-12-15,UFC Fight Night: Lee vs. Iaquinta,Jim Miller vs. Charles Oliveira,Jim Miller,341
2018-12-15,UFC Fight Night: Lee vs. Iaquinta,Jim Miller vs. Charles Oliveira,Charles Oliveira,-341
2019-08-03,UFC Fight Night: Covington vs. Lawler,Jim Miller vs. Clay Guida,Jim Miller,478
2019-08-03,UFC Fight Night: Covington vs. Lawler,Jim Miller vs. Clay Guida,Clay Guida,-478
2018-04-21,UFC Fight Night: Barboza vs. Lee,Jim Miller vs. Dan Hooker,Jim Miller,134
2018-04-21,UFC Fight Night: Barboza vs. Lee,Jim Miller vs. Dan Hooker,Dan Hooker,-134
2019-04-27,UFC Fight Night: Jacare vs. Hermansson,Jim Miller vs. Jason Gonzalez,Jim Miller,250
2019-04-27,UFC Fight Night: Jacare vs. Hermansson,Jim Miller vs. Jason Gonzalez,Jason Gonzalez,-250
2020-02-15,UFC Fight Night: Anderson vs. Blachowicz,Jim Miller vs. Scott Holtzman,Jim Miller,598
2020-02-15,UFC Fight Night: Anderson vs. Blachowicz,Jim Miller vs. Scott Holtzman,Scott Holtzman,-598
2019-06-01,UFC Fight Night: Gustafsson vs. Smith,Jimi Manuwa vs. Aleksandar Rakic,Jimi Manuwa,293
2019-06-01,UFC Fight Night: Gustafsson vs. Smith,Jimi Manuwa vs. Aleksandar Rakic,Aleksandar Rakic,-293
2018-03-17,UFC Fight Night: Werdum vs. Volkov,Jimi Manuwa vs. Jan Blachowicz,Jimi Manuwa,123
2018-03-17,UFC Fight Night: Werdum vs. Volkov,Jimi Manuwa vs. Jan Blachowicz,Jan Blachowicz,-123
2018-12-08,UFC 231: Holloway vs. Ortega,Jimi Manuwa vs. Thiago Santos,Jimi Manuwa,358
2018-12-08,UFC 231: Holloway vs. Ortega,Jimi Manuwa vs. Thiago Santos,Thiago Santos,-358
2018-09-08,UFC 228: Woodley vs. Till,Jimmie Rivera vs. John Dodson,Jimmie Rivera,119
2018-09-08,UFC 228: Woodley vs. Till,Jimmie Rivera vs. John Dodson,John Dodson,-119
2018-06-01,UFC Fight Night: Rivera vs. Moraes,Jimmie Rivera vs. Marlon Moraes,Jimmie Rivera,-144
2018-06-01,UFC Fight Night: Rivera vs. Moraes,Jimmie Rivera vs. Marlon Moraes,Marlon Moraes,144
2019-06-08,UFC 238: Cejudo vs. Moraes,Jimmie Rivera vs. Petr Yan,Jimmie Rivera,140
2019-06-08,UFC 238: Cejudo vs. Moraes,Jimmie Rivera vs. Petr Yan,Petr Yan,-140
2019-02-09,UFC 234: Adesanya vs. Silva,Jimmy Crute vs. Sam Alvey,Jimmy Crute,-203
2019-02-09,UFC 234: Adesanya vs. Silva,Jimmy Crute vs. Sam Alvey,Sam Alvey,203
2019-08-03,UFC Fight Night: Covington vs. Lawler,Joaquim Silva vs. Nasrat Haqparast,Joaquim Silva,340
2019-08-03,UFC Fight Night: Covington vs. Lawler,Joaquim Silva vs. Nasrat Haqparast,Nasrat Haqparast,-340
2018-04-07,UFC 223: Khabib vs. Iaquinta,Joe Lauzon vs. Chris Gruetzemacher,Joe Lauzon,203
2018-04-07,UFC 223: Khabib vs. Iaquinta,Joe Lauzon vs. Chris Gruetzemacher,Chris Gruetzemacher,-203
2017-11-11,UFC Fight Night: Poirier vs. Pettis,Joe Lauzon vs. Clay Guida,Joe Lauzon,297
2017-11-11,UFC Fight Night: Poirier vs. Pettis,Joe Lauzon vs. Clay Guida,Clay Guida,-297
2017-12-01,The Ultimate Fighter: A New World Champion Finale,Joe Soto vs. Brett Johns,Joe Soto,355
2017-12-01,The Ultimate Fighter: A New World Champion Finale,Joe Soto vs. Brett Johns,Brett Johns,-355
2017-11-11,UFC Fight Night: Poirier vs. Pettis,John Dodson vs. Marlon Moraes,John Dodson,-194
2017-11-11,UFC Fight Night: Poirier vs. Pettis,John Dodson vs. Marlon Moraes,Marlon Moraes,194
2020-02-15,UFC Fight Night: Anderson vs. Blachowicz,John Dodson vs. Nathaniel Wood,John Dodson,122
2020-02-15,UFC Fight Night: Anderson vs. Blachowicz,John Dodson vs. Nathaniel Wood,Nathaniel Wood,-122
2018-03-03,UFC 222: Cyborg vs. Kunitskaya,John Dodson vs. Pedro Munhoz,John Dodson,-233
2018-03-03,UFC 222: Cyborg vs. Kunitskaya,John Dodson vs. Pedro Munhoz,Pedro Munhoz,233
2019-02-23,UFC Fight Night: Blachowicz vs. Santos,John Dodson vs. Petr Yan,John Dodson,145
2019-02-23,UFC Fight Night: Blachowicz vs. Santos,John Dodson vs. Petr Yan,Petr Yan,-145
2018-05-12,UFC 224: Nunes vs. Pennington,John Lineker vs. Brian Kelleher,John Lineker,-263
2018-05-12,UFC 224: Nunes vs. Pennington,John Lineker vs. Brian Kelleher,Brian Kelleher,263
2019-04-27,UFC Fight Night: Jacare vs. Hermansson,John Lineker vs. Cory Sandhagen,John Lineker,-106
2019-04-27,UFC Fight Night: Jacare vs. Hermansson,John Lineker vs. Cory Sandhagen,Cory Sandhagen,106
2017-10-28,UFC Fight Night: Brunson vs. Machida,John Lineker vs. Marlon Vera,John Lineker,-234
2017-10-28,UFC Fight Night: Brunson vs. Machida,John Lineker vs. Marlon Vera,Marlon Vera,234
2017-12-16,UFC Fight Night: Lawler vs. Dos Anjos,John Makdessi vs. Abel Trujillo,John Makdessi,-257
2017-12-16,UFC Fight Night: Lawler vs. Dos Anjos,John Makdessi vs. Abel Trujillo,Abel Trujillo,257
2019-03-23,UFC Fight Night: Thompson vs. Pettis,John Makdessi vs. Jesus Pinedo,John Makdessi,-112
2019-03-23,UFC Fight Night: Thompson vs. Pettis,John Makdessi vs. Jesus Pinedo,Jesus Pinedo,112
2018-07-28,UFC Fight Night: Alvarez vs. Poirier 2,John Makdessi vs. Ross Pearson,John Makdessi,-323
2018-07-28,UFC Fight Night: Alvarez vs. Poirier 2,John Makdessi vs. Ross Pearson,Ross Pearson,323
2017-10-07,UFC 216: Ferguson vs. Lee,John Moraga vs. Bibulatov Magomed,John Moraga,186
2017-10-07,UFC 216: Ferguson vs. Lee,John Moraga vs. Bibulatov Magomed,Bibulatov Magomed,-186
2018-08-25,UFC Fight Night: Gaethje vs. Vick,John Moraga vs. Deiveson Figueiredo,John Moraga,150
2018-08-25,UFC Fight Night: Gaethje vs. Vick,John Moraga vs. Deiveson Figueiredo,Deiveson Figueiredo,-150
2019-02-02,UFC Fight Night: Assuncao vs. Moraes 2,Johnny Walker vs. Justin Ledet,Johnny Walker,-224
2019-02-02,UFC Fight Night: Assuncao vs. Moraes 2,Johnny Walker vs. Justin Ledet,Justin Ledet,224
2017-11-04,UFC 217: Bisping vs. St-Pierre,Johny Hendricks vs. Paulo Costa,Johny Hendricks,-123
2017-11-04,UFC 217: Bisping vs. St-Pierre,Johny Hendricks vs. Paulo Costa,Paulo Costa,123
2018-12-29,UFC 232: Jones vs. Gustafsson 2,Jon Jones vs. Alexander Gustafsson,Jon Jones,-591
2018-12-29,UFC 232: Jones vs. Gustafsson 2,Jon Jones vs. Alexander Gustafsson,Alexander Gustafsson,591
2019-03-02,UFC 235: Jones vs. Smith,Jon Jones vs. Anthony Smith,Jon Jones,-1805
2019-03-02,UFC 235: Jones vs. Smith,Jon Jones vs. Anthony Smith,Anthony Smith,1805
2020-02-08,UFC 247: Jones vs. Reyes,Jon Jones vs. Dominick Reyes,Jon Jones,-755
2020-02-08,UFC 247: Jones vs. Reyes,Jon Jones vs. Dominick Reyes,Dominick Reyes,755
2019-07-06,UFC 239: Jones vs. Santos,Jon Jones vs. Thiago Santos,Jon Jones,-590
2019-07-06,UFC 239: Jones vs. Santos,Jon Jones vs. Thiago Santos,Thiago Santos,590
2020-01-25,UFC Fight Night: Blaydes vs. Dos Santos,Jordan Espinosa vs. Alex Perez,Jordan Espinosa,154
2020-01-25,UFC Fight Night: Blaydes vs. Dos Santos,Jordan Espinosa vs. Alex Perez,Alex Perez,-154
2019-08-03,UFC Fight Night: Covington vs. Lawler,Jordan Espinosa vs. Matt Schnell,Jordan Espinosa,102
2019-08-03,UFC Fight Night: Covington vs. Lawler,Jordan Espinosa vs. Matt Schnell,Matt Schnell,-102
2018-03-03,UFC 222: Cyborg vs. Kunitskaya,Jordan Johnson vs. Adam Milstead,Jordan Johnson,-118
2018-03-03,UFC 222: Cyborg vs. Kunitskaya,Jordan Johnson vs. Adam Milstead,Adam Milstead,118
2018-07-28,UFC Fight Night: Alvarez vs. Poirier 2,Jordan Mein vs. Alex Morono,Jordan Mein,-116
2018-07-28,UFC Fight Night: Alvarez vs. Poirier 2,Jordan Mein vs. Alex Morono,Alex Morono,116
2017-12-16,UFC Fight Night: Lawler vs. Dos Anjos,Jordan Mein vs. Erick Silva,Jordan Mein,-125
2017-12-16,UFC Fight Night: Lawler vs. Dos Anjos,Jordan Mein vs. Erick Silva,Erick Silva,125
2018-01-27,UFC Fight Night: Jacare vs. Brunson 2,Jordan Rinaldi vs. Gregor Gillespie,Jordan Rinaldi,145
2018-01-27,UFC Fight Night: Jacare vs. Brunson 2,Jordan Rinaldi vs. Gregor Gillespie,Gregor Gillespie,-145
2019-07-06,UFC 239: Jones vs. Santos,Jorge Masvidal vs. Ben Askren,Jorge Masvidal,-1241
2019-07-06,UFC 239: Jones vs. Santos,Jorge Masvidal vs. Ben Askren,Ben Askren,1241
2019-11-02,UFC 244: Masvidal vs. Diaz,Jorge Masvidal vs. Nate Diaz,Jorge Masvidal,-183
2019-11-02,UFC 244: Masvidal vs. Diaz,Jorge Masvidal vs. Nate Diaz,Nate Diaz,183
2019-05-11,UFC 237: Namajunas vs. Andrade,Jose Aldo vs. Alexander Volkanovski,Jose Aldo,171
2019-05-11,UFC 237: Namajunas vs. Andrade,Jose Aldo vs. Alexander Volkanovski,Alexander Volkanovski,-171
2018-07-28,UFC Fight Night: Alvarez vs. Poirier 2,Jose Aldo vs. Jeremy Stephens,Jose Aldo,111
2018-07-28,UFC Fight Night: Alvarez vs. Poirier 2,Jose Aldo vs. Jeremy Stephens,Jeremy Stephens,-111
2019-02-02,UFC Fight Night: Assuncao vs. Moraes 2,Jose Aldo vs. Renato Moicano,Jose Aldo,124
2019-02-02,UFC Fight Night: Assuncao vs. Moraes 2,Jose Aldo vs. Renato Moicano,Renato Moicano,-124
2019-09-21,UFC Fight Night: Rodriguez vs. Stephens,Jose Quinonez vs. Carlos Huachin,Jose Quinonez,-212
2019-09-21,UFC Fight Night: Rodriguez vs. Stephens,Jose Quinonez vs. Carlos Huachin,Carlos Huachin,212
2018-11-30,The Ultimate Fighter: Heavy Hitters Finale,Joseph Benavidez vs. Alex Perez,Joseph Benavidez,-103
2018-11-30,The Ultimate Fighter: Heavy Hitters Finale,Joseph Benavidez vs. Alex Perez,Alex Perez,103
2019-01-19,UFC Fight Night: Cejudo vs. Dillashaw,Joseph Benavidez vs. Dustin Ortiz,Joseph Benavidez,-136
2019-01-19,UFC Fight Night: Cejudo vs. Dillashaw,Joseph Benavidez vs. Dustin Ortiz,Dustin Ortiz,136
2018-06-09,UFC 225: Whittaker vs. Romero 2,Joseph Benavidez vs. Sergio Pettis,Joseph Benavidez,125
2018-06-09,UFC 225: Whittaker vs. Romero 2,Joseph Benavidez vs. Sergio Pettis,Sergio Pettis,-125
2018-11-10,UFC Fight Night: Korean Zombie vs. Rodriguez,Joseph Morales vs. Eric Shelton,Joseph Morales,168
2018-11-10,UFC Fight Night: Korean Zombie vs. Rodriguez,Joseph Morales vs. Eric Shelton,Eric Shelton,-168
2018-02-24,UFC Fight Night: Emmett vs. Stephens,Josh Emmett vs. Jeremy Stephens,Josh Emmett,153
2018-02-24,UFC Fight Night: Emmett vs. Stephens,Josh Emmett vs. Jeremy Stephens,Jeremy Stephens,-153
2019-03-30,UFC Fight Night: Barboza vs. Gaethje,Josh Emmett vs. Michael Johnson,Josh Emmett,207
2019-03-30,UFC Fight Night: Barboza vs. Gaethje,Josh Emmett vs. Michael Johnson,Michael Johnson,-207
2019-07-13,UFC Fight Night: De Randamie vs. Ladd,Josh Emmett vs. Mirsad Bektic,Josh Emmett,213
2019-07-13,UFC Fight Night: De Randamie vs. Ladd,Josh Emmett vs. Mirsad Bektic,Mirsad Bektic,-213
2018-02-18,UFC Fight Night: Cerrone vs. Medeiros,Joshua Burkman vs. Alex Morono,Joshua Burkman,356
2018-02-18,UFC Fight Night: Cerrone vs. Medeiros,Joshua Burkman vs. Alex Morono,Alex Morono,-356
2020-02-08,UFC 247: Jones vs. Reyes,Juan Adams vs. Justin Tafa,Juan Adams,166
2020-02-08,UFC 247: Jones vs. Reyes,Juan Adams vs. Justin Tafa,Justin Tafa,-166
2018-06-01,UFC Fight Night: Rivera vs. Moraes,Julio Arce vs. Daniel Teymur,Julio Arce,-195
2018-06-01,UFC Fight Night: Rivera vs. Moraes,Julio Arce vs. Daniel Teymur,Daniel Teymur,195
2019-11-02,UFC 244: Masvidal vs. Diaz,Julio Arce vs. Hakeem Dawodu,Julio Arce,109
2019-11-02,UFC 244: Masvidal vs. Diaz,Julio Arce vs. Hakeem Dawodu,Hakeem Dawodu,-109
2019-05-18,UFC Fight Night: Dos Anjos vs. Lee,Julio Arce vs. Julian Erosa,Julio Arce,-143
2019-05-18,UFC Fight Night: Dos Anjos vs. Lee,Julio Arce vs. Julian Erosa,Julian Erosa,143
2018-11-03,UFC 230: Cormier vs. Lewis,Julio Arce vs. Sheymon Moraes,Julio Arce,-159
2018-11-03,UFC 230: Cormier vs. Lewis,Julio Arce vs. Sheymon Moraes,Sheymon Moraes,159
2019-12-21,UFC Fight Night: Edgar vs. The Korean Zombie,JunYong Park vs. Marc-Andre Barriault,JunYong Park,-106
2019-12-21,UFC Fight Night: Edgar vs. The Korean Zombie,JunYong Park vs. Marc-Andre Barriault,Marc-Andre Barriault,106
2017-11-11,UFC Fight Night: Poirier vs. Pettis,Junior Albini vs. Andrei Arlovski,Junior Albini,-197
2017-11-11,UFC Fight Night: Poirier vs. Pettis,Junior Albini vs. Andrei Arlovski,Andrei Arlovski,197
2018-12-01,UFC Fight Night: Dos Santos vs. Tuivasa,Junior Dos Santos vs. Tai Tuivasa,Junior Dos Santos,-101
2018-12-01,UFC Fight Night: Dos Santos vs. Tuivasa,Junior Dos Santos vs. Tai Tuivasa,Tai Tuivasa,101
2018-02-10,UFC 221: Romero vs. Rockhold,Jussier Formiga vs. Ben Nguyen,Jussier Formiga,255
2018-02-10,UFC 221: Romero vs. Rockhold,Jussier Formiga vs. Ben Nguyen,Ben Nguyen,-255
2019-03-23,UFC Fight Night: Thompson vs. Pettis,Jussier Formiga vs. Deiveson Figueiredo,Jussier Formiga,278
2019-03-23,UFC Fight Night: Thompson vs. Pettis,Jussier Formiga vs. Deiveson Figueiredo,Deiveson Figueiredo,-278
2019-06-29,UFC Fight Night: Ngannou vs. Dos Santos,Jussier Formiga vs. Joseph Benavidez,Jussier Formiga,219
2019-06-29,UFC Fight Night: Ngannou vs. Dos Santos,Jussier Formiga vs. Joseph Benavidez,Joseph Benavidez,-219
2018-08-25,UFC Fight Night: Gaethje vs. Vick,Justin Gaethje vs. James Vick,Justin Gaethje,320
2018-08-25,UFC Fight Night: Gaethje vs. Vick,Justin Gaethje vs. James Vick,James Vick,-320
2018-07-22,UFC Fight Night: Shogun vs. Smith,Justin Ledet vs. Aleksandar Rakic,Justin Ledet,113
2018-07-22,UFC Fight Night: Shogun vs. Smith,Justin Ledet vs. Aleksandar Rakic,Aleksandar Rakic,-113
2018-04-21,UFC Fight Night: Barboza vs. Lee,Justin Willis vs. Chase Sherman,Justin Willis,-230
2018-04-21,UFC Fight Night: Barboza vs. Lee,Justin Willis vs. Chase Sherman,Chase Sherman,230
2019-08-31,UFC Fight Night: Andrade vs. Zhang,Kai Kara-France vs. Mark De La Rosa,Kai Kara-France,-106
2019-08-31,UFC Fight Night: Andrade vs. Zhang,Kai Kara-France vs. Mark De La Rosa,Mark De La Rosa,106
2018-07-28,UFC Fight Night: Alvarez vs. Poirier 2,Kajan Johnson vs. Islam Makhachev,Kajan Johnson,240
2018-07-28,UFC Fight Night: Alvarez vs. Poirier 2,Kajan Johnson vs. Islam Makhachev,Islam Makhachev,-240
2019-12-14,UFC 245: Usman vs. Covington,Kamaru Usman vs. Colby Covington,Kamaru Usman,-162
2019-12-14,UFC 245: Usman vs. Covington,Kamaru Usman vs. Colby Covington,Colby Covington,162
2018-01-14,UFC Fight Night: Stephens vs. Choi,Kamaru Usman vs. Emil Meek,Kamaru Usman,-689
2018-01-14,UFC Fight Night: Stephens vs. Choi,Kamaru Usman vs. Emil Meek,Emil Meek,689
2018-11-03,UFC 230: Cormier vs. Lewis,Karl Roberson vs. Jack Marshman,Karl Roberson,-206
2018-11-03,UFC 230: Cormier vs. Lewis,Karl Roberson vs. Jack Marshman,Jack Marshman,206
2017-09-22,UFC Fight Night: Saint Preux vs. Okami,Keita Nakamura vs. Alex Morono,Keita Nakamura,223
2017-09-22,UFC Fight Night: Saint Preux vs. Okami,Keita Nakamura vs. Alex Morono,Alex Morono,-223
2018-12-01,UFC Fight Night: Dos Santos vs. Tuivasa,Keita Nakamura vs. Salim Touahri,Keita Nakamura,192
2018-12-01,UFC Fight Night: Dos Santos vs. Tuivasa,Keita Nakamura vs. Salim Touahri,Salim Touahri,-192
2019-11-02,UFC 244: Masvidal vs. Diaz,Kelvin Gastelum vs. Darren Till,Kelvin Gastelum,-132
2019-11-02,UFC 244: Masvidal vs. Diaz,Kelvin Gastelum vs. Darren Till,Darren Till,132
2019-04-13,UFC 236: Holloway vs. Poirier 2,Kelvin Gastelum vs. Israel Adesanya,Kelvin Gastelum,-147
2019-04-13,UFC 236: Holloway vs. Poirier 2,Kelvin Gastelum vs. Israel Adesanya,Israel Adesanya,147
2019-06-22,UFC Fight Night: Moicano vs. The Korean Zombie,Kevin Holland vs. Alessio Di Chirico,Kevin Holland,-138
2019-06-22,UFC Fight Night: Moicano vs. The Korean Zombie,Kevin Holland vs. Alessio Di Chirico,Alessio Di Chirico,138
2019-03-30,UFC Fight Night: Barboza vs. Gaethje,Kevin Holland vs. Gerald Meerschaert,Kevin Holland,-148
2019-03-30,UFC Fight Night: Barboza vs. Gaethje,Kevin Holland vs. Gerald Meerschaert,Gerald Meerschaert,148
2018-11-24,UFC Fight Night: Blaydes vs. Ngannou 2,Kevin Holland vs. John Phillips,Kevin Holland,-368
2018-11-24,UFC Fight Night: Blaydes vs. Ngannou 2,Kevin Holland vs. John Phillips,John Phillips,368
2018-12-15,UFC Fight Night: Lee vs. Iaquinta,Kevin Lee vs. Al Iaquinta,Kevin Lee,-263
2018-12-15,UFC Fight Night: Lee vs. Iaquinta,Kevin Lee vs. Al Iaquinta,Al Iaquinta,263
2019-11-02,UFC 244: Masvidal vs. Diaz,Kevin Lee vs. Gregor Gillespie,Kevin Lee,-143
2019-11-02,UFC 244: Masvidal vs. Diaz,Kevin Lee vs. Gregor Gillespie,Gregor Gillespie,143
2018-04-07,UFC 223: Khabib vs. Iaquinta,Khabib Nurmagomedov vs. Al Iaquinta,Khabib Nurmagomedov,-397
2018-04-07,UFC 223: Khabib vs. Iaquinta,Khabib Nurmagomedov vs. Al Iaquinta,Al Iaquinta,397
2018-10-06,UFC 229: Khabib vs. McGregor,Khabib Nurmagomedov vs. Conor McGregor,Khabib Nurmagomedov,-365
2018-10-06,UFC 229: Khabib vs. McGregor,Khabib Nurmagomedov vs. Conor McGregor,Conor McGregor,365
2019-09-07,UFC 242: Khabib vs. Poirier,Khabib Nurmagomedov vs. Dustin Poirier,Khabib Nurmagomedov,-154
2019-09-07,UFC 242: Khabib vs. Poirier,Khabib Nurmagomedov vs. Dustin Poirier,Dustin Poirier,154
2017-12-30,UFC 219: Cyborg vs. Holm,Khabib Nurmagomedov vs. Edson Barboza,Khabib Nurmagomedov,-410
2017-12-30,UFC 219: Cyborg vs. Holm,Khabib Nurmagomedov vs. Edson Barboza,Edson Barboza,410
2019-11-09,UFC Fight Night: Zabit vs. Kattar,Khadis Ibragimov vs. Ed Herman,Khadis Ibragimov,-265
2019-11-09,UFC Fight Night: Zabit vs. Kattar,Khadis Ibragimov vs. Ed Herman,Ed Herman,265
2018-12-15,UFC Fight Night: Lee vs. Iaquinta,King Green vs. Drakkar Klose,King Green,161
2018-12-15,UFC Fight Night: Lee vs. Iaquinta,King Green vs. Drakkar Klose,Drakkar Klose,-161
2018-04-14,UFC Fight Night: Poirier vs. Gaethje,Krzysztof Jotko vs. Brad Tavares,Krzysztof Jotko,-136
2018-04-14,UFC Fight Night: Poirier vs. Gaethje,Krzysztof Jotko vs. Brad Tavares,Brad Tavares,136
2019-05-04,UFC Fight Night: Iaquinta vs. Cowboy,Kyle Nelson vs. Matt Sayles,Kyle Nelson,165
2019-05-04,UFC Fight Night: Iaquinta vs. Cowboy,Kyle Nelson vs. Matt Sayles,Matt Sayles,-165
2019-09-14,UFC Fight Night: Cowboy vs. Gaethje,Kyle Prepolec vs. Austin Hubbard,Kyle Prepolec,107
2019-09-14,UFC Fight Night: Cowboy vs. Gaethje,Kyle Prepolec vs. Austin Hubbard,Austin Hubbard,-107
2019-08-17,UFC 241: Cormier vs. Miocic 2,Kyung Ho Kang vs. Brandon Davis,Kyung Ho Kang,-122
2019-08-17,UFC 241: Cormier vs. Miocic 2,Kyung Ho Kang vs. Brandon Davis,Brandon Davis,122
2018-01-14,UFC Fight Night: Stephens vs. Choi,Kyung Ho Kang vs. Guido Cannetti,Kyung Ho Kang,-124
2018-01-14,UFC Fight Night: Stephens vs. Choi,Kyung Ho Kang vs. Guido Cannetti,Guido Cannetti,124
2019-12-21,UFC Fight Night: Edgar vs. The Korean Zombie,Kyung Ho Kang vs. Pingyuan Liu,Kyung Ho Kang,-122
2019-12-21,UFC Fight Night: Edgar vs. The Korean Zombie,Kyung Ho Kang vs. Pingyuan Liu,Pingyuan Liu,122
2018-07-07,UFC 226: Miocic vs. Cormier,Lando Vannata vs. Drakkar Klose,Lando Vannata,141
2018-07-07,UFC 226: Miocic vs. Cormier,Lando Vannata vs. Drakkar Klose,Drakkar Klose,-141
2017-10-07,UFC 216: Ferguson vs. Lee,Lando Vannata vs. King Green,Lando Vannata,152
2017-10-07,UFC 216: Ferguson vs. Lee,Lando Vannata vs. King Green,King Green,-152
2020-02-15,UFC Fight Night: Anderson vs. Blachowicz,Lando Vannata vs. Yancy Medeiros,Lando Vannata,-154
2020-02-15,UFC Fight Night: Anderson vs. Blachowicz,Lando Vannata vs. Yancy Medeiros,Yancy Medeiros,154
2019-03-16,UFC Fight Night: Till vs. Masvidal,Leon Edwards vs. Gunnar Nelson,Leon Edwards,-373
2019-03-16,UFC Fight Night: Till vs. Masvidal,Leon Edwards vs. Gunnar Nelson,Gunnar Nelson,373
2018-03-17,UFC Fight Night: Werdum vs. Volkov,Leon Edwards vs. Peter Sobotta,Leon Edwards,-110
2018-03-17,UFC Fight Night: Werdum vs. Volkov,Leon Edwards vs. Peter Sobotta,Peter Sobotta,110
2018-06-23,UFC Fight Night: Cowboy vs. Edwards,Li Jingliang vs. Daichi Abe,Li Jingliang,-134
2018-06-23,UFC Fight Night: Cowboy vs. Edwards,Li Jingliang vs. Daichi Abe,Daichi Abe,134
2018-11-24,UFC Fight Night: Blaydes vs. Ngannou 2,Li Jingliang vs. David Zawada,Li Jingliang,-223
2018-11-24,UFC Fight Night: Blaydes vs. Ngannou 2,Li Jingliang vs. David Zawada,David Zawada,223
2019-08-31,UFC Fight Night: Andrade vs. Zhang,Li Jingliang vs. Elizeu Zaleski dos Santos,Li Jingliang,125
2019-08-31,UFC Fight Night: Andrade vs. Zhang,Li Jingliang vs. Elizeu Zaleski dos Santos,Elizeu Zaleski dos Santos,-125
2017-11-25,UFC Fight Night: Bisping vs. Gastelum,Li Jingliang vs. Zak Ottow,Li Jingliang,-122
2017-11-25,UFC Fight Night: Bisping vs. Gastelum,Li Jingliang vs. Zak Ottow,Zak Ottow,122
2017-12-30,UFC 219: Cyborg vs. Holm,Louis Smolka vs. Matheus Nicolau,Louis Smolka,119
2017-12-30,UFC 219: Cyborg vs. Holm,Louis Smolka vs. Matheus Nicolau,Matheus Nicolau,-119
2019-03-09,UFC Fight Night: Lewis vs. Dos Santos,Louis Smolka vs. Matt Schnell,Louis Smolka,-124
2019-03-09,UFC Fight Night: Lewis vs. Dos Santos,Louis Smolka vs. Matt Schnell,Matt Schnell,124
2019-09-14,UFC Fight Night: Cowboy vs. Gaethje,Louis Smolka vs. Ryan MacDonald,Louis Smolka,-128
2019-09-14,UFC Fight Night: Cowboy vs. Gaethje,Louis Smolka vs. Ryan MacDonald,Ryan MacDonald,128
2019-03-23,UFC Fight Night: Thompson vs. Pettis,Luis Pena vs. Steven Peterson,Luis Pena,-137
2019-03-23,UFC Fight Night: Thompson vs. Pettis,Luis Pena vs. Steven Peterson,Steven Peterson,137
2018-02-10,UFC 221: Romero vs. Rockhold,Luke Jumeau vs. Daichi Abe,Luke Jumeau,230
2018-02-10,UFC 221: Romero vs. Rockhold,Luke Jumeau vs. Daichi Abe,Daichi Abe,-230
2019-10-05,UFC 243: Whittaker vs. Adesanya,Luke Jumeau vs. Dhiego Lima,Luke Jumeau,111
2019-10-05,UFC 243: Whittaker vs. Adesanya,Luke Jumeau vs. Dhiego Lima,Dhiego Lima,-111
2017-12-09,UFC Fight Night: Swanson vs. Ortega,Luke Sanders vs. Andre Soukhamthath,Luke Sanders,-160
2017-12-09,UFC Fight Night: Swanson vs. Ortega,Luke Sanders vs. Andre Soukhamthath,Andre Soukhamthath,160
2018-04-14,UFC Fight Night: Poirier vs. Gaethje,Luke Sanders vs. Patrick Williams,Luke Sanders,-168
2018-04-14,UFC Fight Night: Poirier vs. Gaethje,Luke Sanders vs. Patrick Williams,Patrick Williams,168
2018-11-03,UFC 230: Cormier vs. Lewis,Lyman Good vs. Ben Saunders,Lyman Good,106
2018-11-03,UFC 230: Cormier vs. Lewis,Lyman Good vs. Ben Saunders,Ben Saunders,-106
2019-11-02,UFC 244: Masvidal vs. Diaz,Lyman Good vs. Chance Rencountre,Lyman Good,-136
2019-11-02,UFC 244: Masvidal vs. Diaz,Lyman Good vs. Chance Rencountre,Chance Rencountre,136
2018-02-03,UFC Fight Night: Machida vs. Anders,Lyoto Machida vs. Eryk Anders,Lyoto Machida,-109
2018-02-03,UFC Fight Night: Machida vs. Anders,Lyoto Machida vs. Eryk Anders,Eryk Anders,109
2018-01-14,UFC Fight Night: Stephens vs. Choi,Mads Burnell vs. Mike Santiago,Mads Burnell,-151
2018-01-14,UFC Fight Night: Stephens vs. Choi,Mads Burnell vs. Mike Santiago,Mike Santiago,151
2019-11-09,UFC Fight Night: Zabit vs. Kattar,Magomed Ankalaev vs. Dalcha Lungiambula,Magomed Ankalaev,-152
2019-11-09,UFC Fight Night: Zabit vs. Kattar,Magomed Ankalaev vs. Dalcha Lungiambula,Dalcha Lungiambula,152
2018-09-15,UFC Fight Night: Hunt vs. Oleinik,Magomed Ankalaev vs. Marcin Prachnio,Magomed Ankalaev,-182
2018-09-15,UFC Fight Night: Hunt vs. Oleinik,Magomed Ankalaev vs. Marcin Prachnio,Marcin Prachnio,182
2018-09-15,UFC Fight Night: Hunt vs. Oleinik,Mairbek Taisumov vs. Desmond Green,Mairbek Taisumov,-149
2018-09-15,UFC Fight Night: Hunt vs. Oleinik,Mairbek Taisumov vs. Desmond Green,Desmond Green,149
2019-09-07,UFC 242: Khabib vs. Poirier,Mairbek Taisumov vs. Diego Ferreira,Mairbek Taisumov,-200
2019-09-07,UFC 242: Khabib vs. Poirier,Mairbek Taisumov vs. Diego Ferreira,Diego Ferreira,200
2019-12-07,UFC Fight Night: Overeem vs. Rozenstruik,Makhmud Muradov vs. Trevor Smith,Makhmud Muradov,-156
2019-12-07,UFC Fight Night: Overeem vs. Rozenstruik,Makhmud Muradov vs. Trevor Smith,Trevor Smith,156
2019-06-01,UFC Fight Night: Gustafsson vs. Smith,Makwan Amirkhani vs. Chris Fishgold,Makwan Amirkhani,121
2019-06-01,UFC Fight Night: Gustafsson vs. Smith,Makwan Amirkhani vs. Chris Fishgold,Chris Fishgold,-121
2019-08-17,UFC 241: Cormier vs. Miocic 2,Manny Bermudez vs. Casey Kenney,Manny Bermudez,-168
2019-08-17,UFC 241: Cormier vs. Miocic 2,Manny Bermudez vs. Casey Kenney,Casey Kenney,168
2019-03-16,UFC Fight Night: Till vs. Masvidal,Marc Diakiese vs. Joe Duffy,Marc Diakiese,-154
2019-03-16,UFC Fight Night: Till vs. Masvidal,Marc Diakiese vs. Joe Duffy,Joe Duffy,154
2019-09-28,UFC Fight Night: Hermansson vs. Cannonier,Marc Diakiese vs. Lando Vannata,Marc Diakiese,-146
2019-09-28,UFC Fight Night: Hermansson vs. Cannonier,Marc Diakiese vs. Lando Vannata,Lando Vannata,146
2019-07-27,UFC 240: Holloway vs. Edgar,Marc-Andre Barriault vs. Krzysztof Jotko,Marc-Andre Barriault,245
2019-07-27,UFC 240: Holloway vs. Edgar,Marc-Andre Barriault vs. Krzysztof Jotko,Krzysztof Jotko,-245
2019-09-14,UFC Fight Night: Cowboy vs. Gaethje,Marcin Tybura vs. Augusto Sakai,Marcin Tybura,-133
2019-09-14,UFC Fight Night: Cowboy vs. Gaethje,Marcin Tybura vs. Augusto Sakai,Augusto Sakai,133
2019-04-20,UFC Fight Night: Overeem vs. Oleinik,Marcin Tybura vs. Shamil Abdurakhimov,Marcin Tybura,-180
2019-04-20,UFC Fight Night: Overeem vs. Oleinik,Marcin Tybura vs. Shamil Abdurakhimov,Shamil Abdurakhimov,180
2018-07-22,UFC Fight Night: Shogun vs. Smith,Marcin Tybura vs. Stefan Struve,Marcin Tybura,-206
2018-07-22,UFC Fight Night: Shogun vs. Smith,Marcin Tybura vs. Stefan Struve,Stefan Struve,206
2019-09-21,UFC Fight Night: Rodriguez vs. Stephens,Marco Polo Reyes vs. Kyle Nelson,Marco Polo Reyes,121
2019-09-21,UFC Fight Night: Rodriguez vs. Stephens,Marco Polo Reyes vs. Kyle Nelson,Kyle Nelson,-121
2019-07-20,UFC Fight Night: Dos Anjos vs. Edwards,Mario Bautista vs. Jin Soo Son,Mario Bautista,-152
2019-07-20,UFC Fight Night: Dos Anjos vs. Edwards,Mario Bautista vs. Jin Soo Son,Jin Soo Son,152
2018-11-10,UFC Fight Night: Korean Zombie vs. Rodriguez,Mark De La Rosa vs. Joby Sanchez,Mark De La Rosa,-176
2018-11-10,UFC Fight Night: Korean Zombie vs. Rodriguez,Mark De La Rosa vs. Joby Sanchez,Joby Sanchez,176
2020-02-15,UFC Fight Night: Anderson vs. Blachowicz,Mark De La Rosa vs. Raulian Paiva,Mark De La Rosa,125
2020-02-15,UFC Fight Night: Anderson vs. Blachowicz,Mark De La Rosa vs. Raulian Paiva,Raulian Paiva,-125
2018-09-15,UFC Fight Night: Hunt vs. Oleinik,Mark Hunt vs. Aleksei Oleinik,Mark Hunt,-118
2018-09-15,UFC Fight Night: Hunt vs. Oleinik,Mark Hunt vs. Aleksei Oleinik,Aleksei Oleinik,118
2018-02-10,UFC 221: Romero vs. Rockhold,Mark Hunt vs. Curtis Blaydes,Mark Hunt,225
2018-02-10,UFC 221: Romero vs. Rockhold,Mark Hunt vs. Curtis Blaydes,Curtis Blaydes,-225
2018-12-01,UFC Fight Night: Dos Santos vs. Tuivasa,Mark Hunt vs. Justin Willis,Mark Hunt,182
2018-12-01,UFC Fight Night: Dos Santos vs. Tuivasa,Mark Hunt vs. Justin Willis,Justin Willis,-182
2018-05-12,UFC 224: Nunes vs. Pennington,Markus Perez vs. James Bochnovic,Markus Perez,-142
2018-05-12,UFC 224: Nunes vs. Pennington,Markus Perez vs. James Bochnovic,James Bochnovic,142
2019-11-16,UFC Fight Night: Blachowicz vs. Jacare,Markus Perez vs. Wellington Turman,Markus Perez,168
2019-11-16,UFC Fight Night: Blachowicz vs. Jacare,Markus Perez vs. Wellington Turman,Wellington Turman,-168
2019-12-14,UFC 245: Usman vs. Covington,Marlon Moraes vs. Jose Aldo,Marlon Moraes,130
2019-12-14,UFC 245: Usman vs. Covington,Marlon Moraes vs. Jose Aldo,Jose Aldo,-130
2019-10-12,UFC Fight Night: Joanna vs. Waterson,Marlon Vera vs. Andre Ewell,Marlon Vera,149
2019-10-12,UFC Fight Night: Joanna vs. Waterson,Marlon Vera vs. Andre Ewell,Andre Ewell,-149
2019-03-23,UFC Fight Night: Thompson vs. Pettis,Marlon Vera vs. Frankie Saenz,Marlon Vera,114
2019-03-23,UFC Fight Night: Thompson vs. Pettis,Marlon Vera vs. Frankie Saenz,Frankie Saenz,-114
2018-08-04,UFC 227: Dillashaw vs. Garbrandt 2,Marlon Vera vs. Wulijiburen,Marlon Vera,141
2018-08-04,UFC 227: Dillashaw vs. Garbrandt 2,Marlon Vera vs. Wulijiburen,Wulijiburen,-141
2019-09-21,UFC Fight Night: Rodriguez vs. Stephens,Martin Bravo vs. Steven Peterson,Martin Bravo,-134
2019-09-21,UFC Fight Night: Rodriguez vs. Stephens,Martin Bravo vs. Steven Peterson,Steven Peterson,134
2019-10-12,UFC Fight Night: Joanna vs. Waterson,Marvin Vettori vs. Andrew Sanchez,Marvin Vettori,-145
2019-10-12,UFC Fight Night: Joanna vs. Waterson,Marvin Vettori vs. Andrew Sanchez,Andrew Sanchez,145
2019-07-13,UFC Fight Night: De Randamie vs. Ladd,Marvin Vettori vs. Cezar Ferreira,Marvin Vettori,-182
2019-07-13,UFC Fight Night: De Randamie vs. Ladd,Marvin Vettori vs. Cezar Ferreira,Cezar Ferreira,182
2017-12-30,UFC 219: Cyborg vs. Holm,Marvin Vettori vs. Omari Akhmedov,Marvin Vettori,-186
2017-12-30,UFC 219: Cyborg vs. Holm,Marvin Vettori vs. Omari Akhmedov,Omari Akhmedov,186
2018-07-06,The Ultimate Fighter: Undefeated Finale,Matt Bessette vs. Steven Peterson,Matt Bessette,144
2018-07-06,The Ultimate Fighter: Undefeated Finale,Matt Bessette vs. Steven Peterson,Steven Peterson,-144
2019-12-14,UFC 245: Usman vs. Covington,Matt Brown vs. Ben Saunders,Matt Brown,-340
2019-12-14,UFC 245: Usman vs. Covington,Matt Brown vs. Ben Saunders,Ben Saunders,340
2017-11-11,UFC Fight Night: Poirier vs. Pettis,Matt Brown vs. Diego Sanchez,Matt Brown,-704
2017-11-11,UFC Fight Night: Poirier vs. Pettis,Matt Brown vs. Diego Sanchez,Diego Sanchez,704
2018-11-03,UFC 230: Cormier vs. Lewis,Matt Frevola vs. Lando Vannata,Matt Frevola,161
2018-11-03,UFC 230: Cormier vs. Lewis,Matt Frevola vs. Lando Vannata,Lando Vannata,-161
2019-10-12,UFC Fight Night: Joanna vs. Waterson,Matt Frevola vs. Luis Pena,Matt Frevola,246
2019-10-12,UFC Fight Night: Joanna vs. Waterson,Matt Frevola vs. Luis Pena,Luis Pena,-246
2017-10-07,UFC 216: Ferguson vs. Lee,Matt Schnell vs. Marco Beltran,Matt Schnell,200
2017-10-07,UFC 216: Ferguson vs. Lee,Matt Schnell vs. Marco Beltran,Marco Beltran,-200
2018-06-23,UFC Fight Night: Cowboy vs. Edwards,Matt Schnell vs. Naoki Inoue,Matt Schnell,219
2018-06-23,UFC Fight Night: Cowboy vs. Edwards,Matt Schnell vs. Naoki Inoue,Naoki Inoue,-219
2019-06-22,UFC Fight Night: Moicano vs. The Korean Zombie,Matt Wiman vs. Luis Pena,Matt Wiman,219
2019-06-22,UFC Fight Night: Moicano vs. The Korean Zombie,Matt Wiman vs. Luis Pena,Luis Pena,-219
2018-04-14,UFC Fight Night: Poirier vs. Gaethje,Matthew Lopez vs. Alejandro Perez,Matthew Lopez,110
2018-04-14,UFC Fight Night: Poirier vs. Gaethje,Matthew Lopez vs. Alejandro Perez,Alejandro Perez,-110
2019-06-29,UFC Fight Night: Ngannou vs. Dos Santos,Maurice Greene vs. Junior Albini,Maurice Greene,-101
2019-06-29,UFC Fight Night: Ngannou vs. Dos Santos,Maurice Greene vs. Junior Albini,Junior Albini,101
2019-10-26,UFC Fight Night: Maia vs. Askren,Maurice Greene vs. Sergei Pavlovich,Maurice Greene,-122
2019-10-26,UFC Fight Night: Maia vs. Askren,Maurice Greene vs. Sergei Pavlovich,Sergei Pavlovich,122
2018-07-22,UFC Fight Night: Shogun vs. Smith,Mauricio Rua vs. Anthony Smith,Mauricio Rua,-142
2018-07-22,UFC Fight Night: Shogun vs. Smith,Mauricio Rua vs. Anthony Smith,Anthony Smith,142
2019-11-16,UFC Fight Night: Blachowicz vs. Jacare,Mauricio Rua vs. Paul Craig,Mauricio Rua,-101
2019-11-16,UFC Fight Night: Blachowicz vs. Jacare,Mauricio Rua vs. Paul Craig,Paul Craig,101
2018-12-01,UFC Fight Night: Dos Santos vs. Tuivasa,Mauricio Rua vs. Tyson Pedro,Mauricio Rua,246
2018-12-01,UFC Fight Night: Dos Santos vs. Tuivasa,Mauricio Rua vs. Tyson Pedro,Tyson Pedro,-246
2019-10-12,UFC Fight Night: Joanna vs. Waterson,Max Griffin vs. Alex Morono,Max Griffin,222
2019-10-12,UFC Fight Night: Joanna vs. Waterson,Max Griffin vs. Alex Morono,Alex Morono,-222
2019-12-14,UFC 245: Usman vs. Covington,Max Holloway vs. Alexander Volkanovski,Max Holloway,-187
2019-12-14,UFC 245: Usman vs. Covington,Max Holloway vs. Alexander Volkanovski,Alexander Volkanovski,187
2019-04-13,UFC 236: Holloway vs. Poirier 2,Max Holloway vs. Dustin Poirier,Max Holloway,-143
2019-04-13,UFC 236: Holloway vs. Poirier 2,Max Holloway vs. Dustin Poirier,Dustin Poirier,143
2019-07-27,UFC 240: Holloway vs. Edgar,Max Holloway vs. Frankie Edgar,Max Holloway,-159
2019-07-27,UFC 240: Holloway vs. Edgar,Max Holloway vs. Frankie Edgar,Frankie Edgar,159
2017-12-02,UFC 218: Holloway vs. Aldo 2,Max Holloway vs. Jose Aldo,Max Holloway,-323
2017-12-02,UFC 218: Holloway vs. Aldo 2,Max Holloway vs. Jose Aldo,Jose Aldo,323
2018-09-15,UFC Fight Night: Hunt vs. Oleinik,Merab Dvalishvili vs. Terrion Ware,Merab Dvalishvili,-282
2018-09-15,UFC Fight Night: Hunt vs. Oleinik,Merab Dvalishvili vs. Terrion Ware,Terrion Ware,282
2017-11-04,UFC 217: Bisping vs. St-Pierre,Michael Bisping vs. Georges St-Pierre,Michael Bisping,329
2017-11-04,UFC 217: Bisping vs. St-Pierre,Michael Bisping vs. Georges St-Pierre,Georges St-Pierre,-329
2017-11-25,UFC Fight Night: Bisping vs. Gastelum,Michael Bisping vs. Kelvin Gastelum,Michael Bisping,254
2017-11-25,UFC Fight Night: Bisping vs. Gastelum,Michael Bisping vs. Kelvin Gastelum,Kelvin Gastelum,-254
2018-07-07,UFC 226: Miocic vs. Cormier,Michael Chiesa vs. Anthony Pettis,Michael Chiesa,133
2018-07-07,UFC 226: Miocic vs. Cormier,Michael Chiesa vs. Anthony Pettis,Anthony Pettis,-133
2018-08-25,UFC Fight Night: Gaethje vs. Vick,Michael Johnson vs. Andre Fili,Michael Johnson,-152
2018-08-25,UFC Fight Night: Gaethje vs. Vick,Michael Johnson vs. Andre Fili,Andre Fili,152
2018-10-27,UFC Fight Night: Oezdemir vs. Smith,Michael Johnson vs. Artem Lobov,Michael Johnson,-312
2018-10-27,UFC Fight Night: Oezdemir vs. Smith,Michael Johnson vs. Artem Lobov,Artem Lobov,312
2019-10-26,UFC Fight Night: Maia vs. Askren,Michael Johnson vs. Stevie Ray,Michael Johnson,-239
2019-10-26,UFC Fight Night: Maia vs. Askren,Michael Johnson vs. Stevie Ray,Stevie Ray,239
2019-05-18,UFC Fight Night: Dos Anjos vs. Lee,Michael Trizano vs. Grant Dawson,Michael Trizano,111
2019-05-18,UFC Fight Night: Dos Anjos vs. Lee,Michael Trizano vs. Grant Dawson,Grant Dawson,-111
2018-11-10,UFC Fight Night: Korean Zombie vs. Rodriguez,Michael Trizano vs. Luis Pena,Michael Trizano,117
2018-11-10,UFC Fight Night: Korean Zombie vs. Rodriguez,Michael Trizano vs. Luis Pena,Luis Pena,-117
2019-09-28,UFC Fight Night: Hermansson vs. Cannonier,Michal Oleksiejczuk vs. Ovince Saint Preux,Michal Oleksiejczuk,-426
2019-09-28,UFC Fight Night: Hermansson vs. Cannonier,Michal Oleksiejczuk vs. Ovince Saint Preux,Ovince Saint Preux,426
2018-11-17,UFC Fight Night: Magny vs. Ponzinibbio,Michel Prazeres vs. Bartosz Fabinski,Michel Prazeres,132
2018-11-17,UFC Fight Night: Magny vs. Ponzinibbio,Michel Prazeres vs. Bartosz Fabinski,Bartosz Fabinski,-132
2018-02-03,UFC Fight Night: Machida vs. Anders,Michel Prazeres vs. Desmond Green,Michel Prazeres,139
2018-02-03,UFC Fight Night: Machida vs. Anders,Michel Prazeres vs. Desmond Green,Desmond Green,-139
2018-08-25,UFC Fight Night: Gaethje vs. Vick,Mickey Gall vs. George Sullivan,Mickey Gall,-182
2018-08-25,UFC Fight Night: Gaethje vs. Vick,Mickey Gall vs. George Sullivan,George Sullivan,182
2019-08-03,UFC Fight Night: Covington vs. Lawler,Mickey Gall vs. Salim Touahri,Mickey Gall,-142
2019-08-03,UFC Fight Night: Covington vs. Lawler,Mickey Gall vs. Salim Touahri,Salim Touahri,142
2019-10-12,UFC Fight Night: Joanna vs. Waterson,Mike Davis vs. Thomas Gifford,Mike Davis,113
2019-10-12,UFC Fight Night: Joanna vs. Waterson,Mike Davis vs. Thomas Gifford,Thomas Gifford,-113
2018-02-24,UFC Fight Night: Emmett vs. Stephens,Mike Perry vs. Max Griffin,Mike Perry,-215
2018-02-24,UFC Fight Night: Emmett vs. Stephens,Mike Perry vs. Max Griffin,Max Griffin,215
2018-03-03,UFC 222: Cyborg vs. Kunitskaya,Mike Pyle vs. Zak Ottow,Mike Pyle,271
2018-03-03,UFC 222: Cyborg vs. Kunitskaya,Mike Pyle vs. Zak Ottow,Zak Ottow,-271
2018-06-09,UFC 225: Whittaker vs. Romero 2,Mike Santiago vs. Dan Ige,Mike Santiago,112
2018-06-09,UFC 225: Whittaker vs. Romero 2,Mike Santiago vs. Dan Ige,Dan Ige,-112
2020-02-08,UFC 247: Jones vs. Reyes,Miles Johns vs. Mario Bautista,Miles Johns,-172
2020-02-08,UFC 247: Jones vs. Reyes,Miles Johns vs. Mario Bautista,Mario Bautista,172
2020-02-08,UFC 247: Jones vs. Reyes,Mirsad Bektic vs. Dan Ige,Mirsad Bektic,119
2020-02-08,UFC 247: Jones vs. Reyes,Mirsad Bektic vs. Dan Ige,Dan Ige,-119
2018-01-27,UFC Fight Night: Jacare vs. Brunson 2,Mirsad Bektic vs. Godofredo Pepey,Mirsad Bektic,-289
2018-01-27,UFC Fight Night: Jacare vs. Brunson 2,Mirsad Bektic vs. Godofredo Pepey,Godofredo Pepey,289
2019-09-14,UFC Fight Night: Cowboy vs. Gaethje,Misha Cirkunov vs. Jimmy Crute,Misha Cirkunov,101
2019-09-14,UFC Fight Night: Cowboy vs. Gaethje,Misha Cirkunov vs. Jimmy Crute,Jimmy Crute,-101
2019-03-02,UFC 235: Jones vs. Smith,Misha Cirkunov vs. Johnny Walker,Misha Cirkunov,-164
2019-03-02,UFC 235: Jones vs. Smith,Misha Cirkunov vs. Johnny Walker,Johnny Walker,164
2018-10-27,UFC Fight Night: Oezdemir vs. Smith,Misha Cirkunov vs. Patrick Cummins,Misha Cirkunov,-269
2018-10-27,UFC Fight Night: Oezdemir vs. Smith,Misha Cirkunov vs. Patrick Cummins,Patrick Cummins,269
2018-12-01,UFC Fight Night: Dos Santos vs. Tuivasa,Mizuto Hirota vs. Christos Giagos,Mizuto Hirota,140
2018-12-01,UFC Fight Night: Dos Santos vs. Tuivasa,Mizuto Hirota vs. Christos Giagos,Christos Giagos,-140
2019-04-13,UFC 236: Holloway vs. Poirier 2,Montel Jackson vs. Andre Soukhamthath,Montel Jackson,-300
2019-04-13,UFC 236: Holloway vs. Poirier 2,Montel Jackson vs. Andre Soukhamthath,Andre Soukhamthath,300
2020-01-25,UFC Fight Night: Blaydes vs. Dos Santos,Montel Jackson vs. Felipe Colares,Montel Jackson,-165
2020-01-25,UFC Fight Night: Blaydes vs. Dos Santos,Montel Jackson vs. Felipe Colares,Felipe Colares,165
2019-10-26,UFC Fight Night: Maia vs. Askren,Muslim Salikhov vs. Laureano Staropoli,Muslim Salikhov,112
2019-10-26,UFC Fight Night: Maia vs. Askren,Muslim Salikhov vs. Laureano Staropoli,Laureano Staropoli,-112
2018-07-14,UFC Fight Night: Dos Santos vs. Ivanov,Myles Jury vs. Chad Mendes,Myles Jury,-135
2018-07-14,UFC Fight Night: Dos Santos vs. Ivanov,Myles Jury vs. Chad Mendes,Chad Mendes,135
2017-12-30,UFC 219: Cyborg vs. Holm,Myles Jury vs. Ricky Glenn,Myles Jury,-136
2017-12-30,UFC 219: Cyborg vs. Holm,Myles Jury vs. Ricky Glenn,Ricky Glenn,136
2018-07-22,UFC Fight Night: Shogun vs. Smith,Nasrat Haqparast vs. Marc Diakiese,Nasrat Haqparast,-102
2018-07-22,UFC Fight Night: Shogun vs. Smith,Nasrat Haqparast vs. Marc Diakiese,Marc Diakiese,102
2017-11-11,UFC Fight Night: Poirier vs. Pettis,Nate Marquardt vs. Cezar Ferreira,Nate Marquardt,-131
2017-11-11,UFC Fight Night: Poirier vs. Pettis,Nate Marquardt vs. Cezar Ferreira,Cezar Ferreira,131
2018-12-29,UFC 232: Jones vs. Gustafsson 2,Nathaniel Wood vs. Andre Ewell,Nathaniel Wood,113
2018-12-29,UFC 232: Jones vs. Gustafsson 2,Nathaniel Wood vs. Andre Ewell,Andre Ewell,-113
2019-03-16,UFC Fight Night: Till vs. Masvidal,Nathaniel Wood vs. Jose Quinonez,Nathaniel Wood,-103
2019-03-16,UFC Fight Night: Till vs. Masvidal,Nathaniel Wood vs. Jose Quinonez,Jose Quinonez,103
2018-11-17,UFC Fight Night: Magny vs. Ponzinibbio,Neil Magny vs. Santiago Ponzinibbio,Neil Magny,113
2018-11-17,UFC Fight Night: Magny vs. Ponzinibbio,Neil Magny vs. Santiago Ponzinibbio,Santiago Ponzinibbio,-113
2018-07-22,UFC Fight Night: Shogun vs. Smith,Nick Hein vs. Damir Hadzovic,Nick Hein,-128
2018-07-22,UFC Fight Night: Shogun vs. Smith,Nick Hein vs. Damir Hadzovic,Damir Hadzovic,128
2019-06-01,UFC Fight Night: Gustafsson vs. Smith,Nick Hein vs. Frank Camacho,Nick Hein,134
2019-06-01,UFC Fight Night: Gustafsson vs. Smith,Nick Hein vs. Frank Camacho,Frank Camacho,-134
2019-09-28,UFC Fight Night: Hermansson vs. Cannonier,Nicolas Dalby vs. Alex Oliveira,Nicolas Dalby,380
2019-09-28,UFC Fight Night: Hermansson vs. Cannonier,Nicolas Dalby vs. Alex Oliveira,Alex Oliveira,-380
2018-01-27,UFC Fight Night: Jacare vs. Brunson 2,Niko Price vs. George Sullivan,Niko Price,-107
2018-01-27,UFC Fight Night: Jacare vs. Brunson 2,Niko Price vs. George Sullivan,George Sullivan,107
2019-10-12,UFC Fight Night: Joanna vs. Waterson,Niko Price vs. James Vick,Niko Price,208
2019-10-12,UFC Fight Night: Joanna vs. Waterson,Niko Price vs. James Vick,James Vick,-208
2017-12-16,UFC Fight Night: Lawler vs. Dos Anjos,Nordine Taleb vs. Danny Roberts,Nordine Taleb,-220
2017-12-16,UFC Fight Night: Lawler vs. Dos Anjos,Nordine Taleb vs. Danny Roberts,Danny Roberts,220
2019-09-07,UFC 242: Khabib vs. Poirier,Nordine Taleb vs. Muslim Salikhov,Nordine Taleb,-168
2019-09-07,UFC 242: Khabib vs. Poirier,Nordine Taleb vs. Muslim Salikhov,Muslim Salikhov,168
2018-10-27,UFC Fight Night: Oezdemir vs. Smith,Nordine Taleb vs. Sean Strickland,Nordine Taleb,194
2018-10-27,UFC Fight Night: Oezdemir vs. Smith,Nordine Taleb vs. Sean Strickland,Sean Strickland,-194
2019-07-27,UFC 240: Holloway vs. Edgar,Olivier Aubin-Mercier vs. Arman Tsarukyan,Olivier Aubin-Mercier,-165
2019-07-27,UFC 240: Holloway vs. Edgar,Olivier Aubin-Mercier vs. Arman Tsarukyan,Arman Tsarukyan,165
2018-12-08,UFC 231: Holloway vs. Ortega,Olivier Aubin-Mercier vs. Gilbert Burns,Olivier Aubin-Mercier,-181
2018-12-08,UFC 231: Holloway vs. Ortega,Olivier Aubin-Mercier vs. Gilbert Burns,Gilbert Burns,181
2019-09-07,UFC 242: Khabib vs. Poirier,Omari Akhmedov vs. Zak Cummings,Omari Akhmedov,114
2019-09-07,UFC 242: Khabib vs. Poirier,Omari Akhmedov vs. Zak Cummings,Zak Cummings,-114
2017-11-04,UFC 217: Bisping vs. St-Pierre,Ovince Saint Preux vs. Corey Anderson,Ovince Saint Preux,386
2017-11-04,UFC 217: Bisping vs. St-Pierre,Ovince Saint Preux vs. Corey Anderson,Corey Anderson,-386
2018-10-06,UFC 229: Khabib vs. McGregor,Ovince Saint Preux vs. Dominick Reyes,Ovince Saint Preux,335
2018-10-06,UFC 229: Khabib vs. McGregor,Ovince Saint Preux vs. Dominick Reyes,Dominick Reyes,-335
2018-02-24,UFC Fight Night: Emmett vs. Stephens,Ovince Saint Preux vs. Ilir Latifi,Ovince Saint Preux,133
2018-02-24,UFC Fight Night: Emmett vs. Stephens,Ovince Saint Preux vs. Ilir Latifi,Ilir Latifi,-133
2019-04-13,UFC 236: Holloway vs. Poirier 2,Ovince Saint Preux vs. Nikita Krylov,Ovince Saint Preux,451
2019-04-13,UFC 236: Holloway vs. Poirier 2,Ovince Saint Preux vs. Nikita Krylov,Nikita Krylov,-451
2018-06-23,UFC Fight Night: Cowboy vs. Edwards,Ovince Saint Preux vs. Tyson Pedro,Ovince Saint Preux,293
2018-06-23,UFC Fight Night: Cowboy vs. Edwards,Ovince Saint Preux vs. Tyson Pedro,Tyson Pedro,-293
2017-09-22,UFC Fight Night: Saint Preux vs. Okami,Ovince Saint Preux vs. Yushin Okami,Ovince Saint Preux,-129
2017-09-22,UFC Fight Night: Saint Preux vs. Okami,Ovince Saint Preux vs. Yushin Okami,Yushin Okami,129
2019-05-18,UFC Fight Night: Dos Anjos vs. Lee,Patrick Cummins vs. Ed Herman,Patrick Cummins,-150
2019-05-18,UFC Fight Night: Dos Anjos vs. Lee,Patrick Cummins vs. Ed Herman,Ed Herman,150
2018-07-07,UFC 226: Miocic vs. Cormier,Paul Felder vs. Mike Perry,Paul Felder,-114
2018-07-07,UFC 226: Miocic vs. Cormier,Paul Felder vs. Mike Perry,Mike Perry,114
2018-08-04,UFC 227: Dillashaw vs. Garbrandt 2,Pedro Munhoz vs. Brett Johns,Pedro Munhoz,443
2018-08-04,UFC 227: Dillashaw vs. Garbrandt 2,Pedro Munhoz vs. Brett Johns,Brett Johns,-443
2018-11-30,The Ultimate Fighter: Heavy Hitters Finale,Pedro Munhoz vs. Bryan Caraway,Pedro Munhoz,-168
2018-11-30,The Ultimate Fighter: Heavy Hitters Finale,Pedro Munhoz vs. Bryan Caraway,Bryan Caraway,168
2017-10-28,UFC Fight Night: Brunson vs. Machida,Pedro Munhoz vs. Rob Font,Pedro Munhoz,248
2017-10-28,UFC Fight Night: Brunson vs. Machida,Pedro Munhoz vs. Rob Font,Rob Font,-248
2019-12-14,UFC 245: Usman vs. Covington,Petr Yan vs. Urijah Faber,Petr Yan,-214
2019-12-14,UFC 245: Usman vs. Covington,Petr Yan vs. Urijah Faber,Urijah Faber,214
2019-07-13,UFC Fight Night: De Randamie vs. Ladd,Pingyuan Liu vs. Jonathan Martinez,Pingyuan Liu,123
2019-07-13,UFC Fight Night: De Randamie vs. Ladd,Pingyuan Liu vs. Jonathan Martinez,Jonathan Martinez,-123
2018-06-09,UFC 225: Whittaker vs. Romero 2,Rafael Dos Anjos vs. Colby Covington,Rafael Dos Anjos,156
2018-06-09,UFC 225: Whittaker vs. Romero 2,Rafael Dos Anjos vs. Colby Covington,Colby Covington,-156
2018-11-30,The Ultimate Fighter: Heavy Hitters Finale,Rafael Dos Anjos vs. Kamaru Usman,Rafael Dos Anjos,170
2018-11-30,The Ultimate Fighter: Heavy Hitters Finale,Rafael Dos Anjos vs. Kamaru Usman,Kamaru Usman,-170
2019-05-18,UFC Fight Night: Dos Anjos vs. Lee,Rafael Dos Anjos vs. Kevin Lee,Rafael Dos Anjos,114
2019-05-18,UFC Fight Night: Dos Anjos vs. Lee,Rafael Dos Anjos vs. Kevin Lee,Kevin Lee,-114
2019-07-20,UFC Fight Night: Dos Anjos vs. Edwards,Rafael Dos Anjos vs. Leon Edwards,Rafael Dos Anjos,-150
2019-07-20,UFC Fight Night: Dos Anjos vs. Edwards,Rafael Dos Anjos vs. Leon Edwards,Leon Edwards,150
2020-01-25,UFC Fight Night: Blaydes vs. Dos Santos,Rafael Dos Anjos vs. Michael Chiesa,Rafael Dos Anjos,-236
2020-01-25,UFC Fight Night: Blaydes vs. Dos Santos,Rafael Dos Anjos vs. Michael Chiesa,Michael Chiesa,236
2019-11-09,UFC Fight Night: Zabit vs. Kattar,Ramazan Emeev vs. Anthony Rocco Martin,Ramazan Emeev,163
2019-11-09,UFC Fight Night: Zabit vs. Kattar,Ramazan Emeev vs. Anthony Rocco Martin,Anthony Rocco Martin,-163
2017-11-04,UFC 217: Bisping vs. St-Pierre,Randy Brown vs. Mickey Gall,Randy Brown,182
2017-11-04,UFC 217: Bisping vs. St-Pierre,Randy Brown vs. Mickey Gall,Mickey Gall,-182
2018-07-14,UFC Fight Night: Dos Santos vs. Ivanov,Randy Brown vs. Niko Price,Randy Brown,100
2018-07-14,UFC Fight Night: Dos Santos vs. Ivanov,Randy Brown vs. Niko Price,Niko Price,-100
2019-10-18,UFC Fight Night: Reyes vs. Weidman,Randy Costa vs. Boston Salmon,Randy Costa,-439
2019-10-18,UFC Fight Night: Reyes vs. Weidman,Randy Costa vs. Boston Salmon,Boston Salmon,439
2018-08-25,UFC Fight Night: Gaethje vs. Vick,Rani Yahya vs. Luke Sanders,Rani Yahya,-169
2018-08-25,UFC Fight Night: Gaethje vs. Vick,Rani Yahya vs. Luke Sanders,Luke Sanders,169
2019-02-09,UFC 234: Adesanya vs. Silva,Rani Yahya vs. Ricky Simon,Rani Yahya,-138
2019-02-09,UFC 234: Adesanya vs. Silva,Rani Yahya vs. Ricky Simon,Ricky Simon,138
2018-02-24,UFC Fight Night: Emmett vs. Stephens,Rani Yahya vs. Russell Doane,Rani Yahya,102
2018-02-24,UFC Fight Night: Emmett vs. Stephens,Rani Yahya vs. Russell Doane,Russell Doane,-102
2019-12-21,UFC Fight Night: Edgar vs. The Korean Zombie,Raoni Barcelos vs. Said Nurmagomedov,Raoni Barcelos,143
2019-12-21,UFC Fight Night: Edgar vs. The Korean Zombie,Raoni Barcelos vs. Said Nurmagomedov,Said Nurmagomedov,-143
2019-08-17,UFC 241: Cormier vs. Miocic 2,Raphael Assuncao vs. Cory Sandhagen,Raphael Assuncao,156
2019-08-17,UFC 241: Cormier vs. Miocic 2,Raphael Assuncao vs. Cory Sandhagen,Cory Sandhagen,-156
2019-02-02,UFC Fight Night: Assuncao vs. Moraes 2,Raphael Assuncao vs. Marlon Moraes,Raphael Assuncao,-158
2019-02-02,UFC Fight Night: Assuncao vs. Moraes 2,Raphael Assuncao vs. Marlon Moraes,Marlon Moraes,158
2017-11-11,UFC Fight Night: Poirier vs. Pettis,Raphael Assuncao vs. Matthew Lopez,Raphael Assuncao,-192
2017-11-11,UFC Fight Night: Poirier vs. Pettis,Raphael Assuncao vs. Matthew Lopez,Matthew Lopez,192
2018-07-07,UFC 226: Miocic vs. Cormier,Raphael Assuncao vs. Rob Font,Raphael Assuncao,-103
2018-07-07,UFC 226: Miocic vs. Cormier,Raphael Assuncao vs. Rob Font,Rob Font,103
2019-10-26,UFC Fight Night: Maia vs. Askren,Raphael Pessoa vs. Jeff Hughes,Raphael Pessoa,165
2019-10-26,UFC Fight Night: Maia vs. Askren,Raphael Pessoa vs. Jeff Hughes,Jeff Hughes,-165
2018-06-09,UFC 225: Whittaker vs. Romero 2,Rashad Coulter vs. Chris de la Rocha,Rashad Coulter,-119
2018-06-09,UFC 225: Whittaker vs. Romero 2,Rashad Coulter vs. Chris de la Rocha,Chris de la Rocha,119
2018-06-09,UFC 225: Whittaker vs. Romero 2,Rashad Evans vs. Anthony Smith,Rashad Evans,-136
2018-06-09,UFC 225: Whittaker vs. Romero 2,Rashad Evans vs. Anthony Smith,Anthony Smith,136
2018-02-24,UFC Fight Night: Emmett vs. Stephens,Renan Barao vs. Brian Kelleher,Renan Barao,-179
2018-02-24,UFC Fight Night: Emmett vs. Stephens,Renan Barao vs. Brian Kelleher,Brian Kelleher,179
2019-02-17,UFC Fight Night: Ngannou vs. Velasquez,Renan Barao vs. Luke Sanders,Renan Barao,-225
2019-02-17,UFC Fight Night: Ngannou vs. Velasquez,Renan Barao vs. Luke Sanders,Luke Sanders,225
2018-04-07,UFC 223: Khabib vs. Iaquinta,Renato Moicano vs. Calvin Kattar,Renato Moicano,-226
2018-04-07,UFC 223: Khabib vs. Iaquinta,Renato Moicano vs. Calvin Kattar,Calvin Kattar,226
2019-06-22,UFC Fight Night: Moicano vs. The Korean Zombie,Renato Moicano vs. Chan Sung Jung,Renato Moicano,-178
2019-06-22,UFC Fight Night: Moicano vs. The Korean Zombie,Renato Moicano vs. Chan Sung Jung,Chan Sung Jung,178
2019-06-08,UFC 238: Cejudo vs. Moraes,Ricardo Lamas vs. Calvin Kattar,Ricardo Lamas,-224
2019-06-08,UFC 238: Cejudo vs. Moraes,Ricardo Lamas vs. Calvin Kattar,Calvin Kattar,224
2018-11-17,UFC Fight Night: Magny vs. Ponzinibbio,Ricardo Lamas vs. Darren Elkins,Ricardo Lamas,-115
2018-11-17,UFC Fight Night: Magny vs. Ponzinibbio,Ricardo Lamas vs. Darren Elkins,Darren Elkins,115
2017-12-16,UFC Fight Night: Lawler vs. Dos Anjos,Ricardo Lamas vs. Josh Emmett,Ricardo Lamas,-115
2017-12-16,UFC Fight Night: Lawler vs. Dos Anjos,Ricardo Lamas vs. Josh Emmett,Josh Emmett,115
2018-06-09,UFC 225: Whittaker vs. Romero 2,Ricardo Lamas vs. Mirsad Bektic,Ricardo Lamas,192
2018-06-09,UFC 225: Whittaker vs. Romero 2,Ricardo Lamas vs. Mirsad Bektic,Mirsad Bektic,-192
2019-11-16,UFC Fight Night: Blachowicz vs. Jacare,Ricardo Ramos vs. Eduardo Garagorri,Ricardo Ramos,-117
2019-11-16,UFC Fight Night: Blachowicz vs. Jacare,Ricardo Ramos vs. Eduardo Garagorri,Eduardo Garagorri,117
2018-08-04,UFC 227: Dillashaw vs. Garbrandt 2,Ricardo Ramos vs. Kyung Ho Kang,Ricardo Ramos,-203
2018-08-04,UFC 227: Dillashaw vs. Garbrandt 2,Ricardo Ramos vs. Kyung Ho Kang,Kyung Ho Kang,203
2019-02-02,UFC Fight Night: Assuncao vs. Moraes 2,Ricardo Ramos vs. Said Nurmagomedov,Ricardo Ramos,-110
2019-02-02,UFC Fight Night: Assuncao vs. Moraes 2,Ricardo Ramos vs. Said Nurmagomedov,Said Nurmagomedov,110
2019-12-07,UFC Fight Night: Overeem vs. Rozenstruik,Rob Font vs. Ricky Simon,Rob Font,-156
2019-12-07,UFC Fight Night: Overeem vs. Rozenstruik,Rob Font vs. Ricky Simon,Ricky Simon,156
2018-12-15,UFC Fight Night: Lee vs. Iaquinta,Rob Font vs. Sergio Pettis,Rob Font,216
2018-12-15,UFC Fight Night: Lee vs. Iaquinta,Rob Font vs. Sergio Pettis,Sergio Pettis,-216
2017-12-16,UFC Fight Night: Lawler vs. Dos Anjos,Robbie Lawler vs. Rafael Dos Anjos,Robbie Lawler,322
2017-12-16,UFC Fight Night: Lawler vs. Dos Anjos,Robbie Lawler vs. Rafael Dos Anjos,Rafael Dos Anjos,-322
2018-09-08,UFC 228: Woodley vs. Till,Robert Sanchez vs. Jarred Brooks,Robert Sanchez,114
2018-09-08,UFC 228: Woodley vs. Till,Robert Sanchez vs. Jarred Brooks,Jarred Brooks,-114
2018-02-18,UFC Fight Night: Cerrone vs. Medeiros,Robert Sanchez vs. Joby Sanchez,Robert Sanchez,204
2018-02-18,UFC Fight Night: Cerrone vs. Medeiros,Robert Sanchez vs. Joby Sanchez,Joby Sanchez,-204
2019-10-05,UFC 243: Whittaker vs. Adesanya,Robert Whittaker vs. Israel Adesanya,Robert Whittaker,-146
2019-10-05,UFC 243: Whittaker vs. Adesanya,Robert Whittaker vs. Israel Adesanya,Israel Adesanya,146
2018-06-09,UFC 225: Whittaker vs. Romero 2,Robert Whittaker vs. Yoel Romero,Robert Whittaker,-287
2018-06-09,UFC 225: Whittaker vs. Romero 2,Robert Whittaker vs. Yoel Romero,Yoel Romero,287
2019-08-10,UFC Fight Night: Shevchenko vs. Carmouche 2,Rogerio Bontorin vs. Raulian Paiva,Rogerio Bontorin,244
2019-08-10,UFC Fight Night: Shevchenko vs. Carmouche 2,Rogerio Bontorin vs. Raulian Paiva,Raulian Paiva,-244
2020-02-15,UFC Fight Night: Anderson vs. Blachowicz,Rogerio Bontorin vs. Ray Borg,Rogerio Bontorin,175
2020-02-15,UFC Fight Night: Anderson vs. Blachowicz,Rogerio Bontorin vs. Ray Borg,Ray Borg,-175
2019-05-11,UFC 237: Namajunas vs. Andrade,Rogerio Nogueira vs. Ryan Spann,Rogerio Nogueira,283
2019-05-11,UFC 237: Namajunas vs. Andrade,Rogerio Nogueira vs. Ryan Spann,Ryan Spann,-283
2018-06-23,UFC Fight Night: Cowboy vs. Edwards,Rolando Dy vs. Shane Young,Rolando Dy,-113
2018-06-23,UFC Fight Night: Cowboy vs. Edwards,Rolando Dy vs. Shane Young,Shane Young,113
2019-06-29,UFC Fight Night: Ngannou vs. Dos Santos,Roosevelt Roberts vs. Vinc Pichel,Roosevelt Roberts,-213
2019-06-29,UFC Fight Night: Ngannou vs. Dos Santos,Roosevelt Roberts vs. Vinc Pichel,Vinc Pichel,213
2019-03-30,UFC Fight Night: Barboza vs. Gaethje,Ross Pearson vs. Desmond Green,Ross Pearson,318
2019-03-30,UFC Fight Night: Barboza vs. Gaethje,Ross Pearson vs. Desmond Green,Desmond Green,-318
2018-02-10,UFC 221: Romero vs. Rockhold,Ross Pearson vs. Mizuto Hirota,Ross Pearson,-207
2018-02-10,UFC 221: Romero vs. Rockhold,Ross Pearson vs. Mizuto Hirota,Mizuto Hirota,207
2019-02-23,UFC Fight Night: Blachowicz vs. Santos,Rustam Khabilov vs. Diego Ferreira,Rustam Khabilov,-124
2019-02-23,UFC Fight Night: Blachowicz vs. Santos,Rustam Khabilov vs. Diego Ferreira,Diego Ferreira,124
2018-09-15,UFC Fight Night: Hunt vs. Oleinik,Rustam Khabilov vs. Kajan Johnson,Rustam Khabilov,-146
2018-09-15,UFC Fight Night: Hunt vs. Oleinik,Rustam Khabilov vs. Kajan Johnson,Kajan Johnson,146
2019-11-09,UFC Fight Night: Zabit vs. Kattar,Rustam Khabilov vs. Sergey Khandozhko,Rustam Khabilov,119
2019-11-09,UFC Fight Night: Zabit vs. Kattar,Rustam Khabilov vs. Sergey Khandozhko,Sergey Khandozhko,-119
2017-11-18,UFC Fight Night: Werdum vs. Tybura,Ryan Benoit vs. Ashkan Mokhtarian,Ryan Benoit,-160
2017-11-18,UFC Fight Night: Werdum vs. Tybura,Ryan Benoit vs. Ashkan Mokhtarian,Ashkan Mokhtarian,160
2018-04-21,UFC Fight Night: Barboza vs. Lee,Ryan LaFlare vs. Alex Garcia,Ryan LaFlare,-114
2018-04-21,UFC Fight Night: Barboza vs. Lee,Ryan LaFlare vs. Alex Garcia,Alex Garcia,114
2018-10-06,UFC 229: Khabib vs. McGregor,Ryan LaFlare vs. Anthony Rocco Martin,Ryan LaFlare,-166
2018-10-06,UFC 229: Khabib vs. McGregor,Ryan LaFlare vs. Anthony Rocco Martin,Anthony Rocco Martin,166
2019-10-12,UFC Fight Night: Joanna vs. Waterson,Ryan Spann vs. Devin Clark,Ryan Spann,-151
2019-10-12,UFC Fight Night: Joanna vs. Waterson,Ryan Spann vs. Devin Clark,Devin Clark,151
2017-12-02,UFC 218: Holloway vs. Aldo 2,Sabah Homasi vs. Abdul Razak Alhassan,Sabah Homasi,160
2017-12-02,UFC 218: Holloway vs. Aldo 2,Sabah Homasi vs. Abdul Razak Alhassan,Abdul Razak Alhassan,-161
2018-01-20,UFC 220: Miocic vs. Ngannou,Sabah Homasi vs. Abdul Razak Alhassan,Sabah Homasi,106
2018-01-20,UFC 220: Miocic vs. Ngannou,Sabah Homasi vs. Abdul Razak Alhassan,Abdul Razak Alhassan,-109
2017-11-11,UFC Fight Night: Poirier vs. Pettis,Sage Northcutt vs. Michel Quinones,Sage Northcutt,-762
2017-11-11,UFC Fight Night: Poirier vs. Pettis,Sage Northcutt vs. Michel Quinones,Michel Quinones,762
2018-02-18,UFC Fight Night: Cerrone vs. Medeiros,Sage Northcutt vs. Thibault Gouti,Sage Northcutt,-652
2018-02-18,UFC Fight Night: Cerrone vs. Medeiros,Sage Northcutt vs. Thibault Gouti,Thibault Gouti,652
2018-07-14,UFC Fight Night: Dos Santos vs. Ivanov,Sage Northcutt vs. Zak Ottow,Sage Northcutt,-318
2018-07-14,UFC Fight Night: Dos Santos vs. Ivanov,Sage Northcutt vs. Zak Ottow,Zak Ottow,318
2019-07-20,UFC Fight Night: Dos Anjos vs. Edwards,Sam Alvey vs. Klidson Abreu,Sam Alvey,130
2019-07-20,UFC Fight Night: Dos Anjos vs. Edwards,Sam Alvey vs. Klidson Abreu,Klidson Abreu,-130
2018-09-22,UFC Fight Night: Marreta vs. Anders,Sam Alvey vs. Rogerio Nogueira,Sam Alvey,-153
2018-09-22,UFC Fight Night: Marreta vs. Anders,Sam Alvey vs. Rogerio Nogueira,Rogerio Nogueira,153
2017-12-16,UFC Fight Night: Lawler vs. Dos Anjos,Santiago Ponzinibbio vs. Mike Perry,Santiago Ponzinibbio,-119
2017-12-16,UFC Fight Night: Lawler vs. Dos Anjos,Santiago Ponzinibbio vs. Mike Perry,Mike Perry,119
2018-10-06,UFC 229: Khabib vs. McGregor,Scott Holtzman vs. Alan Patrick,Scott Holtzman,-131
2018-10-06,UFC 229: Khabib vs. McGregor,Scott Holtzman vs. Alan Patrick,Alan Patrick,131
2017-12-09,UFC Fight Night: Swanson vs. Ortega,Scott Holtzman vs. Darrell Horcher,Scott Holtzman,-247
2017-12-09,UFC Fight Night: Swanson vs. Ortega,Scott Holtzman vs. Darrell Horcher,Darrell Horcher,247
2019-08-03,UFC Fight Night: Covington vs. Lawler,Scott Holtzman vs. Dong Hyun Ma,Scott Holtzman,-174
2019-08-03,UFC Fight Night: Covington vs. Lawler,Scott Holtzman vs. Dong Hyun Ma,Dong Hyun Ma,174
2018-03-03,UFC 222: Cyborg vs. Kunitskaya,Sean O'Malley vs. Andre Soukhamthath,Sean O'Malley,-286
2018-03-03,UFC 222: Cyborg vs. Kunitskaya,Sean O'Malley vs. Andre Soukhamthath,Andre Soukhamthath,286
2019-04-20,UFC Fight Night: Overeem vs. Oleinik,Sergei Pavlovich vs. Marcelo Golm,Sergei Pavlovich,177
2019-04-20,UFC Fight Night: Overeem vs. Oleinik,Sergei Pavlovich vs. Marcelo Golm,Marcelo Golm,-177
2018-09-22,UFC Fight Night: Marreta vs. Anders,Sergio Moraes vs. Ben Saunders,Sergio Moraes,150
2018-09-22,UFC Fight Night: Marreta vs. Anders,Sergio Moraes vs. Ben Saunders,Ben Saunders,-150
2019-11-16,UFC Fight Night: Blachowicz vs. Jacare,Sergio Moraes vs. James Krause,Sergio Moraes,231
2019-11-16,UFC Fight Night: Blachowicz vs. Jacare,Sergio Moraes vs. James Krause,James Krause,-231
2018-02-03,UFC Fight Night: Machida vs. Anders,Sergio Moraes vs. Tim Means,Sergio Moraes,350
2018-02-03,UFC Fight Night: Machida vs. Anders,Sergio Moraes vs. Tim Means,Tim Means,-350
2018-10-06,UFC 229: Khabib vs. McGregor,Sergio Pettis vs. Jussier Formiga,Sergio Pettis,-552
2018-10-06,UFC 229: Khabib vs. McGregor,Sergio Pettis vs. Jussier Formiga,Jussier Formiga,552
2019-12-21,UFC Fight Night: Edgar vs. The Korean Zombie,SeungWoo Choi vs. Suman Mokhtarian,SeungWoo Choi,-122
2019-12-21,UFC Fight Night: Edgar vs. The Korean Zombie,SeungWoo Choi vs. Suman Mokhtarian,Suman Mokhtarian,122
2018-11-03,UFC 230: Cormier vs. Lewis,Shane Burgos vs. Kurt Holobaugh,Shane Burgos,-205
2018-11-03,UFC 230: Cormier vs. Lewis,Shane Burgos vs. Kurt Holobaugh,Kurt Holobaugh,205
2019-11-02,UFC 244: Masvidal vs. Diaz,Shane Burgos vs. Makwan Amirkhani,Shane Burgos,-167
2019-11-02,UFC 244: Masvidal vs. Diaz,Shane Burgos vs. Makwan Amirkhani,Makwan Amirkhani,167
2019-02-09,UFC 234: Adesanya vs. Silva,Shane Young vs. Austin Arnett,Shane Young,-112
2019-02-09,UFC 234: Adesanya vs. Silva,Shane Young vs. Austin Arnett,Austin Arnett,112
2018-06-23,UFC Fight Night: Cowboy vs. Edwards,Shinsho Anzai vs. Jake Matthews,Shinsho Anzai,326
2018-06-23,UFC Fight Night: Cowboy vs. Edwards,Shinsho Anzai vs. Jake Matthews,Jake Matthews,-326
2019-09-28,UFC Fight Night: Hermansson vs. Cannonier,Siyar Bahadurzada vs. Ismail Naurdiev,Siyar Bahadurzada,394
2019-09-28,UFC Fight Night: Hermansson vs. Cannonier,Siyar Bahadurzada vs. Ismail Naurdiev,Ismail Naurdiev,-394
2018-04-21,UFC Fight Night: Barboza vs. Lee,Siyar Bahadurzada vs. Luan Chagas,Siyar Bahadurzada,248
2018-04-21,UFC Fight Night: Barboza vs. Lee,Siyar Bahadurzada vs. Luan Chagas,Luan Chagas,-248
2019-03-30,UFC Fight Night: Barboza vs. Gaethje,Sodiq Yusuff vs. Sheymon Moraes,Sodiq Yusuff,-118
2019-03-30,UFC Fight Night: Barboza vs. Gaethje,Sodiq Yusuff vs. Sheymon Moraes,Sheymon Moraes,118
2018-11-24,UFC Fight Night: Blaydes vs. Ngannou 2,Song Kenan vs. Alex Morono,Song Kenan,168
2018-11-24,UFC Fight Night: Blaydes vs. Ngannou 2,Song Kenan vs. Alex Morono,Alex Morono,-168
2019-08-31,UFC Fight Night: Andrade vs. Zhang,Song Kenan vs. Derrick Krantz,Song Kenan,-130
2019-08-31,UFC Fight Night: Andrade vs. Zhang,Song Kenan vs. Derrick Krantz,Derrick Krantz,130
2018-03-03,UFC 222: Cyborg vs. Kunitskaya,Stefan Struve vs. Andrei Arlovski,Stefan Struve,-113
2018-03-03,UFC 222: Cyborg vs. Kunitskaya,Stefan Struve vs. Andrei Arlovski,Andrei Arlovski,113
2019-12-07,UFC Fight Night: Overeem vs. Rozenstruik,Stefan Struve vs. Ben Rothwell,Stefan Struve,-158
2019-12-07,UFC Fight Night: Overeem vs. Rozenstruik,Stefan Struve vs. Ben Rothwell,Ben Rothwell,158
2019-02-23,UFC Fight Night: Blachowicz vs. Santos,Stefan Struve vs. Marcos Rogerio de Lima,Stefan Struve,187
2019-02-23,UFC Fight Night: Blachowicz vs. Santos,Stefan Struve vs. Marcos Rogerio de Lima,Marcos Rogerio de Lima,-187
2019-03-23,UFC Fight Night: Thompson vs. Pettis,Stephen Thompson vs. Anthony Pettis,Stephen Thompson,-295
2019-03-23,UFC Fight Night: Thompson vs. Pettis,Stephen Thompson vs. Anthony Pettis,Anthony Pettis,295
2018-05-27,UFC Fight Night: Thompson vs. Till,Stephen Thompson vs. Darren Till,Stephen Thompson,-112
2018-05-27,UFC Fight Night: Thompson vs. Till,Stephen Thompson vs. Darren Till,Darren Till,112
2017-11-04,UFC 217: Bisping vs. St-Pierre,Stephen Thompson vs. Jorge Masvidal,Stephen Thompson,181
2017-11-04,UFC 217: Bisping vs. St-Pierre,Stephen Thompson vs. Jorge Masvidal,Jorge Masvidal,-181
2019-11-02,UFC 244: Masvidal vs. Diaz,Stephen Thompson vs. Vicente Luque,Stephen Thompson,-107
2019-11-02,UFC 244: Masvidal vs. Diaz,Stephen Thompson vs. Vicente Luque,Vicente Luque,107
2018-10-27,UFC Fight Night: Oezdemir vs. Smith,Stevie Ray vs. Jessin Ayari,Stevie Ray,108
2018-10-27,UFC Fight Night: Oezdemir vs. Smith,Stevie Ray vs. Jessin Ayari,Jessin Ayari,-108
2018-03-17,UFC Fight Night: Werdum vs. Volkov,Stevie Ray vs. Kajan Johnson,Stevie Ray,-118
2018-03-17,UFC Fight Night: Werdum vs. Volkov,Stevie Ray vs. Kajan Johnson,Kajan Johnson,118
2019-06-01,UFC Fight Night: Gustafsson vs. Smith,Stevie Ray vs. Leonardo Santos,Stevie Ray,-215
2019-06-01,UFC Fight Night: Gustafsson vs. Smith,Stevie Ray vs. Leonardo Santos,Leonardo Santos,215
2018-07-07,UFC 226: Miocic vs. Cormier,Stipe Miocic vs. Daniel Cormier,Stipe Miocic,-299
2018-07-07,UFC 226: Miocic vs. Cormier,Stipe Miocic vs. Daniel Cormier,Daniel Cormier,299
2018-01-20,UFC 220: Miocic vs. Ngannou,Stipe Miocic vs. Francis Ngannou,Stipe Miocic,-141
2018-01-20,UFC 220: Miocic vs. Ngannou,Stipe Miocic vs. Francis Ngannou,Francis Ngannou,141
2019-04-20,UFC Fight Night: Overeem vs. Oleinik,Sultan Aliev vs. Keita Nakamura,Sultan Aliev,-113
2019-04-20,UFC Fight Night: Overeem vs. Oleinik,Sultan Aliev vs. Keita Nakamura,Keita Nakamura,113
2019-08-31,UFC Fight Night: Andrade vs. Zhang,Sumudaerji vs. Andre Soukhamthath,Sumudaerji,-199
2019-08-31,UFC Fight Night: Andrade vs. Zhang,Sumudaerji vs. Andre Soukhamthath,Andre Soukhamthath,199
2018-08-04,UFC 227: Dillashaw vs. Garbrandt 2,TJ Dillashaw vs. Cody Garbrandt,TJ Dillashaw,-120
2018-08-04,UFC 227: Dillashaw vs. Garbrandt 2,TJ Dillashaw vs. Cody Garbrandt,Cody Garbrandt,120
2019-06-08,UFC 238: Cejudo vs. Moraes,Tai Tuivasa vs. Blagoy Ivanov,Tai Tuivasa,-233
2019-06-08,UFC 238: Cejudo vs. Moraes,Tai Tuivasa vs. Blagoy Ivanov,Blagoy Ivanov,233
2018-02-10,UFC 221: Romero vs. Rockhold,Tai Tuivasa vs. Cyril Asker,Tai Tuivasa,-160
2018-02-10,UFC 221: Romero vs. Rockhold,Tai Tuivasa vs. Cyril Asker,Cyril Asker,160
2019-10-05,UFC 243: Whittaker vs. Adesanya,Tai Tuivasa vs. Serghei Spivac,Tai Tuivasa,-180
2019-10-05,UFC 243: Whittaker vs. Adesanya,Tai Tuivasa vs. Serghei Spivac,Serghei Spivac,180
2018-02-10,UFC 221: Romero vs. Rockhold,Teruto Ishihara vs. Jose Quinonez,Teruto Ishihara,109
2018-02-10,UFC 221: Romero vs. Rockhold,Teruto Ishihara vs. Jose Quinonez,Jose Quinonez,-109
2019-02-09,UFC 234: Adesanya vs. Silva,Teruto Ishihara vs. Kyung Ho Kang,Teruto Ishihara,136
2019-02-09,UFC 234: Adesanya vs. Silva,Teruto Ishihara vs. Kyung Ho Kang,Kyung Ho Kang,-136
2017-10-07,UFC 216: Ferguson vs. Lee,Thales Leites vs. Brad Tavares,Thales Leites,189
2017-10-07,UFC 216: Ferguson vs. Lee,Thales Leites vs. Brad Tavares,Brad Tavares,-189
2018-09-22,UFC Fight Night: Marreta vs. Anders,Thales Leites vs. Hector Lombard,Thales Leites,132
2018-09-22,UFC Fight Night: Marreta vs. Anders,Thales Leites vs. Hector Lombard,Hector Lombard,-132
2018-05-12,UFC 224: Nunes vs. Pennington,Thales Leites vs. Jack Hermansson,Thales Leites,159
2018-05-12,UFC 224: Nunes vs. Pennington,Thales Leites vs. Jack Hermansson,Jack Hermansson,-159
2019-05-11,UFC 237: Namajunas vs. Andrade,Thiago Alves vs. Laureano Staropoli,Thiago Alves,144
2019-05-11,UFC 237: Namajunas vs. Andrade,Thiago Alves vs. Laureano Staropoli,Laureano Staropoli,-144
2019-02-02,UFC Fight Night: Assuncao vs. Moraes 2,Thiago Alves vs. Max Griffin,Thiago Alves,103
2019-02-02,UFC Fight Night: Assuncao vs. Moraes 2,Thiago Alves vs. Max Griffin,Max Griffin,-103
2019-12-07,UFC Fight Night: Overeem vs. Rozenstruik,Thiago Alves vs. Tim Means,Thiago Alves,182
2019-12-07,UFC Fight Night: Overeem vs. Rozenstruik,Thiago Alves vs. Tim Means,Tim Means,-182
2019-05-11,UFC 237: Namajunas vs. Andrade,Thiago Moises vs. Kurt Holobaugh,Thiago Moises,-109
2019-05-11,UFC 237: Namajunas vs. Andrade,Thiago Moises vs. Kurt Holobaugh,Kurt Holobaugh,109
2018-02-03,UFC Fight Night: Machida vs. Anders,Thiago Santos vs. Anthony Smith,Thiago Santos,-237
2018-02-03,UFC Fight Night: Machida vs. Anders,Thiago Santos vs. Anthony Smith,Anthony Smith,237
2018-09-22,UFC Fight Night: Marreta vs. Anders,Thiago Santos vs. Eryk Anders,Thiago Santos,-213
2018-09-22,UFC Fight Night: Marreta vs. Anders,Thiago Santos vs. Eryk Anders,Eryk Anders,213
2017-10-28,UFC Fight Night: Brunson vs. Machida,Thiago Santos vs. Jack Hermansson,Thiago Santos,133
2017-10-28,UFC Fight Night: Brunson vs. Machida,Thiago Santos vs. Jack Hermansson,Jack Hermansson,-133
2018-10-27,UFC Fight Night: Oezdemir vs. Smith,Thibault Gouti vs. Nasrat Haqparast,Thibault Gouti,542
2018-10-27,UFC Fight Night: Oezdemir vs. Smith,Thibault Gouti vs. Nasrat Haqparast,Nasrat Haqparast,-542
2018-01-20,UFC 220: Miocic vs. Ngannou,Thomas Almeida vs. Rob Font,Thomas Almeida,-151
2018-01-20,UFC 220: Miocic vs. Ngannou,Thomas Almeida vs. Rob Font,Rob Font,151
2018-04-14,UFC Fight Night: Poirier vs. Gaethje,Tim Boetsch vs. Antonio Carlos Junior,Tim Boetsch,186
2018-04-14,UFC Fight Night: Poirier vs. Gaethje,Tim Boetsch vs. Antonio Carlos Junior,Antonio Carlos Junior,-186
2019-03-09,UFC Fight Night: Lewis vs. Dos Santos,Tim Boetsch vs. Omari Akhmedov,Tim Boetsch,126
2019-03-09,UFC Fight Night: Lewis vs. Dos Santos,Tim Boetsch vs. Omari Akhmedov,Omari Akhmedov,-126
2020-01-18,UFC 246: McGregor vs. Cowboy,Tim Elliott vs. Askar Askarov,Tim Elliott,-130
2020-01-18,UFC 246: McGregor vs. Cowboy,Tim Elliott vs. Askar Askarov,Askar Askarov,130
2017-11-18,UFC Fight Night: Werdum vs. Tybura,Tim Means vs. Belal Muhammad,Tim Means,-219
2017-11-18,UFC Fight Night: Werdum vs. Tybura,Tim Means vs. Belal Muhammad,Belal Muhammad,219
2019-03-09,UFC Fight Night: Lewis vs. Dos Santos,Tim Means vs. Niko Price,Tim Means,-366
2019-03-09,UFC Fight Night: Lewis vs. Dos Santos,Tim Means vs. Niko Price,Niko Price,366
2018-11-30,The Ultimate Fighter: Heavy Hitters Finale,Tim Means vs. Ricky Rainey,Tim Means,-516
2018-11-30,The Ultimate Fighter: Heavy Hitters Finale,Tim Means vs. Ricky Rainey,Ricky Rainey,516
2018-02-03,UFC Fight Night: Machida vs. Anders,Timothy Johnson vs. Marcelo Golm,Timothy Johnson,464
2018-02-03,UFC Fight Night: Machida vs. Anders,Timothy Johnson vs. Marcelo Golm,Marcelo Golm,-464
2017-10-07,UFC 216: Ferguson vs. Lee,Tom Duquesnoy vs. Cody Stamann,Tom Duquesnoy,208
2017-10-07,UFC 216: Ferguson vs. Lee,Tom Duquesnoy vs. Cody Stamann,Cody Stamann,-208
2018-03-17,UFC Fight Night: Werdum vs. Volkov,Tom Duquesnoy vs. Terrion Ware,Tom Duquesnoy,-213
2018-03-17,UFC Fight Night: Werdum vs. Volkov,Tom Duquesnoy vs. Terrion Ware,Terrion Ware,213
2018-10-06,UFC 229: Khabib vs. McGregor,Tony Ferguson vs. Anthony Pettis,Tony Ferguson,-366
2018-10-06,UFC 229: Khabib vs. McGregor,Tony Ferguson vs. Anthony Pettis,Anthony Pettis,366
2019-06-08,UFC 238: Cejudo vs. Moraes,Tony Ferguson vs. Donald Cerrone,Tony Ferguson,-333
2019-06-08,UFC 238: Cejudo vs. Moraes,Tony Ferguson vs. Donald Cerrone,Donald Cerrone,333
2017-10-07,UFC 216: Ferguson vs. Lee,Tony Ferguson vs. Kevin Lee,Tony Ferguson,-192
2017-10-07,UFC 216: Ferguson vs. Lee,Tony Ferguson vs. Kevin Lee,Kevin Lee,192
2019-08-03,UFC Fight Night: Covington vs. Lawler,Trevin Giles vs. Gerald Meerschaert,Trevin Giles,-170
2019-08-03,UFC Fight Night: Covington vs. Lawler,Trevin Giles vs. Gerald Meerschaert,Gerald Meerschaert,170
2020-02-08,UFC 247: Jones vs. Reyes,Trevin Giles vs. James Krause,Trevin Giles,-205
2020-02-08,UFC 247: Jones vs. Reyes,Trevin Giles vs. James Krause,James Krause,205
2018-12-15,UFC Fight Night: Lee vs. Iaquinta,Trevor Smith vs. Zak Cummings,Trevor Smith,127
2018-12-15,UFC Fight Night: Lee vs. Iaquinta,Trevor Smith vs. Zak Cummings,Zak Cummings,-127
2018-09-08,UFC 228: Woodley vs. Till,Tyron Woodley vs. Darren Till,Tyron Woodley,179
2018-09-08,UFC 228: Woodley vs. Till,Tyron Woodley vs. Darren Till,Darren Till,-179
2019-03-02,UFC 235: Jones vs. Smith,Tyron Woodley vs. Kamaru Usman,Tyron Woodley,226
2019-03-02,UFC 235: Jones vs. Smith,Tyron Woodley vs. Kamaru Usman,Kamaru Usman,-226
2018-02-10,UFC 221: Romero vs. Rockhold,Tyson Pedro vs. Saparbeg Safarov,Tyson Pedro,-420
2018-02-10,UFC 221: Romero vs. Rockhold,Tyson Pedro vs. Saparbeg Safarov,Saparbeg Safarov,420
2019-09-14,UFC Fight Night: Cowboy vs. Gaethje,Uriah Hall vs. Antonio Carlos Junior,Uriah Hall,220
2019-09-14,UFC Fight Night: Cowboy vs. Gaethje,Uriah Hall vs. Antonio Carlos Junior,Antonio Carlos Junior,-220
2018-07-07,UFC 226: Miocic vs. Cormier,Uriah Hall vs. Paulo Costa,Uriah Hall,141
2018-07-07,UFC 226: Miocic vs. Cormier,Uriah Hall vs. Paulo Costa,Paulo Costa,-141
2019-07-13,UFC Fight Night: De Randamie vs. Ladd,Urijah Faber vs. Ricky Simon,Urijah Faber,156
2019-07-13,UFC Fight Night: De Randamie vs. Ladd,Urijah Faber vs. Ricky Simon,Ricky Simon,-156
2019-02-17,UFC Fight Night: Ngannou vs. Velasquez,Vicente Luque vs. Bryan Barberena,Vicente Luque,-162
2019-02-17,UFC Fight Night: Ngannou vs. Velasquez,Vicente Luque vs. Bryan Barberena,Bryan Barberena,162
2018-05-19,UFC Fight Night: Maia vs. Usman,Vicente Luque vs. Chad Laprise,Vicente Luque,-167
2018-05-19,UFC Fight Night: Maia vs. Usman,Vicente Luque vs. Chad Laprise,Chad Laprise,167
2019-08-10,UFC Fight Night: Shevchenko vs. Carmouche 2,Vicente Luque vs. Mike Perry,Vicente Luque,-177
2019-08-10,UFC Fight Night: Shevchenko vs. Carmouche 2,Vicente Luque vs. Mike Perry,Mike Perry,177
2017-10-28,UFC Fight Night: Brunson vs. Machida,Vicente Luque vs. Niko Price,Vicente Luque,-181
2017-10-28,UFC Fight Night: Brunson vs. Machida,Vicente Luque vs. Niko Price,Niko Price,181
2018-01-27,UFC Fight Night: Jacare vs. Brunson 2,Vinc Pichel vs. Joaquim Silva,Vinc Pichel,146
2018-01-27,UFC Fight Night: Jacare vs. Brunson 2,Vinc Pichel vs. Joaquim Silva,Joaquim Silva,-146
2019-09-21,UFC Fight Night: Rodriguez vs. Stephens,Vinicius Moreira vs. Paul Craig,Vinicius Moreira,146
2019-09-21,UFC Fight Night: Rodriguez vs. Stephens,Vinicius Moreira vs. Paul Craig,Paul Craig,-146
2018-05-12,UFC 224: Nunes vs. Pennington,Vitor Belfort vs. Lyoto Machida,Vitor Belfort,126
2018-05-12,UFC 224: Nunes vs. Pennington,Vitor Belfort vs. Lyoto Machida,Lyoto Machida,-126
2019-12-21,UFC Fight Night: Edgar vs. The Korean Zombie,Volkan Oezdemir vs. Aleksandar Rakic,Volkan Oezdemir,-113
2019-12-21,UFC Fight Night: Edgar vs. The Korean Zombie,Volkan Oezdemir vs. Aleksandar Rakic,Aleksandar Rakic,113
2018-10-27,UFC Fight Night: Oezdemir vs. Smith,Volkan Oezdemir vs. Anthony Smith,Volkan Oezdemir,-214
2018-10-27,UFC Fight Night: Oezdemir vs. Smith,Volkan Oezdemir vs. Anthony Smith,Anthony Smith,214
2019-03-16,UFC Fight Night: Till vs. Masvidal,Volkan Oezdemir vs. Dominick Reyes,Volkan Oezdemir,113
2019-03-16,UFC Fight Night: Till vs. Masvidal,Volkan Oezdemir vs. Dominick Reyes,Dominick Reyes,-113
2019-08-10,UFC Fight Night: Shevchenko vs. Carmouche 2,Volkan Oezdemir vs. Ilir Latifi,Volkan Oezdemir,-135
2019-08-10,UFC Fight Night: Shevchenko vs. Carmouche 2,Volkan Oezdemir vs. Ilir Latifi,Ilir Latifi,135
2018-06-01,UFC Fight Night: Rivera vs. Moraes,Walt Harris vs. Daniel Spitz,Walt Harris,139
2018-06-01,UFC Fight Night: Rivera vs. Moraes,Walt Harris vs. Daniel Spitz,Daniel Spitz,-139
2017-11-04,UFC 217: Bisping vs. St-Pierre,Walt Harris vs. Mark Godbeer,Walt Harris,145
2017-11-04,UFC 217: Bisping vs. St-Pierre,Walt Harris vs. Mark Godbeer,Mark Godbeer,-145
2019-11-16,UFC Fight Night: Blachowicz vs. Jacare,Warlley Alves vs. Randy Brown,Warlley Alves,-101
2019-11-16,UFC Fight Night: Blachowicz vs. Jacare,Warlley Alves vs. Randy Brown,Randy Brown,101
2019-05-11,UFC 237: Namajunas vs. Andrade,Warlley Alves vs. Sergio Moraes,Warlley Alves,-196
2019-05-11,UFC 237: Namajunas vs. Andrade,Warlley Alves vs. Sergio Moraes,Sergio Moraes,196
2018-05-12,UFC 224: Nunes vs. Pennington,Warlley Alves vs. Sultan Aliev,Warlley Alves,-262
2018-05-12,UFC 224: Nunes vs. Pennington,Warlley Alves vs. Sultan Aliev,Sultan Aliev,262
2019-04-13,UFC 236: Holloway vs. Poirier 2,Wilson Reis vs. Alexandre Pantoja,Wilson Reis,185
2019-04-13,UFC 236: Holloway vs. Poirier 2,Wilson Reis vs. Alexandre Pantoja,Alexandre Pantoja,-185
2018-12-01,UFC Fight Night: Dos Santos vs. Tuivasa,Wilson Reis vs. Ben Nguyen,Wilson Reis,-122
2018-12-01,UFC Fight Night: Dos Santos vs. Tuivasa,Wilson Reis vs. Ben Nguyen,Ben Nguyen,122
2018-04-14,UFC Fight Night: Poirier vs. Gaethje,Wilson Reis vs. John Moraga,Wilson Reis,-199
2018-04-14,UFC Fight Night: Poirier vs. Gaethje,Wilson Reis vs. John Moraga,John Moraga,199
2019-02-09,UFC 234: Adesanya vs. Silva,Wulijiburen vs. Jonathan Martinez,Wulijiburen,103
2019-02-09,UFC 234: Adesanya vs. Silva,Wulijiburen vs. Jonathan Martinez,Jonathan Martinez,-103
2019-10-18,UFC Fight Night: Reyes vs. Weidman,Yair Rodriguez vs. Jeremy Stephens,Yair Rodriguez,-126
2019-10-18,UFC Fight Night: Reyes vs. Weidman,Yair Rodriguez vs. Jeremy Stephens,Jeremy Stephens,126
2018-02-10,UFC 221: Romero vs. Rockhold,Yoel Romero vs. Luke Rockhold,Yoel Romero,-125
2018-02-10,UFC 221: Romero vs. Rockhold,Yoel Romero vs. Luke Rockhold,Luke Rockhold,125
2019-08-17,UFC 241: Cormier vs. Miocic 2,Yoel Romero vs. Paulo Costa,Yoel Romero,-116
2019-08-17,UFC 241: Cormier vs. Miocic 2,Yoel Romero vs. Paulo Costa,Paulo Costa,116
2018-12-01,UFC Fight Night: Dos Santos vs. Tuivasa,Yushin Okami vs. Aleksei Kunchenko,Yushin Okami,-133
2018-12-01,UFC Fight Night: Dos Santos vs. Tuivasa,Yushin Okami vs. Aleksei Kunchenko,Aleksei Kunchenko,133
2018-09-08,UFC 228: Woodley vs. Till,Zabit Magomedsharipov vs. Brandon Davis,Zabit Magomedsharipov,-262
2018-09-08,UFC 228: Woodley vs. Till,Zabit Magomedsharipov vs. Brandon Davis,Brandon Davis,262
2019-11-09,UFC Fight Night: Zabit vs. Kattar,Zabit Magomedsharipov vs. Calvin Kattar,Zabit Magomedsharipov,-353
2019-11-09,UFC Fight Night: Zabit vs. Kattar,Zabit Magomedsharipov vs. Calvin Kattar,Calvin Kattar,353
2018-04-07,UFC 223: Khabib vs. Iaquinta,Zabit Magomedsharipov vs. Kyle Bochniak,Zabit Magomedsharipov,-498
2018-04-07,UFC 223: Khabib vs. Iaquinta,Zabit Magomedsharipov vs. Kyle Bochniak,Kyle Bochniak,498
2018-05-19,UFC Fight Night: Maia vs. Usman,Zak Cummings vs. Michel Prazeres,Zak Cummings,-112
2018-05-19,UFC Fight Night: Maia vs. Usman,Zak Cummings vs. Michel Prazeres,Michel Prazeres,112
2019-05-18,UFC Fight Night: Dos Anjos vs. Lee,Zak Cummings vs. Trevin Giles,Zak Cummings,192
2019-05-18,UFC Fight Night: Dos Anjos vs. Lee,Zak Cummings vs. Trevin Giles,Trevin Giles,-192
2019-11-09,UFC Fight Night: Zabit vs. Kattar,Zelim Imadaev vs. Danny Roberts,Zelim Imadaev,-218
2019-11-09,UFC Fight Night: Zabit vs. Kattar,Zelim Imadaev vs. Danny Roberts,Danny Roberts,218
