DATE,EVENT,BOUT,FIGHTER,odds
2023-08-12,UFC Fight Night: Luque vs. Dos Anjos,AJ Dobson vs. Tafon Nchukwi,AJ Dobson,163
2023-08-12,UFC Fight Night: Luque vs. Dos Anjos,AJ Dobson vs. Tafon Nchukwi,Tafon Nchukwi,-163
2022-08-20,UFC 278: Usman vs. Edwards,AJ Fletcher vs. Ange Loosa,AJ Fletcher,-215
2022-08-20,UFC 278: Usman vs. Edwards,AJ Fletcher vs. Ange Loosa,Ange Loosa,215
2023-10-21,UFC 294: Makhachev vs. Volkanovski 2,Abu Azaitar vs. Sedriques Dumas,Abu Azaitar,303
2023-10-21,UFC 294: Makhachev vs. Volkanovski 2,Abu Azaitar vs. Sedriques Dumas,Sedriques Dumas,-303
2023-06-03,UFC Fight Night: Kara-France vs. Albazi,Abubakar Nurmagomedov vs. Elizeu Zaleski dos Santos,Abubakar Nurmagomedov,159
2023-06-03,UFC Fight Night: Kara-France vs. Albazi,Abubakar Nurmagomedov vs. Elizeu Zaleski dos Santos,Elizeu Zaleski dos Santos,-159
2022-10-22,UFC 280: Oliveira vs. Makhachev,Abubakar Nurmagomedov vs. Gadzhi Omargadzhiev,Abubakar Nurmagomedov,-163
2022-10-22,UFC 280: Oliveira vs. Makhachev,Abubakar Nurmagomedov vs. Gadzhi Omargadzhiev,Gadzhi Omargadzhiev,163
2024-05-18,UFC Fight Night: Barboza vs. Murphy,Abus Magomedov vs. Warlley Alves,Abus Magomedov,-159
2024-05-18,UFC Fight Night: Barboza vs. Murphy,Abus Magomedov vs. Warlley Alves,Warlley Alves,159
2024-05-18,UFC Fight Night: Barboza vs. Murphy,Adrian Yanez vs. Vinicius Salvador,Adrian Yanez,-159
2024-05-18,UFC Fight Night: Barboza vs. Murphy,Adrian Yanez vs. Vinicius Salvador,Vinicius Salvador,159
2023-06-10,UFC 289: Nunes vs. Aldana,Aiemann Zahabi vs. Aoriqileng,Aiemann Zahabi,150
2023-06-10,UFC 289: Nunes vs. Aldana,Aiemann Zahabi vs. Aoriqileng,Aoriqileng,-150
2024-03-02,UFC Fight Night: Rozenstruik vs. Gaziev,Aiemann Zahabi vs. Javid Basharat,Aiemann Zahabi,246
2024-03-02,UFC Fight Night: Rozenstruik vs. Gaziev,Aiemann Zahabi vs. Javid Basharat,Javid Basharat,-246
2022-07-09,UFC Fight Night: Dos Anjos vs. Fiziev,Aiemann Zahabi vs. Ricky Turcios,Aiemann Zahabi,234
2022-07-09,UFC Fight Night: Dos Anjos vs. Fiziev,Aiemann Zahabi vs. Ricky Turcios,Ricky Turcios,-234
2024-05-18,UFC Fight Night: Barboza vs. Murphy,Alatengheili vs. Kleydson Rodrigues,Alatengheili,163
2024-05-18,UFC Fight Night: Barboza vs. Murphy,Alatengheili vs. Kleydson Rodrigues,Kleydson Rodrigues,-163
2023-07-15,UFC Fight Night: Holm vs. Bueno Silva,Albert Duraev vs. JunYong Park,Albert Duraev,159
2023-07-15,UFC Fight Night: Holm vs. Bueno Silva,Albert Duraev vs. JunYong Park,JunYong Park,-159
2024-05-04,UFC 301: Pantoja vs. Erceg,Alessandro Costa vs. Kevin Borjas,Alessandro Costa,-121
2024-05-04,UFC 301: Pantoja vs. Erceg,Alessandro Costa vs. Kevin Borjas,Kevin Borjas,121
2022-09-03,UFC Fight Night: Gane vs. Tuivasa,Alessio Di Chirico vs. Roman Kopylov,Alessio Di Chirico,-150
2022-09-03,UFC Fight Night: Gane vs. Tuivasa,Alessio Di Chirico vs. Roman Kopylov,Roman Kopylov,150
2023-06-03,UFC Fight Night: Kara-France vs. Albazi,Alex Caceres vs. Daniel Pineda,Alex Caceres,-702
2023-06-03,UFC Fight Night: Kara-France vs. Albazi,Alex Caceres vs. Daniel Pineda,Daniel Pineda,702
2022-12-17,UFC Fight Night: Cannonier vs. Strickland,Alex Caceres vs. Julian Erosa,Alex Caceres,-375
2022-12-17,UFC Fight Night: Cannonier vs. Strickland,Alex Caceres vs. Julian Erosa,Julian Erosa,375
2024-05-11,UFC Fight Night: Lewis vs. Nascimento,Alex Caceres vs. Sean Woodson,Alex Caceres,-159
2024-05-11,UFC Fight Night: Lewis vs. Nascimento,Alex Caceres vs. Sean Woodson,Sean Woodson,159
2023-10-07,UFC Fight Night: Dawson vs. Green,Alex Morono vs. Joaquin Buckley,Alex Morono,150
2023-10-07,UFC Fight Night: Dawson vs. Green,Alex Morono vs. Joaquin Buckley,Joaquin Buckley,-150
2022-07-30,UFC 277: Pena vs. Nunes 2,Alex Morono vs. Matthew Semelsberger,Alex Morono,-106
2022-07-30,UFC 277: Pena vs. Nunes 2,Alex Morono vs. Matthew Semelsberger,Matthew Semelsberger,106
2023-04-08,UFC 287: Pereira vs. Adesanya 2,Alex Pereira vs. Israel Adesanya,Alex Pereira,177
2023-04-08,UFC 287: Pereira vs. Adesanya 2,Alex Pereira vs. Israel Adesanya,Israel Adesanya,-177
2024-04-13,UFC 300: Pereira vs. Hill,Alex Pereira vs. Jamahal Hill,Alex Pereira,-234
2024-04-13,UFC 300: Pereira vs. Hill,Alex Pereira vs. Jamahal Hill,Jamahal Hill,234
2024-06-29,UFC 303: Pereira vs. Prochazka 2,Alex Pereira vs. Jiri Prochazka,Alex Pereira,-234
2024-06-29,UFC 303: Pereira vs. Prochazka 2,Alex Pereira vs. Jiri Prochazka,Jiri Prochazka,234
2024-03-02,UFC Fight Night: Rozenstruik vs. Gaziev,Alex Perez vs. Muhammad Mokaev,Alex Perez,246
2024-03-02,UFC Fight Night: Rozenstruik vs. Gaziev,Alex Perez vs. Muhammad Mokaev,Muhammad Mokaev,-246
2024-06-15,UFC Fight Night: Perez vs. Taira,Alex Perez vs. Tatsuro Taira,Alex Perez,246
2024-06-15,UFC Fight Night: Perez vs. Taira,Alex Perez vs. Tatsuro Taira,Tatsuro Taira,-246
2023-10-07,UFC Fight Night: Dawson vs. Green,Alexander Hernandez vs. Bill Algeo,Alexander Hernandez,-124
2023-10-07,UFC Fight Night: Dawson vs. Green,Alexander Hernandez vs. Bill Algeo,Bill Algeo,124
2024-04-06,UFC Fight Night: Allen vs. Curtis 2,Alexander Hernandez vs. Damon Jackson,Alexander Hernandez,-131
2024-04-06,UFC Fight Night: Allen vs. Curtis 2,Alexander Hernandez vs. Damon Jackson,Damon Jackson,131
2023-07-15,UFC Fight Night: Holm vs. Bueno Silva,Alexander Munoz vs. Carl Deaton,Alexander Munoz,150
2023-07-15,UFC Fight Night: Holm vs. Bueno Silva,Alexander Munoz vs. Carl Deaton,Carl Deaton,-150
2024-02-17,UFC 298: Volkanovski vs. Topuria,Alexander Volkanovski vs. Ilia Topuria,Alexander Volkanovski,-163
2024-02-17,UFC 298: Volkanovski vs. Topuria,Alexander Volkanovski vs. Ilia Topuria,Ilia Topuria,163
2023-07-08,UFC 290: Volkanovski vs. Rodriguez,Alexander Volkanovski vs. Yair Rodriguez,Alexander Volkanovski,-702
2023-07-08,UFC 290: Volkanovski vs. Rodriguez,Alexander Volkanovski vs. Yair Rodriguez,Yair Rodriguez,702
2023-03-11,UFC Fight Night: Yan vs. Dvalishvili,Alexander Volkov vs. Alexandr Romanov,Alexander Volkov,-100
2023-03-11,UFC Fight Night: Yan vs. Dvalishvili,Alexander Volkov vs. Alexandr Romanov,Alexandr Romanov,-100
2023-07-01,UFC Fight Night: Strickland vs. Magomedov,Alexandr Romanov vs. Blagoy Ivanov,Alexandr Romanov,-323
2023-07-01,UFC Fight Night: Strickland vs. Magomedov,Alexandr Romanov vs. Blagoy Ivanov,Blagoy Ivanov,323
2022-07-30,UFC 277: Pena vs. Nunes 2,Alexandre Pantoja vs. Alex Perez,Alexandre Pantoja,150
2022-07-30,UFC 277: Pena vs. Nunes 2,Alexandre Pantoja vs. Alex Perez,Alex Perez,-150
2023-12-16,UFC 296: Edwards vs. Covington,Alexandre Pantoja vs. Brandon Royval,Alexandre Pantoja,150
2023-12-16,UFC 296: Edwards vs. Covington,Alexandre Pantoja vs. Brandon Royval,Brandon Royval,-150
2024-05-04,UFC 301: Pantoja vs. Erceg,Alexandre Pantoja vs. Steve Erceg,Alexandre Pantoja,150
2024-05-04,UFC 301: Pantoja vs. Erceg,Alexandre Pantoja vs. Steve Erceg,Steve Erceg,-150
2023-01-14,UFC Fight Night: Strickland vs. Imavov,Allan Nascimento vs. Carlos Hernandez,Allan Nascimento,-159
2023-01-14,UFC Fight Night: Strickland vs. Imavov,Allan Nascimento vs. Carlos Hernandez,Carlos Hernandez,159
2024-05-11,UFC Fight Night: Lewis vs. Nascimento,Alonzo Menifield vs. Carlos Ulberg,Alonzo Menifield,192
2024-05-11,UFC Fight Night: Lewis vs. Nascimento,Alonzo Menifield vs. Carlos Ulberg,Carlos Ulberg,-192
2023-12-16,UFC 296: Edwards vs. Covington,Alonzo Menifield vs. Dustin Jacoby,Alonzo Menifield,159
2023-12-16,UFC 296: Edwards vs. Covington,Alonzo Menifield vs. Dustin Jacoby,Dustin Jacoby,-159
2022-08-20,UFC 278: Usman vs. Edwards,Amir Albazi vs. Francisco Figueiredo,Amir Albazi,-150
2022-08-20,UFC 278: Usman vs. Edwards,Amir Albazi vs. Francisco Figueiredo,Francisco Figueiredo,150
2023-05-20,UFC Fight Night: Dern vs. Hill,Andre Fialho vs. Joaquin Buckley,Andre Fialho,246
2023-05-20,UFC Fight Night: Dern vs. Hill,Andre Fialho vs. Joaquin Buckley,Joaquin Buckley,-246
2022-11-19,UFC Fight Night: Nzechukwu vs. Cutelaba,Andre Fialho vs. Muslim Salikhov,Andre Fialho,150
2022-11-19,UFC Fight Night: Nzechukwu vs. Cutelaba,Andre Fialho vs. Muslim Salikhov,Muslim Salikhov,-150
2022-09-17,UFC Fight Night: Sandhagen vs. Song,Andre Fili vs. Bill Algeo,Andre Fili,163
2022-09-17,UFC Fight Night: Sandhagen vs. Song,Andre Fili vs. Bill Algeo,Bill Algeo,-163
2023-12-16,UFC 296: Edwards vs. Covington,Andre Fili vs. Lucas Almeida,Andre Fili,-131
2023-12-16,UFC 296: Edwards vs. Covington,Andre Fili vs. Lucas Almeida,Lucas Almeida,131
2023-02-25,UFC Fight Night: Muniz vs. Allen,Andre Muniz vs. Brendan Allen,Andre Muniz,150
2023-02-25,UFC Fight Night: Muniz vs. Allen,Andre Muniz vs. Brendan Allen,Brendan Allen,-150
2024-09-07,UFC Fight Night: Burns vs. Brady,Andre Petroski vs. Dylan Budka,Andre Petroski,-131
2024-09-07,UFC Fight Night: Burns vs. Brady,Andre Petroski vs. Dylan Budka,Dylan Budka,131
2023-08-19,UFC 292: Sterling vs. O'Malley,Andre Petroski vs. Gerald Meerschaert,Andre Petroski,-183
2023-08-19,UFC 292: Sterling vs. O'Malley,Andre Petroski vs. Gerald Meerschaert,Gerald Meerschaert,183
2024-03-30,UFC Fight Night: Blanchfield vs. Fiorot,Andre Petroski vs. Jacob Malkoun,Andre Petroski,163
2024-03-30,UFC Fight Night: Blanchfield vs. Fiorot,Andre Petroski vs. Jacob Malkoun,Jacob Malkoun,-163
2023-10-14,UFC Fight Night: Yusuff vs. Barboza,Andre Petroski vs. Michel Pereira,Andre Petroski,-100
2023-10-14,UFC Fight Night: Yusuff vs. Barboza,Andre Petroski vs. Michel Pereira,Michel Pereira,-100
2022-11-12,UFC 281: Adesanya vs. Pereira,Andre Petroski vs. Wellington Turman,Andre Petroski,-234
2022-11-12,UFC 281: Adesanya vs. Pereira,Andre Petroski vs. Wellington Turman,Wellington Turman,234
2023-06-03,UFC Fight Night: Kara-France vs. Albazi,Andrei Arlovski vs. Don'Tale Mayes,Andrei Arlovski,163
2023-06-03,UFC Fight Night: Kara-France vs. Albazi,Andrei Arlovski vs. Don'Tale Mayes,Don'Tale Mayes,-163
2022-10-29,UFC Fight Night: Kattar vs. Allen,Andrei Arlovski vs. Marcos Rogerio de Lima,Andrei Arlovski,246
2022-10-29,UFC Fight Night: Kattar vs. Allen,Andrei Arlovski vs. Marcos Rogerio de Lima,Marcos Rogerio de Lima,-246
2024-06-29,UFC 303: Pereira vs. Prochazka 2,Andrei Arlovski vs. Martin Buday,Andrei Arlovski,246
2024-06-29,UFC 303: Pereira vs. Prochazka 2,Andrei Arlovski vs. Martin Buday,Martin Buday,-246
2024-01-13,UFC Fight Night: Ankalaev vs. Walker 2,Andrei Arlovski vs. Waldo Cortes-Acosta,Andrei Arlovski,438
2024-01-13,UFC Fight Night: Ankalaev vs. Walker 2,Andrei Arlovski vs. Waldo Cortes-Acosta,Waldo Cortes-Acosta,-438
2023-09-02,UFC Fight Night: Gane vs. Spivac,Ange Loosa vs. Rhys McKee,Ange Loosa,-115
2023-09-02,UFC Fight Night: Gane vs. Spivac,Ange Loosa vs. Rhys McKee,Rhys McKee,115
2022-09-17,UFC Fight Night: Sandhagen vs. Song,Anthony Hernandez vs. Marc-Andre Barriault,Anthony Hernandez,-234
2022-09-17,UFC Fight Night: Sandhagen vs. Song,Anthony Hernandez vs. Marc-Andre Barriault,Marc-Andre Barriault,234
2024-02-17,UFC 298: Volkanovski vs. Topuria,Anthony Hernandez vs. Roman Kopylov,Anthony Hernandez,-168
2024-02-17,UFC 298: Volkanovski vs. Topuria,Anthony Hernandez vs. Roman Kopylov,Roman Kopylov,168
2023-05-13,UFC Fight Night: Rozenstruik vs. Almeida,Anthony Smith vs. Johnny Walker,Anthony Smith,246
2023-05-13,UFC Fight Night: Rozenstruik vs. Almeida,Anthony Smith vs. Johnny Walker,Johnny Walker,-246
2023-12-09,UFC Fight Night: Song vs. Gutierrez,Anthony Smith vs. Khalil Rountree Jr.,Anthony Smith,-163
2023-12-09,UFC Fight Night: Song vs. Gutierrez,Anthony Smith vs. Khalil Rountree Jr.,Khalil Rountree Jr.,163
2024-06-29,UFC 303: Pereira vs. Prochazka 2,Anthony Smith vs. Roman Dolidze,Anthony Smith,-106
2024-06-29,UFC 303: Pereira vs. Prochazka 2,Anthony Smith vs. Roman Dolidze,Roman Dolidze,106
2023-08-26,UFC Fight Night: Holloway vs. The Korean Zombie,Anthony Smith vs. Ryan Spann,Anthony Smith,159
2023-08-26,UFC Fight Night: Holloway vs. The Korean Zombie,Anthony Smith vs. Ryan Spann,Ryan Spann,-159
2024-05-04,UFC 301: Pantoja vs. Erceg,Anthony Smith vs. Vitor Petrino,Anthony Smith,177
2024-05-04,UFC 301: Pantoja vs. Erceg,Anthony Smith vs. Vitor Petrino,Vitor Petrino,-177
2022-08-20,UFC 278: Usman vs. Edwards,Aoriqileng vs. Jay Perrin,Aoriqileng,-163
2022-08-20,UFC 278: Usman vs. Edwards,Aoriqileng vs. Jay Perrin,Jay Perrin,163
2023-10-07,UFC Fight Night: Dawson vs. Green,Aoriqileng vs. Johnny Munoz,Aoriqileng,163
2023-10-07,UFC Fight Night: Dawson vs. Green,Aoriqileng vs. Johnny Munoz,Johnny Munoz,-163
2022-12-17,UFC Fight Night: Cannonier vs. Strickland,Arman Tsarukyan vs. Damir Ismagulov,Arman Tsarukyan,-183
2022-12-17,UFC Fight Night: Cannonier vs. Strickland,Arman Tsarukyan vs. Damir Ismagulov,Damir Ismagulov,183
2023-06-17,UFC Fight Night: Vettori vs. Cannonier,Arman Tsarukyan vs. Joaquim Silva,Arman Tsarukyan,-833
2023-06-17,UFC Fight Night: Vettori vs. Cannonier,Arman Tsarukyan vs. Joaquim Silva,Joaquim Silva,833
2022-10-22,UFC 280: Oliveira vs. Makhachev,Armen Petrosyan vs. AJ Dobson,Armen Petrosyan,-159
2022-10-22,UFC 280: Oliveira vs. Makhachev,Armen Petrosyan vs. AJ Dobson,AJ Dobson,159
2023-06-17,UFC Fight Night: Vettori vs. Cannonier,Armen Petrosyan vs. Christian Leroy Duncan,Armen Petrosyan,-124
2023-06-17,UFC Fight Night: Vettori vs. Cannonier,Armen Petrosyan vs. Christian Leroy Duncan,Christian Leroy Duncan,124
2024-07-27,UFC 304: Edwards vs. Muhammad 2,Arnold Allen vs. Giga Chikadze,Arnold Allen,-150
2024-07-27,UFC 304: Edwards vs. Muhammad 2,Arnold Allen vs. Giga Chikadze,Giga Chikadze,150
2024-01-20,UFC 297: Strickland vs. Du Plessis,Arnold Allen vs. Movsar Evloev,Arnold Allen,150
2024-01-20,UFC 297: Strickland vs. Du Plessis,Arnold Allen vs. Movsar Evloev,Movsar Evloev,-150
2024-06-15,UFC Fight Night: Perez vs. Taira,Asu Almabayev vs. Jose Johnson,Asu Almabayev,-159
2024-06-15,UFC Fight Night: Perez vs. Taira,Asu Almabayev vs. Jose Johnson,Jose Johnson,159
2023-02-25,UFC Fight Night: Muniz vs. Allen,Augusto Sakai vs. Don'Tale Mayes,Augusto Sakai,-100
2023-02-25,UFC Fight Night: Muniz vs. Allen,Augusto Sakai vs. Don'Tale Mayes,Don'Tale Mayes,-100
2022-08-06,UFC Fight Night: Santos vs. Hill,Augusto Sakai vs. Serghei Spivac,Augusto Sakai,246
2022-08-06,UFC Fight Night: Santos vs. Hill,Augusto Sakai vs. Serghei Spivac,Serghei Spivac,-246
2024-04-27,UFC Fight Night: Nicolau vs. Perez,Austin Hubbard vs. Michal Figlak,Austin Hubbard,-100
2024-04-27,UFC Fight Night: Nicolau vs. Perez,Austin Hubbard vs. Michal Figlak,Michal Figlak,-100
2023-07-15,UFC Fight Night: Holm vs. Bueno Silva,Austin Lingo vs. Melquizael Costa,Austin Lingo,-100
2023-07-15,UFC Fight Night: Holm vs. Bueno Silva,Austin Lingo vs. Melquizael Costa,Melquizael Costa,-100
2024-08-03,UFC Fight Night: Sandhagen vs. Nurmagomedov,Azamat Murzakanov vs. Alonzo Menifield,Azamat Murzakanov,118
2024-08-03,UFC Fight Night: Sandhagen vs. Nurmagomedov,Azamat Murzakanov vs. Alonzo Menifield,Alonzo Menifield,-118
2024-02-03,UFC Fight Night: Dolidze vs. Imavov,Azat Maksum vs. Charles Johnson,Azat Maksum,121
2024-02-03,UFC Fight Night: Dolidze vs. Imavov,Azat Maksum vs. Charles Johnson,Charles Johnson,-121
2023-05-06,UFC 288: Sterling vs. Cejudo,Belal Muhammad vs. Gilbert Burns,Belal Muhammad,-100
2023-05-06,UFC 288: Sterling vs. Cejudo,Belal Muhammad vs. Gilbert Burns,Gilbert Burns,-100
2022-10-22,UFC 280: Oliveira vs. Makhachev,Belal Muhammad vs. Sean Brady,Belal Muhammad,150
2022-10-22,UFC 280: Oliveira vs. Makhachev,Belal Muhammad vs. Sean Brady,Sean Brady,-150
2023-12-02,UFC Fight Night: Dariush vs. Tsarukyan,Beneil Dariush vs. Arman Tsarukyan,Beneil Dariush,-100
2023-12-02,UFC Fight Night: Dariush vs. Tsarukyan,Beneil Dariush vs. Arman Tsarukyan,Arman Tsarukyan,-100
2022-10-22,UFC 280: Oliveira vs. Makhachev,Beneil Dariush vs. Mateusz Gamrot,Beneil Dariush,-163
2022-10-22,UFC 280: Oliveira vs. Makhachev,Beneil Dariush vs. Mateusz Gamrot,Mateusz Gamrot,163
2023-09-02,UFC Fight Night: Gane vs. Spivac,Benoit Saint Denis vs. Thiago Moises,Benoit Saint Denis,-121
2023-09-02,UFC Fight Night: Gane vs. Spivac,Benoit Saint Denis vs. Thiago Moises,Thiago Moises,121
2022-07-16,UFC Fight Night: Ortega vs. Rodriguez,Bill Algeo vs. Herbert Burns,Bill Algeo,-159
2022-07-16,UFC Fight Night: Ortega vs. Rodriguez,Bill Algeo vs. Herbert Burns,Herbert Burns,159
2024-03-30,UFC Fight Night: Blanchfield vs. Fiorot,Bill Algeo vs. Kyle Nelson,Bill Algeo,-177
2024-03-30,UFC Fight Night: Blanchfield vs. Fiorot,Bill Algeo vs. Kyle Nelson,Kyle Nelson,177
2023-04-15,UFC Fight Night: Holloway vs. Allen,Bill Algeo vs. TJ Brown,Bill Algeo,-125
2023-04-15,UFC Fight Night: Holloway vs. Allen,Bill Algeo vs. TJ Brown,TJ Brown,125
2022-12-10,UFC 282: Blachowicz vs. Ankalaev,Billy Quarantillo vs. Alexander Hernandez,Billy Quarantillo,246
2022-12-10,UFC 282: Blachowicz vs. Ankalaev,Billy Quarantillo vs. Alexander Hernandez,Alexander Hernandez,-246
2023-08-05,UFC Fight Night: Sandhagen vs. Font,Billy Quarantillo vs. Damon Jackson,Billy Quarantillo,163
2023-08-05,UFC Fight Night: Sandhagen vs. Font,Billy Quarantillo vs. Damon Jackson,Damon Jackson,-163
2024-03-23,UFC Fight Night: Ribas vs. Namajunas,Billy Quarantillo vs. Youssef Zalal,Billy Quarantillo,234
2024-03-23,UFC Fight Night: Ribas vs. Namajunas,Billy Quarantillo vs. Youssef Zalal,Youssef Zalal,-234
2024-05-11,UFC Fight Night: Lewis vs. Nascimento,Billy Ray Goff vs. Trey Waters,Billy Ray Goff,-121
2024-05-11,UFC Fight Night: Lewis vs. Nascimento,Billy Ray Goff vs. Trey Waters,Trey Waters,121
2024-04-13,UFC 300: Pereira vs. Hill,Bo Nickal vs. Cody Brundage,Bo Nickal,-438
2024-04-13,UFC 300: Pereira vs. Hill,Bo Nickal vs. Cody Brundage,Cody Brundage,438
2023-08-19,UFC 292: Sterling vs. O'Malley,Brad Katona vs. Cody Gibson,Brad Katona,-131
2023-08-19,UFC 292: Sterling vs. O'Malley,Brad Katona vs. Cody Gibson,Cody Gibson,131
2024-01-20,UFC 297: Strickland vs. Du Plessis,Brad Katona vs. Garrett Armfield,Brad Katona,163
2024-01-20,UFC 297: Strickland vs. Du Plessis,Brad Katona vs. Garrett Armfield,Garrett Armfield,-163
2024-06-08,UFC Fight Night: Cannonier vs. Imavov,Brad Katona vs. Jesse Butler,Brad Katona,124
2024-06-08,UFC Fight Night: Cannonier vs. Imavov,Brad Katona vs. Jesse Butler,Jesse Butler,-124
2022-11-12,UFC 281: Adesanya vs. Pereira,Brad Riddell vs. Renato Moicano,Brad Riddell,-150
2022-11-12,UFC 281: Adesanya vs. Pereira,Brad Riddell vs. Renato Moicano,Renato Moicano,150
2023-04-22,UFC Fight Night: Pavlovich vs. Blaydes,Brad Tavares vs. Bruno Silva,Brad Tavares,-197
2023-04-22,UFC Fight Night: Pavlovich vs. Blaydes,Brad Tavares vs. Bruno Silva,Bruno Silva,197
2024-02-10,UFC Fight Night: Hermansson vs. Pyfer,Brad Tavares vs. Gregory Rodrigues,Brad Tavares,159
2024-02-10,UFC Fight Night: Hermansson vs. Pyfer,Brad Tavares vs. Gregory Rodrigues,Gregory Rodrigues,-159
2023-04-22,UFC Fight Night: Pavlovich vs. Blaydes,Brady Hiestand vs. Batgerel Danaa,Brady Hiestand,-159
2023-04-22,UFC Fight Night: Pavlovich vs. Blaydes,Brady Hiestand vs. Batgerel Danaa,Batgerel Danaa,159
2022-11-19,UFC Fight Night: Nzechukwu vs. Cutelaba,Brady Hiestand vs. Fernie Garcia,Brady Hiestand,-163
2022-11-19,UFC Fight Night: Nzechukwu vs. Cutelaba,Brady Hiestand vs. Fernie Garcia,Fernie Garcia,163
2024-06-15,UFC Fight Night: Perez vs. Taira,Brady Hiestand vs. Garrett Armfield,Brady Hiestand,-150
2024-06-15,UFC Fight Night: Perez vs. Taira,Brady Hiestand vs. Garrett Armfield,Garrett Armfield,150
2023-07-08,UFC 290: Volkanovski vs. Rodriguez,Brandon Moreno vs. Alexandre Pantoja,Brandon Moreno,-246
2023-07-08,UFC 290: Volkanovski vs. Rodriguez,Brandon Moreno vs. Alexandre Pantoja,Alexandre Pantoja,246
2024-02-24,UFC Fight Night: Moreno vs. Royval 2,Brandon Moreno vs. Brandon Royval,Brandon Moreno,-246
2024-02-24,UFC Fight Night: Moreno vs. Royval 2,Brandon Moreno vs. Brandon Royval,Brandon Royval,246
2022-07-30,UFC 277: Pena vs. Nunes 2,Brandon Moreno vs. Kai Kara-France,Brandon Moreno,-159
2022-07-30,UFC 277: Pena vs. Nunes 2,Brandon Moreno vs. Kai Kara-France,Kai Kara-France,159
2023-04-15,UFC Fight Night: Holloway vs. Allen,Brandon Royval vs. Matheus Nicolau,Brandon Royval,-100
2023-04-15,UFC Fight Night: Holloway vs. Allen,Brandon Royval vs. Matheus Nicolau,Matheus Nicolau,-100
2023-06-24,UFC Fight Night: Emmett vs. Topuria,Brendan Allen vs. Bruno Silva,Brendan Allen,-601
2023-06-24,UFC Fight Night: Emmett vs. Topuria,Brendan Allen vs. Bruno Silva,Bruno Silva,601
2024-04-06,UFC Fight Night: Allen vs. Curtis 2,Brendan Allen vs. Chris Curtis,Brendan Allen,-702
2024-04-06,UFC Fight Night: Allen vs. Curtis 2,Brendan Allen vs. Chris Curtis,Chris Curtis,702
2023-11-18,UFC Fight Night: Allen vs. Craig,Brendan Allen vs. Paul Craig,Brendan Allen,-246
2023-11-18,UFC Fight Night: Allen vs. Craig,Brendan Allen vs. Paul Craig,Paul Craig,246
2024-07-20,UFC Fight Night: Lemos vs. Jandiroba,Brian Kelleher vs. Cody Gibson,Brian Kelleher,177
2024-07-20,UFC Fight Night: Lemos vs. Jandiroba,Brian Kelleher vs. Cody Gibson,Cody Gibson,-177
2024-06-08,UFC Fight Night: Cannonier vs. Imavov,Brunno Ferreira vs. Dustin Stoltzfus,Brunno Ferreira,-159
2024-06-08,UFC Fight Night: Cannonier vs. Imavov,Brunno Ferreira vs. Dustin Stoltzfus,Dustin Stoltzfus,159
2022-08-13,UFC Fight Night: Vera vs. Cruz,Bruno Silva vs. Gerald Meerschaert,Bruno Silva,188
2022-08-13,UFC Fight Night: Vera vs. Cruz,Bruno Silva vs. Gerald Meerschaert,Gerald Meerschaert,-188
2022-12-03,UFC Fight Night: Thompson vs. Holland,Bryan Barberena vs. Rafael Dos Anjos,Bryan Barberena,131
2022-12-03,UFC Fight Night: Thompson vs. Holland,Bryan Barberena vs. Rafael Dos Anjos,Rafael Dos Anjos,-131
2023-09-23,UFC Fight Night: Fiziev vs. Gamrot,Bryan Battle vs. AJ Fletcher,Bryan Battle,-163
2023-09-23,UFC Fight Night: Fiziev vs. Gamrot,Bryan Battle vs. AJ Fletcher,AJ Fletcher,163
2023-05-13,UFC Fight Night: Rozenstruik vs. Almeida,Bryan Battle vs. Gabe Green,Bryan Battle,-234
2023-05-13,UFC Fight Night: Rozenstruik vs. Almeida,Bryan Battle vs. Gabe Green,Gabe Green,234
2022-12-17,UFC Fight Night: Cannonier vs. Strickland,Bryan Battle vs. Rinat Fakhretdinov,Bryan Battle,-124
2022-12-17,UFC Fight Night: Cannonier vs. Strickland,Bryan Battle vs. Rinat Fakhretdinov,Rinat Fakhretdinov,124
2022-08-06,UFC Fight Night: Santos vs. Hill,Bryan Battle vs. Takashi Sato,Bryan Battle,-438
2022-08-06,UFC Fight Night: Santos vs. Hill,Bryan Battle vs. Takashi Sato,Takashi Sato,438
2023-09-23,UFC Fight Night: Fiziev vs. Gamrot,Bryce Mitchell vs. Dan Ige,Bryce Mitchell,-150
2023-09-23,UFC Fight Night: Fiziev vs. Gamrot,Bryce Mitchell vs. Dan Ige,Dan Ige,150
2022-12-10,UFC 282: Blachowicz vs. Ankalaev,Bryce Mitchell vs. Ilia Topuria,Bryce Mitchell,-124
2022-12-10,UFC 282: Blachowicz vs. Ankalaev,Bryce Mitchell vs. Ilia Topuria,Ilia Topuria,124
2024-03-09,UFC 299: O'Malley vs. Vera 2,CJ Vergara vs. Asu Almabayev,CJ Vergara,246
2024-03-09,UFC 299: O'Malley vs. Vera 2,CJ Vergara vs. Asu Almabayev,Asu Almabayev,-246
2023-03-25,UFC Fight Night: Vera vs. Sandhagen,CJ Vergara vs. Daniel Lacerda,CJ Vergara,-121
2023-03-25,UFC Fight Night: Vera vs. Sandhagen,CJ Vergara vs. Daniel Lacerda,Daniel Lacerda,121
2023-07-29,UFC 291: Poirier vs. Gaethje 2,CJ Vergara vs. Vinicius Salvador,CJ Vergara,159
2023-07-29,UFC 291: Poirier vs. Gaethje 2,CJ Vergara vs. Vinicius Salvador,Vinicius Salvador,-159
2023-11-04,UFC Fight Night: Almeida vs. Lewis,Caio Borralho vs. Abus Magomedov,Caio Borralho,-234
2023-11-04,UFC Fight Night: Almeida vs. Lewis,Caio Borralho vs. Abus Magomedov,Abus Magomedov,234
2022-07-09,UFC Fight Night: Dos Anjos vs. Fiziev,Caio Borralho vs. Armen Petrosyan,Caio Borralho,-192
2022-07-09,UFC Fight Night: Dos Anjos vs. Fiziev,Caio Borralho vs. Armen Petrosyan,Armen Petrosyan,192
2023-04-29,UFC Fight Night: Song vs. Simon,Caio Borralho vs. Michal Oleksiejczuk,Caio Borralho,-100
2023-04-29,UFC Fight Night: Song vs. Simon,Caio Borralho vs. Michal Oleksiejczuk,Michal Oleksiejczuk,-100
2022-10-29,UFC Fight Night: Kattar vs. Allen,Calvin Kattar vs. Arnold Allen,Calvin Kattar,234
2022-10-29,UFC Fight Night: Kattar vs. Allen,Calvin Kattar vs. Arnold Allen,Arnold Allen,-234
2022-11-05,UFC Fight Night: Rodriguez vs. Lemos,Carlos Candelario vs. Jake Hadley,Carlos Candelario,192
2022-11-05,UFC Fight Night: Rodriguez vs. Lemos,Carlos Candelario vs. Jake Hadley,Jake Hadley,-192
2023-06-17,UFC Fight Night: Vettori vs. Cannonier,Carlos Hernandez vs. Denys Bondar,Carlos Hernandez,702
2023-06-17,UFC Fight Night: Vettori vs. Cannonier,Carlos Hernandez vs. Denys Bondar,Denys Bondar,-702
2023-09-09,UFC 293: Adesanya vs. Strickland,Carlos Ulberg vs. Da Woon Jung,Carlos Ulberg,-159
2023-09-09,UFC 293: Adesanya vs. Strickland,Carlos Ulberg vs. Da Woon Jung,Da Woon Jung,159
2023-05-13,UFC Fight Night: Rozenstruik vs. Almeida,Carlos Ulberg vs. Ihor Potieria,Carlos Ulberg,-168
2023-05-13,UFC Fight Night: Rozenstruik vs. Almeida,Carlos Ulberg vs. Ihor Potieria,Ihor Potieria,168
2022-11-12,UFC 281: Adesanya vs. Pereira,Carlos Ulberg vs. Nicolae Negumereanu,Carlos Ulberg,-163
2022-11-12,UFC 281: Adesanya vs. Pereira,Carlos Ulberg vs. Nicolae Negumereanu,Nicolae Negumereanu,163
2023-03-11,UFC Fight Night: Yan vs. Dvalishvili,Carlston Harris vs. Jared Gooden,Carlston Harris,-143
2023-03-11,UFC Fight Night: Yan vs. Dvalishvili,Carlston Harris vs. Jared Gooden,Jared Gooden,143
2024-06-01,UFC 302: Makhachev vs. Poirier,Cesar Almeida vs. Roman Kopylov,Cesar Almeida,-100
2024-06-01,UFC 302: Makhachev vs. Poirier,Cesar Almeida vs. Roman Kopylov,Roman Kopylov,-100
2022-09-10,UFC 279: Diaz vs. Ferguson,Chad Anheliger vs. Alatengheili,Chad Anheliger,163
2022-09-10,UFC 279: Diaz vs. Ferguson,Chad Anheliger vs. Alatengheili,Alatengheili,-163
2023-11-18,UFC Fight Night: Allen vs. Craig,Chad Anheliger vs. Jose Johnson,Chad Anheliger,150
2023-11-18,UFC Fight Night: Allen vs. Craig,Chad Anheliger vs. Jose Johnson,Jose Johnson,-150
2024-05-11,UFC Fight Night: Lewis vs. Nascimento,Charles Johnson vs. Jake Hadley,Charles Johnson,-124
2024-05-11,UFC Fight Night: Lewis vs. Nascimento,Charles Johnson vs. Jake Hadley,Jake Hadley,124
2023-01-14,UFC Fight Night: Strickland vs. Imavov,Charles Johnson vs. Jimmy Flick,Charles Johnson,-159
2023-01-14,UFC Fight Night: Strickland vs. Imavov,Charles Johnson vs. Jimmy Flick,Jimmy Flick,159
2022-11-19,UFC Fight Night: Nzechukwu vs. Cutelaba,Charles Johnson vs. Zhalgas Zhumagulov,Charles Johnson,-177
2022-11-19,UFC Fight Night: Nzechukwu vs. Cutelaba,Charles Johnson vs. Zhalgas Zhumagulov,Zhalgas Zhumagulov,177
2024-06-29,UFC 303: Pereira vs. Prochazka 2,Charles Jourdain vs. Jean Silva,Charles Jourdain,234
2024-06-29,UFC 303: Pereira vs. Prochazka 2,Charles Jourdain vs. Jean Silva,Jean Silva,-234
2022-09-03,UFC Fight Night: Gane vs. Tuivasa,Charles Jourdain vs. Nathaniel Wood,Charles Jourdain,121
2022-09-03,UFC Fight Night: Gane vs. Tuivasa,Charles Jourdain vs. Nathaniel Wood,Nathaniel Wood,-121
2024-01-20,UFC 297: Strickland vs. Du Plessis,Charles Jourdain vs. Sean Woodson,Charles Jourdain,-121
2024-01-20,UFC 297: Strickland vs. Du Plessis,Charles Jourdain vs. Sean Woodson,Sean Woodson,121
2024-04-13,UFC 300: Pereira vs. Hill,Charles Oliveira vs. Arman Tsarukyan,Charles Oliveira,-150
2024-04-13,UFC 300: Pereira vs. Hill,Charles Oliveira vs. Arman Tsarukyan,Arman Tsarukyan,150
2023-06-10,UFC 289: Nunes vs. Aldana,Charles Oliveira vs. Beneil Dariush,Charles Oliveira,150
2023-06-10,UFC 289: Nunes vs. Aldana,Charles Oliveira vs. Beneil Dariush,Beneil Dariush,-150
2022-10-22,UFC 280: Oliveira vs. Makhachev,Charles Oliveira vs. Islam Makhachev,Charles Oliveira,163
2022-10-22,UFC 280: Oliveira vs. Makhachev,Charles Oliveira vs. Islam Makhachev,Islam Makhachev,-163
2024-06-08,UFC Fight Night: Cannonier vs. Imavov,Charles Radtke vs. Carlos Prates,Charles Radtke,-163
2024-06-08,UFC Fight Night: Cannonier vs. Imavov,Charles Radtke vs. Carlos Prates,Carlos Prates,163
2023-11-18,UFC Fight Night: Allen vs. Craig,Chase Hooper vs. Jordan Leavitt,Chase Hooper,124
2023-11-18,UFC Fight Night: Allen vs. Craig,Chase Hooper vs. Jordan Leavitt,Jordan Leavitt,-124
2023-05-20,UFC Fight Night: Dern vs. Hill,Chase Hooper vs. Nick Fiore,Chase Hooper,-150
2023-05-20,UFC Fight Night: Dern vs. Hill,Chase Hooper vs. Nick Fiore,Nick Fiore,150
2022-10-29,UFC Fight Night: Kattar vs. Allen,Chase Hooper vs. Steve Garcia,Chase Hooper,-163
2022-10-29,UFC Fight Night: Kattar vs. Allen,Chase Hooper vs. Steve Garcia,Steve Garcia,163
2024-05-11,UFC Fight Night: Lewis vs. Nascimento,Chase Hooper vs. Viacheslav Borshchev,Chase Hooper,-163
2024-05-11,UFC Fight Night: Lewis vs. Nascimento,Chase Hooper vs. Viacheslav Borshchev,Viacheslav Borshchev,163
2022-11-19,UFC Fight Night: Nzechukwu vs. Cutelaba,Chase Sherman vs. Waldo Cortes-Acosta,Chase Sherman,288
2022-11-19,UFC Fight Night: Nzechukwu vs. Cutelaba,Chase Sherman vs. Waldo Cortes-Acosta,Waldo Cortes-Acosta,-288
2023-03-25,UFC Fight Night: Vera vs. Sandhagen,Chidi Njokuani vs. Albert Duraev,Chidi Njokuani,121
2023-03-25,UFC Fight Night: Vera vs. Sandhagen,Chidi Njokuani vs. Albert Duraev,Albert Duraev,-121
2022-09-17,UFC Fight Night: Sandhagen vs. Song,Chidi Njokuani vs. Gregory Rodrigues,Chidi Njokuani,168
2022-09-17,UFC Fight Night: Sandhagen vs. Song,Chidi Njokuani vs. Gregory Rodrigues,Gregory Rodrigues,-168
2023-08-26,UFC Fight Night: Holloway vs. The Korean Zombie,Chidi Njokuani vs. Michal Oleksiejczuk,Chidi Njokuani,121
2023-08-26,UFC Fight Night: Holloway vs. The Korean Zombie,Chidi Njokuani vs. Michal Oleksiejczuk,Michal Oleksiejczuk,-121
2024-03-30,UFC Fight Night: Blanchfield vs. Fiorot,Chidi Njokuani vs. Rhys McKee,Chidi Njokuani,-150
2024-03-30,UFC Fight Night: Blanchfield vs. Fiorot,Chidi Njokuani vs. Rhys McKee,Rhys McKee,150
2022-12-10,UFC 282: Blachowicz vs. Ankalaev,Chris Curtis vs. Joaquin Buckley,Chris Curtis,210
2022-12-10,UFC 282: Blachowicz vs. Ankalaev,Chris Curtis vs. Joaquin Buckley,Joaquin Buckley,-210
2023-04-08,UFC 287: Pereira vs. Adesanya 2,Chris Curtis vs. Kelvin Gastelum,Chris Curtis,234
2023-04-08,UFC 287: Pereira vs. Adesanya 2,Chris Curtis vs. Kelvin Gastelum,Kelvin Gastelum,-234
2024-01-20,UFC 297: Strickland vs. Du Plessis,Chris Curtis vs. Marc-Andre Barriault,Chris Curtis,115
2024-01-20,UFC 297: Strickland vs. Du Plessis,Chris Curtis vs. Marc-Andre Barriault,Marc-Andre Barriault,-115
2023-07-22,UFC Fight Night: Aspinall vs. Tybura,Chris Duncan vs. Yanal Ashmouz,Chris Duncan,702
2023-07-22,UFC Fight Night: Aspinall vs. Tybura,Chris Duncan vs. Yanal Ashmouz,Yanal Ashmouz,-702
2023-10-14,UFC Fight Night: Yusuff vs. Barboza,Chris Gutierrez vs. Alatengheili,Chris Gutierrez,-303
2023-10-14,UFC Fight Night: Yusuff vs. Barboza,Chris Gutierrez vs. Alatengheili,Alatengheili,303
2024-03-02,UFC Fight Night: Rozenstruik vs. Gaziev,Christian Leroy Duncan vs. Claudio Ribeiro,Christian Leroy Duncan,-159
2024-03-02,UFC Fight Night: Rozenstruik vs. Gaziev,Christian Leroy Duncan vs. Claudio Ribeiro,Claudio Ribeiro,159
2023-11-18,UFC Fight Night: Allen vs. Craig,Christian Leroy Duncan vs. Denis Tiuliulin,Christian Leroy Duncan,-234
2023-11-18,UFC Fight Night: Allen vs. Craig,Christian Leroy Duncan vs. Denis Tiuliulin,Denis Tiuliulin,234
2024-07-27,UFC 304: Edwards vs. Muhammad 2,Christian Leroy Duncan vs. Gregory Rodrigues,Christian Leroy Duncan,-100
2024-07-27,UFC 304: Edwards vs. Muhammad 2,Christian Leroy Duncan vs. Gregory Rodrigues,Gregory Rodrigues,-100
2023-10-14,UFC Fight Night: Yusuff vs. Barboza,Christian Rodriguez vs. Cameron Saaiman,Christian Rodriguez,131
2023-10-14,UFC Fight Night: Yusuff vs. Barboza,Christian Rodriguez vs. Cameron Saaiman,Cameron Saaiman,-131
2024-03-16,UFC Fight Night: Tuivasa vs. Tybura,Christian Rodriguez vs. Isaac Dulgarian,Christian Rodriguez,118
2024-03-16,UFC Fight Night: Tuivasa vs. Tybura,Christian Rodriguez vs. Isaac Dulgarian,Isaac Dulgarian,-118
2023-09-02,UFC Fight Night: Gane vs. Spivac,Ciryl Gane vs. Serghei Spivac,Ciryl Gane,-234
2023-09-02,UFC Fight Night: Gane vs. Spivac,Ciryl Gane vs. Serghei Spivac,Serghei Spivac,234
2022-09-03,UFC Fight Night: Gane vs. Tuivasa,Ciryl Gane vs. Tai Tuivasa,Ciryl Gane,-303
2022-09-03,UFC Fight Night: Gane vs. Tuivasa,Ciryl Gane vs. Tai Tuivasa,Tai Tuivasa,303
2024-02-24,UFC Fight Night: Moreno vs. Royval 2,Claudio Puelles vs. Fares Ziam,Claudio Puelles,177
2024-02-24,UFC Fight Night: Moreno vs. Royval 2,Claudio Puelles vs. Fares Ziam,Fares Ziam,-177
2022-07-23,UFC Fight Night: Blaydes vs. Aspinall,Claudio Silva vs. Nicolas Dalby,Claudio Silva,-100
2022-07-23,UFC Fight Night: Blaydes vs. Aspinall,Claudio Silva vs. Nicolas Dalby,Nicolas Dalby,-100
2023-12-02,UFC Fight Night: Dariush vs. Tsarukyan,Clay Guida vs. Joaquim Silva,Clay Guida,-150
2023-12-02,UFC Fight Night: Dariush vs. Tsarukyan,Clay Guida vs. Joaquim Silva,Joaquim Silva,150
2023-04-15,UFC Fight Night: Holloway vs. Allen,Clay Guida vs. Rafa Garcia,Clay Guida,246
2023-04-15,UFC Fight Night: Holloway vs. Allen,Clay Guida vs. Rafa Garcia,Rafa Garcia,-246
2022-12-03,UFC Fight Night: Thompson vs. Holland,Clay Guida vs. Scott Holtzman,Clay Guida,183
2022-12-03,UFC Fight Night: Thompson vs. Holland,Clay Guida vs. Scott Holtzman,Scott Holtzman,-183
2022-12-17,UFC Fight Night: Cannonier vs. Strickland,Cody Brundage vs. Michal Oleksiejczuk,Cody Brundage,-150
2022-12-17,UFC Fight Night: Cannonier vs. Strickland,Cody Brundage vs. Michal Oleksiejczuk,Michal Oleksiejczuk,150
2023-06-24,UFC Fight Night: Emmett vs. Topuria,Cody Brundage vs. Sedriques Dumas,Cody Brundage,-163
2023-06-24,UFC Fight Night: Emmett vs. Topuria,Cody Brundage vs. Sedriques Dumas,Sedriques Dumas,163
2022-07-09,UFC Fight Night: Dos Anjos vs. Fiziev,Cody Brundage vs. Tresean Gore,Cody Brundage,-159
2022-07-09,UFC Fight Night: Dos Anjos vs. Fiziev,Cody Brundage vs. Tresean Gore,Tresean Gore,159
2024-07-20,UFC Fight Night: Lemos vs. Jandiroba,Cody Durden vs. Bruno Silva,Cody Durden,-163
2024-07-20,UFC Fight Night: Lemos vs. Jandiroba,Cody Durden vs. Bruno Silva,Bruno Silva,163
2023-04-29,UFC Fight Night: Song vs. Simon,Cody Durden vs. Charles Johnson,Cody Durden,-100
2023-04-29,UFC Fight Night: Song vs. Simon,Cody Durden vs. Charles Johnson,Charles Johnson,-100
2023-08-05,UFC Fight Night: Sandhagen vs. Font,Cody Durden vs. Jake Hadley,Cody Durden,159
2023-08-05,UFC Fight Night: Sandhagen vs. Font,Cody Durden vs. Jake Hadley,Jake Hadley,-159
2023-12-16,UFC 296: Edwards vs. Covington,Cody Garbrandt vs. Brian Kelleher,Cody Garbrandt,-246
2023-12-16,UFC 296: Edwards vs. Covington,Cody Garbrandt vs. Brian Kelleher,Brian Kelleher,246
2023-03-04,UFC 285: Jones vs. Gane,Cody Garbrandt vs. Trevin Jones,Cody Garbrandt,-125
2023-03-04,UFC 285: Jones vs. Gane,Cody Garbrandt vs. Trevin Jones,Trevin Jones,125
2023-05-13,UFC Fight Night: Rozenstruik vs. Almeida,Cody Stamann vs. Douglas Silva de Andrade,Cody Stamann,-197
2023-05-13,UFC Fight Night: Rozenstruik vs. Almeida,Cody Stamann vs. Douglas Silva de Andrade,Douglas Silva de Andrade,197
2024-06-08,UFC Fight Night: Cannonier vs. Imavov,Cody Stamann vs. Taylor Lapilus,Cody Stamann,159
2024-06-08,UFC Fight Night: Cannonier vs. Imavov,Cody Stamann vs. Taylor Lapilus,Taylor Lapilus,-159
2023-08-05,UFC Fight Night: Sandhagen vs. Font,Cory Sandhagen vs. Rob Font,Cory Sandhagen,-197
2023-08-05,UFC Fight Night: Sandhagen vs. Font,Cory Sandhagen vs. Rob Font,Rob Font,197
2022-09-17,UFC Fight Night: Sandhagen vs. Song,Cory Sandhagen vs. Song Yadong,Cory Sandhagen,-100
2022-09-17,UFC Fight Night: Sandhagen vs. Song,Cory Sandhagen vs. Song Yadong,Song Yadong,-100
2024-08-03,UFC Fight Night: Sandhagen vs. Nurmagomedov,Cory Sandhagen vs. Umar Nurmagomedov,Cory Sandhagen,-100
2024-08-03,UFC Fight Night: Sandhagen vs. Nurmagomedov,Cory Sandhagen vs. Umar Nurmagomedov,Umar Nurmagomedov,-100
2024-04-06,UFC Fight Night: Allen vs. Curtis 2,Court McGee vs. Alex Morono,Court McGee,246
2024-04-06,UFC Fight Night: Allen vs. Curtis 2,Court McGee vs. Alex Morono,Alex Morono,-246
2024-02-24,UFC Fight Night: Moreno vs. Royval 2,Cristian Quinonez vs. Raoni Barcelos,Cristian Quinonez,-150
2024-02-24,UFC Fight Night: Moreno vs. Royval 2,Cristian Quinonez vs. Raoni Barcelos,Raoni Barcelos,150
2024-06-29,UFC 303: Pereira vs. Prochazka 2,Cub Swanson vs. Andre Fili,Cub Swanson,-159
2024-06-29,UFC 303: Pereira vs. Prochazka 2,Cub Swanson vs. Andre Fili,Andre Fili,159
2023-08-12,UFC Fight Night: Luque vs. Dos Anjos,Cub Swanson vs. Hakeem Dawodu,Cub Swanson,150
2023-08-12,UFC Fight Night: Luque vs. Dos Anjos,Cub Swanson vs. Hakeem Dawodu,Hakeem Dawodu,-150
2022-10-15,UFC Fight Night: Grasso vs. Araujo,Cub Swanson vs. Jonathan Martinez,Cub Swanson,150
2022-10-15,UFC Fight Night: Grasso vs. Araujo,Cub Swanson vs. Jonathan Martinez,Jonathan Martinez,-150
2024-03-09,UFC 299: O'Malley vs. Vera 2,Curtis Blaydes vs. Jailton Almeida,Curtis Blaydes,-163
2024-03-09,UFC 299: O'Malley vs. Vera 2,Curtis Blaydes vs. Jailton Almeida,Jailton Almeida,163
2022-07-23,UFC Fight Night: Blaydes vs. Aspinall,Curtis Blaydes vs. Tom Aspinall,Curtis Blaydes,-163
2022-07-23,UFC Fight Night: Blaydes vs. Aspinall,Curtis Blaydes vs. Tom Aspinall,Tom Aspinall,163
2023-02-04,UFC Fight Night: Lewis vs. Spivac,Da Woon Jung vs. Devin Clark,Da Woon Jung,-177
2023-02-04,UFC Fight Night: Lewis vs. Spivac,Da Woon Jung vs. Devin Clark,Devin Clark,177
2023-06-03,UFC Fight Night: Kara-France vs. Albazi,Da'Mon Blackshear vs. Luan Lacerda,Da'Mon Blackshear,-143
2023-06-03,UFC Fight Night: Kara-France vs. Albazi,Da'Mon Blackshear vs. Luan Lacerda,Luan Lacerda,143
2023-08-19,UFC 292: Sterling vs. O'Malley,Da'Mon Blackshear vs. Mario Bautista,Da'Mon Blackshear,106
2023-08-19,UFC 292: Sterling vs. O'Malley,Da'Mon Blackshear vs. Mario Bautista,Mario Bautista,-106
2023-07-01,UFC Fight Night: Strickland vs. Magomedov,Damir Ismagulov vs. Grant Dawson,Damir Ismagulov,-100
2023-07-01,UFC Fight Night: Strickland vs. Magomedov,Damir Ismagulov vs. Grant Dawson,Grant Dawson,-100
2024-08-10,UFC Fight Night: Tybura vs. Spivac 2,Damon Jackson vs. Chepe Mariscal,Damon Jackson,-118
2024-08-10,UFC Fight Night: Tybura vs. Spivac 2,Damon Jackson vs. Chepe Mariscal,Chepe Mariscal,118
2022-09-17,UFC Fight Night: Sandhagen vs. Song,Damon Jackson vs. Pat Sabatini,Damon Jackson,177
2022-09-17,UFC Fight Night: Sandhagen vs. Song,Damon Jackson vs. Pat Sabatini,Pat Sabatini,-177
2022-11-12,UFC 281: Adesanya vs. Pereira,Dan Hooker vs. Claudio Puelles,Dan Hooker,-100
2022-11-12,UFC 281: Adesanya vs. Pereira,Dan Hooker vs. Claudio Puelles,Claudio Puelles,-100
2024-02-10,UFC Fight Night: Hermansson vs. Pyfer,Dan Ige vs. Andre Fili,Dan Ige,-163
2024-02-10,UFC Fight Night: Hermansson vs. Pyfer,Dan Ige vs. Andre Fili,Andre Fili,163
2023-01-14,UFC Fight Night: Strickland vs. Imavov,Dan Ige vs. Damon Jackson,Dan Ige,-131
2023-01-14,UFC Fight Night: Strickland vs. Imavov,Dan Ige vs. Damon Jackson,Damon Jackson,131
2024-06-29,UFC 303: Pereira vs. Prochazka 2,Dan Ige vs. Diego Lopes,Dan Ige,-100
2024-06-29,UFC 303: Pereira vs. Prochazka 2,Dan Ige vs. Diego Lopes,Diego Lopes,-100
2023-06-10,UFC 289: Nunes vs. Aldana,Dan Ige vs. Nate Landwehr,Dan Ige,-159
2023-06-10,UFC 289: Nunes vs. Aldana,Dan Ige vs. Nate Landwehr,Nate Landwehr,159
2022-08-20,UFC 278: Usman vs. Edwards,Daniel Lacerda vs. Victor Altamirano,Daniel Lacerda,121
2022-08-20,UFC 278: Usman vs. Edwards,Daniel Lacerda vs. Victor Altamirano,Victor Altamirano,-121
2023-03-25,UFC Fight Night: Vera vs. Sandhagen,Daniel Pineda vs. Tucker Lutz,Daniel Pineda,163
2023-03-25,UFC Fight Night: Vera vs. Sandhagen,Daniel Pineda vs. Tucker Lutz,Tucker Lutz,-163
2023-05-13,UFC Fight Night: Rozenstruik vs. Almeida,Daniel Rodriguez vs. Ian Machado Garry,Daniel Rodriguez,150
2023-05-13,UFC Fight Night: Rozenstruik vs. Almeida,Daniel Rodriguez vs. Ian Machado Garry,Ian Machado Garry,-150
2023-06-03,UFC Fight Night: Kara-France vs. Albazi,Daniel Santos vs. Johnny Munoz,Daniel Santos,159
2023-06-03,UFC Fight Night: Kara-France vs. Albazi,Daniel Santos vs. Johnny Munoz,Johnny Munoz,-159
2023-09-16,UFC Fight Night: Grasso vs. Shevchenko 2,Daniel Zellhuber vs. Christos Giagos,Daniel Zellhuber,-183
2023-09-16,UFC Fight Night: Grasso vs. Shevchenko 2,Daniel Zellhuber vs. Christos Giagos,Christos Giagos,183
2024-02-24,UFC Fight Night: Moreno vs. Royval 2,Daniel Zellhuber vs. Francisco Prado,Daniel Zellhuber,124
2024-02-24,UFC Fight Night: Moreno vs. Royval 2,Daniel Zellhuber vs. Francisco Prado,Francisco Prado,-124
2022-09-10,UFC 279: Diaz vs. Ferguson,Darian Weeks vs. Yohan Lainesse,Darian Weeks,106
2022-09-10,UFC 279: Diaz vs. Ferguson,Darian Weeks vs. Yohan Lainesse,Yohan Lainesse,-106
2022-12-03,UFC Fight Night: Thompson vs. Holland,Darren Elkins vs. Jonathan Pearce,Darren Elkins,168
2022-12-03,UFC Fight Night: Thompson vs. Holland,Darren Elkins vs. Jonathan Pearce,Jonathan Pearce,-168
2023-10-14,UFC Fight Night: Yusuff vs. Barboza,Darren Elkins vs. TJ Brown,Darren Elkins,150
2023-10-14,UFC Fight Night: Yusuff vs. Barboza,Darren Elkins vs. TJ Brown,TJ Brown,-150
2022-12-10,UFC 282: Blachowicz vs. Ankalaev,Darren Till vs. Dricus Du Plessis,Darren Till,163
2022-12-10,UFC 282: Blachowicz vs. Ankalaev,Darren Till vs. Dricus Du Plessis,Dricus Du Plessis,-163
2022-11-05,UFC Fight Night: Rodriguez vs. Lemos,Darrick Minner vs. Shayilan Nuerdanbieke,Darrick Minner,163
2022-11-05,UFC Fight Night: Rodriguez vs. Lemos,Darrick Minner vs. Shayilan Nuerdanbieke,Shayilan Nuerdanbieke,-163
2023-07-22,UFC Fight Night: Aspinall vs. Tybura,Davey Grant vs. Daniel Marcos,Davey Grant,159
2023-07-22,UFC Fight Night: Aspinall vs. Tybura,Davey Grant vs. Daniel Marcos,Daniel Marcos,-159
2022-12-17,UFC Fight Night: Cannonier vs. Strickland,David Dvorak vs. Manel Kape,David Dvorak,-100
2022-12-17,UFC Fight Night: Cannonier vs. Strickland,David Dvorak vs. Manel Kape,Manel Kape,-100
2023-06-24,UFC Fight Night: Emmett vs. Topuria,David Onama vs. Gabriel Santos,David Onama,121
2023-06-24,UFC Fight Night: Emmett vs. Topuria,David Onama vs. Gabriel Santos,Gabriel Santos,-121
2023-01-21,UFC 283: Teixeira vs. Hill,Deiveson Figueiredo vs. Brandon Moreno,Deiveson Figueiredo,177
2023-01-21,UFC 283: Teixeira vs. Hill,Deiveson Figueiredo vs. Brandon Moreno,Brandon Moreno,-177
2024-04-13,UFC 300: Pereira vs. Hill,Deiveson Figueiredo vs. Cody Garbrandt,Deiveson Figueiredo,-150
2024-04-13,UFC 300: Pereira vs. Hill,Deiveson Figueiredo vs. Cody Garbrandt,Cody Garbrandt,150
2022-09-10,UFC 279: Diaz vs. Ferguson,Denis Tiuliulin vs. Jamie Pickett,Denis Tiuliulin,-100
2022-09-10,UFC 279: Diaz vs. Ferguson,Denis Tiuliulin vs. Jamie Pickett,Jamie Pickett,-100
2024-08-24,UFC Fight Night: Cannonier vs. Borralho,Dennis Buzukja vs. Francis Marshall,Dennis Buzukja,-115
2024-08-24,UFC Fight Night: Cannonier vs. Borralho,Dennis Buzukja vs. Francis Marshall,Francis Marshall,115
2023-11-11,UFC 295: Prochazka vs. Pereira,Dennis Buzukja vs. Jamall Emmers,Dennis Buzukja,159
2023-11-11,UFC 295: Prochazka vs. Pereira,Dennis Buzukja vs. Jamall Emmers,Jamall Emmers,-159
2023-03-04,UFC 285: Jones vs. Gane,Derek Brunson vs. Dricus Du Plessis,Derek Brunson,159
2023-03-04,UFC 285: Jones vs. Gane,Derek Brunson vs. Dricus Du Plessis,Dricus Du Plessis,-159
2023-07-29,UFC 291: Poirier vs. Gaethje 2,Derrick Lewis vs. Marcos Rogerio de Lima,Derrick Lewis,163
2023-07-29,UFC 291: Poirier vs. Gaethje 2,Derrick Lewis vs. Marcos Rogerio de Lima,Marcos Rogerio de Lima,-163
2024-05-11,UFC Fight Night: Lewis vs. Nascimento,Derrick Lewis vs. Rodrigo Nascimento,Derrick Lewis,-159
2024-05-11,UFC Fight Night: Lewis vs. Nascimento,Derrick Lewis vs. Rodrigo Nascimento,Rodrigo Nascimento,159
2022-07-30,UFC 277: Pena vs. Nunes 2,Derrick Lewis vs. Sergei Pavlovich,Derrick Lewis,-100
2022-07-30,UFC 277: Pena vs. Nunes 2,Derrick Lewis vs. Sergei Pavlovich,Sergei Pavlovich,-100
2023-02-04,UFC Fight Night: Lewis vs. Spivac,Derrick Lewis vs. Serghei Spivac,Derrick Lewis,183
2023-02-04,UFC Fight Night: Lewis vs. Spivac,Derrick Lewis vs. Serghei Spivac,Serghei Spivac,-183
2022-08-13,UFC Fight Night: Vera vs. Cruz,Devin Clark vs. Azamat Murzakanov,Devin Clark,-177
2022-08-13,UFC Fight Night: Vera vs. Cruz,Devin Clark vs. Azamat Murzakanov,Azamat Murzakanov,177
2024-02-10,UFC Fight Night: Hermansson vs. Pyfer,Devin Clark vs. Marcin Prachnio,Devin Clark,-100
2024-02-10,UFC Fight Night: Hermansson vs. Pyfer,Devin Clark vs. Marcin Prachnio,Marcin Prachnio,-100
2024-05-11,UFC Fight Night: Lewis vs. Nascimento,Diego Ferreira vs. Mateusz Rebecki,Diego Ferreira,163
2024-05-11,UFC Fight Night: Lewis vs. Nascimento,Diego Ferreira vs. Mateusz Rebecki,Mateusz Rebecki,-163
2023-05-20,UFC Fight Night: Dern vs. Hill,Diego Ferreira vs. Michael Johnson,Diego Ferreira,-159
2023-05-20,UFC Fight Night: Dern vs. Hill,Diego Ferreira vs. Michael Johnson,Michael Johnson,159
2023-08-05,UFC Fight Night: Sandhagen vs. Font,Diego Lopes vs. Gavin Tucker,Diego Lopes,-100
2023-08-05,UFC Fight Night: Sandhagen vs. Font,Diego Lopes vs. Gavin Tucker,Gavin Tucker,-100
2023-11-11,UFC 295: Prochazka vs. Pereira,Diego Lopes vs. Pat Sabatini,Diego Lopes,159
2023-11-11,UFC 295: Prochazka vs. Pereira,Diego Lopes vs. Pat Sabatini,Pat Sabatini,-159
2024-06-08,UFC Fight Night: Cannonier vs. Imavov,Dominick Reyes vs. Dustin Jacoby,Dominick Reyes,163
2024-06-08,UFC Fight Night: Cannonier vs. Imavov,Dominick Reyes vs. Dustin Jacoby,Dustin Jacoby,-163
2022-11-12,UFC 281: Adesanya vs. Pereira,Dominick Reyes vs. Ryan Spann,Dominick Reyes,-150
2022-11-12,UFC 281: Adesanya vs. Pereira,Dominick Reyes vs. Ryan Spann,Ryan Spann,150
2024-04-27,UFC Fight Night: Nicolau vs. Perez,Don'Tale Mayes vs. Caio Machado,Don'Tale Mayes,159
2024-04-27,UFC Fight Night: Nicolau vs. Perez,Don'Tale Mayes vs. Caio Machado,Caio Machado,-159
2024-07-20,UFC Fight Night: Lemos vs. Jandiroba,Dooho Choi vs. Bill Algeo,Dooho Choi,234
2024-07-20,UFC Fight Night: Lemos vs. Jandiroba,Dooho Choi vs. Bill Algeo,Bill Algeo,-234
2023-02-04,UFC Fight Night: Lewis vs. Spivac,Dooho Choi vs. Kyle Nelson,Dooho Choi,-118
2023-02-04,UFC Fight Night: Lewis vs. Spivac,Dooho Choi vs. Kyle Nelson,Kyle Nelson,118
2024-06-15,UFC Fight Night: Perez vs. Taira,Douglas Silva de Andrade vs. Miles Johns,Douglas Silva de Andrade,177
2024-06-15,UFC Fight Night: Perez vs. Taira,Douglas Silva de Andrade vs. Miles Johns,Miles Johns,-177
2022-07-09,UFC Fight Night: Dos Anjos vs. Fiziev,Douglas Silva de Andrade vs. Said Nurmagomedov,Douglas Silva de Andrade,303
2022-07-09,UFC Fight Night: Dos Anjos vs. Fiziev,Douglas Silva de Andrade vs. Said Nurmagomedov,Said Nurmagomedov,-303
2023-12-02,UFC Fight Night: Dariush vs. Tsarukyan,Drakkar Klose vs. Joe Solecki,Drakkar Klose,163
2023-12-02,UFC Fight Night: Dariush vs. Tsarukyan,Drakkar Klose vs. Joe Solecki,Joe Solecki,-163
2022-07-30,UFC 277: Pena vs. Nunes 2,Drakkar Klose vs. Rafa Garcia,Drakkar Klose,-100
2022-07-30,UFC 277: Pena vs. Nunes 2,Drakkar Klose vs. Rafa Garcia,Rafa Garcia,-100
2024-07-13,UFC Fight Night: Namajunas vs. Cortez,Drew Dober vs. Jean Silva,Drew Dober,163
2024-07-13,UFC Fight Night: Namajunas vs. Cortez,Drew Dober vs. Jean Silva,Jean Silva,-163
2022-12-17,UFC Fight Night: Cannonier vs. Strickland,Drew Dober vs. King Green,Drew Dober,163
2022-12-17,UFC Fight Night: Cannonier vs. Strickland,Drew Dober vs. King Green,King Green,-163
2023-05-06,UFC 288: Sterling vs. Cejudo,Drew Dober vs. Matt Frevola,Drew Dober,-100
2023-05-06,UFC 288: Sterling vs. Cejudo,Drew Dober vs. Matt Frevola,Matt Frevola,-100
2022-07-30,UFC 277: Pena vs. Nunes 2,Drew Dober vs. Rafael Alves,Drew Dober,-100
2022-07-30,UFC 277: Pena vs. Nunes 2,Drew Dober vs. Rafael Alves,Rafael Alves,-100
2023-10-07,UFC Fight Night: Dawson vs. Green,Drew Dober vs. Ricky Glenn,Drew Dober,118
2023-10-07,UFC Fight Night: Dawson vs. Green,Drew Dober vs. Ricky Glenn,Ricky Glenn,-118
2024-08-17,UFC 305: Du Plessis vs. Adesanya,Dricus Du Plessis vs. Israel Adesanya,Dricus Du Plessis,-121
2024-08-17,UFC 305: Du Plessis vs. Adesanya,Dricus Du Plessis vs. Israel Adesanya,Israel Adesanya,121
2023-04-15,UFC Fight Night: Holloway vs. Allen,Dustin Jacoby vs. Azamat Murzakanov,Dustin Jacoby,-163
2023-04-15,UFC Fight Night: Holloway vs. Allen,Dustin Jacoby vs. Azamat Murzakanov,Azamat Murzakanov,163
2022-07-16,UFC Fight Night: Ortega vs. Rodriguez,Dustin Jacoby vs. Da Woon Jung,Dustin Jacoby,159
2022-07-16,UFC Fight Night: Ortega vs. Rodriguez,Dustin Jacoby vs. Da Woon Jung,Da Woon Jung,-159
2023-08-05,UFC Fight Night: Sandhagen vs. Font,Dustin Jacoby vs. Kennedy Nzechukwu,Dustin Jacoby,159
2023-08-05,UFC Fight Night: Sandhagen vs. Font,Dustin Jacoby vs. Kennedy Nzechukwu,Kennedy Nzechukwu,-159
2022-10-29,UFC Fight Night: Kattar vs. Allen,Dustin Jacoby vs. Khalil Rountree Jr.,Dustin Jacoby,-183
2022-10-29,UFC Fight Night: Kattar vs. Allen,Dustin Jacoby vs. Khalil Rountree Jr.,Khalil Rountree Jr.,183
2024-03-09,UFC 299: O'Malley vs. Vera 2,Dustin Poirier vs. Benoit Saint Denis,Dustin Poirier,-100
2024-03-09,UFC 299: O'Malley vs. Vera 2,Dustin Poirier vs. Benoit Saint Denis,Benoit Saint Denis,-100
2023-07-29,UFC 291: Poirier vs. Gaethje 2,Dustin Poirier vs. Justin Gaethje,Dustin Poirier,-159
2023-07-29,UFC 291: Poirier vs. Gaethje 2,Dustin Poirier vs. Justin Gaethje,Justin Gaethje,159
2022-11-12,UFC 281: Adesanya vs. Pereira,Dustin Poirier vs. Michael Chandler,Dustin Poirier,-303
2022-11-12,UFC 281: Adesanya vs. Pereira,Dustin Poirier vs. Michael Chandler,Michael Chandler,303
2022-07-16,UFC Fight Night: Ortega vs. Rodriguez,Dwight Grant vs. Dustin Stoltzfus,Dwight Grant,124
2022-07-16,UFC Fight Night: Ortega vs. Rodriguez,Dwight Grant vs. Dustin Stoltzfus,Dustin Stoltzfus,-124
2024-02-24,UFC Fight Night: Moreno vs. Royval 2,Edgar Chairez vs. Daniel Lacerda,Edgar Chairez,-150
2024-02-24,UFC Fight Night: Moreno vs. Royval 2,Edgar Chairez vs. Daniel Lacerda,Daniel Lacerda,150
2024-03-23,UFC Fight Night: Ribas vs. Namajunas,Edmen Shahbazyan vs. AJ Dobson,Edmen Shahbazyan,-159
2024-03-23,UFC Fight Night: Ribas vs. Namajunas,Edmen Shahbazyan vs. AJ Dobson,AJ Dobson,159
2023-05-20,UFC Fight Night: Dern vs. Hill,Edmen Shahbazyan vs. Anthony Hernandez,Edmen Shahbazyan,106
2023-05-20,UFC Fight Night: Dern vs. Hill,Edmen Shahbazyan vs. Anthony Hernandez,Anthony Hernandez,-106
2022-12-10,UFC 282: Blachowicz vs. Ankalaev,Edmen Shahbazyan vs. Dalcha Lungiambula,Edmen Shahbazyan,-246
2022-12-10,UFC 282: Blachowicz vs. Ankalaev,Edmen Shahbazyan vs. Dalcha Lungiambula,Dalcha Lungiambula,246
2024-08-24,UFC Fight Night: Cannonier vs. Borralho,Edmen Shahbazyan vs. Gerald Meerschaert,Edmen Shahbazyan,-163
2024-08-24,UFC Fight Night: Cannonier vs. Borralho,Edmen Shahbazyan vs. Gerald Meerschaert,Gerald Meerschaert,163
2023-04-15,UFC Fight Night: Holloway vs. Allen,Edson Barboza vs. Billy Quarantillo,Edson Barboza,-150
2023-04-15,UFC Fight Night: Holloway vs. Allen,Edson Barboza vs. Billy Quarantillo,Billy Quarantillo,150
2024-05-18,UFC Fight Night: Barboza vs. Murphy,Edson Barboza vs. Lerone Murphy,Edson Barboza,163
2024-05-18,UFC Fight Night: Barboza vs. Murphy,Edson Barboza vs. Lerone Murphy,Lerone Murphy,-163
2024-02-24,UFC Fight Night: Moreno vs. Royval 2,Erik Silva vs. Muhammad Naimov,Erik Silva,159
2024-02-24,UFC Fight Night: Moreno vs. Royval 2,Erik Silva vs. Muhammad Naimov,Muhammad Naimov,-159
2024-03-02,UFC Fight Night: Rozenstruik vs. Gaziev,Eryk Anders vs. Jamie Pickett,Eryk Anders,-100
2024-03-02,UFC Fight Night: Rozenstruik vs. Gaziev,Eryk Anders vs. Jamie Pickett,Jamie Pickett,-100
2022-12-03,UFC Fight Night: Thompson vs. Holland,Eryk Anders vs. Kyle Daukaus,Eryk Anders,177
2022-12-03,UFC Fight Night: Thompson vs. Holland,Eryk Anders vs. Kyle Daukaus,Kyle Daukaus,-177
2024-07-13,UFC Fight Night: Namajunas vs. Cortez,Evan Elder vs. Darrius Flowers,Evan Elder,-215
2024-07-13,UFC Fight Night: Namajunas vs. Cortez,Evan Elder vs. Darrius Flowers,Darrius Flowers,215
2023-07-15,UFC Fight Night: Holm vs. Bueno Silva,Evan Elder vs. Genaro Valdez,Evan Elder,-168
2023-07-15,UFC Fight Night: Holm vs. Bueno Silva,Evan Elder vs. Genaro Valdez,Genaro Valdez,168
2023-09-02,UFC Fight Night: Gane vs. Spivac,Farid Basharat vs. Kleydson Rodrigues,Farid Basharat,-159
2023-09-02,UFC Fight Night: Gane vs. Spivac,Farid Basharat vs. Kleydson Rodrigues,Kleydson Rodrigues,159
2024-01-13,UFC Fight Night: Ankalaev vs. Walker 2,Farid Basharat vs. Taylor Lapilus,Farid Basharat,-159
2024-01-13,UFC Fight Night: Ankalaev vs. Walker 2,Farid Basharat vs. Taylor Lapilus,Taylor Lapilus,159
2024-09-07,UFC Fight Night: Burns vs. Brady,Felipe dos Santos vs. Andre Lima,Felipe dos Santos,159
2024-09-07,UFC Fight Night: Burns vs. Brady,Felipe dos Santos vs. Andre Lima,Andre Lima,-159
2023-09-16,UFC Fight Night: Grasso vs. Shevchenko 2,Fernando Padilla vs. Kyle Nelson,Fernando Padilla,-121
2023-09-16,UFC Fight Night: Grasso vs. Shevchenko 2,Fernando Padilla vs. Kyle Nelson,Kyle Nelson,121
2023-04-22,UFC Fight Night: Pavlovich vs. Blaydes,Francis Marshall vs. William Gomis,Francis Marshall,183
2023-04-22,UFC Fight Night: Pavlovich vs. Blaydes,Francis Marshall vs. William Gomis,William Gomis,-183
2022-11-12,UFC 281: Adesanya vs. Pereira,Frankie Edgar vs. Chris Gutierrez,Frankie Edgar,150
2022-11-12,UFC 281: Adesanya vs. Pereira,Frankie Edgar vs. Chris Gutierrez,Chris Gutierrez,-150
2022-08-13,UFC Fight Night: Vera vs. Cruz,Gabriel Benitez vs. Charlie Ontiveros,Gabriel Benitez,-168
2022-08-13,UFC Fight Night: Vera vs. Cruz,Gabriel Benitez vs. Charlie Ontiveros,Charlie Ontiveros,168
2024-04-27,UFC Fight Night: Nicolau vs. Perez,Gabriel Benitez vs. Maheshate,Gabriel Benitez,150
2024-04-27,UFC Fight Night: Nicolau vs. Perez,Gabriel Benitez vs. Maheshate,Maheshate,-150
2024-07-13,UFC Fight Night: Namajunas vs. Cortez,Gabriel Bonfim vs. Ange Loosa,Gabriel Bonfim,-168
2024-07-13,UFC Fight Night: Namajunas vs. Cortez,Gabriel Bonfim vs. Ange Loosa,Ange Loosa,168
2023-11-04,UFC Fight Night: Almeida vs. Lewis,Gabriel Bonfim vs. Nicolas Dalby,Gabriel Bonfim,-702
2023-11-04,UFC Fight Night: Almeida vs. Lewis,Gabriel Bonfim vs. Nicolas Dalby,Nicolas Dalby,702
2023-07-29,UFC 291: Poirier vs. Gaethje 2,Gabriel Bonfim vs. Trevin Giles,Gabriel Bonfim,163
2023-07-29,UFC 291: Poirier vs. Gaethje 2,Gabriel Bonfim vs. Trevin Giles,Trevin Giles,-163
2024-02-17,UFC 298: Volkanovski vs. Topuria,Geoff Neal vs. Ian Machado Garry,Geoff Neal,215
2024-02-17,UFC 298: Volkanovski vs. Topuria,Geoff Neal vs. Ian Machado Garry,Ian Machado Garry,-215
2023-03-04,UFC 285: Jones vs. Gane,Geoff Neal vs. Shavkat Rakhmonov,Geoff Neal,168
2023-03-04,UFC 285: Jones vs. Gane,Geoff Neal vs. Shavkat Rakhmonov,Shavkat Rakhmonov,-168
2024-03-16,UFC Fight Night: Tuivasa vs. Tybura,Gerald Meerschaert vs. Bryan Barberena,Gerald Meerschaert,-163
2024-03-16,UFC Fight Night: Tuivasa vs. Tybura,Gerald Meerschaert vs. Bryan Barberena,Bryan Barberena,163
2023-04-08,UFC 287: Pereira vs. Adesanya 2,Gerald Meerschaert vs. Joe Pyfer,Gerald Meerschaert,150
2023-04-08,UFC 287: Pereira vs. Adesanya 2,Gerald Meerschaert vs. Joe Pyfer,Joe Pyfer,-150
2023-08-26,UFC Fight Night: Holloway vs. The Korean Zombie,Giga Chikadze vs. Alex Caceres,Giga Chikadze,163
2023-08-26,UFC Fight Night: Holloway vs. The Korean Zombie,Giga Chikadze vs. Alex Caceres,Alex Caceres,-163
2024-03-09,UFC 299: O'Malley vs. Vera 2,Gilbert Burns vs. Jack Della Maddalena,Gilbert Burns,163
2024-03-09,UFC 299: O'Malley vs. Vera 2,Gilbert Burns vs. Jack Della Maddalena,Jack Della Maddalena,-163
2023-04-08,UFC 287: Pereira vs. Adesanya 2,Gilbert Burns vs. Jorge Masvidal,Gilbert Burns,-100
2023-04-08,UFC 287: Pereira vs. Adesanya 2,Gilbert Burns vs. Jorge Masvidal,Jorge Masvidal,-100
2023-01-21,UFC 283: Teixeira vs. Hill,Gilbert Burns vs. Neil Magny,Gilbert Burns,-159
2023-01-21,UFC 283: Teixeira vs. Hill,Gilbert Burns vs. Neil Magny,Neil Magny,159
2024-09-07,UFC Fight Night: Burns vs. Brady,Gilbert Burns vs. Sean Brady,Gilbert Burns,-100
2024-09-07,UFC Fight Night: Burns vs. Brady,Gilbert Burns vs. Sean Brady,Sean Brady,-100
2024-02-03,UFC Fight Night: Dolidze vs. Imavov,Gilbert Urbina vs. Charles Radtke,Gilbert Urbina,-163
2024-02-03,UFC Fight Night: Dolidze vs. Imavov,Gilbert Urbina vs. Charles Radtke,Charles Radtke,163
2023-01-21,UFC 283: Teixeira vs. Hill,Glover Teixeira vs. Jamahal Hill,Glover Teixeira,131
2023-01-21,UFC 283: Teixeira vs. Hill,Glover Teixeira vs. Jamahal Hill,Jamahal Hill,-131
2024-06-01,UFC 302: Makhachev vs. Poirier,Grant Dawson vs. Joe Solecki,Grant Dawson,-159
2024-06-01,UFC 302: Makhachev vs. Poirier,Grant Dawson vs. Joe Solecki,Joe Solecki,159
2023-10-07,UFC Fight Night: Dawson vs. Green,Grant Dawson vs. King Green,Grant Dawson,150
2023-10-07,UFC Fight Night: Dawson vs. Green,Grant Dawson vs. King Green,King Green,-150
2022-11-05,UFC Fight Night: Rodriguez vs. Lemos,Grant Dawson vs. Mark Madsen,Grant Dawson,-163
2022-11-05,UFC Fight Night: Rodriguez vs. Lemos,Grant Dawson vs. Mark Madsen,Mark Madsen,163
2023-08-19,UFC 292: Sterling vs. O'Malley,Gregory Rodrigues vs. Denis Tiuliulin,Gregory Rodrigues,-288
2023-08-19,UFC 292: Sterling vs. O'Malley,Gregory Rodrigues vs. Denis Tiuliulin,Denis Tiuliulin,288
2022-10-01,UFC Fight Night: Dern vs. Yan,Guido Cannetti vs. Randy Costa,Guido Cannetti,303
2022-10-01,UFC Fight Night: Dern vs. Yan,Guido Cannetti vs. Randy Costa,Randy Costa,-303
2023-03-18,UFC 286: Edwards vs. Usman 3,Gunnar Nelson vs. Bryan Barberena,Gunnar Nelson,163
2023-03-18,UFC 286: Edwards vs. Usman 3,Gunnar Nelson vs. Bryan Barberena,Bryan Barberena,-163
2023-07-01,UFC Fight Night: Strickland vs. Magomedov,Guram Kutateladze vs. Elves Brener,Guram Kutateladze,163
2023-07-01,UFC Fight Night: Strickland vs. Magomedov,Guram Kutateladze vs. Elves Brener,Elves Brener,-163
2022-09-10,UFC 279: Diaz vs. Ferguson,Hakeem Dawodu vs. Julian Erosa,Hakeem Dawodu,-303
2022-09-10,UFC 279: Diaz vs. Ferguson,Hakeem Dawodu vs. Julian Erosa,Julian Erosa,303
2023-12-09,UFC Fight Night: Song vs. Gutierrez,HyunSung Park vs. Shannon Ross,HyunSung Park,-354
2023-12-09,UFC Fight Night: Song vs. Gutierrez,HyunSung Park vs. Shannon Ross,Shannon Ross,354
2022-07-02,UFC 276: Adesanya vs. Cannonier,Ian Machado Garry vs. Gabe Green,Ian Machado Garry,-159
2022-07-02,UFC 276: Adesanya vs. Cannonier,Ian Machado Garry vs. Gabe Green,Gabe Green,159
2024-06-29,UFC 303: Pereira vs. Prochazka 2,Ian Machado Garry vs. Michael Page,Ian Machado Garry,-291
2024-06-29,UFC 303: Pereira vs. Prochazka 2,Ian Machado Garry vs. Michael Page,Michael Page,291
2023-03-04,UFC 285: Jones vs. Gane,Ian Machado Garry vs. Song Kenan,Ian Machado Garry,-246
2023-03-04,UFC 285: Jones vs. Gane,Ian Machado Garry vs. Song Kenan,Song Kenan,246
2024-04-06,UFC Fight Night: Allen vs. Curtis 2,Ignacio Bahamondes vs. Christos Giagos,Ignacio Bahamondes,-234
2024-04-06,UFC Fight Night: Allen vs. Curtis 2,Ignacio Bahamondes vs. Christos Giagos,Christos Giagos,234
2023-08-05,UFC Fight Night: Sandhagen vs. Font,Ignacio Bahamondes vs. Ludovit Klein,Ignacio Bahamondes,-150
2023-08-05,UFC Fight Night: Sandhagen vs. Font,Ignacio Bahamondes vs. Ludovit Klein,Ludovit Klein,150
2023-04-08,UFC 287: Pereira vs. Adesanya 2,Ignacio Bahamondes vs. Trey Ogden,Ignacio Bahamondes,-210
2023-04-08,UFC 287: Pereira vs. Adesanya 2,Ignacio Bahamondes vs. Trey Ogden,Trey Ogden,210
2023-10-21,UFC 294: Makhachev vs. Volkanovski 2,Ikram Aliskerov vs. Warlley Alves,Ikram Aliskerov,-100
2023-10-21,UFC 294: Makhachev vs. Volkanovski 2,Ikram Aliskerov vs. Warlley Alves,Warlley Alves,-100
2022-10-01,UFC Fight Night: Dern vs. Yan,Ilir Latifi vs. Aleksei Oleinik,Ilir Latifi,-150
2022-10-01,UFC Fight Night: Dern vs. Yan,Ilir Latifi vs. Aleksei Oleinik,Aleksei Oleinik,150
2023-05-20,UFC Fight Night: Dern vs. Hill,Ilir Latifi vs. Rodrigo Nascimento,Ilir Latifi,159
2023-05-20,UFC Fight Night: Dern vs. Hill,Ilir Latifi vs. Rodrigo Nascimento,Rodrigo Nascimento,-159
2024-03-09,UFC 299: O'Malley vs. Vera 2,Ion Cutelaba vs. Philipe Lins,Ion Cutelaba,-246
2024-03-09,UFC 299: O'Malley vs. Vera 2,Ion Cutelaba vs. Philipe Lins,Philipe Lins,246
2024-09-07,UFC Fight Night: Burns vs. Brady,Isaac Dulgarian vs. Brendon Marotte,Isaac Dulgarian,-246
2024-09-07,UFC Fight Night: Burns vs. Brady,Isaac Dulgarian vs. Brendon Marotte,Brendon Marotte,246
2023-02-11,UFC 284: Makhachev vs. Volkanovski,Islam Makhachev vs. Alexander Volkanovski,Islam Makhachev,-171
2023-02-11,UFC 284: Makhachev vs. Volkanovski,Islam Makhachev vs. Alexander Volkanovski,Alexander Volkanovski,158
2023-10-21,UFC 294: Makhachev vs. Volkanovski 2,Islam Makhachev vs. Alexander Volkanovski,Islam Makhachev,-161
2023-10-21,UFC 294: Makhachev vs. Volkanovski 2,Islam Makhachev vs. Alexander Volkanovski,Alexander Volkanovski,158
2024-06-01,UFC 302: Makhachev vs. Poirier,Islam Makhachev vs. Dustin Poirier,Islam Makhachev,-833
2024-06-01,UFC 302: Makhachev vs. Poirier,Islam Makhachev vs. Dustin Poirier,Dustin Poirier,833
2023-07-01,UFC Fight Night: Strickland vs. Magomedov,Ismael Bonfim vs. Benoit Saint Denis,Ismael Bonfim,-159
2023-07-01,UFC Fight Night: Strickland vs. Magomedov,Ismael Bonfim vs. Benoit Saint Denis,Benoit Saint Denis,159
2024-05-04,UFC 301: Pantoja vs. Erceg,Ismael Bonfim vs. Vinc Pichel,Ismael Bonfim,-234
2024-05-04,UFC 301: Pantoja vs. Erceg,Ismael Bonfim vs. Vinc Pichel,Vinc Pichel,234
2022-11-12,UFC 281: Adesanya vs. Pereira,Israel Adesanya vs. Alex Pereira,Israel Adesanya,-246
2022-11-12,UFC 281: Adesanya vs. Pereira,Israel Adesanya vs. Alex Pereira,Alex Pereira,246
2023-09-09,UFC 293: Adesanya vs. Strickland,Israel Adesanya vs. Sean Strickland,Israel Adesanya,-150
2023-09-09,UFC 293: Adesanya vs. Strickland,Israel Adesanya vs. Sean Strickland,Sean Strickland,150
2023-08-12,UFC Fight Night: Luque vs. Dos Anjos,JP Buys vs. Marcus McGhee,JP Buys,163
2023-08-12,UFC Fight Night: Luque vs. Dos Anjos,JP Buys vs. Marcus McGhee,Marcus McGhee,-163
2022-11-19,UFC Fight Night: Nzechukwu vs. Cutelaba,Jack Della Maddalena vs. Danny Roberts,Jack Della Maddalena,-702
2022-11-19,UFC Fight Night: Nzechukwu vs. Cutelaba,Jack Della Maddalena vs. Danny Roberts,Danny Roberts,702
2023-02-11,UFC 284: Makhachev vs. Volkanovski,Jack Della Maddalena vs. Randy Brown,Jack Della Maddalena,-106
2023-02-11,UFC 284: Makhachev vs. Volkanovski,Jack Della Maddalena vs. Randy Brown,Randy Brown,106
2022-07-23,UFC Fight Night: Blaydes vs. Aspinall,Jack Hermansson vs. Chris Curtis,Jack Hermansson,-375
2022-07-23,UFC Fight Night: Blaydes vs. Aspinall,Jack Hermansson vs. Chris Curtis,Chris Curtis,375
2024-02-10,UFC Fight Night: Hermansson vs. Pyfer,Jack Hermansson vs. Joe Pyfer,Jack Hermansson,-100
2024-02-10,UFC Fight Night: Hermansson vs. Pyfer,Jack Hermansson vs. Joe Pyfer,Joe Pyfer,-100
2022-12-03,UFC Fight Night: Thompson vs. Holland,Jack Hermansson vs. Roman Dolidze,Jack Hermansson,-150
2022-12-03,UFC Fight Night: Thompson vs. Holland,Jack Hermansson vs. Roman Dolidze,Roman Dolidze,150
2023-09-09,UFC 293: Adesanya vs. Strickland,Jack Jenkins vs. Chepe Mariscal,Jack Jenkins,-100
2023-09-09,UFC 293: Adesanya vs. Strickland,Jack Jenkins vs. Chepe Mariscal,Chepe Mariscal,-100
2024-08-17,UFC 305: Du Plessis vs. Adesanya,Jack Jenkins vs. Herbert Burns,Jack Jenkins,-246
2024-08-17,UFC 305: Du Plessis vs. Adesanya,Jack Jenkins vs. Herbert Burns,Herbert Burns,246
2024-05-04,UFC 301: Pantoja vs. Erceg,Jack Shore vs. Joanderson Brito,Jack Shore,-100
2024-05-04,UFC 301: Pantoja vs. Erceg,Jack Shore vs. Joanderson Brito,Joanderson Brito,-100
2023-03-18,UFC 286: Edwards vs. Usman 3,Jack Shore vs. Makwan Amirkhani,Jack Shore,-438
2023-03-18,UFC 286: Edwards vs. Usman 3,Jack Shore vs. Makwan Amirkhani,Makwan Amirkhani,438
2023-09-23,UFC Fight Night: Fiziev vs. Gamrot,Jacob Malkoun vs. Cody Brundage,Jacob Malkoun,-177
2023-09-23,UFC Fight Night: Fiziev vs. Gamrot,Jacob Malkoun vs. Cody Brundage,Cody Brundage,177
2024-03-16,UFC Fight Night: Tuivasa vs. Tybura,Jafel Filho vs. Ode Osbourne,Jafel Filho,-131
2024-03-16,UFC Fight Night: Tuivasa vs. Tybura,Jafel Filho vs. Ode Osbourne,Ode Osbourne,131
2023-07-22,UFC Fight Night: Aspinall vs. Tybura,Jai Herbert vs. Fares Ziam,Jai Herbert,303
2023-07-22,UFC Fight Night: Aspinall vs. Tybura,Jai Herbert vs. Fares Ziam,Fares Ziam,-303
2022-07-23,UFC Fight Night: Blaydes vs. Aspinall,Jai Herbert vs. Kyle Nelson,Jai Herbert,-159
2022-07-23,UFC Fight Night: Blaydes vs. Aspinall,Jai Herbert vs. Kyle Nelson,Kyle Nelson,159
2023-03-18,UFC 286: Edwards vs. Usman 3,Jai Herbert vs. Ludovit Klein,Jai Herbert,177
2023-03-18,UFC 286: Edwards vs. Usman 3,Jai Herbert vs. Ludovit Klein,Ludovit Klein,-177
2024-08-03,UFC Fight Night: Sandhagen vs. Nurmagomedov,Jai Herbert vs. Rolando Bedoya,Jai Herbert,375
2024-08-03,UFC Fight Night: Sandhagen vs. Nurmagomedov,Jai Herbert vs. Rolando Bedoya,Rolando Bedoya,-375
2024-06-01,UFC 302: Makhachev vs. Poirier,Jailton Almeida vs. Alexandr Romanov,Jailton Almeida,-163
2024-06-01,UFC 302: Makhachev vs. Poirier,Jailton Almeida vs. Alexandr Romanov,Alexandr Romanov,163
2023-11-04,UFC Fight Night: Almeida vs. Lewis,Jailton Almeida vs. Derrick Lewis,Jailton Almeida,-375
2023-11-04,UFC Fight Night: Almeida vs. Lewis,Jailton Almeida vs. Derrick Lewis,Derrick Lewis,375
2022-12-10,UFC 282: Blachowicz vs. Ankalaev,Jairzinho Rozenstruik vs. Chris Daukaus,Jairzinho Rozenstruik,106
2022-12-10,UFC 282: Blachowicz vs. Ankalaev,Jairzinho Rozenstruik vs. Chris Daukaus,Chris Daukaus,-106
2023-05-13,UFC Fight Night: Rozenstruik vs. Almeida,Jairzinho Rozenstruik vs. Jailton Almeida,Jairzinho Rozenstruik,-100
2023-05-13,UFC Fight Night: Rozenstruik vs. Almeida,Jairzinho Rozenstruik vs. Jailton Almeida,Jailton Almeida,-100
2024-03-02,UFC Fight Night: Rozenstruik vs. Gaziev,Jairzinho Rozenstruik vs. Shamil Gaziev,Jairzinho Rozenstruik,-139
2024-03-02,UFC Fight Night: Rozenstruik vs. Gaziev,Jairzinho Rozenstruik vs. Shamil Gaziev,Shamil Gaziev,139
2022-09-10,UFC 279: Diaz vs. Ferguson,Jake Collier vs. Chris Barnett,Jake Collier,-234
2022-09-10,UFC 279: Diaz vs. Ferguson,Jake Collier vs. Chris Barnett,Chris Barnett,234
2024-07-27,UFC 304: Edwards vs. Muhammad 2,Jake Hadley vs. Caolan Loughran,Jake Hadley,106
2024-07-27,UFC 304: Edwards vs. Muhammad 2,Jake Hadley vs. Caolan Loughran,Caolan Loughran,-106
2023-03-18,UFC 286: Edwards vs. Usman 3,Jake Hadley vs. Malcolm Gordon,Jake Hadley,-246
2023-03-18,UFC 286: Edwards vs. Usman 3,Jake Hadley vs. Malcolm Gordon,Malcolm Gordon,246
2022-12-17,UFC Fight Night: Cannonier vs. Strickland,Jake Matthews vs. Matthew Semelsberger,Jake Matthews,-163
2022-12-17,UFC Fight Night: Cannonier vs. Strickland,Jake Matthews vs. Matthew Semelsberger,Matthew Semelsberger,163
2023-07-08,UFC 290: Volkanovski vs. Rodriguez,Jalin Turner vs. Dan Hooker,Jalin Turner,-131
2023-07-08,UFC 290: Volkanovski vs. Rodriguez,Jalin Turner vs. Dan Hooker,Dan Hooker,131
2023-12-02,UFC Fight Night: Dariush vs. Tsarukyan,Jalin Turner vs. King Green,Jalin Turner,143
2023-12-02,UFC Fight Night: Dariush vs. Tsarukyan,Jalin Turner vs. King Green,King Green,-143
2024-04-13,UFC 300: Pereira vs. Hill,Jalin Turner vs. Renato Moicano,Jalin Turner,-303
2024-04-13,UFC 300: Pereira vs. Hill,Jalin Turner vs. Renato Moicano,Renato Moicano,303
2023-06-24,UFC Fight Night: Emmett vs. Topuria,Jamall Emmers vs. Jack Jenkins,Jamall Emmers,-100
2023-06-24,UFC Fight Night: Emmett vs. Topuria,Jamall Emmers vs. Jack Jenkins,Jack Jenkins,-100
2023-09-09,UFC 293: Adesanya vs. Strickland,Jamie Mullarkey vs. John Makdessi,Jamie Mullarkey,-150
2023-09-09,UFC 293: Adesanya vs. Strickland,Jamie Mullarkey vs. John Makdessi,John Makdessi,150
2023-07-29,UFC 291: Poirier vs. Gaethje 2,Jan Blachowicz vs. Alex Pereira,Jan Blachowicz,-150
2023-07-29,UFC 291: Poirier vs. Gaethje 2,Jan Blachowicz vs. Alex Pereira,Alex Pereira,150
2022-12-10,UFC 282: Blachowicz vs. Ankalaev,Jan Blachowicz vs. Magomed Ankalaev,Jan Blachowicz,159
2022-12-10,UFC 282: Blachowicz vs. Ankalaev,Jan Blachowicz vs. Magomed Ankalaev,Magomed Ankalaev,-159
2024-08-24,UFC Fight Night: Cannonier vs. Borralho,Jared Cannonier vs. Caio Borralho,Jared Cannonier,303
2024-08-24,UFC Fight Night: Cannonier vs. Borralho,Jared Cannonier vs. Caio Borralho,Caio Borralho,-303
2024-06-08,UFC Fight Night: Cannonier vs. Imavov,Jared Cannonier vs. Nassourdine Imavov,Jared Cannonier,168
2024-06-08,UFC Fight Night: Cannonier vs. Imavov,Jared Cannonier vs. Nassourdine Imavov,Nassourdine Imavov,-168
2022-12-17,UFC Fight Night: Cannonier vs. Strickland,Jared Cannonier vs. Sean Strickland,Jared Cannonier,234
2022-12-17,UFC Fight Night: Cannonier vs. Strickland,Jared Cannonier vs. Sean Strickland,Sean Strickland,-234
2023-11-11,UFC 295: Prochazka vs. Pereira,Jared Gordon vs. Mark Madsen,Jared Gordon,-246
2023-11-11,UFC 295: Prochazka vs. Pereira,Jared Gordon vs. Mark Madsen,Mark Madsen,246
2022-07-09,UFC Fight Night: Dos Anjos vs. Fiziev,Jared Vanderaa vs. Chase Sherman,Jared Vanderaa,-288
2022-07-09,UFC Fight Night: Dos Anjos vs. Fiziev,Jared Vanderaa vs. Chase Sherman,Chase Sherman,288
2023-11-18,UFC Fight Night: Allen vs. Craig,Jeka Saragih vs. Lucas Alexander,Jeka Saragih,303
2023-11-18,UFC Fight Night: Allen vs. Craig,Jeka Saragih vs. Lucas Alexander,Lucas Alexander,-303
2024-06-15,UFC Fight Night: Perez vs. Taira,Jeka Saragih vs. Westin Wilson,Jeka Saragih,-159
2024-06-15,UFC Fight Night: Perez vs. Taira,Jeka Saragih vs. Westin Wilson,Westin Wilson,159
2024-02-03,UFC Fight Night: Dolidze vs. Imavov,JeongYeong Lee vs. Blake Bilder,JeongYeong Lee,-163
2024-02-03,UFC Fight Night: Dolidze vs. Imavov,JeongYeong Lee vs. Blake Bilder,Blake Bilder,163
2024-07-20,UFC Fight Night: Lemos vs. Jandiroba,JeongYeong Lee vs. Hyder Amil,JeongYeong Lee,-159
2024-07-20,UFC Fight Night: Lemos vs. Jandiroba,JeongYeong Lee vs. Hyder Amil,Hyder Amil,159
2023-08-05,UFC Fight Night: Sandhagen vs. Font,Jeremiah Wells vs. Carlston Harris,Jeremiah Wells,-150
2023-08-05,UFC Fight Night: Sandhagen vs. Font,Jeremiah Wells vs. Carlston Harris,Carlston Harris,150
2023-04-22,UFC Fight Night: Pavlovich vs. Blaydes,Jeremiah Wells vs. Matthew Semelsberger,Jeremiah Wells,163
2023-04-22,UFC Fight Night: Pavlovich vs. Blaydes,Jeremiah Wells vs. Matthew Semelsberger,Matthew Semelsberger,-163
2024-02-24,UFC Fight Night: Moreno vs. Royval 2,Jesus Aguilar vs. Mateus Mendonca,Jesus Aguilar,-159
2024-02-24,UFC Fight Night: Moreno vs. Royval 2,Jesus Aguilar vs. Mateus Mendonca,Mateus Mendonca,159
2024-08-10,UFC Fight Night: Tybura vs. Spivac 2,Jhonata Diniz vs. Karl Williams,Jhonata Diniz,177
2024-08-10,UFC Fight Night: Tybura vs. Spivac 2,Jhonata Diniz vs. Karl Williams,Karl Williams,-177
2023-02-18,UFC Fight Night: Andrade vs. Blanchfield,Jim Miller vs. Alexander Hernandez,Jim Miller,159
2023-02-18,UFC Fight Night: Andrade vs. Blanchfield,Jim Miller vs. Alexander Hernandez,Alexander Hernandez,-159
2024-01-13,UFC Fight Night: Ankalaev vs. Walker 2,Jim Miller vs. Gabriel Benitez,Jim Miller,106
2024-01-13,UFC Fight Night: Ankalaev vs. Walker 2,Jim Miller vs. Gabriel Benitez,Gabriel Benitez,-106
2023-02-11,UFC 284: Makhachev vs. Volkanovski,Jimmy Crute vs. Alonzo Menifield,Jimmy Crute,-161
2023-02-11,UFC 284: Makhachev vs. Volkanovski,Jimmy Crute vs. Alonzo Menifield,Alonzo Menifield,158
2023-07-08,UFC 290: Volkanovski vs. Rodriguez,Jimmy Crute vs. Alonzo Menifield,Jimmy Crute,113
2023-07-08,UFC 290: Volkanovski vs. Rodriguez,Jimmy Crute vs. Alonzo Menifield,Alonzo Menifield,113
2023-06-17,UFC Fight Night: Vettori vs. Cannonier,Jimmy Flick vs. Alessandro Costa,Jimmy Flick,163
2023-06-17,UFC Fight Night: Vettori vs. Cannonier,Jimmy Flick vs. Alessandro Costa,Alessandro Costa,-163
2024-06-15,UFC Fight Night: Perez vs. Taira,Jimmy Flick vs. Nate Maness,Jimmy Flick,168
2024-06-15,UFC Fight Night: Perez vs. Taira,Jimmy Flick vs. Nate Maness,Nate Maness,-168
2024-04-13,UFC 300: Pereira vs. Hill,Jiri Prochazka vs. Aleksandar Rakic,Jiri Prochazka,159
2024-04-13,UFC 300: Pereira vs. Hill,Jiri Prochazka vs. Aleksandar Rakic,Aleksandar Rakic,-159
2023-11-11,UFC 295: Prochazka vs. Pereira,Jiri Prochazka vs. Alex Pereira,Jiri Prochazka,234
2023-11-11,UFC 295: Prochazka vs. Pereira,Jiri Prochazka vs. Alex Pereira,Alex Pereira,-234
2024-05-04,UFC 301: Pantoja vs. Erceg,Joaquim Silva vs. Drakkar Klose,Joaquim Silva,246
2024-05-04,UFC 301: Pantoja vs. Erceg,Joaquim Silva vs. Drakkar Klose,Drakkar Klose,-246
2022-10-01,UFC Fight Night: Dern vs. Yan,Joaquim Silva vs. Jesse Ronson,Joaquim Silva,131
2022-10-01,UFC Fight Night: Dern vs. Yan,Joaquim Silva vs. Jesse Ronson,Jesse Ronson,-131
2024-05-11,UFC Fight Night: Lewis vs. Nascimento,Joaquin Buckley vs. Nursulton Ruziboev,Joaquin Buckley,139
2024-05-11,UFC Fight Night: Lewis vs. Nascimento,Joaquin Buckley vs. Nursulton Ruziboev,Nursulton Ruziboev,-139
2023-10-07,UFC Fight Night: Dawson vs. Green,Joe Pyfer vs. Abdul Razak Alhassan,Joe Pyfer,-288
2023-10-07,UFC Fight Night: Dawson vs. Green,Joe Pyfer vs. Abdul Razak Alhassan,Abdul Razak Alhassan,288
2024-06-29,UFC 303: Pereira vs. Prochazka 2,Joe Pyfer vs. Marc-Andre Barriault,Joe Pyfer,-246
2024-06-29,UFC 303: Pereira vs. Prochazka 2,Joe Pyfer vs. Marc-Andre Barriault,Marc-Andre Barriault,246
2024-08-03,UFC Fight Night: Sandhagen vs. Nurmagomedov,Joel Alvarez vs. Elves Brener,Joel Alvarez,150
2024-08-03,UFC Fight Night: Sandhagen vs. Nurmagomedov,Joel Alvarez vs. Elves Brener,Elves Brener,-150
2024-06-08,UFC Fight Night: Cannonier vs. Imavov,John Castaneda vs. Daniel Marcos,John Castaneda,-121
2024-06-08,UFC Fight Night: Cannonier vs. Imavov,John Castaneda vs. Daniel Marcos,Daniel Marcos,121
2022-10-01,UFC Fight Night: Dern vs. Yan,John Castaneda vs. Daniel Santos,John Castaneda,-132
2022-10-01,UFC Fight Night: Dern vs. Yan,John Castaneda vs. Daniel Santos,Daniel Santos,132
2023-11-11,UFC 295: Prochazka vs. Pereira,John Castaneda vs. Kyung Ho Kang,John Castaneda,132
2023-11-11,UFC 295: Prochazka vs. Pereira,John Castaneda vs. Kyung Ho Kang,Kyung Ho Kang,-132
2022-09-03,UFC Fight Night: Gane vs. Tuivasa,John Makdessi vs. Nasrat Haqparast,John Makdessi,121
2022-09-03,UFC Fight Night: Gane vs. Tuivasa,John Makdessi vs. Nasrat Haqparast,Nasrat Haqparast,-121
2022-09-10,UFC 279: Diaz vs. Ferguson,Johnny Walker vs. Ion Cutelaba,Johnny Walker,-163
2022-09-10,UFC 279: Diaz vs. Ferguson,Johnny Walker vs. Ion Cutelaba,Ion Cutelaba,163
2024-06-22,UFC Fight Night: Whittaker vs. Aliskerov,Johnny Walker vs. Volkan Oezdemir,Johnny Walker,-163
2024-06-22,UFC Fight Night: Whittaker vs. Aliskerov,Johnny Walker vs. Volkan Oezdemir,Volkan Oezdemir,163
2023-03-04,UFC 285: Jones vs. Gane,Jon Jones vs. Ciryl Gane,Jon Jones,-177
2023-03-04,UFC 285: Jones vs. Gane,Jon Jones vs. Ciryl Gane,Ciryl Gane,177
2023-10-14,UFC Fight Night: Yusuff vs. Barboza,Jonathan Martinez vs. Adrian Yanez,Jonathan Martinez,-159
2023-10-14,UFC Fight Night: Yusuff vs. Barboza,Jonathan Martinez vs. Adrian Yanez,Adrian Yanez,159
2024-04-27,UFC Fight Night: Nicolau vs. Perez,Jonathan Pearce vs. David Onama,Jonathan Pearce,-163
2024-04-27,UFC Fight Night: Nicolau vs. Perez,Jonathan Pearce vs. David Onama,David Onama,163
2023-11-18,UFC Fight Night: Allen vs. Craig,Jonathan Pearce vs. Joanderson Brito,Jonathan Pearce,-150
2023-11-18,UFC Fight Night: Allen vs. Craig,Jonathan Pearce vs. Joanderson Brito,Joanderson Brito,150
2022-10-15,UFC Fight Night: Grasso vs. Araujo,Jordan Wright vs. Dusko Todorovic,Jordan Wright,-100
2022-10-15,UFC Fight Night: Grasso vs. Araujo,Jordan Wright vs. Dusko Todorovic,Dusko Todorovic,-100
2023-02-18,UFC Fight Night: Andrade vs. Blanchfield,Jordan Wright vs. Zac Pauga,Jordan Wright,150
2023-02-18,UFC Fight Night: Andrade vs. Blanchfield,Jordan Wright vs. Zac Pauga,Zac Pauga,-150
2024-05-04,UFC 301: Pantoja vs. Erceg,Jose Aldo vs. Jonathan Martinez,Jose Aldo,288
2024-05-04,UFC 301: Pantoja vs. Erceg,Jose Aldo vs. Jonathan Martinez,Jonathan Martinez,-288
2022-08-20,UFC 278: Usman vs. Edwards,Jose Aldo vs. Merab Dvalishvili,Jose Aldo,438
2022-08-20,UFC 278: Usman vs. Edwards,Jose Aldo vs. Merab Dvalishvili,Merab Dvalishvili,-438
2023-05-06,UFC 288: Sterling vs. Cejudo,Joseph Holmes vs. Claudio Ribeiro,Joseph Holmes,-246
2023-05-06,UFC 288: Sterling vs. Cejudo,Joseph Holmes vs. Claudio Ribeiro,Claudio Ribeiro,246
2022-10-29,UFC Fight Night: Kattar vs. Allen,Joseph Holmes vs. JunYong Park,Joseph Holmes,-159
2022-10-29,UFC Fight Night: Kattar vs. Allen,Joseph Holmes vs. JunYong Park,JunYong Park,159
2023-02-11,UFC 284: Makhachev vs. Volkanovski,Josh Culibao vs. Melsik Baghdasaryan,Josh Culibao,-159
2023-02-11,UFC 284: Makhachev vs. Volkanovski,Josh Culibao vs. Melsik Baghdasaryan,Melsik Baghdasaryan,159
2024-08-17,UFC 305: Du Plessis vs. Adesanya,Josh Culibao vs. Ricardo Ramos,Josh Culibao,-183
2024-08-17,UFC 305: Du Plessis vs. Adesanya,Josh Culibao vs. Ricardo Ramos,Ricardo Ramos,183
2023-12-16,UFC 296: Edwards vs. Covington,Josh Emmett vs. Bryce Mitchell,Josh Emmett,702
2023-12-16,UFC 296: Edwards vs. Covington,Josh Emmett vs. Bryce Mitchell,Bryce Mitchell,-702
2023-06-24,UFC Fight Night: Emmett vs. Topuria,Josh Emmett vs. Ilia Topuria,Josh Emmett,833
2023-06-24,UFC Fight Night: Emmett vs. Topuria,Josh Emmett vs. Ilia Topuria,Ilia Topuria,-833
2024-07-13,UFC Fight Night: Namajunas vs. Cortez,Josh Fremd vs. Andre Petroski,Josh Fremd,163
2024-07-13,UFC Fight Night: Namajunas vs. Cortez,Josh Fremd vs. Andre Petroski,Andre Petroski,-163
2023-08-12,UFC Fight Night: Luque vs. Dos Anjos,Josh Fremd vs. Jamie Pickett,Josh Fremd,-177
2023-08-12,UFC Fight Night: Luque vs. Dos Anjos,Josh Fremd vs. Jamie Pickett,Jamie Pickett,177
2022-10-29,UFC Fight Night: Kattar vs. Allen,Josh Fremd vs. Tresean Gore,Josh Fremd,-100
2022-10-29,UFC Fight Night: Kattar vs. Allen,Josh Fremd vs. Tresean Gore,Tresean Gore,-100
2023-08-12,UFC Fight Night: Luque vs. Dos Anjos,Josh Parisian vs. Martin Buday,Josh Parisian,159
2023-08-12,UFC Fight Night: Luque vs. Dos Anjos,Josh Parisian vs. Martin Buday,Martin Buday,-159
2024-06-15,UFC Fight Night: Perez vs. Taira,Josh Quinlan vs. Adam Fugitt,Josh Quinlan,150
2024-06-15,UFC Fight Night: Perez vs. Taira,Josh Quinlan vs. Adam Fugitt,Adam Fugitt,-150
2024-07-13,UFC Fight Night: Namajunas vs. Cortez,Joshua Van vs. Charles Johnson,Joshua Van,-159
2024-07-13,UFC Fight Night: Namajunas vs. Cortez,Joshua Van vs. Charles Johnson,Charles Johnson,159
2024-07-13,UFC Fight Night: Namajunas vs. Cortez,Julian Erosa vs. Christian Rodriguez,Julian Erosa,438
2024-07-13,UFC Fight Night: Namajunas vs. Cortez,Julian Erosa vs. Christian Rodriguez,Christian Rodriguez,-438
2023-03-04,UFC 285: Jones vs. Gane,Julian Marquez vs. Marc-Andre Barriault,Julian Marquez,125
2023-03-04,UFC 285: Jones vs. Gane,Julian Marquez vs. Marc-Andre Barriault,Marc-Andre Barriault,-125
2024-06-08,UFC Fight Night: Cannonier vs. Imavov,Julian Marquez vs. Zachary Reese,Julian Marquez,150
2024-06-08,UFC Fight Night: Cannonier vs. Imavov,Julian Marquez vs. Zachary Reese,Zachary Reese,-150
2024-03-30,UFC Fight Night: Blanchfield vs. Fiorot,Julio Arce vs. Herbert Burns,Julio Arce,-163
2024-03-30,UFC Fight Night: Blanchfield vs. Fiorot,Julio Arce vs. Herbert Burns,Herbert Burns,163
2022-11-12,UFC 281: Adesanya vs. Pereira,Julio Arce vs. Montel Jackson,Julio Arce,246
2022-11-12,UFC 281: Adesanya vs. Pereira,Julio Arce vs. Montel Jackson,Montel Jackson,-246
2023-12-09,UFC Fight Night: Song vs. Gutierrez,JunYong Park vs. Andre Muniz,JunYong Park,-100
2023-12-09,UFC Fight Night: Song vs. Gutierrez,JunYong Park vs. Andre Muniz,Andre Muniz,-100
2023-02-04,UFC Fight Night: Lewis vs. Spivac,JunYong Park vs. Denis Tiuliulin,JunYong Park,-246
2023-02-04,UFC Fight Night: Lewis vs. Spivac,JunYong Park vs. Denis Tiuliulin,Denis Tiuliulin,246
2023-08-26,UFC Fight Night: Holloway vs. The Korean Zombie,Junior Tafa vs. Parker Porter,Junior Tafa,-303
2023-08-26,UFC Fight Night: Holloway vs. The Korean Zombie,Junior Tafa vs. Parker Porter,Parker Porter,303
2024-08-17,UFC 305: Du Plessis vs. Adesanya,Junior Tafa vs. Valter Walker,Junior Tafa,-100
2024-08-17,UFC 305: Du Plessis vs. Adesanya,Junior Tafa vs. Valter Walker,Valter Walker,-100
2024-04-13,UFC 300: Pereira vs. Hill,Justin Gaethje vs. Max Holloway,Justin Gaethje,215
2024-04-13,UFC 300: Pereira vs. Hill,Justin Gaethje vs. Max Holloway,Max Holloway,-215
2023-03-18,UFC 286: Edwards vs. Usman 3,Justin Gaethje vs. Rafael Fiziev,Justin Gaethje,-100
2023-03-18,UFC 286: Edwards vs. Usman 3,Justin Gaethje vs. Rafael Fiziev,Rafael Fiziev,-100
2023-02-11,UFC 284: Makhachev vs. Volkanovski,Justin Tafa vs. Parker Porter,Justin Tafa,-234
2023-02-11,UFC 284: Makhachev vs. Volkanovski,Justin Tafa vs. Parker Porter,Parker Porter,234
2023-06-03,UFC Fight Night: Kara-France vs. Albazi,Kai Kara-France vs. Amir Albazi,Kai Kara-France,163
2023-06-03,UFC Fight Night: Kara-France vs. Albazi,Kai Kara-France vs. Amir Albazi,Amir Albazi,-163
2024-08-17,UFC 305: Du Plessis vs. Adesanya,Kai Kara-France vs. Steve Erceg,Kai Kara-France,-125
2024-08-17,UFC 305: Du Plessis vs. Adesanya,Kai Kara-France vs. Steve Erceg,Steve Erceg,125
2023-10-21,UFC 294: Makhachev vs. Volkanovski 2,Kamaru Usman vs. Khamzat Chimaev,Kamaru Usman,-215
2023-10-21,UFC 294: Makhachev vs. Volkanovski 2,Kamaru Usman vs. Khamzat Chimaev,Khamzat Chimaev,215
2022-08-20,UFC 278: Usman vs. Edwards,Kamaru Usman vs. Leon Edwards,Kamaru Usman,-438
2022-08-20,UFC 278: Usman vs. Edwards,Kamaru Usman vs. Leon Edwards,Leon Edwards,438
2023-07-08,UFC 290: Volkanovski vs. Rodriguez,Kamuela Kirk vs. Esteban Ribovics,Kamuela Kirk,159
2023-07-08,UFC 290: Volkanovski vs. Rodriguez,Kamuela Kirk vs. Esteban Ribovics,Esteban Ribovics,-159
2023-05-13,UFC Fight Night: Rozenstruik vs. Almeida,Karl Williams vs. Chase Sherman,Karl Williams,-702
2023-05-13,UFC Fight Night: Rozenstruik vs. Almeida,Karl Williams vs. Chase Sherman,Chase Sherman,702
2024-03-23,UFC Fight Night: Ribas vs. Namajunas,Karl Williams vs. Justin Tafa,Karl Williams,-150
2024-03-23,UFC Fight Night: Ribas vs. Namajunas,Karl Williams vs. Justin Tafa,Justin Tafa,150
2024-06-22,UFC Fight Night: Whittaker vs. Aliskerov,Kelvin Gastelum vs. Daniel Rodriguez,Kelvin Gastelum,-215
2024-06-22,UFC Fight Night: Whittaker vs. Aliskerov,Kelvin Gastelum vs. Daniel Rodriguez,Daniel Rodriguez,215
2023-05-06,UFC 288: Sterling vs. Cejudo,Kennedy Nzechukwu vs. Devin Clark,Kennedy Nzechukwu,-186
2023-05-06,UFC 288: Sterling vs. Cejudo,Kennedy Nzechukwu vs. Devin Clark,Devin Clark,186
2022-11-19,UFC Fight Night: Nzechukwu vs. Cutelaba,Kennedy Nzechukwu vs. Ion Cutelaba,Kennedy Nzechukwu,-163
2022-11-19,UFC Fight Night: Nzechukwu vs. Cutelaba,Kennedy Nzechukwu vs. Ion Cutelaba,Ion Cutelaba,163
2022-07-09,UFC Fight Night: Dos Anjos vs. Fiziev,Kennedy Nzechukwu vs. Karl Roberson,Kennedy Nzechukwu,-163
2022-07-09,UFC Fight Night: Dos Anjos vs. Fiziev,Kennedy Nzechukwu vs. Karl Roberson,Karl Roberson,163
2023-09-16,UFC Fight Night: Grasso vs. Shevchenko 2,Kevin Holland vs. Jack Della Maddalena,Kevin Holland,121
2023-09-16,UFC Fight Night: Grasso vs. Shevchenko 2,Kevin Holland vs. Jack Della Maddalena,Jack Della Maddalena,-121
2024-06-01,UFC 302: Makhachev vs. Poirier,Kevin Holland vs. Michal Oleksiejczuk,Kevin Holland,-303
2024-06-01,UFC 302: Makhachev vs. Poirier,Kevin Holland vs. Michal Oleksiejczuk,Michal Oleksiejczuk,303
2023-04-08,UFC 287: Pereira vs. Adesanya 2,Kevin Holland vs. Santiago Ponzinibbio,Kevin Holland,-159
2023-04-08,UFC 287: Pereira vs. Adesanya 2,Kevin Holland vs. Santiago Ponzinibbio,Santiago Ponzinibbio,159
2023-07-01,UFC Fight Night: Strickland vs. Magomedov,Kevin Lee vs. Rinat Fakhretdinov,Kevin Lee,150
2023-07-01,UFC Fight Night: Strickland vs. Magomedov,Kevin Lee vs. Rinat Fakhretdinov,Rinat Fakhretdinov,-150
2023-08-12,UFC Fight Night: Luque vs. Dos Anjos,Khalil Rountree Jr. vs. Chris Daukaus,Khalil Rountree Jr.,234
2023-08-12,UFC Fight Night: Luque vs. Dos Anjos,Khalil Rountree Jr. vs. Chris Daukaus,Chris Daukaus,-234
2022-09-10,UFC 279: Diaz vs. Ferguson,Khamzat Chimaev vs. Kevin Holland,Khamzat Chimaev,177
2022-09-10,UFC 279: Diaz vs. Ferguson,Khamzat Chimaev vs. Kevin Holland,Kevin Holland,-177
2024-05-18,UFC Fight Night: Barboza vs. Murphy,Khaos Williams vs. Carlston Harris,Khaos Williams,-100
2024-05-18,UFC Fight Night: Barboza vs. Murphy,Khaos Williams vs. Carlston Harris,Carlston Harris,-100
2024-04-13,UFC 300: Pereira vs. Hill,King Green vs. Jim Miller,King Green,-234
2024-04-13,UFC 300: Pereira vs. Hill,King Green vs. Jim Miller,Jim Miller,234
2024-07-27,UFC 304: Edwards vs. Muhammad 2,King Green vs. Paddy Pimblett,King Green,-150
2024-07-27,UFC 304: Edwards vs. Muhammad 2,King Green vs. Paddy Pimblett,Paddy Pimblett,150
2023-05-06,UFC 288: Sterling vs. Cejudo,Kron Gracie vs. Charles Jourdain,Kron Gracie,215
2023-05-06,UFC 288: Sterling vs. Cejudo,Kron Gracie vs. Charles Jourdain,Charles Jourdain,-215
2022-10-01,UFC Fight Night: Dern vs. Yan,Krzysztof Jotko vs. Brendan Allen,Krzysztof Jotko,150
2022-10-01,UFC Fight Night: Dern vs. Yan,Krzysztof Jotko vs. Brendan Allen,Brendan Allen,-150
2023-08-19,UFC 292: Sterling vs. O'Malley,Kurt Holobaugh vs. Austin Hubbard,Kurt Holobaugh,183
2023-08-19,UFC 292: Sterling vs. O'Malley,Kurt Holobaugh vs. Austin Hubbard,Austin Hubbard,-183
2024-07-20,UFC Fight Night: Lemos vs. Jandiroba,Kurt Holobaugh vs. Kaynan Kruschewsky,Kurt Holobaugh,159
2024-07-20,UFC Fight Night: Lemos vs. Jandiroba,Kurt Holobaugh vs. Kaynan Kruschewsky,Kaynan Kruschewsky,-159
2024-03-23,UFC Fight Night: Ribas vs. Namajunas,Kurt Holobaugh vs. Trey Ogden,Kurt Holobaugh,159
2024-03-23,UFC Fight Night: Ribas vs. Namajunas,Kurt Holobaugh vs. Trey Ogden,Trey Ogden,-159
2023-06-10,UFC 289: Nunes vs. Aldana,Kyle Nelson vs. Blake Bilder,Kyle Nelson,159
2023-06-10,UFC 289: Nunes vs. Aldana,Kyle Nelson vs. Blake Bilder,Blake Bilder,-159
2023-08-05,UFC Fight Night: Sandhagen vs. Font,Kyler Phillips vs. Raoni Barcelos,Kyler Phillips,-303
2023-08-05,UFC Fight Night: Sandhagen vs. Font,Kyler Phillips vs. Raoni Barcelos,Raoni Barcelos,303
2023-06-17,UFC Fight Night: Vettori vs. Cannonier,Kyung Ho Kang vs. Cristian Quinonez,Kyung Ho Kang,234
2023-06-17,UFC Fight Night: Vettori vs. Cannonier,Kyung Ho Kang vs. Cristian Quinonez,Cristian Quinonez,-234
2024-06-22,UFC Fight Night: Whittaker vs. Aliskerov,Kyung Ho Kang vs. Muin Gafurov,Kyung Ho Kang,159
2024-06-22,UFC Fight Night: Whittaker vs. Aliskerov,Kyung Ho Kang vs. Muin Gafurov,Muin Gafurov,-159
2023-04-15,UFC Fight Night: Holloway vs. Allen,Lando Vannata vs. Daniel Zellhuber,Lando Vannata,159
2023-04-15,UFC Fight Night: Holloway vs. Allen,Lando Vannata vs. Daniel Zellhuber,Daniel Zellhuber,-159
2024-07-27,UFC 304: Edwards vs. Muhammad 2,Leon Edwards vs. Belal Muhammad,Leon Edwards,-163
2024-07-27,UFC 304: Edwards vs. Muhammad 2,Leon Edwards vs. Belal Muhammad,Belal Muhammad,163
2023-12-16,UFC 296: Edwards vs. Covington,Leon Edwards vs. Colby Covington,Leon Edwards,-159
2023-12-16,UFC 296: Edwards vs. Covington,Leon Edwards vs. Colby Covington,Colby Covington,159
2023-03-18,UFC 286: Edwards vs. Usman 3,Leon Edwards vs. Kamaru Usman,Leon Edwards,246
2023-03-18,UFC 286: Edwards vs. Usman 3,Leon Edwards vs. Kamaru Usman,Kamaru Usman,-246
2022-08-20,UFC 278: Usman vs. Edwards,Leonardo Santos vs. Jared Gordon,Leonardo Santos,246
2022-08-20,UFC 278: Usman vs. Edwards,Leonardo Santos vs. Jared Gordon,Jared Gordon,-246
2023-07-22,UFC Fight Night: Aspinall vs. Tybura,Lerone Murphy vs. Josh Culibao,Lerone Murphy,-106
2023-07-22,UFC Fight Night: Aspinall vs. Tybura,Lerone Murphy vs. Josh Culibao,Josh Culibao,106
2024-08-17,UFC 305: Du Plessis vs. Adesanya,Li Jingliang vs. Carlos Prates,Li Jingliang,-159
2024-08-17,UFC 305: Du Plessis vs. Adesanya,Li Jingliang vs. Carlos Prates,Carlos Prates,159
2022-09-10,UFC 279: Diaz vs. Ferguson,Li Jingliang vs. Daniel Rodriguez,Li Jingliang,-106
2022-09-10,UFC 279: Diaz vs. Ferguson,Li Jingliang vs. Daniel Rodriguez,Daniel Rodriguez,106
2022-07-16,UFC Fight Night: Ortega vs. Rodriguez,Li Jingliang vs. Muslim Salikhov,Li Jingliang,-159
2022-07-16,UFC Fight Night: Ortega vs. Rodriguez,Li Jingliang vs. Muslim Salikhov,Muslim Salikhov,159
2022-11-05,UFC Fight Night: Rodriguez vs. Lemos,Liudvik Sholinian vs. Johnny Munoz,Liudvik Sholinian,303
2022-11-05,UFC Fight Night: Rodriguez vs. Lemos,Liudvik Sholinian vs. Johnny Munoz,Johnny Munoz,-303
2024-07-20,UFC Fight Night: Lemos vs. Jandiroba,Loik Radzhabov vs. Trey Ogden,Loik Radzhabov,-150
2024-07-20,UFC Fight Night: Lemos vs. Jandiroba,Loik Radzhabov vs. Trey Ogden,Trey Ogden,150
2022-07-30,UFC 277: Pena vs. Nunes 2,Magomed Ankalaev vs. Anthony Smith,Magomed Ankalaev,-438
2022-07-30,UFC 277: Pena vs. Nunes 2,Magomed Ankalaev vs. Anthony Smith,Anthony Smith,438
2024-01-13,UFC Fight Night: Ankalaev vs. Walker 2,Magomed Ankalaev vs. Johnny Walker,Magomed Ankalaev,-163
2024-01-13,UFC Fight Night: Ankalaev vs. Walker 2,Magomed Ankalaev vs. Johnny Walker,Johnny Walker,163
2023-05-20,UFC Fight Night: Dern vs. Hill,Maheshate vs. Viacheslav Borshchev,Maheshate,-163
2023-05-20,UFC Fight Night: Dern vs. Hill,Maheshate vs. Viacheslav Borshchev,Viacheslav Borshchev,163
2023-07-22,UFC Fight Night: Aspinall vs. Tybura,Makhmud Muradov vs. Bryan Barberena,Makhmud Muradov,-159
2023-07-22,UFC Fight Night: Aspinall vs. Tybura,Makhmud Muradov vs. Bryan Barberena,Bryan Barberena,159
2022-10-22,UFC 280: Oliveira vs. Makhachev,Makhmud Muradov vs. Caio Borralho,Makhmud Muradov,159
2022-10-22,UFC 280: Oliveira vs. Makhachev,Makhmud Muradov vs. Caio Borralho,Caio Borralho,-159
2022-07-23,UFC Fight Night: Blaydes vs. Aspinall,Makwan Amirkhani vs. Jonathan Pearce,Makwan Amirkhani,163
2022-07-23,UFC Fight Night: Blaydes vs. Aspinall,Makwan Amirkhani vs. Jonathan Pearce,Jonathan Pearce,-163
2024-01-20,UFC 297: Strickland vs. Du Plessis,Malcolm Gordon vs. Jimmy Flick,Malcolm Gordon,-150
2024-01-20,UFC 297: Strickland vs. Du Plessis,Malcolm Gordon vs. Jimmy Flick,Jimmy Flick,150
2022-10-15,UFC Fight Night: Grasso vs. Araujo,Mana Martinez vs. Brandon Davis,Mana Martinez,-163
2022-10-15,UFC Fight Night: Grasso vs. Araujo,Mana Martinez vs. Brandon Davis,Brandon Davis,163
2023-03-04,UFC 285: Jones vs. Gane,Mana Martinez vs. Cameron Saaiman,Mana Martinez,163
2023-03-04,UFC 285: Jones vs. Gane,Mana Martinez vs. Cameron Saaiman,Cameron Saaiman,-163
2024-02-24,UFC Fight Night: Moreno vs. Royval 2,Manuel Torres vs. Chris Duncan,Manuel Torres,150
2024-02-24,UFC Fight Night: Moreno vs. Royval 2,Manuel Torres vs. Chris Duncan,Chris Duncan,-150
2023-06-17,UFC Fight Night: Vettori vs. Cannonier,Manuel Torres vs. Nikolas Motta,Manuel Torres,-106
2023-06-17,UFC Fight Night: Vettori vs. Cannonier,Manuel Torres vs. Nikolas Motta,Nikolas Motta,106
2022-07-23,UFC Fight Night: Blaydes vs. Aspinall,Marc Diakiese vs. Damir Hadzovic,Marc Diakiese,-177
2022-07-23,UFC Fight Night: Blaydes vs. Aspinall,Marc Diakiese vs. Damir Hadzovic,Damir Hadzovic,177
2023-07-22,UFC Fight Night: Aspinall vs. Tybura,Marc Diakiese vs. Joel Alvarez,Marc Diakiese,106
2023-07-22,UFC Fight Night: Aspinall vs. Tybura,Marc Diakiese vs. Joel Alvarez,Joel Alvarez,-106
2023-06-10,UFC 289: Nunes vs. Aldana,Marc-Andre Barriault vs. Eryk Anders,Marc-Andre Barriault,-150
2023-06-10,UFC 289: Nunes vs. Aldana,Marc-Andre Barriault vs. Eryk Anders,Eryk Anders,150
2022-08-20,UFC 278: Usman vs. Edwards,Marcin Tybura vs. Alexandr Romanov,Marcin Tybura,163
2022-08-20,UFC 278: Usman vs. Edwards,Marcin Tybura vs. Alexandr Romanov,Alexandr Romanov,-163
2023-02-04,UFC Fight Night: Lewis vs. Spivac,Marcin Tybura vs. Blagoy Ivanov,Marcin Tybura,-246
2023-02-04,UFC Fight Night: Lewis vs. Spivac,Marcin Tybura vs. Blagoy Ivanov,Blagoy Ivanov,246
2024-08-10,UFC Fight Night: Tybura vs. Spivac 2,Marcin Tybura vs. Serghei Spivac,Marcin Tybura,121
2024-08-10,UFC Fight Night: Tybura vs. Spivac 2,Marcin Tybura vs. Serghei Spivac,Serghei Spivac,-121
2024-02-17,UFC 298: Volkanovski vs. Topuria,Marcos Rogerio de Lima vs. Junior Tafa,Marcos Rogerio de Lima,163
2024-02-17,UFC 298: Volkanovski vs. Topuria,Marcos Rogerio de Lima vs. Junior Tafa,Junior Tafa,-163
2023-04-29,UFC Fight Night: Song vs. Simon,Marcos Rogerio de Lima vs. Waldo Cortes-Acosta,Marcos Rogerio de Lima,-159
2023-04-29,UFC Fight Night: Song vs. Simon,Marcos Rogerio de Lima vs. Waldo Cortes-Acosta,Waldo Cortes-Acosta,159
2024-01-13,UFC Fight Night: Ankalaev vs. Walker 2,Marcus McGhee vs. Gaston Bolanos,Marcus McGhee,-131
2024-01-13,UFC Fight Night: Ankalaev vs. Walker 2,Marcus McGhee vs. Gaston Bolanos,Gaston Bolanos,131
2022-11-05,UFC Fight Night: Rodriguez vs. Lemos,Mario Bautista vs. Benito Lopez,Mario Bautista,-163
2022-11-05,UFC Fight Night: Rodriguez vs. Lemos,Mario Bautista vs. Benito Lopez,Benito Lopez,163
2023-03-11,UFC Fight Night: Yan vs. Dvalishvili,Mario Bautista vs. Guido Cannetti,Mario Bautista,-303
2023-03-11,UFC Fight Night: Yan vs. Dvalishvili,Mario Bautista vs. Guido Cannetti,Guido Cannetti,303
2023-03-25,UFC Fight Night: Vera vs. Sandhagen,Marlon Vera vs. Cory Sandhagen,Marlon Vera,375
2023-03-25,UFC Fight Night: Vera vs. Sandhagen,Marlon Vera vs. Cory Sandhagen,Cory Sandhagen,-375
2024-08-03,UFC Fight Night: Sandhagen vs. Nurmagomedov,Marlon Vera vs. Deiveson Figueiredo,Marlon Vera,-150
2024-08-03,UFC Fight Night: Sandhagen vs. Nurmagomedov,Marlon Vera vs. Deiveson Figueiredo,Deiveson Figueiredo,150
2022-08-13,UFC Fight Night: Vera vs. Cruz,Marlon Vera vs. Dominick Cruz,Marlon Vera,150
2022-08-13,UFC Fight Night: Vera vs. Cruz,Marlon Vera vs. Dominick Cruz,Dominick Cruz,-150
2023-08-19,UFC 292: Sterling vs. O'Malley,Marlon Vera vs. Pedro Munhoz,Marlon Vera,-159
2023-08-19,UFC 292: Sterling vs. O'Malley,Marlon Vera vs. Pedro Munhoz,Pedro Munhoz,159
2023-04-29,UFC Fight Night: Song vs. Simon,Martin Buday vs. Jake Collier,Martin Buday,-121
2023-04-29,UFC Fight Night: Song vs. Simon,Martin Buday vs. Jake Collier,Jake Collier,121
2023-06-17,UFC Fight Night: Vettori vs. Cannonier,Marvin Vettori vs. Jared Cannonier,Marvin Vettori,-288
2023-06-17,UFC Fight Night: Vettori vs. Cannonier,Marvin Vettori vs. Jared Cannonier,Jared Cannonier,288
2023-03-18,UFC 286: Edwards vs. Usman 3,Marvin Vettori vs. Roman Dolidze,Marvin Vettori,-159
2023-03-18,UFC 286: Edwards vs. Usman 3,Marvin Vettori vs. Roman Dolidze,Roman Dolidze,159
2022-07-23,UFC Fight Night: Blaydes vs. Aspinall,Mason Jones vs. Ludovit Klein,Mason Jones,-143
2022-07-23,UFC Fight Night: Blaydes vs. Aspinall,Mason Jones vs. Ludovit Klein,Ludovit Klein,143
2024-08-17,UFC 305: Du Plessis vs. Adesanya,Mateusz Gamrot vs. Dan Hooker,Mateusz Gamrot,-106
2024-08-17,UFC 305: Du Plessis vs. Adesanya,Mateusz Gamrot vs. Dan Hooker,Dan Hooker,106
2023-03-04,UFC 285: Jones vs. Gane,Mateusz Gamrot vs. Jalin Turner,Mateusz Gamrot,106
2023-03-04,UFC 285: Jones vs. Gane,Mateusz Gamrot vs. Jalin Turner,Jalin Turner,-106
2024-03-09,UFC 299: O'Malley vs. Vera 2,Mateusz Gamrot vs. Rafael Dos Anjos,Mateusz Gamrot,118
2024-03-09,UFC 299: O'Malley vs. Vera 2,Mateusz Gamrot vs. Rafael Dos Anjos,Rafael Dos Anjos,-118
2023-06-24,UFC Fight Night: Emmett vs. Topuria,Mateusz Rebecki vs. Loik Radzhabov,Mateusz Rebecki,-100
2023-06-24,UFC Fight Night: Emmett vs. Topuria,Mateusz Rebecki vs. Loik Radzhabov,Loik Radzhabov,-100
2023-11-11,UFC 295: Prochazka vs. Pereira,Mateusz Rebecki vs. Roosevelt Roberts,Mateusz Rebecki,-177
2023-11-11,UFC 295: Prochazka vs. Pereira,Mateusz Rebecki vs. Roosevelt Roberts,Roosevelt Roberts,177
2024-04-27,UFC Fight Night: Nicolau vs. Perez,Matheus Nicolau vs. Alex Perez,Matheus Nicolau,163
2024-04-27,UFC Fight Night: Nicolau vs. Perez,Matheus Nicolau vs. Alex Perez,Alex Perez,-163
2022-12-03,UFC Fight Night: Thompson vs. Holland,Matheus Nicolau vs. Matt Schnell,Matheus Nicolau,-159
2022-12-03,UFC Fight Night: Thompson vs. Holland,Matheus Nicolau vs. Matt Schnell,Matt Schnell,159
2023-05-13,UFC Fight Night: Rozenstruik vs. Almeida,Matt Brown vs. Court McGee,Matt Brown,-159
2023-05-13,UFC Fight Night: Rozenstruik vs. Almeida,Matt Brown vs. Court McGee,Court McGee,159
2023-11-11,UFC 295: Prochazka vs. Pereira,Matt Frevola vs. Benoit Saint Denis,Matt Frevola,163
2023-11-11,UFC 295: Prochazka vs. Pereira,Matt Frevola vs. Benoit Saint Denis,Benoit Saint Denis,-163
2022-11-12,UFC 281: Adesanya vs. Pereira,Matt Frevola vs. Ottman Azaitar,Matt Frevola,163
2022-11-12,UFC 281: Adesanya vs. Pereira,Matt Frevola vs. Ottman Azaitar,Ottman Azaitar,-163
2024-09-07,UFC Fight Night: Burns vs. Brady,Matt Schnell vs. Cody Durden,Matt Schnell,375
2024-09-07,UFC Fight Night: Burns vs. Brady,Matt Schnell vs. Cody Durden,Cody Durden,-375
2024-03-02,UFC Fight Night: Rozenstruik vs. Gaziev,Matt Schnell vs. Steve Erceg,Matt Schnell,303
2024-03-02,UFC Fight Night: Rozenstruik vs. Gaziev,Matt Schnell vs. Steve Erceg,Steve Erceg,-303
2022-07-16,UFC Fight Night: Ortega vs. Rodriguez,Matt Schnell vs. Sumudaerji,Matt Schnell,234
2022-07-16,UFC Fight Night: Ortega vs. Rodriguez,Matt Schnell vs. Sumudaerji,Sumudaerji,-234
2024-01-13,UFC Fight Night: Ankalaev vs. Walker 2,Matthew Semelsberger vs. Preston Parsons,Matthew Semelsberger,131
2024-01-13,UFC Fight Night: Ankalaev vs. Walker 2,Matthew Semelsberger vs. Preston Parsons,Preston Parsons,-131
2023-07-29,UFC 291: Poirier vs. Gaethje 2,Matthew Semelsberger vs. Uros Medic,Matthew Semelsberger,-159
2023-07-29,UFC 291: Poirier vs. Gaethje 2,Matthew Semelsberger vs. Uros Medic,Uros Medic,159
2023-01-21,UFC 283: Teixeira vs. Hill,Mauricio Rua vs. Ihor Potieria,Mauricio Rua,168
2023-01-21,UFC 283: Teixeira vs. Hill,Mauricio Rua vs. Ihor Potieria,Ihor Potieria,-168
2024-02-10,UFC Fight Night: Hermansson vs. Pyfer,Max Griffin vs. Jeremiah Wells,Max Griffin,124
2024-02-10,UFC Fight Night: Hermansson vs. Pyfer,Max Griffin vs. Jeremiah Wells,Jeremiah Wells,-124
2023-07-01,UFC Fight Night: Strickland vs. Magomedov,Max Griffin vs. Michael Morales,Max Griffin,150
2023-07-01,UFC Fight Night: Strickland vs. Magomedov,Max Griffin vs. Michael Morales,Michael Morales,-150
2023-04-15,UFC Fight Night: Holloway vs. Allen,Max Holloway vs. Arnold Allen,Max Holloway,-100
2023-04-15,UFC Fight Night: Holloway vs. Allen,Max Holloway vs. Arnold Allen,Arnold Allen,-100
2023-08-26,UFC Fight Night: Holloway vs. The Korean Zombie,Max Holloway vs. Chan Sung Jung,Max Holloway,-702
2023-08-26,UFC Fight Night: Holloway vs. The Korean Zombie,Max Holloway vs. Chan Sung Jung,Chan Sung Jung,702
2024-06-15,UFC Fight Night: Perez vs. Taira,Melquizael Costa vs. Shayilan Nuerdanbieke,Melquizael Costa,-159
2024-06-15,UFC Fight Night: Perez vs. Taira,Melquizael Costa vs. Shayilan Nuerdanbieke,Shayilan Nuerdanbieke,159
2024-02-17,UFC 298: Volkanovski vs. Topuria,Merab Dvalishvili vs. Henry Cejudo,Merab Dvalishvili,-246
2024-02-17,UFC 298: Volkanovski vs. Topuria,Merab Dvalishvili vs. Henry Cejudo,Henry Cejudo,246
2023-07-29,UFC 291: Poirier vs. Gaethje 2,Michael Chiesa vs. Kevin Holland,Michael Chiesa,163
2023-07-29,UFC 291: Poirier vs. Gaethje 2,Michael Chiesa vs. Kevin Holland,Kevin Holland,-163
2024-02-10,UFC Fight Night: Hermansson vs. Pyfer,Michael Johnson vs. Darrius Flowers,Michael Johnson,-159
2024-02-10,UFC Fight Night: Hermansson vs. Pyfer,Michael Johnson vs. Darrius Flowers,Darrius Flowers,159
2022-07-09,UFC Fight Night: Dos Anjos vs. Fiziev,Michael Johnson vs. Jamie Mullarkey,Michael Johnson,-121
2022-07-09,UFC Fight Night: Dos Anjos vs. Fiziev,Michael Johnson vs. Jamie Mullarkey,Jamie Mullarkey,121
2022-12-03,UFC Fight Night: Thompson vs. Holland,Michael Johnson vs. Marc Diakiese,Michael Johnson,-100
2022-12-03,UFC Fight Night: Thompson vs. Holland,Michael Johnson vs. Marc Diakiese,Marc Diakiese,-100
2023-11-18,UFC Fight Night: Allen vs. Craig,Michael Morales vs. Jake Matthews,Michael Morales,-163
2023-11-18,UFC Fight Night: Allen vs. Craig,Michael Morales vs. Jake Matthews,Jake Matthews,163
2022-11-12,UFC 281: Adesanya vs. Pereira,Michael Trizano vs. SeungWoo Choi,Michael Trizano,150
2022-11-12,UFC 281: Adesanya vs. Pereira,Michael Trizano vs. SeungWoo Choi,SeungWoo Choi,-150
2024-05-04,UFC 301: Pantoja vs. Erceg,Michel Pereira vs. Ihor Potieria,Michel Pereira,-303
2024-05-04,UFC 301: Pantoja vs. Erceg,Michel Pereira vs. Ihor Potieria,Ihor Potieria,303
2024-03-09,UFC 299: O'Malley vs. Vera 2,Michel Pereira vs. Michal Oleksiejczuk,Michel Pereira,-163
2024-03-09,UFC 299: O'Malley vs. Vera 2,Michel Pereira vs. Michal Oleksiejczuk,Michal Oleksiejczuk,163
2024-07-27,UFC 304: Edwards vs. Muhammad 2,Mick Parkin vs. Lukasz Brzeski,Mick Parkin,-163
2024-07-27,UFC 304: Edwards vs. Muhammad 2,Mick Parkin vs. Lukasz Brzeski,Lukasz Brzeski,163
2024-06-01,UFC 302: Makhachev vs. Poirier,Mickey Gall vs. Bassil Hafez,Mickey Gall,150
2024-06-01,UFC 302: Makhachev vs. Poirier,Mickey Gall vs. Bassil Hafez,Bassil Hafez,-150
2024-06-08,UFC Fight Night: Cannonier vs. Imavov,Miguel Baeza vs. Punahele Soriano,Miguel Baeza,-159
2024-06-08,UFC Fight Night: Cannonier vs. Imavov,Miguel Baeza vs. Punahele Soriano,Punahele Soriano,159
2023-10-21,UFC 294: Makhachev vs. Volkanovski 2,Mike Breeden vs. Anshul Jubli,Mike Breeden,303
2023-10-21,UFC 294: Makhachev vs. Volkanovski 2,Mike Breeden vs. Anshul Jubli,Anshul Jubli,-303
2022-10-01,UFC Fight Night: Dern vs. Yan,Mike Davis vs. Viacheslav Borshchev,Mike Davis,-150
2022-10-01,UFC Fight Night: Dern vs. Yan,Mike Davis vs. Viacheslav Borshchev,Viacheslav Borshchev,150
2022-10-15,UFC Fight Night: Grasso vs. Araujo,Mike Jackson vs. Pete Rodriguez,Mike Jackson,-100
2022-10-15,UFC Fight Night: Grasso vs. Araujo,Mike Jackson vs. Pete Rodriguez,Pete Rodriguez,-100
2023-06-10,UFC 289: Nunes vs. Aldana,Mike Malott vs. Adam Fugitt,Mike Malott,-159
2023-06-10,UFC 289: Nunes vs. Aldana,Mike Malott vs. Adam Fugitt,Adam Fugitt,159
2023-02-25,UFC Fight Night: Muniz vs. Allen,Mike Malott vs. Yohan Lainesse,Mike Malott,-100
2023-02-25,UFC Fight Night: Muniz vs. Allen,Mike Malott vs. Yohan Lainesse,Yohan Lainesse,-100
2024-03-23,UFC Fight Night: Ribas vs. Namajunas,Miles Johns vs. Cody Gibson,Miles Johns,-163
2024-03-23,UFC Fight Night: Ribas vs. Namajunas,Miles Johns vs. Cody Gibson,Cody Gibson,163
2022-10-15,UFC Fight Night: Grasso vs. Araujo,Misha Cirkunov vs. Alonzo Menifield,Misha Cirkunov,-100
2022-10-15,UFC Fight Night: Grasso vs. Araujo,Misha Cirkunov vs. Alonzo Menifield,Alonzo Menifield,-100
2024-07-27,UFC 304: Edwards vs. Muhammad 2,Modestas Bukauskas vs. Marcin Prachnio,Modestas Bukauskas,150
2024-07-27,UFC 304: Edwards vs. Muhammad 2,Modestas Bukauskas vs. Marcin Prachnio,Marcin Prachnio,-150
2024-08-03,UFC Fight Night: Sandhagen vs. Nurmagomedov,Mohammad Yahya vs. Kaue Fernandes,Mohammad Yahya,183
2024-08-03,UFC Fight Night: Sandhagen vs. Nurmagomedov,Mohammad Yahya vs. Kaue Fernandes,Kaue Fernandes,-183
2023-09-23,UFC Fight Night: Fiziev vs. Gamrot,Mohammed Usman vs. Jake Collier,Mohammed Usman,-106
2023-09-23,UFC Fight Night: Fiziev vs. Gamrot,Mohammed Usman vs. Jake Collier,Jake Collier,106
2024-03-23,UFC Fight Night: Ribas vs. Namajunas,Mohammed Usman vs. Mick Parkin,Mohammed Usman,183
2024-03-23,UFC Fight Night: Ribas vs. Namajunas,Mohammed Usman vs. Mick Parkin,Mick Parkin,-183
2024-07-20,UFC Fight Night: Lemos vs. Jandiroba,Mohammed Usman vs. Thomas Petersen,Mohammed Usman,159
2024-07-20,UFC Fight Night: Lemos vs. Jandiroba,Mohammed Usman vs. Thomas Petersen,Thomas Petersen,-159
2024-07-13,UFC Fight Night: Namajunas vs. Cortez,Montel Jackson vs. Da'Mon Blackshear,Montel Jackson,-303
2024-07-13,UFC Fight Night: Namajunas vs. Cortez,Montel Jackson vs. Da'Mon Blackshear,Da'Mon Blackshear,303
2024-04-06,UFC Fight Night: Allen vs. Curtis 2,Morgan Charriere vs. Chepe Mariscal,Morgan Charriere,-163
2024-04-06,UFC Fight Night: Allen vs. Curtis 2,Morgan Charriere vs. Chepe Mariscal,Chepe Mariscal,163
2022-10-22,UFC 280: Oliveira vs. Makhachev,Muhammad Mokaev vs. Malcolm Gordon,Muhammad Mokaev,-833
2022-10-22,UFC 280: Oliveira vs. Makhachev,Muhammad Mokaev vs. Malcolm Gordon,Malcolm Gordon,833
2024-07-27,UFC 304: Edwards vs. Muhammad 2,Muhammad Mokaev vs. Manel Kape,Muhammad Mokaev,-303
2024-07-27,UFC 304: Edwards vs. Muhammad 2,Muhammad Mokaev vs. Manel Kape,Manel Kape,303
2023-12-09,UFC Fight Night: Song vs. Gutierrez,Nasrat Haqparast vs. Jamie Mullarkey,Nasrat Haqparast,150
2023-12-09,UFC Fight Night: Song vs. Gutierrez,Nasrat Haqparast vs. Jamie Mullarkey,Jamie Mullarkey,-150
2024-06-22,UFC Fight Night: Whittaker vs. Aliskerov,Nasrat Haqparast vs. Jared Gordon,Nasrat Haqparast,106
2024-06-22,UFC Fight Night: Whittaker vs. Aliskerov,Nasrat Haqparast vs. Jared Gordon,Jared Gordon,-106
2022-09-03,UFC Fight Night: Gane vs. Tuivasa,Nassourdine Imavov vs. Joaquin Buckley,Nassourdine Imavov,-159
2022-09-03,UFC Fight Night: Gane vs. Tuivasa,Nassourdine Imavov vs. Joaquin Buckley,Joaquin Buckley,159
2022-12-03,UFC Fight Night: Thompson vs. Holland,Natan Levy vs. Genaro Valdez,Natan Levy,-601
2022-12-03,UFC Fight Night: Thompson vs. Holland,Natan Levy vs. Genaro Valdez,Genaro Valdez,601
2024-03-16,UFC Fight Night: Tuivasa vs. Tybura,Natan Levy vs. Mike Davis,Natan Levy,-159
2024-03-16,UFC Fight Night: Tuivasa vs. Tybura,Natan Levy vs. Mike Davis,Mike Davis,159
2022-09-10,UFC 279: Diaz vs. Ferguson,Nate Diaz vs. Tony Ferguson,Nate Diaz,183
2022-09-10,UFC 279: Diaz vs. Ferguson,Nate Diaz vs. Tony Ferguson,Tony Ferguson,-183
2023-03-25,UFC Fight Night: Vera vs. Sandhagen,Nate Landwehr vs. Austin Lingo,Nate Landwehr,150
2023-03-25,UFC Fight Night: Vera vs. Sandhagen,Nate Landwehr vs. Austin Lingo,Austin Lingo,-150
2022-08-13,UFC Fight Night: Vera vs. Cruz,Nate Landwehr vs. David Onama,Nate Landwehr,303
2022-08-13,UFC Fight Night: Vera vs. Cruz,Nate Landwehr vs. David Onama,David Onama,-303
2024-03-30,UFC Fight Night: Blanchfield vs. Fiorot,Nate Landwehr vs. Jamall Emmers,Nate Landwehr,159
2024-03-30,UFC Fight Night: Blanchfield vs. Fiorot,Nate Landwehr vs. Jamall Emmers,Jamall Emmers,-159
2023-10-07,UFC Fight Night: Dawson vs. Green,Nate Maness vs. Mateus Mendonca,Nate Maness,159
2023-10-07,UFC Fight Night: Dawson vs. Green,Nate Maness vs. Mateus Mendonca,Mateus Mendonca,-159
2023-07-22,UFC Fight Night: Aspinall vs. Tybura,Nathaniel Wood vs. Andre Fili,Nathaniel Wood,-234
2023-07-22,UFC Fight Night: Aspinall vs. Tybura,Nathaniel Wood vs. Andre Fili,Andre Fili,234
2022-07-23,UFC Fight Night: Blaydes vs. Aspinall,Nathaniel Wood vs. Charles Rosa,Nathaniel Wood,-303
2022-07-23,UFC Fight Night: Blaydes vs. Aspinall,Nathaniel Wood vs. Charles Rosa,Charles Rosa,303
2024-07-27,UFC 304: Edwards vs. Muhammad 2,Nathaniel Wood vs. Daniel Pineda,Nathaniel Wood,-438
2024-07-27,UFC 304: Edwards vs. Muhammad 2,Nathaniel Wood vs. Daniel Pineda,Daniel Pineda,438
2023-10-21,UFC 294: Makhachev vs. Volkanovski 2,Nathaniel Wood vs. Muhammad Naimov,Nathaniel Wood,-246
2023-10-21,UFC 294: Makhachev vs. Volkanovski 2,Nathaniel Wood vs. Muhammad Naimov,Muhammad Naimov,246
2023-07-15,UFC Fight Night: Holm vs. Bueno Silva,Nazim Sadykhov vs. Terrance McKinney,Nazim Sadykhov,234
2023-07-15,UFC Fight Night: Holm vs. Bueno Silva,Nazim Sadykhov vs. Terrance McKinney,Terrance McKinney,-234
2023-11-11,UFC 295: Prochazka vs. Pereira,Nazim Sadykhov vs. Viacheslav Borshchev,Nazim Sadykhov,-100
2023-11-11,UFC 295: Prochazka vs. Pereira,Nazim Sadykhov vs. Viacheslav Borshchev,Viacheslav Borshchev,-100
2022-11-05,UFC Fight Night: Rodriguez vs. Lemos,Neil Magny vs. Daniel Rodriguez,Neil Magny,-106
2022-11-05,UFC Fight Night: Rodriguez vs. Lemos,Neil Magny vs. Daniel Rodriguez,Daniel Rodriguez,106
2023-08-19,UFC 292: Sterling vs. O'Malley,Neil Magny vs. Ian Machado Garry,Neil Magny,183
2023-08-19,UFC 292: Sterling vs. O'Malley,Neil Magny vs. Ian Machado Garry,Ian Machado Garry,-183
2024-08-24,UFC Fight Night: Cannonier vs. Borralho,Neil Magny vs. Michael Morales,Neil Magny,246
2024-08-24,UFC Fight Night: Cannonier vs. Borralho,Neil Magny vs. Michael Morales,Michael Morales,-246
2024-01-20,UFC 297: Strickland vs. Du Plessis,Neil Magny vs. Mike Malott,Neil Magny,163
2024-01-20,UFC 297: Strickland vs. Du Plessis,Neil Magny vs. Mike Malott,Mike Malott,-163
2023-06-24,UFC Fight Night: Emmett vs. Topuria,Neil Magny vs. Phil Rowe,Neil Magny,-163
2023-06-24,UFC Fight Night: Emmett vs. Topuria,Neil Magny vs. Phil Rowe,Phil Rowe,163
2022-10-15,UFC Fight Night: Grasso vs. Araujo,Nick Maximov vs. Jacob Malkoun,Nick Maximov,-100
2022-10-15,UFC Fight Night: Grasso vs. Araujo,Nick Maximov vs. Jacob Malkoun,Jacob Malkoun,-100
2023-06-17,UFC Fight Night: Vettori vs. Cannonier,Nicolas Dalby vs. Muslim Salikhov,Nicolas Dalby,163
2023-06-17,UFC Fight Night: Vettori vs. Cannonier,Nicolas Dalby vs. Muslim Salikhov,Muslim Salikhov,-163
2022-07-23,UFC Fight Night: Blaydes vs. Aspinall,Nikita Krylov vs. Alexander Gustafsson,Nikita Krylov,-163
2022-07-23,UFC Fight Night: Blaydes vs. Aspinall,Nikita Krylov vs. Alexander Gustafsson,Alexander Gustafsson,163
2023-03-11,UFC Fight Night: Yan vs. Dvalishvili,Nikita Krylov vs. Ryan Spann,Nikita Krylov,-186
2023-03-11,UFC Fight Night: Yan vs. Dvalishvili,Nikita Krylov vs. Ryan Spann,Ryan Spann,186
2024-06-01,UFC 302: Makhachev vs. Poirier,Niko Price vs. Alex Morono,Niko Price,303
2024-06-01,UFC 302: Makhachev vs. Poirier,Niko Price vs. Alex Morono,Alex Morono,-303
2022-12-03,UFC Fight Night: Thompson vs. Holland,Niko Price vs. Phil Rowe,Niko Price,163
2022-12-03,UFC Fight Night: Thompson vs. Holland,Niko Price vs. Phil Rowe,Phil Rowe,-163
2022-09-17,UFC Fight Night: Sandhagen vs. Song,Nikolas Motta vs. Cameron VanCamp,Nikolas Motta,121
2022-09-17,UFC Fight Night: Sandhagen vs. Song,Nikolas Motta vs. Cameron VanCamp,Cameron VanCamp,-121
2024-03-30,UFC Fight Night: Blanchfield vs. Fiorot,Nursulton Ruziboev vs. Sedriques Dumas,Nursulton Ruziboev,-246
2024-03-30,UFC Fight Night: Blanchfield vs. Fiorot,Nursulton Ruziboev vs. Sedriques Dumas,Sedriques Dumas,246
2024-07-27,UFC 304: Edwards vs. Muhammad 2,Oban Elliott vs. Preston Parsons,Oban Elliott,-159
2024-07-27,UFC 304: Edwards vs. Muhammad 2,Oban Elliott vs. Preston Parsons,Preston Parsons,159
2023-02-25,UFC Fight Night: Muniz vs. Allen,Ode Osbourne vs. Charles Johnson,Ode Osbourne,163
2023-02-25,UFC Fight Night: Muniz vs. Allen,Ode Osbourne vs. Charles Johnson,Charles Johnson,-163
2022-08-13,UFC Fight Night: Vera vs. Cruz,Ode Osbourne vs. Tyson Nam,Ode Osbourne,-163
2022-08-13,UFC Fight Night: Vera vs. Cruz,Ode Osbourne vs. Tyson Nam,Tyson Nam,163
2022-07-30,UFC 277: Pena vs. Nunes 2,Orion Cosce vs. Blood Diamond,Orion Cosce,-303
2022-07-30,UFC 277: Pena vs. Nunes 2,Orion Cosce vs. Blood Diamond,Blood Diamond,303
2023-05-20,UFC Fight Night: Dern vs. Hill,Orion Cosce vs. Gilbert Urbina,Orion Cosce,150
2023-05-20,UFC Fight Night: Dern vs. Hill,Orion Cosce vs. Gilbert Urbina,Gilbert Urbina,-150
2023-07-15,UFC Fight Night: Holm vs. Bueno Silva,Ottman Azaitar vs. Francisco Prado,Ottman Azaitar,163
2023-07-15,UFC Fight Night: Holm vs. Bueno Silva,Ottman Azaitar vs. Francisco Prado,Francisco Prado,-163
2024-03-16,UFC Fight Night: Tuivasa vs. Tybura,Ovince Saint Preux vs. Kennedy Nzechukwu,Ovince Saint Preux,833
2024-03-16,UFC Fight Night: Tuivasa vs. Tybura,Ovince Saint Preux vs. Kennedy Nzechukwu,Kennedy Nzechukwu,-833
2023-02-18,UFC Fight Night: Andrade vs. Blanchfield,Ovince Saint Preux vs. Philipe Lins,Ovince Saint Preux,-100
2023-02-18,UFC Fight Night: Andrade vs. Blanchfield,Ovince Saint Preux vs. Philipe Lins,Philipe Lins,-100
2022-12-10,UFC 282: Blachowicz vs. Ankalaev,Paddy Pimblett vs. Jared Gordon,Paddy Pimblett,-100
2022-12-10,UFC 282: Blachowicz vs. Ankalaev,Paddy Pimblett vs. Jared Gordon,Jared Gordon,-100
2022-07-23,UFC Fight Night: Blaydes vs. Aspinall,Paddy Pimblett vs. Jordan Leavitt,Paddy Pimblett,131
2022-07-23,UFC Fight Night: Blaydes vs. Aspinall,Paddy Pimblett vs. Jordan Leavitt,Jordan Leavitt,-131
2023-06-17,UFC Fight Night: Vettori vs. Cannonier,Pat Sabatini vs. Lucas Almeida,Pat Sabatini,-163
2023-06-17,UFC Fight Night: Vettori vs. Cannonier,Pat Sabatini vs. Lucas Almeida,Lucas Almeida,163
2023-07-22,UFC Fight Night: Aspinall vs. Tybura,Paul Craig vs. Andre Muniz,Paul Craig,186
2023-07-22,UFC Fight Night: Aspinall vs. Tybura,Paul Craig vs. Andre Muniz,Andre Muniz,-186
2024-05-04,UFC 301: Pantoja vs. Erceg,Paul Craig vs. Caio Borralho,Paul Craig,246
2024-05-04,UFC 301: Pantoja vs. Erceg,Paul Craig vs. Caio Borralho,Caio Borralho,-246
2023-01-21,UFC 283: Teixeira vs. Hill,Paul Craig vs. Johnny Walker,Paul Craig,183
2023-01-21,UFC 283: Teixeira vs. Hill,Paul Craig vs. Johnny Walker,Johnny Walker,-183
2022-07-23,UFC Fight Night: Blaydes vs. Aspinall,Paul Craig vs. Volkan Oezdemir,Paul Craig,-100
2022-07-23,UFC Fight Night: Blaydes vs. Aspinall,Paul Craig vs. Volkan Oezdemir,Volkan Oezdemir,-100
2022-08-20,UFC 278: Usman vs. Edwards,Paulo Costa vs. Luke Rockhold,Paulo Costa,-106
2022-08-20,UFC 278: Usman vs. Edwards,Paulo Costa vs. Luke Rockhold,Luke Rockhold,106
2024-03-23,UFC Fight Night: Ribas vs. Namajunas,Payton Talbott vs. Cameron Saaiman,Payton Talbott,159
2024-03-23,UFC Fight Night: Ribas vs. Namajunas,Payton Talbott vs. Cameron Saaiman,Cameron Saaiman,-159
2024-06-29,UFC 303: Pereira vs. Prochazka 2,Payton Talbott vs. Yanis Ghemmouri,Payton Talbott,-303
2024-06-29,UFC 303: Pereira vs. Prochazka 2,Payton Talbott vs. Yanis Ghemmouri,Yanis Ghemmouri,303
2023-04-15,UFC Fight Night: Holloway vs. Allen,Pedro Munhoz vs. Chris Gutierrez,Pedro Munhoz,303
2023-04-15,UFC Fight Night: Holloway vs. Allen,Pedro Munhoz vs. Chris Gutierrez,Chris Gutierrez,-303
2024-03-09,UFC 299: O'Malley vs. Vera 2,Pedro Munhoz vs. Kyler Phillips,Pedro Munhoz,375
2024-03-09,UFC 299: O'Malley vs. Vera 2,Pedro Munhoz vs. Kyler Phillips,Kyler Phillips,-375
2023-03-11,UFC Fight Night: Yan vs. Dvalishvili,Petr Yan vs. Merab Dvalishvili,Petr Yan,183
2023-03-11,UFC Fight Night: Yan vs. Dvalishvili,Petr Yan vs. Merab Dvalishvili,Merab Dvalishvili,-183
2022-10-22,UFC 280: Oliveira vs. Makhachev,Petr Yan vs. Sean O'Malley,Petr Yan,-106
2022-10-22,UFC 280: Oliveira vs. Makhachev,Petr Yan vs. Sean O'Malley,Sean O'Malley,106
2024-03-09,UFC 299: O'Malley vs. Vera 2,Petr Yan vs. Song Yadong,Petr Yan,159
2024-03-09,UFC 299: O'Malley vs. Vera 2,Petr Yan vs. Song Yadong,Song Yadong,-159
2024-01-13,UFC Fight Night: Ankalaev vs. Walker 2,Phil Hawes vs. Brunno Ferreira,Phil Hawes,-163
2024-01-13,UFC Fight Night: Ankalaev vs. Walker 2,Phil Hawes vs. Brunno Ferreira,Brunno Ferreira,163
2022-10-29,UFC Fight Night: Kattar vs. Allen,Phil Hawes vs. Roman Dolidze,Phil Hawes,124
2022-10-29,UFC Fight Night: Kattar vs. Allen,Phil Hawes vs. Roman Dolidze,Roman Dolidze,-124
2024-06-01,UFC 302: Makhachev vs. Poirier,Phil Rowe vs. Jake Matthews,Phil Rowe,159
2024-06-01,UFC 302: Makhachev vs. Poirier,Phil Rowe vs. Jake Matthews,Jake Matthews,-159
2023-06-03,UFC Fight Night: Kara-France vs. Albazi,Philipe Lins vs. Maxim Grishin,Philipe Lins,163
2023-06-03,UFC Fight Night: Kara-France vs. Albazi,Philipe Lins vs. Maxim Grishin,Maxim Grishin,-163
2022-07-16,UFC Fight Night: Ortega vs. Rodriguez,Punahele Soriano vs. Dalcha Lungiambula,Punahele Soriano,-159
2022-07-16,UFC Fight Night: Ortega vs. Rodriguez,Punahele Soriano vs. Dalcha Lungiambula,Dalcha Lungiambula,159
2023-12-02,UFC Fight Night: Dariush vs. Tsarukyan,Punahele Soriano vs. Dustin Stoltzfus,Punahele Soriano,-159
2023-12-02,UFC Fight Night: Dariush vs. Tsarukyan,Punahele Soriano vs. Dustin Stoltzfus,Dustin Stoltzfus,159
2023-01-14,UFC Fight Night: Strickland vs. Imavov,Punahele Soriano vs. Roman Kopylov,Punahele Soriano,-159
2023-01-14,UFC Fight Night: Strickland vs. Imavov,Punahele Soriano vs. Roman Kopylov,Roman Kopylov,159
2022-12-17,UFC Fight Night: Cannonier vs. Strickland,Rafa Garcia vs. Maheshate,Rafa Garcia,215
2022-12-17,UFC Fight Night: Cannonier vs. Strickland,Rafa Garcia vs. Maheshate,Maheshate,-215
2022-07-09,UFC Fight Night: Dos Anjos vs. Fiziev,Rafael Dos Anjos vs. Rafael Fiziev,Rafael Dos Anjos,-159
2022-07-09,UFC Fight Night: Dos Anjos vs. Fiziev,Rafael Dos Anjos vs. Rafael Fiziev,Rafael Fiziev,159
2023-09-23,UFC Fight Night: Fiziev vs. Gamrot,Rafael Fiziev vs. Mateusz Gamrot,Rafael Fiziev,150
2023-09-23,UFC Fight Night: Fiziev vs. Gamrot,Rafael Fiziev vs. Mateusz Gamrot,Mateusz Gamrot,-150
2024-06-01,UFC 302: Makhachev vs. Poirier,Randy Brown vs. Elizeu Zaleski dos Santos,Randy Brown,-163
2024-06-01,UFC 302: Makhachev vs. Poirier,Randy Brown vs. Elizeu Zaleski dos Santos,Elizeu Zaleski dos Santos,163
2022-10-01,UFC Fight Night: Dern vs. Yan,Randy Brown vs. Francisco Trinaldo,Randy Brown,-168
2022-10-01,UFC Fight Night: Dern vs. Yan,Randy Brown vs. Francisco Trinaldo,Francisco Trinaldo,168
2024-02-03,UFC Fight Night: Dolidze vs. Imavov,Randy Brown vs. Muslim Salikhov,Randy Brown,-234
2024-02-03,UFC Fight Night: Dolidze vs. Imavov,Randy Brown vs. Muslim Salikhov,Muslim Salikhov,234
2023-06-24,UFC Fight Night: Emmett vs. Topuria,Randy Brown vs. Wellington Turman,Randy Brown,-246
2023-06-24,UFC Fight Night: Emmett vs. Topuria,Randy Brown vs. Wellington Turman,Wellington Turman,246
2023-04-22,UFC Fight Night: Pavlovich vs. Blaydes,Rani Yahya vs. Montel Jackson,Rani Yahya,833
2023-04-22,UFC Fight Night: Pavlovich vs. Blaydes,Rani Yahya vs. Montel Jackson,Montel Jackson,-833
2024-04-27,UFC Fight Night: Nicolau vs. Perez,Rani Yahya vs. Victor Henry,Rani Yahya,-100
2024-04-27,UFC Fight Night: Nicolau vs. Perez,Rani Yahya vs. Victor Henry,Victor Henry,-100
2022-10-01,UFC Fight Night: Dern vs. Yan,Raoni Barcelos vs. Trevin Jones,Raoni Barcelos,-163
2022-10-01,UFC Fight Night: Dern vs. Yan,Raoni Barcelos vs. Trevin Jones,Trevin Jones,163
2023-03-11,UFC Fight Night: Yan vs. Dvalishvili,Raphael Assuncao vs. Davey Grant,Raphael Assuncao,121
2023-03-11,UFC Fight Night: Yan vs. Dvalishvili,Raphael Assuncao vs. Davey Grant,Davey Grant,-121
2022-10-15,UFC Fight Night: Grasso vs. Araujo,Raphael Assuncao vs. Victor Henry,Raphael Assuncao,-150
2022-10-15,UFC Fight Night: Grasso vs. Araujo,Raphael Assuncao vs. Victor Henry,Victor Henry,150
2023-04-08,UFC 287: Pereira vs. Adesanya 2,Raul Rosas Jr. vs. Christian Rodriguez,Raul Rosas Jr.,-354
2023-04-08,UFC 287: Pereira vs. Adesanya 2,Raul Rosas Jr. vs. Christian Rodriguez,Christian Rodriguez,354
2024-06-08,UFC Fight Night: Cannonier vs. Imavov,Raul Rosas Jr. vs. Ricky Turcios,Raul Rosas Jr.,-303
2024-06-08,UFC Fight Night: Cannonier vs. Imavov,Raul Rosas Jr. vs. Ricky Turcios,Ricky Turcios,303
2023-09-16,UFC Fight Night: Grasso vs. Shevchenko 2,Raul Rosas Jr. vs. Terrence Mitchell,Raul Rosas Jr.,-246
2023-09-16,UFC Fight Night: Grasso vs. Shevchenko 2,Raul Rosas Jr. vs. Terrence Mitchell,Terrence Mitchell,246
2024-02-03,UFC Fight Night: Dolidze vs. Imavov,Renato Moicano vs. Drew Dober,Renato Moicano,-100
2024-02-03,UFC Fight Night: Dolidze vs. Imavov,Renato Moicano vs. Drew Dober,Drew Dober,-100
2023-09-23,UFC Fight Night: Fiziev vs. Gamrot,Ricardo Ramos vs. Charles Jourdain,Ricardo Ramos,121
2023-09-23,UFC Fight Night: Fiziev vs. Gamrot,Ricardo Ramos vs. Charles Jourdain,Charles Jourdain,-121
2024-03-23,UFC Fight Night: Ribas vs. Namajunas,Ricardo Ramos vs. Julian Erosa,Ricardo Ramos,-150
2024-03-23,UFC Fight Night: Ribas vs. Namajunas,Ricardo Ramos vs. Julian Erosa,Julian Erosa,150
2023-04-22,UFC Fight Night: Pavlovich vs. Blaydes,Ricky Glenn vs. Christos Giagos,Ricky Glenn,-186
2023-04-22,UFC Fight Night: Pavlovich vs. Blaydes,Ricky Glenn vs. Christos Giagos,Christos Giagos,186
2022-07-16,UFC Fight Night: Ortega vs. Rodriguez,Ricky Simon vs. Jack Shore,Ricky Simon,163
2022-07-16,UFC Fight Night: Ortega vs. Rodriguez,Ricky Simon vs. Jack Shore,Jack Shore,-163
2024-01-13,UFC Fight Night: Ankalaev vs. Walker 2,Ricky Simon vs. Mario Bautista,Ricky Simon,-159
2024-01-13,UFC Fight Night: Ankalaev vs. Walker 2,Ricky Simon vs. Mario Bautista,Mario Bautista,159
2024-06-29,UFC 303: Pereira vs. Prochazka 2,Ricky Simon vs. Vinicius Oliveira,Ricky Simon,-163
2024-06-29,UFC 303: Pereira vs. Prochazka 2,Ricky Simon vs. Vinicius Oliveira,Vinicius Oliveira,163
2022-11-19,UFC Fight Night: Nzechukwu vs. Cutelaba,Ricky Turcios vs. Kevin Natividad,Ricky Turcios,-159
2022-11-19,UFC Fight Night: Nzechukwu vs. Cutelaba,Ricky Turcios vs. Kevin Natividad,Kevin Natividad,159
2023-11-04,UFC Fight Night: Almeida vs. Lewis,Rinat Fakhretdinov vs. Elizeu Zaleski dos Santos,Rinat Fakhretdinov,-163
2023-11-04,UFC Fight Night: Almeida vs. Lewis,Rinat Fakhretdinov vs. Elizeu Zaleski dos Santos,Elizeu Zaleski dos Santos,163
2024-06-22,UFC Fight Night: Whittaker vs. Aliskerov,Rinat Fakhretdinov vs. Nicolas Dalby,Rinat Fakhretdinov,-246
2024-06-22,UFC Fight Night: Whittaker vs. Aliskerov,Rinat Fakhretdinov vs. Nicolas Dalby,Nicolas Dalby,246
2023-08-26,UFC Fight Night: Holloway vs. The Korean Zombie,Rinya Nakamura vs. Fernie Garcia,Rinya Nakamura,-139
2023-08-26,UFC Fight Night: Holloway vs. The Korean Zombie,Rinya Nakamura vs. Fernie Garcia,Fernie Garcia,139
2023-04-08,UFC 287: Pereira vs. Adesanya 2,Rob Font vs. Adrian Yanez,Rob Font,-121
2023-04-08,UFC 287: Pereira vs. Adesanya 2,Rob Font vs. Adrian Yanez,Adrian Yanez,121
2023-12-02,UFC Fight Night: Dariush vs. Tsarukyan,Rob Font vs. Deiveson Figueiredo,Rob Font,-163
2023-12-02,UFC Fight Night: Dariush vs. Tsarukyan,Rob Font vs. Deiveson Figueiredo,Deiveson Figueiredo,163
2023-07-08,UFC 290: Volkanovski vs. Rodriguez,Robbie Lawler vs. Niko Price,Robbie Lawler,215
2023-07-08,UFC 290: Volkanovski vs. Rodriguez,Robbie Lawler vs. Niko Price,Niko Price,-215
2023-07-08,UFC 290: Volkanovski vs. Rodriguez,Robert Whittaker vs. Dricus Du Plessis,Robert Whittaker,-163
2023-07-08,UFC 290: Volkanovski vs. Rodriguez,Robert Whittaker vs. Dricus Du Plessis,Dricus Du Plessis,163
2024-06-22,UFC Fight Night: Whittaker vs. Aliskerov,Robert Whittaker vs. Ikram Aliskerov,Robert Whittaker,-702
2024-06-22,UFC Fight Night: Whittaker vs. Aliskerov,Robert Whittaker vs. Ikram Aliskerov,Ikram Aliskerov,702
2022-09-03,UFC Fight Night: Gane vs. Tuivasa,Robert Whittaker vs. Marvin Vettori,Robert Whittaker,-159
2022-09-03,UFC Fight Night: Gane vs. Tuivasa,Robert Whittaker vs. Marvin Vettori,Marvin Vettori,159
2024-02-17,UFC 298: Volkanovski vs. Topuria,Robert Whittaker vs. Paulo Costa,Robert Whittaker,-702
2024-02-17,UFC 298: Volkanovski vs. Topuria,Robert Whittaker vs. Paulo Costa,Paulo Costa,702
2024-02-10,UFC Fight Night: Hermansson vs. Pyfer,Rodolfo Vieira vs. Armen Petrosyan,Rodolfo Vieira,163
2024-02-10,UFC Fight Night: Hermansson vs. Pyfer,Rodolfo Vieira vs. Armen Petrosyan,Armen Petrosyan,-163
2023-04-29,UFC Fight Night: Song vs. Simon,Rodolfo Vieira vs. Cody Brundage,Rodolfo Vieira,159
2023-04-29,UFC Fight Night: Song vs. Simon,Rodolfo Vieira vs. Cody Brundage,Cody Brundage,-159
2023-11-04,UFC Fight Night: Almeida vs. Lewis,Rodrigo Nascimento vs. Don'Tale Mayes,Rodrigo Nascimento,-150
2023-11-04,UFC Fight Night: Almeida vs. Lewis,Rodrigo Nascimento vs. Don'Tale Mayes,Don'Tale Mayes,150
2024-02-03,UFC Fight Night: Dolidze vs. Imavov,Roman Dolidze vs. Nassourdine Imavov,Roman Dolidze,150
2024-02-03,UFC Fight Night: Dolidze vs. Imavov,Roman Dolidze vs. Nassourdine Imavov,Nassourdine Imavov,-150
2023-07-29,UFC 291: Poirier vs. Gaethje 2,Roman Kopylov vs. Claudio Ribeiro,Roman Kopylov,118
2023-07-29,UFC 291: Poirier vs. Gaethje 2,Roman Kopylov vs. Claudio Ribeiro,Claudio Ribeiro,-118
2023-09-16,UFC Fight Night: Grasso vs. Shevchenko 2,Roman Kopylov vs. Josh Fremd,Roman Kopylov,150
2023-09-16,UFC Fight Night: Grasso vs. Shevchenko 2,Roman Kopylov vs. Josh Fremd,Josh Fremd,-150
2024-09-07,UFC Fight Night: Burns vs. Brady,Rongzhu vs. Chris Padilla,Rongzhu,164
2024-09-07,UFC Fight Night: Burns vs. Brady,Rongzhu vs. Chris Padilla,Chris Padilla,-164
2022-07-09,UFC Fight Night: Dos Anjos vs. Fiziev,Ronnie Lawrence vs. Saidyokub Kakhramonov,Ronnie Lawrence,-150
2022-07-09,UFC Fight Night: Dos Anjos vs. Fiziev,Ronnie Lawrence vs. Saidyokub Kakhramonov,Saidyokub Kakhramonov,150
2024-04-27,UFC Fight Night: Nicolau vs. Perez,Ryan Spann vs. Bogdan Guskov,Ryan Spann,-163
2024-04-27,UFC Fight Night: Nicolau vs. Perez,Ryan Spann vs. Bogdan Guskov,Bogdan Guskov,163
2023-03-11,UFC Fight Night: Yan vs. Dvalishvili,Said Nurmagomedov vs. Jonathan Martinez,Said Nurmagomedov,-100
2023-03-11,UFC Fight Night: Yan vs. Dvalishvili,Said Nurmagomedov vs. Jonathan Martinez,Jonathan Martinez,-100
2023-10-21,UFC 294: Makhachev vs. Volkanovski 2,Said Nurmagomedov vs. Muin Gafurov,Said Nurmagomedov,-177
2023-10-21,UFC 294: Makhachev vs. Volkanovski 2,Said Nurmagomedov vs. Muin Gafurov,Muin Gafurov,177
2022-12-17,UFC Fight Night: Cannonier vs. Strickland,Said Nurmagomedov vs. Saidyokub Kakhramonov,Said Nurmagomedov,150
2022-12-17,UFC Fight Night: Cannonier vs. Strickland,Said Nurmagomedov vs. Saidyokub Kakhramonov,Saidyokub Kakhramonov,-150
2022-08-06,UFC Fight Night: Santos vs. Hill,Sam Alvey vs. Michal Oleksiejczuk,Sam Alvey,246
2022-08-06,UFC Fight Night: Santos vs. Hill,Sam Alvey vs. Michal Oleksiejczuk,Michal Oleksiejczuk,-246
2024-07-27,UFC 304: Edwards vs. Muhammad 2,Sam Patterson vs. Kiefer Crosbie,Sam Patterson,-303
2024-07-27,UFC 304: Edwards vs. Muhammad 2,Sam Patterson vs. Kiefer Crosbie,Kiefer Crosbie,303
2022-12-10,UFC 282: Blachowicz vs. Ankalaev,Santiago Ponzinibbio vs. Alex Morono,Santiago Ponzinibbio,121
2022-12-10,UFC 282: Blachowicz vs. Ankalaev,Santiago Ponzinibbio vs. Alex Morono,Alex Morono,-121
2024-07-13,UFC Fight Night: Namajunas vs. Cortez,Santiago Ponzinibbio vs. Muslim Salikhov,Santiago Ponzinibbio,-168
2024-07-13,UFC Fight Night: Namajunas vs. Cortez,Santiago Ponzinibbio vs. Muslim Salikhov,Muslim Salikhov,168
2023-12-02,UFC Fight Night: Dariush vs. Tsarukyan,Sean Brady vs. Kelvin Gastelum,Sean Brady,139
2023-12-02,UFC Fight Night: Dariush vs. Tsarukyan,Sean Brady vs. Kelvin Gastelum,Kelvin Gastelum,-139
2024-03-09,UFC 299: O'Malley vs. Vera 2,Sean O'Malley vs. Marlon Vera,Sean O'Malley,-163
2024-03-09,UFC 299: O'Malley vs. Vera 2,Sean O'Malley vs. Marlon Vera,Marlon Vera,163
2023-07-01,UFC Fight Night: Strickland vs. Magomedov,Sean Strickland vs. Abus Magomedov,Sean Strickland,-100
2023-07-01,UFC Fight Night: Strickland vs. Magomedov,Sean Strickland vs. Abus Magomedov,Abus Magomedov,-100
2022-07-02,UFC 276: Adesanya vs. Cannonier,Sean Strickland vs. Alex Pereira,Sean Strickland,-246
2022-07-02,UFC 276: Adesanya vs. Cannonier,Sean Strickland vs. Alex Pereira,Alex Pereira,246
2024-01-20,UFC 297: Strickland vs. Du Plessis,Sean Strickland vs. Dricus Du Plessis,Sean Strickland,121
2024-01-20,UFC 297: Strickland vs. Du Plessis,Sean Strickland vs. Dricus Du Plessis,Dricus Du Plessis,-121
2023-01-14,UFC Fight Night: Strickland vs. Imavov,Sean Strickland vs. Nassourdine Imavov,Sean Strickland,-100
2023-01-14,UFC Fight Night: Strickland vs. Imavov,Sean Strickland vs. Nassourdine Imavov,Nassourdine Imavov,-100
2024-06-01,UFC 302: Makhachev vs. Poirier,Sean Strickland vs. Paulo Costa,Sean Strickland,-702
2024-06-01,UFC 302: Makhachev vs. Poirier,Sean Strickland vs. Paulo Costa,Paulo Costa,702
2022-08-20,UFC 278: Usman vs. Edwards,Sean Woodson vs. Luis Saldana,Sean Woodson,-106
2022-08-20,UFC 278: Usman vs. Edwards,Sean Woodson vs. Luis Saldana,Luis Saldana,106
2024-08-03,UFC Fight Night: Sandhagen vs. Nurmagomedov,Sedriques Dumas vs. Denis Tiuliulin,Sedriques Dumas,-246
2024-08-03,UFC Fight Night: Sandhagen vs. Nurmagomedov,Sedriques Dumas vs. Denis Tiuliulin,Denis Tiuliulin,246
2024-06-22,UFC Fight Night: Whittaker vs. Aliskerov,Sergei Pavlovich vs. Alexander Volkov,Sergei Pavlovich,-121
2024-06-22,UFC Fight Night: Whittaker vs. Aliskerov,Sergei Pavlovich vs. Alexander Volkov,Alexander Volkov,121
2023-04-22,UFC Fight Night: Pavlovich vs. Blaydes,Sergei Pavlovich vs. Curtis Blaydes,Sergei Pavlovich,375
2023-04-22,UFC Fight Night: Pavlovich vs. Blaydes,Sergei Pavlovich vs. Curtis Blaydes,Curtis Blaydes,-375
2023-11-11,UFC 295: Prochazka vs. Pereira,Sergei Pavlovich vs. Tom Aspinall,Sergei Pavlovich,-100
2023-11-11,UFC 295: Prochazka vs. Pereira,Sergei Pavlovich vs. Tom Aspinall,Tom Aspinall,-100
2023-08-26,UFC Fight Night: Holloway vs. The Korean Zombie,SeungWoo Choi vs. Jarno Errens,SeungWoo Choi,159
2023-08-26,UFC Fight Night: Holloway vs. The Korean Zombie,SeungWoo Choi vs. Jarno Errens,Jarno Errens,-159
2023-01-21,UFC 283: Teixeira vs. Hill,Shamil Abdurakhimov vs. Jailton Almeida,Shamil Abdurakhimov,183
2023-01-21,UFC 283: Teixeira vs. Hill,Shamil Abdurakhimov vs. Jailton Almeida,Jailton Almeida,-183
2024-08-03,UFC Fight Night: Sandhagen vs. Nurmagomedov,Shamil Gaziev vs. Don'Tale Mayes,Shamil Gaziev,150
2024-08-03,UFC Fight Night: Sandhagen vs. Nurmagomedov,Shamil Gaziev vs. Don'Tale Mayes,Don'Tale Mayes,-150
2022-07-16,UFC Fight Night: Ortega vs. Rodriguez,Shane Burgos vs. Charles Jourdain,Shane Burgos,-150
2022-07-16,UFC Fight Night: Ortega vs. Rodriguez,Shane Burgos vs. Charles Jourdain,Charles Jourdain,150
2023-09-09,UFC 293: Adesanya vs. Strickland,Shane Young vs. Gabriel Miranda,Shane Young,-150
2023-09-09,UFC 293: Adesanya vs. Strickland,Shane Young vs. Gabriel Miranda,Gabriel Miranda,150
2023-07-08,UFC 290: Volkanovski vs. Rodriguez,Shannon Ross vs. Jesus Aguilar,Shannon Ross,-106
2023-07-08,UFC 290: Volkanovski vs. Rodriguez,Shannon Ross vs. Jesus Aguilar,Jesus Aguilar,106
2024-08-03,UFC Fight Night: Sandhagen vs. Nurmagomedov,Shara Magomedov vs. Michal Oleksiejczuk,Shara Magomedov,-100
2024-08-03,UFC Fight Night: Sandhagen vs. Nurmagomedov,Shara Magomedov vs. Michal Oleksiejczuk,Michal Oleksiejczuk,-100
2023-12-16,UFC 296: Edwards vs. Covington,Shavkat Rakhmonov vs. Stephen Thompson,Shavkat Rakhmonov,-246
2023-12-16,UFC 296: Edwards vs. Covington,Shavkat Rakhmonov vs. Stephen Thompson,Stephen Thompson,246
2023-04-08,UFC 287: Pereira vs. Adesanya 2,Shayilan Nuerdanbieke vs. Steve Garcia,Shayilan Nuerdanbieke,-100
2023-04-08,UFC 287: Pereira vs. Adesanya 2,Shayilan Nuerdanbieke vs. Steve Garcia,Steve Garcia,-100
2024-04-13,UFC 300: Pereira vs. Hill,Sodiq Yusuff vs. Diego Lopes,Sodiq Yusuff,-163
2024-04-13,UFC 300: Pereira vs. Hill,Sodiq Yusuff vs. Diego Lopes,Diego Lopes,163
2023-10-14,UFC Fight Night: Yusuff vs. Barboza,Sodiq Yusuff vs. Edson Barboza,Sodiq Yusuff,-163
2023-10-14,UFC Fight Night: Yusuff vs. Barboza,Sodiq Yusuff vs. Edson Barboza,Edson Barboza,163
2023-12-09,UFC Fight Night: Song vs. Gutierrez,Song Kenan vs. Kevin Jousset,Song Kenan,150
2023-12-09,UFC Fight Night: Song vs. Gutierrez,Song Kenan vs. Kevin Jousset,Kevin Jousset,-150
2024-08-17,UFC 305: Du Plessis vs. Adesanya,Song Kenan vs. Ricky Glenn,Song Kenan,143
2024-08-17,UFC 305: Du Plessis vs. Adesanya,Song Kenan vs. Ricky Glenn,Ricky Glenn,-143
2023-08-26,UFC Fight Night: Holloway vs. The Korean Zombie,Song Kenan vs. Rolando Bedoya,Song Kenan,265
2023-08-26,UFC Fight Night: Holloway vs. The Korean Zombie,Song Kenan vs. Rolando Bedoya,Rolando Bedoya,-265
2023-12-09,UFC Fight Night: Song vs. Gutierrez,Song Yadong vs. Chris Gutierrez,Song Yadong,-159
2023-12-09,UFC Fight Night: Song vs. Gutierrez,Song Yadong vs. Chris Gutierrez,Chris Gutierrez,159
2023-04-29,UFC Fight Night: Song vs. Simon,Song Yadong vs. Ricky Simon,Song Yadong,-150
2023-04-29,UFC Fight Night: Song vs. Simon,Song Yadong vs. Ricky Simon,Ricky Simon,150
2022-12-03,UFC Fight Night: Thompson vs. Holland,Stephen Thompson vs. Kevin Holland,Stephen Thompson,303
2022-12-03,UFC Fight Night: Thompson vs. Holland,Stephen Thompson vs. Kevin Holland,Kevin Holland,-303
2023-11-11,UFC 295: Prochazka vs. Pereira,Steve Erceg vs. Alessandro Costa,Steve Erceg,-100
2023-11-11,UFC 295: Prochazka vs. Pereira,Steve Erceg vs. Alessandro Costa,Alessandro Costa,-100
2024-09-07,UFC Fight Night: Burns vs. Brady,Steve Garcia vs. Kyle Nelson,Steve Garcia,-159
2024-09-07,UFC Fight Night: Burns vs. Brady,Steve Garcia vs. Kyle Nelson,Kyle Nelson,159
2023-12-09,UFC Fight Night: Song vs. Gutierrez,Steve Garcia vs. Melquizael Costa,Steve Garcia,121
2023-12-09,UFC Fight Night: Song vs. Gutierrez,Steve Garcia vs. Melquizael Costa,Melquizael Costa,-121
2024-07-20,UFC Fight Night: Lemos vs. Jandiroba,Steve Garcia vs. SeungWoo Choi,Steve Garcia,-177
2024-07-20,UFC Fight Night: Lemos vs. Jandiroba,Steve Garcia vs. SeungWoo Choi,SeungWoo Choi,177
2023-03-25,UFC Fight Night: Vera vs. Sandhagen,Steven Peterson vs. Lucas Alexander,Steven Peterson,163
2023-03-25,UFC Fight Night: Vera vs. Sandhagen,Steven Peterson vs. Lucas Alexander,Lucas Alexander,-163
2023-12-16,UFC 296: Edwards vs. Covington,Tagir Ulanbekov vs. Cody Durden,Tagir Ulanbekov,163
2023-12-16,UFC 296: Edwards vs. Covington,Tagir Ulanbekov vs. Cody Durden,Cody Durden,-163
2022-11-05,UFC Fight Night: Rodriguez vs. Lemos,Tagir Ulanbekov vs. Nate Maness,Tagir Ulanbekov,-159
2022-11-05,UFC Fight Night: Rodriguez vs. Lemos,Tagir Ulanbekov vs. Nate Maness,Nate Maness,159
2023-09-09,UFC 293: Adesanya vs. Strickland,Tai Tuivasa vs. Alexander Volkov,Tai Tuivasa,246
2023-09-09,UFC 293: Adesanya vs. Strickland,Tai Tuivasa vs. Alexander Volkov,Alexander Volkov,-246
2024-08-17,UFC 305: Du Plessis vs. Adesanya,Tai Tuivasa vs. Jairzinho Rozenstruik,Tai Tuivasa,177
2024-08-17,UFC 305: Du Plessis vs. Adesanya,Tai Tuivasa vs. Jairzinho Rozenstruik,Jairzinho Rozenstruik,-177
2024-03-16,UFC Fight Night: Tuivasa vs. Tybura,Tai Tuivasa vs. Marcin Tybura,Tai Tuivasa,159
2024-03-16,UFC Fight Night: Tuivasa vs. Tybura,Tai Tuivasa vs. Marcin Tybura,Marcin Tybura,-159
2022-12-03,UFC Fight Night: Thompson vs. Holland,Tai Tuivasa vs. Sergei Pavlovich,Tai Tuivasa,163
2022-12-03,UFC Fight Night: Thompson vs. Holland,Tai Tuivasa vs. Sergei Pavlovich,Sergei Pavlovich,-163
2023-05-20,UFC Fight Night: Dern vs. Hill,Takashi Sato vs. Themba Gorimbo,Takashi Sato,354
2023-05-20,UFC Fight Night: Dern vs. Hill,Takashi Sato vs. Themba Gorimbo,Themba Gorimbo,-354
2023-08-05,UFC Fight Night: Sandhagen vs. Font,Tanner Boser vs. Aleksa Camur,Tanner Boser,124
2023-08-05,UFC Fight Night: Sandhagen vs. Font,Tanner Boser vs. Aleksa Camur,Aleksa Camur,-124
2023-04-15,UFC Fight Night: Holloway vs. Allen,Tanner Boser vs. Ion Cutelaba,Tanner Boser,-177
2023-04-15,UFC Fight Night: Holloway vs. Allen,Tanner Boser vs. Ion Cutelaba,Ion Cutelaba,177
2022-09-17,UFC Fight Night: Sandhagen vs. Song,Tanner Boser vs. Rodrigo Nascimento,Tanner Boser,-159
2022-09-17,UFC Fight Night: Sandhagen vs. Song,Tanner Boser vs. Rodrigo Nascimento,Rodrigo Nascimento,159
2022-10-15,UFC Fight Night: Grasso vs. Araujo,Tatsuro Taira vs. CJ Vergara,Tatsuro Taira,-438
2022-10-15,UFC Fight Night: Grasso vs. Araujo,Tatsuro Taira vs. CJ Vergara,CJ Vergara,438
2023-12-09,UFC Fight Night: Song vs. Gutierrez,Tatsuro Taira vs. Carlos Hernandez,Tatsuro Taira,-303
2023-12-09,UFC Fight Night: Song vs. Gutierrez,Tatsuro Taira vs. Carlos Hernandez,Carlos Hernandez,303
2022-08-06,UFC Fight Night: Santos vs. Hill,Terrance McKinney vs. Erick Gonzalez,Terrance McKinney,-375
2022-08-06,UFC Fight Night: Santos vs. Hill,Terrance McKinney vs. Erick Gonzalez,Erick Gonzalez,375
2024-05-11,UFC Fight Night: Lewis vs. Nascimento,Terrance McKinney vs. Esteban Ribovics,Terrance McKinney,-159
2024-05-11,UFC Fight Night: Lewis vs. Nascimento,Terrance McKinney vs. Esteban Ribovics,Esteban Ribovics,159
2023-08-12,UFC Fight Night: Luque vs. Dos Anjos,Terrance McKinney vs. Mike Breeden,Terrance McKinney,-288
2023-08-12,UFC Fight Night: Luque vs. Dos Anjos,Terrance McKinney vs. Mike Breeden,Mike Breeden,288
2024-02-03,UFC Fight Night: Dolidze vs. Imavov,Themba Gorimbo vs. Pete Rodriguez,Themba Gorimbo,-210
2024-02-03,UFC Fight Night: Dolidze vs. Imavov,Themba Gorimbo vs. Pete Rodriguez,Pete Rodriguez,210
2024-05-18,UFC Fight Night: Barboza vs. Murphy,Themba Gorimbo vs. Ramiz Brahimaj,Themba Gorimbo,-163
2024-05-18,UFC Fight Night: Barboza vs. Murphy,Themba Gorimbo vs. Ramiz Brahimaj,Ramiz Brahimaj,163
2024-06-08,UFC Fight Night: Cannonier vs. Imavov,Thiago Moises vs. Ludovit Klein,Thiago Moises,246
2024-06-08,UFC Fight Night: Cannonier vs. Imavov,Thiago Moises vs. Ludovit Klein,Ludovit Klein,-246
2022-08-06,UFC Fight Night: Santos vs. Hill,Thiago Santos vs. Jamahal Hill,Thiago Santos,-159
2022-08-06,UFC Fight Night: Santos vs. Hill,Thiago Santos vs. Jamahal Hill,Jamahal Hill,159
2023-10-21,UFC 294: Makhachev vs. Volkanovski 2,Tim Elliott vs. Muhammad Mokaev,Tim Elliott,833
2023-10-21,UFC 294: Makhachev vs. Volkanovski 2,Tim Elliott vs. Muhammad Mokaev,Muhammad Mokaev,-833
2023-12-09,UFC Fight Night: Song vs. Gutierrez,Tim Elliott vs. Sumudaerji,Tim Elliott,121
2023-12-09,UFC Fight Night: Song vs. Gutierrez,Tim Elliott vs. Sumudaerji,Sumudaerji,-121
2023-06-03,UFC Fight Night: Kara-France vs. Albazi,Tim Elliott vs. Victor Altamirano,Tim Elliott,159
2023-06-03,UFC Fight Night: Kara-France vs. Albazi,Tim Elliott vs. Victor Altamirano,Victor Altamirano,-159
2023-05-13,UFC Fight Night: Rozenstruik vs. Almeida,Tim Means vs. Alex Morono,Tim Means,150
2023-05-13,UFC Fight Night: Rozenstruik vs. Almeida,Tim Means vs. Alex Morono,Alex Morono,-150
2023-09-23,UFC Fight Night: Fiziev vs. Gamrot,Tim Means vs. Andre Fialho,Tim Means,-163
2023-09-23,UFC Fight Night: Fiziev vs. Gamrot,Tim Means vs. Andre Fialho,Andre Fialho,163
2022-10-29,UFC Fight Night: Kattar vs. Allen,Tim Means vs. Max Griffin,Tim Means,143
2022-10-29,UFC Fight Night: Kattar vs. Allen,Tim Means vs. Max Griffin,Max Griffin,-143
2024-04-27,UFC Fight Night: Nicolau vs. Perez,Tim Means vs. Uros Medic,Tim Means,-159
2024-04-27,UFC Fight Night: Nicolau vs. Perez,Tim Means vs. Uros Medic,Uros Medic,159
2024-06-15,UFC Fight Night: Perez vs. Taira,Timmy Cuamba vs. Lucas Almeida,Timmy Cuamba,-303
2024-06-15,UFC Fight Night: Perez vs. Taira,Timmy Cuamba vs. Lucas Almeida,Lucas Almeida,303
2024-07-27,UFC 304: Edwards vs. Muhammad 2,Tom Aspinall vs. Curtis Blaydes,Tom Aspinall,150
2024-07-27,UFC 304: Edwards vs. Muhammad 2,Tom Aspinall vs. Curtis Blaydes,Curtis Blaydes,-150
2023-07-22,UFC Fight Night: Aspinall vs. Tybura,Tom Aspinall vs. Marcin Tybura,Tom Aspinall,-234
2023-07-22,UFC Fight Night: Aspinall vs. Tybura,Tom Aspinall vs. Marcin Tybura,Marcin Tybura,234
2024-08-17,UFC 305: Du Plessis vs. Adesanya,Tom Nolan vs. Alex Reyes,Tom Nolan,-601
2024-08-17,UFC 305: Du Plessis vs. Adesanya,Tom Nolan vs. Alex Reyes,Alex Reyes,601
2023-07-29,UFC 291: Poirier vs. Gaethje 2,Tony Ferguson vs. King Green,Tony Ferguson,124
2023-07-29,UFC 291: Poirier vs. Gaethje 2,Tony Ferguson vs. King Green,King Green,-124
2024-08-03,UFC Fight Night: Sandhagen vs. Nurmagomedov,Tony Ferguson vs. Michael Chiesa,Tony Ferguson,163
2024-08-03,UFC Fight Night: Sandhagen vs. Nurmagomedov,Tony Ferguson vs. Michael Chiesa,Michael Chiesa,-163
2023-12-16,UFC 296: Edwards vs. Covington,Tony Ferguson vs. Paddy Pimblett,Tony Ferguson,-100
2023-12-16,UFC 296: Edwards vs. Covington,Tony Ferguson vs. Paddy Pimblett,Paddy Pimblett,-100
2022-09-17,UFC Fight Night: Sandhagen vs. Song,Tony Gravely vs. Javid Basharat,Tony Gravely,-150
2022-09-17,UFC Fight Night: Sandhagen vs. Song,Tony Gravely vs. Javid Basharat,Javid Basharat,150
2024-08-10,UFC Fight Night: Tybura vs. Spivac 2,Toshiomi Kazama vs. Charalampos Grigoriou,Toshiomi Kazama,121
2024-08-10,UFC Fight Night: Tybura vs. Spivac 2,Toshiomi Kazama vs. Charalampos Grigoriou,Charalampos Grigoriou,-121
2023-08-26,UFC Fight Night: Holloway vs. The Korean Zombie,Toshiomi Kazama vs. Garrett Armfield,Toshiomi Kazama,-139
2023-08-26,UFC Fight Night: Holloway vs. The Korean Zombie,Toshiomi Kazama vs. Garrett Armfield,Garrett Armfield,139
2022-09-17,UFC Fight Night: Sandhagen vs. Song,Trevin Giles vs. Louis Cosce,Trevin Giles,-163
2022-09-17,UFC Fight Night: Sandhagen vs. Song,Trevin Giles vs. Louis Cosce,Louis Cosce,163
2023-03-25,UFC Fight Night: Vera vs. Sandhagen,Trevin Giles vs. Preston Parsons,Trevin Giles,-100
2023-03-25,UFC Fight Night: Vera vs. Sandhagen,Trevin Giles vs. Preston Parsons,Preston Parsons,-100
2024-04-06,UFC Fight Night: Allen vs. Curtis 2,Trevor Peek vs. Charlie Campbell,Trevor Peek,121
2024-04-06,UFC Fight Night: Allen vs. Curtis 2,Trevor Peek vs. Charlie Campbell,Charlie Campbell,-121
2024-09-07,UFC Fight Night: Burns vs. Brady,Trevor Peek vs. Yanal Ashmouz,Trevor Peek,-121
2024-09-07,UFC Fight Night: Burns vs. Brady,Trevor Peek vs. Yanal Ashmouz,Yanal Ashmouz,121
2023-07-15,UFC Fight Night: Holm vs. Bueno Silva,Tucker Lutz vs. Melsik Baghdasaryan,Tucker Lutz,-100
2023-07-15,UFC Fight Night: Holm vs. Bueno Silva,Tucker Lutz vs. Melsik Baghdasaryan,Melsik Baghdasaryan,-100
2023-03-11,UFC Fight Night: Yan vs. Dvalishvili,Tyson Nam vs. Bruno Silva,Tyson Nam,163
2023-03-11,UFC Fight Night: Yan vs. Dvalishvili,Tyson Nam vs. Bruno Silva,Bruno Silva,-163
2023-09-09,UFC 293: Adesanya vs. Strickland,Tyson Pedro vs. Anton Turkalj,Tyson Pedro,-159
2023-09-09,UFC 293: Adesanya vs. Strickland,Tyson Pedro vs. Anton Turkalj,Anton Turkalj,159
2022-08-20,UFC 278: Usman vs. Edwards,Tyson Pedro vs. Harry Hunsucker,Tyson Pedro,-702
2022-08-20,UFC 278: Usman vs. Edwards,Tyson Pedro vs. Harry Hunsucker,Harry Hunsucker,702
2023-02-11,UFC 284: Makhachev vs. Volkanovski,Tyson Pedro vs. Modestas Bukauskas,Tyson Pedro,-246
2023-02-11,UFC 284: Makhachev vs. Volkanovski,Tyson Pedro vs. Modestas Bukauskas,Modestas Bukauskas,246
2023-01-14,UFC Fight Night: Strickland vs. Imavov,Umar Nurmagomedov vs. Raoni Barcelos,Umar Nurmagomedov,-438
2023-01-14,UFC Fight Night: Strickland vs. Imavov,Umar Nurmagomedov vs. Raoni Barcelos,Raoni Barcelos,438
2022-08-06,UFC Fight Night: Santos vs. Hill,Vicente Luque vs. Geoff Neal,Vicente Luque,-234
2022-08-06,UFC Fight Night: Santos vs. Hill,Vicente Luque vs. Geoff Neal,Geoff Neal,234
2024-03-30,UFC Fight Night: Blanchfield vs. Fiorot,Vicente Luque vs. Joaquin Buckley,Vicente Luque,-159
2024-03-30,UFC Fight Night: Blanchfield vs. Fiorot,Vicente Luque vs. Joaquin Buckley,Joaquin Buckley,159
2023-08-12,UFC Fight Night: Luque vs. Dos Anjos,Vicente Luque vs. Rafael Dos Anjos,Vicente Luque,-163
2023-08-12,UFC Fight Night: Luque vs. Dos Anjos,Vicente Luque vs. Rafael Dos Anjos,Rafael Dos Anjos,163
2024-02-24,UFC Fight Night: Moreno vs. Royval 2,Victor Altamirano vs. Felipe dos Santos,Victor Altamirano,-100
2024-02-24,UFC Fight Night: Moreno vs. Royval 2,Victor Altamirano vs. Felipe dos Santos,Felipe dos Santos,-100
2023-03-11,UFC Fight Night: Yan vs. Dvalishvili,Victor Henry vs. Tony Gravely,Victor Henry,303
2023-03-11,UFC Fight Night: Yan vs. Dvalishvili,Victor Henry vs. Tony Gravely,Tony Gravely,-303
2024-05-18,UFC Fight Night: Barboza vs. Murphy,Victor Martinez vs. Tom Nolan,Victor Martinez,160
2024-05-18,UFC Fight Night: Barboza vs. Murphy,Victor Martinez vs. Tom Nolan,Tom Nolan,-160
2022-11-19,UFC Fight Night: Nzechukwu vs. Cutelaba,Vince Morales vs. Miles Johns,Vince Morales,183
2022-11-19,UFC Fight Night: Nzechukwu vs. Cutelaba,Vince Morales vs. Miles Johns,Miles Johns,-183
2023-07-08,UFC 290: Volkanovski vs. Rodriguez,Vitor Petrino vs. Marcin Prachnio,Vitor Petrino,-287
2023-07-08,UFC 290: Volkanovski vs. Rodriguez,Vitor Petrino vs. Marcin Prachnio,Marcin Prachnio,287
2023-11-04,UFC Fight Night: Almeida vs. Lewis,Vitor Petrino vs. Modestas Bukauskas,Vitor Petrino,-287
2023-11-04,UFC Fight Night: Almeida vs. Lewis,Vitor Petrino vs. Modestas Bukauskas,Modestas Bukauskas,287
2024-03-02,UFC Fight Night: Rozenstruik vs. Gaziev,Vitor Petrino vs. Tyson Pedro,Vitor Petrino,131
2024-03-02,UFC Fight Night: Rozenstruik vs. Gaziev,Vitor Petrino vs. Tyson Pedro,Tyson Pedro,-131
2022-10-22,UFC 280: Oliveira vs. Makhachev,Volkan Oezdemir vs. Nikita Krylov,Volkan Oezdemir,177
2022-10-22,UFC 280: Oliveira vs. Makhachev,Volkan Oezdemir vs. Nikita Krylov,Nikita Krylov,-177
2023-08-26,UFC Fight Night: Holloway vs. The Korean Zombie,Waldo Cortes-Acosta vs. Lukasz Brzeski,Waldo Cortes-Acosta,-131
2023-08-26,UFC Fight Night: Holloway vs. The Korean Zombie,Waldo Cortes-Acosta vs. Lukasz Brzeski,Lukasz Brzeski,131
2024-05-11,UFC Fight Night: Lewis vs. Nascimento,Waldo Cortes-Acosta vs. Robelis Despaigne,Waldo Cortes-Acosta,-100
2024-05-11,UFC Fight Night: Lewis vs. Nascimento,Waldo Cortes-Acosta vs. Robelis Despaigne,Robelis Despaigne,-100
2023-01-21,UFC 283: Teixeira vs. Hill,Warlley Alves vs. Nicolas Dalby,Warlley Alves,-163
2023-01-21,UFC 283: Teixeira vs. Hill,Warlley Alves vs. Nicolas Dalby,Nicolas Dalby,163
2023-12-02,UFC Fight Night: Dariush vs. Tsarukyan,Wellington Turman vs. Jared Gooden,Wellington Turman,-150
2023-12-02,UFC Fight Night: Dariush vs. Tsarukyan,Wellington Turman vs. Jared Gooden,Jared Gooden,150
2023-02-18,UFC Fight Night: Andrade vs. Blanchfield,William Knight vs. Marcin Prachnio,William Knight,124
2023-02-18,UFC Fight Night: Andrade vs. Blanchfield,William Knight vs. Marcin Prachnio,Marcin Prachnio,-124
2023-02-11,UFC 284: Makhachev vs. Volkanovski,Yair Rodriguez vs. Josh Emmett,Yair Rodriguez,-150
2023-02-11,UFC 284: Makhachev vs. Volkanovski,Yair Rodriguez vs. Josh Emmett,Josh Emmett,150
2024-09-07,UFC Fight Night: Burns vs. Brady,Yizha vs. Gabriel Santos,Yizha,-159
2024-09-07,UFC Fight Night: Burns vs. Brady,Yizha vs. Gabriel Santos,Gabriel Santos,159
2024-01-20,UFC 297: Strickland vs. Du Plessis,Yohan Lainesse vs. Sam Patterson,Yohan Lainesse,-150
2024-01-20,UFC 297: Strickland vs. Du Plessis,Yohan Lainesse vs. Sam Patterson,Sam Patterson,150
2024-08-10,UFC Fight Night: Tybura vs. Spivac 2,Youssef Zalal vs. Jarno Errens,Youssef Zalal,-183
2024-08-10,UFC Fight Night: Tybura vs. Spivac 2,Youssef Zalal vs. Jarno Errens,Jarno Errens,183
2024-02-10,UFC Fight Night: Hermansson vs. Pyfer,Zac Pauga vs. Bogdan Guskov,Zac Pauga,-168
2024-02-10,UFC Fight Night: Hermansson vs. Pyfer,Zac Pauga vs. Bogdan Guskov,Bogdan Guskov,168
2023-06-17,UFC Fight Night: Vettori vs. Cannonier,Zac Pauga vs. Modestas Bukauskas,Zac Pauga,-163
2023-06-17,UFC Fight Night: Vettori vs. Cannonier,Zac Pauga vs. Modestas Bukauskas,Modestas Bukauskas,163
2023-04-15,UFC Fight Night: Holloway vs. Allen,Zak Cummings vs. Ed Herman,Zak Cummings,-246
2023-04-15,UFC Fight Night: Holloway vs. Allen,Zak Cummings vs. Ed Herman,Ed Herman,246
