DATE,EVENT,BOUT,FIGHTER,odds
2023-08-12,UFC Fight Night: Luque vs. Dos Anjos,AJ Dobson vs. Tafon Nchukwi,AJ Dobson,170
2023-08-12,UFC Fight Night: Luque vs. Dos Anjos,AJ Dobson vs. Tafon Nchukwi,Tafon Nchukwi,-170
2022-08-20,UFC 278: Usman vs. Edwards,AJ Fletcher vs. Ange Loosa,AJ Fletcher,-217
2022-08-20,UFC 278: Usman vs. Edwards,AJ Fletcher vs. Ange Loosa,Ange Loosa,217
2023-10-21,UFC 294: Makhachev vs. Volkanovski 2,Abu Azaitar vs. Sedriques Dumas,Abu Azaitar,284
2023-10-21,UFC 294: Makhachev vs. Volkanovski 2,Abu Azaitar vs. Sedriques Dumas,Sedriques Dumas,-284
2023-06-03,UFC Fight Night: Kara-France vs. Albazi,Abubakar Nurmagomedov vs. Elizeu Zaleski dos Santos,Abubakar Nurmagomedov,142
2023-06-03,UFC Fight Night: Kara-France vs. Albazi,Abubakar Nurmagomedov vs. Elizeu Zaleski dos Santos,Elizeu Zaleski dos Santos,-142
2022-10-22,UFC 280: Oliveira vs. Makhachev,Abubakar Nurmagomedov vs. Gadzhi Omargadzhiev,Abubakar Nurmagomedov,-162
2022-10-22,UFC 280: Oliveira vs. Makhachev,Abubakar Nurmagomedov vs. Gadzhi Omargadzhiev,Gadzhi Omargadzhiev,162
2024-05-18,UFC Fight Night: Barboza vs. Murphy,Abus Magomedov vs. Warlley Alves,Abus Magomedov,-142
2024-05-18,UFC Fight Night: Barboza vs. Murphy,Abus Magomedov vs. Warlley Alves,Warlley Alves,142
2024-05-18,UFC Fight Night: Barboza vs. Murphy,Adrian Yanez vs. Vinicius Salvador,Adrian Yanez,-164
2024-05-18,UFC Fight Night: Barboza vs. Murphy,Adrian Yanez vs. Vinicius Salvador,Vinicius Salvador,164
2023-06-10,UFC 289: Nunes vs. Aldana,Aiemann Zahabi vs. Aoriqileng,Aiemann Zahabi,140
2023-06-10,UFC 289: Nunes vs. Aldana,Aiemann Zahabi vs. Aoriqileng,Aoriqileng,-140
2024-03-02,UFC Fight Night: Rozenstruik vs. Gaziev,Aiemann Zahabi vs. Javid Basharat,Aiemann Zahabi,254
2024-03-02,UFC Fight Night: Rozenstruik vs. Gaziev,Aiemann Zahabi vs. Javid Basharat,Javid Basharat,-254
2022-07-09,UFC Fight Night: Dos Anjos vs. Fiziev,Aiemann Zahabi vs. Ricky Turcios,Aiemann Zahabi,241
2022-07-09,UFC Fight Night: Dos Anjos vs. Fiziev,Aiemann Zahabi vs. Ricky Turcios,Ricky Turcios,-241
2024-05-18,UFC Fight Night: Barboza vs. Murphy,Alatengheili vs. Kleydson Rodrigues,Alatengheili,168
2024-05-18,UFC Fight Night: Barboza vs. Murphy,Alatengheili vs. Kleydson Rodrigues,Kleydson Rodrigues,-168
2023-07-15,UFC Fight Night: Holm vs. Bueno Silva,Albert Duraev vs. JunYong Park,Albert Duraev,146
2023-07-15,UFC Fight Night: Holm vs. Bueno Silva,Albert Duraev vs. JunYong Park,JunYong Park,-146
2024-05-04,UFC 301: Pantoja vs. Erceg,Alessandro Costa vs. Kevin Borjas,Alessandro Costa,-118
2024-05-04,UFC 301: Pantoja vs. Erceg,Alessandro Costa vs. Kevin Borjas,Kevin Borjas,118
2022-09-03,UFC Fight Night: Gane vs. Tuivasa,Alessio Di Chirico vs. Roman Kopylov,Alessio Di Chirico,-121
2022-09-03,UFC Fight Night: Gane vs. Tuivasa,Alessio Di Chirico vs. Roman Kopylov,Roman Kopylov,121
2023-06-03,UFC Fight Night: Kara-France vs. Albazi,Alex Caceres vs. Daniel Pineda,Alex Caceres,-442
2023-06-03,UFC Fight Night: Kara-France vs. Albazi,Alex Caceres vs. Daniel Pineda,Daniel Pineda,442
2022-12-17,UFC Fight Night: Cannonier vs. Strickland,Alex Caceres vs. Julian Erosa,Alex Caceres,-352
2022-12-17,UFC Fight Night: Cannonier vs. Strickland,Alex Caceres vs. Julian Erosa,Julian Erosa,352
2024-05-11,UFC Fight Night: Lewis vs. Nascimento,Alex Caceres vs. Sean Woodson,Alex Caceres,-150
2024-05-11,UFC Fight Night: Lewis vs. Nascimento,Alex Caceres vs. Sean Woodson,Sean Woodson,150
2023-10-07,UFC Fight Night: Dawson vs. Green,Alex Morono vs. Joaquin Buckley,Alex Morono,112
2023-10-07,UFC Fight Night: Dawson vs. Green,Alex Morono vs. Joaquin Buckley,Joaquin Buckley,-112
2022-07-30,UFC 277: Pena vs. Nunes 2,Alex Morono vs. Matthew Semelsberger,Alex Morono,-115
2022-07-30,UFC 277: Pena vs. Nunes 2,Alex Morono vs. Matthew Semelsberger,Matthew Semelsberger,115
2023-04-08,UFC 287: Pereira vs. Adesanya 2,Alex Pereira vs. Israel Adesanya,Alex Pereira,199
2023-04-08,UFC 287: Pereira vs. Adesanya 2,Alex Pereira vs. Israel Adesanya,Israel Adesanya,-199
2024-04-13,UFC 300: Pereira vs. Hill,Alex Pereira vs. Jamahal Hill,Alex Pereira,-203
2024-04-13,UFC 300: Pereira vs. Hill,Alex Pereira vs. Jamahal Hill,Jamahal Hill,203
2024-06-29,UFC 303: Pereira vs. Prochazka 2,Alex Pereira vs. Jiri Prochazka,Alex Pereira,-213
2024-06-29,UFC 303: Pereira vs. Prochazka 2,Alex Pereira vs. Jiri Prochazka,Jiri Prochazka,213
2024-03-02,UFC Fight Night: Rozenstruik vs. Gaziev,Alex Perez vs. Muhammad Mokaev,Alex Perez,251
2024-03-02,UFC Fight Night: Rozenstruik vs. Gaziev,Alex Perez vs. Muhammad Mokaev,Muhammad Mokaev,-251
2024-06-15,UFC Fight Night: Perez vs. Taira,Alex Perez vs. Tatsuro Taira,Alex Perez,256
2024-06-15,UFC Fight Night: Perez vs. Taira,Alex Perez vs. Tatsuro Taira,Tatsuro Taira,-256
2023-10-07,UFC Fight Night: Dawson vs. Green,Alexander Hernandez vs. Bill Algeo,Alexander Hernandez,105
2023-10-07,UFC Fight Night: Dawson vs. Green,Alexander Hernandez vs. Bill Algeo,Bill Algeo,-105
2024-04-06,UFC Fight Night: Allen vs. Curtis 2,Alexander Hernandez vs. Damon Jackson,Alexander Hernandez,-121
2024-04-06,UFC Fight Night: Allen vs. Curtis 2,Alexander Hernandez vs. Damon Jackson,Damon Jackson,121
2023-07-15,UFC Fight Night: Holm vs. Bueno Silva,Alexander Munoz vs. Carl Deaton,Alexander Munoz,132
2023-07-15,UFC Fight Night: Holm vs. Bueno Silva,Alexander Munoz vs. Carl Deaton,Carl Deaton,-132
2024-02-17,UFC 298: Volkanovski vs. Topuria,Alexander Volkanovski vs. Ilia Topuria,Alexander Volkanovski,-170
2024-02-17,UFC 298: Volkanovski vs. Topuria,Alexander Volkanovski vs. Ilia Topuria,Ilia Topuria,170
2023-07-08,UFC 290: Volkanovski vs. Rodriguez,Alexander Volkanovski vs. Yair Rodriguez,Alexander Volkanovski,-457
2023-07-08,UFC 290: Volkanovski vs. Rodriguez,Alexander Volkanovski vs. Yair Rodriguez,Yair Rodriguez,457
2023-03-11,UFC Fight Night: Yan vs. Dvalishvili,Alexander Volkov vs. Alexandr Romanov,Alexander Volkov,-100
2023-03-11,UFC Fight Night: Yan vs. Dvalishvili,Alexander Volkov vs. Alexandr Romanov,Alexandr Romanov,100
2023-07-01,UFC Fight Night: Strickland vs. Magomedov,Alexandr Romanov vs. Blagoy Ivanov,Alexandr Romanov,-282
2023-07-01,UFC Fight Night: Strickland vs. Magomedov,Alexandr Romanov vs. Blagoy Ivanov,Blagoy Ivanov,282
2022-07-30,UFC 277: Pena vs. Nunes 2,Alexandre Pantoja vs. Alex Perez,Alexandre Pantoja,119
2022-07-30,UFC 277: Pena vs. Nunes 2,Alexandre Pantoja vs. Alex Perez,Alex Perez,-119
2023-12-16,UFC 296: Edwards vs. Covington,Alexandre Pantoja vs. Brandon Royval,Alexandre Pantoja,113
2023-12-16,UFC 296: Edwards vs. Covington,Alexandre Pantoja vs. Brandon Royval,Brandon Royval,-113
2024-05-04,UFC 301: Pantoja vs. Erceg,Alexandre Pantoja vs. Steve Erceg,Alexandre Pantoja,128
2024-05-04,UFC 301: Pantoja vs. Erceg,Alexandre Pantoja vs. Steve Erceg,Steve Erceg,-128
2023-01-14,UFC Fight Night: Strickland vs. Imavov,Allan Nascimento vs. Carlos Hernandez,Allan Nascimento,-139
2023-01-14,UFC Fight Night: Strickland vs. Imavov,Allan Nascimento vs. Carlos Hernandez,Carlos Hernandez,139
2024-05-11,UFC Fight Night: Lewis vs. Nascimento,Alonzo Menifield vs. Carlos Ulberg,Alonzo Menifield,214
2024-05-11,UFC Fight Night: Lewis vs. Nascimento,Alonzo Menifield vs. Carlos Ulberg,Carlos Ulberg,-214
2023-12-16,UFC 296: Edwards vs. Covington,Alonzo Menifield vs. Dustin Jacoby,Alonzo Menifield,123
2023-12-16,UFC 296: Edwards vs. Covington,Alonzo Menifield vs. Dustin Jacoby,Dustin Jacoby,-123
2022-08-20,UFC 278: Usman vs. Edwards,Amir Albazi vs. Francisco Figueiredo,Amir Albazi,-127
2022-08-20,UFC 278: Usman vs. Edwards,Amir Albazi vs. Francisco Figueiredo,Francisco Figueiredo,127
2023-05-20,UFC Fight Night: Dern vs. Hill,Andre Fialho vs. Joaquin Buckley,Andre Fialho,239
2023-05-20,UFC Fight Night: Dern vs. Hill,Andre Fialho vs. Joaquin Buckley,Joaquin Buckley,-239
2022-11-19,UFC Fight Night: Nzechukwu vs. Cutelaba,Andre Fialho vs. Muslim Salikhov,Andre Fialho,125
2022-11-19,UFC Fight Night: Nzechukwu vs. Cutelaba,Andre Fialho vs. Muslim Salikhov,Muslim Salikhov,-125
2022-09-17,UFC Fight Night: Sandhagen vs. Song,Andre Fili vs. Bill Algeo,Andre Fili,178
2022-09-17,UFC Fight Night: Sandhagen vs. Song,Andre Fili vs. Bill Algeo,Bill Algeo,-178
2023-12-16,UFC 296: Edwards vs. Covington,Andre Fili vs. Lucas Almeida,Andre Fili,-101
2023-12-16,UFC 296: Edwards vs. Covington,Andre Fili vs. Lucas Almeida,Lucas Almeida,101
2023-02-25,UFC Fight Night: Muniz vs. Allen,Andre Muniz vs. Brendan Allen,Andre Muniz,130
2023-02-25,UFC Fight Night: Muniz vs. Allen,Andre Muniz vs. Brendan Allen,Brendan Allen,-130
2024-09-07,UFC Fight Night: Burns vs. Brady,Andre Petroski vs. Dylan Budka,Andre Petroski,-103
2024-09-07,UFC Fight Night: Burns vs. Brady,Andre Petroski vs. Dylan Budka,Dylan Budka,103
2023-08-19,UFC 292: Sterling vs. O'Malley,Andre Petroski vs. Gerald Meerschaert,Andre Petroski,-240
2023-08-19,UFC 292: Sterling vs. O'Malley,Andre Petroski vs. Gerald Meerschaert,Gerald Meerschaert,240
2024-03-30,UFC Fight Night: Blanchfield vs. Fiorot,Andre Petroski vs. Jacob Malkoun,Andre Petroski,157
2024-03-30,UFC Fight Night: Blanchfield vs. Fiorot,Andre Petroski vs. Jacob Malkoun,Jacob Malkoun,-157
2023-10-14,UFC Fight Night: Yusuff vs. Barboza,Andre Petroski vs. Michel Pereira,Andre Petroski,109
2023-10-14,UFC Fight Night: Yusuff vs. Barboza,Andre Petroski vs. Michel Pereira,Michel Pereira,-109
2022-11-12,UFC 281: Adesanya vs. Pereira,Andre Petroski vs. Wellington Turman,Andre Petroski,-210
2022-11-12,UFC 281: Adesanya vs. Pereira,Andre Petroski vs. Wellington Turman,Wellington Turman,210
2023-06-03,UFC Fight Night: Kara-France vs. Albazi,Andrei Arlovski vs. Don'Tale Mayes,Andrei Arlovski,178
2023-06-03,UFC Fight Night: Kara-France vs. Albazi,Andrei Arlovski vs. Don'Tale Mayes,Don'Tale Mayes,-178
2022-10-29,UFC Fight Night: Kattar vs. Allen,Andrei Arlovski vs. Marcos Rogerio de Lima,Andrei Arlovski,266
2022-10-29,UFC Fight Night: Kattar vs. Allen,Andrei Arlovski vs. Marcos Rogerio de Lima,Marcos Rogerio de Lima,-266
2024-06-29,UFC 303: Pereira vs. Prochazka 2,Andrei Arlovski vs. Martin Buday,Andrei Arlovski,275
2024-06-29,UFC 303: Pereira vs. Prochazka 2,Andrei Arlovski vs. Martin Buday,Martin Buday,-275
2024-01-13,UFC Fight Night: Ankalaev vs. Walker 2,Andrei Arlovski vs. Waldo Cortes-Acosta,Andrei Arlovski,412
2024-01-13,UFC Fight Night: Ankalaev vs. Walker 2,Andrei Arlovski vs. Waldo Cortes-Acosta,Waldo Cortes-Acosta,-412
2023-09-02,UFC Fight Night: Gane vs. Spivac,Ange Loosa vs. Rhys McKee,Ange Loosa,-124
2023-09-02,UFC Fight Night: Gane vs. Spivac,Ange Loosa vs. Rhys McKee,Rhys McKee,124
2022-09-17,UFC Fight Night: Sandhagen vs. Song,Anthony Hernandez vs. Marc-Andre Barriault,Anthony Hernandez,-212
2022-09-17,UFC Fight Night: Sandhagen vs. Song,Anthony Hernandez vs. Marc-Andre Barriault,Marc-Andre Barriault,212
2024-02-17,UFC 298: Volkanovski vs. Topuria,Anthony Hernandez vs. Roman Kopylov,Anthony Hernandez,-205
2024-02-17,UFC 298: Volkanovski vs. Topuria,Anthony Hernandez vs. Roman Kopylov,Roman Kopylov,205
2023-05-13,UFC Fight Night: Rozenstruik vs. Almeida,Anthony Smith vs. Johnny Walker,Anthony Smith,283
2023-05-13,UFC Fight Night: Rozenstruik vs. Almeida,Anthony Smith vs. Johnny Walker,Johnny Walker,-283
2023-12-09,UFC Fight Night: Song vs. Gutierrez,Anthony Smith vs. Khalil Rountree Jr.,Anthony Smith,-143
2023-12-09,UFC Fight Night: Song vs. Gutierrez,Anthony Smith vs. Khalil Rountree Jr.,Khalil Rountree Jr.,143
2024-06-29,UFC 303: Pereira vs. Prochazka 2,Anthony Smith vs. Roman Dolidze,Anthony Smith,-101
2024-06-29,UFC 303: Pereira vs. Prochazka 2,Anthony Smith vs. Roman Dolidze,Roman Dolidze,101
2023-08-26,UFC Fight Night: Holloway vs. The Korean Zombie,Anthony Smith vs. Ryan Spann,Anthony Smith,143
2023-08-26,UFC Fight Night: Holloway vs. The Korean Zombie,Anthony Smith vs. Ryan Spann,Ryan Spann,-143
2024-05-04,UFC 301: Pantoja vs. Erceg,Anthony Smith vs. Vitor Petrino,Anthony Smith,181
2024-05-04,UFC 301: Pantoja vs. Erceg,Anthony Smith vs. Vitor Petrino,Vitor Petrino,-181
2022-08-20,UFC 278: Usman vs. Edwards,Aoriqileng vs. Jay Perrin,Aoriqileng,-159
2022-08-20,UFC 278: Usman vs. Edwards,Aoriqileng vs. Jay Perrin,Jay Perrin,159
2023-10-07,UFC Fight Night: Dawson vs. Green,Aoriqileng vs. Johnny Munoz,Aoriqileng,154
2023-10-07,UFC Fight Night: Dawson vs. Green,Aoriqileng vs. Johnny Munoz,Johnny Munoz,-154
2022-12-17,UFC Fight Night: Cannonier vs. Strickland,Arman Tsarukyan vs. Damir Ismagulov,Arman Tsarukyan,-195
2022-12-17,UFC Fight Night: Cannonier vs. Strickland,Arman Tsarukyan vs. Damir Ismagulov,Damir Ismagulov,195
2023-06-17,UFC Fight Night: Vettori vs. Cannonier,Arman Tsarukyan vs. Joaquim Silva,Arman Tsarukyan,-644
2023-06-17,UFC Fight Night: Vettori vs. Cannonier,Arman Tsarukyan vs. Joaquim Silva,Joaquim Silva,644
2022-10-22,UFC 280: Oliveira vs. Makhachev,Armen Petrosyan vs. AJ Dobson,Armen Petrosyan,-140
2022-10-22,UFC 280: Oliveira vs. Makhachev,Armen Petrosyan vs. AJ Dobson,AJ Dobson,140
2023-06-17,UFC Fight Night: Vettori vs. Cannonier,Armen Petrosyan vs. Christian Leroy Duncan,Armen Petrosyan,-109
2023-06-17,UFC Fight Night: Vettori vs. Cannonier,Armen Petrosyan vs. Christian Leroy Duncan,Christian Leroy Duncan,109
2024-07-27,UFC 304: Edwards vs. Muhammad 2,Arnold Allen vs. Giga Chikadze,Arnold Allen,-129
2024-07-27,UFC 304: Edwards vs. Muhammad 2,Arnold Allen vs. Giga Chikadze,Giga Chikadze,129
2024-01-20,UFC 297: Strickland vs. Du Plessis,Arnold Allen vs. Movsar Evloev,Arnold Allen,140
2024-01-20,UFC 297: Strickland vs. Du Plessis,Arnold Allen vs. Movsar Evloev,Movsar Evloev,-140
2024-06-15,UFC Fight Night: Perez vs. Taira,Asu Almabayev vs. Jose Johnson,Asu Almabayev,-155
2024-06-15,UFC Fight Night: Perez vs. Taira,Asu Almabayev vs. Jose Johnson,Jose Johnson,155
2023-02-25,UFC Fight Night: Muniz vs. Allen,Augusto Sakai vs. Don'Tale Mayes,Augusto Sakai,113
2023-02-25,UFC Fight Night: Muniz vs. Allen,Augusto Sakai vs. Don'Tale Mayes,Don'Tale Mayes,-113
2022-08-06,UFC Fight Night: Santos vs. Hill,Augusto Sakai vs. Serghei Spivac,Augusto Sakai,259
2022-08-06,UFC Fight Night: Santos vs. Hill,Augusto Sakai vs. Serghei Spivac,Serghei Spivac,-259
2024-04-27,UFC Fight Night: Nicolau vs. Perez,Austin Hubbard vs. Michal Figlak,Austin Hubbard,107
2024-04-27,UFC Fight Night: Nicolau vs. Perez,Austin Hubbard vs. Michal Figlak,Michal Figlak,-107
2023-07-15,UFC Fight Night: Holm vs. Bueno Silva,Austin Lingo vs. Melquizael Costa,Austin Lingo,107
2023-07-15,UFC Fight Night: Holm vs. Bueno Silva,Austin Lingo vs. Melquizael Costa,Melquizael Costa,-107
2024-08-03,UFC Fight Night: Sandhagen vs. Nurmagomedov,Azamat Murzakanov vs. Alonzo Menifield,Azamat Murzakanov,100
2024-08-03,UFC Fight Night: Sandhagen vs. Nurmagomedov,Azamat Murzakanov vs. Alonzo Menifield,Alonzo Menifield,-100
2024-02-03,UFC Fight Night: Dolidze vs. Imavov,Azat Maksum vs. Charles Johnson,Azat Maksum,-103
2024-02-03,UFC Fight Night: Dolidze vs. Imavov,Azat Maksum vs. Charles Johnson,Charles Johnson,103
2023-05-06,UFC 288: Sterling vs. Cejudo,Belal Muhammad vs. Gilbert Burns,Belal Muhammad,-101
2023-05-06,UFC 288: Sterling vs. Cejudo,Belal Muhammad vs. Gilbert Burns,Gilbert Burns,101
2022-10-22,UFC 280: Oliveira vs. Makhachev,Belal Muhammad vs. Sean Brady,Belal Muhammad,128
2022-10-22,UFC 280: Oliveira vs. Makhachev,Belal Muhammad vs. Sean Brady,Sean Brady,-128
2023-12-02,UFC Fight Night: Dariush vs. Tsarukyan,Beneil Dariush vs. Arman Tsarukyan,Beneil Dariush,104
2023-12-02,UFC Fight Night: Dariush vs. Tsarukyan,Beneil Dariush vs. Arman Tsarukyan,Arman Tsarukyan,-104
2022-10-22,UFC 280: Oliveira vs. Makhachev,Beneil Dariush vs. Mateusz Gamrot,Beneil Dariush,-178
2022-10-22,UFC 280: Oliveira vs. Makhachev,Beneil Dariush vs. Mateusz Gamrot,Mateusz Gamrot,178
2023-09-02,UFC Fight Night: Gane vs. Spivac,Benoit Saint Denis vs. Thiago Moises,Benoit Saint Denis,-117
2023-09-02,UFC Fight Night: Gane vs. Spivac,Benoit Saint Denis vs. Thiago Moises,Thiago Moises,117
2022-07-16,UFC Fight Night: Ortega vs. Rodriguez,Bill Algeo vs. Herbert Burns,Bill Algeo,-143
2022-07-16,UFC Fight Night: Ortega vs. Rodriguez,Bill Algeo vs. Herbert Burns,Herbert Burns,143
2024-03-30,UFC Fight Night: Blanchfield vs. Fiorot,Bill Algeo vs. Kyle Nelson,Bill Algeo,-201
2024-03-30,UFC Fight Night: Blanchfield vs. Fiorot,Bill Algeo vs. Kyle Nelson,Kyle Nelson,201
2023-04-15,UFC Fight Night: Holloway vs. Allen,Bill Algeo vs. TJ Brown,Bill Algeo,-116
2023-04-15,UFC Fight Night: Holloway vs. Allen,Bill Algeo vs. TJ Brown,TJ Brown,116
2022-12-10,UFC 282: Blachowicz vs. Ankalaev,Billy Quarantillo vs. Alexander Hernandez,Billy Quarantillo,200
2022-12-10,UFC 282: Blachowicz vs. Ankalaev,Billy Quarantillo vs. Alexander Hernandez,Alexander Hernandez,-200
2023-08-05,UFC Fight Night: Sandhagen vs. Font,Billy Quarantillo vs. Damon Jackson,Billy Quarantillo,161
2023-08-05,UFC Fight Night: Sandhagen vs. Font,Billy Quarantillo vs. Damon Jackson,Damon Jackson,-161
2024-03-23,UFC Fight Night: Ribas vs. Namajunas,Billy Quarantillo vs. Youssef Zalal,Billy Quarantillo,222
2024-03-23,UFC Fight Night: Ribas vs. Namajunas,Billy Quarantillo vs. Youssef Zalal,Youssef Zalal,-222
2024-05-11,UFC Fight Night: Lewis vs. Nascimento,Billy Ray Goff vs. Trey Waters,Billy Ray Goff,-113
2024-05-11,UFC Fight Night: Lewis vs. Nascimento,Billy Ray Goff vs. Trey Waters,Trey Waters,113
2024-04-13,UFC 300: Pereira vs. Hill,Bo Nickal vs. Cody Brundage,Bo Nickal,-382
2024-04-13,UFC 300: Pereira vs. Hill,Bo Nickal vs. Cody Brundage,Cody Brundage,382
2023-08-19,UFC 292: Sterling vs. O'Malley,Brad Katona vs. Cody Gibson,Brad Katona,-128
2023-08-19,UFC 292: Sterling vs. O'Malley,Brad Katona vs. Cody Gibson,Cody Gibson,128
2024-01-20,UFC 297: Strickland vs. Du Plessis,Brad Katona vs. Garrett Armfield,Brad Katona,168
2024-01-20,UFC 297: Strickland vs. Du Plessis,Brad Katona vs. Garrett Armfield,Garrett Armfield,-168
2024-06-08,UFC Fight Night: Cannonier vs. Imavov,Brad Katona vs. Jesse Butler,Brad Katona,108
2024-06-08,UFC Fight Night: Cannonier vs. Imavov,Brad Katona vs. Jesse Butler,Jesse Butler,-108
2022-11-12,UFC 281: Adesanya vs. Pereira,Brad Riddell vs. Renato Moicano,Brad Riddell,-127
2022-11-12,UFC 281: Adesanya vs. Pereira,Brad Riddell vs. Renato Moicano,Renato Moicano,127
2023-04-22,UFC Fight Night: Pavlovich vs. Blaydes,Brad Tavares vs. Bruno Silva,Brad Tavares,-120
2023-04-22,UFC Fight Night: Pavlovich vs. Blaydes,Brad Tavares vs. Bruno Silva,Bruno Silva,120
2024-02-10,UFC Fight Night: Hermansson vs. Pyfer,Brad Tavares vs. Gregory Rodrigues,Brad Tavares,167
2024-02-10,UFC Fight Night: Hermansson vs. Pyfer,Brad Tavares vs. Gregory Rodrigues,Gregory Rodrigues,-167
2023-04-22,UFC Fight Night: Pavlovich vs. Blaydes,Brady Hiestand vs. Batgerel Danaa,Brady Hiestand,-161
2023-04-22,UFC Fight Night: Pavlovich vs. Blaydes,Brady Hiestand vs. Batgerel Danaa,Batgerel Danaa,161
2022-11-19,UFC Fight Night: Nzechukwu vs. Cutelaba,Brady Hiestand vs. Fernie Garcia,Brady Hiestand,-169
2022-11-19,UFC Fight Night: Nzechukwu vs. Cutelaba,Brady Hiestand vs. Fernie Garcia,Fernie Garcia,169
2024-06-15,UFC Fight Night: Perez vs. Taira,Brady Hiestand vs. Garrett Armfield,Brady Hiestand,-123
2024-06-15,UFC Fight Night: Perez vs. Taira,Brady Hiestand vs. Garrett Armfield,Garrett Armfield,123
2023-07-08,UFC 290: Volkanovski vs. Rodriguez,Brandon Moreno vs. Alexandre Pantoja,Brandon Moreno,-208
2023-07-08,UFC 290: Volkanovski vs. Rodriguez,Brandon Moreno vs. Alexandre Pantoja,Alexandre Pantoja,208
2024-02-24,UFC Fight Night: Moreno vs. Royval 2,Brandon Moreno vs. Brandon Royval,Brandon Moreno,-226
2024-02-24,UFC Fight Night: Moreno vs. Royval 2,Brandon Moreno vs. Brandon Royval,Brandon Royval,226
2022-07-30,UFC 277: Pena vs. Nunes 2,Brandon Moreno vs. Kai Kara-France,Brandon Moreno,-142
2022-07-30,UFC 277: Pena vs. Nunes 2,Brandon Moreno vs. Kai Kara-France,Kai Kara-France,142
2023-04-15,UFC Fight Night: Holloway vs. Allen,Brandon Royval vs. Matheus Nicolau,Brandon Royval,105
2023-04-15,UFC Fight Night: Holloway vs. Allen,Brandon Royval vs. Matheus Nicolau,Matheus Nicolau,-105
2023-06-24,UFC Fight Night: Emmett vs. Topuria,Brendan Allen vs. Bruno Silva,Brendan Allen,-274
2023-06-24,UFC Fight Night: Emmett vs. Topuria,Brendan Allen vs. Bruno Silva,Bruno Silva,274
2024-04-06,UFC Fight Night: Allen vs. Curtis 2,Brendan Allen vs. Chris Curtis,Brendan Allen,-507
2024-04-06,UFC Fight Night: Allen vs. Curtis 2,Brendan Allen vs. Chris Curtis,Chris Curtis,507
2023-11-18,UFC Fight Night: Allen vs. Craig,Brendan Allen vs. Paul Craig,Brendan Allen,-350
2023-11-18,UFC Fight Night: Allen vs. Craig,Brendan Allen vs. Paul Craig,Paul Craig,350
2024-07-20,UFC Fight Night: Lemos vs. Jandiroba,Brian Kelleher vs. Cody Gibson,Brian Kelleher,186
2024-07-20,UFC Fight Night: Lemos vs. Jandiroba,Brian Kelleher vs. Cody Gibson,Cody Gibson,-186
2024-06-08,UFC Fight Night: Cannonier vs. Imavov,Brunno Ferreira vs. Dustin Stoltzfus,Brunno Ferreira,-142
2024-06-08,UFC Fight Night: Cannonier vs. Imavov,Brunno Ferreira vs. Dustin Stoltzfus,Dustin Stoltzfus,142
2022-08-13,UFC Fight Night: Vera vs. Cruz,Bruno Silva vs. Gerald Meerschaert,Bruno Silva,111
2022-08-13,UFC Fight Night: Vera vs. Cruz,Bruno Silva vs. Gerald Meerschaert,Gerald Meerschaert,-111
2022-12-03,UFC Fight Night: Thompson vs. Holland,Bryan Barberena vs. Rafael Dos Anjos,Bryan Barberena,125
2022-12-03,UFC Fight Night: Thompson vs. Holland,Bryan Barberena vs. Rafael Dos Anjos,Rafael Dos Anjos,-125
2023-09-23,UFC Fight Night: Fiziev vs. Gamrot,Bryan Battle vs. AJ Fletcher,Bryan Battle,-120
2023-09-23,UFC Fight Night: Fiziev vs. Gamrot,Bryan Battle vs. AJ Fletcher,AJ Fletcher,120
2023-05-13,UFC Fight Night: Rozenstruik vs. Almeida,Bryan Battle vs. Gabe Green,Bryan Battle,-177
2023-05-13,UFC Fight Night: Rozenstruik vs. Almeida,Bryan Battle vs. Gabe Green,Gabe Green,177
2022-12-17,UFC Fight Night: Cannonier vs. Strickland,Bryan Battle vs. Rinat Fakhretdinov,Bryan Battle,-107
2022-12-17,UFC Fight Night: Cannonier vs. Strickland,Bryan Battle vs. Rinat Fakhretdinov,Rinat Fakhretdinov,107
2022-08-06,UFC Fight Night: Santos vs. Hill,Bryan Battle vs. Takashi Sato,Bryan Battle,-385
2022-08-06,UFC Fight Night: Santos vs. Hill,Bryan Battle vs. Takashi Sato,Takashi Sato,385
2023-09-23,UFC Fight Night: Fiziev vs. Gamrot,Bryce Mitchell vs. Dan Ige,Bryce Mitchell,-165
2023-09-23,UFC Fight Night: Fiziev vs. Gamrot,Bryce Mitchell vs. Dan Ige,Dan Ige,165
2022-12-10,UFC 282: Blachowicz vs. Ankalaev,Bryce Mitchell vs. Ilia Topuria,Bryce Mitchell,-145
2022-12-10,UFC 282: Blachowicz vs. Ankalaev,Bryce Mitchell vs. Ilia Topuria,Ilia Topuria,145
2024-03-09,UFC 299: O'Malley vs. Vera 2,CJ Vergara vs. Asu Almabayev,CJ Vergara,243
2024-03-09,UFC 299: O'Malley vs. Vera 2,CJ Vergara vs. Asu Almabayev,Asu Almabayev,-243
2023-03-25,UFC Fight Night: Vera vs. Sandhagen,CJ Vergara vs. Daniel Lacerda,CJ Vergara,-142
2023-03-25,UFC Fight Night: Vera vs. Sandhagen,CJ Vergara vs. Daniel Lacerda,Daniel Lacerda,142
2023-07-29,UFC 291: Poirier vs. Gaethje 2,CJ Vergara vs. Vinicius Salvador,CJ Vergara,125
2023-07-29,UFC 291: Poirier vs. Gaethje 2,CJ Vergara vs. Vinicius Salvador,Vinicius Salvador,-125
2023-11-04,UFC Fight Night: Almeida vs. Lewis,Caio Borralho vs. Abus Magomedov,Caio Borralho,-239
2023-11-04,UFC Fight Night: Almeida vs. Lewis,Caio Borralho vs. Abus Magomedov,Abus Magomedov,239
2022-07-09,UFC Fight Night: Dos Anjos vs. Fiziev,Caio Borralho vs. Armen Petrosyan,Caio Borralho,-208
2022-07-09,UFC Fight Night: Dos Anjos vs. Fiziev,Caio Borralho vs. Armen Petrosyan,Armen Petrosyan,208
2023-04-29,UFC Fight Night: Song vs. Simon,Caio Borralho vs. Michal Oleksiejczuk,Caio Borralho,-106
2023-04-29,UFC Fight Night: Song vs. Simon,Caio Borralho vs. Michal Oleksiejczuk,Michal Oleksiejczuk,106
2022-10-29,UFC Fight Night: Kattar vs. Allen,Calvin Kattar vs. Arnold Allen,Calvin Kattar,254
2022-10-29,UFC Fight Night: Kattar vs. Allen,Calvin Kattar vs. Arnold Allen,Arnold Allen,-254
2022-11-05,UFC Fight Night: Rodriguez vs. Lemos,Carlos Candelario vs. Jake Hadley,Carlos Candelario,207
2022-11-05,UFC Fight Night: Rodriguez vs. Lemos,Carlos Candelario vs. Jake Hadley,Jake Hadley,-207
2023-06-17,UFC Fight Night: Vettori vs. Cannonier,Carlos Hernandez vs. Denys Bondar,Carlos Hernandez,494
2023-06-17,UFC Fight Night: Vettori vs. Cannonier,Carlos Hernandez vs. Denys Bondar,Denys Bondar,-494
2023-09-09,UFC 293: Adesanya vs. Strickland,Carlos Ulberg vs. Da Woon Jung,Carlos Ulberg,-142
2023-09-09,UFC 293: Adesanya vs. Strickland,Carlos Ulberg vs. Da Woon Jung,Da Woon Jung,142
2023-05-13,UFC Fight Night: Rozenstruik vs. Almeida,Carlos Ulberg vs. Ihor Potieria,Carlos Ulberg,-172
2023-05-13,UFC Fight Night: Rozenstruik vs. Almeida,Carlos Ulberg vs. Ihor Potieria,Ihor Potieria,172
2022-11-12,UFC 281: Adesanya vs. Pereira,Carlos Ulberg vs. Nicolae Negumereanu,Carlos Ulberg,-157
2022-11-12,UFC 281: Adesanya vs. Pereira,Carlos Ulberg vs. Nicolae Negumereanu,Nicolae Negumereanu,157
2023-03-11,UFC Fight Night: Yan vs. Dvalishvili,Carlston Harris vs. Jared Gooden,Carlston Harris,-129
2023-03-11,UFC Fight Night: Yan vs. Dvalishvili,Carlston Harris vs. Jared Gooden,Jared Gooden,129
2024-06-01,UFC 302: Makhachev vs. Poirier,Cesar Almeida vs. Roman Kopylov,Cesar Almeida,-115
2024-06-01,UFC 302: Makhachev vs. Poirier,Cesar Almeida vs. Roman Kopylov,Roman Kopylov,115
2022-09-10,UFC 279: Diaz vs. Ferguson,Chad Anheliger vs. Alatengheili,Chad Anheliger,140
2022-09-10,UFC 279: Diaz vs. Ferguson,Chad Anheliger vs. Alatengheili,Alatengheili,-140
2023-11-18,UFC Fight Night: Allen vs. Craig,Chad Anheliger vs. Jose Johnson,Chad Anheliger,151
2023-11-18,UFC Fight Night: Allen vs. Craig,Chad Anheliger vs. Jose Johnson,Jose Johnson,-151
2024-05-11,UFC Fight Night: Lewis vs. Nascimento,Charles Johnson vs. Jake Hadley,Charles Johnson,-105
2024-05-11,UFC Fight Night: Lewis vs. Nascimento,Charles Johnson vs. Jake Hadley,Jake Hadley,105
2023-01-14,UFC Fight Night: Strickland vs. Imavov,Charles Johnson vs. Jimmy Flick,Charles Johnson,-145
2023-01-14,UFC Fight Night: Strickland vs. Imavov,Charles Johnson vs. Jimmy Flick,Jimmy Flick,145
2022-11-19,UFC Fight Night: Nzechukwu vs. Cutelaba,Charles Johnson vs. Zhalgas Zhumagulov,Charles Johnson,-202
2022-11-19,UFC Fight Night: Nzechukwu vs. Cutelaba,Charles Johnson vs. Zhalgas Zhumagulov,Zhalgas Zhumagulov,202
2024-06-29,UFC 303: Pereira vs. Prochazka 2,Charles Jourdain vs. Jean Silva,Charles Jourdain,209
2024-06-29,UFC 303: Pereira vs. Prochazka 2,Charles Jourdain vs. Jean Silva,Jean Silva,-209
2022-09-03,UFC Fight Night: Gane vs. Tuivasa,Charles Jourdain vs. Nathaniel Wood,Charles Jourdain,108
2022-09-03,UFC Fight Night: Gane vs. Tuivasa,Charles Jourdain vs. Nathaniel Wood,Nathaniel Wood,-108
2024-01-20,UFC 297: Strickland vs. Du Plessis,Charles Jourdain vs. Sean Woodson,Charles Jourdain,-121
2024-01-20,UFC 297: Strickland vs. Du Plessis,Charles Jourdain vs. Sean Woodson,Sean Woodson,121
2024-04-13,UFC 300: Pereira vs. Hill,Charles Oliveira vs. Arman Tsarukyan,Charles Oliveira,104
2024-04-13,UFC 300: Pereira vs. Hill,Charles Oliveira vs. Arman Tsarukyan,Arman Tsarukyan,-104
2023-06-10,UFC 289: Nunes vs. Aldana,Charles Oliveira vs. Beneil Dariush,Charles Oliveira,142
2023-06-10,UFC 289: Nunes vs. Aldana,Charles Oliveira vs. Beneil Dariush,Beneil Dariush,-142
2022-10-22,UFC 280: Oliveira vs. Makhachev,Charles Oliveira vs. Islam Makhachev,Charles Oliveira,138
2022-10-22,UFC 280: Oliveira vs. Makhachev,Charles Oliveira vs. Islam Makhachev,Islam Makhachev,-138
2024-06-08,UFC Fight Night: Cannonier vs. Imavov,Charles Radtke vs. Carlos Prates,Charles Radtke,-170
2024-06-08,UFC Fight Night: Cannonier vs. Imavov,Charles Radtke vs. Carlos Prates,Carlos Prates,170
2023-11-18,UFC Fight Night: Allen vs. Craig,Chase Hooper vs. Jordan Leavitt,Chase Hooper,111
2023-11-18,UFC Fight Night: Allen vs. Craig,Chase Hooper vs. Jordan Leavitt,Jordan Leavitt,-111
2023-05-20,UFC Fight Night: Dern vs. Hill,Chase Hooper vs. Nick Fiore,Chase Hooper,-125
2023-05-20,UFC Fight Night: Dern vs. Hill,Chase Hooper vs. Nick Fiore,Nick Fiore,125
2022-10-29,UFC Fight Night: Kattar vs. Allen,Chase Hooper vs. Steve Garcia,Chase Hooper,-149
2022-10-29,UFC Fight Night: Kattar vs. Allen,Chase Hooper vs. Steve Garcia,Steve Garcia,149
2024-05-11,UFC Fight Night: Lewis vs. Nascimento,Chase Hooper vs. Viacheslav Borshchev,Chase Hooper,-149
2024-05-11,UFC Fight Night: Lewis vs. Nascimento,Chase Hooper vs. Viacheslav Borshchev,Viacheslav Borshchev,149
2022-11-19,UFC Fight Night: Nzechukwu vs. Cutelaba,Chase Sherman vs. Waldo Cortes-Acosta,Chase Sherman,301
2022-11-19,UFC Fight Night: Nzechukwu vs. Cutelaba,Chase Sherman vs. Waldo Cortes-Acosta,Waldo Cortes-Acosta,-301
2023-03-25,UFC Fight Night: Vera vs. Sandhagen,Chidi Njokuani vs. Albert Duraev,Chidi Njokuani,103
2023-03-25,UFC Fight Night: Vera vs. Sandhagen,Chidi Njokuani vs. Albert Duraev,Albert Duraev,-103
2022-09-17,UFC Fight Night: Sandhagen vs. Song,Chidi Njokuani vs. Gregory Rodrigues,Chidi Njokuani,163
2022-09-17,UFC Fight Night: Sandhagen vs. Song,Chidi Njokuani vs. Gregory Rodrigues,Gregory Rodrigues,-163
2023-08-26,UFC Fight Night: Holloway vs. The Korean Zombie,Chidi Njokuani vs. Michal Oleksiejczuk,Chidi Njokuani,128
2023-08-26,UFC Fight Night: Holloway vs. The Korean Zombie,Chidi Njokuani vs. Michal Oleksiejczuk,Michal Oleksiejczuk,-128
2024-03-30,UFC Fight Night: Blanchfield vs. Fiorot,Chidi Njokuani vs. Rhys McKee,Chidi Njokuani,-130
2024-03-30,UFC Fight Night: Blanchfield vs. Fiorot,Chidi Njokuani vs. Rhys McKee,Rhys McKee,130
2022-12-10,UFC 282: Blachowicz vs. Ankalaev,Chris Curtis vs. Joaquin Buckley,Chris Curtis,197
2022-12-10,UFC 282: Blachowicz vs. Ankalaev,Chris Curtis vs. Joaquin Buckley,Joaquin Buckley,-197
2023-04-08,UFC 287: Pereira vs. Adesanya 2,Chris Curtis vs. Kelvin Gastelum,Chris Curtis,225
2023-04-08,UFC 287: Pereira vs. Adesanya 2,Chris Curtis vs. Kelvin Gastelum,Kelvin Gastelum,-225
2024-01-20,UFC 297: Strickland vs. Du Plessis,Chris Curtis vs. Marc-Andre Barriault,Chris Curtis,102
2024-01-20,UFC 297: Strickland vs. Du Plessis,Chris Curtis vs. Marc-Andre Barriault,Marc-Andre Barriault,-102
2023-07-22,UFC Fight Night: Aspinall vs. Tybura,Chris Duncan vs. Yanal Ashmouz,Chris Duncan,457
2023-07-22,UFC Fight Night: Aspinall vs. Tybura,Chris Duncan vs. Yanal Ashmouz,Yanal Ashmouz,-457
2023-10-14,UFC Fight Night: Yusuff vs. Barboza,Chris Gutierrez vs. Alatengheili,Chris Gutierrez,-284
2023-10-14,UFC Fight Night: Yusuff vs. Barboza,Chris Gutierrez vs. Alatengheili,Alatengheili,284
2024-03-02,UFC Fight Night: Rozenstruik vs. Gaziev,Christian Leroy Duncan vs. Claudio Ribeiro,Christian Leroy Duncan,-153
2024-03-02,UFC Fight Night: Rozenstruik vs. Gaziev,Christian Leroy Duncan vs. Claudio Ribeiro,Claudio Ribeiro,153
2023-11-18,UFC Fight Night: Allen vs. Craig,Christian Leroy Duncan vs. Denis Tiuliulin,Christian Leroy Duncan,-239
2023-11-18,UFC Fight Night: Allen vs. Craig,Christian Leroy Duncan vs. Denis Tiuliulin,Denis Tiuliulin,239
2024-07-27,UFC 304: Edwards vs. Muhammad 2,Christian Leroy Duncan vs. Gregory Rodrigues,Christian Leroy Duncan,109
2024-07-27,UFC 304: Edwards vs. Muhammad 2,Christian Leroy Duncan vs. Gregory Rodrigues,Gregory Rodrigues,-109
2023-10-14,UFC Fight Night: Yusuff vs. Barboza,Christian Rodriguez vs. Cameron Saaiman,Christian Rodriguez,139
2023-10-14,UFC Fight Night: Yusuff vs. Barboza,Christian Rodriguez vs. Cameron Saaiman,Cameron Saaiman,-139
2024-03-16,UFC Fight Night: Tuivasa vs. Tybura,Christian Rodriguez vs. Isaac Dulgarian,Christian Rodriguez,110
2024-03-16,UFC Fight Night: Tuivasa vs. Tybura,Christian Rodriguez vs. Isaac Dulgarian,Isaac Dulgarian,-110
2023-09-02,UFC Fight Night: Gane vs. Spivac,Ciryl Gane vs. Serghei Spivac,Ciryl Gane,-135
2023-09-02,UFC Fight Night: Gane vs. Spivac,Ciryl Gane vs. Serghei Spivac,Serghei Spivac,135
2022-09-03,UFC Fight Night: Gane vs. Tuivasa,Ciryl Gane vs. Tai Tuivasa,Ciryl Gane,-275
2022-09-03,UFC Fight Night: Gane vs. Tuivasa,Ciryl Gane vs. Tai Tuivasa,Tai Tuivasa,275
2024-02-24,UFC Fight Night: Moreno vs. Royval 2,Claudio Puelles vs. Fares Ziam,Claudio Puelles,200
2024-02-24,UFC Fight Night: Moreno vs. Royval 2,Claudio Puelles vs. Fares Ziam,Fares Ziam,-200
2022-07-23,UFC Fight Night: Blaydes vs. Aspinall,Claudio Silva vs. Nicolas Dalby,Claudio Silva,112
2022-07-23,UFC Fight Night: Blaydes vs. Aspinall,Claudio Silva vs. Nicolas Dalby,Nicolas Dalby,-112
2023-12-02,UFC Fight Night: Dariush vs. Tsarukyan,Clay Guida vs. Joaquim Silva,Clay Guida,-127
2023-12-02,UFC Fight Night: Dariush vs. Tsarukyan,Clay Guida vs. Joaquim Silva,Joaquim Silva,127
2023-04-15,UFC Fight Night: Holloway vs. Allen,Clay Guida vs. Rafa Garcia,Clay Guida,265
2023-04-15,UFC Fight Night: Holloway vs. Allen,Clay Guida vs. Rafa Garcia,Rafa Garcia,-265
2022-12-03,UFC Fight Night: Thompson vs. Holland,Clay Guida vs. Scott Holtzman,Clay Guida,197
2022-12-03,UFC Fight Night: Thompson vs. Holland,Clay Guida vs. Scott Holtzman,Scott Holtzman,-197
2022-12-17,UFC Fight Night: Cannonier vs. Strickland,Cody Brundage vs. Michal Oleksiejczuk,Cody Brundage,-122
2022-12-17,UFC Fight Night: Cannonier vs. Strickland,Cody Brundage vs. Michal Oleksiejczuk,Michal Oleksiejczuk,122
2023-06-24,UFC Fight Night: Emmett vs. Topuria,Cody Brundage vs. Sedriques Dumas,Cody Brundage,-151
2023-06-24,UFC Fight Night: Emmett vs. Topuria,Cody Brundage vs. Sedriques Dumas,Sedriques Dumas,151
2022-07-09,UFC Fight Night: Dos Anjos vs. Fiziev,Cody Brundage vs. Tresean Gore,Cody Brundage,-145
2022-07-09,UFC Fight Night: Dos Anjos vs. Fiziev,Cody Brundage vs. Tresean Gore,Tresean Gore,145
2024-07-20,UFC Fight Night: Lemos vs. Jandiroba,Cody Durden vs. Bruno Silva,Cody Durden,-198
2024-07-20,UFC Fight Night: Lemos vs. Jandiroba,Cody Durden vs. Bruno Silva,Bruno Silva,198
2023-04-29,UFC Fight Night: Song vs. Simon,Cody Durden vs. Charles Johnson,Cody Durden,-111
2023-04-29,UFC Fight Night: Song vs. Simon,Cody Durden vs. Charles Johnson,Charles Johnson,111
2023-08-05,UFC Fight Night: Sandhagen vs. Font,Cody Durden vs. Jake Hadley,Cody Durden,112
2023-08-05,UFC Fight Night: Sandhagen vs. Font,Cody Durden vs. Jake Hadley,Jake Hadley,-112
2023-12-16,UFC 296: Edwards vs. Covington,Cody Garbrandt vs. Brian Kelleher,Cody Garbrandt,-265
2023-12-16,UFC 296: Edwards vs. Covington,Cody Garbrandt vs. Brian Kelleher,Brian Kelleher,265
2023-03-04,UFC 285: Jones vs. Gane,Cody Garbrandt vs. Trevin Jones,Cody Garbrandt,-127
2023-03-04,UFC 285: Jones vs. Gane,Cody Garbrandt vs. Trevin Jones,Trevin Jones,127
2023-05-13,UFC Fight Night: Rozenstruik vs. Almeida,Cody Stamann vs. Douglas Silva de Andrade,Cody Stamann,-184
2023-05-13,UFC Fight Night: Rozenstruik vs. Almeida,Cody Stamann vs. Douglas Silva de Andrade,Douglas Silva de Andrade,184
2024-06-08,UFC Fight Night: Cannonier vs. Imavov,Cody Stamann vs. Taylor Lapilus,Cody Stamann,140
2024-06-08,UFC Fight Night: Cannonier vs. Imavov,Cody Stamann vs. Taylor Lapilus,Taylor Lapilus,-140
2023-08-05,UFC Fight Night: Sandhagen vs. Font,Cory Sandhagen vs. Rob Font,Cory Sandhagen,-179
2023-08-05,UFC Fight Night: Sandhagen vs. Font,Cory Sandhagen vs. Rob Font,Rob Font,179
2022-09-17,UFC Fight Night: Sandhagen vs. Song,Cory Sandhagen vs. Song Yadong,Cory Sandhagen,120
2022-09-17,UFC Fight Night: Sandhagen vs. Song,Cory Sandhagen vs. Song Yadong,Song Yadong,-120
2024-08-03,UFC Fight Night: Sandhagen vs. Nurmagomedov,Cory Sandhagen vs. Umar Nurmagomedov,Cory Sandhagen,106
2024-08-03,UFC Fight Night: Sandhagen vs. Nurmagomedov,Cory Sandhagen vs. Umar Nurmagomedov,Umar Nurmagomedov,-106
2024-04-06,UFC Fight Night: Allen vs. Curtis 2,Court McGee vs. Alex Morono,Court McGee,239
2024-04-06,UFC Fight Night: Allen vs. Curtis 2,Court McGee vs. Alex Morono,Alex Morono,-239
2024-02-24,UFC Fight Night: Moreno vs. Royval 2,Cristian Quinonez vs. Raoni Barcelos,Cristian Quinonez,-148
2024-02-24,UFC Fight Night: Moreno vs. Royval 2,Cristian Quinonez vs. Raoni Barcelos,Raoni Barcelos,148
2024-06-29,UFC 303: Pereira vs. Prochazka 2,Cub Swanson vs. Andre Fili,Cub Swanson,-169
2024-06-29,UFC 303: Pereira vs. Prochazka 2,Cub Swanson vs. Andre Fili,Andre Fili,169
2023-08-12,UFC Fight Night: Luque vs. Dos Anjos,Cub Swanson vs. Hakeem Dawodu,Cub Swanson,127
2023-08-12,UFC Fight Night: Luque vs. Dos Anjos,Cub Swanson vs. Hakeem Dawodu,Hakeem Dawodu,-127
2022-10-15,UFC Fight Night: Grasso vs. Araujo,Cub Swanson vs. Jonathan Martinez,Cub Swanson,145
2022-10-15,UFC Fight Night: Grasso vs. Araujo,Cub Swanson vs. Jonathan Martinez,Jonathan Martinez,-145
2024-03-09,UFC 299: O'Malley vs. Vera 2,Curtis Blaydes vs. Jailton Almeida,Curtis Blaydes,-138
2024-03-09,UFC 299: O'Malley vs. Vera 2,Curtis Blaydes vs. Jailton Almeida,Jailton Almeida,138
2022-07-23,UFC Fight Night: Blaydes vs. Aspinall,Curtis Blaydes vs. Tom Aspinall,Curtis Blaydes,-147
2022-07-23,UFC Fight Night: Blaydes vs. Aspinall,Curtis Blaydes vs. Tom Aspinall,Tom Aspinall,147
2023-02-04,UFC Fight Night: Lewis vs. Spivac,Da Woon Jung vs. Devin Clark,Da Woon Jung,-210
2023-02-04,UFC Fight Night: Lewis vs. Spivac,Da Woon Jung vs. Devin Clark,Devin Clark,210
2023-06-03,UFC Fight Night: Kara-France vs. Albazi,Da'Mon Blackshear vs. Luan Lacerda,Da'Mon Blackshear,-125
2023-06-03,UFC Fight Night: Kara-France vs. Albazi,Da'Mon Blackshear vs. Luan Lacerda,Luan Lacerda,125
2023-08-19,UFC 292: Sterling vs. O'Malley,Da'Mon Blackshear vs. Mario Bautista,Da'Mon Blackshear,143
2023-08-19,UFC 292: Sterling vs. O'Malley,Da'Mon Blackshear vs. Mario Bautista,Mario Bautista,-143
2023-07-01,UFC Fight Night: Strickland vs. Magomedov,Damir Ismagulov vs. Grant Dawson,Damir Ismagulov,114
2023-07-01,UFC Fight Night: Strickland vs. Magomedov,Damir Ismagulov vs. Grant Dawson,Grant Dawson,-114
2024-08-10,UFC Fight Night: Tybura vs. Spivac 2,Damon Jackson vs. Chepe Mariscal,Damon Jackson,118
2024-08-10,UFC Fight Night: Tybura vs. Spivac 2,Damon Jackson vs. Chepe Mariscal,Chepe Mariscal,-118
2022-09-17,UFC Fight Night: Sandhagen vs. Song,Damon Jackson vs. Pat Sabatini,Damon Jackson,179
2022-09-17,UFC Fight Night: Sandhagen vs. Song,Damon Jackson vs. Pat Sabatini,Pat Sabatini,-179
2022-11-12,UFC 281: Adesanya vs. Pereira,Dan Hooker vs. Claudio Puelles,Dan Hooker,102
2022-11-12,UFC 281: Adesanya vs. Pereira,Dan Hooker vs. Claudio Puelles,Claudio Puelles,-102
2024-02-10,UFC Fight Night: Hermansson vs. Pyfer,Dan Ige vs. Andre Fili,Dan Ige,-181
2024-02-10,UFC Fight Night: Hermansson vs. Pyfer,Dan Ige vs. Andre Fili,Andre Fili,181
2023-01-14,UFC Fight Night: Strickland vs. Imavov,Dan Ige vs. Damon Jackson,Dan Ige,-107
2023-01-14,UFC Fight Night: Strickland vs. Imavov,Dan Ige vs. Damon Jackson,Damon Jackson,107
2024-06-29,UFC 303: Pereira vs. Prochazka 2,Dan Ige vs. Diego Lopes,Dan Ige,101
2024-06-29,UFC 303: Pereira vs. Prochazka 2,Dan Ige vs. Diego Lopes,Diego Lopes,-101
2023-06-10,UFC 289: Nunes vs. Aldana,Dan Ige vs. Nate Landwehr,Dan Ige,-128
2023-06-10,UFC 289: Nunes vs. Aldana,Dan Ige vs. Nate Landwehr,Nate Landwehr,128
2022-08-20,UFC 278: Usman vs. Edwards,Daniel Lacerda vs. Victor Altamirano,Daniel Lacerda,118
2022-08-20,UFC 278: Usman vs. Edwards,Daniel Lacerda vs. Victor Altamirano,Victor Altamirano,-118
2023-03-25,UFC Fight Night: Vera vs. Sandhagen,Daniel Pineda vs. Tucker Lutz,Daniel Pineda,188
2023-03-25,UFC Fight Night: Vera vs. Sandhagen,Daniel Pineda vs. Tucker Lutz,Tucker Lutz,-188
2023-05-13,UFC Fight Night: Rozenstruik vs. Almeida,Daniel Rodriguez vs. Ian Machado Garry,Daniel Rodriguez,135
2023-05-13,UFC Fight Night: Rozenstruik vs. Almeida,Daniel Rodriguez vs. Ian Machado Garry,Ian Machado Garry,-135
2023-06-03,UFC Fight Night: Kara-France vs. Albazi,Daniel Santos vs. Johnny Munoz,Daniel Santos,149
2023-06-03,UFC Fight Night: Kara-France vs. Albazi,Daniel Santos vs. Johnny Munoz,Johnny Munoz,-149
2023-09-16,UFC Fight Night: Grasso vs. Shevchenko 2,Daniel Zellhuber vs. Christos Giagos,Daniel Zellhuber,-229
2023-09-16,UFC Fight Night: Grasso vs. Shevchenko 2,Daniel Zellhuber vs. Christos Giagos,Christos Giagos,229
2024-02-24,UFC Fight Night: Moreno vs. Royval 2,Daniel Zellhuber vs. Francisco Prado,Daniel Zellhuber,115
2024-02-24,UFC Fight Night: Moreno vs. Royval 2,Daniel Zellhuber vs. Francisco Prado,Francisco Prado,-115
2022-09-10,UFC 279: Diaz vs. Ferguson,Darian Weeks vs. Yohan Lainesse,Darian Weeks,110
2022-09-10,UFC 279: Diaz vs. Ferguson,Darian Weeks vs. Yohan Lainesse,Yohan Lainesse,-110
2022-12-03,UFC Fight Night: Thompson vs. Holland,Darren Elkins vs. Jonathan Pearce,Darren Elkins,202
2022-12-03,UFC Fight Night: Thompson vs. Holland,Darren Elkins vs. Jonathan Pearce,Jonathan Pearce,-202
2023-10-14,UFC Fight Night: Yusuff vs. Barboza,Darren Elkins vs. TJ Brown,Darren Elkins,121
2023-10-14,UFC Fight Night: Yusuff vs. Barboza,Darren Elkins vs. TJ Brown,TJ Brown,-121
2022-12-10,UFC 282: Blachowicz vs. Ankalaev,Darren Till vs. Dricus Du Plessis,Darren Till,194
2022-12-10,UFC 282: Blachowicz vs. Ankalaev,Darren Till vs. Dricus Du Plessis,Dricus Du Plessis,-194
2022-11-05,UFC Fight Night: Rodriguez vs. Lemos,Darrick Minner vs. Shayilan Nuerdanbieke,Darrick Minner,162
2022-11-05,UFC Fight Night: Rodriguez vs. Lemos,Darrick Minner vs. Shayilan Nuerdanbieke,Shayilan Nuerdanbieke,-162
2023-07-22,UFC Fight Night: Aspinall vs. Tybura,Davey Grant vs. Daniel Marcos,Davey Grant,169
2023-07-22,UFC Fight Night: Aspinall vs. Tybura,Davey Grant vs. Daniel Marcos,Daniel Marcos,-169
2022-12-17,UFC Fight Night: Cannonier vs. Strickland,David Dvorak vs. Manel Kape,David Dvorak,-103
2022-12-17,UFC Fight Night: Cannonier vs. Strickland,David Dvorak vs. Manel Kape,Manel Kape,103
2023-06-24,UFC Fight Night: Emmett vs. Topuria,David Onama vs. Gabriel Santos,David Onama,108
2023-06-24,UFC Fight Night: Emmett vs. Topuria,David Onama vs. Gabriel Santos,Gabriel Santos,-108
2023-01-21,UFC 283: Teixeira vs. Hill,Deiveson Figueiredo vs. Brandon Moreno,Deiveson Figueiredo,203
2023-01-21,UFC 283: Teixeira vs. Hill,Deiveson Figueiredo vs. Brandon Moreno,Brandon Moreno,-203
2024-04-13,UFC 300: Pereira vs. Hill,Deiveson Figueiredo vs. Cody Garbrandt,Deiveson Figueiredo,-120
2024-04-13,UFC 300: Pereira vs. Hill,Deiveson Figueiredo vs. Cody Garbrandt,Cody Garbrandt,120
2022-09-10,UFC 279: Diaz vs. Ferguson,Denis Tiuliulin vs. Jamie Pickett,Denis Tiuliulin,-102
2022-09-10,UFC 279: Diaz vs. Ferguson,Denis Tiuliulin vs. Jamie Pickett,Jamie Pickett,102
2024-08-24,UFC Fight Night: Cannonier vs. Borralho,Dennis Buzukja vs. Francis Marshall,Dennis Buzukja,-106
2024-08-24,UFC Fight Night: Cannonier vs. Borralho,Dennis Buzukja vs. Francis Marshall,Francis Marshall,106
2023-11-11,UFC 295: Prochazka vs. Pereira,Dennis Buzukja vs. Jamall Emmers,Dennis Buzukja,122
2023-11-11,UFC 295: Prochazka vs. Pereira,Dennis Buzukja vs. Jamall Emmers,Jamall Emmers,-122
2023-03-04,UFC 285: Jones vs. Gane,Derek Brunson vs. Dricus Du Plessis,Derek Brunson,158
2023-03-04,UFC 285: Jones vs. Gane,Derek Brunson vs. Dricus Du Plessis,Dricus Du Plessis,-158
2023-07-29,UFC 291: Poirier vs. Gaethje 2,Derrick Lewis vs. Marcos Rogerio de Lima,Derrick Lewis,197
2023-07-29,UFC 291: Poirier vs. Gaethje 2,Derrick Lewis vs. Marcos Rogerio de Lima,Marcos Rogerio de Lima,-197
2024-05-11,UFC Fight Night: Lewis vs. Nascimento,Derrick Lewis vs. Rodrigo Nascimento,Derrick Lewis,-113
2024-05-11,UFC Fight Night: Lewis vs. Nascimento,Derrick Lewis vs. Rodrigo Nascimento,Rodrigo Nascimento,113
2022-07-30,UFC 277: Pena vs. Nunes 2,Derrick Lewis vs. Sergei Pavlovich,Derrick Lewis,104
2022-07-30,UFC 277: Pena vs. Nunes 2,Derrick Lewis vs. Sergei Pavlovich,Sergei Pavlovich,-104
2023-02-04,UFC Fight Night: Lewis vs. Spivac,Derrick Lewis vs. Serghei Spivac,Derrick Lewis,250
2023-02-04,UFC Fight Night: Lewis vs. Spivac,Derrick Lewis vs. Serghei Spivac,Serghei Spivac,-250
2022-08-13,UFC Fight Night: Vera vs. Cruz,Devin Clark vs. Azamat Murzakanov,Devin Clark,-166
2022-08-13,UFC Fight Night: Vera vs. Cruz,Devin Clark vs. Azamat Murzakanov,Azamat Murzakanov,166
2024-02-10,UFC Fight Night: Hermansson vs. Pyfer,Devin Clark vs. Marcin Prachnio,Devin Clark,104
2024-02-10,UFC Fight Night: Hermansson vs. Pyfer,Devin Clark vs. Marcin Prachnio,Marcin Prachnio,-104
2024-05-11,UFC Fight Night: Lewis vs. Nascimento,Diego Ferreira vs. Mateusz Rebecki,Diego Ferreira,208
2024-05-11,UFC Fight Night: Lewis vs. Nascimento,Diego Ferreira vs. Mateusz Rebecki,Mateusz Rebecki,-208
2023-05-20,UFC Fight Night: Dern vs. Hill,Diego Ferreira vs. Michael Johnson,Diego Ferreira,-114
2023-05-20,UFC Fight Night: Dern vs. Hill,Diego Ferreira vs. Michael Johnson,Michael Johnson,114
2023-08-05,UFC Fight Night: Sandhagen vs. Font,Diego Lopes vs. Gavin Tucker,Diego Lopes,105
2023-08-05,UFC Fight Night: Sandhagen vs. Font,Diego Lopes vs. Gavin Tucker,Gavin Tucker,-105
2023-11-11,UFC 295: Prochazka vs. Pereira,Diego Lopes vs. Pat Sabatini,Diego Lopes,148
2023-11-11,UFC 295: Prochazka vs. Pereira,Diego Lopes vs. Pat Sabatini,Pat Sabatini,-148
2024-06-08,UFC Fight Night: Cannonier vs. Imavov,Dominick Reyes vs. Dustin Jacoby,Dominick Reyes,178
2024-06-08,UFC Fight Night: Cannonier vs. Imavov,Dominick Reyes vs. Dustin Jacoby,Dustin Jacoby,-178
2022-11-12,UFC 281: Adesanya vs. Pereira,Dominick Reyes vs. Ryan Spann,Dominick Reyes,-115
2022-11-12,UFC 281: Adesanya vs. Pereira,Dominick Reyes vs. Ryan Spann,Ryan Spann,115
2024-04-27,UFC Fight Night: Nicolau vs. Perez,Don'Tale Mayes vs. Caio Machado,Don'Tale Mayes,141
2024-04-27,UFC Fight Night: Nicolau vs. Perez,Don'Tale Mayes vs. Caio Machado,Caio Machado,-141
2024-07-20,UFC Fight Night: Lemos vs. Jandiroba,Dooho Choi vs. Bill Algeo,Dooho Choi,214
2024-07-20,UFC Fight Night: Lemos vs. Jandiroba,Dooho Choi vs. Bill Algeo,Bill Algeo,-214
2023-02-04,UFC Fight Night: Lewis vs. Spivac,Dooho Choi vs. Kyle Nelson,Dooho Choi,-116
2023-02-04,UFC Fight Night: Lewis vs. Spivac,Dooho Choi vs. Kyle Nelson,Kyle Nelson,116
2024-06-15,UFC Fight Night: Perez vs. Taira,Douglas Silva de Andrade vs. Miles Johns,Douglas Silva de Andrade,194
2024-06-15,UFC Fight Night: Perez vs. Taira,Douglas Silva de Andrade vs. Miles Johns,Miles Johns,-194
2022-07-09,UFC Fight Night: Dos Anjos vs. Fiziev,Douglas Silva de Andrade vs. Said Nurmagomedov,Douglas Silva de Andrade,284
2022-07-09,UFC Fight Night: Dos Anjos vs. Fiziev,Douglas Silva de Andrade vs. Said Nurmagomedov,Said Nurmagomedov,-284
2023-12-02,UFC Fight Night: Dariush vs. Tsarukyan,Drakkar Klose vs. Joe Solecki,Drakkar Klose,178
2023-12-02,UFC Fight Night: Dariush vs. Tsarukyan,Drakkar Klose vs. Joe Solecki,Joe Solecki,-178
2022-07-30,UFC 277: Pena vs. Nunes 2,Drakkar Klose vs. Rafa Garcia,Drakkar Klose,101
2022-07-30,UFC 277: Pena vs. Nunes 2,Drakkar Klose vs. Rafa Garcia,Rafa Garcia,-101
2024-07-13,UFC Fight Night: Namajunas vs. Cortez,Drew Dober vs. Jean Silva,Drew Dober,225
2024-07-13,UFC Fight Night: Namajunas vs. Cortez,Drew Dober vs. Jean Silva,Jean Silva,-225
2022-12-17,UFC Fight Night: Cannonier vs. Strickland,Drew Dober vs. King Green,Drew Dober,166
2022-12-17,UFC Fight Night: Cannonier vs. Strickland,Drew Dober vs. King Green,King Green,-166
2023-05-06,UFC 288: Sterling vs. Cejudo,Drew Dober vs. Matt Frevola,Drew Dober,-107
2023-05-06,UFC 288: Sterling vs. Cejudo,Drew Dober vs. Matt Frevola,Matt Frevola,107
2022-07-30,UFC 277: Pena vs. Nunes 2,Drew Dober vs. Rafael Alves,Drew Dober,103
2022-07-30,UFC 277: Pena vs. Nunes 2,Drew Dober vs. Rafael Alves,Rafael Alves,-103
2023-10-07,UFC Fight Night: Dawson vs. Green,Drew Dober vs. Ricky Glenn,Drew Dober,102
2023-10-07,UFC Fight Night: Dawson vs. Green,Drew Dober vs. Ricky Glenn,Ricky Glenn,-102
2024-08-17,UFC 305: Du Plessis vs. Adesanya,Dricus Du Plessis vs. Israel Adesanya,Dricus Du Plessis,-131
2024-08-17,UFC 305: Du Plessis vs. Adesanya,Dricus Du Plessis vs. Israel Adesanya,Israel Adesanya,131
2023-04-15,UFC Fight Night: Holloway vs. Allen,Dustin Jacoby vs. Azamat Murzakanov,Dustin Jacoby,-160
2023-04-15,UFC Fight Night: Holloway vs. Allen,Dustin Jacoby vs. Azamat Murzakanov,Azamat Murzakanov,160
2022-07-16,UFC Fight Night: Ortega vs. Rodriguez,Dustin Jacoby vs. Da Woon Jung,Dustin Jacoby,145
2022-07-16,UFC Fight Night: Ortega vs. Rodriguez,Dustin Jacoby vs. Da Woon Jung,Da Woon Jung,-145
2023-08-05,UFC Fight Night: Sandhagen vs. Font,Dustin Jacoby vs. Kennedy Nzechukwu,Dustin Jacoby,139
2023-08-05,UFC Fight Night: Sandhagen vs. Font,Dustin Jacoby vs. Kennedy Nzechukwu,Kennedy Nzechukwu,-139
2022-10-29,UFC Fight Night: Kattar vs. Allen,Dustin Jacoby vs. Khalil Rountree Jr.,Dustin Jacoby,-211
2022-10-29,UFC Fight Night: Kattar vs. Allen,Dustin Jacoby vs. Khalil Rountree Jr.,Khalil Rountree Jr.,211
2024-03-09,UFC 299: O'Malley vs. Vera 2,Dustin Poirier vs. Benoit Saint Denis,Dustin Poirier,115
2024-03-09,UFC 299: O'Malley vs. Vera 2,Dustin Poirier vs. Benoit Saint Denis,Benoit Saint Denis,-115
2023-07-29,UFC 291: Poirier vs. Gaethje 2,Dustin Poirier vs. Justin Gaethje,Dustin Poirier,-152
2023-07-29,UFC 291: Poirier vs. Gaethje 2,Dustin Poirier vs. Justin Gaethje,Justin Gaethje,152
2022-11-12,UFC 281: Adesanya vs. Pereira,Dustin Poirier vs. Michael Chandler,Dustin Poirier,-302
2022-11-12,UFC 281: Adesanya vs. Pereira,Dustin Poirier vs. Michael Chandler,Michael Chandler,302
2022-07-16,UFC Fight Night: Ortega vs. Rodriguez,Dwight Grant vs. Dustin Stoltzfus,Dwight Grant,114
2022-07-16,UFC Fight Night: Ortega vs. Rodriguez,Dwight Grant vs. Dustin Stoltzfus,Dustin Stoltzfus,-114
2024-02-24,UFC Fight Night: Moreno vs. Royval 2,Edgar Chairez vs. Daniel Lacerda,Edgar Chairez,-163
2024-02-24,UFC Fight Night: Moreno vs. Royval 2,Edgar Chairez vs. Daniel Lacerda,Daniel Lacerda,163
2024-03-23,UFC Fight Night: Ribas vs. Namajunas,Edmen Shahbazyan vs. AJ Dobson,Edmen Shahbazyan,-150
2024-03-23,UFC Fight Night: Ribas vs. Namajunas,Edmen Shahbazyan vs. AJ Dobson,AJ Dobson,150
2023-05-20,UFC Fight Night: Dern vs. Hill,Edmen Shahbazyan vs. Anthony Hernandez,Edmen Shahbazyan,132
2023-05-20,UFC Fight Night: Dern vs. Hill,Edmen Shahbazyan vs. Anthony Hernandez,Anthony Hernandez,-132
2022-12-10,UFC 282: Blachowicz vs. Ankalaev,Edmen Shahbazyan vs. Dalcha Lungiambula,Edmen Shahbazyan,-223
2022-12-10,UFC 282: Blachowicz vs. Ankalaev,Edmen Shahbazyan vs. Dalcha Lungiambula,Dalcha Lungiambula,223
2024-08-24,UFC Fight Night: Cannonier vs. Borralho,Edmen Shahbazyan vs. Gerald Meerschaert,Edmen Shahbazyan,-159
2024-08-24,UFC Fight Night: Cannonier vs. Borralho,Edmen Shahbazyan vs. Gerald Meerschaert,Gerald Meerschaert,159
2023-04-15,UFC Fight Night: Holloway vs. Allen,Edson Barboza vs. Billy Quarantillo,Edson Barboza,-104
2023-04-15,UFC Fight Night: Holloway vs. Allen,Edson Barboza vs. Billy Quarantillo,Billy Quarantillo,104
2024-05-18,UFC Fight Night: Barboza vs. Murphy,Edson Barboza vs. Lerone Murphy,Edson Barboza,191
2024-05-18,UFC Fight Night: Barboza vs. Murphy,Edson Barboza vs. Lerone Murphy,Lerone Murphy,-191
2024-02-24,UFC Fight Night: Moreno vs. Royval 2,Erik Silva vs. Muhammad Naimov,Erik Silva,150
2024-02-24,UFC Fight Night: Moreno vs. Royval 2,Erik Silva vs. Muhammad Naimov,Muhammad Naimov,-150
2024-03-02,UFC Fight Night: Rozenstruik vs. Gaziev,Eryk Anders vs. Jamie Pickett,Eryk Anders,-106
2024-03-02,UFC Fight Night: Rozenstruik vs. Gaziev,Eryk Anders vs. Jamie Pickett,Jamie Pickett,106
2022-12-03,UFC Fight Night: Thompson vs. Holland,Eryk Anders vs. Kyle Daukaus,Eryk Anders,190
2022-12-03,UFC Fight Night: Thompson vs. Holland,Eryk Anders vs. Kyle Daukaus,Kyle Daukaus,-190
2024-07-13,UFC Fight Night: Namajunas vs. Cortez,Evan Elder vs. Darrius Flowers,Evan Elder,-215
2024-07-13,UFC Fight Night: Namajunas vs. Cortez,Evan Elder vs. Darrius Flowers,Darrius Flowers,215
2023-07-15,UFC Fight Night: Holm vs. Bueno Silva,Evan Elder vs. Genaro Valdez,Evan Elder,-201
2023-07-15,UFC Fight Night: Holm vs. Bueno Silva,Evan Elder vs. Genaro Valdez,Genaro Valdez,201
2023-09-02,UFC Fight Night: Gane vs. Spivac,Farid Basharat vs. Kleydson Rodrigues,Farid Basharat,-157
2023-09-02,UFC Fight Night: Gane vs. Spivac,Farid Basharat vs. Kleydson Rodrigues,Kleydson Rodrigues,157
2024-01-13,UFC Fight Night: Ankalaev vs. Walker 2,Farid Basharat vs. Taylor Lapilus,Farid Basharat,-147
2024-01-13,UFC Fight Night: Ankalaev vs. Walker 2,Farid Basharat vs. Taylor Lapilus,Taylor Lapilus,147
2024-09-07,UFC Fight Night: Burns vs. Brady,Felipe dos Santos vs. Andre Lima,Felipe dos Santos,147
2024-09-07,UFC Fight Night: Burns vs. Brady,Felipe dos Santos vs. Andre Lima,Andre Lima,-147
2023-09-16,UFC Fight Night: Grasso vs. Shevchenko 2,Fernando Padilla vs. Kyle Nelson,Fernando Padilla,-146
2023-09-16,UFC Fight Night: Grasso vs. Shevchenko 2,Fernando Padilla vs. Kyle Nelson,Kyle Nelson,146
2023-04-22,UFC Fight Night: Pavlovich vs. Blaydes,Francis Marshall vs. William Gomis,Francis Marshall,198
2023-04-22,UFC Fight Night: Pavlovich vs. Blaydes,Francis Marshall vs. William Gomis,William Gomis,-198
2022-11-12,UFC 281: Adesanya vs. Pereira,Frankie Edgar vs. Chris Gutierrez,Frankie Edgar,164
2022-11-12,UFC 281: Adesanya vs. Pereira,Frankie Edgar vs. Chris Gutierrez,Chris Gutierrez,-164
2022-08-13,UFC Fight Night: Vera vs. Cruz,Gabriel Benitez vs. Charlie Ontiveros,Gabriel Benitez,-198
2022-08-13,UFC Fight Night: Vera vs. Cruz,Gabriel Benitez vs. Charlie Ontiveros,Charlie Ontiveros,198
2024-04-27,UFC Fight Night: Nicolau vs. Perez,Gabriel Benitez vs. Maheshate,Gabriel Benitez,132
2024-04-27,UFC Fight Night: Nicolau vs. Perez,Gabriel Benitez vs. Maheshate,Maheshate,-132
2024-07-13,UFC Fight Night: Namajunas vs. Cortez,Gabriel Bonfim vs. Ange Loosa,Gabriel Bonfim,-185
2024-07-13,UFC Fight Night: Namajunas vs. Cortez,Gabriel Bonfim vs. Ange Loosa,Ange Loosa,185
2023-11-04,UFC Fight Night: Almeida vs. Lewis,Gabriel Bonfim vs. Nicolas Dalby,Gabriel Bonfim,-486
2023-11-04,UFC Fight Night: Almeida vs. Lewis,Gabriel Bonfim vs. Nicolas Dalby,Nicolas Dalby,486
2023-07-29,UFC 291: Poirier vs. Gaethje 2,Gabriel Bonfim vs. Trevin Giles,Gabriel Bonfim,141
2023-07-29,UFC 291: Poirier vs. Gaethje 2,Gabriel Bonfim vs. Trevin Giles,Trevin Giles,-141
2024-02-17,UFC 298: Volkanovski vs. Topuria,Geoff Neal vs. Ian Machado Garry,Geoff Neal,225
2024-02-17,UFC 298: Volkanovski vs. Topuria,Geoff Neal vs. Ian Machado Garry,Ian Machado Garry,-225
2023-03-04,UFC 285: Jones vs. Gane,Geoff Neal vs. Shavkat Rakhmonov,Geoff Neal,213
2023-03-04,UFC 285: Jones vs. Gane,Geoff Neal vs. Shavkat Rakhmonov,Shavkat Rakhmonov,-213
2024-03-16,UFC Fight Night: Tuivasa vs. Tybura,Gerald Meerschaert vs. Bryan Barberena,Gerald Meerschaert,-140
2024-03-16,UFC Fight Night: Tuivasa vs. Tybura,Gerald Meerschaert vs. Bryan Barberena,Bryan Barberena,140
2023-04-08,UFC 287: Pereira vs. Adesanya 2,Gerald Meerschaert vs. Joe Pyfer,Gerald Meerschaert,138
2023-04-08,UFC 287: Pereira vs. Adesanya 2,Gerald Meerschaert vs. Joe Pyfer,Joe Pyfer,-138
2023-08-26,UFC Fight Night: Holloway vs. The Korean Zombie,Giga Chikadze vs. Alex Caceres,Giga Chikadze,169
2023-08-26,UFC Fight Night: Holloway vs. The Korean Zombie,Giga Chikadze vs. Alex Caceres,Alex Caceres,-169
2024-03-09,UFC 299: O'Malley vs. Vera 2,Gilbert Burns vs. Jack Della Maddalena,Gilbert Burns,175
2024-03-09,UFC 299: O'Malley vs. Vera 2,Gilbert Burns vs. Jack Della Maddalena,Jack Della Maddalena,-175
2023-04-08,UFC 287: Pereira vs. Adesanya 2,Gilbert Burns vs. Jorge Masvidal,Gilbert Burns,-105
2023-04-08,UFC 287: Pereira vs. Adesanya 2,Gilbert Burns vs. Jorge Masvidal,Jorge Masvidal,105
2023-01-21,UFC 283: Teixeira vs. Hill,Gilbert Burns vs. Neil Magny,Gilbert Burns,-122
2023-01-21,UFC 283: Teixeira vs. Hill,Gilbert Burns vs. Neil Magny,Neil Magny,122
2024-09-07,UFC Fight Night: Burns vs. Brady,Gilbert Burns vs. Sean Brady,Gilbert Burns,102
2024-09-07,UFC Fight Night: Burns vs. Brady,Gilbert Burns vs. Sean Brady,Sean Brady,-102
2024-02-03,UFC Fight Night: Dolidze vs. Imavov,Gilbert Urbina vs. Charles Radtke,Gilbert Urbina,-177
2024-02-03,UFC Fight Night: Dolidze vs. Imavov,Gilbert Urbina vs. Charles Radtke,Charles Radtke,177
2023-01-21,UFC 283: Teixeira vs. Hill,Glover Teixeira vs. Jamahal Hill,Glover Teixeira,122
2023-01-21,UFC 283: Teixeira vs. Hill,Glover Teixeira vs. Jamahal Hill,Jamahal Hill,-122
2024-06-01,UFC 302: Makhachev vs. Poirier,Grant Dawson vs. Joe Solecki,Grant Dawson,-124
2024-06-01,UFC 302: Makhachev vs. Poirier,Grant Dawson vs. Joe Solecki,Joe Solecki,124
2023-10-07,UFC Fight Night: Dawson vs. Green,Grant Dawson vs. King Green,Grant Dawson,103
2023-10-07,UFC Fight Night: Dawson vs. Green,Grant Dawson vs. King Green,King Green,-103
2022-11-05,UFC Fight Night: Rodriguez vs. Lemos,Grant Dawson vs. Mark Madsen,Grant Dawson,-190
2022-11-05,UFC Fight Night: Rodriguez vs. Lemos,Grant Dawson vs. Mark Madsen,Mark Madsen,190
2023-08-19,UFC 292: Sterling vs. O'Malley,Gregory Rodrigues vs. Denis Tiuliulin,Gregory Rodrigues,-275
2023-08-19,UFC 292: Sterling vs. O'Malley,Gregory Rodrigues vs. Denis Tiuliulin,Denis Tiuliulin,275
2022-10-01,UFC Fight Night: Dern vs. Yan,Guido Cannetti vs. Randy Costa,Guido Cannetti,290
2022-10-01,UFC Fight Night: Dern vs. Yan,Guido Cannetti vs. Randy Costa,Randy Costa,-290
2023-03-18,UFC 286: Edwards vs. Usman 3,Gunnar Nelson vs. Bryan Barberena,Gunnar Nelson,140
2023-03-18,UFC 286: Edwards vs. Usman 3,Gunnar Nelson vs. Bryan Barberena,Bryan Barberena,-140
2023-07-01,UFC Fight Night: Strickland vs. Magomedov,Guram Kutateladze vs. Elves Brener,Guram Kutateladze,191
2023-07-01,UFC Fight Night: Strickland vs. Magomedov,Guram Kutateladze vs. Elves Brener,Elves Brener,-191
2022-09-10,UFC 279: Diaz vs. Ferguson,Hakeem Dawodu vs. Julian Erosa,Hakeem Dawodu,-294
2022-09-10,UFC 279: Diaz vs. Ferguson,Hakeem Dawodu vs. Julian Erosa,Julian Erosa,294
2023-12-09,UFC Fight Night: Song vs. Gutierrez,HyunSung Park vs. Shannon Ross,HyunSung Park,-329
2023-12-09,UFC Fight Night: Song vs. Gutierrez,HyunSung Park vs. Shannon Ross,Shannon Ross,329
2022-07-02,UFC 276: Adesanya vs. Cannonier,Ian Machado Garry vs. Gabe Green,Ian Machado Garry,-162
2022-07-02,UFC 276: Adesanya vs. Cannonier,Ian Machado Garry vs. Gabe Green,Gabe Green,162
2024-06-29,UFC 303: Pereira vs. Prochazka 2,Ian Machado Garry vs. Michael Page,Ian Machado Garry,-338
2024-06-29,UFC 303: Pereira vs. Prochazka 2,Ian Machado Garry vs. Michael Page,Michael Page,338
2023-03-04,UFC 285: Jones vs. Gane,Ian Machado Garry vs. Song Kenan,Ian Machado Garry,-283
2023-03-04,UFC 285: Jones vs. Gane,Ian Machado Garry vs. Song Kenan,Song Kenan,283
2024-04-06,UFC Fight Night: Allen vs. Curtis 2,Ignacio Bahamondes vs. Christos Giagos,Ignacio Bahamondes,-238
2024-04-06,UFC Fight Night: Allen vs. Curtis 2,Ignacio Bahamondes vs. Christos Giagos,Christos Giagos,238
2023-08-05,UFC Fight Night: Sandhagen vs. Font,Ignacio Bahamondes vs. Ludovit Klein,Ignacio Bahamondes,-135
2023-08-05,UFC Fight Night: Sandhagen vs. Font,Ignacio Bahamondes vs. Ludovit Klein,Ludovit Klein,135
2023-04-08,UFC 287: Pereira vs. Adesanya 2,Ignacio Bahamondes vs. Trey Ogden,Ignacio Bahamondes,-194
2023-04-08,UFC 287: Pereira vs. Adesanya 2,Ignacio Bahamondes vs. Trey Ogden,Trey Ogden,194
2023-10-21,UFC 294: Makhachev vs. Volkanovski 2,Ikram Aliskerov vs. Warlley Alves,Ikram Aliskerov,-114
2023-10-21,UFC 294: Makhachev vs. Volkanovski 2,Ikram Aliskerov vs. Warlley Alves,Warlley Alves,114
2022-10-01,UFC Fight Night: Dern vs. Yan,Ilir Latifi vs. Aleksei Oleinik,Ilir Latifi,-148
2022-10-01,UFC Fight Night: Dern vs. Yan,Ilir Latifi vs. Aleksei Oleinik,Aleksei Oleinik,148
2023-05-20,UFC Fight Night: Dern vs. Hill,Ilir Latifi vs. Rodrigo Nascimento,Ilir Latifi,139
2023-05-20,UFC Fight Night: Dern vs. Hill,Ilir Latifi vs. Rodrigo Nascimento,Rodrigo Nascimento,-139
2024-03-09,UFC 299: O'Malley vs. Vera 2,Ion Cutelaba vs. Philipe Lins,Ion Cutelaba,-212
2024-03-09,UFC 299: O'Malley vs. Vera 2,Ion Cutelaba vs. Philipe Lins,Philipe Lins,212
2024-09-07,UFC Fight Night: Burns vs. Brady,Isaac Dulgarian vs. Brendon Marotte,Isaac Dulgarian,-260
2024-09-07,UFC Fight Night: Burns vs. Brady,Isaac Dulgarian vs. Brendon Marotte,Brendon Marotte,260
2023-02-11,UFC 284: Makhachev vs. Volkanovski,Islam Makhachev vs. Alexander Volkanovski,Islam Makhachev,-148
2023-02-11,UFC 284: Makhachev vs. Volkanovski,Islam Makhachev vs. Alexander Volkanovski,Alexander Volkanovski,151
2023-10-21,UFC 294: Makhachev vs. Volkanovski 2,Islam Makhachev vs. Alexander Volkanovski,Islam Makhachev,-121
2023-10-21,UFC 294: Makhachev vs. Volkanovski 2,Islam Makhachev vs. Alexander Volkanovski,Alexander Volkanovski,120
2024-06-01,UFC 302: Makhachev vs. Poirier,Islam Makhachev vs. Dustin Poirier,Islam Makhachev,-496
2024-06-01,UFC 302: Makhachev vs. Poirier,Islam Makhachev vs. Dustin Poirier,Dustin Poirier,496
2023-07-01,UFC Fight Night: Strickland vs. Magomedov,Ismael Bonfim vs. Benoit Saint Denis,Ismael Bonfim,-173
2023-07-01,UFC Fight Night: Strickland vs. Magomedov,Ismael Bonfim vs. Benoit Saint Denis,Benoit Saint Denis,173
2024-05-04,UFC 301: Pantoja vs. Erceg,Ismael Bonfim vs. Vinc Pichel,Ismael Bonfim,-228
2024-05-04,UFC 301: Pantoja vs. Erceg,Ismael Bonfim vs. Vinc Pichel,Vinc Pichel,228
2022-11-12,UFC 281: Adesanya vs. Pereira,Israel Adesanya vs. Alex Pereira,Israel Adesanya,-306
2022-11-12,UFC 281: Adesanya vs. Pereira,Israel Adesanya vs. Alex Pereira,Alex Pereira,306
2023-09-09,UFC 293: Adesanya vs. Strickland,Israel Adesanya vs. Sean Strickland,Israel Adesanya,-126
2023-09-09,UFC 293: Adesanya vs. Strickland,Israel Adesanya vs. Sean Strickland,Sean Strickland,126
2023-08-12,UFC Fight Night: Luque vs. Dos Anjos,JP Buys vs. Marcus McGhee,JP Buys,185
2023-08-12,UFC Fight Night: Luque vs. Dos Anjos,JP Buys vs. Marcus McGhee,Marcus McGhee,-185
2022-11-19,UFC Fight Night: Nzechukwu vs. Cutelaba,Jack Della Maddalena vs. Danny Roberts,Jack Della Maddalena,-463
2022-11-19,UFC Fight Night: Nzechukwu vs. Cutelaba,Jack Della Maddalena vs. Danny Roberts,Danny Roberts,463
2023-02-11,UFC 284: Makhachev vs. Volkanovski,Jack Della Maddalena vs. Randy Brown,Jack Della Maddalena,-111
2023-02-11,UFC 284: Makhachev vs. Volkanovski,Jack Della Maddalena vs. Randy Brown,Randy Brown,111
2022-07-23,UFC Fight Night: Blaydes vs. Aspinall,Jack Hermansson vs. Chris Curtis,Jack Hermansson,-278
2022-07-23,UFC Fight Night: Blaydes vs. Aspinall,Jack Hermansson vs. Chris Curtis,Chris Curtis,278
2024-02-10,UFC Fight Night: Hermansson vs. Pyfer,Jack Hermansson vs. Joe Pyfer,Jack Hermansson,126
2024-02-10,UFC Fight Night: Hermansson vs. Pyfer,Jack Hermansson vs. Joe Pyfer,Joe Pyfer,-126
2022-12-03,UFC Fight Night: Thompson vs. Holland,Jack Hermansson vs. Roman Dolidze,Jack Hermansson,-105
2022-12-03,UFC Fight Night: Thompson vs. Holland,Jack Hermansson vs. Roman Dolidze,Roman Dolidze,105
2023-09-09,UFC 293: Adesanya vs. Strickland,Jack Jenkins vs. Chepe Mariscal,Jack Jenkins,101
2023-09-09,UFC 293: Adesanya vs. Strickland,Jack Jenkins vs. Chepe Mariscal,Chepe Mariscal,-101
2024-08-17,UFC 305: Du Plessis vs. Adesanya,Jack Jenkins vs. Herbert Burns,Jack Jenkins,-313
2024-08-17,UFC 305: Du Plessis vs. Adesanya,Jack Jenkins vs. Herbert Burns,Herbert Burns,313
2024-05-04,UFC 301: Pantoja vs. Erceg,Jack Shore vs. Joanderson Brito,Jack Shore,114
2024-05-04,UFC 301: Pantoja vs. Erceg,Jack Shore vs. Joanderson Brito,Joanderson Brito,-114
2023-03-18,UFC 286: Edwards vs. Usman 3,Jack Shore vs. Makwan Amirkhani,Jack Shore,-327
2023-03-18,UFC 286: Edwards vs. Usman 3,Jack Shore vs. Makwan Amirkhani,Makwan Amirkhani,327
2023-09-23,UFC Fight Night: Fiziev vs. Gamrot,Jacob Malkoun vs. Cody Brundage,Jacob Malkoun,-214
2023-09-23,UFC Fight Night: Fiziev vs. Gamrot,Jacob Malkoun vs. Cody Brundage,Cody Brundage,214
2024-03-16,UFC Fight Night: Tuivasa vs. Tybura,Jafel Filho vs. Ode Osbourne,Jafel Filho,-126
2024-03-16,UFC Fight Night: Tuivasa vs. Tybura,Jafel Filho vs. Ode Osbourne,Ode Osbourne,126
2023-07-22,UFC Fight Night: Aspinall vs. Tybura,Jai Herbert vs. Fares Ziam,Jai Herbert,307
2023-07-22,UFC Fight Night: Aspinall vs. Tybura,Jai Herbert vs. Fares Ziam,Fares Ziam,-307
2022-07-23,UFC Fight Night: Blaydes vs. Aspinall,Jai Herbert vs. Kyle Nelson,Jai Herbert,-136
2022-07-23,UFC Fight Night: Blaydes vs. Aspinall,Jai Herbert vs. Kyle Nelson,Kyle Nelson,136
2023-03-18,UFC 286: Edwards vs. Usman 3,Jai Herbert vs. Ludovit Klein,Jai Herbert,193
2023-03-18,UFC 286: Edwards vs. Usman 3,Jai Herbert vs. Ludovit Klein,Ludovit Klein,-193
2024-08-03,UFC Fight Night: Sandhagen vs. Nurmagomedov,Jai Herbert vs. Rolando Bedoya,Jai Herbert,353
2024-08-03,UFC Fight Night: Sandhagen vs. Nurmagomedov,Jai Herbert vs. Rolando Bedoya,Rolando Bedoya,-353
2024-06-01,UFC 302: Makhachev vs. Poirier,Jailton Almeida vs. Alexandr Romanov,Jailton Almeida,-212
2024-06-01,UFC 302: Makhachev vs. Poirier,Jailton Almeida vs. Alexandr Romanov,Alexandr Romanov,212
2023-11-04,UFC Fight Night: Almeida vs. Lewis,Jailton Almeida vs. Derrick Lewis,Jailton Almeida,-425
2023-11-04,UFC Fight Night: Almeida vs. Lewis,Jailton Almeida vs. Derrick Lewis,Derrick Lewis,425
2022-12-10,UFC 282: Blachowicz vs. Ankalaev,Jairzinho Rozenstruik vs. Chris Daukaus,Jairzinho Rozenstruik,117
2022-12-10,UFC 282: Blachowicz vs. Ankalaev,Jairzinho Rozenstruik vs. Chris Daukaus,Chris Daukaus,-117
2023-05-13,UFC Fight Night: Rozenstruik vs. Almeida,Jairzinho Rozenstruik vs. Jailton Almeida,Jairzinho Rozenstruik,130
2023-05-13,UFC Fight Night: Rozenstruik vs. Almeida,Jairzinho Rozenstruik vs. Jailton Almeida,Jailton Almeida,-130
2024-03-02,UFC Fight Night: Rozenstruik vs. Gaziev,Jairzinho Rozenstruik vs. Shamil Gaziev,Jairzinho Rozenstruik,-114
2024-03-02,UFC Fight Night: Rozenstruik vs. Gaziev,Jairzinho Rozenstruik vs. Shamil Gaziev,Shamil Gaziev,114
2022-09-10,UFC 279: Diaz vs. Ferguson,Jake Collier vs. Chris Barnett,Jake Collier,-249
2022-09-10,UFC 279: Diaz vs. Ferguson,Jake Collier vs. Chris Barnett,Chris Barnett,249
2024-07-27,UFC 304: Edwards vs. Muhammad 2,Jake Hadley vs. Caolan Loughran,Jake Hadley,121
2024-07-27,UFC 304: Edwards vs. Muhammad 2,Jake Hadley vs. Caolan Loughran,Caolan Loughran,-121
2023-03-18,UFC 286: Edwards vs. Usman 3,Jake Hadley vs. Malcolm Gordon,Jake Hadley,-234
2023-03-18,UFC 286: Edwards vs. Usman 3,Jake Hadley vs. Malcolm Gordon,Malcolm Gordon,234
2022-12-17,UFC Fight Night: Cannonier vs. Strickland,Jake Matthews vs. Matthew Semelsberger,Jake Matthews,-167
2022-12-17,UFC Fight Night: Cannonier vs. Strickland,Jake Matthews vs. Matthew Semelsberger,Matthew Semelsberger,167
2023-07-08,UFC 290: Volkanovski vs. Rodriguez,Jalin Turner vs. Dan Hooker,Jalin Turner,-126
2023-07-08,UFC 290: Volkanovski vs. Rodriguez,Jalin Turner vs. Dan Hooker,Dan Hooker,126
2023-12-02,UFC Fight Night: Dariush vs. Tsarukyan,Jalin Turner vs. King Green,Jalin Turner,128
2023-12-02,UFC Fight Night: Dariush vs. Tsarukyan,Jalin Turner vs. King Green,King Green,-128
2024-04-13,UFC 300: Pereira vs. Hill,Jalin Turner vs. Renato Moicano,Jalin Turner,-273
2024-04-13,UFC 300: Pereira vs. Hill,Jalin Turner vs. Renato Moicano,Renato Moicano,273
2023-06-24,UFC Fight Night: Emmett vs. Topuria,Jamall Emmers vs. Jack Jenkins,Jamall Emmers,113
2023-06-24,UFC Fight Night: Emmett vs. Topuria,Jamall Emmers vs. Jack Jenkins,Jack Jenkins,-113
2023-09-09,UFC 293: Adesanya vs. Strickland,Jamie Mullarkey vs. John Makdessi,Jamie Mullarkey,-131
2023-09-09,UFC 293: Adesanya vs. Strickland,Jamie Mullarkey vs. John Makdessi,John Makdessi,131
2023-07-29,UFC 291: Poirier vs. Gaethje 2,Jan Blachowicz vs. Alex Pereira,Jan Blachowicz,-122
2023-07-29,UFC 291: Poirier vs. Gaethje 2,Jan Blachowicz vs. Alex Pereira,Alex Pereira,122
2022-12-10,UFC 282: Blachowicz vs. Ankalaev,Jan Blachowicz vs. Magomed Ankalaev,Jan Blachowicz,157
2022-12-10,UFC 282: Blachowicz vs. Ankalaev,Jan Blachowicz vs. Magomed Ankalaev,Magomed Ankalaev,-157
2024-08-24,UFC Fight Night: Cannonier vs. Borralho,Jared Cannonier vs. Caio Borralho,Jared Cannonier,296
2024-08-24,UFC Fight Night: Cannonier vs. Borralho,Jared Cannonier vs. Caio Borralho,Caio Borralho,-296
2024-06-08,UFC Fight Night: Cannonier vs. Imavov,Jared Cannonier vs. Nassourdine Imavov,Jared Cannonier,210
2024-06-08,UFC Fight Night: Cannonier vs. Imavov,Jared Cannonier vs. Nassourdine Imavov,Nassourdine Imavov,-210
2022-12-17,UFC Fight Night: Cannonier vs. Strickland,Jared Cannonier vs. Sean Strickland,Jared Cannonier,229
2022-12-17,UFC Fight Night: Cannonier vs. Strickland,Jared Cannonier vs. Sean Strickland,Sean Strickland,-229
2023-11-11,UFC 295: Prochazka vs. Pereira,Jared Gordon vs. Mark Madsen,Jared Gordon,-235
2023-11-11,UFC 295: Prochazka vs. Pereira,Jared Gordon vs. Mark Madsen,Mark Madsen,235
2022-07-09,UFC Fight Night: Dos Anjos vs. Fiziev,Jared Vanderaa vs. Chase Sherman,Jared Vanderaa,-277
2022-07-09,UFC Fight Night: Dos Anjos vs. Fiziev,Jared Vanderaa vs. Chase Sherman,Chase Sherman,277
2023-11-18,UFC Fight Night: Allen vs. Craig,Jeka Saragih vs. Lucas Alexander,Jeka Saragih,291
2023-11-18,UFC Fight Night: Allen vs. Craig,Jeka Saragih vs. Lucas Alexander,Lucas Alexander,-291
2024-06-15,UFC Fight Night: Perez vs. Taira,Jeka Saragih vs. Westin Wilson,Jeka Saragih,-176
2024-06-15,UFC Fight Night: Perez vs. Taira,Jeka Saragih vs. Westin Wilson,Westin Wilson,176
2024-02-03,UFC Fight Night: Dolidze vs. Imavov,JeongYeong Lee vs. Blake Bilder,JeongYeong Lee,-189
2024-02-03,UFC Fight Night: Dolidze vs. Imavov,JeongYeong Lee vs. Blake Bilder,Blake Bilder,189
2024-07-20,UFC Fight Night: Lemos vs. Jandiroba,JeongYeong Lee vs. Hyder Amil,JeongYeong Lee,-151
2024-07-20,UFC Fight Night: Lemos vs. Jandiroba,JeongYeong Lee vs. Hyder Amil,Hyder Amil,151
2023-08-05,UFC Fight Night: Sandhagen vs. Font,Jeremiah Wells vs. Carlston Harris,Jeremiah Wells,-135
2023-08-05,UFC Fight Night: Sandhagen vs. Font,Jeremiah Wells vs. Carlston Harris,Carlston Harris,135
2023-04-22,UFC Fight Night: Pavlovich vs. Blaydes,Jeremiah Wells vs. Matthew Semelsberger,Jeremiah Wells,143
2023-04-22,UFC Fight Night: Pavlovich vs. Blaydes,Jeremiah Wells vs. Matthew Semelsberger,Matthew Semelsberger,-143
2024-02-24,UFC Fight Night: Moreno vs. Royval 2,Jesus Aguilar vs. Mateus Mendonca,Jesus Aguilar,-147
2024-02-24,UFC Fight Night: Moreno vs. Royval 2,Jesus Aguilar vs. Mateus Mendonca,Mateus Mendonca,147
2024-08-10,UFC Fight Night: Tybura vs. Spivac 2,Jhonata Diniz vs. Karl Williams,Jhonata Diniz,188
2024-08-10,UFC Fight Night: Tybura vs. Spivac 2,Jhonata Diniz vs. Karl Williams,Karl Williams,-188
2023-02-18,UFC Fight Night: Andrade vs. Blanchfield,Jim Miller vs. Alexander Hernandez,Jim Miller,138
2023-02-18,UFC Fight Night: Andrade vs. Blanchfield,Jim Miller vs. Alexander Hernandez,Alexander Hernandez,-138
2024-01-13,UFC Fight Night: Ankalaev vs. Walker 2,Jim Miller vs. Gabriel Benitez,Jim Miller,111
2024-01-13,UFC Fight Night: Ankalaev vs. Walker 2,Jim Miller vs. Gabriel Benitez,Gabriel Benitez,-111
2023-02-11,UFC 284: Makhachev vs. Volkanovski,Jimmy Crute vs. Alonzo Menifield,Jimmy Crute,-133
2023-02-11,UFC 284: Makhachev vs. Volkanovski,Jimmy Crute vs. Alonzo Menifield,Alonzo Menifield,132
2023-07-08,UFC 290: Volkanovski vs. Rodriguez,Jimmy Crute vs. Alonzo Menifield,Jimmy Crute,100
2023-07-08,UFC 290: Volkanovski vs. Rodriguez,Jimmy Crute vs. Alonzo Menifield,Alonzo Menifield,-100
2023-06-17,UFC Fight Night: Vettori vs. Cannonier,Jimmy Flick vs. Alessandro Costa,Jimmy Flick,171
2023-06-17,UFC Fight Night: Vettori vs. Cannonier,Jimmy Flick vs. Alessandro Costa,Alessandro Costa,-171
2024-06-15,UFC Fight Night: Perez vs. Taira,Jimmy Flick vs. Nate Maness,Jimmy Flick,186
2024-06-15,UFC Fight Night: Perez vs. Taira,Jimmy Flick vs. Nate Maness,Nate Maness,-186
2024-04-13,UFC 300: Pereira vs. Hill,Jiri Prochazka vs. Aleksandar Rakic,Jiri Prochazka,136
2024-04-13,UFC 300: Pereira vs. Hill,Jiri Prochazka vs. Aleksandar Rakic,Aleksandar Rakic,-136
2023-11-11,UFC 295: Prochazka vs. Pereira,Jiri Prochazka vs. Alex Pereira,Jiri Prochazka,208
2023-11-11,UFC 295: Prochazka vs. Pereira,Jiri Prochazka vs. Alex Pereira,Alex Pereira,-208
2024-05-04,UFC 301: Pantoja vs. Erceg,Joaquim Silva vs. Drakkar Klose,Joaquim Silva,276
2024-05-04,UFC 301: Pantoja vs. Erceg,Joaquim Silva vs. Drakkar Klose,Drakkar Klose,-276
2022-10-01,UFC Fight Night: Dern vs. Yan,Joaquim Silva vs. Jesse Ronson,Joaquim Silva,112
2022-10-01,UFC Fight Night: Dern vs. Yan,Joaquim Silva vs. Jesse Ronson,Jesse Ronson,-112
2024-05-11,UFC Fight Night: Lewis vs. Nascimento,Joaquin Buckley vs. Nursulton Ruziboev,Joaquin Buckley,114
2024-05-11,UFC Fight Night: Lewis vs. Nascimento,Joaquin Buckley vs. Nursulton Ruziboev,Nursulton Ruziboev,-114
2023-10-07,UFC Fight Night: Dawson vs. Green,Joe Pyfer vs. Abdul Razak Alhassan,Joe Pyfer,-296
2023-10-07,UFC Fight Night: Dawson vs. Green,Joe Pyfer vs. Abdul Razak Alhassan,Abdul Razak Alhassan,296
2024-06-29,UFC 303: Pereira vs. Prochazka 2,Joe Pyfer vs. Marc-Andre Barriault,Joe Pyfer,-269
2024-06-29,UFC 303: Pereira vs. Prochazka 2,Joe Pyfer vs. Marc-Andre Barriault,Marc-Andre Barriault,269
2024-08-03,UFC Fight Night: Sandhagen vs. Nurmagomedov,Joel Alvarez vs. Elves Brener,Joel Alvarez,138
2024-08-03,UFC Fight Night: Sandhagen vs. Nurmagomedov,Joel Alvarez vs. Elves Brener,Elves Brener,-138
2024-06-08,UFC Fight Night: Cannonier vs. Imavov,John Castaneda vs. Daniel Marcos,John Castaneda,-107
2024-06-08,UFC Fight Night: Cannonier vs. Imavov,John Castaneda vs. Daniel Marcos,Daniel Marcos,107
2022-10-01,UFC Fight Night: Dern vs. Yan,John Castaneda vs. Daniel Santos,John Castaneda,-161
2022-10-01,UFC Fight Night: Dern vs. Yan,John Castaneda vs. Daniel Santos,Daniel Santos,161
2023-11-11,UFC 295: Prochazka vs. Pereira,John Castaneda vs. Kyung Ho Kang,John Castaneda,112
2023-11-11,UFC 295: Prochazka vs. Pereira,John Castaneda vs. Kyung Ho Kang,Kyung Ho Kang,-112
2022-09-03,UFC Fight Night: Gane vs. Tuivasa,John Makdessi vs. Nasrat Haqparast,John Makdessi,105
2022-09-03,UFC Fight Night: Gane vs. Tuivasa,John Makdessi vs. Nasrat Haqparast,Nasrat Haqparast,-105
2022-09-10,UFC 279: Diaz vs. Ferguson,Johnny Walker vs. Ion Cutelaba,Johnny Walker,-153
2022-09-10,UFC 279: Diaz vs. Ferguson,Johnny Walker vs. Ion Cutelaba,Ion Cutelaba,153
2024-06-22,UFC Fight Night: Whittaker vs. Aliskerov,Johnny Walker vs. Volkan Oezdemir,Johnny Walker,-160
2024-06-22,UFC Fight Night: Whittaker vs. Aliskerov,Johnny Walker vs. Volkan Oezdemir,Volkan Oezdemir,160
2023-03-04,UFC 285: Jones vs. Gane,Jon Jones vs. Ciryl Gane,Jon Jones,-195
2023-03-04,UFC 285: Jones vs. Gane,Jon Jones vs. Ciryl Gane,Ciryl Gane,195
2023-10-14,UFC Fight Night: Yusuff vs. Barboza,Jonathan Martinez vs. Adrian Yanez,Jonathan Martinez,-161
2023-10-14,UFC Fight Night: Yusuff vs. Barboza,Jonathan Martinez vs. Adrian Yanez,Adrian Yanez,161
2024-04-27,UFC Fight Night: Nicolau vs. Perez,Jonathan Pearce vs. David Onama,Jonathan Pearce,-166
2024-04-27,UFC Fight Night: Nicolau vs. Perez,Jonathan Pearce vs. David Onama,David Onama,166
2023-11-18,UFC Fight Night: Allen vs. Craig,Jonathan Pearce vs. Joanderson Brito,Jonathan Pearce,-107
2023-11-18,UFC Fight Night: Allen vs. Craig,Jonathan Pearce vs. Joanderson Brito,Joanderson Brito,107
2022-10-15,UFC Fight Night: Grasso vs. Araujo,Jordan Wright vs. Dusko Todorovic,Jordan Wright,110
2022-10-15,UFC Fight Night: Grasso vs. Araujo,Jordan Wright vs. Dusko Todorovic,Dusko Todorovic,-110
2023-02-18,UFC Fight Night: Andrade vs. Blanchfield,Jordan Wright vs. Zac Pauga,Jordan Wright,135
2023-02-18,UFC Fight Night: Andrade vs. Blanchfield,Jordan Wright vs. Zac Pauga,Zac Pauga,-135
2024-05-04,UFC 301: Pantoja vs. Erceg,Jose Aldo vs. Jonathan Martinez,Jose Aldo,290
2024-05-04,UFC 301: Pantoja vs. Erceg,Jose Aldo vs. Jonathan Martinez,Jonathan Martinez,-290
2022-08-20,UFC 278: Usman vs. Edwards,Jose Aldo vs. Merab Dvalishvili,Jose Aldo,393
2022-08-20,UFC 278: Usman vs. Edwards,Jose Aldo vs. Merab Dvalishvili,Merab Dvalishvili,-393
2023-05-06,UFC 288: Sterling vs. Cejudo,Joseph Holmes vs. Claudio Ribeiro,Joseph Holmes,-237
2023-05-06,UFC 288: Sterling vs. Cejudo,Joseph Holmes vs. Claudio Ribeiro,Claudio Ribeiro,237
2022-10-29,UFC Fight Night: Kattar vs. Allen,Joseph Holmes vs. JunYong Park,Joseph Holmes,-142
2022-10-29,UFC Fight Night: Kattar vs. Allen,Joseph Holmes vs. JunYong Park,JunYong Park,142
2023-02-11,UFC 284: Makhachev vs. Volkanovski,Josh Culibao vs. Melsik Baghdasaryan,Josh Culibao,-131
2023-02-11,UFC 284: Makhachev vs. Volkanovski,Josh Culibao vs. Melsik Baghdasaryan,Melsik Baghdasaryan,131
2024-08-17,UFC 305: Du Plessis vs. Adesanya,Josh Culibao vs. Ricardo Ramos,Josh Culibao,-167
2024-08-17,UFC 305: Du Plessis vs. Adesanya,Josh Culibao vs. Ricardo Ramos,Ricardo Ramos,167
2023-12-16,UFC 296: Edwards vs. Covington,Josh Emmett vs. Bryce Mitchell,Josh Emmett,588
2023-12-16,UFC 296: Edwards vs. Covington,Josh Emmett vs. Bryce Mitchell,Bryce Mitchell,-588
2023-06-24,UFC Fight Night: Emmett vs. Topuria,Josh Emmett vs. Ilia Topuria,Josh Emmett,576
2023-06-24,UFC Fight Night: Emmett vs. Topuria,Josh Emmett vs. Ilia Topuria,Ilia Topuria,-576
2024-07-13,UFC Fight Night: Namajunas vs. Cortez,Josh Fremd vs. Andre Petroski,Josh Fremd,128
2024-07-13,UFC Fight Night: Namajunas vs. Cortez,Josh Fremd vs. Andre Petroski,Andre Petroski,-128
2023-08-12,UFC Fight Night: Luque vs. Dos Anjos,Josh Fremd vs. Jamie Pickett,Josh Fremd,-212
2023-08-12,UFC Fight Night: Luque vs. Dos Anjos,Josh Fremd vs. Jamie Pickett,Jamie Pickett,212
2022-10-29,UFC Fight Night: Kattar vs. Allen,Josh Fremd vs. Tresean Gore,Josh Fremd,103
2022-10-29,UFC Fight Night: Kattar vs. Allen,Josh Fremd vs. Tresean Gore,Tresean Gore,-103
2023-08-12,UFC Fight Night: Luque vs. Dos Anjos,Josh Parisian vs. Martin Buday,Josh Parisian,166
2023-08-12,UFC Fight Night: Luque vs. Dos Anjos,Josh Parisian vs. Martin Buday,Martin Buday,-166
2024-06-15,UFC Fight Night: Perez vs. Taira,Josh Quinlan vs. Adam Fugitt,Josh Quinlan,126
2024-06-15,UFC Fight Night: Perez vs. Taira,Josh Quinlan vs. Adam Fugitt,Adam Fugitt,-126
2024-07-13,UFC Fight Night: Namajunas vs. Cortez,Joshua Van vs. Charles Johnson,Joshua Van,-180
2024-07-13,UFC Fight Night: Namajunas vs. Cortez,Joshua Van vs. Charles Johnson,Charles Johnson,180
2024-07-13,UFC Fight Night: Namajunas vs. Cortez,Julian Erosa vs. Christian Rodriguez,Julian Erosa,451
2024-07-13,UFC Fight Night: Namajunas vs. Cortez,Julian Erosa vs. Christian Rodriguez,Christian Rodriguez,-451
2023-03-04,UFC 285: Jones vs. Gane,Julian Marquez vs. Marc-Andre Barriault,Julian Marquez,106
2023-03-04,UFC 285: Jones vs. Gane,Julian Marquez vs. Marc-Andre Barriault,Marc-Andre Barriault,-106
2024-06-08,UFC Fight Night: Cannonier vs. Imavov,Julian Marquez vs. Zachary Reese,Julian Marquez,134
2024-06-08,UFC Fight Night: Cannonier vs. Imavov,Julian Marquez vs. Zachary Reese,Zachary Reese,-134
2024-03-30,UFC Fight Night: Blanchfield vs. Fiorot,Julio Arce vs. Herbert Burns,Julio Arce,-183
2024-03-30,UFC Fight Night: Blanchfield vs. Fiorot,Julio Arce vs. Herbert Burns,Herbert Burns,183
2022-11-12,UFC 281: Adesanya vs. Pereira,Julio Arce vs. Montel Jackson,Julio Arce,252
2022-11-12,UFC 281: Adesanya vs. Pereira,Julio Arce vs. Montel Jackson,Montel Jackson,-252
2023-12-09,UFC Fight Night: Song vs. Gutierrez,JunYong Park vs. Andre Muniz,JunYong Park,-121
2023-12-09,UFC Fight Night: Song vs. Gutierrez,JunYong Park vs. Andre Muniz,Andre Muniz,121
2023-02-04,UFC Fight Night: Lewis vs. Spivac,JunYong Park vs. Denis Tiuliulin,JunYong Park,-238
2023-02-04,UFC Fight Night: Lewis vs. Spivac,JunYong Park vs. Denis Tiuliulin,Denis Tiuliulin,238
2023-08-26,UFC Fight Night: Holloway vs. The Korean Zombie,Junior Tafa vs. Parker Porter,Junior Tafa,-327
2023-08-26,UFC Fight Night: Holloway vs. The Korean Zombie,Junior Tafa vs. Parker Porter,Parker Porter,327
2024-08-17,UFC 305: Du Plessis vs. Adesanya,Junior Tafa vs. Valter Walker,Junior Tafa,105
2024-08-17,UFC 305: Du Plessis vs. Adesanya,Junior Tafa vs. Valter Walker,Valter Walker,-105
2024-04-13,UFC 300: Pereira vs. Hill,Justin Gaethje vs. Max Holloway,Justin Gaethje,253
2024-04-13,UFC 300: Pereira vs. Hill,Justin Gaethje vs. Max Holloway,Max Holloway,-253
2023-03-18,UFC 286: Edwards vs. Usman 3,Justin Gaethje vs. Rafael Fiziev,Justin Gaethje,117
2023-03-18,UFC 286: Edwards vs. Usman 3,Justin Gaethje vs. Rafael Fiziev,Rafael Fiziev,-117
2023-02-11,UFC 284: Makhachev vs. Volkanovski,Justin Tafa vs. Parker Porter,Justin Tafa,-207
2023-02-11,UFC 284: Makhachev vs. Volkanovski,Justin Tafa vs. Parker Porter,Parker Porter,207
2023-06-03,UFC Fight Night: Kara-France vs. Albazi,Kai Kara-France vs. Amir Albazi,Kai Kara-France,168
2023-06-03,UFC Fight Night: Kara-France vs. Albazi,Kai Kara-France vs. Amir Albazi,Amir Albazi,-168
2024-08-17,UFC 305: Du Plessis vs. Adesanya,Kai Kara-France vs. Steve Erceg,Kai Kara-France,-110
2024-08-17,UFC 305: Du Plessis vs. Adesanya,Kai Kara-France vs. Steve Erceg,Steve Erceg,110
2023-10-21,UFC 294: Makhachev vs. Volkanovski 2,Kamaru Usman vs. Khamzat Chimaev,Kamaru Usman,-183
2023-10-21,UFC 294: Makhachev vs. Volkanovski 2,Kamaru Usman vs. Khamzat Chimaev,Khamzat Chimaev,183
2022-08-20,UFC 278: Usman vs. Edwards,Kamaru Usman vs. Leon Edwards,Kamaru Usman,-367
2022-08-20,UFC 278: Usman vs. Edwards,Kamaru Usman vs. Leon Edwards,Leon Edwards,367
2023-07-08,UFC 290: Volkanovski vs. Rodriguez,Kamuela Kirk vs. Esteban Ribovics,Kamuela Kirk,133
2023-07-08,UFC 290: Volkanovski vs. Rodriguez,Kamuela Kirk vs. Esteban Ribovics,Esteban Ribovics,-133
2023-05-13,UFC Fight Night: Rozenstruik vs. Almeida,Karl Williams vs. Chase Sherman,Karl Williams,-561
2023-05-13,UFC Fight Night: Rozenstruik vs. Almeida,Karl Williams vs. Chase Sherman,Chase Sherman,561
2024-03-23,UFC Fight Night: Ribas vs. Namajunas,Karl Williams vs. Justin Tafa,Karl Williams,-129
2024-03-23,UFC Fight Night: Ribas vs. Namajunas,Karl Williams vs. Justin Tafa,Justin Tafa,129
2024-06-22,UFC Fight Night: Whittaker vs. Aliskerov,Kelvin Gastelum vs. Daniel Rodriguez,Kelvin Gastelum,-189
2024-06-22,UFC Fight Night: Whittaker vs. Aliskerov,Kelvin Gastelum vs. Daniel Rodriguez,Daniel Rodriguez,189
2023-05-06,UFC 288: Sterling vs. Cejudo,Kennedy Nzechukwu vs. Devin Clark,Kennedy Nzechukwu,-182
2023-05-06,UFC 288: Sterling vs. Cejudo,Kennedy Nzechukwu vs. Devin Clark,Devin Clark,182
2022-11-19,UFC Fight Night: Nzechukwu vs. Cutelaba,Kennedy Nzechukwu vs. Ion Cutelaba,Kennedy Nzechukwu,-123
2022-11-19,UFC Fight Night: Nzechukwu vs. Cutelaba,Kennedy Nzechukwu vs. Ion Cutelaba,Ion Cutelaba,123
2022-07-09,UFC Fight Night: Dos Anjos vs. Fiziev,Kennedy Nzechukwu vs. Karl Roberson,Kennedy Nzechukwu,-137
2022-07-09,UFC Fight Night: Dos Anjos vs. Fiziev,Kennedy Nzechukwu vs. Karl Roberson,Karl Roberson,137
2023-09-16,UFC Fight Night: Grasso vs. Shevchenko 2,Kevin Holland vs. Jack Della Maddalena,Kevin Holland,127
2023-09-16,UFC Fight Night: Grasso vs. Shevchenko 2,Kevin Holland vs. Jack Della Maddalena,Jack Della Maddalena,-127
2024-06-01,UFC 302: Makhachev vs. Poirier,Kevin Holland vs. Michal Oleksiejczuk,Kevin Holland,-287
2024-06-01,UFC 302: Makhachev vs. Poirier,Kevin Holland vs. Michal Oleksiejczuk,Michal Oleksiejczuk,287
2023-04-08,UFC 287: Pereira vs. Adesanya 2,Kevin Holland vs. Santiago Ponzinibbio,Kevin Holland,-154
2023-04-08,UFC 287: Pereira vs. Adesanya 2,Kevin Holland vs. Santiago Ponzinibbio,Santiago Ponzinibbio,154
2023-07-01,UFC Fight Night: Strickland vs. Magomedov,Kevin Lee vs. Rinat Fakhretdinov,Kevin Lee,148
2023-07-01,UFC Fight Night: Strickland vs. Magomedov,Kevin Lee vs. Rinat Fakhretdinov,Rinat Fakhretdinov,-148
2023-08-12,UFC Fight Night: Luque vs. Dos Anjos,Khalil Rountree Jr. vs. Chris Daukaus,Khalil Rountree Jr.,179
2023-08-12,UFC Fight Night: Luque vs. Dos Anjos,Khalil Rountree Jr. vs. Chris Daukaus,Chris Daukaus,-179
2022-09-10,UFC 279: Diaz vs. Ferguson,Khamzat Chimaev vs. Kevin Holland,Khamzat Chimaev,178
2022-09-10,UFC 279: Diaz vs. Ferguson,Khamzat Chimaev vs. Kevin Holland,Kevin Holland,-178
2024-05-18,UFC Fight Night: Barboza vs. Murphy,Khaos Williams vs. Carlston Harris,Khaos Williams,100
2024-05-18,UFC Fight Night: Barboza vs. Murphy,Khaos Williams vs. Carlston Harris,Carlston Harris,-100
2024-04-13,UFC 300: Pereira vs. Hill,King Green vs. Jim Miller,King Green,-229
2024-04-13,UFC 300: Pereira vs. Hill,King Green vs. Jim Miller,Jim Miller,229
2024-07-27,UFC 304: Edwards vs. Muhammad 2,King Green vs. Paddy Pimblett,King Green,-128
2024-07-27,UFC 304: Edwards vs. Muhammad 2,King Green vs. Paddy Pimblett,Paddy Pimblett,128
2023-05-06,UFC 288: Sterling vs. Cejudo,Kron Gracie vs. Charles Jourdain,Kron Gracie,212
2023-05-06,UFC 288: Sterling vs. Cejudo,Kron Gracie vs. Charles Jourdain,Charles Jourdain,-212
2022-10-01,UFC Fight Night: Dern vs. Yan,Krzysztof Jotko vs. Brendan Allen,Krzysztof Jotko,124
2022-10-01,UFC Fight Night: Dern vs. Yan,Krzysztof Jotko vs. Brendan Allen,Brendan Allen,-124
2023-08-19,UFC 292: Sterling vs. O'Malley,Kurt Holobaugh vs. Austin Hubbard,Kurt Holobaugh,221
2023-08-19,UFC 292: Sterling vs. O'Malley,Kurt Holobaugh vs. Austin Hubbard,Austin Hubbard,-221
2024-07-20,UFC Fight Night: Lemos vs. Jandiroba,Kurt Holobaugh vs. Kaynan Kruschewsky,Kurt Holobaugh,147
2024-07-20,UFC Fight Night: Lemos vs. Jandiroba,Kurt Holobaugh vs. Kaynan Kruschewsky,Kaynan Kruschewsky,-147
2024-03-23,UFC Fight Night: Ribas vs. Namajunas,Kurt Holobaugh vs. Trey Ogden,Kurt Holobaugh,134
2024-03-23,UFC Fight Night: Ribas vs. Namajunas,Kurt Holobaugh vs. Trey Ogden,Trey Ogden,-134
2023-06-10,UFC 289: Nunes vs. Aldana,Kyle Nelson vs. Blake Bilder,Kyle Nelson,157
2023-06-10,UFC 289: Nunes vs. Aldana,Kyle Nelson vs. Blake Bilder,Blake Bilder,-157
2023-08-05,UFC Fight Night: Sandhagen vs. Font,Kyler Phillips vs. Raoni Barcelos,Kyler Phillips,-298
2023-08-05,UFC Fight Night: Sandhagen vs. Font,Kyler Phillips vs. Raoni Barcelos,Raoni Barcelos,298
2023-06-17,UFC Fight Night: Vettori vs. Cannonier,Kyung Ho Kang vs. Cristian Quinonez,Kyung Ho Kang,239
2023-06-17,UFC Fight Night: Vettori vs. Cannonier,Kyung Ho Kang vs. Cristian Quinonez,Cristian Quinonez,-239
2024-06-22,UFC Fight Night: Whittaker vs. Aliskerov,Kyung Ho Kang vs. Muin Gafurov,Kyung Ho Kang,137
2024-06-22,UFC Fight Night: Whittaker vs. Aliskerov,Kyung Ho Kang vs. Muin Gafurov,Muin Gafurov,-137
2023-04-15,UFC Fight Night: Holloway vs. Allen,Lando Vannata vs. Daniel Zellhuber,Lando Vannata,144
2023-04-15,UFC Fight Night: Holloway vs. Allen,Lando Vannata vs. Daniel Zellhuber,Daniel Zellhuber,-144
2024-07-27,UFC 304: Edwards vs. Muhammad 2,Leon Edwards vs. Belal Muhammad,Leon Edwards,-175
2024-07-27,UFC 304: Edwards vs. Muhammad 2,Leon Edwards vs. Belal Muhammad,Belal Muhammad,175
2023-12-16,UFC 296: Edwards vs. Covington,Leon Edwards vs. Colby Covington,Leon Edwards,-160
2023-12-16,UFC 296: Edwards vs. Covington,Leon Edwards vs. Colby Covington,Colby Covington,160
2023-03-18,UFC 286: Edwards vs. Usman 3,Leon Edwards vs. Kamaru Usman,Leon Edwards,243
2023-03-18,UFC 286: Edwards vs. Usman 3,Leon Edwards vs. Kamaru Usman,Kamaru Usman,-243
2022-08-20,UFC 278: Usman vs. Edwards,Leonardo Santos vs. Jared Gordon,Leonardo Santos,240
2022-08-20,UFC 278: Usman vs. Edwards,Leonardo Santos vs. Jared Gordon,Jared Gordon,-240
2023-07-22,UFC Fight Night: Aspinall vs. Tybura,Lerone Murphy vs. Josh Culibao,Lerone Murphy,-112
2023-07-22,UFC Fight Night: Aspinall vs. Tybura,Lerone Murphy vs. Josh Culibao,Josh Culibao,112
2024-08-17,UFC 305: Du Plessis vs. Adesanya,Li Jingliang vs. Carlos Prates,Li Jingliang,-145
2024-08-17,UFC 305: Du Plessis vs. Adesanya,Li Jingliang vs. Carlos Prates,Carlos Prates,145
2022-09-10,UFC 279: Diaz vs. Ferguson,Li Jingliang vs. Daniel Rodriguez,Li Jingliang,-106
2022-09-10,UFC 279: Diaz vs. Ferguson,Li Jingliang vs. Daniel Rodriguez,Daniel Rodriguez,106
2022-07-16,UFC Fight Night: Ortega vs. Rodriguez,Li Jingliang vs. Muslim Salikhov,Li Jingliang,-116
2022-07-16,UFC Fight Night: Ortega vs. Rodriguez,Li Jingliang vs. Muslim Salikhov,Muslim Salikhov,116
2022-11-05,UFC Fight Night: Rodriguez vs. Lemos,Liudvik Sholinian vs. Johnny Munoz,Liudvik Sholinian,318
2022-11-05,UFC Fight Night: Rodriguez vs. Lemos,Liudvik Sholinian vs. Johnny Munoz,Johnny Munoz,-318
2024-07-20,UFC Fight Night: Lemos vs. Jandiroba,Loik Radzhabov vs. Trey Ogden,Loik Radzhabov,-127
2024-07-20,UFC Fight Night: Lemos vs. Jandiroba,Loik Radzhabov vs. Trey Ogden,Trey Ogden,127
2022-07-30,UFC 277: Pena vs. Nunes 2,Magomed Ankalaev vs. Anthony Smith,Magomed Ankalaev,-377
2022-07-30,UFC 277: Pena vs. Nunes 2,Magomed Ankalaev vs. Anthony Smith,Anthony Smith,377
2024-01-13,UFC Fight Night: Ankalaev vs. Walker 2,Magomed Ankalaev vs. Johnny Walker,Magomed Ankalaev,-167
2024-01-13,UFC Fight Night: Ankalaev vs. Walker 2,Magomed Ankalaev vs. Johnny Walker,Johnny Walker,167
2023-05-20,UFC Fight Night: Dern vs. Hill,Maheshate vs. Viacheslav Borshchev,Maheshate,-173
2023-05-20,UFC Fight Night: Dern vs. Hill,Maheshate vs. Viacheslav Borshchev,Viacheslav Borshchev,173
2023-07-22,UFC Fight Night: Aspinall vs. Tybura,Makhmud Muradov vs. Bryan Barberena,Makhmud Muradov,-136
2023-07-22,UFC Fight Night: Aspinall vs. Tybura,Makhmud Muradov vs. Bryan Barberena,Bryan Barberena,136
2022-10-22,UFC 280: Oliveira vs. Makhachev,Makhmud Muradov vs. Caio Borralho,Makhmud Muradov,138
2022-10-22,UFC 280: Oliveira vs. Makhachev,Makhmud Muradov vs. Caio Borralho,Caio Borralho,-138
2022-07-23,UFC Fight Night: Blaydes vs. Aspinall,Makwan Amirkhani vs. Jonathan Pearce,Makwan Amirkhani,160
2022-07-23,UFC Fight Night: Blaydes vs. Aspinall,Makwan Amirkhani vs. Jonathan Pearce,Jonathan Pearce,-160
2024-01-20,UFC 297: Strickland vs. Du Plessis,Malcolm Gordon vs. Jimmy Flick,Malcolm Gordon,-135
2024-01-20,UFC 297: Strickland vs. Du Plessis,Malcolm Gordon vs. Jimmy Flick,Jimmy Flick,135
2022-10-15,UFC Fight Night: Grasso vs. Araujo,Mana Martinez vs. Brandon Davis,Mana Martinez,-178
2022-10-15,UFC Fight Night: Grasso vs. Araujo,Mana Martinez vs. Brandon Davis,Brandon Davis,178
2023-03-04,UFC 285: Jones vs. Gane,Mana Martinez vs. Cameron Saaiman,Mana Martinez,186
2023-03-04,UFC 285: Jones vs. Gane,Mana Martinez vs. Cameron Saaiman,Cameron Saaiman,-186
2024-02-24,UFC Fight Night: Moreno vs. Royval 2,Manuel Torres vs. Chris Duncan,Manuel Torres,126
2024-02-24,UFC Fight Night: Moreno vs. Royval 2,Manuel Torres vs. Chris Duncan,Chris Duncan,-126
2023-06-17,UFC Fight Night: Vettori vs. Cannonier,Manuel Torres vs. Nikolas Motta,Manuel Torres,-111
2023-06-17,UFC Fight Night: Vettori vs. Cannonier,Manuel Torres vs. Nikolas Motta,Nikolas Motta,111
2022-07-23,UFC Fight Night: Blaydes vs. Aspinall,Marc Diakiese vs. Damir Hadzovic,Marc Diakiese,-197
2022-07-23,UFC Fight Night: Blaydes vs. Aspinall,Marc Diakiese vs. Damir Hadzovic,Damir Hadzovic,197
2023-07-22,UFC Fight Night: Aspinall vs. Tybura,Marc Diakiese vs. Joel Alvarez,Marc Diakiese,102
2023-07-22,UFC Fight Night: Aspinall vs. Tybura,Marc Diakiese vs. Joel Alvarez,Joel Alvarez,-102
2023-06-10,UFC 289: Nunes vs. Aldana,Marc-Andre Barriault vs. Eryk Anders,Marc-Andre Barriault,-129
2023-06-10,UFC 289: Nunes vs. Aldana,Marc-Andre Barriault vs. Eryk Anders,Eryk Anders,129
2022-08-20,UFC 278: Usman vs. Edwards,Marcin Tybura vs. Alexandr Romanov,Marcin Tybura,170
2022-08-20,UFC 278: Usman vs. Edwards,Marcin Tybura vs. Alexandr Romanov,Alexandr Romanov,-170
2023-02-04,UFC Fight Night: Lewis vs. Spivac,Marcin Tybura vs. Blagoy Ivanov,Marcin Tybura,-260
2023-02-04,UFC Fight Night: Lewis vs. Spivac,Marcin Tybura vs. Blagoy Ivanov,Blagoy Ivanov,260
2024-08-10,UFC Fight Night: Tybura vs. Spivac 2,Marcin Tybura vs. Serghei Spivac,Marcin Tybura,133
2024-08-10,UFC Fight Night: Tybura vs. Spivac 2,Marcin Tybura vs. Serghei Spivac,Serghei Spivac,-133
2024-02-17,UFC 298: Volkanovski vs. Topuria,Marcos Rogerio de Lima vs. Junior Tafa,Marcos Rogerio de Lima,193
2024-02-17,UFC 298: Volkanovski vs. Topuria,Marcos Rogerio de Lima vs. Junior Tafa,Junior Tafa,-193
2023-04-29,UFC Fight Night: Song vs. Simon,Marcos Rogerio de Lima vs. Waldo Cortes-Acosta,Marcos Rogerio de Lima,-132
2023-04-29,UFC Fight Night: Song vs. Simon,Marcos Rogerio de Lima vs. Waldo Cortes-Acosta,Waldo Cortes-Acosta,132
2024-01-13,UFC Fight Night: Ankalaev vs. Walker 2,Marcus McGhee vs. Gaston Bolanos,Marcus McGhee,-119
2024-01-13,UFC Fight Night: Ankalaev vs. Walker 2,Marcus McGhee vs. Gaston Bolanos,Gaston Bolanos,119
2022-11-05,UFC Fight Night: Rodriguez vs. Lemos,Mario Bautista vs. Benito Lopez,Mario Bautista,-189
2022-11-05,UFC Fight Night: Rodriguez vs. Lemos,Mario Bautista vs. Benito Lopez,Benito Lopez,189
2023-03-11,UFC Fight Night: Yan vs. Dvalishvili,Mario Bautista vs. Guido Cannetti,Mario Bautista,-339
2023-03-11,UFC Fight Night: Yan vs. Dvalishvili,Mario Bautista vs. Guido Cannetti,Guido Cannetti,339
2023-03-25,UFC Fight Night: Vera vs. Sandhagen,Marlon Vera vs. Cory Sandhagen,Marlon Vera,317
2023-03-25,UFC Fight Night: Vera vs. Sandhagen,Marlon Vera vs. Cory Sandhagen,Cory Sandhagen,-317
2024-08-03,UFC Fight Night: Sandhagen vs. Nurmagomedov,Marlon Vera vs. Deiveson Figueiredo,Marlon Vera,-113
2024-08-03,UFC Fight Night: Sandhagen vs. Nurmagomedov,Marlon Vera vs. Deiveson Figueiredo,Deiveson Figueiredo,113
2022-08-13,UFC Fight Night: Vera vs. Cruz,Marlon Vera vs. Dominick Cruz,Marlon Vera,124
2022-08-13,UFC Fight Night: Vera vs. Cruz,Marlon Vera vs. Dominick Cruz,Dominick Cruz,-124
2023-08-19,UFC 292: Sterling vs. O'Malley,Marlon Vera vs. Pedro Munhoz,Marlon Vera,-154
2023-08-19,UFC 292: Sterling vs. O'Malley,Marlon Vera vs. Pedro Munhoz,Pedro Munhoz,154
2023-04-29,UFC Fight Night: Song vs. Simon,Martin Buday vs. Jake Collier,Martin Buday,-114
2023-04-29,UFC Fight Night: Song vs. Simon,Martin Buday vs. Jake Collier,Jake Collier,114
2023-06-17,UFC Fight Night: Vettori vs. Cannonier,Marvin Vettori vs. Jared Cannonier,Marvin Vettori,-276
2023-06-17,UFC Fight Night: Vettori vs. Cannonier,Marvin Vettori vs. Jared Cannonier,Jared Cannonier,276
2023-03-18,UFC 286: Edwards vs. Usman 3,Marvin Vettori vs. Roman Dolidze,Marvin Vettori,-136
2023-03-18,UFC 286: Edwards vs. Usman 3,Marvin Vettori vs. Roman Dolidze,Roman Dolidze,136
2022-07-23,UFC Fight Night: Blaydes vs. Aspinall,Mason Jones vs. Ludovit Klein,Mason Jones,-129
2022-07-23,UFC Fight Night: Blaydes vs. Aspinall,Mason Jones vs. Ludovit Klein,Ludovit Klein,129
2024-08-17,UFC 305: Du Plessis vs. Adesanya,Mateusz Gamrot vs. Dan Hooker,Mateusz Gamrot,-124
2024-08-17,UFC 305: Du Plessis vs. Adesanya,Mateusz Gamrot vs. Dan Hooker,Dan Hooker,124
2023-03-04,UFC 285: Jones vs. Gane,Mateusz Gamrot vs. Jalin Turner,Mateusz Gamrot,123
2023-03-04,UFC 285: Jones vs. Gane,Mateusz Gamrot vs. Jalin Turner,Jalin Turner,-123
2024-03-09,UFC 299: O'Malley vs. Vera 2,Mateusz Gamrot vs. Rafael Dos Anjos,Mateusz Gamrot,-108
2024-03-09,UFC 299: O'Malley vs. Vera 2,Mateusz Gamrot vs. Rafael Dos Anjos,Rafael Dos Anjos,108
2023-06-24,UFC Fight Night: Emmett vs. Topuria,Mateusz Rebecki vs. Loik Radzhabov,Mateusz Rebecki,105
2023-06-24,UFC Fight Night: Emmett vs. Topuria,Mateusz Rebecki vs. Loik Radzhabov,Loik Radzhabov,-105
2023-11-11,UFC 295: Prochazka vs. Pereira,Mateusz Rebecki vs. Roosevelt Roberts,Mateusz Rebecki,-211
2023-11-11,UFC 295: Prochazka vs. Pereira,Mateusz Rebecki vs. Roosevelt Roberts,Roosevelt Roberts,211
2024-04-27,UFC Fight Night: Nicolau vs. Perez,Matheus Nicolau vs. Alex Perez,Matheus Nicolau,150
2024-04-27,UFC Fight Night: Nicolau vs. Perez,Matheus Nicolau vs. Alex Perez,Alex Perez,-150
2022-12-03,UFC Fight Night: Thompson vs. Holland,Matheus Nicolau vs. Matt Schnell,Matheus Nicolau,-168
2022-12-03,UFC Fight Night: Thompson vs. Holland,Matheus Nicolau vs. Matt Schnell,Matt Schnell,168
2023-05-13,UFC Fight Night: Rozenstruik vs. Almeida,Matt Brown vs. Court McGee,Matt Brown,-130
2023-05-13,UFC Fight Night: Rozenstruik vs. Almeida,Matt Brown vs. Court McGee,Court McGee,130
2023-11-11,UFC 295: Prochazka vs. Pereira,Matt Frevola vs. Benoit Saint Denis,Matt Frevola,191
2023-11-11,UFC 295: Prochazka vs. Pereira,Matt Frevola vs. Benoit Saint Denis,Benoit Saint Denis,-191
2022-11-12,UFC 281: Adesanya vs. Pereira,Matt Frevola vs. Ottman Azaitar,Matt Frevola,175
2022-11-12,UFC 281: Adesanya vs. Pereira,Matt Frevola vs. Ottman Azaitar,Ottman Azaitar,-175
2024-09-07,UFC Fight Night: Burns vs. Brady,Matt Schnell vs. Cody Durden,Matt Schnell,313
2024-09-07,UFC Fight Night: Burns vs. Brady,Matt Schnell vs. Cody Durden,Cody Durden,-313
2024-03-02,UFC Fight Night: Rozenstruik vs. Gaziev,Matt Schnell vs. Steve Erceg,Matt Schnell,306
2024-03-02,UFC Fight Night: Rozenstruik vs. Gaziev,Matt Schnell vs. Steve Erceg,Steve Erceg,-306
2022-07-16,UFC Fight Night: Ortega vs. Rodriguez,Matt Schnell vs. Sumudaerji,Matt Schnell,262
2022-07-16,UFC Fight Night: Ortega vs. Rodriguez,Matt Schnell vs. Sumudaerji,Sumudaerji,-262
2024-01-13,UFC Fight Night: Ankalaev vs. Walker 2,Matthew Semelsberger vs. Preston Parsons,Matthew Semelsberger,123
2024-01-13,UFC Fight Night: Ankalaev vs. Walker 2,Matthew Semelsberger vs. Preston Parsons,Preston Parsons,-123
2023-07-29,UFC 291: Poirier vs. Gaethje 2,Matthew Semelsberger vs. Uros Medic,Matthew Semelsberger,-131
2023-07-29,UFC 291: Poirier vs. Gaethje 2,Matthew Semelsberger vs. Uros Medic,Uros Medic,131
2023-01-21,UFC 283: Teixeira vs. Hill,Mauricio Rua vs. Ihor Potieria,Mauricio Rua,228
2023-01-21,UFC 283: Teixeira vs. Hill,Mauricio Rua vs. Ihor Potieria,Ihor Potieria,-228
2024-02-10,UFC Fight Night: Hermansson vs. Pyfer,Max Griffin vs. Jeremiah Wells,Max Griffin,128
2024-02-10,UFC Fight Night: Hermansson vs. Pyfer,Max Griffin vs. Jeremiah Wells,Jeremiah Wells,-128
2023-07-01,UFC Fight Night: Strickland vs. Magomedov,Max Griffin vs. Michael Morales,Max Griffin,151
2023-07-01,UFC Fight Night: Strickland vs. Magomedov,Max Griffin vs. Michael Morales,Michael Morales,-151
2023-04-15,UFC Fight Night: Holloway vs. Allen,Max Holloway vs. Arnold Allen,Max Holloway,-101
2023-04-15,UFC Fight Night: Holloway vs. Allen,Max Holloway vs. Arnold Allen,Arnold Allen,101
2023-08-26,UFC Fight Night: Holloway vs. The Korean Zombie,Max Holloway vs. Chan Sung Jung,Max Holloway,-485
2023-08-26,UFC Fight Night: Holloway vs. The Korean Zombie,Max Holloway vs. Chan Sung Jung,Chan Sung Jung,485
2024-06-15,UFC Fight Night: Perez vs. Taira,Melquizael Costa vs. Shayilan Nuerdanbieke,Melquizael Costa,-123
2024-06-15,UFC Fight Night: Perez vs. Taira,Melquizael Costa vs. Shayilan Nuerdanbieke,Shayilan Nuerdanbieke,123
2024-02-17,UFC 298: Volkanovski vs. Topuria,Merab Dvalishvili vs. Henry Cejudo,Merab Dvalishvili,-259
2024-02-17,UFC 298: Volkanovski vs. Topuria,Merab Dvalishvili vs. Henry Cejudo,Henry Cejudo,259
2023-07-29,UFC 291: Poirier vs. Gaethje 2,Michael Chiesa vs. Kevin Holland,Michael Chiesa,182
2023-07-29,UFC 291: Poirier vs. Gaethje 2,Michael Chiesa vs. Kevin Holland,Kevin Holland,-182
2024-02-10,UFC Fight Night: Hermansson vs. Pyfer,Michael Johnson vs. Darrius Flowers,Michael Johnson,-154
2024-02-10,UFC Fight Night: Hermansson vs. Pyfer,Michael Johnson vs. Darrius Flowers,Darrius Flowers,154
2022-07-09,UFC Fight Night: Dos Anjos vs. Fiziev,Michael Johnson vs. Jamie Mullarkey,Michael Johnson,-116
2022-07-09,UFC Fight Night: Dos Anjos vs. Fiziev,Michael Johnson vs. Jamie Mullarkey,Jamie Mullarkey,116
2022-12-03,UFC Fight Night: Thompson vs. Holland,Michael Johnson vs. Marc Diakiese,Michael Johnson,128
2022-12-03,UFC Fight Night: Thompson vs. Holland,Michael Johnson vs. Marc Diakiese,Marc Diakiese,-128
2023-11-18,UFC Fight Night: Allen vs. Craig,Michael Morales vs. Jake Matthews,Michael Morales,-184
2023-11-18,UFC Fight Night: Allen vs. Craig,Michael Morales vs. Jake Matthews,Jake Matthews,184
2022-11-12,UFC 281: Adesanya vs. Pereira,Michael Trizano vs. SeungWoo Choi,Michael Trizano,118
2022-11-12,UFC 281: Adesanya vs. Pereira,Michael Trizano vs. SeungWoo Choi,SeungWoo Choi,-118
2024-05-04,UFC 301: Pantoja vs. Erceg,Michel Pereira vs. Ihor Potieria,Michel Pereira,-297
2024-05-04,UFC 301: Pantoja vs. Erceg,Michel Pereira vs. Ihor Potieria,Ihor Potieria,297
2024-03-09,UFC 299: O'Malley vs. Vera 2,Michel Pereira vs. Michal Oleksiejczuk,Michel Pereira,-162
2024-03-09,UFC 299: O'Malley vs. Vera 2,Michel Pereira vs. Michal Oleksiejczuk,Michal Oleksiejczuk,162
2024-07-27,UFC 304: Edwards vs. Muhammad 2,Mick Parkin vs. Lukasz Brzeski,Mick Parkin,-182
2024-07-27,UFC 304: Edwards vs. Muhammad 2,Mick Parkin vs. Lukasz Brzeski,Lukasz Brzeski,182
2024-06-01,UFC 302: Makhachev vs. Poirier,Mickey Gall vs. Bassil Hafez,Mickey Gall,133
2024-06-01,UFC 302: Makhachev vs. Poirier,Mickey Gall vs. Bassil Hafez,Bassil Hafez,-133
2024-06-08,UFC Fight Night: Cannonier vs. Imavov,Miguel Baeza vs. Punahele Soriano,Miguel Baeza,-124
2024-06-08,UFC Fight Night: Cannonier vs. Imavov,Miguel Baeza vs. Punahele Soriano,Punahele Soriano,124
2023-10-21,UFC 294: Makhachev vs. Volkanovski 2,Mike Breeden vs. Anshul Jubli,Mike Breeden,362
2023-10-21,UFC 294: Makhachev vs. Volkanovski 2,Mike Breeden vs. Anshul Jubli,Anshul Jubli,-362
2022-10-01,UFC Fight Night: Dern vs. Yan,Mike Davis vs. Viacheslav Borshchev,Mike Davis,-121
2022-10-01,UFC Fight Night: Dern vs. Yan,Mike Davis vs. Viacheslav Borshchev,Viacheslav Borshchev,121
2022-10-15,UFC Fight Night: Grasso vs. Araujo,Mike Jackson vs. Pete Rodriguez,Mike Jackson,115
2022-10-15,UFC Fight Night: Grasso vs. Araujo,Mike Jackson vs. Pete Rodriguez,Pete Rodriguez,-115
2023-06-10,UFC 289: Nunes vs. Aldana,Mike Malott vs. Adam Fugitt,Mike Malott,-158
2023-06-10,UFC 289: Nunes vs. Aldana,Mike Malott vs. Adam Fugitt,Adam Fugitt,158
2023-02-25,UFC Fight Night: Muniz vs. Allen,Mike Malott vs. Yohan Lainesse,Mike Malott,-120
2023-02-25,UFC Fight Night: Muniz vs. Allen,Mike Malott vs. Yohan Lainesse,Yohan Lainesse,120
2024-03-23,UFC Fight Night: Ribas vs. Namajunas,Miles Johns vs. Cody Gibson,Miles Johns,-190
2024-03-23,UFC Fight Night: Ribas vs. Namajunas,Miles Johns vs. Cody Gibson,Cody Gibson,190
2022-10-15,UFC Fight Night: Grasso vs. Araujo,Misha Cirkunov vs. Alonzo Menifield,Misha Cirkunov,109
2022-10-15,UFC Fight Night: Grasso vs. Araujo,Misha Cirkunov vs. Alonzo Menifield,Alonzo Menifield,-109
2024-07-27,UFC 304: Edwards vs. Muhammad 2,Modestas Bukauskas vs. Marcin Prachnio,Modestas Bukauskas,126
2024-07-27,UFC 304: Edwards vs. Muhammad 2,Modestas Bukauskas vs. Marcin Prachnio,Marcin Prachnio,-126
2024-08-03,UFC Fight Night: Sandhagen vs. Nurmagomedov,Mohammad Yahya vs. Kaue Fernandes,Mohammad Yahya,185
2024-08-03,UFC Fight Night: Sandhagen vs. Nurmagomedov,Mohammad Yahya vs. Kaue Fernandes,Kaue Fernandes,-185
2023-09-23,UFC Fight Night: Fiziev vs. Gamrot,Mohammed Usman vs. Jake Collier,Mohammed Usman,-111
2023-09-23,UFC Fight Night: Fiziev vs. Gamrot,Mohammed Usman vs. Jake Collier,Jake Collier,111
2024-03-23,UFC Fight Night: Ribas vs. Namajunas,Mohammed Usman vs. Mick Parkin,Mohammed Usman,201
2024-03-23,UFC Fight Night: Ribas vs. Namajunas,Mohammed Usman vs. Mick Parkin,Mick Parkin,-201
2024-07-20,UFC Fight Night: Lemos vs. Jandiroba,Mohammed Usman vs. Thomas Petersen,Mohammed Usman,149
2024-07-20,UFC Fight Night: Lemos vs. Jandiroba,Mohammed Usman vs. Thomas Petersen,Thomas Petersen,-149
2024-07-13,UFC Fight Night: Namajunas vs. Cortez,Montel Jackson vs. Da'Mon Blackshear,Montel Jackson,-286
2024-07-13,UFC Fight Night: Namajunas vs. Cortez,Montel Jackson vs. Da'Mon Blackshear,Da'Mon Blackshear,286
2024-04-06,UFC Fight Night: Allen vs. Curtis 2,Morgan Charriere vs. Chepe Mariscal,Morgan Charriere,-157
2024-04-06,UFC Fight Night: Allen vs. Curtis 2,Morgan Charriere vs. Chepe Mariscal,Chepe Mariscal,157
2022-10-22,UFC 280: Oliveira vs. Makhachev,Muhammad Mokaev vs. Malcolm Gordon,Muhammad Mokaev,-655
2022-10-22,UFC 280: Oliveira vs. Makhachev,Muhammad Mokaev vs. Malcolm Gordon,Malcolm Gordon,655
2024-07-27,UFC 304: Edwards vs. Muhammad 2,Muhammad Mokaev vs. Manel Kape,Muhammad Mokaev,-275
2024-07-27,UFC 304: Edwards vs. Muhammad 2,Muhammad Mokaev vs. Manel Kape,Manel Kape,275
2023-12-09,UFC Fight Night: Song vs. Gutierrez,Nasrat Haqparast vs. Jamie Mullarkey,Nasrat Haqparast,146
2023-12-09,UFC Fight Night: Song vs. Gutierrez,Nasrat Haqparast vs. Jamie Mullarkey,Jamie Mullarkey,-146
2024-06-22,UFC Fight Night: Whittaker vs. Aliskerov,Nasrat Haqparast vs. Jared Gordon,Nasrat Haqparast,-102
2024-06-22,UFC Fight Night: Whittaker vs. Aliskerov,Nasrat Haqparast vs. Jared Gordon,Jared Gordon,102
2022-09-03,UFC Fight Night: Gane vs. Tuivasa,Nassourdine Imavov vs. Joaquin Buckley,Nassourdine Imavov,-134
2022-09-03,UFC Fight Night: Gane vs. Tuivasa,Nassourdine Imavov vs. Joaquin Buckley,Joaquin Buckley,134
2022-12-03,UFC Fight Night: Thompson vs. Holland,Natan Levy vs. Genaro Valdez,Natan Levy,-441
2022-12-03,UFC Fight Night: Thompson vs. Holland,Natan Levy vs. Genaro Valdez,Genaro Valdez,441
2024-03-16,UFC Fight Night: Tuivasa vs. Tybura,Natan Levy vs. Mike Davis,Natan Levy,-142
2024-03-16,UFC Fight Night: Tuivasa vs. Tybura,Natan Levy vs. Mike Davis,Mike Davis,142
2022-09-10,UFC 279: Diaz vs. Ferguson,Nate Diaz vs. Tony Ferguson,Nate Diaz,186
2022-09-10,UFC 279: Diaz vs. Ferguson,Nate Diaz vs. Tony Ferguson,Tony Ferguson,-186
2023-03-25,UFC Fight Night: Vera vs. Sandhagen,Nate Landwehr vs. Austin Lingo,Nate Landwehr,128
2023-03-25,UFC Fight Night: Vera vs. Sandhagen,Nate Landwehr vs. Austin Lingo,Austin Lingo,-128
2022-08-13,UFC Fight Night: Vera vs. Cruz,Nate Landwehr vs. David Onama,Nate Landwehr,267
2022-08-13,UFC Fight Night: Vera vs. Cruz,Nate Landwehr vs. David Onama,David Onama,-267
2024-03-30,UFC Fight Night: Blanchfield vs. Fiorot,Nate Landwehr vs. Jamall Emmers,Nate Landwehr,142
2024-03-30,UFC Fight Night: Blanchfield vs. Fiorot,Nate Landwehr vs. Jamall Emmers,Jamall Emmers,-142
2023-10-07,UFC Fight Night: Dawson vs. Green,Nate Maness vs. Mateus Mendonca,Nate Maness,165
2023-10-07,UFC Fight Night: Dawson vs. Green,Nate Maness vs. Mateus Mendonca,Mateus Mendonca,-165
2023-07-22,UFC Fight Night: Aspinall vs. Tybura,Nathaniel Wood vs. Andre Fili,Nathaniel Wood,-266
2023-07-22,UFC Fight Night: Aspinall vs. Tybura,Nathaniel Wood vs. Andre Fili,Andre Fili,266
2022-07-23,UFC Fight Night: Blaydes vs. Aspinall,Nathaniel Wood vs. Charles Rosa,Nathaniel Wood,-321
2022-07-23,UFC Fight Night: Blaydes vs. Aspinall,Nathaniel Wood vs. Charles Rosa,Charles Rosa,321
2024-07-27,UFC 304: Edwards vs. Muhammad 2,Nathaniel Wood vs. Daniel Pineda,Nathaniel Wood,-382
2024-07-27,UFC 304: Edwards vs. Muhammad 2,Nathaniel Wood vs. Daniel Pineda,Daniel Pineda,382
2023-10-21,UFC 294: Makhachev vs. Volkanovski 2,Nathaniel Wood vs. Muhammad Naimov,Nathaniel Wood,-259
2023-10-21,UFC 294: Makhachev vs. Volkanovski 2,Nathaniel Wood vs. Muhammad Naimov,Muhammad Naimov,259
2023-07-15,UFC Fight Night: Holm vs. Bueno Silva,Nazim Sadykhov vs. Terrance McKinney,Nazim Sadykhov,192
2023-07-15,UFC Fight Night: Holm vs. Bueno Silva,Nazim Sadykhov vs. Terrance McKinney,Terrance McKinney,-192
2023-11-11,UFC 295: Prochazka vs. Pereira,Nazim Sadykhov vs. Viacheslav Borshchev,Nazim Sadykhov,-122
2023-11-11,UFC 295: Prochazka vs. Pereira,Nazim Sadykhov vs. Viacheslav Borshchev,Viacheslav Borshchev,122
2022-11-05,UFC Fight Night: Rodriguez vs. Lemos,Neil Magny vs. Daniel Rodriguez,Neil Magny,100
2022-11-05,UFC Fight Night: Rodriguez vs. Lemos,Neil Magny vs. Daniel Rodriguez,Daniel Rodriguez,-100
2023-08-19,UFC 292: Sterling vs. O'Malley,Neil Magny vs. Ian Machado Garry,Neil Magny,227
2023-08-19,UFC 292: Sterling vs. O'Malley,Neil Magny vs. Ian Machado Garry,Ian Machado Garry,-227
2024-08-24,UFC Fight Night: Cannonier vs. Borralho,Neil Magny vs. Michael Morales,Neil Magny,298
2024-08-24,UFC Fight Night: Cannonier vs. Borralho,Neil Magny vs. Michael Morales,Michael Morales,-298
2024-01-20,UFC 297: Strickland vs. Du Plessis,Neil Magny vs. Mike Malott,Neil Magny,224
2024-01-20,UFC 297: Strickland vs. Du Plessis,Neil Magny vs. Mike Malott,Mike Malott,-224
2023-06-24,UFC Fight Night: Emmett vs. Topuria,Neil Magny vs. Phil Rowe,Neil Magny,-163
2023-06-24,UFC Fight Night: Emmett vs. Topuria,Neil Magny vs. Phil Rowe,Phil Rowe,163
2022-10-15,UFC Fight Night: Grasso vs. Araujo,Nick Maximov vs. Jacob Malkoun,Nick Maximov,-104
2022-10-15,UFC Fight Night: Grasso vs. Araujo,Nick Maximov vs. Jacob Malkoun,Jacob Malkoun,104
2023-06-17,UFC Fight Night: Vettori vs. Cannonier,Nicolas Dalby vs. Muslim Salikhov,Nicolas Dalby,156
2023-06-17,UFC Fight Night: Vettori vs. Cannonier,Nicolas Dalby vs. Muslim Salikhov,Muslim Salikhov,-156
2022-07-23,UFC Fight Night: Blaydes vs. Aspinall,Nikita Krylov vs. Alexander Gustafsson,Nikita Krylov,-165
2022-07-23,UFC Fight Night: Blaydes vs. Aspinall,Nikita Krylov vs. Alexander Gustafsson,Alexander Gustafsson,165
2023-03-11,UFC Fight Night: Yan vs. Dvalishvili,Nikita Krylov vs. Ryan Spann,Nikita Krylov,-229
2023-03-11,UFC Fight Night: Yan vs. Dvalishvili,Nikita Krylov vs. Ryan Spann,Ryan Spann,229
2024-06-01,UFC 302: Makhachev vs. Poirier,Niko Price vs. Alex Morono,Niko Price,323
2024-06-01,UFC 302: Makhachev vs. Poirier,Niko Price vs. Alex Morono,Alex Morono,-323
2022-12-03,UFC Fight Night: Thompson vs. Holland,Niko Price vs. Phil Rowe,Niko Price,183
2022-12-03,UFC Fight Night: Thompson vs. Holland,Niko Price vs. Phil Rowe,Phil Rowe,-183
2022-09-17,UFC Fight Night: Sandhagen vs. Song,Nikolas Motta vs. Cameron VanCamp,Nikolas Motta,106
2022-09-17,UFC Fight Night: Sandhagen vs. Song,Nikolas Motta vs. Cameron VanCamp,Cameron VanCamp,-106
2024-03-30,UFC Fight Night: Blanchfield vs. Fiorot,Nursulton Ruziboev vs. Sedriques Dumas,Nursulton Ruziboev,-254
2024-03-30,UFC Fight Night: Blanchfield vs. Fiorot,Nursulton Ruziboev vs. Sedriques Dumas,Sedriques Dumas,254
2024-07-27,UFC 304: Edwards vs. Muhammad 2,Oban Elliott vs. Preston Parsons,Oban Elliott,-148
2024-07-27,UFC 304: Edwards vs. Muhammad 2,Oban Elliott vs. Preston Parsons,Preston Parsons,148
2023-02-25,UFC Fight Night: Muniz vs. Allen,Ode Osbourne vs. Charles Johnson,Ode Osbourne,131
2023-02-25,UFC Fight Night: Muniz vs. Allen,Ode Osbourne vs. Charles Johnson,Charles Johnson,-131
2022-08-13,UFC Fight Night: Vera vs. Cruz,Ode Osbourne vs. Tyson Nam,Ode Osbourne,-179
2022-08-13,UFC Fight Night: Vera vs. Cruz,Ode Osbourne vs. Tyson Nam,Tyson Nam,179
2022-07-30,UFC 277: Pena vs. Nunes 2,Orion Cosce vs. Blood Diamond,Orion Cosce,-301
2022-07-30,UFC 277: Pena vs. Nunes 2,Orion Cosce vs. Blood Diamond,Blood Diamond,301
2023-05-20,UFC Fight Night: Dern vs. Hill,Orion Cosce vs. Gilbert Urbina,Orion Cosce,130
2023-05-20,UFC Fight Night: Dern vs. Hill,Orion Cosce vs. Gilbert Urbina,Gilbert Urbina,-130
2023-07-15,UFC Fight Night: Holm vs. Bueno Silva,Ottman Azaitar vs. Francisco Prado,Ottman Azaitar,150
2023-07-15,UFC Fight Night: Holm vs. Bueno Silva,Ottman Azaitar vs. Francisco Prado,Francisco Prado,-150
2024-03-16,UFC Fight Night: Tuivasa vs. Tybura,Ovince Saint Preux vs. Kennedy Nzechukwu,Ovince Saint Preux,485
2024-03-16,UFC Fight Night: Tuivasa vs. Tybura,Ovince Saint Preux vs. Kennedy Nzechukwu,Kennedy Nzechukwu,-485
2023-02-18,UFC Fight Night: Andrade vs. Blanchfield,Ovince Saint Preux vs. Philipe Lins,Ovince Saint Preux,-104
2023-02-18,UFC Fight Night: Andrade vs. Blanchfield,Ovince Saint Preux vs. Philipe Lins,Philipe Lins,104
2022-12-10,UFC 282: Blachowicz vs. Ankalaev,Paddy Pimblett vs. Jared Gordon,Paddy Pimblett,103
2022-12-10,UFC 282: Blachowicz vs. Ankalaev,Paddy Pimblett vs. Jared Gordon,Jared Gordon,-103
2022-07-23,UFC Fight Night: Blaydes vs. Aspinall,Paddy Pimblett vs. Jordan Leavitt,Paddy Pimblett,111
2022-07-23,UFC Fight Night: Blaydes vs. Aspinall,Paddy Pimblett vs. Jordan Leavitt,Jordan Leavitt,-111
2023-06-17,UFC Fight Night: Vettori vs. Cannonier,Pat Sabatini vs. Lucas Almeida,Pat Sabatini,-141
2023-06-17,UFC Fight Night: Vettori vs. Cannonier,Pat Sabatini vs. Lucas Almeida,Lucas Almeida,141
2023-07-22,UFC Fight Night: Aspinall vs. Tybura,Paul Craig vs. Andre Muniz,Paul Craig,220
2023-07-22,UFC Fight Night: Aspinall vs. Tybura,Paul Craig vs. Andre Muniz,Andre Muniz,-220
2024-05-04,UFC 301: Pantoja vs. Erceg,Paul Craig vs. Caio Borralho,Paul Craig,308
2024-05-04,UFC 301: Pantoja vs. Erceg,Paul Craig vs. Caio Borralho,Caio Borralho,-308
2023-01-21,UFC 283: Teixeira vs. Hill,Paul Craig vs. Johnny Walker,Paul Craig,201
2023-01-21,UFC 283: Teixeira vs. Hill,Paul Craig vs. Johnny Walker,Johnny Walker,-201
2022-07-23,UFC Fight Night: Blaydes vs. Aspinall,Paul Craig vs. Volkan Oezdemir,Paul Craig,-127
2022-07-23,UFC Fight Night: Blaydes vs. Aspinall,Paul Craig vs. Volkan Oezdemir,Volkan Oezdemir,127
2022-08-20,UFC 278: Usman vs. Edwards,Paulo Costa vs. Luke Rockhold,Paulo Costa,-114
2022-08-20,UFC 278: Usman vs. Edwards,Paulo Costa vs. Luke Rockhold,Luke Rockhold,114
2024-03-23,UFC Fight Night: Ribas vs. Namajunas,Payton Talbott vs. Cameron Saaiman,Payton Talbott,122
2024-03-23,UFC Fight Night: Ribas vs. Namajunas,Payton Talbott vs. Cameron Saaiman,Cameron Saaiman,-122
2024-06-29,UFC 303: Pereira vs. Prochazka 2,Payton Talbott vs. Yanis Ghemmouri,Payton Talbott,-321
2024-06-29,UFC 303: Pereira vs. Prochazka 2,Payton Talbott vs. Yanis Ghemmouri,Yanis Ghemmouri,321
2023-04-15,UFC Fight Night: Holloway vs. Allen,Pedro Munhoz vs. Chris Gutierrez,Pedro Munhoz,312
2023-04-15,UFC Fight Night: Holloway vs. Allen,Pedro Munhoz vs. Chris Gutierrez,Chris Gutierrez,-312
2024-03-09,UFC 299: O'Malley vs. Vera 2,Pedro Munhoz vs. Kyler Phillips,Pedro Munhoz,396
2024-03-09,UFC 299: O'Malley vs. Vera 2,Pedro Munhoz vs. Kyler Phillips,Kyler Phillips,-396
2023-03-11,UFC Fight Night: Yan vs. Dvalishvili,Petr Yan vs. Merab Dvalishvili,Petr Yan,208
2023-03-11,UFC Fight Night: Yan vs. Dvalishvili,Petr Yan vs. Merab Dvalishvili,Merab Dvalishvili,-208
2022-10-22,UFC 280: Oliveira vs. Makhachev,Petr Yan vs. Sean O'Malley,Petr Yan,-103
2022-10-22,UFC 280: Oliveira vs. Makhachev,Petr Yan vs. Sean O'Malley,Sean O'Malley,103
2024-03-09,UFC 299: O'Malley vs. Vera 2,Petr Yan vs. Song Yadong,Petr Yan,166
2024-03-09,UFC 299: O'Malley vs. Vera 2,Petr Yan vs. Song Yadong,Song Yadong,-166
2024-01-13,UFC Fight Night: Ankalaev vs. Walker 2,Phil Hawes vs. Brunno Ferreira,Phil Hawes,-162
2024-01-13,UFC Fight Night: Ankalaev vs. Walker 2,Phil Hawes vs. Brunno Ferreira,Brunno Ferreira,162
2022-10-29,UFC Fight Night: Kattar vs. Allen,Phil Hawes vs. Roman Dolidze,Phil Hawes,119
2022-10-29,UFC Fight Night: Kattar vs. Allen,Phil Hawes vs. Roman Dolidze,Roman Dolidze,-119
2024-06-01,UFC 302: Makhachev vs. Poirier,Phil Rowe vs. Jake Matthews,Phil Rowe,137
2024-06-01,UFC 302: Makhachev vs. Poirier,Phil Rowe vs. Jake Matthews,Jake Matthews,-137
2023-06-03,UFC Fight Night: Kara-France vs. Albazi,Philipe Lins vs. Maxim Grishin,Philipe Lins,146
2023-06-03,UFC Fight Night: Kara-France vs. Albazi,Philipe Lins vs. Maxim Grishin,Maxim Grishin,-146
2022-07-16,UFC Fight Night: Ortega vs. Rodriguez,Punahele Soriano vs. Dalcha Lungiambula,Punahele Soriano,-160
2022-07-16,UFC Fight Night: Ortega vs. Rodriguez,Punahele Soriano vs. Dalcha Lungiambula,Dalcha Lungiambula,160
2023-12-02,UFC Fight Night: Dariush vs. Tsarukyan,Punahele Soriano vs. Dustin Stoltzfus,Punahele Soriano,-163
2023-12-02,UFC Fight Night: Dariush vs. Tsarukyan,Punahele Soriano vs. Dustin Stoltzfus,Dustin Stoltzfus,163
2023-01-14,UFC Fight Night: Strickland vs. Imavov,Punahele Soriano vs. Roman Kopylov,Punahele Soriano,-169
2023-01-14,UFC Fight Night: Strickland vs. Imavov,Punahele Soriano vs. Roman Kopylov,Roman Kopylov,169
2022-12-17,UFC Fight Night: Cannonier vs. Strickland,Rafa Garcia vs. Maheshate,Rafa Garcia,217
2022-12-17,UFC Fight Night: Cannonier vs. Strickland,Rafa Garcia vs. Maheshate,Maheshate,-217
2022-07-09,UFC Fight Night: Dos Anjos vs. Fiziev,Rafael Dos Anjos vs. Rafael Fiziev,Rafael Dos Anjos,-122
2022-07-09,UFC Fight Night: Dos Anjos vs. Fiziev,Rafael Dos Anjos vs. Rafael Fiziev,Rafael Fiziev,122
2023-09-23,UFC Fight Night: Fiziev vs. Gamrot,Rafael Fiziev vs. Mateusz Gamrot,Rafael Fiziev,118
2023-09-23,UFC Fight Night: Fiziev vs. Gamrot,Rafael Fiziev vs. Mateusz Gamrot,Mateusz Gamrot,-118
2024-06-01,UFC 302: Makhachev vs. Poirier,Randy Brown vs. Elizeu Zaleski dos Santos,Randy Brown,-150
2024-06-01,UFC 302: Makhachev vs. Poirier,Randy Brown vs. Elizeu Zaleski dos Santos,Elizeu Zaleski dos Santos,150
2022-10-01,UFC Fight Night: Dern vs. Yan,Randy Brown vs. Francisco Trinaldo,Randy Brown,-203
2022-10-01,UFC Fight Night: Dern vs. Yan,Randy Brown vs. Francisco Trinaldo,Francisco Trinaldo,203
2024-02-03,UFC Fight Night: Dolidze vs. Imavov,Randy Brown vs. Muslim Salikhov,Randy Brown,-215
2024-02-03,UFC Fight Night: Dolidze vs. Imavov,Randy Brown vs. Muslim Salikhov,Muslim Salikhov,215
2023-06-24,UFC Fight Night: Emmett vs. Topuria,Randy Brown vs. Wellington Turman,Randy Brown,-235
2023-06-24,UFC Fight Night: Emmett vs. Topuria,Randy Brown vs. Wellington Turman,Wellington Turman,235
2023-04-22,UFC Fight Night: Pavlovich vs. Blaydes,Rani Yahya vs. Montel Jackson,Rani Yahya,509
2023-04-22,UFC Fight Night: Pavlovich vs. Blaydes,Rani Yahya vs. Montel Jackson,Montel Jackson,-509
2024-04-27,UFC Fight Night: Nicolau vs. Perez,Rani Yahya vs. Victor Henry,Rani Yahya,-109
2024-04-27,UFC Fight Night: Nicolau vs. Perez,Rani Yahya vs. Victor Henry,Victor Henry,109
2022-10-01,UFC Fight Night: Dern vs. Yan,Raoni Barcelos vs. Trevin Jones,Raoni Barcelos,-156
2022-10-01,UFC Fight Night: Dern vs. Yan,Raoni Barcelos vs. Trevin Jones,Trevin Jones,156
2023-03-11,UFC Fight Night: Yan vs. Dvalishvili,Raphael Assuncao vs. Davey Grant,Raphael Assuncao,111
2023-03-11,UFC Fight Night: Yan vs. Dvalishvili,Raphael Assuncao vs. Davey Grant,Davey Grant,-111
2022-10-15,UFC Fight Night: Grasso vs. Araujo,Raphael Assuncao vs. Victor Henry,Raphael Assuncao,-110
2022-10-15,UFC Fight Night: Grasso vs. Araujo,Raphael Assuncao vs. Victor Henry,Victor Henry,110
2023-04-08,UFC 287: Pereira vs. Adesanya 2,Raul Rosas Jr. vs. Christian Rodriguez,Raul Rosas Jr.,-378
2023-04-08,UFC 287: Pereira vs. Adesanya 2,Raul Rosas Jr. vs. Christian Rodriguez,Christian Rodriguez,378
2024-06-08,UFC Fight Night: Cannonier vs. Imavov,Raul Rosas Jr. vs. Ricky Turcios,Raul Rosas Jr.,-340
2024-06-08,UFC Fight Night: Cannonier vs. Imavov,Raul Rosas Jr. vs. Ricky Turcios,Ricky Turcios,340
2023-09-16,UFC Fight Night: Grasso vs. Shevchenko 2,Raul Rosas Jr. vs. Terrence Mitchell,Raul Rosas Jr.,-260
2023-09-16,UFC Fight Night: Grasso vs. Shevchenko 2,Raul Rosas Jr. vs. Terrence Mitchell,Terrence Mitchell,260
2024-02-03,UFC Fight Night: Dolidze vs. Imavov,Renato Moicano vs. Drew Dober,Renato Moicano,-102
2024-02-03,UFC Fight Night: Dolidze vs. Imavov,Renato Moicano vs. Drew Dober,Drew Dober,102
2023-09-23,UFC Fight Night: Fiziev vs. Gamrot,Ricardo Ramos vs. Charles Jourdain,Ricardo Ramos,128
2023-09-23,UFC Fight Night: Fiziev vs. Gamrot,Ricardo Ramos vs. Charles Jourdain,Charles Jourdain,-128
2024-03-23,UFC Fight Night: Ribas vs. Namajunas,Ricardo Ramos vs. Julian Erosa,Ricardo Ramos,-147
2024-03-23,UFC Fight Night: Ribas vs. Namajunas,Ricardo Ramos vs. Julian Erosa,Julian Erosa,147
2023-04-22,UFC Fight Night: Pavlovich vs. Blaydes,Ricky Glenn vs. Christos Giagos,Ricky Glenn,-202
2023-04-22,UFC Fight Night: Pavlovich vs. Blaydes,Ricky Glenn vs. Christos Giagos,Christos Giagos,202
2022-07-16,UFC Fight Night: Ortega vs. Rodriguez,Ricky Simon vs. Jack Shore,Ricky Simon,124
2022-07-16,UFC Fight Night: Ortega vs. Rodriguez,Ricky Simon vs. Jack Shore,Jack Shore,-124
2024-01-13,UFC Fight Night: Ankalaev vs. Walker 2,Ricky Simon vs. Mario Bautista,Ricky Simon,-116
2024-01-13,UFC Fight Night: Ankalaev vs. Walker 2,Ricky Simon vs. Mario Bautista,Mario Bautista,116
2024-06-29,UFC 303: Pereira vs. Prochazka 2,Ricky Simon vs. Vinicius Oliveira,Ricky Simon,-146
2024-06-29,UFC 303: Pereira vs. Prochazka 2,Ricky Simon vs. Vinicius Oliveira,Vinicius Oliveira,146
2022-11-19,UFC Fight Night: Nzechukwu vs. Cutelaba,Ricky Turcios vs. Kevin Natividad,Ricky Turcios,-156
2022-11-19,UFC Fight Night: Nzechukwu vs. Cutelaba,Ricky Turcios vs. Kevin Natividad,Kevin Natividad,156
2023-11-04,UFC Fight Night: Almeida vs. Lewis,Rinat Fakhretdinov vs. Elizeu Zaleski dos Santos,Rinat Fakhretdinov,-168
2023-11-04,UFC Fight Night: Almeida vs. Lewis,Rinat Fakhretdinov vs. Elizeu Zaleski dos Santos,Elizeu Zaleski dos Santos,168
2024-06-22,UFC Fight Night: Whittaker vs. Aliskerov,Rinat Fakhretdinov vs. Nicolas Dalby,Rinat Fakhretdinov,-222
2024-06-22,UFC Fight Night: Whittaker vs. Aliskerov,Rinat Fakhretdinov vs. Nicolas Dalby,Nicolas Dalby,222
2023-08-26,UFC Fight Night: Holloway vs. The Korean Zombie,Rinya Nakamura vs. Fernie Garcia,Rinya Nakamura,-144
2023-08-26,UFC Fight Night: Holloway vs. The Korean Zombie,Rinya Nakamura vs. Fernie Garcia,Fernie Garcia,144
2023-04-08,UFC 287: Pereira vs. Adesanya 2,Rob Font vs. Adrian Yanez,Rob Font,-109
2023-04-08,UFC 287: Pereira vs. Adesanya 2,Rob Font vs. Adrian Yanez,Adrian Yanez,109
2023-12-02,UFC Fight Night: Dariush vs. Tsarukyan,Rob Font vs. Deiveson Figueiredo,Rob Font,-190
2023-12-02,UFC Fight Night: Dariush vs. Tsarukyan,Rob Font vs. Deiveson Figueiredo,Deiveson Figueiredo,190
2023-07-08,UFC 290: Volkanovski vs. Rodriguez,Robbie Lawler vs. Niko Price,Robbie Lawler,204
2023-07-08,UFC 290: Volkanovski vs. Rodriguez,Robbie Lawler vs. Niko Price,Niko Price,-204
2023-07-08,UFC 290: Volkanovski vs. Rodriguez,Robert Whittaker vs. Dricus Du Plessis,Robert Whittaker,-153
2023-07-08,UFC 290: Volkanovski vs. Rodriguez,Robert Whittaker vs. Dricus Du Plessis,Dricus Du Plessis,153
2024-06-22,UFC Fight Night: Whittaker vs. Aliskerov,Robert Whittaker vs. Ikram Aliskerov,Robert Whittaker,-404
2024-06-22,UFC Fight Night: Whittaker vs. Aliskerov,Robert Whittaker vs. Ikram Aliskerov,Ikram Aliskerov,404
2022-09-03,UFC Fight Night: Gane vs. Tuivasa,Robert Whittaker vs. Marvin Vettori,Robert Whittaker,-137
2022-09-03,UFC Fight Night: Gane vs. Tuivasa,Robert Whittaker vs. Marvin Vettori,Marvin Vettori,137
2024-02-17,UFC 298: Volkanovski vs. Topuria,Robert Whittaker vs. Paulo Costa,Robert Whittaker,-435
2024-02-17,UFC 298: Volkanovski vs. Topuria,Robert Whittaker vs. Paulo Costa,Paulo Costa,435
2024-02-10,UFC Fight Night: Hermansson vs. Pyfer,Rodolfo Vieira vs. Armen Petrosyan,Rodolfo Vieira,183
2024-02-10,UFC Fight Night: Hermansson vs. Pyfer,Rodolfo Vieira vs. Armen Petrosyan,Armen Petrosyan,-183
2023-04-29,UFC Fight Night: Song vs. Simon,Rodolfo Vieira vs. Cody Brundage,Rodolfo Vieira,179
2023-04-29,UFC Fight Night: Song vs. Simon,Rodolfo Vieira vs. Cody Brundage,Cody Brundage,-179
2023-11-04,UFC Fight Night: Almeida vs. Lewis,Rodrigo Nascimento vs. Don'Tale Mayes,Rodrigo Nascimento,-117
2023-11-04,UFC Fight Night: Almeida vs. Lewis,Rodrigo Nascimento vs. Don'Tale Mayes,Don'Tale Mayes,117
2024-02-03,UFC Fight Night: Dolidze vs. Imavov,Roman Dolidze vs. Nassourdine Imavov,Roman Dolidze,133
2024-02-03,UFC Fight Night: Dolidze vs. Imavov,Roman Dolidze vs. Nassourdine Imavov,Nassourdine Imavov,-133
2023-07-29,UFC 291: Poirier vs. Gaethje 2,Roman Kopylov vs. Claudio Ribeiro,Roman Kopylov,110
2023-07-29,UFC 291: Poirier vs. Gaethje 2,Roman Kopylov vs. Claudio Ribeiro,Claudio Ribeiro,-110
2023-09-16,UFC Fight Night: Grasso vs. Shevchenko 2,Roman Kopylov vs. Josh Fremd,Roman Kopylov,120
2023-09-16,UFC Fight Night: Grasso vs. Shevchenko 2,Roman Kopylov vs. Josh Fremd,Josh Fremd,-120
2024-09-07,UFC Fight Night: Burns vs. Brady,Rongzhu vs. Chris Padilla,Rongzhu,188
2024-09-07,UFC Fight Night: Burns vs. Brady,Rongzhu vs. Chris Padilla,Chris Padilla,-188
2022-07-09,UFC Fight Night: Dos Anjos vs. Fiziev,Ronnie Lawrence vs. Saidyokub Kakhramonov,Ronnie Lawrence,-126
2022-07-09,UFC Fight Night: Dos Anjos vs. Fiziev,Ronnie Lawrence vs. Saidyokub Kakhramonov,Saidyokub Kakhramonov,126
2024-04-27,UFC Fight Night: Nicolau vs. Perez,Ryan Spann vs. Bogdan Guskov,Ryan Spann,-158
2024-04-27,UFC Fight Night: Nicolau vs. Perez,Ryan Spann vs. Bogdan Guskov,Bogdan Guskov,158
2023-03-11,UFC Fight Night: Yan vs. Dvalishvili,Said Nurmagomedov vs. Jonathan Martinez,Said Nurmagomedov,-102
2023-03-11,UFC Fight Night: Yan vs. Dvalishvili,Said Nurmagomedov vs. Jonathan Martinez,Jonathan Martinez,102
2023-10-21,UFC 294: Makhachev vs. Volkanovski 2,Said Nurmagomedov vs. Muin Gafurov,Said Nurmagomedov,-179
2023-10-21,UFC 294: Makhachev vs. Volkanovski 2,Said Nurmagomedov vs. Muin Gafurov,Muin Gafurov,179
2022-12-17,UFC Fight Night: Cannonier vs. Strickland,Said Nurmagomedov vs. Saidyokub Kakhramonov,Said Nurmagomedov,125
2022-12-17,UFC Fight Night: Cannonier vs. Strickland,Said Nurmagomedov vs. Saidyokub Kakhramonov,Saidyokub Kakhramonov,-125
2022-08-06,UFC Fight Night: Santos vs. Hill,Sam Alvey vs. Michal Oleksiejczuk,Sam Alvey,269
2022-08-06,UFC Fight Night: Santos vs. Hill,Sam Alvey vs. Michal Oleksiejczuk,Michal Oleksiejczuk,-269
2024-07-27,UFC 304: Edwards vs. Muhammad 2,Sam Patterson vs. Kiefer Crosbie,Sam Patterson,-254
2024-07-27,UFC 304: Edwards vs. Muhammad 2,Sam Patterson vs. Kiefer Crosbie,Kiefer Crosbie,254
2022-12-10,UFC 282: Blachowicz vs. Ankalaev,Santiago Ponzinibbio vs. Alex Morono,Santiago Ponzinibbio,130
2022-12-10,UFC 282: Blachowicz vs. Ankalaev,Santiago Ponzinibbio vs. Alex Morono,Alex Morono,-130
2024-07-13,UFC Fight Night: Namajunas vs. Cortez,Santiago Ponzinibbio vs. Muslim Salikhov,Santiago Ponzinibbio,-189
2024-07-13,UFC Fight Night: Namajunas vs. Cortez,Santiago Ponzinibbio vs. Muslim Salikhov,Muslim Salikhov,189
2023-12-02,UFC Fight Night: Dariush vs. Tsarukyan,Sean Brady vs. Kelvin Gastelum,Sean Brady,113
2023-12-02,UFC Fight Night: Dariush vs. Tsarukyan,Sean Brady vs. Kelvin Gastelum,Kelvin Gastelum,-113
2024-03-09,UFC 299: O'Malley vs. Vera 2,Sean O'Malley vs. Marlon Vera,Sean O'Malley,-196
2024-03-09,UFC 299: O'Malley vs. Vera 2,Sean O'Malley vs. Marlon Vera,Marlon Vera,196
2023-07-01,UFC Fight Night: Strickland vs. Magomedov,Sean Strickland vs. Abus Magomedov,Sean Strickland,108
2023-07-01,UFC Fight Night: Strickland vs. Magomedov,Sean Strickland vs. Abus Magomedov,Abus Magomedov,-108
2022-07-02,UFC 276: Adesanya vs. Cannonier,Sean Strickland vs. Alex Pereira,Sean Strickland,-274
2022-07-02,UFC 276: Adesanya vs. Cannonier,Sean Strickland vs. Alex Pereira,Alex Pereira,274
2024-01-20,UFC 297: Strickland vs. Du Plessis,Sean Strickland vs. Dricus Du Plessis,Sean Strickland,115
2024-01-20,UFC 297: Strickland vs. Du Plessis,Sean Strickland vs. Dricus Du Plessis,Dricus Du Plessis,-115
2023-01-14,UFC Fight Night: Strickland vs. Imavov,Sean Strickland vs. Nassourdine Imavov,Sean Strickland,123
2023-01-14,UFC Fight Night: Strickland vs. Imavov,Sean Strickland vs. Nassourdine Imavov,Nassourdine Imavov,-123
2024-06-01,UFC 302: Makhachev vs. Poirier,Sean Strickland vs. Paulo Costa,Sean Strickland,-520
2024-06-01,UFC 302: Makhachev vs. Poirier,Sean Strickland vs. Paulo Costa,Paulo Costa,520
2022-08-20,UFC 278: Usman vs. Edwards,Sean Woodson vs. Luis Saldana,Sean Woodson,-108
2022-08-20,UFC 278: Usman vs. Edwards,Sean Woodson vs. Luis Saldana,Luis Saldana,108
2024-08-03,UFC Fight Night: Sandhagen vs. Nurmagomedov,Sedriques Dumas vs. Denis Tiuliulin,Sedriques Dumas,-279
2024-08-03,UFC Fight Night: Sandhagen vs. Nurmagomedov,Sedriques Dumas vs. Denis Tiuliulin,Denis Tiuliulin,279
2024-06-22,UFC Fight Night: Whittaker vs. Aliskerov,Sergei Pavlovich vs. Alexander Volkov,Sergei Pavlovich,-109
2024-06-22,UFC Fight Night: Whittaker vs. Aliskerov,Sergei Pavlovich vs. Alexander Volkov,Alexander Volkov,109
2023-04-22,UFC Fight Night: Pavlovich vs. Blaydes,Sergei Pavlovich vs. Curtis Blaydes,Sergei Pavlovich,331
2023-04-22,UFC Fight Night: Pavlovich vs. Blaydes,Sergei Pavlovich vs. Curtis Blaydes,Curtis Blaydes,-331
2023-11-11,UFC 295: Prochazka vs. Pereira,Sergei Pavlovich vs. Tom Aspinall,Sergei Pavlovich,109
2023-11-11,UFC 295: Prochazka vs. Pereira,Sergei Pavlovich vs. Tom Aspinall,Tom Aspinall,-109
2023-08-26,UFC Fight Night: Holloway vs. The Korean Zombie,SeungWoo Choi vs. Jarno Errens,SeungWoo Choi,145
2023-08-26,UFC Fight Night: Holloway vs. The Korean Zombie,SeungWoo Choi vs. Jarno Errens,Jarno Errens,-145
2023-01-21,UFC 283: Teixeira vs. Hill,Shamil Abdurakhimov vs. Jailton Almeida,Shamil Abdurakhimov,262
2023-01-21,UFC 283: Teixeira vs. Hill,Shamil Abdurakhimov vs. Jailton Almeida,Jailton Almeida,-262
2024-08-03,UFC Fight Night: Sandhagen vs. Nurmagomedov,Shamil Gaziev vs. Don'Tale Mayes,Shamil Gaziev,123
2024-08-03,UFC Fight Night: Sandhagen vs. Nurmagomedov,Shamil Gaziev vs. Don'Tale Mayes,Don'Tale Mayes,-123
2022-07-16,UFC Fight Night: Ortega vs. Rodriguez,Shane Burgos vs. Charles Jourdain,Shane Burgos,-126
2022-07-16,UFC Fight Night: Ortega vs. Rodriguez,Shane Burgos vs. Charles Jourdain,Charles Jourdain,126
2023-09-09,UFC 293: Adesanya vs. Strickland,Shane Young vs. Gabriel Miranda,Shane Young,-122
2023-09-09,UFC 293: Adesanya vs. Strickland,Shane Young vs. Gabriel Miranda,Gabriel Miranda,122
2023-07-08,UFC 290: Volkanovski vs. Rodriguez,Shannon Ross vs. Jesus Aguilar,Shannon Ross,-103
2023-07-08,UFC 290: Volkanovski vs. Rodriguez,Shannon Ross vs. Jesus Aguilar,Jesus Aguilar,103
2024-08-03,UFC Fight Night: Sandhagen vs. Nurmagomedov,Shara Magomedov vs. Michal Oleksiejczuk,Shara Magomedov,-106
2024-08-03,UFC Fight Night: Sandhagen vs. Nurmagomedov,Shara Magomedov vs. Michal Oleksiejczuk,Michal Oleksiejczuk,106
2023-12-16,UFC 296: Edwards vs. Covington,Shavkat Rakhmonov vs. Stephen Thompson,Shavkat Rakhmonov,-300
2023-12-16,UFC 296: Edwards vs. Covington,Shavkat Rakhmonov vs. Stephen Thompson,Stephen Thompson,300
2023-04-08,UFC 287: Pereira vs. Adesanya 2,Shayilan Nuerdanbieke vs. Steve Garcia,Shayilan Nuerdanbieke,103
2023-04-08,UFC 287: Pereira vs. Adesanya 2,Shayilan Nuerdanbieke vs. Steve Garcia,Steve Garcia,-103
2024-04-13,UFC 300: Pereira vs. Hill,Sodiq Yusuff vs. Diego Lopes,Sodiq Yusuff,-168
2024-04-13,UFC 300: Pereira vs. Hill,Sodiq Yusuff vs. Diego Lopes,Diego Lopes,168
2023-10-14,UFC Fight Night: Yusuff vs. Barboza,Sodiq Yusuff vs. Edson Barboza,Sodiq Yusuff,-166
2023-10-14,UFC Fight Night: Yusuff vs. Barboza,Sodiq Yusuff vs. Edson Barboza,Edson Barboza,166
2023-12-09,UFC Fight Night: Song vs. Gutierrez,Song Kenan vs. Kevin Jousset,Song Kenan,155
2023-12-09,UFC Fight Night: Song vs. Gutierrez,Song Kenan vs. Kevin Jousset,Kevin Jousset,-155
2024-08-17,UFC 305: Du Plessis vs. Adesanya,Song Kenan vs. Ricky Glenn,Song Kenan,120
2024-08-17,UFC 305: Du Plessis vs. Adesanya,Song Kenan vs. Ricky Glenn,Ricky Glenn,-120
2023-08-26,UFC Fight Night: Holloway vs. The Korean Zombie,Song Kenan vs. Rolando Bedoya,Song Kenan,270
2023-08-26,UFC Fight Night: Holloway vs. The Korean Zombie,Song Kenan vs. Rolando Bedoya,Rolando Bedoya,-270
2023-12-09,UFC Fight Night: Song vs. Gutierrez,Song Yadong vs. Chris Gutierrez,Song Yadong,-138
2023-12-09,UFC Fight Night: Song vs. Gutierrez,Song Yadong vs. Chris Gutierrez,Chris Gutierrez,138
2023-04-29,UFC Fight Night: Song vs. Simon,Song Yadong vs. Ricky Simon,Song Yadong,-122
2023-04-29,UFC Fight Night: Song vs. Simon,Song Yadong vs. Ricky Simon,Ricky Simon,122
2022-12-03,UFC Fight Night: Thompson vs. Holland,Stephen Thompson vs. Kevin Holland,Stephen Thompson,295
2022-12-03,UFC Fight Night: Thompson vs. Holland,Stephen Thompson vs. Kevin Holland,Kevin Holland,-295
2023-11-11,UFC 295: Prochazka vs. Pereira,Steve Erceg vs. Alessandro Costa,Steve Erceg,-115
2023-11-11,UFC 295: Prochazka vs. Pereira,Steve Erceg vs. Alessandro Costa,Alessandro Costa,115
2024-09-07,UFC Fight Night: Burns vs. Brady,Steve Garcia vs. Kyle Nelson,Steve Garcia,-134
2024-09-07,UFC Fight Night: Burns vs. Brady,Steve Garcia vs. Kyle Nelson,Kyle Nelson,134
2023-12-09,UFC Fight Night: Song vs. Gutierrez,Steve Garcia vs. Melquizael Costa,Steve Garcia,141
2023-12-09,UFC Fight Night: Song vs. Gutierrez,Steve Garcia vs. Melquizael Costa,Melquizael Costa,-141
2024-07-20,UFC Fight Night: Lemos vs. Jandiroba,Steve Garcia vs. SeungWoo Choi,Steve Garcia,-203
2024-07-20,UFC Fight Night: Lemos vs. Jandiroba,Steve Garcia vs. SeungWoo Choi,SeungWoo Choi,203
2023-03-25,UFC Fight Night: Vera vs. Sandhagen,Steven Peterson vs. Lucas Alexander,Steven Peterson,163
2023-03-25,UFC Fight Night: Vera vs. Sandhagen,Steven Peterson vs. Lucas Alexander,Lucas Alexander,-163
2023-12-16,UFC 296: Edwards vs. Covington,Tagir Ulanbekov vs. Cody Durden,Tagir Ulanbekov,186
2023-12-16,UFC 296: Edwards vs. Covington,Tagir Ulanbekov vs. Cody Durden,Cody Durden,-186
2022-11-05,UFC Fight Night: Rodriguez vs. Lemos,Tagir Ulanbekov vs. Nate Maness,Tagir Ulanbekov,-152
2022-11-05,UFC Fight Night: Rodriguez vs. Lemos,Tagir Ulanbekov vs. Nate Maness,Nate Maness,152
2023-09-09,UFC 293: Adesanya vs. Strickland,Tai Tuivasa vs. Alexander Volkov,Tai Tuivasa,240
2023-09-09,UFC 293: Adesanya vs. Strickland,Tai Tuivasa vs. Alexander Volkov,Alexander Volkov,-240
2024-08-17,UFC 305: Du Plessis vs. Adesanya,Tai Tuivasa vs. Jairzinho Rozenstruik,Tai Tuivasa,211
2024-08-17,UFC 305: Du Plessis vs. Adesanya,Tai Tuivasa vs. Jairzinho Rozenstruik,Jairzinho Rozenstruik,-211
2024-03-16,UFC Fight Night: Tuivasa vs. Tybura,Tai Tuivasa vs. Marcin Tybura,Tai Tuivasa,157
2024-03-16,UFC Fight Night: Tuivasa vs. Tybura,Tai Tuivasa vs. Marcin Tybura,Marcin Tybura,-157
2022-12-03,UFC Fight Night: Thompson vs. Holland,Tai Tuivasa vs. Sergei Pavlovich,Tai Tuivasa,166
2022-12-03,UFC Fight Night: Thompson vs. Holland,Tai Tuivasa vs. Sergei Pavlovich,Sergei Pavlovich,-166
2023-05-20,UFC Fight Night: Dern vs. Hill,Takashi Sato vs. Themba Gorimbo,Takashi Sato,354
2023-05-20,UFC Fight Night: Dern vs. Hill,Takashi Sato vs. Themba Gorimbo,Themba Gorimbo,-354
2023-08-05,UFC Fight Night: Sandhagen vs. Font,Tanner Boser vs. Aleksa Camur,Tanner Boser,113
2023-08-05,UFC Fight Night: Sandhagen vs. Font,Tanner Boser vs. Aleksa Camur,Aleksa Camur,-113
2023-04-15,UFC Fight Night: Holloway vs. Allen,Tanner Boser vs. Ion Cutelaba,Tanner Boser,-169
2023-04-15,UFC Fight Night: Holloway vs. Allen,Tanner Boser vs. Ion Cutelaba,Ion Cutelaba,169
2022-09-17,UFC Fight Night: Sandhagen vs. Song,Tanner Boser vs. Rodrigo Nascimento,Tanner Boser,-164
2022-09-17,UFC Fight Night: Sandhagen vs. Song,Tanner Boser vs. Rodrigo Nascimento,Rodrigo Nascimento,164
2022-10-15,UFC Fight Night: Grasso vs. Araujo,Tatsuro Taira vs. CJ Vergara,Tatsuro Taira,-398
2022-10-15,UFC Fight Night: Grasso vs. Araujo,Tatsuro Taira vs. CJ Vergara,CJ Vergara,398
2023-12-09,UFC Fight Night: Song vs. Gutierrez,Tatsuro Taira vs. Carlos Hernandez,Tatsuro Taira,-312
2023-12-09,UFC Fight Night: Song vs. Gutierrez,Tatsuro Taira vs. Carlos Hernandez,Carlos Hernandez,312
2022-08-06,UFC Fight Night: Santos vs. Hill,Terrance McKinney vs. Erick Gonzalez,Terrance McKinney,-380
2022-08-06,UFC Fight Night: Santos vs. Hill,Terrance McKinney vs. Erick Gonzalez,Erick Gonzalez,380
2024-05-11,UFC Fight Night: Lewis vs. Nascimento,Terrance McKinney vs. Esteban Ribovics,Terrance McKinney,-128
2024-05-11,UFC Fight Night: Lewis vs. Nascimento,Terrance McKinney vs. Esteban Ribovics,Esteban Ribovics,128
2023-08-12,UFC Fight Night: Luque vs. Dos Anjos,Terrance McKinney vs. Mike Breeden,Terrance McKinney,-267
2023-08-12,UFC Fight Night: Luque vs. Dos Anjos,Terrance McKinney vs. Mike Breeden,Mike Breeden,267
2024-02-03,UFC Fight Night: Dolidze vs. Imavov,Themba Gorimbo vs. Pete Rodriguez,Themba Gorimbo,-176
2024-02-03,UFC Fight Night: Dolidze vs. Imavov,Themba Gorimbo vs. Pete Rodriguez,Pete Rodriguez,176
2024-05-18,UFC Fight Night: Barboza vs. Murphy,Themba Gorimbo vs. Ramiz Brahimaj,Themba Gorimbo,-165
2024-05-18,UFC Fight Night: Barboza vs. Murphy,Themba Gorimbo vs. Ramiz Brahimaj,Ramiz Brahimaj,165
2024-06-08,UFC Fight Night: Cannonier vs. Imavov,Thiago Moises vs. Ludovit Klein,Thiago Moises,247
2024-06-08,UFC Fight Night: Cannonier vs. Imavov,Thiago Moises vs. Ludovit Klein,Ludovit Klein,-247
2022-08-06,UFC Fight Night: Santos vs. Hill,Thiago Santos vs. Jamahal Hill,Thiago Santos,-132
2022-08-06,UFC Fight Night: Santos vs. Hill,Thiago Santos vs. Jamahal Hill,Jamahal Hill,132
2023-10-21,UFC 294: Makhachev vs. Volkanovski 2,Tim Elliott vs. Muhammad Mokaev,Tim Elliott,565
2023-10-21,UFC 294: Makhachev vs. Volkanovski 2,Tim Elliott vs. Muhammad Mokaev,Muhammad Mokaev,-565
2023-12-09,UFC Fight Night: Song vs. Gutierrez,Tim Elliott vs. Sumudaerji,Tim Elliott,127
2023-12-09,UFC Fight Night: Song vs. Gutierrez,Tim Elliott vs. Sumudaerji,Sumudaerji,-127
2023-06-03,UFC Fight Night: Kara-France vs. Albazi,Tim Elliott vs. Victor Altamirano,Tim Elliott,146
2023-06-03,UFC Fight Night: Kara-France vs. Albazi,Tim Elliott vs. Victor Altamirano,Victor Altamirano,-146
2023-05-13,UFC Fight Night: Rozenstruik vs. Almeida,Tim Means vs. Alex Morono,Tim Means,133
2023-05-13,UFC Fight Night: Rozenstruik vs. Almeida,Tim Means vs. Alex Morono,Alex Morono,-133
2023-09-23,UFC Fight Night: Fiziev vs. Gamrot,Tim Means vs. Andre Fialho,Tim Means,-201
2023-09-23,UFC Fight Night: Fiziev vs. Gamrot,Tim Means vs. Andre Fialho,Andre Fialho,201
2022-10-29,UFC Fight Night: Kattar vs. Allen,Tim Means vs. Max Griffin,Tim Means,117
2022-10-29,UFC Fight Night: Kattar vs. Allen,Tim Means vs. Max Griffin,Max Griffin,-117
2024-04-27,UFC Fight Night: Nicolau vs. Perez,Tim Means vs. Uros Medic,Tim Means,-132
2024-04-27,UFC Fight Night: Nicolau vs. Perez,Tim Means vs. Uros Medic,Uros Medic,132
2024-06-15,UFC Fight Night: Perez vs. Taira,Timmy Cuamba vs. Lucas Almeida,Timmy Cuamba,-300
2024-06-15,UFC Fight Night: Perez vs. Taira,Timmy Cuamba vs. Lucas Almeida,Lucas Almeida,300
2024-07-27,UFC 304: Edwards vs. Muhammad 2,Tom Aspinall vs. Curtis Blaydes,Tom Aspinall,119
2024-07-27,UFC 304: Edwards vs. Muhammad 2,Tom Aspinall vs. Curtis Blaydes,Curtis Blaydes,-119
2023-07-22,UFC Fight Night: Aspinall vs. Tybura,Tom Aspinall vs. Marcin Tybura,Tom Aspinall,-238
2023-07-22,UFC Fight Night: Aspinall vs. Tybura,Tom Aspinall vs. Marcin Tybura,Marcin Tybura,238
2024-08-17,UFC 305: Du Plessis vs. Adesanya,Tom Nolan vs. Alex Reyes,Tom Nolan,-457
2024-08-17,UFC 305: Du Plessis vs. Adesanya,Tom Nolan vs. Alex Reyes,Alex Reyes,457
2023-07-29,UFC 291: Poirier vs. Gaethje 2,Tony Ferguson vs. King Green,Tony Ferguson,142
2023-07-29,UFC 291: Poirier vs. Gaethje 2,Tony Ferguson vs. King Green,King Green,-142
2024-08-03,UFC Fight Night: Sandhagen vs. Nurmagomedov,Tony Ferguson vs. Michael Chiesa,Tony Ferguson,177
2024-08-03,UFC Fight Night: Sandhagen vs. Nurmagomedov,Tony Ferguson vs. Michael Chiesa,Michael Chiesa,-177
2023-12-16,UFC 296: Edwards vs. Covington,Tony Ferguson vs. Paddy Pimblett,Tony Ferguson,139
2023-12-16,UFC 296: Edwards vs. Covington,Tony Ferguson vs. Paddy Pimblett,Paddy Pimblett,-139
2022-09-17,UFC Fight Night: Sandhagen vs. Song,Tony Gravely vs. Javid Basharat,Tony Gravely,-130
2022-09-17,UFC Fight Night: Sandhagen vs. Song,Tony Gravely vs. Javid Basharat,Javid Basharat,130
2024-08-10,UFC Fight Night: Tybura vs. Spivac 2,Toshiomi Kazama vs. Charalampos Grigoriou,Toshiomi Kazama,132
2024-08-10,UFC Fight Night: Tybura vs. Spivac 2,Toshiomi Kazama vs. Charalampos Grigoriou,Charalampos Grigoriou,-132
2023-08-26,UFC Fight Night: Holloway vs. The Korean Zombie,Toshiomi Kazama vs. Garrett Armfield,Toshiomi Kazama,-124
2023-08-26,UFC Fight Night: Holloway vs. The Korean Zombie,Toshiomi Kazama vs. Garrett Armfield,Garrett Armfield,124
2022-09-17,UFC Fight Night: Sandhagen vs. Song,Trevin Giles vs. Louis Cosce,Trevin Giles,-159
2022-09-17,UFC Fight Night: Sandhagen vs. Song,Trevin Giles vs. Louis Cosce,Louis Cosce,159
2023-03-25,UFC Fight Night: Vera vs. Sandhagen,Trevin Giles vs. Preston Parsons,Trevin Giles,102
2023-03-25,UFC Fight Night: Vera vs. Sandhagen,Trevin Giles vs. Preston Parsons,Preston Parsons,-102
2024-04-06,UFC Fight Night: Allen vs. Curtis 2,Trevor Peek vs. Charlie Campbell,Trevor Peek,117
2024-04-06,UFC Fight Night: Allen vs. Curtis 2,Trevor Peek vs. Charlie Campbell,Charlie Campbell,-117
2024-09-07,UFC Fight Night: Burns vs. Brady,Trevor Peek vs. Yanal Ashmouz,Trevor Peek,-110
2024-09-07,UFC Fight Night: Burns vs. Brady,Trevor Peek vs. Yanal Ashmouz,Yanal Ashmouz,110
2023-07-15,UFC Fight Night: Holm vs. Bueno Silva,Tucker Lutz vs. Melsik Baghdasaryan,Tucker Lutz,-102
2023-07-15,UFC Fight Night: Holm vs. Bueno Silva,Tucker Lutz vs. Melsik Baghdasaryan,Melsik Baghdasaryan,102
2023-03-11,UFC Fight Night: Yan vs. Dvalishvili,Tyson Nam vs. Bruno Silva,Tyson Nam,176
2023-03-11,UFC Fight Night: Yan vs. Dvalishvili,Tyson Nam vs. Bruno Silva,Bruno Silva,-176
2023-09-09,UFC 293: Adesanya vs. Strickland,Tyson Pedro vs. Anton Turkalj,Tyson Pedro,-141
2023-09-09,UFC 293: Adesanya vs. Strickland,Tyson Pedro vs. Anton Turkalj,Anton Turkalj,141
2022-08-20,UFC 278: Usman vs. Edwards,Tyson Pedro vs. Harry Hunsucker,Tyson Pedro,-668
2022-08-20,UFC 278: Usman vs. Edwards,Tyson Pedro vs. Harry Hunsucker,Harry Hunsucker,668
2023-02-11,UFC 284: Makhachev vs. Volkanovski,Tyson Pedro vs. Modestas Bukauskas,Tyson Pedro,-258
2023-02-11,UFC 284: Makhachev vs. Volkanovski,Tyson Pedro vs. Modestas Bukauskas,Modestas Bukauskas,258
2023-01-14,UFC Fight Night: Strickland vs. Imavov,Umar Nurmagomedov vs. Raoni Barcelos,Umar Nurmagomedov,-482
2023-01-14,UFC Fight Night: Strickland vs. Imavov,Umar Nurmagomedov vs. Raoni Barcelos,Raoni Barcelos,482
2022-08-06,UFC Fight Night: Santos vs. Hill,Vicente Luque vs. Geoff Neal,Vicente Luque,-251
2022-08-06,UFC Fight Night: Santos vs. Hill,Vicente Luque vs. Geoff Neal,Geoff Neal,251
2024-03-30,UFC Fight Night: Blanchfield vs. Fiorot,Vicente Luque vs. Joaquin Buckley,Vicente Luque,-136
2024-03-30,UFC Fight Night: Blanchfield vs. Fiorot,Vicente Luque vs. Joaquin Buckley,Joaquin Buckley,136
2023-08-12,UFC Fight Night: Luque vs. Dos Anjos,Vicente Luque vs. Rafael Dos Anjos,Vicente Luque,-152
2023-08-12,UFC Fight Night: Luque vs. Dos Anjos,Vicente Luque vs. Rafael Dos Anjos,Rafael Dos Anjos,152
2024-02-24,UFC Fight Night: Moreno vs. Royval 2,Victor Altamirano vs. Felipe dos Santos,Victor Altamirano,101
2024-02-24,UFC Fight Night: Moreno vs. Royval 2,Victor Altamirano vs. Felipe dos Santos,Felipe dos Santos,-101
2023-03-11,UFC Fight Night: Yan vs. Dvalishvili,Victor Henry vs. Tony Gravely,Victor Henry,275
2023-03-11,UFC Fight Night: Yan vs. Dvalishvili,Victor Henry vs. Tony Gravely,Tony Gravely,-275
2024-05-18,UFC Fight Night: Barboza vs. Murphy,Victor Martinez vs. Tom Nolan,Victor Martinez,181
2024-05-18,UFC Fight Night: Barboza vs. Murphy,Victor Martinez vs. Tom Nolan,Tom Nolan,-181
2022-11-19,UFC Fight Night: Nzechukwu vs. Cutelaba,Vince Morales vs. Miles Johns,Vince Morales,206
2022-11-19,UFC Fight Night: Nzechukwu vs. Cutelaba,Vince Morales vs. Miles Johns,Miles Johns,-206
2023-07-08,UFC 290: Volkanovski vs. Rodriguez,Vitor Petrino vs. Marcin Prachnio,Vitor Petrino,-286
2023-07-08,UFC 290: Volkanovski vs. Rodriguez,Vitor Petrino vs. Marcin Prachnio,Marcin Prachnio,286
2023-11-04,UFC Fight Night: Almeida vs. Lewis,Vitor Petrino vs. Modestas Bukauskas,Vitor Petrino,-293
2023-11-04,UFC Fight Night: Almeida vs. Lewis,Vitor Petrino vs. Modestas Bukauskas,Modestas Bukauskas,293
2024-03-02,UFC Fight Night: Rozenstruik vs. Gaziev,Vitor Petrino vs. Tyson Pedro,Vitor Petrino,124
2024-03-02,UFC Fight Night: Rozenstruik vs. Gaziev,Vitor Petrino vs. Tyson Pedro,Tyson Pedro,-124
2022-10-22,UFC 280: Oliveira vs. Makhachev,Volkan Oezdemir vs. Nikita Krylov,Volkan Oezdemir,190
2022-10-22,UFC 280: Oliveira vs. Makhachev,Volkan Oezdemir vs. Nikita Krylov,Nikita Krylov,-190
2023-08-26,UFC Fight Night: Holloway vs. The Korean Zombie,Waldo Cortes-Acosta vs. Lukasz Brzeski,Waldo Cortes-Acosta,-127
2023-08-26,UFC Fight Night: Holloway vs. The Korean Zombie,Waldo Cortes-Acosta vs. Lukasz Brzeski,Lukasz Brzeski,127
2024-05-11,UFC Fight Night: Lewis vs. Nascimento,Waldo Cortes-Acosta vs. Robelis Despaigne,Waldo Cortes-Acosta,105
2024-05-11,UFC Fight Night: Lewis vs. Nascimento,Waldo Cortes-Acosta vs. Robelis Despaigne,Robelis Despaigne,-105
2023-01-21,UFC 283: Teixeira vs. Hill,Warlley Alves vs. Nicolas Dalby,Warlley Alves,-133
2023-01-21,UFC 283: Teixeira vs. Hill,Warlley Alves vs. Nicolas Dalby,Nicolas Dalby,133
2023-12-02,UFC Fight Night: Dariush vs. Tsarukyan,Wellington Turman vs. Jared Gooden,Wellington Turman,-120
2023-12-02,UFC Fight Night: Dariush vs. Tsarukyan,Wellington Turman vs. Jared Gooden,Jared Gooden,120
2023-02-18,UFC Fight Night: Andrade vs. Blanchfield,William Knight vs. Marcin Prachnio,William Knight,117
2023-02-18,UFC Fight Night: Andrade vs. Blanchfield,William Knight vs. Marcin Prachnio,Marcin Prachnio,-117
2023-02-11,UFC 284: Makhachev vs. Volkanovski,Yair Rodriguez vs. Josh Emmett,Yair Rodriguez,-142
2023-02-11,UFC 284: Makhachev vs. Volkanovski,Yair Rodriguez vs. Josh Emmett,Josh Emmett,142
2024-09-07,UFC Fight Night: Burns vs. Brady,Yizha vs. Gabriel Santos,Yizha,-145
2024-09-07,UFC Fight Night: Burns vs. Brady,Yizha vs. Gabriel Santos,Gabriel Santos,145
2024-01-20,UFC 297: Strickland vs. Du Plessis,Yohan Lainesse vs. Sam Patterson,Yohan Lainesse,-158
2024-01-20,UFC 297: Strickland vs. Du Plessis,Yohan Lainesse vs. Sam Patterson,Sam Patterson,158
2024-08-10,UFC Fight Night: Tybura vs. Spivac 2,Youssef Zalal vs. Jarno Errens,Youssef Zalal,-216
2024-08-10,UFC Fight Night: Tybura vs. Spivac 2,Youssef Zalal vs. Jarno Errens,Jarno Errens,216
2024-02-10,UFC Fight Night: Hermansson vs. Pyfer,Zac Pauga vs. Bogdan Guskov,Zac Pauga,-184
2024-02-10,UFC Fight Night: Hermansson vs. Pyfer,Zac Pauga vs. Bogdan Guskov,Bogdan Guskov,184
2023-06-17,UFC Fight Night: Vettori vs. Cannonier,Zac Pauga vs. Modestas Bukauskas,Zac Pauga,-164
2023-06-17,UFC Fight Night: Vettori vs. Cannonier,Zac Pauga vs. Modestas Bukauskas,Modestas Bukauskas,164
2023-04-15,UFC Fight Night: Holloway vs. Allen,Zak Cummings vs. Ed Herman,Zak Cummings,-243
2023-04-15,UFC Fight Night: Holloway vs. Allen,Zak Cummings vs. Ed Herman,Ed Herman,243
