DATE,EVENT,BOUT,FIGHTER,odds
2014-08-23,UFC Fight Night: Henderson vs Dos Anjos,Aaron Phillips vs. Matt Hobar,Aaron Phillips,-172.0
2014-08-23,UFC Fight Night: Henderson vs Dos Anjos,Aaron Phillips vs. Matt Hobar,Matt Hobar,172.0
2013-07-27,UFC on FOX: Johnson vs Moraga,Aaron Riley vs. Justin Salas,Aaron Riley,102.0
2013-07-27,UFC on FOX: Johnson vs Moraga,Aaron Riley vs. Justin Salas,Justin Salas,-102.0
2013-12-14,UFC on FOX: Johnson vs. Benavidez 2,Abel Trujillo vs. Roger Bowling,Abel Trujillo,-100.0
2013-12-14,UFC on FOX: Johnson vs. Benavidez 2,Abel Trujillo vs. Roger Bowling,Roger Bowling,-100.0
2014-10-04,UFC Fight Night: Nelson vs Story,Akira Corassani vs. Max Holloway,Akira Corassani,254.0
2014-10-04,UFC Fight Night: Nelson vs Story,Akira Corassani vs. Max Holloway,Max Holloway,-254.0
2013-11-30,The Ultimate Fighter: Team Rousey vs. Team Tate Finale,Akira Corassani vs. Maximo Blanco,Akira Corassani,197.0
2013-11-30,The Ultimate Fighter: Team Rousey vs. Team Tate Finale,Akira Corassani vs. Maximo Blanco,Maximo Blanco,-197.0
2013-04-06,UFC on FUEL TV: Mousasi vs Latifi,Akira Corassani vs. Robert Peralta,Akira Corassani,169.0
2013-04-06,UFC on FUEL TV: Mousasi vs Latifi,Akira Corassani vs. Robert Peralta,Robert Peralta,-169.0
2015-01-24,UFC on FOX: Gustafsson vs Johnson,Akira Corassani vs. Sam Sicilia,Akira Corassani,197.0
2015-01-24,UFC on FOX: Gustafsson vs Johnson,Akira Corassani vs. Sam Sicilia,Sam Sicilia,-197.0
2014-05-24,UFC 173: Barao vs Dillashaw,Al Iaquinta vs. Mitch Clarke,Al Iaquinta,-240.0
2014-05-24,UFC 173: Barao vs Dillashaw,Al Iaquinta vs. Mitch Clarke,Mitch Clarke,240.0
2013-10-26,UFC Fight Night: Machida vs Munoz,Al Iaquinta vs. Piotr Hallmann,Al Iaquinta,-102.0
2013-10-26,UFC Fight Night: Machida vs Munoz,Al Iaquinta vs. Piotr Hallmann,Piotr Hallmann,102.0
2014-09-05,UFC Fight Night: Jacare vs Mousasi,Al Iaquinta vs. Rodrigo Damm,Al Iaquinta,-254.0
2014-09-05,UFC Fight Night: Jacare vs Mousasi,Al Iaquinta vs. Rodrigo Damm,Rodrigo Damm,254.0
2015-02-28,UFC 184: Rousey vs Zingano,Alan Jouban vs. Richard Walsh,Alan Jouban,254.0
2015-02-28,UFC 184: Rousey vs Zingano,Alan Jouban vs. Richard Walsh,Richard Walsh,-254.0
2014-01-25,UFC on FOX: Henderson vs Thomson,Alex Caceres vs. Sergio Pettis,Alex Caceres,102.0
2014-01-25,UFC on FOX: Henderson vs Thomson,Alex Caceres vs. Sergio Pettis,Sergio Pettis,-102.0
2014-12-06,UFC 181: Hendricks vs Lawler II,Alex White vs. Clay Collard,Alex White,-145.0
2014-12-06,UFC 181: Hendricks vs Lawler II,Alex White vs. Clay Collard,Clay Collard,145.0
2015-01-24,UFC on FOX: Gustafsson vs Johnson,Alexander Gustafsson vs. Anthony Johnson,Alexander Gustafsson,254.0
2015-01-24,UFC on FOX: Gustafsson vs Johnson,Alexander Gustafsson vs. Anthony Johnson,Anthony Johnson,-254.0
2014-03-08,UFC Fight Night: Gustafsson vs Manuwa,Alexander Gustafsson vs. Jimi Manuwa,Alexander Gustafsson,-147.0
2014-03-08,UFC Fight Night: Gustafsson vs Manuwa,Alexander Gustafsson vs. Jimi Manuwa,Jimi Manuwa,147.0
2013-02-02,UFC 156: Aldo vs Edgar,Alistair Overeem vs. Antonio Silva,Alistair Overeem,-172.0
2013-02-02,UFC 156: Aldo vs Edgar,Alistair Overeem vs. Antonio Silva,Antonio Silva,172.0
2014-09-05,UFC Fight Night: Jacare vs Mousasi,Alistair Overeem vs. Ben Rothwell,Alistair Overeem,-169.0
2014-09-05,UFC Fight Night: Jacare vs Mousasi,Alistair Overeem vs. Ben Rothwell,Ben Rothwell,169.0
2014-12-13,UFC on FOX: Dos Santos vs Miocic,Alistair Overeem vs. Stefan Struve,Alistair Overeem,-254.0
2014-12-13,UFC on FOX: Dos Santos vs Miocic,Alistair Overeem vs. Stefan Struve,Stefan Struve,254.0
2013-08-17,UFC Fight Night: Shogun vs Sonnen,Alistair Overeem vs. Travis Browne,Alistair Overeem,-100.0
2013-08-17,UFC Fight Night: Shogun vs Sonnen,Alistair Overeem vs. Travis Browne,Travis Browne,-100.0
2014-06-14,UFC 174: Johnson vs Bagautinov,Andrei Arlovski vs. Brendan Schaub,Andrei Arlovski,-102.0
2014-06-14,UFC 174: Johnson vs Bagautinov,Andrei Arlovski vs. Brendan Schaub,Brendan Schaub,102.0
2013-10-26,UFC Fight Night: Machida vs Munoz,Andy Ogle vs. Cole Miller,Andy Ogle,-197.0
2013-10-26,UFC Fight Night: Machida vs Munoz,Andy Ogle vs. Cole Miller,Cole Miller,197.0
2013-02-16,UFC on FUEL TV: Barao vs McDonald,Andy Ogle vs. Josh Grispi,Andy Ogle,-102.0
2013-02-16,UFC on FUEL TV: Barao vs McDonald,Andy Ogle vs. Josh Grispi,Josh Grispi,102.0
2014-05-31,UFC Fight Night: Munoz vs Mousasi,Andy Ogle vs. Maximo Blanco,Andy Ogle,-100.0
2014-05-31,UFC Fight Night: Munoz vs Mousasi,Andy Ogle vs. Maximo Blanco,Maximo Blanco,-100.0
2015-05-23,UFC 187: Johnson vs Cormier,Anthony Johnson vs. Daniel Cormier,Anthony Johnson,-254.0
2015-05-23,UFC 187: Johnson vs Cormier,Anthony Johnson vs. Daniel Cormier,Daniel Cormier,254.0
2014-07-26,UFC on FOX: Lawler vs Brown,Anthony Johnson vs. Rogerio Nogueira,Anthony Johnson,-256.0
2014-07-26,UFC on FOX: Lawler vs Brown,Anthony Johnson vs. Rogerio Nogueira,Rogerio Nogueira,256.0
2014-05-10,UFC Fight Night: Brown vs Silva,Anthony Lapsley vs. Albert Tumenov,Anthony Lapsley,102.0
2014-05-10,UFC Fight Night: Brown vs Silva,Anthony Lapsley vs. Albert Tumenov,Albert Tumenov,-102.0
2014-05-24,UFC 173: Barao vs Dillashaw,Anthony Njokuani vs. Vinc Pichel,Anthony Njokuani,-100.0
2014-05-24,UFC 173: Barao vs Dillashaw,Anthony Njokuani vs. Vinc Pichel,Vinc Pichel,-100.0
2014-11-07,UFC Fight Night: Rockhold vs Bisping,Anthony Perosh vs. Guto Inocente,Anthony Perosh,119.0
2014-11-07,UFC Fight Night: Rockhold vs Bisping,Anthony Perosh vs. Guto Inocente,Guto Inocente,-119.0
2015-05-09,UFC Fight Night: Miocic vs Hunt,Anthony Perosh vs. Sean O'Connell,Anthony Perosh,102.0
2015-05-09,UFC Fight Night: Miocic vs Hunt,Anthony Perosh vs. Sean O'Connell,Sean O'Connell,-102.0
2013-01-26,UFC on FOX: Johnson vs Dodson,Anthony Pettis vs. Donald Cerrone,Anthony Pettis,-254.0
2013-01-26,UFC on FOX: Johnson vs Dodson,Anthony Pettis vs. Donald Cerrone,Donald Cerrone,254.0
2014-12-06,UFC 181: Hendricks vs Lawler II,Anthony Pettis vs. Gilbert Melendez,Anthony Pettis,-197.0
2014-12-06,UFC 181: Hendricks vs Lawler II,Anthony Pettis vs. Gilbert Melendez,Gilbert Melendez,197.0
2015-03-14,UFC 185: Pettis vs Dos Anjos,Anthony Pettis vs. Rafael Dos Anjos,Anthony Pettis,-100.0
2015-03-14,UFC 185: Pettis vs Dos Anjos,Anthony Pettis vs. Rafael Dos Anjos,Rafael Dos Anjos,-100.0
2014-12-20,UFC Fight Night: Machida vs Dollaway,Antonio Carlos Junior vs. Patrick Cummins,Antonio Carlos Junior,197.0
2014-12-20,UFC Fight Night: Machida vs Dollaway,Antonio Carlos Junior vs. Patrick Cummins,Patrick Cummins,-197.0
2013-03-16,UFC 158: St-Pierre vs Diaz,Antonio Carvalho vs. Darren Elkins,Antonio Carvalho,197.0
2013-03-16,UFC 158: St-Pierre vs Diaz,Antonio Carvalho vs. Darren Elkins,Darren Elkins,-197.0
2013-06-08,UFC on FUEL TV: Nogueira vs. Werdum,Antonio Rodrigo Nogueira vs. Fabricio Werdum,Antonio Rodrigo Nogueira,-102.0
2013-06-08,UFC on FUEL TV: Nogueira vs. Werdum,Antonio Rodrigo Nogueira vs. Fabricio Werdum,Fabricio Werdum,102.0
2014-04-11,UFC Fight Night: Minotauro vs Nelson,Antonio Rodrigo Nogueira vs. Roy Nelson,Antonio Rodrigo Nogueira,-197.0
2014-04-11,UFC Fight Night: Minotauro vs Nelson,Antonio Rodrigo Nogueira vs. Roy Nelson,Roy Nelson,197.0
2014-09-13,UFC Fight Night: Bigfoot vs Arlovski,Antonio Silva vs. Andrei Arlovski,Antonio Silva,254.0
2014-09-13,UFC Fight Night: Bigfoot vs Arlovski,Antonio Silva vs. Andrei Arlovski,Andrei Arlovski,-254.0
2015-02-22,UFC Fight Night: Bigfoot vs Mir,Antonio Silva vs. Frank Mir,Antonio Silva,103.0
2015-02-22,UFC Fight Night: Bigfoot vs Mir,Antonio Silva vs. Frank Mir,Frank Mir,-103.0
2013-08-31,UFC 164: Henderson vs Pettis 2,Ben Rothwell vs. Brandon Vera,Ben Rothwell,-100.0
2013-08-31,UFC 164: Henderson vs Pettis 2,Ben Rothwell vs. Brandon Vera,Brandon Vera,-100.0
2015-06-06,UFC Fight Night: Boetsch vs Henderson,Ben Rothwell vs. Matt Mitrione,Ben Rothwell,102.0
2015-06-06,UFC Fight Night: Boetsch vs Henderson,Ben Rothwell vs. Matt Mitrione,Matt Mitrione,-102.0
2014-08-23,UFC Fight Night: Henderson vs Dos Anjos,Beneil Dariush vs. Anthony Rocco Martin,Beneil Dariush,-100.0
2014-08-23,UFC Fight Night: Henderson vs Dos Anjos,Beneil Dariush vs. Anthony Rocco Martin,Anthony Rocco Martin,-100.0
2013-08-31,UFC 164: Henderson vs Pettis 2,Benson Henderson vs. Anthony Pettis,Benson Henderson,-102.0
2013-08-31,UFC 164: Henderson vs Pettis 2,Benson Henderson vs. Anthony Pettis,Anthony Pettis,102.0
2015-02-14,UFC Fight Night: Henderson vs Thatch,Benson Henderson vs. Brandon Thatch,Benson Henderson,-102.0
2015-02-14,UFC Fight Night: Henderson vs Thatch,Benson Henderson vs. Brandon Thatch,Brandon Thatch,102.0
2014-01-25,UFC on FOX: Henderson vs Thomson,Benson Henderson vs. Josh Thomson,Benson Henderson,-169.0
2014-01-25,UFC on FOX: Henderson vs Thomson,Benson Henderson vs. Josh Thomson,Josh Thomson,169.0
2014-08-23,UFC Fight Night: Henderson vs Dos Anjos,Benson Henderson vs. Rafael Dos Anjos,Benson Henderson,-169.0
2014-08-23,UFC Fight Night: Henderson vs Dos Anjos,Benson Henderson vs. Rafael Dos Anjos,Rafael Dos Anjos,169.0
2014-06-07,UFC Fight Night: Henderson vs Khabilov,Benson Henderson vs. Rustam Khabilov,Benson Henderson,-169.0
2014-06-07,UFC Fight Night: Henderson vs Khabilov,Benson Henderson vs. Rustam Khabilov,Rustam Khabilov,169.0
2014-06-07,UFC Fight Night: Henderson vs Khabilov,Bobby Voelker vs. Lance Benoist,Bobby Voelker,254.0
2014-06-07,UFC Fight Night: Henderson vs Khabilov,Bobby Voelker vs. Lance Benoist,Lance Benoist,-254.0
2013-10-26,UFC Fight Night: Machida vs Munoz,Brad Scott vs. Michael Kuiper,Brad Scott,172.0
2013-10-26,UFC Fight Night: Machida vs Munoz,Brad Scott vs. Michael Kuiper,Michael Kuiper,-172.0
2015-01-03,UFC 182: Jones vs Cormier,Brad Tavares vs. Nate Marquardt,Brad Tavares,-100.0
2015-01-03,UFC 182: Jones vs Cormier,Brad Tavares vs. Nate Marquardt,Nate Marquardt,-100.0
2013-08-28,UFC Fight Night: Condit vs Kampmann 2,Brad Tavares vs. Robert McDaniel,Brad Tavares,-100.0
2013-08-28,UFC Fight Night: Condit vs Kampmann 2,Brad Tavares vs. Robert McDaniel,Robert McDaniel,-100.0
2015-05-09,UFC Fight Night: Miocic vs Hunt,Brad Tavares vs. Robert Whittaker,Brad Tavares,-102.0
2015-05-09,UFC Fight Night: Miocic vs Hunt,Brad Tavares vs. Robert Whittaker,Robert Whittaker,102.0
2014-04-19,UFC on FOX: Werdum vs Browne,Brad Tavares vs. Yoel Romero,Brad Tavares,-169.0
2014-04-19,UFC on FOX: Werdum vs Browne,Brad Tavares vs. Yoel Romero,Yoel Romero,169.0
2013-02-23,UFC 157: Rousey vs Carmouche,Brendan Schaub vs. Lavar Johnson,Brendan Schaub,-172.0
2013-02-23,UFC 157: Rousey vs Carmouche,Brendan Schaub vs. Lavar Johnson,Lavar Johnson,172.0
2013-09-21,UFC 165: Jones vs Gustafsson,Brendan Schaub vs. Matt Mitrione,Brendan Schaub,-102.0
2013-09-21,UFC 165: Jones vs Gustafsson,Brendan Schaub vs. Matt Mitrione,Matt Mitrione,102.0
2013-05-25,UFC 160: Velasquez vs Silva 2,Brian Bowles vs. George Roop,Brian Bowles,-100.0
2013-05-25,UFC 160: Velasquez vs Silva 2,Brian Bowles vs. George Roop,George Roop,-100.0
2015-06-06,UFC Fight Night: Boetsch vs Henderson,Brian Ebersole vs. Omari Akhmedov,Brian Ebersole,-100.0
2015-06-06,UFC Fight Night: Boetsch vs Henderson,Brian Ebersole vs. Omari Akhmedov,Omari Akhmedov,-100.0
2013-11-16,UFC 167: St-Pierre vs Hendricks,Brian Ebersole vs. Rick Story,Brian Ebersole,254.0
2013-11-16,UFC 167: St-Pierre vs Hendricks,Brian Ebersole vs. Rick Story,Rick Story,-254.0
2013-04-27,UFC 159: Jones vs Sonnen,Bryan Caraway vs. Johnny Bedford,Bryan Caraway,197.0
2013-04-27,UFC 159: Jones vs Sonnen,Bryan Caraway vs. Johnny Bedford,Johnny Bedford,-197.0
2013-05-25,UFC 160: Velasquez vs Silva 2,Cain Velasquez vs. Antonio Silva,Cain Velasquez,
2013-05-25,UFC 160: Velasquez vs Silva 2,Cain Velasquez vs. Antonio Silva,Antonio Silva,
2013-10-19,UFC 166: Velasquez vs Dos Santos 3,Cain Velasquez vs. Junior Dos Santos,Cain Velasquez,-145.0
2013-10-19,UFC 166: Velasquez vs Dos Santos 3,Cain Velasquez vs. Junior Dos Santos,Junior Dos Santos,145.0
2013-06-08,UFC on FUEL TV: Nogueira vs. Werdum,Caio Magalhaes vs. Karlos Vemola,Caio Magalhaes,-119.0
2013-06-08,UFC on FUEL TV: Nogueira vs. Werdum,Caio Magalhaes vs. Karlos Vemola,Karlos Vemola,119.0
2014-11-08,UFC Fight Night 56: Shogun vs Saint Preux,Caio Magalhaes vs. Trevor Smith,Caio Magalhaes,-102.0
2014-11-08,UFC Fight Night 56: Shogun vs Saint Preux,Caio Magalhaes vs. Trevor Smith,Trevor Smith,102.0
2013-03-16,UFC 158: St-Pierre vs Diaz,Carlos Condit vs. Johny Hendricks,Carlos Condit,254.0
2013-03-16,UFC 158: St-Pierre vs Diaz,Carlos Condit vs. Johny Hendricks,Johny Hendricks,-254.0
2013-08-28,UFC Fight Night: Condit vs Kampmann 2,Carlos Condit vs. Martin Kampmann,Carlos Condit,-102.0
2013-08-28,UFC Fight Night: Condit vs Kampmann 2,Carlos Condit vs. Martin Kampmann,Martin Kampmann,102.0
2015-05-30,UFC Fight Night: Condit vs Alves,Carlos Condit vs. Thiago Alves,Carlos Condit,102.0
2015-05-30,UFC Fight Night: Condit vs Alves,Carlos Condit vs. Thiago Alves,Thiago Alves,-102.0
2014-03-15,UFC 171: Hendricks vs Lawler,Carlos Condit vs. Tyron Woodley,Carlos Condit,-169.0
2014-03-15,UFC 171: Hendricks vs Lawler,Carlos Condit vs. Tyron Woodley,Tyron Woodley,169.0
2014-10-04,UFC Fight Night: Nelson vs Story,Cathal Pendred vs. Gasan Umalatov,Cathal Pendred,-102.0
2014-10-04,UFC Fight Night: Nelson vs Story,Cathal Pendred vs. Gasan Umalatov,Gasan Umalatov,102.0
2015-01-18,UFC Fight Night: McGregor vs Siver,Cathal Pendred vs. Sean Spencer,Cathal Pendred,102.0
2015-01-18,UFC Fight Night: McGregor vs Siver,Cathal Pendred vs. Sean Spencer,Sean Spencer,-102.0
2014-06-28,UFC Fight Night: Swanson vs Stephens,Cezar Ferreira vs. Andrew Craig,Cezar Ferreira,102.0
2014-06-28,UFC Fight Night: Swanson vs Stephens,Cezar Ferreira vs. Andrew Craig,Andrew Craig,-102.0
2014-03-23,UFC Fight Night: Shogun vs Henderson 2,Cezar Ferreira vs. CB Dollaway,Cezar Ferreira,221.0
2014-03-23,UFC Fight Night: Shogun vs Henderson 2,Cezar Ferreira vs. CB Dollaway,CB Dollaway,-221.0
2013-11-09,UFC Fight Night: Belfort vs Henderson 2,Cezar Ferreira vs. Daniel Sarafian,Cezar Ferreira,102.0
2013-11-09,UFC Fight Night: Belfort vs Henderson 2,Cezar Ferreira vs. Daniel Sarafian,Daniel Sarafian,-102.0
2015-02-22,UFC Fight Night: Bigfoot vs Mir,Cezar Ferreira vs. Sam Alvey,Cezar Ferreira,-102.0
2015-02-22,UFC Fight Night: Bigfoot vs Mir,Cezar Ferreira vs. Sam Alvey,Sam Alvey,102.0
2015-04-25,UFC 186: Johnson vs Horiguchi,Chad Laprise vs. Bryan Barberena,Chad Laprise,-100.0
2015-04-25,UFC 186: Johnson vs Horiguchi,Chad Laprise vs. Bryan Barberena,Bryan Barberena,-100.0
2014-10-04,UFC Fight Night: MacDonald vs Saffiedine,Chad Laprise vs. Yosdenis Cedeno,Chad Laprise,-100.0
2014-10-04,UFC Fight Night: MacDonald vs Saffiedine,Chad Laprise vs. Yosdenis Cedeno,Yosdenis Cedeno,-100.0
2013-08-31,UFC 164: Henderson vs Pettis 2,Chad Mendes vs. Clay Guida,Chad Mendes,-254.0
2013-08-31,UFC 164: Henderson vs Pettis 2,Chad Mendes vs. Clay Guida,Clay Guida,254.0
2013-04-20,UFC on FOX: Henderson vs Melendez,Chad Mendes vs. Darren Elkins,Chad Mendes,-254.0
2013-04-20,UFC on FOX: Henderson vs Melendez,Chad Mendes vs. Darren Elkins,Darren Elkins,254.0
2015-04-04,UFC Fight Night: Mendes vs Lamas,Chad Mendes vs. Ricardo Lamas,Chad Mendes,-197.0
2015-04-04,UFC Fight Night: Mendes vs Lamas,Chad Mendes vs. Ricardo Lamas,Ricardo Lamas,197.0
2014-02-15,UFC Fight Night: Machida vs Mousasi,Charles Oliveira vs. Andy Ogle,Charles Oliveira,102.0
2014-02-15,UFC Fight Night: Machida vs Mousasi,Charles Oliveira vs. Andy Ogle,Andy Ogle,-102.0
2015-01-18,UFC Fight Night: McGregor vs Siver,Charles Rosa vs. Sean Soriano,Charles Rosa,-100.0
2015-01-18,UFC Fight Night: McGregor vs Siver,Charles Rosa vs. Sean Soriano,Sean Soriano,-100.0
2015-02-14,UFC Fight Night: Henderson vs Thatch,Chas Skelly vs. Jim Alers,Chas Skelly,-104.0
2015-02-14,UFC Fight Night: Henderson vs Thatch,Chas Skelly vs. Jim Alers,Jim Alers,104.0
2014-08-23,UFC Fight Night: Henderson vs Dos Anjos,Chas Skelly vs. Tom Niinimaki,Chas Skelly,197.0
2014-08-23,UFC Fight Night: Henderson vs Dos Anjos,Chas Skelly vs. Tom Niinimaki,Tom Niinimaki,-197.0
2014-07-05,UFC 175: Weidman vs Machida,Chris Camozzi vs. Bruno Santos,Chris Camozzi,-100.0
2014-07-05,UFC 175: Weidman vs Machida,Chris Camozzi vs. Bruno Santos,Bruno Santos,-100.0
2013-11-06,UFC Fight Night: Fight for the Troops 3,Chris Camozzi vs. Lorenz Larkin,Chris Camozzi,104.0
2013-11-06,UFC Fight Night: Fight for the Troops 3,Chris Camozzi vs. Lorenz Larkin,Lorenz Larkin,-104.0
2015-03-14,UFC 185: Pettis vs Dos Anjos,Chris Cariaso vs. Henry Cejudo,Chris Cariaso,-100.0
2015-03-14,UFC 185: Pettis vs Dos Anjos,Chris Cariaso vs. Henry Cejudo,Henry Cejudo,-100.0
2012-12-29,UFC 155: Dos Santos vs Velasquez II,Chris Cariaso vs. John Moraga,Chris Cariaso,-147.0
2012-12-29,UFC 155: Dos Santos vs Velasquez II,Chris Cariaso vs. John Moraga,John Moraga,147.0
2014-05-10,UFC Fight Night: Brown vs Silva,Chris Cariaso vs. Louis Smolka,Chris Cariaso,-103.0
2014-05-10,UFC Fight Night: Brown vs Silva,Chris Cariaso vs. Louis Smolka,Louis Smolka,103.0
2013-09-21,UFC 165: Jones vs Gustafsson,Chris Clements vs. Stephen Thompson,Chris Clements,231.0
2013-09-21,UFC 165: Jones vs Gustafsson,Chris Clements vs. Stephen Thompson,Stephen Thompson,-231.0
2014-05-24,UFC 173: Barao vs Dillashaw,Chris Holdsworth vs. Chico Camus,Chris Holdsworth,197.0
2014-05-24,UFC 173: Barao vs Dillashaw,Chris Holdsworth vs. Chico Camus,Chico Camus,-197.0
2014-06-28,UFC Fight Night: Te Huna vs Marquardt,Chris Indich vs. Vik Grujic,Chris Indich,-119.0
2014-06-28,UFC Fight Night: Te Huna vs Marquardt,Chris Indich vs. Vik Grujic,Vik Grujic,119.0
2013-07-06,UFC 162: Silva vs Weidman,Chris Leben vs. Andrew Craig,Chris Leben,-104.0
2013-07-06,UFC 162: Silva vs Weidman,Chris Leben vs. Andrew Craig,Andrew Craig,104.0
2013-12-28,UFC 168: Weidman vs Silva 2,Chris Leben vs. Uriah Hall,Chris Leben,102.0
2013-12-28,UFC 168: Weidman vs Silva 2,Chris Leben vs. Uriah Hall,Uriah Hall,-102.0
2015-06-06,UFC Fight Night: Boetsch vs Henderson,Chris Wade vs. Christos Giagos,Chris Wade,-100.0
2015-06-06,UFC Fight Night: Boetsch vs Henderson,Chris Wade vs. Christos Giagos,Christos Giagos,-100.0
2014-07-26,UFC on FOX: Lawler vs Brown,Clay Guida vs. Dennis Bermudez,Clay Guida,119.0
2014-07-26,UFC on FOX: Lawler vs Brown,Clay Guida vs. Dennis Bermudez,Dennis Bermudez,-119.0
2013-01-26,UFC on FOX: Johnson vs Dodson,Clay Guida vs. Hatsu Hioki,Clay Guida,-119.0
2013-01-26,UFC on FOX: Johnson vs Dodson,Clay Guida vs. Hatsu Hioki,Hatsu Hioki,119.0
2015-04-04,UFC Fight Night: Mendes vs Lamas,Clay Guida vs. Robert Peralta,Clay Guida,-102.0
2015-04-04,UFC Fight Night: Mendes vs Lamas,Clay Guida vs. Robert Peralta,Robert Peralta,102.0
2014-04-11,UFC Fight Night: Minotauro vs Nelson,Clay Guida vs. Tatsuya Kawajiri,Clay Guida,-100.0
2014-04-11,UFC Fight Night: Minotauro vs Nelson,Clay Guida vs. Tatsuya Kawajiri,Tatsuya Kawajiri,-100.0
2014-06-28,UFC Fight Night: Swanson vs Stephens,Clint Hester vs. Antonio Braga Neto,Clint Hester,254.0
2014-06-28,UFC Fight Night: Swanson vs Stephens,Clint Hester vs. Antonio Braga Neto,Antonio Braga Neto,-254.0
2013-11-16,UFC 167: St-Pierre vs Hendricks,Cody Donovan vs. Gian Villante,Cody Donovan,-197.0
2013-11-16,UFC 167: St-Pierre vs Hendricks,Cody Donovan vs. Gian Villante,Gian Villante,197.0
2014-07-19,UFC Fight Night: McGregor vs Brandao,Cody Donovan vs. Nikita Krylov,Cody Donovan,102.0
2014-07-19,UFC Fight Night: McGregor vs Brandao,Cody Donovan vs. Nikita Krylov,Nikita Krylov,-102.0
2013-08-17,UFC Fight Night: Shogun vs Sonnen,Cody Donovan vs. Ovince Saint Preux,Cody Donovan,-197.0
2013-08-17,UFC Fight Night: Shogun vs Sonnen,Cody Donovan vs. Ovince Saint Preux,Ovince Saint Preux,197.0
2013-04-13,The Ultimate Fighter: Team Jones vs. Team Sonnen Finale,Cole Miller vs. Bart Palaszewski,Cole Miller,-102.0
2013-04-13,The Ultimate Fighter: Team Jones vs. Team Sonnen Finale,Cole Miller vs. Bart Palaszewski,Bart Palaszewski,102.0
2014-01-15,UFC Fight Night: Rockhold vs Philippou,Cole Miller vs. Sam Sicilia,Cole Miller,102.0
2014-01-15,UFC Fight Night: Rockhold vs Philippou,Cole Miller vs. Sam Sicilia,Sam Sicilia,-102.0
2013-11-06,UFC Fight Night: Fight for the Troops 3,Colton Smith vs. Michael Chiesa,Colton Smith,-100.0
2013-11-06,UFC Fight Night: Fight for the Troops 3,Colton Smith vs. Michael Chiesa,Michael Chiesa,-100.0
2013-05-25,UFC 160: Velasquez vs Silva 2,Colton Smith vs. Robert Whittaker,Colton Smith,-104.0
2013-05-25,UFC 160: Velasquez vs Silva 2,Colton Smith vs. Robert Whittaker,Robert Whittaker,104.0
2015-01-18,UFC Fight Night: McGregor vs Siver,Conor McGregor vs. Dennis Siver,Conor McGregor,-102.0
2015-01-18,UFC Fight Night: McGregor vs Siver,Conor McGregor vs. Dennis Siver,Dennis Siver,102.0
2014-07-19,UFC Fight Night: McGregor vs Brandao,Conor McGregor vs. Diego Brandao,Conor McGregor,-197.0
2014-07-19,UFC Fight Night: McGregor vs Brandao,Conor McGregor vs. Diego Brandao,Diego Brandao,197.0
2013-08-17,UFC Fight Night: Shogun vs Sonnen,Conor McGregor vs. Max Holloway,Conor McGregor,169.0
2013-08-17,UFC Fight Night: Shogun vs Sonnen,Conor McGregor vs. Max Holloway,Max Holloway,-169.0
2013-09-21,UFC 165: Jones vs Gustafsson,Constantinos Philippou vs. Francis Carmont,Constantinos Philippou,104.0
2013-09-21,UFC 165: Jones vs Gustafsson,Constantinos Philippou vs. Francis Carmont,Francis Carmont,-104.0
2014-05-10,UFC Fight Night: Brown vs Silva,Constantinos Philippou vs. Lorenz Larkin,Constantinos Philippou,102.0
2014-05-10,UFC Fight Night: Brown vs Silva,Constantinos Philippou vs. Lorenz Larkin,Lorenz Larkin,-102.0
2015-04-18,UFC on FOX: Machida vs Rockhold,Corey Anderson vs. Gian Villante,Corey Anderson,
2015-04-18,UFC on FOX: Machida vs Rockhold,Corey Anderson vs. Gian Villante,Gian Villante,
2013-02-23,UFC 157: Rousey vs Carmouche,Court McGee vs. Josh Neer,Court McGee,-102.0
2013-02-23,UFC 157: Rousey vs Carmouche,Court McGee vs. Josh Neer,Josh Neer,102.0
2013-08-28,UFC Fight Night: Condit vs Kampmann 2,Court McGee vs. Robert Whittaker,Court McGee,-100.0
2013-08-28,UFC Fight Night: Condit vs Kampmann 2,Court McGee vs. Robert Whittaker,Robert Whittaker,-100.0
2013-12-14,UFC on FOX: Johnson vs. Benavidez 2,Court McGee vs. Ryan LaFlare,Court McGee,102.0
2013-12-14,UFC on FOX: Johnson vs. Benavidez 2,Court McGee vs. Ryan LaFlare,Ryan LaFlare,-102.0
2014-02-15,UFC Fight Night: Machida vs Mousasi,Cristiano Marcello vs. Joe Proctor,Cristiano Marcello,-100.0
2014-02-15,UFC Fight Night: Machida vs Mousasi,Cristiano Marcello vs. Joe Proctor,Joe Proctor,-100.0
2013-07-06,UFC 162: Silva vs Weidman,Cub Swanson vs. Dennis Siver,Cub Swanson,102.0
2013-07-06,UFC 162: Silva vs Weidman,Cub Swanson vs. Dennis Siver,Dennis Siver,-102.0
2013-02-16,UFC on FUEL TV: Barao vs McDonald,Cub Swanson vs. Dustin Poirier,Cub Swanson,102.0
2013-02-16,UFC on FUEL TV: Barao vs McDonald,Cub Swanson vs. Dustin Poirier,Dustin Poirier,-102.0
2014-06-28,UFC Fight Night: Swanson vs Stephens,Cub Swanson vs. Jeremy Stephens,Cub Swanson,-102.0
2014-06-28,UFC Fight Night: Swanson vs Stephens,Cub Swanson vs. Jeremy Stephens,Jeremy Stephens,102.0
2015-04-18,UFC on FOX: Machida vs Rockhold,Cub Swanson vs. Max Holloway,Cub Swanson,102.0
2015-04-18,UFC on FOX: Machida vs Rockhold,Cub Swanson vs. Max Holloway,Max Holloway,-102.0
2014-03-08,UFC Fight Night: Gustafsson vs Manuwa,Cyrille Diabate vs. Ilir Latifi,Cyrille Diabate,-169.0
2014-03-08,UFC Fight Night: Gustafsson vs Manuwa,Cyrille Diabate vs. Ilir Latifi,Ilir Latifi,169.0
2015-01-24,UFC on FOX: Gustafsson vs Johnson,Dan Henderson vs. Gegard Mousasi,Dan Henderson,312.0
2015-01-24,UFC on FOX: Gustafsson vs Johnson,Dan Henderson vs. Gegard Mousasi,Gegard Mousasi,-312.0
2014-05-24,UFC 173: Barao vs Dillashaw,Daniel Cormier vs. Dan Henderson,Daniel Cormier,-254.0
2014-05-24,UFC 173: Barao vs Dillashaw,Daniel Cormier vs. Dan Henderson,Dan Henderson,254.0
2013-10-19,UFC 166: Velasquez vs Dos Santos 3,Daniel Cormier vs. Roy Nelson,Daniel Cormier,-254.0
2013-10-19,UFC 166: Velasquez vs Dos Santos 3,Daniel Cormier vs. Roy Nelson,Roy Nelson,254.0
2015-02-14,UFC Fight Night: Henderson vs Thatch,Daniel Kelly vs. Patrick Walsh,Daniel Kelly,197.0
2015-02-14,UFC Fight Night: Henderson vs Thatch,Daniel Kelly vs. Patrick Walsh,Patrick Walsh,-197.0
2015-05-09,UFC Fight Night: Miocic vs Hunt,Daniel Kelly vs. Sam Alvey,Daniel Kelly,-102.0
2015-05-09,UFC Fight Night: Miocic vs Hunt,Daniel Kelly vs. Sam Alvey,Sam Alvey,102.0
2015-04-11,UFC Fight Night: Gonzaga vs Cro Cop 2,Daniel Omielanczuk vs. Anthony Hamilton,Daniel Omielanczuk,254.0
2015-04-11,UFC Fight Night: Gonzaga vs Cro Cop 2,Daniel Omielanczuk vs. Anthony Hamilton,Anthony Hamilton,-254.0
2014-03-15,UFC 171: Hendricks vs Lawler,Daniel Pineda vs. Robert Whiteford,Daniel Pineda,-254.0
2014-03-15,UFC 171: Hendricks vs Lawler,Daniel Pineda vs. Robert Whiteford,Robert Whiteford,254.0
2014-06-14,UFC 174: Johnson vs Bagautinov,Daniel Sarafian vs. Kiichi Kunimoto,Daniel Sarafian,-197.0
2014-06-14,UFC 174: Johnson vs Bagautinov,Daniel Sarafian vs. Kiichi Kunimoto,Kiichi Kunimoto,197.0
2014-04-26,UFC 172: Jones vs Teixeira,Danny Castillo vs. Charlie Brenneman,Danny Castillo,-104.0
2014-04-26,UFC 172: Jones vs Teixeira,Danny Castillo vs. Charlie Brenneman,Charlie Brenneman,104.0
2013-12-14,UFC on FOX: Johnson vs. Benavidez 2,Danny Castillo vs. Edson Barboza,Danny Castillo,-102.0
2013-12-14,UFC on FOX: Johnson vs. Benavidez 2,Danny Castillo vs. Edson Barboza,Edson Barboza,102.0
2015-01-03,UFC 182: Jones vs Cormier,Danny Castillo vs. Paul Felder,Danny Castillo,-220.0
2015-01-03,UFC 182: Jones vs Cormier,Danny Castillo vs. Paul Felder,Paul Felder,220.0
2013-07-27,UFC on FOX: Johnson vs Moraga,Danny Castillo vs. Tim Means,Danny Castillo,-169.0
2013-07-27,UFC on FOX: Johnson vs Moraga,Danny Castillo vs. Tim Means,Tim Means,169.0
2014-10-04,UFC Fight Night: MacDonald vs Saffiedine,Daron Cruickshank vs. Anthony Njokuani,Daron Cruickshank,-100.0
2014-10-04,UFC Fight Night: MacDonald vs Saffiedine,Daron Cruickshank vs. Anthony Njokuani,Anthony Njokuani,-100.0
2015-03-14,UFC 185: Pettis vs Dos Anjos,Daron Cruickshank vs. Beneil Dariush,Daron Cruickshank,104.0
2015-03-14,UFC 185: Pettis vs Dos Anjos,Daron Cruickshank vs. Beneil Dariush,Beneil Dariush,-104.0
2014-07-26,UFC on FOX: Lawler vs Brown,Daron Cruickshank vs. Jorge Masvidal,Daron Cruickshank,197.0
2014-07-26,UFC on FOX: Lawler vs Brown,Daron Cruickshank vs. Jorge Masvidal,Jorge Masvidal,-197.0
2014-01-25,UFC on FOX: Henderson vs Thomson,Daron Cruickshank vs. Mike Rio,Daron Cruickshank,-100.0
2014-01-25,UFC on FOX: Henderson vs Thomson,Daron Cruickshank vs. Mike Rio,Mike Rio,-100.0
2014-12-20,UFC Fight Night: Machida vs Dollaway,Darren Elkins vs. Hacran Dias,Darren Elkins,-100.0
2014-12-20,UFC Fight Night: Machida vs Dollaway,Darren Elkins vs. Hacran Dias,Hacran Dias,-100.0
2013-08-28,UFC Fight Night: Condit vs Kampmann 2,Darren Elkins vs. Hatsu Hioki,Darren Elkins,-100.0
2013-08-28,UFC Fight Night: Condit vs Kampmann 2,Darren Elkins vs. Hatsu Hioki,Hatsu Hioki,-100.0
2014-01-25,UFC on FOX: Henderson vs Thomson,Darren Elkins vs. Jeremy Stephens,Darren Elkins,-102.0
2014-01-25,UFC on FOX: Henderson vs Thomson,Darren Elkins vs. Jeremy Stephens,Jeremy Stephens,102.0
2014-10-25,UFC 179: Aldo vs Mendes 2,Darren Elkins vs. Lucas Martins,Darren Elkins,-172.0
2014-10-25,UFC 179: Aldo vs Mendes 2,Darren Elkins vs. Lucas Martins,Lucas Martins,172.0
2014-12-13,UFC on FOX: Dos Santos vs Miocic,David Michaud vs. Garett Whiteley,David Michaud,-197.0
2014-12-13,UFC on FOX: Dos Santos vs Miocic,David Michaud vs. Garett Whiteley,Garett Whiteley,197.0
2014-06-14,UFC 174: Johnson vs Bagautinov,Demetrious Johnson vs. Ali Bagautinov,Demetrious Johnson,-197.0
2014-06-14,UFC 174: Johnson vs Bagautinov,Demetrious Johnson vs. Ali Bagautinov,Ali Bagautinov,197.0
2014-09-27,UFC 178: Johnson vs Cariaso,Demetrious Johnson vs. Chris Cariaso,Demetrious Johnson,-172.0
2014-09-27,UFC 178: Johnson vs Cariaso,Demetrious Johnson vs. Chris Cariaso,Chris Cariaso,172.0
2013-01-26,UFC on FOX: Johnson vs Dodson,Demetrious Johnson vs. John Dodson,Demetrious Johnson,-197.0
2013-01-26,UFC on FOX: Johnson vs Dodson,Demetrious Johnson vs. John Dodson,John Dodson,197.0
2013-07-27,UFC on FOX: Johnson vs Moraga,Demetrious Johnson vs. John Moraga,Demetrious Johnson,-197.0
2013-07-27,UFC on FOX: Johnson vs Moraga,Demetrious Johnson vs. John Moraga,John Moraga,197.0
2013-12-14,UFC on FOX: Johnson vs. Benavidez 2,Demetrious Johnson vs. Joseph Benavidez,Demetrious Johnson,-197.0
2013-12-14,UFC on FOX: Johnson vs. Benavidez 2,Demetrious Johnson vs. Joseph Benavidez,Joseph Benavidez,197.0
2015-04-25,UFC 186: Johnson vs Horiguchi,Demetrious Johnson vs. Kyoji Horiguchi,Demetrious Johnson,-172.0
2015-04-25,UFC 186: Johnson vs Horiguchi,Demetrious Johnson vs. Kyoji Horiguchi,Kyoji Horiguchi,172.0
2013-10-09,UFC Fight Night: Maia vs Shields,Demian Maia vs. Jake Shields,Demian Maia,-102.0
2013-10-09,UFC Fight Night: Maia vs Shields,Demian Maia vs. Jake Shields,Jake Shields,102.0
2015-03-21,UFC Fight Night: Maia vs LaFlare,Demian Maia vs. Ryan LaFlare,Demian Maia,102.0
2015-03-21,UFC Fight Night: Maia vs LaFlare,Demian Maia vs. Ryan LaFlare,Ryan LaFlare,-102.0
2014-03-15,UFC 171: Hendricks vs Lawler,Dennis Bermudez vs. Jimy Hettes,Dennis Bermudez,-102.0
2014-03-15,UFC 171: Hendricks vs Lawler,Dennis Bermudez vs. Jimy Hettes,Jimy Hettes,102.0
2013-02-23,UFC 157: Rousey vs Carmouche,Dennis Bermudez vs. Matt Grice,Dennis Bermudez,-102.0
2013-02-23,UFC 157: Rousey vs Carmouche,Dennis Bermudez vs. Matt Grice,Matt Grice,102.0
2013-05-25,UFC 160: Velasquez vs Silva 2,Dennis Bermudez vs. Max Holloway,Dennis Bermudez,-102.0
2013-05-25,UFC 160: Velasquez vs Silva 2,Dennis Bermudez vs. Max Holloway,Max Holloway,102.0
2013-11-06,UFC Fight Night: Fight for the Troops 3,Dennis Bermudez vs. Steven Siler,Dennis Bermudez,-147.0
2013-11-06,UFC Fight Night: Fight for the Troops 3,Dennis Bermudez vs. Steven Siler,Steven Siler,147.0
2015-02-28,UFC 184: Rousey vs Zingano,Derrick Lewis vs. Ruan Potts,Derrick Lewis,-332.0
2015-02-28,UFC 184: Rousey vs Zingano,Derrick Lewis vs. Ruan Potts,Ruan Potts,332.0
2015-02-28,UFC 184: Rousey vs Zingano,Dhiego Lima vs. Tim Means,Dhiego Lima,-145.0
2015-02-28,UFC 184: Rousey vs Zingano,Dhiego Lima vs. Tim Means,Tim Means,145.0
2013-08-17,UFC Fight Night: Shogun vs Sonnen,Diego Brandao vs. Daniel Pineda,Diego Brandao,-100.0
2013-08-17,UFC Fight Night: Shogun vs Sonnen,Diego Brandao vs. Daniel Pineda,Daniel Pineda,-100.0
2015-04-18,UFC on FOX: Machida vs Rockhold,Diego Brandao vs. Jimy Hettes,Diego Brandao,197.0
2015-04-18,UFC on FOX: Machida vs Rockhold,Diego Brandao vs. Jimy Hettes,Jimy Hettes,-197.0
2013-04-06,UFC on FUEL TV: Mousasi vs Latifi,Diego Brandao vs. Pablo Garza,Diego Brandao,-102.0
2013-04-06,UFC on FUEL TV: Mousasi vs Latifi,Diego Brandao vs. Pablo Garza,Pablo Garza,102.0
2014-10-25,UFC 179: Aldo vs Mendes 2,Diego Ferreira vs. Beneil Dariush,Diego Ferreira,-145.0
2014-10-25,UFC 179: Aldo vs Mendes 2,Diego Ferreira vs. Beneil Dariush,Beneil Dariush,145.0
2014-03-15,UFC 171: Hendricks vs Lawler,Diego Sanchez vs. Myles Jury,Diego Sanchez,147.0
2014-03-15,UFC 171: Hendricks vs Lawler,Diego Sanchez vs. Myles Jury,Myles Jury,-147.0
2014-06-07,UFC Fight Night: Henderson vs Khabilov,Diego Sanchez vs. Ross Pearson,Diego Sanchez,147.0
2014-06-07,UFC Fight Night: Henderson vs Khabilov,Diego Sanchez vs. Ross Pearson,Ross Pearson,-147.0
2014-09-27,UFC 178: Johnson vs Cariaso,Dominick Cruz vs. Takeya Mizugaki,Dominick Cruz,-102.0
2014-09-27,UFC 178: Johnson vs Cariaso,Dominick Cruz vs. Takeya Mizugaki,Takeya Mizugaki,102.0
2014-01-25,UFC on FOX: Henderson vs Thomson,Donald Cerrone vs. Adriano Martins,Donald Cerrone,102.0
2014-01-25,UFC on FOX: Henderson vs Thomson,Donald Cerrone vs. Adriano Martins,Adriano Martins,-102.0
2015-01-18,UFC Fight Night: McGregor vs Siver,Donald Cerrone vs. Benson Henderson,Donald Cerrone,197.0
2015-01-18,UFC Fight Night: McGregor vs Siver,Donald Cerrone vs. Benson Henderson,Benson Henderson,-197.0
2014-04-19,UFC on FOX: Werdum vs Browne,Donald Cerrone vs. Edson Barboza,Donald Cerrone,-145.0
2014-04-19,UFC on FOX: Werdum vs Browne,Donald Cerrone vs. Edson Barboza,Edson Barboza,145.0
2014-07-16,UFC Fight Night: Cowboy vs Miller,Donald Cerrone vs. Jim Miller,Donald Cerrone,-102.0
2014-07-16,UFC Fight Night: Cowboy vs Miller,Donald Cerrone vs. Jim Miller,Jim Miller,102.0
2015-05-23,UFC 187: Johnson vs Cormier,Donald Cerrone vs. John Makdessi,Donald Cerrone,197.0
2015-05-23,UFC 187: Johnson vs Cormier,Donald Cerrone vs. John Makdessi,John Makdessi,-197.0
2015-01-03,UFC 182: Jones vs Cormier,Donald Cerrone vs. Myles Jury,Donald Cerrone,172.0
2015-01-03,UFC 182: Jones vs Cormier,Donald Cerrone vs. Myles Jury,Myles Jury,-172.0
2013-08-28,UFC Fight Night: Condit vs Kampmann 2,Donald Cerrone vs. Rafael Dos Anjos,Donald Cerrone,197.0
2013-08-28,UFC Fight Night: Condit vs Kampmann 2,Donald Cerrone vs. Rafael Dos Anjos,Rafael Dos Anjos,-197.0
2014-03-01,UFC Fight Night: Kim vs Hathaway,Dong Hyun Kim vs. John Hathaway,Dong Hyun Kim,-100.0
2014-03-01,UFC Fight Night: Kim vs Hathaway,Dong Hyun Kim vs. John Hathaway,John Hathaway,-100.0
2015-05-23,UFC 187: Johnson vs Cormier,Dong Hyun Kim vs. Joshua Burkman,Dong Hyun Kim,-102.0
2015-05-23,UFC 187: Johnson vs Cormier,Dong Hyun Kim vs. Joshua Burkman,Joshua Burkman,102.0
2013-03-02,UFC on FUEL TV: Silva vs. Stann,Dong Hyun Kim vs. Siyar Bahadurzada,Dong Hyun Kim,102.0
2013-03-02,UFC on FUEL TV: Silva vs. Stann,Dong Hyun Kim vs. Siyar Bahadurzada,Siyar Bahadurzada,-102.0
2015-02-22,UFC Fight Night: Bigfoot vs Mir,Douglas Silva de Andrade vs. Cody Gibson,Douglas Silva de Andrade,169.0
2015-02-22,UFC Fight Night: Bigfoot vs Mir,Douglas Silva de Andrade vs. Cody Gibson,Cody Gibson,-169.0
2014-04-16,UFC Fight Night: Bisping vs Kennedy,Dustin Poirier vs. Akira Corassani,Dustin Poirier,-254.0
2014-04-16,UFC Fight Night: Bisping vs Kennedy,Dustin Poirier vs. Akira Corassani,Akira Corassani,254.0
2014-09-27,UFC 178: Johnson vs Cariaso,Dustin Poirier vs. Conor McGregor,Dustin Poirier,102.0
2014-09-27,UFC 178: Johnson vs Cariaso,Dustin Poirier vs. Conor McGregor,Conor McGregor,-102.0
2013-12-28,UFC 168: Weidman vs Silva 2,Dustin Poirier vs. Diego Brandao,Dustin Poirier,-104.0
2013-12-28,UFC 168: Weidman vs Silva 2,Dustin Poirier vs. Diego Brandao,Diego Brandao,104.0
2015-04-04,UFC Fight Night: Mendes vs Lamas,Dustin Poirier vs. Diego Ferreira,Dustin Poirier,-254.0
2015-04-04,UFC Fight Night: Mendes vs Lamas,Dustin Poirier vs. Diego Ferreira,Diego Ferreira,254.0
2012-12-15,The Ultimate Fighter: Team Carwin vs. Team Nelson Finale,Dustin Poirier vs. Jonathan Brookins,Dustin Poirier,-102.0
2012-12-15,The Ultimate Fighter: Team Carwin vs. Team Nelson Finale,Dustin Poirier vs. Jonathan Brookins,Jonathan Brookins,102.0
2015-06-06,UFC Fight Night: Boetsch vs Henderson,Dustin Poirier vs. Yancy Medeiros,Dustin Poirier,-172.0
2015-06-06,UFC Fight Night: Boetsch vs Henderson,Dustin Poirier vs. Yancy Medeiros,Yancy Medeiros,172.0
2015-05-09,UFC Fight Night: Miocic vs Hunt,Dylan Andrews vs. Brad Scott,Dylan Andrews,102.0
2015-05-09,UFC Fight Night: Miocic vs Hunt,Dylan Andrews vs. Brad Scott,Brad Scott,-102.0
2013-12-06,UFC Fight Night: Hunt vs Bigfoot,Dylan Andrews vs. Clint Hester,Dylan Andrews,104.0
2013-12-06,UFC Fight Night: Hunt vs Bigfoot,Dylan Andrews vs. Clint Hester,Clint Hester,-104.0
2013-08-28,UFC Fight Night: Condit vs Kampmann 2,Dylan Andrews vs. Papy Abedi,Dylan Andrews,102.0
2013-08-28,UFC Fight Night: Condit vs Kampmann 2,Dylan Andrews vs. Papy Abedi,Papy Abedi,-102.0
2014-11-07,UFC Fight Night: Rockhold vs Bisping,Dylan Andrews vs. Sam Alvey,Dylan Andrews,-102.0
2014-11-07,UFC Fight Night: Rockhold vs Bisping,Dylan Andrews vs. Sam Alvey,Sam Alvey,102.0
2015-01-31,UFC 183: Silva vs Diaz,Ed Herman vs. Derek Brunson,Ed Herman,-100.0
2015-01-31,UFC 183: Silva vs Diaz,Ed Herman vs. Derek Brunson,Derek Brunson,-100.0
2014-05-10,UFC Fight Night: Brown vs Silva,Ed Herman vs. Rafael Natal,Ed Herman,332.0
2014-05-10,UFC Fight Night: Brown vs Silva,Ed Herman vs. Rafael Natal,Rafael Natal,-332.0
2013-11-16,UFC 167: St-Pierre vs Hendricks,Ed Herman vs. Thales Leites,Ed Herman,-100.0
2013-11-16,UFC 167: St-Pierre vs Hendricks,Ed Herman vs. Thales Leites,Thales Leites,-100.0
2015-04-18,UFC on FOX: Machida vs Rockhold,Eddie Gordon vs. Chris Dempsey,Eddie Gordon,-197.0
2015-04-18,UFC on FOX: Machida vs Rockhold,Eddie Gordon vs. Chris Dempsey,Chris Dempsey,197.0
2014-12-06,UFC 181: Hendricks vs Lawler II,Eddie Gordon vs. Josh Samman,Eddie Gordon,-100.0
2014-12-06,UFC 181: Hendricks vs Lawler II,Eddie Gordon vs. Josh Samman,Josh Samman,-100.0
2014-05-10,UFC Fight Night: Brown vs Silva,Eddie Wineland vs. Johnny Eduardo,Eddie Wineland,-102.0
2014-05-10,UFC Fight Night: Brown vs Silva,Eddie Wineland vs. Johnny Eduardo,Johnny Eduardo,102.0
2014-01-25,UFC on FOX: Henderson vs Thomson,Eddie Wineland vs. Yves Jabouin,Eddie Wineland,104.0
2014-01-25,UFC on FOX: Henderson vs Thomson,Eddie Wineland vs. Yves Jabouin,Yves Jabouin,-104.0
2015-03-21,UFC Fight Night: Maia vs LaFlare,Edimilson Souza vs. Katsunori Kikuno,Edimilson Souza,102.0
2015-03-21,UFC Fight Night: Maia vs LaFlare,Edimilson Souza vs. Katsunori Kikuno,Katsunori Kikuno,-102.0
2014-05-31,UFC Fight Night: Miocic vs Maldonado,Edimilson Souza vs. Mark Eddiva,Edimilson Souza,254.0
2014-05-31,UFC Fight Night: Miocic vs Maldonado,Edimilson Souza vs. Mark Eddiva,Mark Eddiva,-254.0
2015-02-22,UFC Fight Night: Bigfoot vs Mir,Edson Barboza vs. Michael Johnson,Edson Barboza,102.0
2015-02-22,UFC Fight Night: Bigfoot vs Mir,Edson Barboza vs. Michael Johnson,Michael Johnson,-102.0
2013-07-06,UFC 162: Silva vs Weidman,Edson Barboza vs. Rafaello Oliveira,Edson Barboza,102.0
2013-07-06,UFC 162: Silva vs Weidman,Edson Barboza vs. Rafaello Oliveira,Rafaello Oliveira,-102.0
2013-02-02,UFC 156: Aldo vs Edgar,Edwin Figueroa vs. Francisco Rivera,Edwin Figueroa,102.0
2013-02-02,UFC 156: Aldo vs Edgar,Edwin Figueroa vs. Francisco Rivera,Francisco Rivera,-102.0
2015-06-13,UFC 188: Velasquez vs Werdum,Efrain Escudero vs. Drew Dober,Efrain Escudero,-104.0
2015-06-13,UFC 188: Velasquez vs Werdum,Efrain Escudero vs. Drew Dober,Drew Dober,104.0
2015-02-14,UFC Fight Night: Henderson vs Thatch,Efrain Escudero vs. Rodrigo de Lima,Efrain Escudero,-119.0
2015-02-14,UFC Fight Night: Henderson vs Thatch,Efrain Escudero vs. Rodrigo de Lima,Rodrigo de Lima,119.0
2014-05-31,UFC Fight Night: Miocic vs Maldonado,Elias Silverio vs. Ernest Chavez,Elias Silverio,-104.0
2014-05-31,UFC Fight Night: Miocic vs Maldonado,Elias Silverio vs. Ernest Chavez,Ernest Chavez,104.0
2014-12-20,UFC Fight Night: Machida vs Dollaway,Elias Silverio vs. Rashid Magomedov,Elias Silverio,-104.0
2014-12-20,UFC Fight Night: Machida vs Dollaway,Elias Silverio vs. Rashid Magomedov,Rashid Magomedov,104.0
2014-10-04,UFC Fight Night: MacDonald vs Saffiedine,Elias Theodorou vs. Bruno Santos,Elias Theodorou,-198.0
2014-10-04,UFC Fight Night: MacDonald vs Saffiedine,Elias Theodorou vs. Bruno Santos,Bruno Santos,198.0
2015-03-14,UFC 185: Pettis vs Dos Anjos,Elias Theodorou vs. Roger Narvaez,Elias Theodorou,-234.0
2015-03-14,UFC 185: Pettis vs Dos Anjos,Elias Theodorou vs. Roger Narvaez,Roger Narvaez,234.0
2013-10-09,UFC Fight Night: Maia vs Shields,Erick Silva vs. Dong Hyun Kim,Erick Silva,211.0
2013-10-09,UFC Fight Night: Maia vs Shields,Erick Silva vs. Dong Hyun Kim,Dong Hyun Kim,-211.0
2013-06-08,UFC on FUEL TV: Nogueira vs. Werdum,Erick Silva vs. Jason High,Erick Silva,-197.0
2013-06-08,UFC on FUEL TV: Nogueira vs. Werdum,Erick Silva vs. Jason High,Jason High,197.0
2015-03-21,UFC Fight Night: Maia vs LaFlare,Erick Silva vs. Josh Koscheck,Erick Silva,145.0
2015-03-21,UFC Fight Night: Maia vs LaFlare,Erick Silva vs. Josh Koscheck,Josh Koscheck,-145.0
2014-12-20,UFC Fight Night: Machida vs Dollaway,Erick Silva vs. Mike Rhodes,Erick Silva,102.0
2014-12-20,UFC Fight Night: Machida vs Dollaway,Erick Silva vs. Mike Rhodes,Mike Rhodes,-102.0
2014-05-10,UFC Fight Night: Brown vs Silva,Erik Koch vs. Daron Cruickshank,Erik Koch,-100.0
2014-05-10,UFC Fight Night: Brown vs Silva,Erik Koch vs. Daron Cruickshank,Daron Cruickshank,-100.0
2013-08-31,UFC 164: Henderson vs Pettis 2,Erik Koch vs. Dustin Poirier,Erik Koch,169.0
2013-08-31,UFC 164: Henderson vs Pettis 2,Erik Koch vs. Dustin Poirier,Dustin Poirier,-169.0
2013-01-26,UFC on FOX: Johnson vs Dodson,Erik Koch vs. Ricardo Lamas,Erik Koch,-100.0
2013-01-26,UFC on FOX: Johnson vs Dodson,Erik Koch vs. Ricardo Lamas,Ricardo Lamas,-100.0
2014-06-07,UFC Fight Night: Henderson vs Khabilov,Erik Perez vs. Bryan Caraway,Erik Perez,-254.0
2014-06-07,UFC Fight Night: Henderson vs Khabilov,Erik Perez vs. Bryan Caraway,Bryan Caraway,254.0
2012-12-29,UFC 155: Dos Santos vs Velasquez II,Erik Perez vs. Byron Bloodworth,Erik Perez,-254.0
2012-12-29,UFC 155: Dos Santos vs Velasquez II,Erik Perez vs. Byron Bloodworth,Byron Bloodworth,254.0
2013-11-16,UFC 167: St-Pierre vs Hendricks,Erik Perez vs. Edwin Figueroa,Erik Perez,-221.0
2013-11-16,UFC 167: St-Pierre vs Hendricks,Erik Perez vs. Edwin Figueroa,Edwin Figueroa,221.0
2014-03-23,UFC Fight Night: Shogun vs Henderson 2,Fabio Maldonado vs. Gian Villante,Fabio Maldonado,-145.0
2014-03-23,UFC Fight Night: Shogun vs Henderson 2,Fabio Maldonado vs. Gian Villante,Gian Villante,145.0
2014-10-25,UFC 179: Aldo vs Mendes 2,Fabio Maldonado vs. Hans Stringer,Fabio Maldonado,-100.0
2014-10-25,UFC 179: Aldo vs Mendes 2,Fabio Maldonado vs. Hans Stringer,Hans Stringer,-100.0
2013-10-09,UFC Fight Night: Maia vs Shields,Fabio Maldonado vs. Joey Beltran,Fabio Maldonado,-102.0
2013-10-09,UFC Fight Night: Maia vs Shields,Fabio Maldonado vs. Joey Beltran,Joey Beltran,102.0
2013-05-18,UFC on FX: Belfort vs. Rockhold,Fabio Maldonado vs. Roger Hollett,Fabio Maldonado,-197.0
2013-05-18,UFC on FX: Belfort vs. Rockhold,Fabio Maldonado vs. Roger Hollett,Roger Hollett,197.0
2014-10-25,UFC 179: Aldo vs Mendes 2,Fabricio Camoes vs. Anthony Rocco Martin,Fabricio Camoes,102.0
2014-10-25,UFC 179: Aldo vs Mendes 2,Fabricio Camoes vs. Anthony Rocco Martin,Anthony Rocco Martin,-102.0
2014-11-15,UFC 180: Werdum vs Hunt,Fabricio Werdum vs. Mark Hunt,Fabricio Werdum,102.0
2014-11-15,UFC 180: Werdum vs Hunt,Fabricio Werdum vs. Mark Hunt,Mark Hunt,-102.0
2014-04-19,UFC on FOX: Werdum vs Browne,Fabricio Werdum vs. Travis Browne,Fabricio Werdum,-102.0
2014-04-19,UFC on FOX: Werdum vs Browne,Fabricio Werdum vs. Travis Browne,Travis Browne,102.0
2014-10-25,UFC 179: Aldo vs Mendes 2,Felipe Arantes vs. Andre Fili,Felipe Arantes,102.0
2014-10-25,UFC 179: Aldo vs Mendes 2,Felipe Arantes vs. Andre Fili,Andre Fili,-102.0
2014-02-15,UFC Fight Night: Machida vs Mousasi,Felipe Arantes vs. Maximo Blanco,Felipe Arantes,102.0
2014-02-15,UFC Fight Night: Machida vs Mousasi,Felipe Arantes vs. Maximo Blanco,Maximo Blanco,-102.0
2015-05-30,UFC Fight Night: Condit vs Alves,Francimar Barroso vs. Ryan Jimmo,Francimar Barroso,-100.0
2015-05-30,UFC Fight Night: Condit vs Alves,Francimar Barroso vs. Ryan Jimmo,Ryan Jimmo,-100.0
2014-05-31,UFC Fight Night: Munoz vs Mousasi,Francis Carmont vs. CB Dollaway,Francis Carmont,102.0
2014-05-31,UFC Fight Night: Munoz vs Mousasi,Francis Carmont vs. CB Dollaway,CB Dollaway,-102.0
2014-08-23,UFC Fight Night: Henderson vs Dos Anjos,Francis Carmont vs. Thales Leites,Francis Carmont,-197.0
2014-08-23,UFC Fight Night: Henderson vs Dos Anjos,Francis Carmont vs. Thales Leites,Thales Leites,197.0
2015-06-06,UFC Fight Night: Boetsch vs Henderson,Francisco Rivera vs. Alex Caceres,Francisco Rivera,102.0
2015-06-06,UFC Fight Night: Boetsch vs Henderson,Francisco Rivera vs. Alex Caceres,Alex Caceres,-102.0
2015-03-21,UFC Fight Night: Maia vs LaFlare,Francisco Trinaldo vs. Akbarh Arreola,Francisco Trinaldo,-100.0
2015-03-21,UFC Fight Night: Maia vs LaFlare,Francisco Trinaldo vs. Akbarh Arreola,Akbarh Arreola,-100.0
2013-01-19,UFC on FX: Belfort vs Bisping,Francisco Trinaldo vs. CJ Keith,Francisco Trinaldo,169.0
2013-01-19,UFC on FX: Belfort vs Bisping,Francisco Trinaldo vs. CJ Keith,CJ Keith,-169.0
2014-02-15,UFC Fight Night: Machida vs Mousasi,Francisco Trinaldo vs. Jesse Ronson,Francisco Trinaldo,119.0
2014-02-15,UFC Fight Night: Machida vs Mousasi,Francisco Trinaldo vs. Jesse Ronson,Jesse Ronson,-119.0
2014-09-13,UFC Fight Night: Bigfoot vs Arlovski,Francisco Trinaldo vs. Leandro Silva,Francisco Trinaldo,102.0
2014-09-13,UFC Fight Night: Bigfoot vs Arlovski,Francisco Trinaldo vs. Leandro Silva,Leandro Silva,-102.0
2013-05-18,UFC on FX: Belfort vs. Rockhold,Francisco Trinaldo vs. Mike Rio,Francisco Trinaldo,-100.0
2013-05-18,UFC on FX: Belfort vs. Rockhold,Francisco Trinaldo vs. Mike Rio,Mike Rio,-100.0
2015-05-30,UFC Fight Night: Condit vs Alves,Francisco Trinaldo vs. Norman Parke,Francisco Trinaldo,169.0
2015-05-30,UFC Fight Night: Condit vs Alves,Francisco Trinaldo vs. Norman Parke,Norman Parke,-169.0
2014-02-01,UFC 169: Barao vs Faber 2,Frank Mir vs. Alistair Overeem,Frank Mir,107.0
2014-02-01,UFC 169: Barao vs Faber 2,Frank Mir vs. Alistair Overeem,Alistair Overeem,-107.0
2013-08-31,UFC 164: Henderson vs Pettis 2,Frank Mir vs. Josh Barnett,Frank Mir,104.0
2013-08-31,UFC 164: Henderson vs Pettis 2,Frank Mir vs. Josh Barnett,Josh Barnett,-104.0
2014-07-06,The Ultimate Fighter: Team Edgar vs. Team Penn Finale,Frankie Edgar vs. BJ Penn,Frankie Edgar,-169.0
2014-07-06,The Ultimate Fighter: Team Edgar vs. Team Penn Finale,Frankie Edgar vs. BJ Penn,BJ Penn,169.0
2013-07-06,UFC 162: Silva vs Weidman,Frankie Edgar vs. Charles Oliveira,Frankie Edgar,-169.0
2013-07-06,UFC 162: Silva vs Weidman,Frankie Edgar vs. Charles Oliveira,Charles Oliveira,169.0
2014-11-22,UFC Fight Night: Edgar vs Swanson,Frankie Edgar vs. Cub Swanson,Frankie Edgar,-145.0
2014-11-22,UFC Fight Night: Edgar vs Swanson,Frankie Edgar vs. Cub Swanson,Cub Swanson,145.0
2015-05-16,UFC Fight Night: Edgar vs Faber,Frankie Edgar vs. Urijah Faber,Frankie Edgar,-172.0
2015-05-16,UFC Fight Night: Edgar vs Faber,Frankie Edgar vs. Urijah Faber,Urijah Faber,172.0
2013-01-19,UFC on FX: Belfort vs Bisping,Gabriel Gonzaga vs. Ben Rothwell,Gabriel Gonzaga,-254.0
2013-01-19,UFC on FX: Belfort vs Bisping,Gabriel Gonzaga vs. Ben Rothwell,Ben Rothwell,254.0
2013-07-06,UFC 162: Silva vs Weidman,Gabriel Gonzaga vs. Dave Herman,Gabriel Gonzaga,102.0
2013-07-06,UFC 162: Silva vs Weidman,Gabriel Gonzaga vs. Dave Herman,Dave Herman,-102.0
2014-12-13,UFC on FOX: Dos Santos vs Miocic,Gabriel Gonzaga vs. Matt Mitrione,Gabriel Gonzaga,-172.0
2014-12-13,UFC on FOX: Dos Santos vs Miocic,Gabriel Gonzaga vs. Matt Mitrione,Matt Mitrione,172.0
2015-04-11,UFC Fight Night: Gonzaga vs Cro Cop 2,Gabriel Gonzaga vs. Mirko Filipovic,Gabriel Gonzaga,-197.0
2015-04-11,UFC Fight Night: Gonzaga vs Cro Cop 2,Gabriel Gonzaga vs. Mirko Filipovic,Mirko Filipovic,197.0
2013-10-19,UFC 166: Velasquez vs Dos Santos 3,Gabriel Gonzaga vs. Shawn Jordan,Gabriel Gonzaga,-102.0
2013-10-19,UFC 166: Velasquez vs Dos Santos 3,Gabriel Gonzaga vs. Shawn Jordan,Shawn Jordan,102.0
2015-05-16,UFC Fight Night: Edgar vs Faber,Gegard Mousasi vs. Constantinos Philippou,Gegard Mousasi,-197.0
2015-05-16,UFC Fight Night: Edgar vs Faber,Gegard Mousasi vs. Constantinos Philippou,Constantinos Philippou,197.0
2014-04-16,UFC Fight Night: Bisping vs Kennedy,George Roop vs. Dustin Kimura,George Roop,-104.0
2014-04-16,UFC Fight Night: Bisping vs Kennedy,George Roop vs. Dustin Kimura,Dustin Kimura,104.0
2013-11-06,UFC Fight Night: Fight for the Troops 3,George Roop vs. Francisco Rivera,George Roop,-100.0
2013-11-06,UFC Fight Night: Fight for the Troops 3,George Roop vs. Francisco Rivera,Francisco Rivera,-100.0
2013-03-16,UFC 158: St-Pierre vs Diaz,George Roop vs. Reuben Duran,George Roop,-100.0
2013-03-16,UFC 158: St-Pierre vs Diaz,George Roop vs. Reuben Duran,Reuben Duran,-100.0
2013-10-19,UFC 166: Velasquez vs Dos Santos 3,George Sotiropoulos vs. KJ Noons,George Sotiropoulos,-254.0
2013-10-19,UFC 166: Velasquez vs Dos Santos 3,George Sotiropoulos vs. KJ Noons,KJ Noons,254.0
2015-04-18,UFC on FOX: Machida vs Rockhold,George Sullivan vs. Tim Means,George Sullivan,145.0
2015-04-18,UFC on FOX: Machida vs Rockhold,George Sullivan vs. Tim Means,Tim Means,-145.0
2013-11-16,UFC 167: St-Pierre vs Hendricks,Georges St-Pierre vs. Johny Hendricks,Georges St-Pierre,-218.0
2013-11-16,UFC 167: St-Pierre vs Hendricks,Georges St-Pierre vs. Johny Hendricks,Johny Hendricks,218.0
2013-03-16,UFC 158: St-Pierre vs Diaz,Georges St-Pierre vs. Nick Diaz,Georges St-Pierre,-325.0
2013-03-16,UFC 158: St-Pierre vs Diaz,Georges St-Pierre vs. Nick Diaz,Nick Diaz,325.0
2014-06-28,UFC Fight Night: Te Huna vs Marquardt,Gian Villante vs. Sean O'Connell,Gian Villante,-102.0
2014-06-28,UFC Fight Night: Te Huna vs Marquardt,Gian Villante vs. Sean O'Connell,Sean O'Connell,102.0
2013-10-19,UFC 166: Velasquez vs Dos Santos 3,Gilbert Melendez vs. Diego Sanchez,Gilbert Melendez,104.0
2013-10-19,UFC 166: Velasquez vs Dos Santos 3,Gilbert Melendez vs. Diego Sanchez,Diego Sanchez,-104.0
2013-05-18,UFC on FX: Belfort vs. Rockhold,Gleison Tibau vs. John Cholish,Gleison Tibau,-102.0
2013-05-18,UFC on FX: Belfort vs. Rockhold,Gleison Tibau vs. John Cholish,John Cholish,102.0
2013-12-28,UFC 168: Weidman vs Silva 2,Gleison Tibau vs. Michael Johnson,Gleison Tibau,-102.0
2013-12-28,UFC 168: Weidman vs Silva 2,Gleison Tibau vs. Michael Johnson,Michael Johnson,102.0
2014-07-16,UFC Fight Night: Cowboy vs Miller,Gleison Tibau vs. Pat Healy,Gleison Tibau,-197.0
2014-07-16,UFC Fight Night: Cowboy vs Miller,Gleison Tibau vs. Pat Healy,Pat Healy,197.0
2014-09-13,UFC Fight Night: Bigfoot vs Arlovski,Gleison Tibau vs. Piotr Hallmann,Gleison Tibau,102.0
2014-09-13,UFC Fight Night: Bigfoot vs Arlovski,Gleison Tibau vs. Piotr Hallmann,Piotr Hallmann,-102.0
2013-05-25,UFC 160: Velasquez vs Silva 2,Glover Teixeira vs. James Te Huna,Glover Teixeira,102.0
2013-05-25,UFC 160: Velasquez vs Silva 2,Glover Teixeira vs. James Te Huna,James Te Huna,-102.0
2014-10-25,UFC 179: Aldo vs Mendes 2,Glover Teixeira vs. Phil Davis,Glover Teixeira,102.0
2014-10-25,UFC 179: Aldo vs Mendes 2,Glover Teixeira vs. Phil Davis,Phil Davis,-102.0
2013-09-04,UFC Fight Night: Teixeira vs Bader,Glover Teixeira vs. Ryan Bader,Glover Teixeira,-100.0
2013-09-04,UFC Fight Night: Teixeira vs Bader,Glover Teixeira vs. Ryan Bader,Ryan Bader,-100.0
2015-03-21,UFC Fight Night: Maia vs LaFlare,Godofredo Pepey vs. Andre Fili,Godofredo Pepey,254.0
2015-03-21,UFC Fight Night: Maia vs LaFlare,Godofredo Pepey vs. Andre Fili,Andre Fili,-254.0
2014-09-13,UFC Fight Night: Bigfoot vs Arlovski,Godofredo Pepey vs. Dashon Johnson,Godofredo Pepey,102.0
2014-09-13,UFC Fight Night: Bigfoot vs Arlovski,Godofredo Pepey vs. Dashon Johnson,Dashon Johnson,-102.0
2013-06-08,UFC on FUEL TV: Nogueira vs. Werdum,Godofredo Pepey vs. Felipe Arantes,Godofredo Pepey,197.0
2013-06-08,UFC on FUEL TV: Nogueira vs. Werdum,Godofredo Pepey vs. Felipe Arantes,Felipe Arantes,-197.0
2013-01-19,UFC on FX: Belfort vs Bisping,Godofredo Pepey vs. Milton Vieira,Godofredo Pepey,-119.0
2013-01-19,UFC on FX: Belfort vs Bisping,Godofredo Pepey vs. Milton Vieira,Milton Vieira,119.0
2013-11-09,UFC Fight Night: Belfort vs Henderson 2,Godofredo Pepey vs. Sam Sicilia,Godofredo Pepey,-100.0
2013-11-09,UFC Fight Night: Belfort vs Henderson 2,Godofredo Pepey vs. Sam Sicilia,Sam Sicilia,-100.0
2015-04-04,UFC Fight Night: Mendes vs Lamas,Gray Maynard vs. Alexander Yakovlev,Gray Maynard,-102.0
2015-04-04,UFC Fight Night: Mendes vs Lamas,Gray Maynard vs. Alexander Yakovlev,Alexander Yakovlev,102.0
2013-11-30,The Ultimate Fighter: Team Rousey vs. Team Tate Finale,Gray Maynard vs. Nate Diaz,Gray Maynard,-102.0
2013-11-30,The Ultimate Fighter: Team Rousey vs. Team Tate Finale,Gray Maynard vs. Nate Diaz,Nate Diaz,102.0
2014-08-16,UFC Fight Night: Bader vs Saint Preux,Gray Maynard vs. Ross Pearson,Gray Maynard,102.0
2014-08-16,UFC Fight Night: Bader vs Saint Preux,Gray Maynard vs. Ross Pearson,Ross Pearson,-102.0
2013-05-25,UFC 160: Velasquez vs Silva 2,Gray Maynard vs. TJ Grant,Gray Maynard,-102.0
2013-05-25,UFC 160: Velasquez vs Silva 2,Gray Maynard vs. TJ Grant,TJ Grant,102.0
2015-05-16,UFC Fight Night: Edgar vs Faber,Guangyou Ning vs. Royston Wee,Guangyou Ning,-100.0
2015-05-16,UFC Fight Night: Edgar vs Faber,Guangyou Ning vs. Royston Wee,Royston Wee,-100.0
2013-02-16,UFC on FUEL TV: Barao vs McDonald,Gunnar Nelson vs. Jorge Santiago,Gunnar Nelson,-332.0
2013-02-16,UFC on FUEL TV: Barao vs McDonald,Gunnar Nelson vs. Jorge Santiago,Jorge Santiago,332.0
2014-03-08,UFC Fight Night: Gustafsson vs Manuwa,Gunnar Nelson vs. Omari Akhmedov,Gunnar Nelson,-102.0
2014-03-08,UFC Fight Night: Gustafsson vs Manuwa,Gunnar Nelson vs. Omari Akhmedov,Omari Akhmedov,102.0
2014-10-04,UFC Fight Night: Nelson vs Story,Gunnar Nelson vs. Rick Story,Gunnar Nelson,134.0
2014-10-04,UFC Fight Night: Nelson vs Story,Gunnar Nelson vs. Rick Story,Rick Story,-134.0
2014-07-19,UFC Fight Night: McGregor vs Brandao,Gunnar Nelson vs. Zak Cummings,Gunnar Nelson,-153.0
2014-07-19,UFC Fight Night: McGregor vs Brandao,Gunnar Nelson vs. Zak Cummings,Zak Cummings,153.0
2014-06-28,UFC Fight Night: Te Huna vs Marquardt,Hatsu Hioki vs. Charles Oliveira,Hatsu Hioki,102.0
2014-06-28,UFC Fight Night: Te Huna vs Marquardt,Hatsu Hioki vs. Charles Oliveira,Charles Oliveira,-102.0
2015-05-09,UFC Fight Night: Miocic vs Hunt,Hatsu Hioki vs. Dan Hooker,Hatsu Hioki,-145.0
2015-05-09,UFC Fight Night: Miocic vs Hunt,Hatsu Hioki vs. Dan Hooker,Dan Hooker,145.0
2014-03-01,UFC Fight Night: Kim vs Hathaway,Hatsu Hioki vs. Ivan Menjivar,Hatsu Hioki,-147.0
2014-03-01,UFC Fight Night: Kim vs Hathaway,Hatsu Hioki vs. Ivan Menjivar,Ivan Menjivar,147.0
2014-07-26,UFC on FOX: Lawler vs Brown,Hernani Perpetuo vs. Tim Means,Hernani Perpetuo,254.0
2014-07-26,UFC on FOX: Lawler vs Brown,Hernani Perpetuo vs. Tim Means,Tim Means,-254.0
2015-05-16,UFC Fight Night: Edgar vs Faber,Hyun Gyu Lim vs. Neil Magny,Hyun Gyu Lim,197.0
2015-05-16,UFC Fight Night: Edgar vs Faber,Hyun Gyu Lim vs. Neil Magny,Neil Magny,-197.0
2014-09-20,UFC Fight Night: Hunt vs Nelson,Hyun Gyu Lim vs. Takenori Sato,Hyun Gyu Lim,-326.0
2014-09-20,UFC Fight Night: Hunt vs Nelson,Hyun Gyu Lim vs. Takenori Sato,Takenori Sato,326.0
2013-08-03,UFC 163: Aldo vs Jung,Ian McCall vs. Iliarde Santos,Ian McCall,-197.0
2013-08-03,UFC 163: Aldo vs Jung,Ian McCall vs. Iliarde Santos,Iliarde Santos,197.0
2015-01-31,UFC 183: Silva vs Diaz,Ian McCall vs. John Lineker,Ian McCall,197.0
2015-01-31,UFC 183: Silva vs Diaz,Ian McCall vs. John Lineker,John Lineker,-197.0
2014-09-13,UFC Fight Night: Bigfoot vs Arlovski,Igor Araujo vs. George Sullivan,Igor Araujo,104.0
2014-09-13,UFC Fight Night: Bigfoot vs Arlovski,Igor Araujo vs. George Sullivan,George Sullivan,-104.0
2013-10-09,UFC Fight Night: Maia vs Shields,Iliarde Santos vs. Chris Cariaso,Iliarde Santos,254.0
2013-10-09,UFC Fight Night: Maia vs Shields,Iliarde Santos vs. Chris Cariaso,Chris Cariaso,-254.0
2014-01-15,UFC Fight Night: Rockhold vs Philippou,Isaac Vallie-Flagg vs. Elias Silverio,Isaac Vallie-Flagg,254.0
2014-01-15,UFC Fight Night: Rockhold vs Philippou,Isaac Vallie-Flagg vs. Elias Silverio,Elias Silverio,-254.0
2015-02-22,UFC Fight Night: Bigfoot vs Mir,Iuri Alcantara vs. Frankie Saenz,Iuri Alcantara,104.0
2015-02-22,UFC Fight Night: Bigfoot vs Mir,Iuri Alcantara vs. Frankie Saenz,Frankie Saenz,-104.0
2014-09-13,UFC Fight Night: Bigfoot vs Arlovski,Iuri Alcantara vs. Russell Doane,Iuri Alcantara,102.0
2014-09-13,UFC Fight Night: Bigfoot vs Arlovski,Iuri Alcantara vs. Russell Doane,Russell Doane,-102.0
2014-02-15,UFC Fight Night: Machida vs Mousasi,Iuri Alcantara vs. Wilson Reis,Iuri Alcantara,104.0
2014-02-15,UFC Fight Night: Machida vs Mousasi,Iuri Alcantara vs. Wilson Reis,Wilson Reis,-104.0
2015-02-22,UFC Fight Night: Bigfoot vs Mir,Ivan Jorge vs. Josh Shockley,Ivan Jorge,104.0
2015-02-22,UFC Fight Night: Bigfoot vs Mir,Ivan Jorge vs. Josh Shockley,Josh Shockley,-104.0
2015-04-18,UFC on FOX: Machida vs Rockhold,Jacare Souza vs. Chris Camozzi,Jacare Souza,102.0
2015-04-18,UFC on FOX: Machida vs Rockhold,Jacare Souza vs. Chris Camozzi,Chris Camozzi,-102.0
2014-02-15,UFC Fight Night: Machida vs Mousasi,Jacare Souza vs. Francis Carmont,Jacare Souza,-104.0
2014-02-15,UFC Fight Night: Machida vs Mousasi,Jacare Souza vs. Francis Carmont,Francis Carmont,104.0
2014-09-05,UFC Fight Night: Jacare vs Mousasi,Jacare Souza vs. Gegard Mousasi,Jacare Souza,102.0
2014-09-05,UFC Fight Night: Jacare vs Mousasi,Jacare Souza vs. Gegard Mousasi,Gegard Mousasi,-102.0
2015-02-28,UFC 184: Rousey vs Zingano,Jake Ellenberger vs. Josh Koscheck,Jake Ellenberger,-102.0
2015-02-28,UFC 184: Rousey vs Zingano,Jake Ellenberger vs. Josh Koscheck,Josh Koscheck,102.0
2014-11-15,UFC 180: Werdum vs Hunt,Jake Ellenberger vs. Kelvin Gastelum,Jake Ellenberger,-100.0
2014-11-15,UFC 180: Werdum vs Hunt,Jake Ellenberger vs. Kelvin Gastelum,Kelvin Gastelum,-100.0
2013-03-16,UFC 158: St-Pierre vs Diaz,Jake Ellenberger vs. Nate Marquardt,Jake Ellenberger,-169.0
2013-03-16,UFC 158: St-Pierre vs Diaz,Jake Ellenberger vs. Nate Marquardt,Nate Marquardt,169.0
2015-05-09,UFC Fight Night: Miocic vs Hunt,Jake Matthews vs. James Vick,Jake Matthews,-254.0
2015-05-09,UFC Fight Night: Miocic vs Hunt,Jake Matthews vs. James Vick,James Vick,254.0
2014-11-07,UFC Fight Night: Rockhold vs Bisping,Jake Matthews vs. Vagner Rocha,Jake Matthews,-254.0
2014-11-07,UFC Fight Night: Rockhold vs Bisping,Jake Matthews vs. Vagner Rocha,Vagner Rocha,254.0
2014-03-15,UFC 171: Hendricks vs Lawler,Jake Shields vs. Hector Lombard,Jake Shields,104.0
2014-03-15,UFC 171: Hendricks vs Lawler,Jake Shields vs. Hector Lombard,Hector Lombard,-104.0
2013-06-15,UFC 161: Evans vs Henderson,Jake Shields vs. Tyron Woodley,Jake Shields,254.0
2013-06-15,UFC 161: Evans vs Henderson,Jake Shields vs. Tyron Woodley,Tyron Woodley,-254.0
2013-08-28,UFC Fight Night: Condit vs Kampmann 2,James Head vs. Jason High,James Head,-119.0
2013-08-28,UFC Fight Night: Condit vs Kampmann 2,James Head vs. Jason High,Jason High,119.0
2015-02-28,UFC 184: Rousey vs Zingano,James Krause vs. Valmir Lazaro,James Krause,-100.0
2015-02-28,UFC 184: Rousey vs Zingano,James Krause vs. Valmir Lazaro,Valmir Lazaro,-100.0
2014-06-28,UFC Fight Night: Te Huna vs Marquardt,James Te Huna vs. Nate Marquardt,James Te Huna,-100.0
2014-06-28,UFC Fight Night: Te Huna vs Marquardt,James Te Huna vs. Nate Marquardt,Nate Marquardt,-100.0
2013-02-16,UFC on FUEL TV: Barao vs McDonald,James Te Huna vs. Ryan Jimmo,James Te Huna,146.0
2013-02-16,UFC on FUEL TV: Barao vs McDonald,James Te Huna vs. Ryan Jimmo,Ryan Jimmo,-146.0
2014-11-22,UFC Fight Night: Edgar vs Swanson,James Vick vs. Nick Hein,James Vick,197.0
2014-11-22,UFC Fight Night: Edgar vs Swanson,James Vick vs. Nick Hein,Nick Hein,-197.0
2014-02-01,UFC 169: Barao vs Faber 2,Jamie Varner vs. Abel Trujillo,Jamie Varner,-104.0
2014-02-01,UFC 169: Barao vs Faber 2,Jamie Varner vs. Abel Trujillo,Abel Trujillo,104.0
2014-12-13,UFC on FOX: Dos Santos vs Miocic,Jamie Varner vs. Drew Dober,Jamie Varner,-254.0
2014-12-13,UFC on FOX: Dos Santos vs Miocic,Jamie Varner vs. Drew Dober,Drew Dober,254.0
2013-08-31,UFC 164: Henderson vs Pettis 2,Jamie Varner vs. Gleison Tibau,Jamie Varner,-102.0
2013-08-31,UFC 164: Henderson vs Pettis 2,Jamie Varner vs. Gleison Tibau,Gleison Tibau,102.0
2014-05-24,UFC 173: Barao vs Dillashaw,Jamie Varner vs. James Krause,Jamie Varner,-172.0
2014-05-24,UFC 173: Barao vs Dillashaw,Jamie Varner vs. James Krause,James Krause,172.0
2013-08-31,UFC 164: Henderson vs Pettis 2,Jared Hamman vs. Magnus Cedenblad,Jared Hamman,-254.0
2013-08-31,UFC 164: Henderson vs Pettis 2,Jared Hamman vs. Magnus Cedenblad,Magnus Cedenblad,254.0
2012-12-15,The Ultimate Fighter: Team Carwin vs. Team Nelson Finale,Jared Papazian vs. Tim Elliott,Jared Papazian,102.0
2012-12-15,The Ultimate Fighter: Team Carwin vs. Team Nelson Finale,Jared Papazian vs. Tim Elliott,Tim Elliott,-102.0
2014-11-22,UFC Fight Night: Edgar vs Swanson,Jared Rosholt vs. Aleksei Oleinik,Jared Rosholt,-104.0
2014-11-22,UFC Fight Night: Edgar vs Swanson,Jared Rosholt vs. Aleksei Oleinik,Aleksei Oleinik,104.0
2014-04-11,UFC Fight Night: Minotauro vs Nelson,Jared Rosholt vs. Daniel Omielanczuk,Jared Rosholt,-169.0
2014-04-11,UFC Fight Night: Minotauro vs Nelson,Jared Rosholt vs. Daniel Omielanczuk,Daniel Omielanczuk,169.0
2015-03-14,UFC 185: Pettis vs Dos Anjos,Jared Rosholt vs. Josh Copeland,Jared Rosholt,-254.0
2015-03-14,UFC 185: Pettis vs Dos Anjos,Jared Rosholt vs. Josh Copeland,Josh Copeland,254.0
2014-12-12,The Ultimate Fighter: A Champion Will Be Crowned Finale,Jeremy Stephens vs. Charles Oliveira,Jeremy Stephens,-100.0
2014-12-12,The Ultimate Fighter: A Champion Will Be Crowned Finale,Jeremy Stephens vs. Charles Oliveira,Charles Oliveira,-100.0
2014-07-06,The Ultimate Fighter: Team Edgar vs. Team Penn Finale,Jesse Ronson vs. Kevin Lee,Jesse Ronson,-100.0
2014-07-06,The Ultimate Fighter: Team Edgar vs. Team Penn Finale,Jesse Ronson vs. Kevin Lee,Kevin Lee,-100.0
2015-04-18,UFC on FOX: Machida vs Rockhold,Jim Miller vs. Beneil Dariush,Jim Miller,102.0
2015-04-18,UFC on FOX: Machida vs Rockhold,Jim Miller vs. Beneil Dariush,Beneil Dariush,-102.0
2013-12-28,UFC 168: Weidman vs Silva 2,Jim Miller vs. Fabricio Camoes,Jim Miller,-119.0
2013-12-28,UFC 168: Weidman vs Silva 2,Jim Miller vs. Fabricio Camoes,Fabricio Camoes,119.0
2012-12-29,UFC 155: Dos Santos vs Velasquez II,Jim Miller vs. Joe Lauzon,Jim Miller,-102.0
2012-12-29,UFC 155: Dos Santos vs Velasquez II,Jim Miller vs. Joe Lauzon,Joe Lauzon,102.0
2014-04-26,UFC 172: Jones vs Teixeira,Jim Miller vs. Yancy Medeiros,Jim Miller,102.0
2014-04-26,UFC 172: Jones vs Teixeira,Jim Miller vs. Yancy Medeiros,Yancy Medeiros,-102.0
2013-02-16,UFC on FUEL TV: Barao vs McDonald,Jimi Manuwa vs. Cyrille Diabate,Jimi Manuwa,197.0
2013-02-16,UFC on FUEL TV: Barao vs McDonald,Jimi Manuwa vs. Cyrille Diabate,Cyrille Diabate,-197.0
2015-04-11,UFC Fight Night: Gonzaga vs Cro Cop 2,Jimi Manuwa vs. Jan Blachowicz,Jimi Manuwa,104.0
2015-04-11,UFC Fight Night: Gonzaga vs Cro Cop 2,Jimi Manuwa vs. Jan Blachowicz,Jan Blachowicz,-104.0
2013-10-26,UFC Fight Night: Machida vs Munoz,Jimi Manuwa vs. Ryan Jimmo,Jimi Manuwa,104.0
2013-10-26,UFC Fight Night: Machida vs Munoz,Jimi Manuwa vs. Ryan Jimmo,Ryan Jimmo,-104.0
2015-01-31,UFC 183: Silva vs Diaz,Joe Lauzon vs. Al Iaquinta,Joe Lauzon,254.0
2015-01-31,UFC 183: Silva vs Diaz,Joe Lauzon vs. Al Iaquinta,Al Iaquinta,-254.0
2013-12-14,UFC on FOX: Johnson vs. Benavidez 2,Joe Lauzon vs. Mac Danzig,Joe Lauzon,102.0
2013-12-14,UFC on FOX: Johnson vs. Benavidez 2,Joe Lauzon vs. Mac Danzig,Mac Danzig,-102.0
2014-09-05,UFC Fight Night: Jacare vs Mousasi,Joe Lauzon vs. Michael Chiesa,Joe Lauzon,197.0
2014-09-05,UFC Fight Night: Jacare vs Mousasi,Joe Lauzon vs. Michael Chiesa,Michael Chiesa,-197.0
2013-08-17,UFC Fight Night: Shogun vs Sonnen,Joe Lauzon vs. Michael Johnson,Joe Lauzon,102.0
2013-08-17,UFC Fight Night: Shogun vs Sonnen,Joe Lauzon vs. Michael Johnson,Michael Johnson,-102.0
2015-06-06,UFC Fight Night: Boetsch vs Henderson,Joe Proctor vs. Justin Edwards,Joe Proctor,104.0
2015-06-06,UFC Fight Night: Boetsch vs Henderson,Joe Proctor vs. Justin Edwards,Justin Edwards,-104.0
2014-12-12,The Ultimate Fighter: A Champion Will Be Crowned Finale,Joe Proctor vs. Yancy Medeiros,Joe Proctor,197.0
2014-12-12,The Ultimate Fighter: A Champion Will Be Crowned Finale,Joe Proctor vs. Yancy Medeiros,Yancy Medeiros,-197.0
2014-12-13,UFC on FOX: Dos Santos vs Miocic,Joe Riggs vs. Ben Saunders,Joe Riggs,-104.0
2014-12-13,UFC on FOX: Dos Santos vs Miocic,Joe Riggs vs. Ben Saunders,Ben Saunders,104.0
2015-06-06,UFC Fight Night: Boetsch vs Henderson,Joe Soto vs. Anthony Birchak,Joe Soto,
2015-06-06,UFC Fight Night: Boetsch vs Henderson,Joe Soto vs. Anthony Birchak,Anthony Birchak,
2013-07-27,UFC on FOX: Johnson vs Moraga,John Albert vs. Yaotzin Meza,John Albert,-254.0
2013-07-27,UFC on FOX: Johnson vs Moraga,John Albert vs. Yaotzin Meza,Yaotzin Meza,254.0
2014-06-07,UFC Fight Night: Henderson vs Khabilov,John Dodson vs. John Moraga,John Dodson,-102.0
2014-06-07,UFC Fight Night: Henderson vs Khabilov,John Dodson vs. John Moraga,John Moraga,102.0
2015-05-23,UFC 187: Johnson vs Cormier,John Dodson vs. Zach Makovsky,John Dodson,102.0
2015-05-23,UFC 187: Johnson vs Cormier,John Dodson vs. Zach Makovsky,Zach Makovsky,-102.0
2014-09-27,UFC 178: Johnson vs Cariaso,John Howard vs. Brian Ebersole,John Howard,104.0
2014-09-27,UFC 178: Johnson vs Cariaso,John Howard vs. Brian Ebersole,Brian Ebersole,-104.0
2015-01-18,UFC Fight Night: McGregor vs Siver,John Howard vs. Lorenz Larkin,John Howard,169.0
2015-01-18,UFC Fight Night: McGregor vs Siver,John Howard vs. Lorenz Larkin,Lorenz Larkin,-169.0
2014-04-11,UFC Fight Night: Minotauro vs Nelson,John Howard vs. Ryan LaFlare,John Howard,197.0
2014-04-11,UFC Fight Night: Minotauro vs Nelson,John Howard vs. Ryan LaFlare,Ryan LaFlare,-197.0
2013-12-28,UFC 168: Weidman vs Silva 2,John Howard vs. Siyar Bahadurzada,John Howard,-100.0
2013-12-28,UFC 168: Weidman vs Silva 2,John Howard vs. Siyar Bahadurzada,Siyar Bahadurzada,-100.0
2014-02-01,UFC 169: Barao vs Faber 2,John Lineker vs. Ali Bagautinov,John Lineker,-102.0
2014-02-01,UFC 169: Barao vs Faber 2,John Lineker vs. Ali Bagautinov,Ali Bagautinov,102.0
2014-07-16,UFC Fight Night: Cowboy vs Miller,John Lineker vs. Alptekin Ozkilic,John Lineker,-102.0
2014-07-16,UFC Fight Night: Cowboy vs Miller,John Lineker vs. Alptekin Ozkilic,Alptekin Ozkilic,102.0
2013-05-18,UFC on FX: Belfort vs. Rockhold,John Lineker vs. Azamat Gashimov,John Lineker,102.0
2013-05-18,UFC on FX: Belfort vs. Rockhold,John Lineker vs. Azamat Gashimov,Azamat Gashimov,-102.0
2014-02-01,UFC 169: Barao vs Faber 2,John Makdessi vs. Alan Patrick,John Makdessi,102.0
2014-02-01,UFC 169: Barao vs Faber 2,John Makdessi vs. Alan Patrick,Alan Patrick,-102.0
2013-03-16,UFC 158: St-Pierre vs Diaz,John Makdessi vs. Daron Cruickshank,John Makdessi,102.0
2013-03-16,UFC 158: St-Pierre vs Diaz,John Makdessi vs. Daron Cruickshank,Daron Cruickshank,-102.0
2013-09-21,UFC 165: Jones vs Gustafsson,John Makdessi vs. Renee Forte,John Makdessi,102.0
2013-09-21,UFC 165: Jones vs Gustafsson,John Makdessi vs. Renee Forte,Renee Forte,-102.0
2014-01-15,UFC Fight Night: Rockhold vs Philippou,John Moraga vs. Dustin Ortiz,John Moraga,197.0
2014-01-15,UFC Fight Night: Rockhold vs Philippou,John Moraga vs. Dustin Ortiz,Dustin Ortiz,-197.0
2014-09-05,UFC Fight Night: Jacare vs Mousasi,John Moraga vs. Justin Scoggins,John Moraga,332.0
2014-09-05,UFC Fight Night: Jacare vs Mousasi,John Moraga vs. Justin Scoggins,Justin Scoggins,-332.0
2014-06-28,UFC Fight Night: Swanson vs Stephens,Johnny Bedford vs. Cody Gibson,Johnny Bedford,-104.0
2014-06-28,UFC Fight Night: Swanson vs Stephens,Johnny Bedford vs. Cody Gibson,Cody Gibson,104.0
2012-12-15,The Ultimate Fighter: Team Carwin vs. Team Nelson Finale,Johnny Bedford vs. Marcos Vinicius,Johnny Bedford,-254.0
2012-12-15,The Ultimate Fighter: Team Carwin vs. Team Nelson Finale,Johnny Bedford vs. Marcos Vinicius,Marcos Vinicius,254.0
2015-03-14,UFC 185: Pettis vs Dos Anjos,Johny Hendricks vs. Matt Brown,Johny Hendricks,-102.0
2015-03-14,UFC 185: Pettis vs Dos Anjos,Johny Hendricks vs. Matt Brown,Matt Brown,102.0
2014-03-15,UFC 171: Hendricks vs Lawler,Johny Hendricks vs. Robbie Lawler,Johny Hendricks,-108.0
2014-03-15,UFC 171: Hendricks vs Lawler,Johny Hendricks vs. Robbie Lawler,Robbie Lawler,183.0
2014-12-06,UFC 181: Hendricks vs Lawler II,Johny Hendricks vs. Robbie Lawler,Johny Hendricks,-147.0
2014-12-06,UFC 181: Hendricks vs Lawler II,Johny Hendricks vs. Robbie Lawler,Robbie Lawler,232.0
2013-02-02,UFC 156: Aldo vs Edgar,Jon Fitch vs. Demian Maia,Jon Fitch,-197.0
2013-02-02,UFC 156: Aldo vs Edgar,Jon Fitch vs. Demian Maia,Demian Maia,197.0
2013-09-21,UFC 165: Jones vs Gustafsson,Jon Jones vs. Alexander Gustafsson,Jon Jones,-254.0
2013-09-21,UFC 165: Jones vs Gustafsson,Jon Jones vs. Alexander Gustafsson,Alexander Gustafsson,254.0
2013-04-27,UFC 159: Jones vs Sonnen,Jon Jones vs. Chael Sonnen,Jon Jones,-102.0
2013-04-27,UFC 159: Jones vs Sonnen,Jon Jones vs. Chael Sonnen,Chael Sonnen,102.0
2015-01-03,UFC 182: Jones vs Cormier,Jon Jones vs. Daniel Cormier,Jon Jones,-220.0
2015-01-03,UFC 182: Jones vs Cormier,Jon Jones vs. Daniel Cormier,Daniel Cormier,220.0
2014-04-26,UFC 172: Jones vs Teixeira,Jon Jones vs. Glover Teixeira,Jon Jones,-172.0
2014-04-26,UFC 172: Jones vs Teixeira,Jon Jones vs. Glover Teixeira,Glover Teixeira,172.0
2014-09-27,UFC 178: Johnson vs Cariaso,Jon Tuck vs. Kevin Lee,Jon Tuck,201.0
2014-09-27,UFC 178: Johnson vs Cariaso,Jon Tuck vs. Kevin Lee,Kevin Lee,-201.0
2015-01-31,UFC 183: Silva vs Diaz,Jordan Mein vs. Thiago Alves,Jordan Mein,-102.0
2015-01-31,UFC 183: Silva vs Diaz,Jordan Mein vs. Thiago Alves,Thiago Alves,102.0
2015-04-04,UFC Fight Night: Mendes vs Lamas,Jorge Masvidal vs. Al Iaquinta,Jorge Masvidal,102.0
2015-04-04,UFC Fight Night: Mendes vs Lamas,Jorge Masvidal vs. Al Iaquinta,Al Iaquinta,-102.0
2014-09-27,UFC 178: Johnson vs Cariaso,Jorge Masvidal vs. James Krause,Jorge Masvidal,-102.0
2014-09-27,UFC 178: Johnson vs Cariaso,Jorge Masvidal vs. James Krause,James Krause,102.0
2014-04-19,UFC on FOX: Werdum vs Browne,Jorge Masvidal vs. Pat Healy,Jorge Masvidal,-197.0
2014-04-19,UFC on FOX: Werdum vs Browne,Jorge Masvidal vs. Pat Healy,Pat Healy,197.0
2013-11-06,UFC Fight Night: Fight for the Troops 3,Jorge Masvidal vs. Rustam Khabilov,Jorge Masvidal,
2013-11-06,UFC Fight Night: Fight for the Troops 3,Jorge Masvidal vs. Rustam Khabilov,Rustam Khabilov,
2015-03-21,UFC Fight Night: Maia vs LaFlare,Jorge de Oliveira vs. Christos Giagos,Jorge de Oliveira,169.0
2015-03-21,UFC Fight Night: Maia vs LaFlare,Jorge de Oliveira vs. Christos Giagos,Christos Giagos,-169.0
2014-10-25,UFC 179: Aldo vs Mendes 2,Jose Aldo vs. Chad Mendes,Jose Aldo,172.0
2014-10-25,UFC 179: Aldo vs Mendes 2,Jose Aldo vs. Chad Mendes,Chad Mendes,-172.0
2013-08-03,UFC 163: Aldo vs Jung,Jose Aldo vs. Chan Sung Jung,Jose Aldo,102.0
2013-08-03,UFC 163: Aldo vs Jung,Jose Aldo vs. Chan Sung Jung,Chan Sung Jung,-102.0
2013-02-02,UFC 156: Aldo vs Edgar,Jose Aldo vs. Frankie Edgar,Jose Aldo,197.0
2013-02-02,UFC 156: Aldo vs Edgar,Jose Aldo vs. Frankie Edgar,Frankie Edgar,-197.0
2014-02-01,UFC 169: Barao vs Faber 2,Jose Aldo vs. Ricardo Lamas,Jose Aldo,-102.0
2014-02-01,UFC 169: Barao vs Faber 2,Jose Aldo vs. Ricardo Lamas,Ricardo Lamas,102.0
2015-06-06,UFC Fight Night: Boetsch vs Henderson,Jose Quinonez vs. Leonardo Morales,Jose Quinonez,-104.0
2015-06-06,UFC Fight Night: Boetsch vs Henderson,Jose Quinonez vs. Leonardo Morales,Leonardo Morales,104.0
2013-04-20,UFC on FOX: Henderson vs Melendez,Joseph Benavidez vs. Darren Uyenoyama,Joseph Benavidez,-104.0
2013-04-20,UFC on FOX: Henderson vs Melendez,Joseph Benavidez vs. Darren Uyenoyama,Darren Uyenoyama,104.0
2014-11-22,UFC Fight Night: Edgar vs Swanson,Joseph Benavidez vs. Dustin Ortiz,Joseph Benavidez,102.0
2014-11-22,UFC Fight Night: Edgar vs Swanson,Joseph Benavidez vs. Dustin Ortiz,Dustin Ortiz,-102.0
2013-02-02,UFC 156: Aldo vs Edgar,Joseph Benavidez vs. Ian McCall,Joseph Benavidez,-147.0
2013-02-02,UFC 156: Aldo vs Edgar,Joseph Benavidez vs. Ian McCall,Ian McCall,147.0
2015-05-23,UFC 187: Johnson vs Cormier,Joseph Benavidez vs. John Moraga,Joseph Benavidez,-183.0
2015-05-23,UFC 187: Johnson vs Cormier,Joseph Benavidez vs. John Moraga,John Moraga,183.0
2013-09-04,UFC Fight Night: Teixeira vs Bader,Joseph Benavidez vs. Jussier Formiga,Joseph Benavidez,-102.0
2013-09-04,UFC Fight Night: Teixeira vs Bader,Joseph Benavidez vs. Jussier Formiga,Jussier Formiga,102.0
2014-04-26,UFC 172: Jones vs Teixeira,Joseph Benavidez vs. Tim Elliott,Joseph Benavidez,102.0
2014-04-26,UFC 172: Jones vs Teixeira,Joseph Benavidez vs. Tim Elliott,Tim Elliott,-102.0
2013-12-28,UFC 168: Weidman vs Silva 2,Josh Barnett vs. Travis Browne,Josh Barnett,-102.0
2013-12-28,UFC 168: Weidman vs Silva 2,Josh Barnett vs. Travis Browne,Travis Browne,102.0
2013-02-23,UFC 157: Rousey vs Carmouche,Josh Koscheck vs. Robbie Lawler,Josh Koscheck,-102.0
2013-02-23,UFC 157: Rousey vs Carmouche,Josh Koscheck vs. Robbie Lawler,Robbie Lawler,102.0
2013-11-16,UFC 167: St-Pierre vs Hendricks,Josh Koscheck vs. Tyron Woodley,Josh Koscheck,-172.0
2013-11-16,UFC 167: St-Pierre vs Hendricks,Josh Koscheck vs. Tyron Woodley,Tyron Woodley,172.0
2014-07-26,UFC on FOX: Lawler vs Brown,Josh Thomson vs. King Green,Josh Thomson,102.0
2014-07-26,UFC on FOX: Lawler vs Brown,Josh Thomson vs. King Green,King Green,-102.0
2014-07-06,The Ultimate Fighter: Team Edgar vs. Team Penn Finale,Jumabieke Tuerxun vs. Leandro Issa,Jumabieke Tuerxun,102.0
2014-07-06,The Ultimate Fighter: Team Edgar vs. Team Penn Finale,Jumabieke Tuerxun vs. Leandro Issa,Leandro Issa,-102.0
2014-11-07,UFC Fight Night: Rockhold vs Bisping,Jumabieke Tuerxun vs. Marcus Brimage,Jumabieke Tuerxun,102.0
2014-11-07,UFC Fight Night: Rockhold vs Bisping,Jumabieke Tuerxun vs. Marcus Brimage,Marcus Brimage,-102.0
2012-12-29,UFC 155: Dos Santos vs Velasquez II,Junior Dos Santos vs. Cain Velasquez,Junior Dos Santos,197.0
2012-12-29,UFC 155: Dos Santos vs Velasquez II,Junior Dos Santos vs. Cain Velasquez,Cain Velasquez,-197.0
2013-05-25,UFC 160: Velasquez vs Silva 2,Junior Dos Santos vs. Mark Hunt,Junior Dos Santos,-102.0
2013-05-25,UFC 160: Velasquez vs Silva 2,Junior Dos Santos vs. Mark Hunt,Mark Hunt,102.0
2014-12-13,UFC on FOX: Dos Santos vs Miocic,Junior Dos Santos vs. Stipe Miocic,Junior Dos Santos,-102.0
2014-12-13,UFC on FOX: Dos Santos vs Miocic,Junior Dos Santos vs. Stipe Miocic,Stipe Miocic,102.0
2013-05-18,UFC on FX: Belfort vs. Rockhold,Jussier Formiga vs. Chris Cariaso,Jussier Formiga,197.0
2013-05-18,UFC on FX: Belfort vs. Rockhold,Jussier Formiga vs. Chris Cariaso,Chris Cariaso,-197.0
2014-03-23,UFC Fight Night: Shogun vs Henderson 2,Jussier Formiga vs. Scott Jorgensen,Jussier Formiga,-102.0
2014-03-23,UFC Fight Night: Shogun vs Henderson 2,Jussier Formiga vs. Scott Jorgensen,Scott Jorgensen,102.0
2015-05-30,UFC Fight Night: Condit vs Alves,Jussier Formiga vs. Wilson Reis,Jussier Formiga,114.0
2015-05-30,UFC Fight Night: Condit vs Alves,Jussier Formiga vs. Wilson Reis,Wilson Reis,-114.0
2014-08-16,UFC Fight Night: Bader vs Saint Preux,Jussier Formiga vs. Zach Makovsky,Jussier Formiga,104.0
2014-08-16,UFC Fight Night: Bader vs Saint Preux,Jussier Formiga vs. Zach Makovsky,Zach Makovsky,-104.0
2013-04-13,The Ultimate Fighter: Team Jones vs. Team Sonnen Finale,Justin Lawrence vs. Daniel Pineda,Justin Lawrence,-197.0
2013-04-13,The Ultimate Fighter: Team Jones vs. Team Sonnen Finale,Justin Lawrence vs. Daniel Pineda,Daniel Pineda,197.0
2014-05-10,UFC Fight Night: Brown vs Silva,Justin Salas vs. Ben Wall,Justin Salas,-119.0
2014-05-10,UFC Fight Night: Brown vs Silva,Justin Salas vs. Ben Wall,Ben Wall,119.0
2014-07-16,UFC Fight Night: Cowboy vs Miller,Justin Salas vs. Joe Proctor,Justin Salas,-169.0
2014-07-16,UFC Fight Night: Cowboy vs Miller,Justin Salas vs. Joe Proctor,Joe Proctor,169.0
2014-07-06,The Ultimate Fighter: Team Edgar vs. Team Penn Finale,Justin Scoggins vs. Dustin Ortiz,Justin Scoggins,-332.0
2014-07-06,The Ultimate Fighter: Team Edgar vs. Team Penn Finale,Justin Scoggins vs. Dustin Ortiz,Dustin Ortiz,332.0
2015-05-23,UFC 187: Johnson vs Cormier,Justin Scoggins vs. Josh Sampo,Justin Scoggins,-332.0
2015-05-23,UFC 187: Johnson vs Cormier,Justin Scoggins vs. Josh Sampo,Josh Sampo,332.0
2015-05-30,UFC Fight Night: Condit vs Alves,KJ Noons vs. Alex Oliveira,KJ Noons,104.0
2015-05-30,UFC Fight Night: Condit vs Alves,KJ Noons vs. Alex Oliveira,Alex Oliveira,-104.0
2014-09-20,UFC Fight Night: Hunt vs Nelson,Katsunori Kikuno vs. Sam Sicilia,Katsunori Kikuno,-102.0
2014-09-20,UFC Fight Night: Hunt vs Nelson,Katsunori Kikuno vs. Sam Sicilia,Sam Sicilia,102.0
2013-08-28,UFC Fight Night: Condit vs Kampmann 2,Kelvin Gastelum vs. Brian Melancon,Kelvin Gastelum,119.0
2013-08-28,UFC Fight Night: Condit vs Kampmann 2,Kelvin Gastelum vs. Brian Melancon,Brian Melancon,-119.0
2015-06-13,UFC 188: Velasquez vs Werdum,Kelvin Gastelum vs. Nate Marquardt,Kelvin Gastelum,-167.0
2015-06-13,UFC 188: Velasquez vs Werdum,Kelvin Gastelum vs. Nate Marquardt,Nate Marquardt,167.0
2014-06-28,UFC Fight Night: Swanson vs Stephens,Kelvin Gastelum vs. Nicholas Musoke,Kelvin Gastelum,-119.0
2014-06-28,UFC Fight Night: Swanson vs Stephens,Kelvin Gastelum vs. Nicholas Musoke,Nicholas Musoke,119.0
2014-03-15,UFC 171: Hendricks vs Lawler,Kelvin Gastelum vs. Rick Story,Kelvin Gastelum,197.0
2014-03-15,UFC 171: Hendricks vs Lawler,Kelvin Gastelum vs. Rick Story,Rick Story,-197.0
2013-02-23,UFC 157: Rousey vs Carmouche,Kenny Robertson vs. Brock Jardine,Kenny Robertson,104.0
2013-02-23,UFC 157: Rousey vs Carmouche,Kenny Robertson vs. Brock Jardine,Brock Jardine,-104.0
2014-07-05,UFC 175: Weidman vs Machida,Kenny Robertson vs. Ildemar Alcantara,Kenny Robertson,-100.0
2014-07-05,UFC 175: Weidman vs Machida,Kenny Robertson vs. Ildemar Alcantara,Ildemar Alcantara,-100.0
2013-05-25,UFC 160: Velasquez vs Silva 2,Khabib Nurmagomedov vs. Abel Trujillo,Khabib Nurmagomedov,-119.0
2013-05-25,UFC 160: Velasquez vs Silva 2,Khabib Nurmagomedov vs. Abel Trujillo,Abel Trujillo,119.0
2014-09-20,UFC Fight Night: Hunt vs Nelson,Kiichi Kunimoto vs. Richard Walsh,Kiichi Kunimoto,254.0
2014-09-20,UFC Fight Night: Hunt vs Nelson,Kiichi Kunimoto vs. Richard Walsh,Richard Walsh,-254.0
2014-11-22,UFC Fight Night: Edgar vs Swanson,King Green vs. Edson Barboza,King Green,-147.0
2014-11-22,UFC Fight Night: Edgar vs Swanson,King Green vs. Edson Barboza,Edson Barboza,147.0
2013-11-06,UFC Fight Night: Fight for the Troops 3,King Green vs. James Krause,King Green,-197.0
2013-11-06,UFC Fight Night: Fight for the Troops 3,King Green vs. James Krause,James Krause,197.0
2013-12-14,UFC on FOX: Johnson vs. Benavidez 2,King Green vs. Pat Healy,King Green,-169.0
2013-12-14,UFC on FOX: Johnson vs. Benavidez 2,King Green vs. Pat Healy,Pat Healy,169.0
2014-07-26,UFC on FOX: Lawler vs Brown,Kyle Kingsbury vs. Patrick Cummins,Kyle Kingsbury,197.0
2014-07-26,UFC on FOX: Lawler vs Brown,Kyle Kingsbury vs. Patrick Cummins,Patrick Cummins,-197.0
2014-05-10,UFC Fight Night: Brown vs Silva,Kyoji Horiguchi vs. Darrell Montague,Kyoji Horiguchi,-197.0
2014-05-10,UFC Fight Night: Brown vs Silva,Kyoji Horiguchi vs. Darrell Montague,Darrell Montague,197.0
2014-09-20,UFC Fight Night: Hunt vs Nelson,Kyoji Horiguchi vs. Jon Delos Reyes,Kyoji Horiguchi,197.0
2014-09-20,UFC Fight Night: Hunt vs Nelson,Kyoji Horiguchi vs. Jon Delos Reyes,Jon Delos Reyes,-197.0
2015-01-03,UFC 182: Jones vs Cormier,Kyoji Horiguchi vs. Louis Gaudinot,Kyoji Horiguchi,-254.0
2015-01-03,UFC 182: Jones vs Cormier,Kyoji Horiguchi vs. Louis Gaudinot,Louis Gaudinot,254.0
2014-12-20,UFC Fight Night: Machida vs Dollaway,Leandro Issa vs. Yuta Sasaki,Leandro Issa,147.0
2014-12-20,UFC Fight Night: Machida vs Dollaway,Leandro Issa vs. Yuta Sasaki,Yuta Sasaki,-147.0
2014-11-08,UFC Fight Night 56: Shogun vs Saint Preux,Leandro Silva vs. Charlie Brenneman,Leandro Silva,-113.0
2014-11-08,UFC Fight Night 56: Shogun vs Saint Preux,Leandro Silva vs. Charlie Brenneman,Charlie Brenneman,113.0
2013-04-27,UFC 159: Jones vs Sonnen,Leonard Garcia vs. Cody McKenzie,Leonard Garcia,254.0
2013-04-27,UFC 159: Jones vs Sonnen,Leonard Garcia vs. Cody McKenzie,Cody McKenzie,-254.0
2012-12-29,UFC 155: Dos Santos vs Velasquez II,Leonard Garcia vs. Max Holloway,Leonard Garcia,309.0
2012-12-29,UFC 155: Dos Santos vs Velasquez II,Leonard Garcia vs. Max Holloway,Max Holloway,-309.0
2015-03-21,UFC Fight Night: Maia vs LaFlare,Leonardo Mafra vs. Cain Carrizosa,Leonardo Mafra,254.0
2015-03-21,UFC Fight Night: Maia vs LaFlare,Leonardo Mafra vs. Cain Carrizosa,Cain Carrizosa,-254.0
2015-03-21,UFC Fight Night: Maia vs LaFlare,Leonardo Santos vs. Anthony Rocco Martin,Leonardo Santos,254.0
2015-03-21,UFC Fight Night: Maia vs LaFlare,Leonardo Santos vs. Anthony Rocco Martin,Anthony Rocco Martin,-254.0
2014-09-13,UFC Fight Night: Bigfoot vs Arlovski,Leonardo Santos vs. Efrain Escudero,Leonardo Santos,254.0
2014-09-13,UFC Fight Night: Bigfoot vs Arlovski,Leonardo Santos vs. Efrain Escudero,Efrain Escudero,-254.0
2014-03-23,UFC Fight Night: Shogun vs Henderson 2,Leonardo Santos vs. Norman Parke,Leonardo Santos,254.0
2014-03-23,UFC Fight Night: Shogun vs Henderson 2,Leonardo Santos vs. Norman Parke,Norman Parke,-254.0
2015-05-16,UFC Fight Night: Edgar vs Faber,Li Jingliang vs. Dhiego Lima,Li Jingliang,147.0
2015-05-16,UFC Fight Night: Edgar vs Faber,Li Jingliang vs. Dhiego Lima,Dhiego Lima,-147.0
2014-01-15,UFC Fight Night: Rockhold vs Philippou,Lorenz Larkin vs. Brad Tavares,Lorenz Larkin,102.0
2014-01-15,UFC Fight Night: Rockhold vs Philippou,Lorenz Larkin vs. Brad Tavares,Brad Tavares,-102.0
2014-08-30,UFC 177: Dillashaw vs Soto,Lorenz Larkin vs. Derek Brunson,Lorenz Larkin,-102.0
2014-08-30,UFC 177: Dillashaw vs Soto,Lorenz Larkin vs. Derek Brunson,Derek Brunson,102.0
2013-08-31,UFC 164: Henderson vs Pettis 2,Louis Gaudinot vs. Tim Elliott,Louis Gaudinot,172.0
2013-08-31,UFC 164: Henderson vs Pettis 2,Louis Gaudinot vs. Tim Elliott,Tim Elliott,-172.0
2014-07-16,UFC Fight Night: Cowboy vs Miller,Lucas Martins vs. Alex White,Lucas Martins,169.0
2014-07-16,UFC Fight Night: Cowboy vs Miller,Lucas Martins vs. Alex White,Alex White,-169.0
2013-05-18,UFC on FX: Belfort vs. Rockhold,Lucas Martins vs. Jeremy Larsen,Lucas Martins,166.0
2013-05-18,UFC on FX: Belfort vs. Rockhold,Lucas Martins vs. Jeremy Larsen,Jeremy Larsen,-166.0
2015-05-30,UFC Fight Night: Condit vs Alves,Lucas Martins vs. Mirsad Bektic,Lucas Martins,254.0
2015-05-30,UFC Fight Night: Condit vs Alves,Lucas Martins vs. Mirsad Bektic,Mirsad Bektic,-254.0
2013-10-26,UFC Fight Night: Machida vs Munoz,Luke Barnatt vs. Andrew Craig,Luke Barnatt,-102.0
2013-10-26,UFC Fight Night: Machida vs Munoz,Luke Barnatt vs. Andrew Craig,Andrew Craig,102.0
2014-11-22,UFC Fight Night: Edgar vs Swanson,Luke Barnatt vs. Roger Narvaez,Luke Barnatt,-254.0
2014-11-22,UFC Fight Night: Edgar vs Swanson,Luke Barnatt vs. Roger Narvaez,Roger Narvaez,254.0
2014-05-31,UFC Fight Night: Munoz vs Mousasi,Luke Barnatt vs. Sean Strickland,Luke Barnatt,197.0
2014-05-31,UFC Fight Night: Munoz vs Mousasi,Luke Barnatt vs. Sean Strickland,Sean Strickland,-197.0
2014-01-15,UFC Fight Night: Rockhold vs Philippou,Luke Rockhold vs. Constantinos Philippou,Luke Rockhold,102.0
2014-01-15,UFC Fight Night: Rockhold vs Philippou,Luke Rockhold vs. Constantinos Philippou,Constantinos Philippou,-102.0
2014-11-07,UFC Fight Night: Rockhold vs Bisping,Luke Rockhold vs. Michael Bisping,Luke Rockhold,147.0
2014-11-07,UFC Fight Night: Rockhold vs Bisping,Luke Rockhold vs. Michael Bisping,Michael Bisping,-147.0
2014-04-26,UFC 172: Jones vs Teixeira,Luke Rockhold vs. Tim Boetsch,Luke Rockhold,-100.0
2014-04-26,UFC 172: Jones vs Teixeira,Luke Rockhold vs. Tim Boetsch,Tim Boetsch,-100.0
2014-12-20,UFC Fight Night: Machida vs Dollaway,Lyoto Machida vs. CB Dollaway,Lyoto Machida,102.0
2014-12-20,UFC Fight Night: Machida vs Dollaway,Lyoto Machida vs. CB Dollaway,CB Dollaway,-102.0
2013-02-23,UFC 157: Rousey vs Carmouche,Lyoto Machida vs. Dan Henderson,Lyoto Machida,-254.0
2013-02-23,UFC 157: Rousey vs Carmouche,Lyoto Machida vs. Dan Henderson,Dan Henderson,254.0
2014-02-15,UFC Fight Night: Machida vs Mousasi,Lyoto Machida vs. Gegard Mousasi,Lyoto Machida,-103.0
2014-02-15,UFC Fight Night: Machida vs Mousasi,Lyoto Machida vs. Gegard Mousasi,Gegard Mousasi,103.0
2015-04-18,UFC on FOX: Machida vs Rockhold,Lyoto Machida vs. Luke Rockhold,Lyoto Machida,-172.0
2015-04-18,UFC on FOX: Machida vs Rockhold,Lyoto Machida vs. Luke Rockhold,Luke Rockhold,172.0
2013-10-26,UFC Fight Night: Machida vs Munoz,Lyoto Machida vs. Mark Munoz,Lyoto Machida,-168.0
2013-10-26,UFC Fight Night: Machida vs Munoz,Lyoto Machida vs. Mark Munoz,Mark Munoz,168.0
2013-08-03,UFC 163: Aldo vs Jung,Lyoto Machida vs. Phil Davis,Lyoto Machida,102.0
2013-08-03,UFC 163: Aldo vs Jung,Lyoto Machida vs. Phil Davis,Phil Davis,-102.0
2013-07-27,UFC on FOX: Johnson vs Moraga,Mac Danzig vs. Melvin Guillard,Mac Danzig,254.0
2013-07-27,UFC on FOX: Johnson vs Moraga,Mac Danzig vs. Melvin Guillard,Melvin Guillard,-254.0
2014-05-31,UFC Fight Night: Munoz vs Mousasi,Magnus Cedenblad vs. Krzysztof Jotko,Magnus Cedenblad,254.0
2014-05-31,UFC Fight Night: Munoz vs Mousasi,Magnus Cedenblad vs. Krzysztof Jotko,Krzysztof Jotko,-254.0
2014-09-27,UFC 178: Johnson vs Cariaso,Manvel Gamburyan vs. Cody Gibson,Manvel Gamburyan,102.0
2014-09-27,UFC 178: Johnson vs Cariaso,Manvel Gamburyan vs. Cody Gibson,Cody Gibson,-102.0
2013-08-17,UFC Fight Night: Shogun vs Sonnen,Manvel Gamburyan vs. Cole Miller,Manvel Gamburyan,-145.0
2013-08-17,UFC Fight Night: Shogun vs Sonnen,Manvel Gamburyan vs. Cole Miller,Cole Miller,145.0
2014-06-28,UFC Fight Night: Swanson vs Stephens,Marcelo Guimaraes vs. Andy Enz,Marcelo Guimaraes,102.0
2014-06-28,UFC Fight Night: Swanson vs Stephens,Marcelo Guimaraes vs. Andy Enz,Andy Enz,-102.0
2014-12-20,UFC Fight Night: Machida vs Dollaway,Marcio Alexandre Junior vs. Tim Means,Marcio Alexandre Junior,169.0
2014-12-20,UFC Fight Night: Machida vs Dollaway,Marcio Alexandre Junior vs. Tim Means,Tim Means,-169.0
2014-12-20,UFC Fight Night: Machida vs Dollaway,Marcos Rogerio de Lima vs. Igor Pokrajac,Marcos Rogerio de Lima,-119.0
2014-12-20,UFC Fight Night: Machida vs Dollaway,Marcos Rogerio de Lima vs. Igor Pokrajac,Igor Pokrajac,119.0
2014-07-05,UFC 175: Weidman vs Machida,Marcus Brimage vs. Russell Doane,Marcus Brimage,102.0
2014-07-05,UFC 175: Weidman vs Machida,Marcus Brimage vs. Russell Doane,Russell Doane,-102.0
2013-12-06,UFC Fight Night: Hunt vs Bigfoot,Mark Hunt vs. Antonio Silva,Mark Hunt,-254.0
2013-12-06,UFC Fight Night: Hunt vs Bigfoot,Mark Hunt vs. Antonio Silva,Antonio Silva,254.0
2014-09-20,UFC Fight Night: Hunt vs Nelson,Mark Hunt vs. Roy Nelson,Mark Hunt,-197.0
2014-09-20,UFC Fight Night: Hunt vs Nelson,Mark Hunt vs. Roy Nelson,Roy Nelson,197.0
2014-05-31,UFC Fight Night: Munoz vs Mousasi,Mark Munoz vs. Gegard Mousasi,Mark Munoz,-100.0
2014-05-31,UFC Fight Night: Munoz vs Mousasi,Mark Munoz vs. Gegard Mousasi,Gegard Mousasi,-100.0
2015-05-16,UFC Fight Night: Edgar vs Faber,Mark Munoz vs. Luke Barnatt,Mark Munoz,-102.0
2015-05-16,UFC Fight Night: Edgar vs Faber,Mark Munoz vs. Luke Barnatt,Luke Barnatt,102.0
2015-02-28,UFC 184: Rousey vs Zingano,Mark Munoz vs. Roan Carneiro,Mark Munoz,102.0
2015-02-28,UFC 184: Rousey vs Zingano,Mark Munoz vs. Roan Carneiro,Roan Carneiro,-102.0
2013-07-06,UFC 162: Silva vs Weidman,Mark Munoz vs. Tim Boetsch,Mark Munoz,-100.0
2013-07-06,UFC 162: Silva vs Weidman,Mark Munoz vs. Tim Boetsch,Tim Boetsch,-100.0
2014-05-10,UFC Fight Night: Brown vs Silva,Matt Brown vs. Erick Silva,Matt Brown,-102.0
2014-05-10,UFC Fight Night: Brown vs Silva,Matt Brown vs. Erick Silva,Erick Silva,102.0
2013-04-20,UFC on FOX: Henderson vs Melendez,Matt Brown vs. Jordan Mein,Matt Brown,102.0
2013-04-20,UFC on FOX: Henderson vs Melendez,Matt Brown vs. Jordan Mein,Jordan Mein,-102.0
2013-08-17,UFC Fight Night: Shogun vs Sonnen,Matt Brown vs. Mike Pyle,Matt Brown,-332.0
2013-08-17,UFC Fight Night: Shogun vs Sonnen,Matt Brown vs. Mike Pyle,Mike Pyle,332.0
2014-09-05,UFC Fight Night: Jacare vs Mousasi,Matt Mitrione vs. Derrick Lewis,Matt Mitrione,-100.0
2014-09-05,UFC Fight Night: Jacare vs Mousasi,Matt Mitrione vs. Derrick Lewis,Derrick Lewis,-100.0
2013-04-06,UFC on FUEL TV: Mousasi vs Latifi,Matt Mitrione vs. Philip De Fries,Matt Mitrione,-100.0
2013-04-06,UFC on FUEL TV: Mousasi vs Latifi,Matt Mitrione vs. Philip De Fries,Philip De Fries,-100.0
2014-03-01,UFC Fight Night: Kim vs Hathaway,Matt Mitrione vs. Shawn Jordan,Matt Mitrione,-102.0
2014-03-01,UFC Fight Night: Kim vs Hathaway,Matt Mitrione vs. Shawn Jordan,Shawn Jordan,102.0
2015-01-18,UFC Fight Night: McGregor vs Siver,Matt Van Buren vs. Sean O'Connell,Matt Van Buren,
2015-01-18,UFC Fight Night: McGregor vs Siver,Matt Van Buren vs. Sean O'Connell,Sean O'Connell,
2014-11-22,UFC Fight Night: Edgar vs Swanson,Matt Wiman vs. Isaac Vallie-Flagg,Matt Wiman,-204.0
2014-11-22,UFC Fight Night: Edgar vs Swanson,Matt Wiman vs. Isaac Vallie-Flagg,Isaac Vallie-Flagg,204.0
2013-08-17,UFC Fight Night: Shogun vs Sonnen,Mauricio Rua vs. Chael Sonnen,Mauricio Rua,197.0
2013-08-17,UFC Fight Night: Shogun vs Sonnen,Mauricio Rua vs. Chael Sonnen,Chael Sonnen,-197.0
2014-03-23,UFC Fight Night: Shogun vs Henderson 2,Mauricio Rua vs. Dan Henderson,Mauricio Rua,-197.0
2014-03-23,UFC Fight Night: Shogun vs Henderson 2,Mauricio Rua vs. Dan Henderson,Dan Henderson,197.0
2013-12-06,UFC Fight Night: Hunt vs Bigfoot,Mauricio Rua vs. James Te Huna,Mauricio Rua,102.0
2013-12-06,UFC Fight Night: Hunt vs Bigfoot,Mauricio Rua vs. James Te Huna,James Te Huna,-102.0
2014-11-08,UFC Fight Night 56: Shogun vs Saint Preux,Mauricio Rua vs. Ovince Saint Preux,Mauricio Rua,-197.0
2014-11-08,UFC Fight Night 56: Shogun vs Saint Preux,Mauricio Rua vs. Ovince Saint Preux,Ovince Saint Preux,197.0
2014-04-26,UFC 172: Jones vs Teixeira,Max Holloway vs. Andre Fili,Max Holloway,-145.0
2014-04-26,UFC 172: Jones vs Teixeira,Max Holloway vs. Andre Fili,Andre Fili,145.0
2015-02-14,UFC Fight Night: Henderson vs Thatch,Max Holloway vs. Cole Miller,Max Holloway,-197.0
2015-02-14,UFC Fight Night: Henderson vs Thatch,Max Holloway vs. Cole Miller,Cole Miller,197.0
2014-09-20,UFC Fight Night: Hunt vs Nelson,Maximo Blanco vs. Dan Hooker,Maximo Blanco,104.0
2014-09-20,UFC Fight Night: Hunt vs Nelson,Maximo Blanco vs. Dan Hooker,Dan Hooker,-104.0
2012-12-29,UFC 155: Dos Santos vs Velasquez II,Melvin Guillard vs. Jamie Varner,Melvin Guillard,-102.0
2012-12-29,UFC 155: Dos Santos vs Velasquez II,Melvin Guillard vs. Jamie Varner,Jamie Varner,102.0
2013-04-27,UFC 159: Jones vs Sonnen,Michael Bisping vs. Alan Belcher,Michael Bisping,-147.0
2013-04-27,UFC 159: Jones vs Sonnen,Michael Bisping vs. Alan Belcher,Alan Belcher,147.0
2015-04-25,UFC 186: Johnson vs Horiguchi,Michael Bisping vs. CB Dollaway,Michael Bisping,102.0
2015-04-25,UFC 186: Johnson vs Horiguchi,Michael Bisping vs. CB Dollaway,CB Dollaway,-102.0
2014-08-23,UFC Fight Night: Bisping vs Le,Michael Bisping vs. Cung Le,Michael Bisping,-254.0
2014-08-23,UFC Fight Night: Bisping vs Le,Michael Bisping vs. Cung Le,Cung Le,254.0
2014-04-16,UFC Fight Night: Bisping vs Kennedy,Michael Bisping vs. Tim Kennedy,Michael Bisping,-197.0
2014-04-16,UFC Fight Night: Bisping vs Kennedy,Michael Bisping vs. Tim Kennedy,Tim Kennedy,197.0
2013-02-23,UFC 157: Rousey vs Carmouche,Michael Chiesa vs. Anton Kuivanen,Michael Chiesa,-197.0
2013-02-23,UFC 157: Rousey vs Carmouche,Michael Chiesa vs. Anton Kuivanen,Anton Kuivanen,197.0
2014-05-24,UFC 173: Barao vs Dillashaw,Michael Chiesa vs. Francisco Trinaldo,Michael Chiesa,-119.0
2014-05-24,UFC 173: Barao vs Dillashaw,Michael Chiesa vs. Francisco Trinaldo,Francisco Trinaldo,119.0
2013-07-27,UFC on FOX: Johnson vs Moraga,Michael Chiesa vs. Jorge Masvidal,Michael Chiesa,119.0
2013-07-27,UFC on FOX: Johnson vs Moraga,Michael Chiesa vs. Jorge Masvidal,Jorge Masvidal,-119.0
2015-04-04,UFC Fight Night: Mendes vs Lamas,Michael Chiesa vs. Mitch Clarke,Michael Chiesa,-254.0
2015-04-04,UFC Fight Night: Mendes vs Lamas,Michael Chiesa vs. Mitch Clarke,Mitch Clarke,254.0
2014-03-08,UFC Fight Night: Gustafsson vs Manuwa,Michael Johnson vs. Melvin Guillard,Michael Johnson,254.0
2014-03-08,UFC Fight Night: Gustafsson vs Manuwa,Michael Johnson vs. Melvin Guillard,Melvin Guillard,-254.0
2012-12-29,UFC 155: Dos Santos vs Velasquez II,Michael Johnson vs. Myles Jury,Michael Johnson,-100.0
2012-12-29,UFC 155: Dos Santos vs Velasquez II,Michael Johnson vs. Myles Jury,Myles Jury,-100.0
2013-04-06,UFC on FUEL TV: Mousasi vs Latifi,Michael Kuiper vs. Tom Lawlor,Michael Kuiper,119.0
2013-04-06,UFC on FUEL TV: Mousasi vs Latifi,Michael Kuiper vs. Tom Lawlor,Tom Lawlor,-119.0
2015-02-14,UFC Fight Night: Henderson vs Thatch,Michel Prazeres vs. Kevin Lee,Michel Prazeres,104.0
2015-02-14,UFC Fight Night: Henderson vs Thatch,Michel Prazeres vs. Kevin Lee,Kevin Lee,-104.0
2014-03-23,UFC Fight Night: Shogun vs Henderson 2,Michel Prazeres vs. Mairbek Taisumov,Michel Prazeres,119.0
2014-03-23,UFC Fight Night: Shogun vs Henderson 2,Michel Prazeres vs. Mairbek Taisumov,Mairbek Taisumov,-119.0
2014-09-20,UFC Fight Night: Hunt vs Nelson,Michinori Tanaka vs. Kyung Ho Kang,Michinori Tanaka,-254.0
2014-09-20,UFC Fight Night: Hunt vs Nelson,Michinori Tanaka vs. Kyung Ho Kang,Kyung Ho Kang,254.0
2013-08-17,UFC Fight Night: Shogun vs Sonnen,Mike Brown vs. Steven Siler,Mike Brown,-100.0
2013-08-17,UFC Fight Night: Shogun vs Sonnen,Mike Brown vs. Steven Siler,Steven Siler,-100.0
2013-07-06,UFC 162: Silva vs Weidman,Mike Pierce vs. David Mitchell,Mike Pierce,-102.0
2013-07-06,UFC 162: Silva vs Weidman,Mike Pierce vs. David Mitchell,David Mitchell,102.0
2015-05-23,UFC 187: Johnson vs Cormier,Mike Pyle vs. Colby Covington,Mike Pyle,
2015-05-23,UFC 187: Johnson vs Cormier,Mike Pyle vs. Colby Covington,Colby Covington,
2012-12-15,The Ultimate Fighter: Team Carwin vs. Team Nelson Finale,Mike Pyle vs. James Head,Mike Pyle,178.0
2012-12-15,The Ultimate Fighter: Team Carwin vs. Team Nelson Finale,Mike Pyle vs. James Head,James Head,-178.0
2014-08-23,UFC Fight Night: Henderson vs Dos Anjos,Mike Pyle vs. Jordan Mein,Mike Pyle,332.0
2014-08-23,UFC Fight Night: Henderson vs Dos Anjos,Mike Pyle vs. Jordan Mein,Jordan Mein,-332.0
2013-05-25,UFC 160: Velasquez vs Silva 2,Mike Pyle vs. Rick Story,Mike Pyle,
2013-05-25,UFC 160: Velasquez vs Silva 2,Mike Pyle vs. Rick Story,Rick Story,
2014-02-22,UFC 170: Rousey vs McMann,Mike Pyle vs. TJ Waldburger,Mike Pyle,332.0
2014-02-22,UFC 170: Rousey vs McMann,Mike Pyle vs. TJ Waldburger,TJ Waldburger,-332.0
2013-03-16,UFC 158: St-Pierre vs Diaz,Mike Ricci vs. Colin Fletcher,Mike Ricci,119.0
2013-03-16,UFC 158: St-Pierre vs Diaz,Mike Ricci vs. Colin Fletcher,Colin Fletcher,-119.0
2013-09-21,UFC 165: Jones vs Gustafsson,Mike Ricci vs. Myles Jury,Mike Ricci,197.0
2013-09-21,UFC 165: Jones vs Gustafsson,Mike Ricci vs. Myles Jury,Myles Jury,-197.0
2013-01-26,UFC on FOX: Johnson vs Dodson,Mike Russow vs. Shawn Jordan,Mike Russow,-100.0
2013-01-26,UFC on FOX: Johnson vs Dodson,Mike Russow vs. Shawn Jordan,Shawn Jordan,-100.0
2013-01-26,UFC on FOX: Johnson vs Dodson,Mike Stumpf vs. Pascal Krauss,Mike Stumpf,158.0
2013-01-26,UFC on FOX: Johnson vs Dodson,Mike Stumpf vs. Pascal Krauss,Pascal Krauss,-158.0
2013-06-15,UFC 161: Evans vs Henderson,Mitch Clarke vs. John Maguire,Mitch Clarke,254.0
2013-06-15,UFC 161: Evans vs Henderson,Mitch Clarke vs. John Maguire,John Maguire,-254.0
2013-09-21,UFC 165: Jones vs Gustafsson,Mitch Gagnon vs. Dustin Kimura,Mitch Gagnon,-254.0
2013-09-21,UFC 165: Jones vs Gustafsson,Mitch Gagnon vs. Dustin Kimura,Dustin Kimura,254.0
2014-09-20,UFC Fight Night: Hunt vs Nelson,Myles Jury vs. Takanori Gomi,Myles Jury,-197.0
2014-09-20,UFC Fight Night: Hunt vs Nelson,Myles Jury vs. Takanori Gomi,Takanori Gomi,197.0
2014-03-01,UFC Fight Night: Kim vs Hathaway,Nam Phan vs. Vaughan Lee,Nam Phan,172.0
2014-03-01,UFC Fight Night: Kim vs Hathaway,Nam Phan vs. Vaughan Lee,Vaughan Lee,-172.0
2013-04-20,UFC on FOX: Henderson vs Melendez,Nate Diaz vs. Josh Thomson,Nate Diaz,-102.0
2013-04-20,UFC on FOX: Henderson vs Melendez,Nate Diaz vs. Josh Thomson,Josh Thomson,102.0
2013-10-19,UFC 166: Velasquez vs Dos Santos 3,Nate Marquardt vs. Hector Lombard,Nate Marquardt,-197.0
2013-10-19,UFC 166: Velasquez vs Dos Santos 3,Nate Marquardt vs. Hector Lombard,Hector Lombard,197.0
2014-08-23,UFC Fight Night: Henderson vs Dos Anjos,Neil Magny vs. Alex Garcia,Neil Magny,197.0
2014-08-23,UFC Fight Night: Henderson vs Dos Anjos,Neil Magny vs. Alex Garcia,Alex Garcia,-197.0
2015-02-14,UFC Fight Night: Henderson vs Thatch,Neil Magny vs. Kiichi Kunimoto,Neil Magny,-254.0
2015-02-14,UFC Fight Night: Henderson vs Thatch,Neil Magny vs. Kiichi Kunimoto,Kiichi Kunimoto,254.0
2013-11-06,UFC Fight Night: Fight for the Troops 3,Neil Magny vs. Seth Baczynski,Neil Magny,-254.0
2013-11-06,UFC Fight Night: Fight for the Troops 3,Neil Magny vs. Seth Baczynski,Seth Baczynski,254.0
2014-05-10,UFC Fight Night: Brown vs Silva,Neil Magny vs. Tim Means,Neil Magny,-102.0
2014-05-10,UFC Fight Night: Brown vs Silva,Neil Magny vs. Tim Means,Tim Means,102.0
2015-01-24,UFC on FOX: Gustafsson vs Johnson,Neil Seery vs. Chris Beal,Neil Seery,102.0
2015-01-24,UFC on FOX: Gustafsson vs Johnson,Neil Seery vs. Chris Beal,Chris Beal,-102.0
2014-07-19,UFC Fight Night: McGregor vs Brandao,Neil Seery vs. Phil Harris,Neil Seery,102.0
2014-07-19,UFC Fight Night: McGregor vs Brandao,Neil Seery vs. Phil Harris,Phil Harris,-102.0
2015-01-24,UFC on FOX: Gustafsson vs Johnson,Nicholas Musoke vs. Albert Tumenov,Nicholas Musoke,102.0
2015-01-24,UFC on FOX: Gustafsson vs Johnson,Nicholas Musoke vs. Albert Tumenov,Albert Tumenov,-102.0
2014-10-04,UFC Fight Night: Nelson vs Story,Nicholas Musoke vs. Alexander Yakovlev,Nicholas Musoke,-102.0
2014-10-04,UFC Fight Night: Nelson vs Story,Nicholas Musoke vs. Alexander Yakovlev,Alexander Yakovlev,102.0
2014-02-01,UFC 169: Barao vs Faber 2,Nick Catone vs. Tom Watson,Nick Catone,-197.0
2014-02-01,UFC 169: Barao vs Faber 2,Nick Catone vs. Tom Watson,Tom Watson,197.0
2013-12-06,UFC Fight Night: Hunt vs Bigfoot,Nick Ring vs. Caio Magalhaes,Nick Ring,-100.0
2013-12-06,UFC Fight Night: Hunt vs Bigfoot,Nick Ring vs. Caio Magalhaes,Caio Magalhaes,-100.0
2013-03-16,UFC 158: St-Pierre vs Diaz,Nick Ring vs. Chris Camozzi,Nick Ring,169.0
2013-03-16,UFC 158: St-Pierre vs Diaz,Nick Ring vs. Chris Camozzi,Chris Camozzi,-169.0
2015-01-24,UFC on FOX: Gustafsson vs Johnson,Nikita Krylov vs. Stanislav Nedkov,Nikita Krylov,-100.0
2015-01-24,UFC on FOX: Gustafsson vs Johnson,Nikita Krylov vs. Stanislav Nedkov,Stanislav Nedkov,-100.0
2014-10-04,UFC Fight Night: Nelson vs Story,Niklas Backstrom vs. Mike Wilkinson,Niklas Backstrom,-100.0
2014-10-04,UFC Fight Night: Nelson vs Story,Niklas Backstrom vs. Mike Wilkinson,Mike Wilkinson,-100.0
2015-05-16,UFC Fight Night: Edgar vs Faber,Nolan Ticman vs. Yao Zhikui,Nolan Ticman,107.0
2015-05-16,UFC Fight Night: Edgar vs Faber,Nolan Ticman vs. Yao Zhikui,Yao Zhikui,-107.0
2015-04-25,UFC 186: Johnson vs Horiguchi,Nordine Taleb vs. Chris Clements,Nordine Taleb,-254.0
2015-04-25,UFC 186: Johnson vs Horiguchi,Nordine Taleb vs. Chris Clements,Chris Clements,254.0
2014-10-04,UFC Fight Night: MacDonald vs Saffiedine,Nordine Taleb vs. Li Jingliang,Nordine Taleb,-104.0
2014-10-04,UFC Fight Night: MacDonald vs Saffiedine,Nordine Taleb vs. Li Jingliang,Li Jingliang,104.0
2015-01-18,UFC Fight Night: McGregor vs Siver,Norman Parke vs. Gleison Tibau,Norman Parke,-104.0
2015-01-18,UFC Fight Night: McGregor vs Siver,Norman Parke vs. Gleison Tibau,Gleison Tibau,104.0
2013-10-26,UFC Fight Night: Machida vs Munoz,Norman Parke vs. Jon Tuck,Norman Parke,-197.0
2013-10-26,UFC Fight Night: Machida vs Munoz,Norman Parke vs. Jon Tuck,Jon Tuck,197.0
2013-07-06,UFC 162: Silva vs Weidman,Norman Parke vs. Kazuki Tokudome,Norman Parke,-104.0
2013-07-06,UFC 162: Silva vs Weidman,Norman Parke vs. Kazuki Tokudome,Kazuki Tokudome,104.0
2014-07-19,UFC Fight Night: McGregor vs Brandao,Norman Parke vs. Naoyuki Kotani,Norman Parke,-254.0
2014-07-19,UFC Fight Night: McGregor vs Brandao,Norman Parke vs. Naoyuki Kotani,Naoyuki Kotani,254.0
2015-04-25,UFC 186: Johnson vs Horiguchi,Olivier Aubin-Mercier vs. David Michaud,Olivier Aubin-Mercier,102.0
2015-04-25,UFC 186: Johnson vs Horiguchi,Olivier Aubin-Mercier vs. David Michaud,David Michaud,-102.0
2014-10-04,UFC Fight Night: MacDonald vs Saffiedine,Olivier Aubin-Mercier vs. Jake Lindsey,Olivier Aubin-Mercier,-102.0
2014-10-04,UFC Fight Night: MacDonald vs Saffiedine,Olivier Aubin-Mercier vs. Jake Lindsey,Jake Lindsey,102.0
2015-01-03,UFC 182: Jones vs Cormier,Omari Akhmedov vs. Mats Nilsson,Omari Akhmedov,-102.0
2015-01-03,UFC 182: Jones vs Cormier,Omari Akhmedov vs. Mats Nilsson,Mats Nilsson,102.0
2014-03-15,UFC 171: Hendricks vs Lawler,Ovince Saint Preux vs. Nikita Krylov,Ovince Saint Preux,254.0
2014-03-15,UFC 171: Hendricks vs Lawler,Ovince Saint Preux vs. Nikita Krylov,Nikita Krylov,-254.0
2015-04-18,UFC on FOX: Machida vs Rockhold,Ovince Saint Preux vs. Patrick Cummins,Ovince Saint Preux,254.0
2015-04-18,UFC on FOX: Machida vs Rockhold,Ovince Saint Preux vs. Patrick Cummins,Patrick Cummins,-254.0
2014-06-14,UFC 174: Johnson vs Bagautinov,Ovince Saint Preux vs. Ryan Jimmo,Ovince Saint Preux,102.0
2014-06-14,UFC 174: Johnson vs Bagautinov,Ovince Saint Preux vs. Ryan Jimmo,Ryan Jimmo,-102.0
2015-01-18,UFC Fight Night: McGregor vs Siver,Paddy Holohan vs. Shane Howell,Paddy Holohan,-254.0
2015-01-18,UFC Fight Night: McGregor vs Siver,Paddy Holohan vs. Shane Howell,Shane Howell,254.0
2013-04-06,UFC on FUEL TV: Mousasi vs Latifi,Papy Abedi vs. Besam Yousef,Papy Abedi,102.0
2013-04-06,UFC on FUEL TV: Mousasi vs Latifi,Papy Abedi vs. Besam Yousef,Besam Yousef,-102.0
2013-08-31,UFC 164: Henderson vs Pettis 2,Pascal Krauss vs. Hyun Gyu Lim,Pascal Krauss,-172.0
2013-08-31,UFC 164: Henderson vs Pettis 2,Pascal Krauss vs. Hyun Gyu Lim,Hyun Gyu Lim,172.0
2012-12-15,The Ultimate Fighter: Team Carwin vs. Team Nelson Finale,Pat Barry vs. Shane del Rosario,Pat Barry,102.0
2012-12-15,The Ultimate Fighter: Team Carwin vs. Team Nelson Finale,Pat Barry vs. Shane del Rosario,Shane del Rosario,-102.0
2013-06-15,UFC 161: Evans vs Henderson,Pat Barry vs. Shawn Jordan,Pat Barry,169.0
2013-06-15,UFC 161: Evans vs Henderson,Pat Barry vs. Shawn Jordan,Shawn Jordan,-169.0
2013-12-06,UFC Fight Night: Hunt vs Bigfoot,Pat Barry vs. Soa Palelei,Pat Barry,102.0
2013-12-06,UFC Fight Night: Hunt vs Bigfoot,Pat Barry vs. Soa Palelei,Soa Palelei,-102.0
2013-09-21,UFC 165: Jones vs Gustafsson,Pat Healy vs. Khabib Nurmagomedov,Pat Healy,302.0
2013-09-21,UFC 165: Jones vs Gustafsson,Pat Healy vs. Khabib Nurmagomedov,Khabib Nurmagomedov,-302.0
2015-04-25,UFC 186: Johnson vs Horiguchi,Patrick Cote vs. Joe Riggs,Patrick Cote,254.0
2015-04-25,UFC 186: Johnson vs Horiguchi,Patrick Cote vs. Joe Riggs,Joe Riggs,-254.0
2014-04-16,UFC Fight Night: Bisping vs Kennedy,Patrick Cote vs. Kyle Noke,Patrick Cote,254.0
2014-04-16,UFC Fight Night: Bisping vs Kennedy,Patrick Cote vs. Kyle Noke,Kyle Noke,-254.0
2014-09-27,UFC 178: Johnson vs Cariaso,Patrick Cote vs. Stephen Thompson,Patrick Cote,254.0
2014-09-27,UFC 178: Johnson vs Cariaso,Patrick Cote vs. Stephen Thompson,Stephen Thompson,-254.0
2013-02-16,UFC on FUEL TV: Barao vs McDonald,Paul Sass vs. Danny Castillo,Paul Sass,104.0
2013-02-16,UFC on FUEL TV: Barao vs McDonald,Paul Sass vs. Danny Castillo,Danny Castillo,-104.0
2013-11-09,UFC Fight Night: Belfort vs Henderson 2,Paulo Thiago vs. Brandon Thatch,Paulo Thiago,
2013-11-09,UFC Fight Night: Belfort vs Henderson 2,Paulo Thiago vs. Brandon Thatch,Brandon Thatch,
2014-05-31,UFC Fight Night: Miocic vs Maldonado,Paulo Thiago vs. Gasan Umalatov,Paulo Thiago,-100.0
2014-05-31,UFC Fight Night: Miocic vs Maldonado,Paulo Thiago vs. Gasan Umalatov,Gasan Umalatov,-100.0
2014-09-13,UFC Fight Night: Bigfoot vs Arlovski,Paulo Thiago vs. Sean Spencer,Paulo Thiago,102.0
2014-09-13,UFC Fight Night: Bigfoot vs Arlovski,Paulo Thiago vs. Sean Spencer,Sean Spencer,-102.0
2015-04-11,UFC Fight Night: Gonzaga vs Cro Cop 2,Pawel Pawlak vs. Sheldon Westcott,Pawel Pawlak,-102.0
2015-04-11,UFC Fight Night: Gonzaga vs Cro Cop 2,Pawel Pawlak vs. Sheldon Westcott,Sheldon Westcott,102.0
2014-04-26,UFC 172: Jones vs Teixeira,Phil Davis vs. Anthony Johnson,Phil Davis,102.0
2014-04-26,UFC 172: Jones vs Teixeira,Phil Davis vs. Anthony Johnson,Anthony Johnson,-102.0
2015-01-24,UFC on FOX: Gustafsson vs Johnson,Phil Davis vs. Ryan Bader,Phil Davis,-100.0
2015-01-24,UFC on FOX: Gustafsson vs Johnson,Phil Davis vs. Ryan Bader,Ryan Bader,-100.0
2013-04-27,UFC 159: Jones vs Sonnen,Phil Davis vs. Vinny Magalhaes,Phil Davis,-169.0
2013-04-27,UFC 159: Jones vs Sonnen,Phil Davis vs. Vinny Magalhaes,Vinny Magalhaes,169.0
2013-10-26,UFC Fight Night: Machida vs Munoz,Phil Harris vs. John Lineker,Phil Harris,102.0
2013-10-26,UFC Fight Night: Machida vs Munoz,Phil Harris vs. John Lineker,John Lineker,-102.0
2013-02-16,UFC on FUEL TV: Barao vs McDonald,Phil Harris vs. Ulysses Gomez,Phil Harris,
2013-02-16,UFC on FUEL TV: Barao vs McDonald,Phil Harris vs. Ulysses Gomez,Ulysses Gomez,
2012-12-29,UFC 155: Dos Santos vs Velasquez II,Philip De Fries vs. Todd Duffee,Philip De Fries,104.0
2012-12-29,UFC 155: Dos Santos vs Velasquez II,Philip De Fries vs. Todd Duffee,Todd Duffee,-104.0
2015-05-16,UFC Fight Night: Edgar vs Faber,Phillipe Nover vs. Yui Chul Nam,Phillipe Nover,104.0
2015-05-16,UFC Fight Night: Edgar vs Faber,Phillipe Nover vs. Yui Chul Nam,Yui Chul Nam,-104.0
2013-11-09,UFC Fight Night: Belfort vs Henderson 2,Rafael Cavalcante vs. Igor Pokrajac,Rafael Cavalcante,-100.0
2013-11-09,UFC Fight Night: Belfort vs Henderson 2,Rafael Cavalcante vs. Igor Pokrajac,Igor Pokrajac,-100.0
2014-06-07,UFC Fight Night: Henderson vs Khabilov,Rafael Dos Anjos vs. Jason High,Rafael Dos Anjos,-254.0
2014-06-07,UFC Fight Night: Henderson vs Khabilov,Rafael Dos Anjos vs. Jason High,Jason High,254.0
2014-04-19,UFC on FOX: Werdum vs Browne,Rafael Dos Anjos vs. Khabib Nurmagomedov,Rafael Dos Anjos,182.0
2014-04-19,UFC on FOX: Werdum vs Browne,Rafael Dos Anjos vs. Khabib Nurmagomedov,Khabib Nurmagomedov,-182.0
2014-12-13,UFC on FOX: Dos Santos vs Miocic,Rafael Dos Anjos vs. Nate Diaz,Rafael Dos Anjos,-102.0
2014-12-13,UFC on FOX: Dos Santos vs Miocic,Rafael Dos Anjos vs. Nate Diaz,Nate Diaz,102.0
2014-09-05,UFC Fight Night: Jacare vs Mousasi,Rafael Natal vs. Chris Camozzi,Rafael Natal,-102.0
2014-09-05,UFC Fight Night: Jacare vs Mousasi,Rafael Natal vs. Chris Camozzi,Chris Camozzi,102.0
2015-01-31,UFC 183: Silva vs Diaz,Rafael Natal vs. Tom Watson,Rafael Natal,-104.0
2015-01-31,UFC 183: Silva vs Diaz,Rafael Natal vs. Tom Watson,Tom Watson,104.0
2013-09-04,UFC Fight Night: Teixeira vs Bader,Rafael Natal vs. Tor Troeng,Rafael Natal,102.0
2013-09-04,UFC Fight Night: Teixeira vs Bader,Rafael Natal vs. Tor Troeng,Tor Troeng,-102.0
2014-02-22,UFC 170: Rousey vs McMann,Rafaello Oliveira vs. Erik Koch,Rafaello Oliveira,-100.0
2014-02-22,UFC 170: Rousey vs McMann,Rafaello Oliveira vs. Erik Koch,Erik Koch,-100.0
2014-01-25,UFC on FOX: Henderson vs Thomson,Ramiro Hernandez vs. Hugo Viana,Ramiro Hernandez,169.0
2014-01-25,UFC on FOX: Henderson vs Thomson,Ramiro Hernandez vs. Hugo Viana,Hugo Viana,-169.0
2014-04-11,UFC Fight Night: Minotauro vs Nelson,Ramsey Nijem vs. Beneil Dariush,Ramsey Nijem,-254.0
2014-04-11,UFC Fight Night: Minotauro vs Nelson,Ramsey Nijem vs. Beneil Dariush,Beneil Dariush,254.0
2014-08-30,UFC 177: Dillashaw vs Soto,Ramsey Nijem vs. Diego Ferreira,Ramsey Nijem,-332.0
2014-08-30,UFC 177: Dillashaw vs Soto,Ramsey Nijem vs. Diego Ferreira,Diego Ferreira,332.0
2014-01-15,UFC Fight Night: Rockhold vs Philippou,Ramsey Nijem vs. Justin Edwards,Ramsey Nijem,-254.0
2014-01-15,UFC Fight Night: Rockhold vs Philippou,Ramsey Nijem vs. Justin Edwards,Justin Edwards,254.0
2013-04-20,UFC on FOX: Henderson vs Melendez,Ramsey Nijem vs. Myles Jury,Ramsey Nijem,102.0
2013-04-20,UFC on FOX: Henderson vs Melendez,Ramsey Nijem vs. Myles Jury,Myles Jury,-102.0
2014-09-13,UFC Fight Night: Bigfoot vs Arlovski,Rani Yahya vs. Johnny Bedford,Rani Yahya,197.0
2014-09-13,UFC Fight Night: Bigfoot vs Arlovski,Rani Yahya vs. Johnny Bedford,Johnny Bedford,-197.0
2013-08-03,UFC 163: Aldo vs Jung,Rani Yahya vs. Josh Clopton,Rani Yahya,-102.0
2013-08-03,UFC 163: Aldo vs Jung,Rani Yahya vs. Josh Clopton,Josh Clopton,102.0
2014-10-04,UFC Fight Night: MacDonald vs Saffiedine,Raphael Assuncao vs. Bryan Caraway,Raphael Assuncao,-197.0
2014-10-04,UFC Fight Night: MacDonald vs Saffiedine,Raphael Assuncao vs. Bryan Caraway,Bryan Caraway,197.0
2013-10-09,UFC Fight Night: Maia vs Shields,Raphael Assuncao vs. TJ Dillashaw,Raphael Assuncao,-102.0
2013-10-09,UFC Fight Night: Maia vs Shields,Raphael Assuncao vs. TJ Dillashaw,TJ Dillashaw,102.0
2013-06-08,UFC on FUEL TV: Nogueira vs. Werdum,Raphael Assuncao vs. Vaughan Lee,Raphael Assuncao,-104.0
2013-06-08,UFC on FUEL TV: Nogueira vs. Werdum,Raphael Assuncao vs. Vaughan Lee,Vaughan Lee,104.0
2013-11-16,UFC 167: St-Pierre vs Hendricks,Rashad Evans vs. Chael Sonnen,Rashad Evans,197.0
2013-11-16,UFC 167: St-Pierre vs Hendricks,Rashad Evans vs. Chael Sonnen,Chael Sonnen,-197.0
2013-06-15,UFC 161: Evans vs Henderson,Rashad Evans vs. Dan Henderson,Rashad Evans,-254.0
2013-06-15,UFC 161: Evans vs Henderson,Rashad Evans vs. Dan Henderson,Dan Henderson,254.0
2013-02-02,UFC 156: Aldo vs Edgar,Rashad Evans vs. Rogerio Nogueira,Rashad Evans,-197.0
2013-02-02,UFC 156: Aldo vs Edgar,Rashad Evans vs. Rogerio Nogueira,Rogerio Nogueira,197.0
2015-02-14,UFC Fight Night: Henderson vs Thatch,Ray Borg vs. Chris Kelades,Ray Borg,-254.0
2015-02-14,UFC Fight Night: Henderson vs Thatch,Ray Borg vs. Chris Kelades,Chris Kelades,254.0
2013-09-21,UFC 165: Jones vs Gustafsson,Renan Barao vs. Eddie Wineland,Renan Barao,-197.0
2013-09-21,UFC 165: Jones vs Gustafsson,Renan Barao vs. Eddie Wineland,Eddie Wineland,197.0
2013-02-16,UFC on FUEL TV: Barao vs McDonald,Renan Barao vs. Michael McDonald,Renan Barao,-100.0
2013-02-16,UFC on FUEL TV: Barao vs McDonald,Renan Barao vs. Michael McDonald,Michael McDonald,-100.0
2014-12-20,UFC Fight Night: Machida vs Dollaway,Renan Barao vs. Mitch Gagnon,Renan Barao,102.0
2014-12-20,UFC Fight Night: Machida vs Dollaway,Renan Barao vs. Mitch Gagnon,Mitch Gagnon,-102.0
2014-05-24,UFC 173: Barao vs Dillashaw,Renan Barao vs. TJ Dillashaw,Renan Barao,-100.0
2014-05-24,UFC 173: Barao vs Dillashaw,Renan Barao vs. TJ Dillashaw,TJ Dillashaw,-100.0
2014-02-01,UFC 169: Barao vs Faber 2,Renan Barao vs. Urijah Faber,Renan Barao,-172.0
2014-02-01,UFC 169: Barao vs Faber 2,Renan Barao vs. Urijah Faber,Urijah Faber,172.0
2012-12-15,The Ultimate Fighter: Team Carwin vs. Team Nelson Finale,Reuben Duran vs. Hugo Viana,Reuben Duran,-102.0
2012-12-15,The Ultimate Fighter: Team Carwin vs. Team Nelson Finale,Reuben Duran vs. Hugo Viana,Hugo Viana,102.0
2013-04-06,UFC on FUEL TV: Mousasi vs Latifi,Reza Madadi vs. Michael Johnson,Reza Madadi,-100.0
2013-04-06,UFC on FUEL TV: Mousasi vs Latifi,Reza Madadi vs. Michael Johnson,Michael Johnson,-100.0
2015-06-06,UFC Fight Night: Boetsch vs Henderson,Ricardo Abreu vs. Jake Collier,Ricardo Abreu,119.0
2015-06-06,UFC Fight Night: Boetsch vs Henderson,Ricardo Abreu vs. Jake Collier,Jake Collier,-119.0
2014-11-15,UFC 180: Werdum vs Hunt,Ricardo Lamas vs. Dennis Bermudez,Ricardo Lamas,197.0
2014-11-15,UFC 180: Werdum vs Hunt,Ricardo Lamas vs. Dennis Bermudez,Dennis Bermudez,-197.0
2014-06-28,UFC Fight Night: Swanson vs Stephens,Ricardo Lamas vs. Hacran Dias,Ricardo Lamas,104.0
2014-06-28,UFC Fight Night: Swanson vs Stephens,Ricardo Lamas vs. Hacran Dias,Hacran Dias,-104.0
2015-01-31,UFC 183: Silva vs Diaz,Richardson Moreira vs. Ildemar Alcantara,Richardson Moreira,102.0
2015-01-31,UFC 183: Silva vs Diaz,Richardson Moreira vs. Ildemar Alcantara,Ildemar Alcantara,-102.0
2014-11-07,UFC Fight Night: Rockhold vs Bisping,Richie Vaculik vs. Louis Smolka,Richie Vaculik,169.0
2014-11-07,UFC Fight Night: Rockhold vs Bisping,Richie Vaculik vs. Louis Smolka,Louis Smolka,-169.0
2014-07-16,UFC Fight Night: Cowboy vs Miller,Rick Story vs. Leonardo Mafra,Rick Story,-332.0
2014-07-16,UFC Fight Night: Cowboy vs Miller,Rick Story vs. Leonardo Mafra,Leonardo Mafra,332.0
2013-03-02,UFC on FUEL TV: Silva vs. Stann,Riki Fukuda vs. Brad Tavares,Riki Fukuda,-102.0
2013-03-02,UFC on FUEL TV: Silva vs. Stann,Riki Fukuda vs. Brad Tavares,Brad Tavares,102.0
2013-07-27,UFC on FOX: Johnson vs Moraga,Robbie Lawler vs. Bobby Voelker,Robbie Lawler,-102.0
2013-07-27,UFC on FOX: Johnson vs Moraga,Robbie Lawler vs. Bobby Voelker,Bobby Voelker,102.0
2014-05-24,UFC 173: Barao vs Dillashaw,Robbie Lawler vs. Jake Ellenberger,Robbie Lawler,197.0
2014-05-24,UFC 173: Barao vs Dillashaw,Robbie Lawler vs. Jake Ellenberger,Jake Ellenberger,-197.0
2014-07-26,UFC on FOX: Lawler vs Brown,Robbie Lawler vs. Matt Brown,Robbie Lawler,102.0
2014-07-26,UFC on FOX: Lawler vs Brown,Robbie Lawler vs. Matt Brown,Matt Brown,-102.0
2013-12-28,UFC 168: Weidman vs Silva 2,Robert Peralta vs. Estevan Payan,Robert Peralta,-220.0
2013-12-28,UFC 168: Weidman vs Silva 2,Robert Peralta vs. Estevan Payan,Estevan Payan,220.0
2014-11-07,UFC Fight Night: Rockhold vs Bisping,Robert Whittaker vs. Clint Hester,Robert Whittaker,-100.0
2014-11-07,UFC Fight Night: Rockhold vs Bisping,Robert Whittaker vs. Clint Hester,Clint Hester,-100.0
2014-06-28,UFC Fight Night: Te Huna vs Marquardt,Robert Whittaker vs. Mike Rhodes,Robert Whittaker,-102.0
2014-06-28,UFC Fight Night: Te Huna vs Marquardt,Robert Whittaker vs. Mike Rhodes,Mike Rhodes,102.0
2014-02-22,UFC 170: Rousey vs McMann,Robert Whittaker vs. Stephen Thompson,Robert Whittaker,-102.0
2014-02-22,UFC 170: Rousey vs McMann,Robert Whittaker vs. Stephen Thompson,Stephen Thompson,102.0
2014-02-15,UFC Fight Night: Machida vs Mousasi,Rodrigo Damm vs. Ivan Jorge,Rodrigo Damm,-100.0
2014-02-15,UFC Fight Night: Machida vs Mousasi,Rodrigo Damm vs. Ivan Jorge,Ivan Jorge,-100.0
2013-06-08,UFC on FUEL TV: Nogueira vs. Werdum,Rodrigo Damm vs. Mizuto Hirota,Rodrigo Damm,-100.0
2013-06-08,UFC on FUEL TV: Nogueira vs. Werdum,Rodrigo Damm vs. Mizuto Hirota,Mizuto Hirota,-100.0
2014-05-31,UFC Fight Night: Miocic vs Maldonado,Rodrigo Damm vs. Rashid Magomedov,Rodrigo Damm,-100.0
2014-05-31,UFC Fight Night: Miocic vs Maldonado,Rodrigo Damm vs. Rashid Magomedov,Rashid Magomedov,-100.0
2013-09-21,UFC 165: Jones vs Gustafsson,Roland Delorme vs. Alex Caceres,Roland Delorme,104.0
2013-09-21,UFC 165: Jones vs Gustafsson,Roland Delorme vs. Alex Caceres,Alex Caceres,-104.0
2013-06-15,UFC 161: Evans vs Henderson,Roland Delorme vs. Edwin Figueroa,Roland Delorme,-139.0
2013-06-15,UFC 161: Evans vs Henderson,Roland Delorme vs. Edwin Figueroa,Edwin Figueroa,139.0
2015-05-16,UFC Fight Night: Edgar vs Faber,Roldan Sangcha'an vs. Jon Delos Reyes,Roldan Sangcha'an,-102.0
2015-05-16,UFC Fight Night: Edgar vs Faber,Roldan Sangcha'an vs. Jon Delos Reyes,Jon Delos Reyes,102.0
2015-04-04,UFC Fight Night: Mendes vs Lamas,Ron Stallings vs. Justin Jones,Ron Stallings,197.0
2015-04-04,UFC Fight Night: Mendes vs Lamas,Ron Stallings vs. Justin Jones,Justin Jones,-197.0
2013-01-19,UFC on FX: Belfort vs Bisping,Ronny Markes vs. Andrew Craig,Ronny Markes,-254.0
2013-01-19,UFC on FX: Belfort vs Bisping,Ronny Markes vs. Andrew Craig,Andrew Craig,254.0
2014-03-23,UFC Fight Night: Shogun vs Henderson 2,Ronny Markes vs. Thiago Santos,Ronny Markes,-217.0
2014-03-23,UFC Fight Night: Shogun vs Henderson 2,Ronny Markes vs. Thiago Santos,Thiago Santos,217.0
2013-11-06,UFC Fight Night: Fight for the Troops 3,Ronny Markes vs. Yoel Romero,Ronny Markes,102.0
2013-11-06,UFC Fight Night: Fight for the Troops 3,Ronny Markes vs. Yoel Romero,Yoel Romero,-102.0
2013-11-09,UFC Fight Night: Belfort vs Henderson 2,Rony Jason vs. Jeremy Stephens,Rony Jason,104.0
2013-11-09,UFC Fight Night: Belfort vs Henderson 2,Rony Jason vs. Jeremy Stephens,Jeremy Stephens,-104.0
2013-06-08,UFC on FUEL TV: Nogueira vs. Werdum,Rony Jason vs. Mike Wilkinson,Rony Jason,-104.0
2013-06-08,UFC on FUEL TV: Nogueira vs. Werdum,Rony Jason vs. Mike Wilkinson,Mike Wilkinson,104.0
2014-05-31,UFC Fight Night: Miocic vs Maldonado,Rony Jason vs. Robert Peralta,Rony Jason,102.0
2014-05-31,UFC Fight Night: Miocic vs Maldonado,Rony Jason vs. Robert Peralta,Robert Peralta,-102.0
2014-03-23,UFC Fight Night: Shogun vs Henderson 2,Rony Jason vs. Steven Siler,Rony Jason,102.0
2014-03-23,UFC Fight Night: Shogun vs Henderson 2,Rony Jason vs. Steven Siler,Steven Siler,-102.0
2014-02-22,UFC 170: Rousey vs McMann,Rory MacDonald vs. Demian Maia,Rory MacDonald,-254.0
2014-02-22,UFC 170: Rousey vs McMann,Rory MacDonald vs. Demian Maia,Demian Maia,254.0
2013-07-27,UFC on FOX: Johnson vs Moraga,Rory MacDonald vs. Jake Ellenberger,Rory MacDonald,-100.0
2013-07-27,UFC on FOX: Johnson vs Moraga,Rory MacDonald vs. Jake Ellenberger,Jake Ellenberger,-100.0
2013-11-16,UFC 167: St-Pierre vs Hendricks,Rory MacDonald vs. Robbie Lawler,Rory MacDonald,-254.0
2013-11-16,UFC 167: St-Pierre vs Hendricks,Rory MacDonald vs. Robbie Lawler,Robbie Lawler,254.0
2014-10-04,UFC Fight Night: MacDonald vs Saffiedine,Rory MacDonald vs. Tarec Saffiedine,Rory MacDonald,-254.0
2014-10-04,UFC Fight Night: MacDonald vs Saffiedine,Rory MacDonald vs. Tarec Saffiedine,Tarec Saffiedine,254.0
2014-06-14,UFC 174: Johnson vs Bagautinov,Rory MacDonald vs. Tyron Woodley,Rory MacDonald,-197.0
2014-06-14,UFC 174: Johnson vs Bagautinov,Rory MacDonald vs. Tyron Woodley,Tyron Woodley,197.0
2014-11-07,UFC Fight Night: Rockhold vs Bisping,Ross Pearson vs. Al Iaquinta,Ross Pearson,102.0
2014-11-07,UFC Fight Night: Rockhold vs Bisping,Ross Pearson vs. Al Iaquinta,Al Iaquinta,-102.0
2015-03-14,UFC 185: Pettis vs Dos Anjos,Ross Pearson vs. Sam Stout,Ross Pearson,-332.0
2015-03-14,UFC 185: Pettis vs Dos Anjos,Ross Pearson vs. Sam Stout,Sam Stout,332.0
2013-10-09,UFC Fight Night: Maia vs Shields,Rousimar Palhares vs. Mike Pierce,Rousimar Palhares,102.0
2013-10-09,UFC Fight Night: Maia vs Shields,Rousimar Palhares vs. Mike Pierce,Mike Pierce,-102.0
2015-03-14,UFC 185: Pettis vs Dos Anjos,Roy Nelson vs. Alistair Overeem,Roy Nelson,254.0
2015-03-14,UFC 185: Pettis vs Dos Anjos,Roy Nelson vs. Alistair Overeem,Alistair Overeem,-254.0
2013-04-27,UFC 159: Jones vs Sonnen,Roy Nelson vs. Cheick Kongo,Roy Nelson,301.0
2013-04-27,UFC 159: Jones vs Sonnen,Roy Nelson vs. Cheick Kongo,Cheick Kongo,-301.0
2012-12-15,The Ultimate Fighter: Team Carwin vs. Team Nelson Finale,Roy Nelson vs. Matt Mitrione,Roy Nelson,254.0
2012-12-15,The Ultimate Fighter: Team Carwin vs. Team Nelson Finale,Roy Nelson vs. Matt Mitrione,Matt Mitrione,-254.0
2013-06-15,UFC 161: Evans vs Henderson,Roy Nelson vs. Stipe Miocic,Roy Nelson,254.0
2013-06-15,UFC 161: Evans vs Henderson,Roy Nelson vs. Stipe Miocic,Stipe Miocic,-254.0
2014-08-30,UFC 177: Dillashaw vs Soto,Ruan Potts vs. Anthony Hamilton,Ruan Potts,208.0
2014-08-30,UFC 177: Dillashaw vs Soto,Ruan Potts vs. Anthony Hamilton,Anthony Hamilton,-208.0
2015-02-22,UFC Fight Night: Bigfoot vs Mir,Rustam Khabilov vs. Adriano Martins,Rustam Khabilov,-169.0
2015-02-22,UFC Fight Night: Bigfoot vs Mir,Rustam Khabilov vs. Adriano Martins,Adriano Martins,169.0
2013-12-06,UFC Fight Night: Hunt vs Bigfoot,Ryan Bader vs. Anthony Perosh,Ryan Bader,-332.0
2013-12-06,UFC Fight Night: Hunt vs Bigfoot,Ryan Bader vs. Anthony Perosh,Anthony Perosh,332.0
2014-08-16,UFC Fight Night: Bader vs Saint Preux,Ryan Bader vs. Ovince Saint Preux,Ryan Bader,-254.0
2014-08-16,UFC Fight Night: Bader vs Saint Preux,Ryan Bader vs. Ovince Saint Preux,Ovince Saint Preux,254.0
2014-06-14,UFC 174: Johnson vs Bagautinov,Ryan Bader vs. Rafael Cavalcante,Ryan Bader,-254.0
2014-06-14,UFC 174: Johnson vs Bagautinov,Ryan Bader vs. Rafael Cavalcante,Rafael Cavalcante,254.0
2013-01-26,UFC on FOX: Johnson vs Dodson,Ryan Bader vs. Vladimir Matyushenko,Ryan Bader,-197.0
2013-01-26,UFC on FOX: Johnson vs Dodson,Ryan Bader vs. Vladimir Matyushenko,Vladimir Matyushenko,197.0
2013-08-31,UFC 164: Henderson vs Pettis 2,Ryan Couture vs. Al Iaquinta,Ryan Couture,102.0
2013-08-31,UFC 164: Henderson vs Pettis 2,Ryan Couture vs. Al Iaquinta,Al Iaquinta,-102.0
2013-06-15,UFC 161: Evans vs Henderson,Ryan Jimmo vs. Igor Pokrajac,Ryan Jimmo,-104.0
2013-06-15,UFC 161: Evans vs Henderson,Ryan Jimmo vs. Igor Pokrajac,Igor Pokrajac,104.0
2014-08-23,UFC Fight Night: Bisping vs Le,Sai Wang vs. Danny Mitchell,Sai Wang,102.0
2014-08-23,UFC Fight Night: Bisping vs Le,Sai Wang vs. Danny Mitchell,Danny Mitchell,-102.0
2013-04-13,The Ultimate Fighter: Team Jones vs. Team Sonnen Finale,Sam Sicilia vs. Maximo Blanco,Sam Sicilia,102.0
2013-04-13,The Ultimate Fighter: Team Jones vs. Team Sonnen Finale,Sam Sicilia vs. Maximo Blanco,Maximo Blanco,-102.0
2013-12-14,UFC on FOX: Johnson vs. Benavidez 2,Sam Stout vs. Cody McKenzie,Sam Stout,197.0
2013-12-14,UFC on FOX: Johnson vs. Benavidez 2,Sam Stout vs. Cody McKenzie,Cody McKenzie,-197.0
2014-04-16,UFC Fight Night: Bisping vs Kennedy,Sam Stout vs. KJ Noons,Sam Stout,114.0
2014-04-16,UFC Fight Night: Bisping vs Kennedy,Sam Stout vs. KJ Noons,KJ Noons,-114.0
2015-02-22,UFC Fight Night: Bigfoot vs Mir,Santiago Ponzinibbio vs. Sean Strickland,Santiago Ponzinibbio,202.0
2015-02-22,UFC Fight Night: Bigfoot vs Mir,Santiago Ponzinibbio vs. Sean Strickland,Sean Strickland,-202.0
2014-06-07,UFC Fight Night: Henderson vs Khabilov,Scott Jorgensen vs. Danny Martinez,Scott Jorgensen,102.0
2014-06-07,UFC Fight Night: Henderson vs Khabilov,Scott Jorgensen vs. Danny Martinez,Danny Martinez,-102.0
2014-10-25,UFC 179: Aldo vs Mendes 2,Scott Jorgensen vs. Wilson Reis,Scott Jorgensen,197.0
2014-10-25,UFC 179: Aldo vs Mendes 2,Scott Jorgensen vs. Wilson Reis,Wilson Reis,-197.0
2013-06-15,UFC 161: Evans vs Henderson,Sean Pierson vs. Kenny Robertson,Sean Pierson,-100.0
2013-06-15,UFC 161: Evans vs Henderson,Sean Pierson vs. Kenny Robertson,Kenny Robertson,-100.0
2014-09-05,UFC Fight Night: Jacare vs Mousasi,Sean Soriano vs. Chas Skelly,Sean Soriano,197.0
2014-09-05,UFC Fight Night: Jacare vs Mousasi,Sean Soriano vs. Chas Skelly,Chas Skelly,-197.0
2014-03-15,UFC 171: Hendricks vs Lawler,Sean Spencer vs. Alex Garcia,Sean Spencer,104.0
2014-03-15,UFC 171: Hendricks vs Lawler,Sean Spencer vs. Alex Garcia,Alex Garcia,-104.0
2013-08-03,UFC 163: Aldo vs Jung,Sergio Moraes vs. Neil Magny,Sergio Moraes,197.0
2013-08-03,UFC 163: Aldo vs Jung,Sergio Moraes vs. Neil Magny,Neil Magny,-197.0
2014-12-06,UFC 181: Hendricks vs Lawler II,Sergio Pettis vs. Matt Hobar,Sergio Pettis,-102.0
2014-12-06,UFC 181: Hendricks vs Lawler II,Sergio Pettis vs. Matt Hobar,Matt Hobar,102.0
2015-03-14,UFC 185: Pettis vs Dos Anjos,Sergio Pettis vs. Ryan Benoit,Sergio Pettis,-197.0
2015-03-14,UFC 185: Pettis vs Dos Anjos,Sergio Pettis vs. Ryan Benoit,Ryan Benoit,197.0
2015-04-11,UFC Fight Night: Gonzaga vs Cro Cop 2,Seth Baczynski vs. Leon Edwards,Seth Baczynski,254.0
2015-04-11,UFC Fight Night: Gonzaga vs Cro Cop 2,Seth Baczynski vs. Leon Edwards,Leon Edwards,-254.0
2015-06-06,UFC Fight Night: Boetsch vs Henderson,Shawn Jordan vs. Derrick Lewis,Shawn Jordan,-102.0
2015-06-06,UFC Fight Night: Boetsch vs Henderson,Shawn Jordan vs. Derrick Lewis,Derrick Lewis,102.0
2014-08-16,UFC Fight Night: Bader vs Saint Preux,Shawn Jordan vs. Jack May,Shawn Jordan,-197.0
2014-08-16,UFC Fight Night: Bader vs Saint Preux,Shawn Jordan vs. Jack May,Jack May,197.0
2013-01-26,UFC on FOX: Johnson vs Dodson,Simeon Thoresen vs. David Mitchell,Simeon Thoresen,-104.0
2013-01-26,UFC on FOX: Johnson vs Dodson,Simeon Thoresen vs. David Mitchell,David Mitchell,104.0
2014-06-28,UFC Fight Night: Te Huna vs Marquardt,Soa Palelei vs. Jared Rosholt,Soa Palelei,254.0
2014-06-28,UFC Fight Night: Te Huna vs Marquardt,Soa Palelei vs. Jared Rosholt,Jared Rosholt,-254.0
2014-11-07,UFC Fight Night: Rockhold vs Bisping,Soa Palelei vs. Walt Harris,Soa Palelei,-100.0
2014-11-07,UFC Fight Night: Rockhold vs Bisping,Soa Palelei vs. Walt Harris,Walt Harris,-100.0
2013-03-02,UFC on FUEL TV: Silva vs. Stann,Stefan Struve vs. Mark Hunt,Stefan Struve,254.0
2013-03-02,UFC on FUEL TV: Silva vs. Stann,Stefan Struve vs. Mark Hunt,Mark Hunt,-254.0
2013-05-25,UFC 160: Velasquez vs Silva 2,Stephen Thompson vs. Nah-Shon Burrell,Stephen Thompson,102.0
2013-05-25,UFC 160: Velasquez vs Silva 2,Stephen Thompson vs. Nah-Shon Burrell,Nah-Shon Burrell,-102.0
2014-07-26,UFC on FOX: Lawler vs Brown,Steven Siler vs. Noad Lahat,Steven Siler,-102.0
2014-07-26,UFC on FOX: Lawler vs Brown,Steven Siler vs. Noad Lahat,Noad Lahat,102.0
2014-05-31,UFC Fight Night: Miocic vs Maldonado,Stipe Miocic vs. Fabio Maldonado,Stipe Miocic,-102.0
2014-05-31,UFC Fight Night: Miocic vs Maldonado,Stipe Miocic vs. Fabio Maldonado,Fabio Maldonado,102.0
2014-01-25,UFC on FOX: Henderson vs Thomson,Stipe Miocic vs. Gabriel Gonzaga,Stipe Miocic,102.0
2014-01-25,UFC on FOX: Henderson vs Thomson,Stipe Miocic vs. Gabriel Gonzaga,Gabriel Gonzaga,-102.0
2015-05-09,UFC Fight Night: Miocic vs Hunt,Stipe Miocic vs. Mark Hunt,Stipe Miocic,-102.0
2015-05-09,UFC Fight Night: Miocic vs Hunt,Stipe Miocic vs. Mark Hunt,Mark Hunt,102.0
2013-04-20,UFC on FOX: Henderson vs Melendez,TJ Dillashaw vs. Hugo Viana,TJ Dillashaw,-169.0
2013-04-20,UFC on FOX: Henderson vs Melendez,TJ Dillashaw vs. Hugo Viana,Hugo Viana,169.0
2013-03-16,UFC 158: St-Pierre vs Diaz,TJ Dillashaw vs. Issei Tamura,TJ Dillashaw,-197.0
2013-03-16,UFC 158: St-Pierre vs Diaz,TJ Dillashaw vs. Issei Tamura,Issei Tamura,197.0
2014-01-15,UFC Fight Night: Rockhold vs Philippou,TJ Dillashaw vs. Mike Easton,TJ Dillashaw,-102.0
2014-01-15,UFC Fight Night: Rockhold vs Philippou,TJ Dillashaw vs. Mike Easton,Mike Easton,102.0
2013-01-26,UFC on FOX: Johnson vs Dodson,TJ Grant vs. Matt Wiman,TJ Grant,-100.0
2013-01-26,UFC on FOX: Johnson vs Dodson,TJ Grant vs. Matt Wiman,Matt Wiman,-100.0
2013-10-19,UFC 166: Velasquez vs Dos Santos 3,TJ Waldburger vs. Adlan Amagov,TJ Waldburger,110.0
2013-10-19,UFC 166: Velasquez vs Dos Santos 3,TJ Waldburger vs. Adlan Amagov,Adlan Amagov,-110.0
2012-12-15,The Ultimate Fighter: Team Carwin vs. Team Nelson Finale,TJ Waldburger vs. Nick Catone,TJ Waldburger,-100.0
2012-12-15,The Ultimate Fighter: Team Carwin vs. Team Nelson Finale,TJ Waldburger vs. Nick Catone,Nick Catone,-100.0
2015-05-16,UFC Fight Night: Edgar vs Faber,Tae Hyun Bang vs. Jon Tuck,Tae Hyun Bang,-104.0
2015-05-16,UFC Fight Night: Edgar vs Faber,Tae Hyun Bang vs. Jon Tuck,Jon Tuck,104.0
2013-03-02,UFC on FUEL TV: Silva vs. Stann,Takanori Gomi vs. Diego Sanchez,Takanori Gomi,169.0
2013-03-02,UFC on FUEL TV: Silva vs. Stann,Takanori Gomi vs. Diego Sanchez,Diego Sanchez,-169.0
2014-04-26,UFC 172: Jones vs Teixeira,Takanori Gomi vs. Isaac Vallie-Flagg,Takanori Gomi,-104.0
2014-04-26,UFC 172: Jones vs Teixeira,Takanori Gomi vs. Isaac Vallie-Flagg,Isaac Vallie-Flagg,104.0
2013-03-02,UFC on FUEL TV: Silva vs. Stann,Takeya Mizugaki vs. Bryan Caraway,Takeya Mizugaki,102.0
2013-03-02,UFC on FUEL TV: Silva vs. Stann,Takeya Mizugaki vs. Bryan Caraway,Bryan Caraway,-102.0
2013-08-28,UFC Fight Night: Condit vs Kampmann 2,Takeya Mizugaki vs. Erik Perez,Takeya Mizugaki,104.0
2013-08-28,UFC Fight Night: Condit vs Kampmann 2,Takeya Mizugaki vs. Erik Perez,Erik Perez,-104.0
2014-05-24,UFC 173: Barao vs Dillashaw,Takeya Mizugaki vs. Francisco Rivera,Takeya Mizugaki,-102.0
2014-05-24,UFC 173: Barao vs Dillashaw,Takeya Mizugaki vs. Francisco Rivera,Francisco Rivera,102.0
2013-12-06,UFC Fight Night: Hunt vs Bigfoot,Takeya Mizugaki vs. Nam Phan,Takeya Mizugaki,-169.0
2013-12-06,UFC Fight Night: Hunt vs Bigfoot,Takeya Mizugaki vs. Nam Phan,Nam Phan,169.0
2015-01-18,UFC Fight Night: McGregor vs Siver,Tateki Matsuda vs. Joby Sanchez,Tateki Matsuda,119.0
2015-01-18,UFC Fight Night: McGregor vs Siver,Tateki Matsuda vs. Joby Sanchez,Joby Sanchez,-119.0
2013-02-16,UFC on FUEL TV: Barao vs McDonald,Terry Etim vs. Renee Forte,Terry Etim,-100.0
2013-02-16,UFC on FUEL TV: Barao vs McDonald,Terry Etim vs. Renee Forte,Renee Forte,-100.0
2015-01-31,UFC 183: Silva vs Diaz,Thales Leites vs. Tim Boetsch,Thales Leites,-104.0
2015-01-31,UFC 183: Silva vs Diaz,Thales Leites vs. Tim Boetsch,Tim Boetsch,104.0
2013-08-03,UFC 163: Aldo vs Jung,Thales Leites vs. Tom Watson,Thales Leites,-100.0
2013-08-03,UFC 163: Aldo vs Jung,Thales Leites vs. Tom Watson,Tom Watson,-100.0
2014-04-11,UFC Fight Night: Minotauro vs Nelson,Thales Leites vs. Trevor Smith,Thales Leites,102.0
2014-04-11,UFC Fight Night: Minotauro vs Nelson,Thales Leites vs. Trevor Smith,Trevor Smith,-102.0
2014-04-19,UFC on FOX: Werdum vs Browne,Thiago Alves vs. Seth Baczynski,Thiago Alves,-254.0
2014-04-19,UFC on FOX: Werdum vs Browne,Thiago Alves vs. Seth Baczynski,Seth Baczynski,254.0
2014-03-23,UFC Fight Night: Shogun vs Henderson 2,Thiago Perpetuo vs. Kenny Robertson,Thiago Perpetuo,-197.0
2014-03-23,UFC Fight Night: Shogun vs Henderson 2,Thiago Perpetuo vs. Kenny Robertson,Kenny Robertson,197.0
2015-01-31,UFC 183: Silva vs Diaz,Thiago Santos vs. Andy Enz,Thiago Santos,-100.0
2015-01-31,UFC 183: Silva vs Diaz,Thiago Santos vs. Andy Enz,Andy Enz,-100.0
2013-10-09,UFC Fight Night: Maia vs Shields,Thiago Silva vs. Matt Hamill,Thiago Silva,102.0
2013-10-09,UFC Fight Night: Maia vs Shields,Thiago Silva vs. Matt Hamill,Matt Hamill,-102.0
2013-11-09,UFC Fight Night: Belfort vs Henderson 2,Thiago Tavares vs. Justin Salas,Thiago Tavares,-102.0
2013-11-09,UFC Fight Night: Belfort vs Henderson 2,Thiago Tavares vs. Justin Salas,Justin Salas,102.0
2013-01-19,UFC on FX: Belfort vs Bisping,Thiago Tavares vs. Khabib Nurmagomedov,Thiago Tavares,-102.0
2013-01-19,UFC on FX: Belfort vs Bisping,Thiago Tavares vs. Khabib Nurmagomedov,Khabib Nurmagomedov,102.0
2014-08-16,UFC Fight Night: Bader vs Saint Preux,Thiago Tavares vs. Robert Peralta,Thiago Tavares,-102.0
2014-08-16,UFC Fight Night: Bader vs Saint Preux,Thiago Tavares vs. Robert Peralta,Robert Peralta,102.0
2015-02-22,UFC Fight Night: Bigfoot vs Mir,Tiago dos Santos e Silva vs. Mike de la Torre,Tiago dos Santos e Silva,-100.0
2015-02-22,UFC Fight Night: Bigfoot vs Mir,Tiago dos Santos e Silva vs. Mike de la Torre,Mike de la Torre,-100.0
2014-08-16,UFC Fight Night: Bader vs Saint Preux,Tim Boetsch vs. Brad Tavares,Tim Boetsch,169.0
2014-08-16,UFC Fight Night: Bader vs Saint Preux,Tim Boetsch vs. Brad Tavares,Brad Tavares,-169.0
2013-10-19,UFC 166: Velasquez vs Dos Santos 3,Tim Boetsch vs. CB Dollaway,Tim Boetsch,112.0
2013-10-19,UFC 166: Velasquez vs Dos Santos 3,Tim Boetsch vs. CB Dollaway,CB Dollaway,-112.0
2012-12-29,UFC 155: Dos Santos vs Velasquez II,Tim Boetsch vs. Constantinos Philippou,Tim Boetsch,-104.0
2012-12-29,UFC 155: Dos Santos vs Velasquez II,Tim Boetsch vs. Constantinos Philippou,Constantinos Philippou,104.0
2015-06-06,UFC Fight Night: Boetsch vs Henderson,Tim Boetsch vs. Dan Henderson,Tim Boetsch,-119.0
2015-06-06,UFC Fight Night: Boetsch vs Henderson,Tim Boetsch vs. Dan Henderson,Dan Henderson,119.0
2013-11-16,UFC 167: St-Pierre vs Hendricks,Tim Elliott vs. Ali Bagautinov,Tim Elliott,-104.0
2013-11-16,UFC 167: St-Pierre vs Hendricks,Tim Elliott vs. Ali Bagautinov,Ali Bagautinov,104.0
2013-11-06,UFC Fight Night: Fight for the Troops 3,Tim Kennedy vs. Rafael Natal,Tim Kennedy,197.0
2013-11-06,UFC Fight Night: Fight for the Troops 3,Tim Kennedy vs. Rafael Natal,Rafael Natal,-197.0
2014-09-27,UFC 178: Johnson vs Cariaso,Tim Kennedy vs. Yoel Romero,Tim Kennedy,102.0
2014-09-27,UFC 178: Johnson vs Cariaso,Tim Kennedy vs. Yoel Romero,Yoel Romero,-102.0
2014-12-06,UFC 181: Hendricks vs Lawler II,Todd Duffee vs. Anthony Hamilton,Todd Duffee,102.0
2014-12-06,UFC 181: Hendricks vs Lawler II,Todd Duffee vs. Anthony Hamilton,Anthony Hamilton,-102.0
2013-02-16,UFC on FUEL TV: Barao vs McDonald,Tom Watson vs. Stanislav Nedkov,Tom Watson,197.0
2013-02-16,UFC on FUEL TV: Barao vs McDonald,Tom Watson vs. Stanislav Nedkov,Stanislav Nedkov,-197.0
2014-12-06,UFC 181: Hendricks vs Lawler II,Tony Ferguson vs. Abel Trujillo,Tony Ferguson,-100.0
2014-12-06,UFC 181: Hendricks vs Lawler II,Tony Ferguson vs. Abel Trujillo,Abel Trujillo,-100.0
2014-08-30,UFC 177: Dillashaw vs Soto,Tony Ferguson vs. Danny Castillo,Tony Ferguson,102.0
2014-08-30,UFC 177: Dillashaw vs Soto,Tony Ferguson vs. Danny Castillo,Danny Castillo,-102.0
2015-02-28,UFC 184: Rousey vs Zingano,Tony Ferguson vs. Gleison Tibau,Tony Ferguson,-104.0
2015-02-28,UFC 184: Rousey vs Zingano,Tony Ferguson vs. Gleison Tibau,Gleison Tibau,104.0
2014-05-24,UFC 173: Barao vs Dillashaw,Tony Ferguson vs. Katsunori Kikuno,Tony Ferguson,102.0
2014-05-24,UFC 173: Barao vs Dillashaw,Tony Ferguson vs. Katsunori Kikuno,Katsunori Kikuno,-102.0
2013-10-19,UFC 166: Velasquez vs Dos Santos 3,Tony Ferguson vs. Mike Rio,Tony Ferguson,-104.0
2013-10-19,UFC 166: Velasquez vs Dos Santos 3,Tony Ferguson vs. Mike Rio,Mike Rio,104.0
2014-10-04,UFC Fight Night: Nelson vs Story,Tor Troeng vs. Krzysztof Jotko,Tor Troeng,119.0
2014-10-04,UFC Fight Night: Nelson vs Story,Tor Troeng vs. Krzysztof Jotko,Krzysztof Jotko,-119.0
2014-07-19,UFC Fight Night: McGregor vs Brandao,Tor Troeng vs. Trevor Smith,Tor Troeng,-100.0
2014-07-19,UFC Fight Night: McGregor vs Brandao,Tor Troeng vs. Trevor Smith,Trevor Smith,-100.0
2015-05-23,UFC 187: Johnson vs Cormier,Travis Browne vs. Andrei Arlovski,Travis Browne,148.0
2015-05-23,UFC 187: Johnson vs Cormier,Travis Browne vs. Andrei Arlovski,Andrei Arlovski,-148.0
2014-12-06,UFC 181: Hendricks vs Lawler II,Travis Browne vs. Brendan Schaub,Travis Browne,197.0
2014-12-06,UFC 181: Hendricks vs Lawler II,Travis Browne vs. Brendan Schaub,Brendan Schaub,-197.0
2013-04-13,The Ultimate Fighter: Team Jones vs. Team Sonnen Finale,Travis Browne vs. Gabriel Gonzaga,Travis Browne,197.0
2013-04-13,The Ultimate Fighter: Team Jones vs. Team Sonnen Finale,Travis Browne vs. Gabriel Gonzaga,Gabriel Gonzaga,-197.0
2014-01-15,UFC Fight Night: Rockhold vs Philippou,Trevor Smith vs. Brian Houston,Trevor Smith,-119.0
2014-01-15,UFC Fight Night: Rockhold vs Philippou,Trevor Smith vs. Brian Houston,Brian Houston,119.0
2014-08-23,UFC Fight Night: Bisping vs Le,Tyron Woodley vs. Dong Hyun Kim,Tyron Woodley,147.0
2014-08-23,UFC Fight Night: Bisping vs Le,Tyron Woodley vs. Dong Hyun Kim,Dong Hyun Kim,-147.0
2015-01-31,UFC 183: Silva vs Diaz,Tyron Woodley vs. Kelvin Gastelum,Tyron Woodley,197.0
2015-01-31,UFC 183: Silva vs Diaz,Tyron Woodley vs. Kelvin Gastelum,Kelvin Gastelum,-197.0
2013-08-17,UFC Fight Night: Shogun vs Sonnen,Uriah Hall vs. John Howard,Uriah Hall,-100.0
2013-08-17,UFC Fight Night: Shogun vs Sonnen,Uriah Hall vs. John Howard,John Howard,-100.0
2015-05-23,UFC 187: Johnson vs Cormier,Uriah Hall vs. Rafael Natal,Uriah Hall,102.0
2015-05-23,UFC 187: Johnson vs Cormier,Uriah Hall vs. Rafael Natal,Rafael Natal,-102.0
2014-07-05,UFC 175: Weidman vs Machida,Uriah Hall vs. Thiago Santos,Uriah Hall,-119.0
2014-07-05,UFC 175: Weidman vs Machida,Uriah Hall vs. Thiago Santos,Thiago Santos,119.0
2014-07-05,UFC 175: Weidman vs Machida,Urijah Faber vs. Alex Caceres,Urijah Faber,197.0
2014-07-05,UFC 175: Weidman vs Machida,Urijah Faber vs. Alex Caceres,Alex Caceres,-197.0
2014-12-06,UFC 181: Hendricks vs Lawler II,Urijah Faber vs. Francisco Rivera,Urijah Faber,102.0
2014-12-06,UFC 181: Hendricks vs Lawler II,Urijah Faber vs. Francisco Rivera,Francisco Rivera,-102.0
2013-08-17,UFC Fight Night: Shogun vs Sonnen,Urijah Faber vs. Iuri Alcantara,Urijah Faber,-100.0
2013-08-17,UFC Fight Night: Shogun vs Sonnen,Urijah Faber vs. Iuri Alcantara,Iuri Alcantara,-100.0
2013-02-23,UFC 157: Rousey vs Carmouche,Urijah Faber vs. Ivan Menjivar,Urijah Faber,-100.0
2013-02-23,UFC 157: Rousey vs Carmouche,Urijah Faber vs. Ivan Menjivar,Ivan Menjivar,-100.0
2013-12-14,UFC on FOX: Johnson vs. Benavidez 2,Urijah Faber vs. Michael McDonald,Urijah Faber,197.0
2013-12-14,UFC on FOX: Johnson vs. Benavidez 2,Urijah Faber vs. Michael McDonald,Michael McDonald,-197.0
2013-04-13,The Ultimate Fighter: Team Jones vs. Team Sonnen Finale,Urijah Faber vs. Scott Jorgensen,Urijah Faber,102.0
2013-04-13,The Ultimate Fighter: Team Jones vs. Team Sonnen Finale,Urijah Faber vs. Scott Jorgensen,Scott Jorgensen,-102.0
2014-05-31,UFC Fight Night: Munoz vs Mousasi,Vaughan Lee vs. Iuri Alcantara,Vaughan Lee,-169.0
2014-05-31,UFC Fight Night: Munoz vs Mousasi,Vaughan Lee vs. Iuri Alcantara,Iuri Alcantara,169.0
2013-02-16,UFC on FUEL TV: Barao vs McDonald,Vaughan Lee vs. Motonobu Tezuka,Vaughan Lee,-102.0
2013-02-16,UFC on FUEL TV: Barao vs McDonald,Vaughan Lee vs. Motonobu Tezuka,Motonobu Tezuka,102.0
2015-05-09,UFC Fight Night: Miocic vs Hunt,Vik Grujic vs. Brendan O'Reilly,Vik Grujic,119.0
2015-05-09,UFC Fight Night: Miocic vs Hunt,Vik Grujic vs. Brendan O'Reilly,Brendan O'Reilly,-119.0
2014-11-07,UFC Fight Night: Rockhold vs Bisping,Vik Grujic vs. Chris Clements,Vik Grujic,-100.0
2014-11-07,UFC Fight Night: Rockhold vs Bisping,Vik Grujic vs. Chris Clements,Chris Clements,-100.0
2014-01-15,UFC Fight Night: Rockhold vs Philippou,Vinc Pichel vs. Garett Whiteley,Vinc Pichel,104.0
2014-01-15,UFC Fight Night: Rockhold vs Philippou,Vinc Pichel vs. Garett Whiteley,Garett Whiteley,-104.0
2013-08-03,UFC 163: Aldo vs Jung,Vinny Magalhaes vs. Anthony Perosh,Vinny Magalhaes,-197.0
2013-08-03,UFC 163: Aldo vs Jung,Vinny Magalhaes vs. Anthony Perosh,Anthony Perosh,197.0
2014-02-15,UFC Fight Night: Machida vs Mousasi,Viscardi Andrade vs. Nicholas Musoke,Viscardi Andrade,-254.0
2014-02-15,UFC Fight Night: Machida vs Mousasi,Viscardi Andrade vs. Nicholas Musoke,Nicholas Musoke,254.0
2013-11-09,UFC Fight Night: Belfort vs Henderson 2,Vitor Belfort vs. Dan Henderson,Vitor Belfort,-197.0
2013-11-09,UFC Fight Night: Belfort vs Henderson 2,Vitor Belfort vs. Dan Henderson,Dan Henderson,197.0
2013-01-19,UFC on FX: Belfort vs Bisping,Vitor Belfort vs. Michael Bisping,Vitor Belfort,139.0
2013-01-19,UFC on FX: Belfort vs Bisping,Vitor Belfort vs. Michael Bisping,Michael Bisping,-139.0
2014-11-08,UFC Fight Night 56: Shogun vs Saint Preux,Wagner Silva vs. Colby Covington,Wagner Silva,
2014-11-08,UFC Fight Night 56: Shogun vs Saint Preux,Wagner Silva vs. Colby Covington,Colby Covington,
2014-01-25,UFC on FOX: Henderson vs Thomson,Walt Harris vs. Nikita Krylov,Walt Harris,104.0
2014-01-25,UFC on FOX: Henderson vs Thomson,Walt Harris vs. Nikita Krylov,Nikita Krylov,-104.0
2013-03-02,UFC on FUEL TV: Silva vs. Stann,Wanderlei Silva vs. Brian Stann,Wanderlei Silva,102.0
2013-03-02,UFC on FUEL TV: Silva vs. Stann,Wanderlei Silva vs. Brian Stann,Brian Stann,-102.0
2014-11-08,UFC Fight Night 56: Shogun vs Saint Preux,Warlley Alves vs. Alan Jouban,Warlley Alves,-254.0
2014-11-08,UFC Fight Night 56: Shogun vs Saint Preux,Warlley Alves vs. Alan Jouban,Alan Jouban,254.0
2014-03-15,UFC 171: Hendricks vs Lawler,Will Campuzano vs. Justin Scoggins,Will Campuzano,
2014-03-15,UFC 171: Hendricks vs Lawler,Will Campuzano vs. Justin Scoggins,Justin Scoggins,
2013-12-28,UFC 168: Weidman vs Silva 2,William Macario vs. Bobby Voelker,William Macario,-254.0
2013-12-28,UFC 168: Weidman vs Silva 2,William Macario vs. Bobby Voelker,Bobby Voelker,254.0
2015-02-22,UFC Fight Night: Bigfoot vs Mir,William Macario vs. Matt Dwyer,William Macario,-199.0
2015-02-22,UFC Fight Night: Bigfoot vs Mir,William Macario vs. Matt Dwyer,Matt Dwyer,199.0
2014-10-25,UFC 179: Aldo vs Mendes 2,William Macario vs. Neil Magny,William Macario,-197.0
2014-10-25,UFC 179: Aldo vs Mendes 2,William Macario vs. Neil Magny,Neil Magny,197.0
2015-06-13,UFC 188: Velasquez vs Werdum,Yair Rodriguez vs. Charles Rosa,Yair Rodriguez,-119.0
2015-06-13,UFC 188: Velasquez vs Werdum,Yair Rodriguez vs. Charles Rosa,Charles Rosa,119.0
2014-10-25,UFC 179: Aldo vs Mendes 2,Yan Cabral vs. Naoyuki Kotani,Yan Cabral,-254.0
2014-10-25,UFC 179: Aldo vs Mendes 2,Yan Cabral vs. Naoyuki Kotani,Naoyuki Kotani,254.0
2014-05-10,UFC Fight Night: Brown vs Silva,Yan Cabral vs. Zak Cummings,Yan Cabral,-119.0
2014-05-10,UFC Fight Night: Brown vs Silva,Yan Cabral vs. Zak Cummings,Zak Cummings,119.0
2014-06-07,UFC Fight Night: Henderson vs Khabilov,Yaotzin Meza vs. Sergio Pettis,Yaotzin Meza,254.0
2014-06-07,UFC Fight Night: Henderson vs Khabilov,Yaotzin Meza vs. Sergio Pettis,Sergio Pettis,-254.0
2014-01-15,UFC Fight Night: Rockhold vs Philippou,Yoel Romero vs. Derek Brunson,Yoel Romero,102.0
2014-01-15,UFC Fight Night: Rockhold vs Philippou,Yoel Romero vs. Derek Brunson,Derek Brunson,-102.0
2014-09-20,UFC Fight Night: Hunt vs Nelson,Yoshihiro Akiyama vs. Amir Sadollah,Yoshihiro Akiyama,102.0
2014-09-20,UFC Fight Night: Hunt vs Nelson,Yoshihiro Akiyama vs. Amir Sadollah,Amir Sadollah,-102.0
2013-09-04,UFC Fight Night: Teixeira vs Bader,Yuri Villefort vs. Sean Spencer,Yuri Villefort,-172.0
2013-09-04,UFC Fight Night: Teixeira vs Bader,Yuri Villefort vs. Sean Spencer,Sean Spencer,172.0
2012-12-29,UFC 155: Dos Santos vs Velasquez II,Yushin Okami vs. Alan Belcher,Yushin Okami,-102.0
2012-12-29,UFC 155: Dos Santos vs Velasquez II,Yushin Okami vs. Alan Belcher,Alan Belcher,102.0
2013-03-02,UFC on FUEL TV: Silva vs. Stann,Yushin Okami vs. Hector Lombard,Yushin Okami,-197.0
2013-03-02,UFC on FUEL TV: Silva vs. Stann,Yushin Okami vs. Hector Lombard,Hector Lombard,197.0
2013-09-04,UFC Fight Night: Teixeira vs Bader,Yushin Okami vs. Jacare Souza,Yushin Okami,197.0
2013-09-04,UFC Fight Night: Teixeira vs Bader,Yushin Okami vs. Jacare Souza,Jacare Souza,-197.0
2014-11-22,UFC Fight Night: Edgar vs Swanson,Yves Edwards vs. Akbarh Arreola,Yves Edwards,-102.0
2014-11-22,UFC Fight Night: Edgar vs Swanson,Yves Edwards vs. Akbarh Arreola,Akbarh Arreola,102.0
2013-07-27,UFC on FOX: Johnson vs Moraga,Yves Edwards vs. Daron Cruickshank,Yves Edwards,-100.0
2013-07-27,UFC on FOX: Johnson vs Moraga,Yves Edwards vs. Daron Cruickshank,Daron Cruickshank,-100.0
2014-06-07,UFC Fight Night: Henderson vs Khabilov,Yves Edwards vs. Piotr Hallmann,Yves Edwards,-100.0
2014-06-07,UFC Fight Night: Henderson vs Khabilov,Yves Edwards vs. Piotr Hallmann,Piotr Hallmann,-100.0
2013-06-15,UFC 161: Evans vs Henderson,Yves Jabouin vs. Dustin Pague,Yves Jabouin,-104.0
2013-06-15,UFC 161: Evans vs Henderson,Yves Jabouin vs. Dustin Pague,Dustin Pague,104.0
2014-06-14,UFC 174: Johnson vs Bagautinov,Yves Jabouin vs. Mike Easton,Yves Jabouin,102.0
2014-06-14,UFC 174: Johnson vs Bagautinov,Yves Jabouin vs. Mike Easton,Mike Easton,-102.0
2015-04-25,UFC 186: Johnson vs Horiguchi,Yves Jabouin vs. Thomas Almeida,Yves Jabouin,104.0
2015-04-25,UFC 186: Johnson vs Horiguchi,Yves Jabouin vs. Thomas Almeida,Thomas Almeida,-104.0
2014-02-22,UFC 170: Rousey vs McMann,Zach Makovsky vs. Josh Sampo,Zach Makovsky,102.0
2014-02-22,UFC 170: Rousey vs McMann,Zach Makovsky vs. Josh Sampo,Josh Sampo,-102.0
2015-02-14,UFC Fight Night: Henderson vs Thatch,Zach Makovsky vs. Tim Elliott,Zach Makovsky,102.0
2015-02-14,UFC Fight Night: Henderson vs Thatch,Zach Makovsky vs. Tim Elliott,Tim Elliott,-102.0
2015-01-18,UFC Fight Night: McGregor vs Siver,Zhang Lipeng vs. Chris Wade,Zhang Lipeng,332.0
2015-01-18,UFC Fight Night: McGregor vs Siver,Zhang Lipeng vs. Chris Wade,Chris Wade,-332.0
2015-05-16,UFC Fight Night: Edgar vs Faber,Zhang Lipeng vs. Kajan Johnson,Zhang Lipeng,-100.0
2015-05-16,UFC Fight Night: Edgar vs Faber,Zhang Lipeng vs. Kajan Johnson,Kajan Johnson,-100.0
2014-10-04,UFC Fight Night: Nelson vs Story,Zubaira Tukhugov vs. Ernest Chavez,Zubaira Tukhugov,-254.0
2014-10-04,UFC Fight Night: Nelson vs Story,Zubaira Tukhugov vs. Ernest Chavez,Ernest Chavez,254.0
