DATE,EVENT,BOUT,FIGHTER,odds
2021-04-17,UFC Fight Night: Whittaker vs. Gastelum,Abdul Razak Alhassan vs. Jacob Malkoun,Abdul Razak Alhassan,122.0
2021-04-17,UFC Fight Night: Whittaker vs. Gastelum,Abdul Razak Alhassan vs. Jacob Malkoun,Jacob Malkoun,-122.0
2020-11-14,UFC Fight Night: Felder vs. Dos Anjos,Abdul Razak Alhassan vs. Khaos Williams,Abdul Razak Alhassan,165.0
2020-11-14,UFC Fight Night: Felder vs. Dos Anjos,Abdul Razak Alhassan vs. Khaos Williams,Khaos Williams,-165.0
2021-03-20,UFC Fight Night: Brunson vs. Holland,Adrian Yanez vs. Gustavo Lopez,Adrian Yanez,-165.0
2021-03-20,UFC Fight Night: Brunson vs. Holland,Adrian Yanez vs. Gustavo Lopez,Gustavo Lopez,165.0
2021-07-24,UFC Fight Night: Sandhagen vs. Dillashaw,Adrian Yanez vs. Randy Costa,Adrian Yanez,-100.0
2021-07-24,UFC Fight Night: Sandhagen vs. Dillashaw,Adrian Yanez vs. Randy Costa,Randy Costa,-100.0
2022-06-18,UFC Fight Night: Kattar vs. Emmett,Adrian Yanez vs. Tony Kelley,Adrian Yanez,-258.0
2022-06-18,UFC Fight Night: Kattar vs. Emmett,Adrian Yanez vs. Tony Kelley,Tony Kelley,258.0
2021-11-06,UFC 268: Usman vs. Covington 2,Al Iaquinta vs. King Green,Al Iaquinta,165.0
2021-11-06,UFC 268: Usman vs. Covington 2,Al Iaquinta vs. King Green,King Green,-165.0
2022-04-16,UFC Fight Night: Luque vs. Muhammad,Alatengheili vs. Kevin Croom,Alatengheili,-104.0
2022-04-16,UFC Fight Night: Luque vs. Muhammad,Alatengheili vs. Kevin Croom,Kevin Croom,104.0
2021-10-02,UFC Fight Night: Santos vs. Walker,Alejandro Perez vs. Johnny Eduardo,Alejandro Perez,-165.0
2021-10-02,UFC Fight Night: Santos vs. Walker,Alejandro Perez vs. Johnny Eduardo,Johnny Eduardo,165.0
2022-02-26,UFC Fight Night: Makhachev vs. Green,Alejandro Perez vs. Jonathan Martinez,Alejandro Perez,165.0
2022-02-26,UFC Fight Night: Makhachev vs. Green,Alejandro Perez vs. Jonathan Martinez,Jonathan Martinez,-165.0
2021-06-19,UFC Fight Night: Jung vs. Ige,Aleksa Camur vs. Nicolae Negumereanu,Aleksa Camur,-189.0
2021-06-19,UFC Fight Night: Jung vs. Ige,Aleksa Camur vs. Nicolae Negumereanu,Nicolae Negumereanu,189.0
2021-02-20,UFC Fight Night: Blaydes vs. Lewis,Aleksei Oleinik vs. Chris Daukaus,Aleksei Oleinik,299.0
2021-02-20,UFC Fight Night: Blaydes vs. Lewis,Aleksei Oleinik vs. Chris Daukaus,Chris Daukaus,-299.0
2020-05-09,UFC 249: Ferguson vs. Gaethje,Aleksei Oleinik vs. Fabricio Werdum,Aleksei Oleinik,165.0
2020-05-09,UFC 249: Ferguson vs. Gaethje,Aleksei Oleinik vs. Fabricio Werdum,Fabricio Werdum,-165.0
2022-04-09,UFC 273: Volkanovski vs. The Korean Zombie,Aleksei Oleinik vs. Jared Vanderaa,Aleksei Oleinik,165.0
2022-04-09,UFC 273: Volkanovski vs. The Korean Zombie,Aleksei Oleinik vs. Jared Vanderaa,Jared Vanderaa,-165.0
2021-06-19,UFC Fight Night: Jung vs. Ige,Aleksei Oleinik vs. Serghei Spivac,Aleksei Oleinik,341.0
2021-06-19,UFC Fight Night: Jung vs. Ige,Aleksei Oleinik vs. Serghei Spivac,Serghei Spivac,-341.0
2021-08-28,UFC Fight Night: Barboza vs. Chikadze,Alessio Di Chirico vs. Abdul Razak Alhassan,Alessio Di Chirico,-165.0
2021-08-28,UFC Fight Night: Barboza vs. Chikadze,Alessio Di Chirico vs. Abdul Razak Alhassan,Abdul Razak Alhassan,165.0
2020-08-29,UFC Fight Night: Smith vs. Rakic,Alessio Di Chirico vs. Zak Cummings,Alessio Di Chirico,121.0
2020-08-29,UFC Fight Night: Smith vs. Rakic,Alessio Di Chirico vs. Zak Cummings,Zak Cummings,-121.0
2020-06-06,UFC 250: Nunes vs. Spencer,Alex Caceres vs. Chase Hooper,Alex Caceres,165.0
2020-06-06,UFC 250: Nunes vs. Spencer,Alex Caceres vs. Chase Hooper,Chase Hooper,-165.0
2021-10-23,UFC Fight Night: Costa vs. Vettori,Alex Caceres vs. SeungWoo Choi,Alex Caceres,-250.0
2021-10-23,UFC Fight Night: Costa vs. Vettori,Alex Caceres vs. SeungWoo Choi,SeungWoo Choi,250.0
2021-09-04,UFC Fight Night: Brunson vs. Till,Alex Morono vs. David Zawada,Alex Morono,-165.0
2021-09-04,UFC Fight Night: Brunson vs. Till,Alex Morono vs. David Zawada,David Zawada,165.0
2021-12-04,UFC Fight Night: Font vs. Aldo,Alex Morono vs. Mickey Gall,Alex Morono,-165.0
2021-12-04,UFC Fight Night: Font vs. Aldo,Alex Morono vs. Mickey Gall,Mickey Gall,165.0
2020-11-14,UFC Fight Night: Felder vs. Dos Anjos,Alex Morono vs. Rhys McKee,Alex Morono,-258.0
2020-11-14,UFC Fight Night: Felder vs. Dos Anjos,Alex Morono vs. Rhys McKee,Rhys McKee,258.0
2020-03-07,UFC 248: Adesanya vs. Romero,Alex Oliveira vs. Max Griffin,Alex Oliveira,-258.0
2020-03-07,UFC 248: Adesanya vs. Romero,Alex Oliveira vs. Max Griffin,Max Griffin,258.0
2021-10-02,UFC Fight Night: Santos vs. Walker,Alex Oliveira vs. Niko Price,Alex Oliveira,-165.0
2021-10-02,UFC Fight Night: Santos vs. Walker,Alex Oliveira vs. Niko Price,Niko Price,165.0
2020-07-25,UFC Fight Night: Whittaker vs. Till,Alex Oliveira vs. Peter Sobotta,Alex Oliveira,-315.0
2020-07-25,UFC Fight Night: Whittaker vs. Till,Alex Oliveira vs. Peter Sobotta,Peter Sobotta,315.0
2021-04-24,UFC 261: Usman vs. Masvidal 2,Alex Oliveira vs. Randy Brown,Alex Oliveira,-104.0
2021-04-24,UFC 261: Usman vs. Masvidal 2,Alex Oliveira vs. Randy Brown,Randy Brown,104.0
2022-03-12,UFC Fight Night: Santos vs. Ankalaev,Alex Pereira vs. Bruno Silva,Alex Pereira,-124.0
2022-03-12,UFC Fight Night: Santos vs. Ankalaev,Alex Pereira vs. Bruno Silva,Bruno Silva,124.0
2020-05-13,UFC Fight Night: Smith vs. Teixeira,Alexander Hernandez vs. Drew Dober,Alexander Hernandez,-137.0
2020-05-13,UFC Fight Night: Smith vs. Teixeira,Alexander Hernandez vs. Drew Dober,Drew Dober,137.0
2022-02-12,UFC 271: Adesanya vs. Whittaker 2,Alexander Hernandez vs. Renato Moicano,Alexander Hernandez,-165.0
2022-02-12,UFC 271: Adesanya vs. Whittaker 2,Alexander Hernandez vs. Renato Moicano,Renato Moicano,165.0
2021-02-27,UFC Fight Night: Rozenstruik vs. Gane,Alexander Hernandez vs. Thiago Moises,Alexander Hernandez,-152.0
2021-02-27,UFC Fight Night: Rozenstruik vs. Gane,Alexander Hernandez vs. Thiago Moises,Thiago Moises,152.0
2022-04-09,UFC 273: Volkanovski vs. The Korean Zombie,Alexander Volkanovski vs. Chan Sung Jung,Alexander Volkanovski,-315.0
2022-04-09,UFC 273: Volkanovski vs. The Korean Zombie,Alexander Volkanovski vs. Chan Sung Jung,Chan Sung Jung,315.0
2020-07-11,UFC 251: Usman vs. Masvidal,Alexander Volkanovski vs. Max Holloway,Alexander Volkanovski,163.0
2020-07-11,UFC 251: Usman vs. Masvidal,Alexander Volkanovski vs. Max Holloway,Max Holloway,-142.0
2022-07-02,UFC 276: Adesanya vs. Cannonier,Alexander Volkanovski vs. Max Holloway,Alexander Volkanovski,112.0
2022-07-02,UFC 276: Adesanya vs. Cannonier,Alexander Volkanovski vs. Max Holloway,Max Holloway,112.0
2022-06-04,UFC Fight Night: Volkov vs. Rozenstruik,Alexander Volkov vs. Jairzinho Rozenstruik,Alexander Volkov,-152.0
2022-06-04,UFC Fight Night: Volkov vs. Rozenstruik,Alexander Volkov vs. Jairzinho Rozenstruik,Jairzinho Rozenstruik,152.0
2021-10-30,UFC 267: Blachowicz vs. Teixeira,Alexander Volkov vs. Marcin Tybura,Alexander Volkov,-100.0
2021-10-30,UFC 267: Blachowicz vs. Teixeira,Alexander Volkov vs. Marcin Tybura,Marcin Tybura,-100.0
2022-03-19,UFC Fight Night: Volkov vs. Aspinall,Alexander Volkov vs. Tom Aspinall,Alexander Volkov,165.0
2022-03-19,UFC Fight Night: Volkov vs. Aspinall,Alexander Volkov vs. Tom Aspinall,Tom Aspinall,-165.0
2020-10-24,UFC 254: Khabib vs. Gaethje,Alexander Volkov vs. Walt Harris,Alexander Volkov,-299.0
2020-10-24,UFC 254: Khabib vs. Gaethje,Alexander Volkov vs. Walt Harris,Walt Harris,299.0
2022-04-30,UFC Fight Night: Font vs. Vera,Alexandr Romanov vs. Chase Sherman,Alexandr Romanov,-387.0
2022-04-30,UFC Fight Night: Font vs. Vera,Alexandr Romanov vs. Chase Sherman,Chase Sherman,387.0
2021-10-09,UFC Fight Night: Dern vs. Rodriguez,Alexandr Romanov vs. Jared Vanderaa,Alexandr Romanov,-165.0
2021-10-09,UFC Fight Night: Dern vs. Rodriguez,Alexandr Romanov vs. Jared Vanderaa,Jared Vanderaa,165.0
2021-04-17,UFC Fight Night: Whittaker vs. Gastelum,Alexandr Romanov vs. Juan Espino,Alexandr Romanov,165.0
2021-04-17,UFC Fight Night: Whittaker vs. Gastelum,Alexandr Romanov vs. Juan Espino,Juan Espino,-165.0
2020-11-07,UFC Fight Night: Santos vs. Teixeira,Alexandr Romanov vs. Marcos Rogerio de Lima,Alexandr Romanov,-125.0
2020-11-07,UFC Fight Night: Santos vs. Teixeira,Alexandr Romanov vs. Marcos Rogerio de Lima,Marcos Rogerio de Lima,125.0
2020-07-18,UFC Fight Night: Figueiredo vs. Benavidez 2,Alexandre Pantoja vs. Askar Askarov,Alexandre Pantoja,-152.0
2020-07-18,UFC Fight Night: Figueiredo vs. Benavidez 2,Alexandre Pantoja vs. Askar Askarov,Askar Askarov,152.0
2021-08-21,UFC Fight Night: Cannonier vs. Gastelum,Alexandre Pantoja vs. Brandon Royval,Alexandre Pantoja,-146.0
2021-08-21,UFC Fight Night: Cannonier vs. Gastelum,Alexandre Pantoja vs. Brandon Royval,Brandon Royval,146.0
2020-10-10,UFC Fight Night: Moraes vs. Sandhagen,Ali AlQaisi vs. Tony Kelley,Ali AlQaisi,-165.0
2020-10-10,UFC Fight Night: Moraes vs. Sandhagen,Ali AlQaisi vs. Tony Kelley,Tony Kelley,165.0
2021-02-06,UFC Fight Night: Overeem vs. Volkov,Alistair Overeem vs. Alexander Volkov,Alistair Overeem,165.0
2021-02-06,UFC Fight Night: Overeem vs. Volkov,Alistair Overeem vs. Alexander Volkov,Alexander Volkov,-165.0
2020-09-05,UFC Fight Night: Overeem vs. Sakai,Alistair Overeem vs. Augusto Sakai,Alistair Overeem,-100.0
2020-09-05,UFC Fight Night: Overeem vs. Sakai,Alistair Overeem vs. Augusto Sakai,Augusto Sakai,-100.0
2020-05-16,UFC Fight Night: Overeem vs. Harris,Alistair Overeem vs. Walt Harris,Alistair Overeem,125.0
2020-05-16,UFC Fight Night: Overeem vs. Harris,Alistair Overeem vs. Walt Harris,Walt Harris,-125.0
2020-06-06,UFC 250: Nunes vs. Spencer,Alonzo Menifield vs. Devin Clark,Alonzo Menifield,152.0
2020-06-06,UFC 250: Nunes vs. Spencer,Alonzo Menifield vs. Devin Clark,Devin Clark,-152.0
2021-08-07,UFC 265: Lewis vs. Gane,Alonzo Menifield vs. Ed Herman,Alonzo Menifield,-165.0
2021-08-07,UFC 265: Lewis vs. Gane,Alonzo Menifield vs. Ed Herman,Ed Herman,165.0
2021-12-04,UFC Fight Night: Font vs. Aldo,Alonzo Menifield vs. William Knight,Alonzo Menifield,-165.0
2021-12-04,UFC Fight Night: Font vs. Aldo,Alonzo Menifield vs. William Knight,William Knight,165.0
2021-01-23,UFC 257: Poirier vs. McGregor,Amir Albazi vs. Zhalgas Zhumagulov,Amir Albazi,-258.0
2021-01-23,UFC 257: Poirier vs. McGregor,Amir Albazi vs. Zhalgas Zhumagulov,Zhalgas Zhumagulov,258.0
2021-02-13,UFC 258: Usman vs. Burns,Andre Ewell vs. Chris Gutierrez,Andre Ewell,102.0
2021-02-13,UFC 258: Usman vs. Burns,Andre Ewell vs. Chris Gutierrez,Chris Gutierrez,-102.0
2020-09-19,UFC Fight Night: Covington vs. Woodley,Andre Ewell vs. Irwin Rivera,Andre Ewell,-162.0
2020-09-19,UFC Fight Night: Covington vs. Woodley,Andre Ewell vs. Irwin Rivera,Irwin Rivera,162.0
2022-06-11,UFC 275: Teixeira vs. Prochazka,Andre Fialho vs. Jake Matthews,Andre Fialho,165.0
2022-06-11,UFC 275: Teixeira vs. Prochazka,Andre Fialho vs. Jake Matthews,Jake Matthews,-165.0
2020-06-13,UFC Fight Night: Eye vs. Calvillo,Andre Fili vs. Charles Jourdain,Andre Fili,-122.0
2020-06-13,UFC Fight Night: Eye vs. Calvillo,Andre Fili vs. Charles Jourdain,Charles Jourdain,122.0
2022-04-30,UFC Fight Night: Font vs. Vera,Andre Fili vs. Joanderson Brito,Andre Fili,147.0
2022-04-30,UFC Fight Night: Font vs. Vera,Andre Fili vs. Joanderson Brito,Joanderson Brito,-147.0
2020-09-05,UFC Fight Night: Overeem vs. Sakai,Andre Muniz vs. Bartosz Fabinski,Andre Muniz,165.0
2020-09-05,UFC Fight Night: Overeem vs. Sakai,Andre Muniz vs. Bartosz Fabinski,Bartosz Fabinski,-165.0
2021-12-11,UFC 269: Oliveira vs. Poirier,Andre Muniz vs. Eryk Anders,Andre Muniz,-152.0
2021-12-11,UFC 269: Oliveira vs. Poirier,Andre Muniz vs. Eryk Anders,Eryk Anders,152.0
2021-05-01,UFC Fight Night: Reyes vs. Prochazka,Andreas Michailidis vs. KB Bhullar,Andreas Michailidis,-155.0
2021-05-01,UFC Fight Night: Reyes vs. Prochazka,Andreas Michailidis vs. KB Bhullar,KB Bhullar,155.0
2021-10-16,UFC Fight Night: Ladd vs. Dumont,Andrei Arlovski vs. Carlos Felipe,Andrei Arlovski,165.0
2021-10-16,UFC Fight Night: Ladd vs. Dumont,Andrei Arlovski vs. Carlos Felipe,Carlos Felipe,-165.0
2021-04-17,UFC Fight Night: Whittaker vs. Gastelum,Andrei Arlovski vs. Chase Sherman,Andrei Arlovski,137.0
2021-04-17,UFC Fight Night: Whittaker vs. Gastelum,Andrei Arlovski vs. Chase Sherman,Chase Sherman,-137.0
2022-04-30,UFC Fight Night: Font vs. Vera,Andrei Arlovski vs. Jake Collier,Andrei Arlovski,165.0
2022-04-30,UFC Fight Night: Font vs. Vera,Andrei Arlovski vs. Jake Collier,Jake Collier,-165.0
2022-02-12,UFC 271: Adesanya vs. Whittaker 2,Andrei Arlovski vs. Jared Vanderaa,Andrei Arlovski,137.0
2022-02-12,UFC 271: Adesanya vs. Whittaker 2,Andrei Arlovski vs. Jared Vanderaa,Jared Vanderaa,-137.0
2020-11-07,UFC Fight Night: Santos vs. Teixeira,Andrei Arlovski vs. Tanner Boser,Andrei Arlovski,165.0
2020-11-07,UFC Fight Night: Santos vs. Teixeira,Andrei Arlovski vs. Tanner Boser,Tanner Boser,-165.0
2021-02-20,UFC Fight Night: Blaydes vs. Lewis,Andrei Arlovski vs. Tom Aspinall,Andrei Arlovski,
2021-02-20,UFC Fight Night: Blaydes vs. Lewis,Andrei Arlovski vs. Tom Aspinall,Tom Aspinall,
2021-10-16,UFC Fight Night: Ladd vs. Dumont,Andrew Sanchez vs. Bruno Silva,Andrew Sanchez,-124.0
2021-10-16,UFC Fight Night: Ladd vs. Dumont,Andrew Sanchez vs. Bruno Silva,Bruno Silva,124.0
2021-01-23,UFC 257: Poirier vs. McGregor,Andrew Sanchez vs. Makhmud Muradov,Andrew Sanchez,-152.0
2021-01-23,UFC 257: Poirier vs. McGregor,Andrew Sanchez vs. Makhmud Muradov,Makhmud Muradov,152.0
2020-08-08,UFC Fight Night: Lewis vs. Oleinik,Andrew Sanchez vs. Wellington Turman,Andrew Sanchez,-118.0
2020-08-08,UFC Fight Night: Lewis vs. Oleinik,Andrew Sanchez vs. Wellington Turman,Wellington Turman,118.0
2020-05-16,UFC Fight Night: Overeem vs. Harris,Anthony Hernandez vs. Kevin Holland,Anthony Hernandez,124.0
2020-05-16,UFC Fight Night: Overeem vs. Harris,Anthony Hernandez vs. Kevin Holland,Kevin Holland,-124.0
2020-12-19,UFC Fight Night: Thompson vs. Neal,Anthony Pettis vs. Alex Morono,Anthony Pettis,165.0
2020-12-19,UFC Fight Night: Thompson vs. Neal,Anthony Pettis vs. Alex Morono,Alex Morono,-165.0
2020-05-09,UFC 249: Ferguson vs. Gaethje,Anthony Pettis vs. Donald Cerrone,Anthony Pettis,124.0
2020-05-09,UFC 249: Ferguson vs. Gaethje,Anthony Pettis vs. Donald Cerrone,Donald Cerrone,-124.0
2020-08-29,UFC Fight Night: Smith vs. Rakic,Anthony Smith vs. Aleksandar Rakic,Anthony Smith,315.0
2020-08-29,UFC Fight Night: Smith vs. Rakic,Anthony Smith vs. Aleksandar Rakic,Aleksandar Rakic,-315.0
2020-11-28,UFC Fight Night: Smith vs. Clark,Anthony Smith vs. Devin Clark,Anthony Smith,290.0
2020-11-28,UFC Fight Night: Smith vs. Clark,Anthony Smith vs. Devin Clark,Devin Clark,-290.0
2020-05-13,UFC Fight Night: Smith vs. Teixeira,Anthony Smith vs. Glover Teixeira,Anthony Smith,-152.0
2020-05-13,UFC Fight Night: Smith vs. Teixeira,Anthony Smith vs. Glover Teixeira,Glover Teixeira,152.0
2021-04-24,UFC 261: Usman vs. Masvidal 2,Anthony Smith vs. Jimmy Crute,Anthony Smith,299.0
2021-04-24,UFC 261: Usman vs. Masvidal 2,Anthony Smith vs. Jimmy Crute,Jimmy Crute,-299.0
2021-09-18,UFC Fight Night: Smith vs. Spann,Anthony Smith vs. Ryan Spann,Anthony Smith,152.0
2021-09-18,UFC Fight Night: Smith vs. Spann,Anthony Smith vs. Ryan Spann,Ryan Spann,-152.0
2022-04-23,UFC Fight Night: Lemos vs. Andrade,Aoriqileng vs. Cameron Else,Aoriqileng,-165.0
2022-04-23,UFC Fight Night: Lemos vs. Andrade,Aoriqileng vs. Cameron Else,Cameron Else,165.0
2021-09-18,UFC Fight Night: Smith vs. Spann,Arman Tsarukyan vs. Christos Giagos,Arman Tsarukyan,-319.0
2021-09-18,UFC Fight Night: Smith vs. Spann,Arman Tsarukyan vs. Christos Giagos,Christos Giagos,319.0
2022-02-26,UFC Fight Night: Makhachev vs. Green,Arman Tsarukyan vs. Joel Alvarez,Arman Tsarukyan,-165.0
2022-02-26,UFC Fight Night: Makhachev vs. Green,Arman Tsarukyan vs. Joel Alvarez,Joel Alvarez,165.0
2022-06-25,UFC Fight Night: Tsarukyan vs. Gamrot,Arman Tsarukyan vs. Mateusz Gamrot,Arman Tsarukyan,-155.0
2022-06-25,UFC Fight Night: Tsarukyan vs. Gamrot,Arman Tsarukyan vs. Mateusz Gamrot,Mateusz Gamrot,155.0
2021-01-23,UFC 257: Poirier vs. McGregor,Arman Tsarukyan vs. Matt Frevola,Arman Tsarukyan,-319.0
2021-01-23,UFC 257: Poirier vs. McGregor,Arman Tsarukyan vs. Matt Frevola,Matt Frevola,319.0
2022-03-19,UFC Fight Night: Volkov vs. Aspinall,Arnold Allen vs. Dan Hooker,Arnold Allen,-104.0
2022-03-19,UFC Fight Night: Volkov vs. Aspinall,Arnold Allen vs. Dan Hooker,Dan Hooker,104.0
2021-04-10,UFC Fight Night: Vettori vs. Holland,Arnold Allen vs. Sodiq Yusuff,Arnold Allen,-125.0
2021-04-10,UFC Fight Night: Vettori vs. Holland,Arnold Allen vs. Sodiq Yusuff,Sodiq Yusuff,125.0
2022-03-26,UFC Fight Night: Blaydes vs. Daukaus,Askar Askarov vs. Kai Kara-France,Askar Askarov,-100.0
2022-03-26,UFC Fight Night: Blaydes vs. Daukaus,Askar Askarov vs. Kai Kara-France,Kai Kara-France,-100.0
2021-12-11,UFC 269: Oliveira vs. Poirier,Augusto Sakai vs. Tai Tuivasa,Augusto Sakai,-100.0
2021-12-11,UFC 269: Oliveira vs. Poirier,Augusto Sakai vs. Tai Tuivasa,Tai Tuivasa,-100.0
2020-08-22,UFC Fight Night: Munhoz vs. Edgar,Austin Hubbard vs. Joe Solecki,Austin Hubbard,147.0
2020-08-22,UFC Fight Night: Munhoz vs. Edgar,Austin Hubbard vs. Joe Solecki,Joe Solecki,-147.0
2021-08-21,UFC Fight Night: Cannonier vs. Gastelum,Austin Lingo vs. Luis Saldana,Austin Lingo,-165.0
2021-08-21,UFC Fight Night: Cannonier vs. Gastelum,Austin Lingo vs. Luis Saldana,Luis Saldana,165.0
2021-04-17,UFC Fight Night: Whittaker vs. Gastelum,Bartosz Fabinski vs. Gerald Meerschaert,Bartosz Fabinski,-165.0
2021-04-17,UFC Fight Night: Whittaker vs. Gastelum,Bartosz Fabinski vs. Gerald Meerschaert,Gerald Meerschaert,165.0
2021-10-16,UFC Fight Night: Ladd vs. Dumont,Batgerel Danaa vs. Brandon Davis,Batgerel Danaa,-165.0
2021-10-16,UFC Fight Night: Ladd vs. Dumont,Batgerel Danaa vs. Brandon Davis,Brandon Davis,165.0
2020-03-07,UFC 248: Adesanya vs. Romero,Batgerel Danaa vs. Guido Cannetti,Batgerel Danaa,-162.0
2020-03-07,UFC 248: Adesanya vs. Romero,Batgerel Danaa vs. Guido Cannetti,Guido Cannetti,162.0
2021-04-24,UFC 261: Usman vs. Masvidal 2,Batgerel Danaa vs. Kevin Natividad,Batgerel Danaa,-152.0
2021-04-24,UFC 261: Usman vs. Masvidal 2,Batgerel Danaa vs. Kevin Natividad,Kevin Natividad,152.0
2021-02-13,UFC 258: Usman vs. Burns,Belal Muhammad vs. Dhiego Lima,Belal Muhammad,-165.0
2021-02-13,UFC 258: Usman vs. Burns,Belal Muhammad vs. Dhiego Lima,Dhiego Lima,165.0
2020-06-20,UFC Fight Night: Blaydes vs. Volkov,Belal Muhammad vs. Lyman Good,Belal Muhammad,-137.0
2020-06-20,UFC Fight Night: Blaydes vs. Volkov,Belal Muhammad vs. Lyman Good,Lyman Good,137.0
2020-10-10,UFC Fight Night: Moraes vs. Sandhagen,Ben Rothwell vs. Marcin Tybura,Ben Rothwell,319.0
2020-10-10,UFC Fight Night: Moraes vs. Sandhagen,Ben Rothwell vs. Marcin Tybura,Marcin Tybura,-319.0
2021-11-13,UFC Fight Night: Holloway vs. Rodriguez,Ben Rothwell vs. Marcos Rogerio de Lima,Ben Rothwell,319.0
2021-11-13,UFC Fight Night: Holloway vs. Rodriguez,Ben Rothwell vs. Marcos Rogerio de Lima,Marcos Rogerio de Lima,-319.0
2020-05-13,UFC Fight Night: Smith vs. Teixeira,Ben Rothwell vs. Ovince Saint Preux,Ben Rothwell,-100.0
2020-05-13,UFC Fight Night: Smith vs. Teixeira,Ben Rothwell vs. Ovince Saint Preux,Ovince Saint Preux,-100.0
2020-03-07,UFC 248: Adesanya vs. Romero,Beneil Dariush vs. Drakkar Klose,Beneil Dariush,-165.0
2020-03-07,UFC 248: Adesanya vs. Romero,Beneil Dariush vs. Drakkar Klose,Drakkar Klose,165.0
2020-08-08,UFC Fight Night: Lewis vs. Oleinik,Beneil Dariush vs. Scott Holtzman,Beneil Dariush,-100.0
2020-08-08,UFC Fight Night: Lewis vs. Oleinik,Beneil Dariush vs. Scott Holtzman,Scott Holtzman,-100.0
2020-09-12,UFC Fight Night: Waterson vs. Hill,Billy Quarantillo vs. Kyle Nelson,Billy Quarantillo,-162.0
2020-09-12,UFC Fight Night: Waterson vs. Hill,Billy Quarantillo vs. Kyle Nelson,Kyle Nelson,162.0
2020-05-30,UFC Fight Night: Woodley vs. Burns,Billy Quarantillo vs. Spike Carlyle,Billy Quarantillo,155.0
2020-05-30,UFC Fight Night: Woodley vs. Burns,Billy Quarantillo vs. Spike Carlyle,Spike Carlyle,-155.0
2020-05-30,UFC Fight Night: Woodley vs. Burns,Blagoy Ivanov vs. Augusto Sakai,Blagoy Ivanov,165.0
2020-05-30,UFC Fight Night: Woodley vs. Burns,Blagoy Ivanov vs. Augusto Sakai,Augusto Sakai,-165.0
2022-05-07,UFC 274: Oliveira vs. Gaethje,Blagoy Ivanov vs. Marcos Rogerio de Lima,Blagoy Ivanov,191.0
2022-05-07,UFC 274: Oliveira vs. Gaethje,Blagoy Ivanov vs. Marcos Rogerio de Lima,Marcos Rogerio de Lima,-191.0
2020-09-26,UFC 253: Adesanya vs. Costa,Brad Riddell vs. Alex Da Silva,Brad Riddell,-162.0
2020-09-26,UFC 253: Adesanya vs. Costa,Brad Riddell vs. Alex Da Silva,Alex Da Silva,162.0
2022-07-02,UFC 276: Adesanya vs. Cannonier,Brad Riddell vs. Jalin Turner,Brad Riddell,114.0
2022-07-02,UFC 276: Adesanya vs. Cannonier,Brad Riddell vs. Jalin Turner,Jalin Turner,-114.0
2020-02-22,UFC Fight Night: Felder vs. Hooker,Brad Riddell vs. Magomed Mustafaev,Brad Riddell,-165.0
2020-02-22,UFC Fight Night: Felder vs. Hooker,Brad Riddell vs. Magomed Mustafaev,Magomed Mustafaev,165.0
2021-12-04,UFC Fight Night: Font vs. Aldo,Brad Riddell vs. Rafael Fiziev,Brad Riddell,-155.0
2021-12-04,UFC Fight Night: Font vs. Aldo,Brad Riddell vs. Rafael Fiziev,Rafael Fiziev,155.0
2021-01-23,UFC 257: Poirier vs. McGregor,Brad Tavares vs. Antonio Carlos Junior,Brad Tavares,104.0
2021-01-23,UFC 257: Poirier vs. McGregor,Brad Tavares vs. Antonio Carlos Junior,Antonio Carlos Junior,-104.0
2022-07-02,UFC 276: Adesanya vs. Cannonier,Brad Tavares vs. Dricus Du Plessis,Brad Tavares,165.0
2022-07-02,UFC 276: Adesanya vs. Cannonier,Brad Tavares vs. Dricus Du Plessis,Dricus Du Plessis,-165.0
2020-11-21,UFC 255: Figueiredo vs. Perez,Brandon Moreno vs. Brandon Royval,Brandon Moreno,-165.0
2020-11-21,UFC 255: Figueiredo vs. Perez,Brandon Moreno vs. Brandon Royval,Brandon Royval,165.0
2022-01-22,UFC 270: Ngannou vs. Gane,Brandon Moreno vs. Deiveson Figueiredo,Brandon Moreno,-165.0
2022-01-22,UFC 270: Ngannou vs. Gane,Brandon Moreno vs. Deiveson Figueiredo,Deiveson Figueiredo,165.0
2022-05-07,UFC 274: Oliveira vs. Gaethje,Brandon Royval vs. Matt Schnell,Brandon Royval,-104.0
2022-05-07,UFC 274: Oliveira vs. Gaethje,Brandon Royval vs. Matt Schnell,Matt Schnell,104.0
2022-01-15,UFC Fight Night: Kattar vs. Chikadze,Brandon Royval vs. Rogerio Bontorin,Brandon Royval,-165.0
2022-01-15,UFC Fight Night: Kattar vs. Chikadze,Brandon Royval vs. Rogerio Bontorin,Rogerio Bontorin,165.0
2021-12-04,UFC Fight Night: Font vs. Aldo,Brendan Allen vs. Chris Curtis,Brendan Allen,-319.0
2021-12-04,UFC Fight Night: Font vs. Aldo,Brendan Allen vs. Chris Curtis,Chris Curtis,319.0
2022-06-11,UFC 275: Teixeira vs. Prochazka,Brendan Allen vs. Jacob Malkoun,Brendan Allen,104.0
2022-06-11,UFC 275: Teixeira vs. Prochazka,Brendan Allen vs. Jacob Malkoun,Jacob Malkoun,-104.0
2020-11-14,UFC Fight Night: Felder vs. Dos Anjos,Brendan Allen vs. Sean Strickland,Brendan Allen,146.0
2020-11-14,UFC Fight Night: Felder vs. Dos Anjos,Brendan Allen vs. Sean Strickland,Sean Strickland,-146.0
2020-02-29,UFC Fight Night: Benavidez vs. Figueiredo,Brendan Allen vs. Tom Breese,Brendan Allen,125.0
2020-02-29,UFC Fight Night: Benavidez vs. Figueiredo,Brendan Allen vs. Tom Breese,Tom Breese,-125.0
2020-07-18,UFC Fight Night: Figueiredo vs. Benavidez 2,Brett Johns vs. Montel Jackson,Brett Johns,110.0
2020-07-18,UFC Fight Night: Figueiredo vs. Benavidez 2,Brett Johns vs. Montel Jackson,Montel Jackson,-110.0
2021-08-21,UFC Fight Night: Cannonier vs. Gastelum,Brian Kelleher vs. Domingo Pilarte,Brian Kelleher,165.0
2021-08-21,UFC Fight Night: Cannonier vs. Gastelum,Brian Kelleher vs. Domingo Pilarte,Domingo Pilarte,-165.0
2022-01-15,UFC Fight Night: Kattar vs. Chikadze,Brian Kelleher vs. Kevin Croom,Brian Kelleher,-100.0
2022-01-15,UFC Fight Night: Kattar vs. Chikadze,Brian Kelleher vs. Kevin Croom,Kevin Croom,-100.0
2022-06-25,UFC Fight Night: Tsarukyan vs. Gamrot,Brian Kelleher vs. Mario Bautista,Brian Kelleher,319.0
2022-06-25,UFC Fight Night: Tsarukyan vs. Gamrot,Brian Kelleher vs. Mario Bautista,Mario Bautista,-319.0
2022-03-05,UFC 272: Covington vs. Masvidal,Brian Kelleher vs. Umar Nurmagomedov,Brian Kelleher,
2022-03-05,UFC 272: Covington vs. Masvidal,Brian Kelleher vs. Umar Nurmagomedov,Umar Nurmagomedov,
2021-05-22,UFC Fight Night: Font vs. Garbrandt,Bruno Silva vs. Victor Rodriguez,Bruno Silva,-165.0
2021-05-22,UFC Fight Night: Font vs. Garbrandt,Bruno Silva vs. Victor Rodriguez,Victor Rodriguez,165.0
2020-09-12,UFC Fight Night: Waterson vs. Hill,Bryan Barberena vs. Anthony Ivy,Bryan Barberena,-165.0
2020-09-12,UFC Fight Night: Waterson vs. Hill,Bryan Barberena vs. Anthony Ivy,Anthony Ivy,165.0
2020-10-31,UFC Fight Night: Hall vs. Silva,Bryce Mitchell vs. Andre Fili,Bryce Mitchell,-165.0
2020-10-31,UFC Fight Night: Hall vs. Silva,Bryce Mitchell vs. Andre Fili,Andre Fili,165.0
2020-05-09,UFC 249: Ferguson vs. Gaethje,Bryce Mitchell vs. Charles Rosa,Bryce Mitchell,-258.0
2020-05-09,UFC 249: Ferguson vs. Gaethje,Bryce Mitchell vs. Charles Rosa,Charles Rosa,258.0
2020-02-22,UFC Fight Night: Felder vs. Hooker,Callan Potter vs. Song Kenan,Callan Potter,162.0
2020-02-22,UFC Fight Night: Felder vs. Hooker,Callan Potter vs. Song Kenan,Song Kenan,-162.0
2020-07-15,UFC Fight Night: Kattar vs. Ige,Calvin Kattar vs. Dan Ige,Calvin Kattar,165.0
2020-07-15,UFC Fight Night: Kattar vs. Ige,Calvin Kattar vs. Dan Ige,Dan Ige,-165.0
2022-01-15,UFC Fight Night: Kattar vs. Chikadze,Calvin Kattar vs. Giga Chikadze,Calvin Kattar,299.0
2022-01-15,UFC Fight Night: Kattar vs. Chikadze,Calvin Kattar vs. Giga Chikadze,Giga Chikadze,-299.0
2022-06-18,UFC Fight Night: Kattar vs. Emmett,Calvin Kattar vs. Josh Emmett,Calvin Kattar,-155.0
2022-06-18,UFC Fight Night: Kattar vs. Emmett,Calvin Kattar vs. Josh Emmett,Josh Emmett,155.0
2020-10-03,UFC Fight Night: Holm vs. Aldana,Carlos Condit vs. Court McGee,Carlos Condit,-152.0
2020-10-03,UFC Fight Night: Holm vs. Aldana,Carlos Condit vs. Court McGee,Court McGee,152.0
2021-01-16,UFC Fight Night: Holloway vs. Kattar,Carlos Condit vs. Matt Brown,Carlos Condit,-100.0
2021-01-16,UFC Fight Night: Holloway vs. Kattar,Carlos Condit vs. Matt Brown,Matt Brown,-100.0
2021-07-10,UFC 264: Poirier vs. McGregor 3,Carlos Condit vs. Max Griffin,Carlos Condit,-114.0
2021-07-10,UFC 264: Poirier vs. McGregor 3,Carlos Condit vs. Max Griffin,Max Griffin,114.0
2021-06-12,UFC 263: Adesanya vs. Vettori 2,Carlos Felipe vs. Jake Collier,Carlos Felipe,-155.0
2021-06-12,UFC 263: Adesanya vs. Vettori 2,Carlos Felipe vs. Jake Collier,Jake Collier,155.0
2021-01-16,UFC Fight Night: Holloway vs. Kattar,Carlos Felipe vs. Justin Tafa,Carlos Felipe,141.0
2021-01-16,UFC Fight Night: Holloway vs. Kattar,Carlos Felipe vs. Justin Tafa,Justin Tafa,-141.0
2022-02-12,UFC 271: Adesanya vs. Whittaker 2,Carlos Ulberg vs. Fabio Cherant,Carlos Ulberg,-104.0
2022-02-12,UFC 271: Adesanya vs. Whittaker 2,Carlos Ulberg vs. Fabio Cherant,Fabio Cherant,104.0
2022-06-25,UFC Fight Night: Tsarukyan vs. Gamrot,Carlos Ulberg vs. Tafon Nchukwi,Carlos Ulberg,155.0
2022-06-25,UFC Fight Night: Tsarukyan vs. Gamrot,Carlos Ulberg vs. Tafon Nchukwi,Tafon Nchukwi,-155.0
2020-10-03,UFC Fight Night: Holm vs. Aldana,Casey Kenney vs. Alatengheili,Casey Kenney,-165.0
2020-10-03,UFC Fight Night: Holm vs. Aldana,Casey Kenney vs. Alatengheili,Alatengheili,165.0
2021-06-19,UFC Fight Night: Jung vs. Ige,Chan Sung Jung vs. Dan Ige,Chan Sung Jung,165.0
2021-06-19,UFC Fight Night: Jung vs. Ige,Chan Sung Jung vs. Dan Ige,Dan Ige,-165.0
2020-06-06,UFC 250: Nunes vs. Spencer,Charles Byrd vs. Maki Pitolo,Charles Byrd,125.0
2020-06-06,UFC 250: Nunes vs. Spencer,Charles Byrd vs. Maki Pitolo,Maki Pitolo,-125.0
2021-12-18,UFC Fight Night: Lewis vs. Daukaus,Charles Jourdain vs. Andre Ewell,Charles Jourdain,-155.0
2021-12-18,UFC Fight Night: Lewis vs. Daukaus,Charles Jourdain vs. Andre Ewell,Andre Ewell,155.0
2020-10-03,UFC Fight Night: Holm vs. Aldana,Charles Jourdain vs. Josh Culibao,Charles Jourdain,-165.0
2020-10-03,UFC Fight Night: Holm vs. Aldana,Charles Jourdain vs. Josh Culibao,Josh Culibao,165.0
2021-12-11,UFC 269: Oliveira vs. Poirier,Charles Oliveira vs. Dustin Poirier,Charles Oliveira,-100.0
2021-12-11,UFC 269: Oliveira vs. Poirier,Charles Oliveira vs. Dustin Poirier,Dustin Poirier,-100.0
2022-05-07,UFC 274: Oliveira vs. Gaethje,Charles Oliveira vs. Justin Gaethje,Charles Oliveira,-250.0
2022-05-07,UFC 274: Oliveira vs. Gaethje,Charles Oliveira vs. Justin Gaethje,Justin Gaethje,250.0
2021-05-15,UFC 262: Oliveira vs. Chandler,Charles Oliveira vs. Michael Chandler,Charles Oliveira,-387.0
2021-05-15,UFC 262: Oliveira vs. Chandler,Charles Oliveira vs. Michael Chandler,Michael Chandler,387.0
2021-10-09,UFC Fight Night: Dern vs. Rodriguez,Charles Rosa vs. Damon Jackson,Charles Rosa,-165.0
2021-10-09,UFC Fight Night: Dern vs. Rodriguez,Charles Rosa vs. Damon Jackson,Damon Jackson,165.0
2021-02-20,UFC Fight Night: Blaydes vs. Lewis,Charles Rosa vs. Darrick Minner,Charles Rosa,152.0
2021-02-20,UFC Fight Night: Blaydes vs. Lewis,Charles Rosa vs. Darrick Minner,Darrick Minner,-152.0
2021-06-26,UFC Fight Night: Gane vs. Volkov,Charles Rosa vs. Justin Jaynes,Charles Rosa,104.0
2021-06-26,UFC Fight Night: Gane vs. Volkov,Charles Rosa vs. Justin Jaynes,Justin Jaynes,-104.0
2020-06-13,UFC Fight Night: Eye vs. Calvillo,Charles Rosa vs. Kevin Aguilar,Charles Rosa,155.0
2020-06-13,UFC Fight Night: Eye vs. Calvillo,Charles Rosa vs. Kevin Aguilar,Kevin Aguilar,-155.0
2022-02-19,UFC Fight Night: Walker vs. Hill,Chas Skelly vs. Mark Striegl,Chas Skelly,-162.0
2022-02-19,UFC Fight Night: Walker vs. Hill,Chas Skelly vs. Mark Striegl,Mark Striegl,162.0
2022-05-21,UFC Fight Night: Holm vs. Vieira,Chase Hooper vs. Felipe Colares,Chase Hooper,-191.0
2022-05-21,UFC Fight Night: Holm vs. Vieira,Chase Hooper vs. Felipe Colares,Felipe Colares,191.0
2020-12-12,UFC 256: Figueiredo vs. Moreno,Chase Hooper vs. Peter Barrett,Chase Hooper,-319.0
2020-12-12,UFC 256: Figueiredo vs. Moreno,Chase Hooper vs. Peter Barrett,Peter Barrett,319.0
2021-06-12,UFC 263: Adesanya vs. Vettori 2,Chase Hooper vs. Steven Peterson,Chase Hooper,-315.0
2021-06-12,UFC 263: Adesanya vs. Vettori 2,Chase Hooper vs. Steven Peterson,Steven Peterson,315.0
2022-05-21,UFC Fight Night: Holm vs. Vieira,Chidi Njokuani vs. Dusko Todorovic,Chidi Njokuani,165.0
2022-05-21,UFC Fight Night: Holm vs. Vieira,Chidi Njokuani vs. Dusko Todorovic,Dusko Todorovic,-165.0
2022-06-25,UFC Fight Night: Tsarukyan vs. Gamrot,Chris Curtis vs. Rodolfo Vieira,Chris Curtis,155.0
2022-06-25,UFC Fight Night: Tsarukyan vs. Gamrot,Chris Curtis vs. Rodolfo Vieira,Rodolfo Vieira,-155.0
2020-10-10,UFC Fight Night: Moraes vs. Sandhagen,Chris Daukaus vs. Rodrigo Nascimento,Chris Daukaus,152.0
2020-10-10,UFC Fight Night: Moraes vs. Sandhagen,Chris Daukaus vs. Rodrigo Nascimento,Rodrigo Nascimento,-152.0
2020-10-31,UFC Fight Night: Hall vs. Silva,Chris Gruetzemacher vs. Alexander Hernandez,Chris Gruetzemacher,165.0
2020-10-31,UFC Fight Night: Hall vs. Silva,Chris Gruetzemacher vs. Alexander Hernandez,Alexander Hernandez,-165.0
2021-07-31,UFC Fight Night: Hall vs. Strickland,Chris Gruetzemacher vs. Rafa Garcia,Chris Gruetzemacher,165.0
2021-07-31,UFC Fight Night: Hall vs. Strickland,Chris Gruetzemacher vs. Rafa Garcia,Rafa Garcia,-165.0
2022-03-26,UFC Fight Night: Blaydes vs. Daukaus,Chris Gutierrez vs. Batgerel Danaa,Chris Gutierrez,-147.0
2022-03-26,UFC Fight Night: Blaydes vs. Daukaus,Chris Gutierrez vs. Batgerel Danaa,Batgerel Danaa,147.0
2021-10-09,UFC Fight Night: Dern vs. Rodriguez,Chris Gutierrez vs. Felipe Colares,Chris Gutierrez,-165.0
2021-10-09,UFC Fight Night: Dern vs. Rodriguez,Chris Gutierrez vs. Felipe Colares,Felipe Colares,165.0
2020-05-30,UFC Fight Night: Woodley vs. Burns,Chris Gutierrez vs. Vince Morales,Chris Gutierrez,-122.0
2020-05-30,UFC Fight Night: Woodley vs. Burns,Chris Gutierrez vs. Vince Morales,Vince Morales,122.0
2021-05-15,UFC 262: Oliveira vs. Chandler,Christos Giagos vs. Sean Soriano,Christos Giagos,152.0
2021-05-15,UFC 262: Oliveira vs. Chandler,Christos Giagos vs. Sean Soriano,Sean Soriano,-152.0
2021-06-26,UFC Fight Night: Gane vs. Volkov,Ciryl Gane vs. Alexander Volkov,Ciryl Gane,-152.0
2021-06-26,UFC Fight Night: Gane vs. Volkov,Ciryl Gane vs. Alexander Volkov,Alexander Volkov,152.0
2021-12-04,UFC Fight Night: Font vs. Aldo,Claudio Puelles vs. Chris Gruetzemacher,Claudio Puelles,-165.0
2021-12-04,UFC Fight Night: Font vs. Aldo,Claudio Puelles vs. Chris Gruetzemacher,Chris Gruetzemacher,165.0
2021-06-05,UFC Fight Night: Rozenstruik vs. Sakai,Claudio Puelles vs. Jordan Leavitt,Claudio Puelles,165.0
2021-06-05,UFC Fight Night: Rozenstruik vs. Sakai,Claudio Puelles vs. Jordan Leavitt,Jordan Leavitt,-165.0
2020-10-17,UFC Fight Night: Ortega vs. The Korean Zombie,Claudio Silva vs. James Krause,Claudio Silva,165.0
2020-10-17,UFC Fight Night: Ortega vs. The Korean Zombie,Claudio Silva vs. James Krause,James Krause,-165.0
2022-04-23,UFC Fight Night: Lemos vs. Andrade,Clay Guida vs. Claudio Puelles,Clay Guida,250.0
2022-04-23,UFC Fight Night: Lemos vs. Andrade,Clay Guida vs. Claudio Puelles,Claudio Puelles,-250.0
2020-06-20,UFC Fight Night: Blaydes vs. Volkov,Clay Guida vs. King Green,Clay Guida,104.0
2020-06-20,UFC Fight Night: Blaydes vs. Volkov,Clay Guida vs. King Green,King Green,-104.0
2021-12-04,UFC Fight Night: Font vs. Aldo,Clay Guida vs. Leonardo Santos,Clay Guida,-100.0
2021-12-04,UFC Fight Night: Font vs. Aldo,Clay Guida vs. Leonardo Santos,Leonardo Santos,-100.0
2021-08-21,UFC Fight Night: Cannonier vs. Gastelum,Clay Guida vs. Mark Madsen,Clay Guida,165.0
2021-08-21,UFC Fight Night: Cannonier vs. Gastelum,Clay Guida vs. Mark Madsen,Mark Madsen,-165.0
2021-11-20,UFC Fight Night: Vieira vs. Tate,Cody Durden vs. Aoriqileng,Cody Durden,104.0
2021-11-20,UFC Fight Night: Vieira vs. Tate,Cody Durden vs. Aoriqileng,Aoriqileng,-104.0
2020-06-06,UFC 250: Nunes vs. Spencer,Cody Stamann vs. Brian Kelleher,Cody Stamann,
2020-06-06,UFC 250: Nunes vs. Spencer,Cody Stamann vs. Brian Kelleher,Brian Kelleher,
2022-01-22,UFC 270: Ngannou vs. Gane,Cody Stamann vs. Said Nurmagomedov,Cody Stamann,-125.0
2022-01-22,UFC 270: Ngannou vs. Gane,Cody Stamann vs. Said Nurmagomedov,Said Nurmagomedov,125.0
2022-03-05,UFC 272: Covington vs. Masvidal,Colby Covington vs. Jorge Masvidal,Colby Covington,-100.0
2022-03-05,UFC 272: Covington vs. Masvidal,Colby Covington vs. Jorge Masvidal,Jorge Masvidal,-100.0
2020-09-19,UFC Fight Night: Covington vs. Woodley,Colby Covington vs. Tyron Woodley,Colby Covington,-165.0
2020-09-19,UFC Fight Night: Covington vs. Woodley,Colby Covington vs. Tyron Woodley,Tyron Woodley,165.0
2020-09-05,UFC Fight Night: Overeem vs. Sakai,Cole Smith vs. Hunter Azure,Cole Smith,165.0
2020-09-05,UFC Fight Night: Overeem vs. Sakai,Cole Smith vs. Hunter Azure,Hunter Azure,-165.0
2021-02-06,UFC Fight Night: Overeem vs. Volkov,Cory Sandhagen vs. Frankie Edgar,Cory Sandhagen,-155.0
2021-02-06,UFC Fight Night: Overeem vs. Volkov,Cory Sandhagen vs. Frankie Edgar,Frankie Edgar,155.0
2021-07-24,UFC Fight Night: Sandhagen vs. Dillashaw,Cory Sandhagen vs. TJ Dillashaw,Cory Sandhagen,-165.0
2021-07-24,UFC Fight Night: Sandhagen vs. Dillashaw,Cory Sandhagen vs. TJ Dillashaw,TJ Dillashaw,165.0
2021-05-22,UFC Fight Night: Font vs. Garbrandt,Court McGee vs. Claudio Silva,Court McGee,-147.0
2021-05-22,UFC Fight Night: Font vs. Garbrandt,Court McGee vs. Claudio Silva,Claudio Silva,147.0
2022-06-18,UFC Fight Night: Kattar vs. Emmett,Court McGee vs. Jeremiah Wells,Court McGee,-152.0
2022-06-18,UFC Fight Night: Kattar vs. Emmett,Court McGee vs. Jeremiah Wells,Jeremiah Wells,152.0
2022-01-15,UFC Fight Night: Kattar vs. Chikadze,Court McGee vs. Ramiz Brahimaj,Court McGee,152.0
2022-01-15,UFC Fight Night: Kattar vs. Chikadze,Court McGee vs. Ramiz Brahimaj,Ramiz Brahimaj,-152.0
2020-12-12,UFC 256: Figueiredo vs. Moreno,Cub Swanson vs. Daniel Pineda,Cub Swanson,-165.0
2020-12-12,UFC 256: Figueiredo vs. Moreno,Cub Swanson vs. Daniel Pineda,Daniel Pineda,165.0
2021-12-18,UFC Fight Night: Lewis vs. Daukaus,Cub Swanson vs. Darren Elkins,Cub Swanson,-126.0
2021-12-18,UFC Fight Night: Lewis vs. Daukaus,Cub Swanson vs. Darren Elkins,Darren Elkins,126.0
2020-06-20,UFC Fight Night: Blaydes vs. Volkov,Curtis Blaydes vs. Alexander Volkov,Curtis Blaydes,-165.0
2020-06-20,UFC Fight Night: Blaydes vs. Volkov,Curtis Blaydes vs. Alexander Volkov,Alexander Volkov,165.0
2022-03-26,UFC Fight Night: Blaydes vs. Daukaus,Curtis Blaydes vs. Chris Daukaus,Curtis Blaydes,
2022-03-26,UFC Fight Night: Blaydes vs. Daukaus,Curtis Blaydes vs. Chris Daukaus,Chris Daukaus,
2021-02-20,UFC Fight Night: Blaydes vs. Lewis,Curtis Blaydes vs. Derrick Lewis,Curtis Blaydes,-319.0
2021-02-20,UFC Fight Night: Blaydes vs. Lewis,Curtis Blaydes vs. Derrick Lewis,Derrick Lewis,319.0
2021-09-25,UFC 266: Volkanovski vs. Ortega,Curtis Blaydes vs. Jairzinho Rozenstruik,Curtis Blaydes,-387.0
2021-09-25,UFC 266: Volkanovski vs. Ortega,Curtis Blaydes vs. Jairzinho Rozenstruik,Jairzinho Rozenstruik,387.0
2020-10-24,UFC 254: Khabib vs. Gaethje,Da Woon Jung vs. Sam Alvey,Da Woon Jung,-155.0
2020-10-24,UFC 254: Khabib vs. Gaethje,Da Woon Jung vs. Sam Alvey,Sam Alvey,155.0
2021-04-10,UFC Fight Night: Vettori vs. Holland,Da Woon Jung vs. William Knight,Da Woon Jung,104.0
2021-04-10,UFC Fight Night: Vettori vs. Holland,Da Woon Jung vs. William Knight,William Knight,-104.0
2022-03-12,UFC Fight Night: Santos vs. Ankalaev,Dalcha Lungiambula vs. Cody Brundage,Dalcha Lungiambula,165.0
2022-03-12,UFC Fight Night: Santos vs. Ankalaev,Dalcha Lungiambula vs. Cody Brundage,Cody Brundage,-165.0
2021-09-04,UFC Fight Night: Brunson vs. Till,Dalcha Lungiambula vs. Marc-Andre Barriault,Dalcha Lungiambula,-125.0
2021-09-04,UFC Fight Night: Brunson vs. Till,Dalcha Lungiambula vs. Marc-Andre Barriault,Marc-Andre Barriault,125.0
2021-01-20,UFC Fight Night: Chiesa vs. Magny,Dalcha Lungiambula vs. Markus Perez,Dalcha Lungiambula,-100.0
2021-01-20,UFC Fight Night: Chiesa vs. Magny,Dalcha Lungiambula vs. Markus Perez,Markus Perez,-100.0
2022-06-18,UFC Fight Night: Kattar vs. Emmett,Damir Ismagulov vs. Guram Kutateladze,Damir Ismagulov,-250.0
2022-06-18,UFC Fight Night: Kattar vs. Emmett,Damir Ismagulov vs. Guram Kutateladze,Guram Kutateladze,250.0
2022-03-12,UFC Fight Night: Santos vs. Ankalaev,Damon Jackson vs. Kamuela Kirk,Damon Jackson,204.0
2022-03-12,UFC Fight Night: Santos vs. Ankalaev,Damon Jackson vs. Kamuela Kirk,Kamuela Kirk,-204.0
2021-09-25,UFC 266: Volkanovski vs. Ortega,Dan Hooker vs. Nasrat Haqparast,Dan Hooker,165.0
2021-09-25,UFC 266: Volkanovski vs. Ortega,Dan Hooker vs. Nasrat Haqparast,Nasrat Haqparast,-165.0
2020-05-16,UFC Fight Night: Overeem vs. Harris,Dan Ige vs. Edson Barboza,Dan Ige,-165.0
2020-05-16,UFC Fight Night: Overeem vs. Harris,Dan Ige vs. Edson Barboza,Edson Barboza,165.0
2021-03-13,UFC Fight Night: Edwards vs. Muhammad,Dan Ige vs. Gavin Tucker,Dan Ige,-165.0
2021-03-13,UFC Fight Night: Edwards vs. Muhammad,Dan Ige vs. Gavin Tucker,Gavin Tucker,165.0
2022-06-04,UFC Fight Night: Volkov vs. Rozenstruik,Dan Ige vs. Movsar Evloev,Dan Ige,165.0
2022-06-04,UFC Fight Night: Volkov vs. Rozenstruik,Dan Ige vs. Movsar Evloev,Movsar Evloev,-165.0
2022-04-30,UFC Fight Night: Font vs. Vera,Daniel Lacerda vs. Francisco Figueiredo,Daniel Lacerda,152.0
2022-04-30,UFC Fight Night: Font vs. Vera,Daniel Lacerda vs. Francisco Figueiredo,Francisco Figueiredo,-152.0
2020-08-22,UFC Fight Night: Munhoz vs. Edgar,Daniel Rodriguez vs. Dwight Grant,Daniel Rodriguez,162.0
2020-08-22,UFC Fight Night: Munhoz vs. Edgar,Daniel Rodriguez vs. Dwight Grant,Dwight Grant,-162.0
2020-11-21,UFC 255: Figueiredo vs. Perez,Daniel Rodriguez vs. Nicolas Dalby,Daniel Rodriguez,-152.0
2020-11-21,UFC 255: Figueiredo vs. Perez,Daniel Rodriguez vs. Nicolas Dalby,Nicolas Dalby,152.0
2021-07-31,UFC Fight Night: Hall vs. Strickland,Danny Chavez vs. Kai Kamaka,Danny Chavez,165.0
2021-07-31,UFC Fight Night: Hall vs. Strickland,Danny Chavez vs. Kai Kamaka,Kai Kamaka,-165.0
2021-10-16,UFC Fight Night: Ladd vs. Dumont,Danny Roberts vs. Ramazan Emeev,Danny Roberts,165.0
2021-10-16,UFC Fight Night: Ladd vs. Dumont,Danny Roberts vs. Ramazan Emeev,Ramazan Emeev,-165.0
2021-07-24,UFC Fight Night: Sandhagen vs. Dillashaw,Darren Elkins vs. Darrick Minner,Darren Elkins,152.0
2021-07-24,UFC Fight Night: Sandhagen vs. Dillashaw,Darren Elkins vs. Darrick Minner,Darrick Minner,-152.0
2020-11-07,UFC Fight Night: Santos vs. Teixeira,Darren Elkins vs. Eduardo Garagorri,Darren Elkins,-165.0
2020-11-07,UFC Fight Night: Santos vs. Teixeira,Darren Elkins vs. Eduardo Garagorri,Eduardo Garagorri,165.0
2020-05-16,UFC Fight Night: Overeem vs. Harris,Darren Elkins vs. Nate Landwehr,Darren Elkins,-165.0
2020-05-16,UFC Fight Night: Overeem vs. Harris,Darren Elkins vs. Nate Landwehr,Nate Landwehr,165.0
2022-04-30,UFC Fight Night: Font vs. Vera,Darren Elkins vs. Tristan Connelly,Darren Elkins,-162.0
2022-04-30,UFC Fight Night: Font vs. Vera,Darren Elkins vs. Tristan Connelly,Tristan Connelly,162.0
2021-11-20,UFC Fight Night: Vieira vs. Tate,Davey Grant vs. Adrian Yanez,Davey Grant,165.0
2021-11-20,UFC Fight Night: Vieira vs. Tate,Davey Grant vs. Adrian Yanez,Adrian Yanez,-165.0
2022-05-14,UFC Fight Night: Blachowicz vs. Rakic,Davey Grant vs. Louis Smolka,Davey Grant,-152.0
2022-05-14,UFC Fight Night: Blachowicz vs. Rakic,Davey Grant vs. Louis Smolka,Louis Smolka,152.0
2020-07-18,UFC Fight Night: Figueiredo vs. Benavidez 2,Davi Ramos vs. Arman Tsarukyan,Davi Ramos,-100.0
2020-07-18,UFC Fight Night: Figueiredo vs. Benavidez 2,Davi Ramos vs. Arman Tsarukyan,Arman Tsarukyan,-100.0
2021-01-16,UFC Fight Night: Holloway vs. Kattar,David Zawada vs. Ramazan Emeev,David Zawada,165.0
2021-01-16,UFC Fight Night: Holloway vs. Kattar,David Zawada vs. Ramazan Emeev,Ramazan Emeev,-165.0
2020-11-21,UFC 255: Figueiredo vs. Perez,Deiveson Figueiredo vs. Alex Perez,Deiveson Figueiredo,125.0
2020-11-21,UFC 255: Figueiredo vs. Perez,Deiveson Figueiredo vs. Alex Perez,Alex Perez,-125.0
2020-12-12,UFC 256: Figueiredo vs. Moreno,Deiveson Figueiredo vs. Brandon Moreno,Deiveson Figueiredo,112.0
2020-12-12,UFC 256: Figueiredo vs. Moreno,Deiveson Figueiredo vs. Brandon Moreno,Brandon Moreno,105.0
2021-06-12,UFC 263: Adesanya vs. Vettori 2,Deiveson Figueiredo vs. Brandon Moreno,Deiveson Figueiredo,112.0
2021-06-12,UFC 263: Adesanya vs. Vettori 2,Deiveson Figueiredo vs. Brandon Moreno,Brandon Moreno,-142.0
2020-07-18,UFC Fight Night: Figueiredo vs. Benavidez 2,Deiveson Figueiredo vs. Joseph Benavidez,Deiveson Figueiredo,162.0
2020-07-18,UFC Fight Night: Figueiredo vs. Benavidez 2,Deiveson Figueiredo vs. Joseph Benavidez,Joseph Benavidez,-162.0
2021-06-12,UFC 263: Adesanya vs. Vettori 2,Demian Maia vs. Belal Muhammad,Demian Maia,147.0
2021-06-12,UFC 263: Adesanya vs. Vettori 2,Demian Maia vs. Belal Muhammad,Belal Muhammad,-147.0
2020-03-14,UFC Fight Night: Lee vs. Oliveira,Demian Maia vs. Gilbert Burns,Demian Maia,-152.0
2020-03-14,UFC Fight Night: Lee vs. Oliveira,Demian Maia vs. Gilbert Burns,Gilbert Burns,152.0
2021-09-04,UFC Fight Night: Brunson vs. Till,Derek Brunson vs. Darren Till,Derek Brunson,-165.0
2021-09-04,UFC Fight Night: Brunson vs. Till,Derek Brunson vs. Darren Till,Darren Till,165.0
2020-08-01,UFC Fight Night: Brunson vs. Shahbazyan,Derek Brunson vs. Edmen Shahbazyan,Derek Brunson,319.0
2020-08-01,UFC Fight Night: Brunson vs. Shahbazyan,Derek Brunson vs. Edmen Shahbazyan,Edmen Shahbazyan,-319.0
2021-03-20,UFC Fight Night: Brunson vs. Holland,Derek Brunson vs. Kevin Holland,Derek Brunson,258.0
2021-03-20,UFC Fight Night: Brunson vs. Holland,Derek Brunson vs. Kevin Holland,Kevin Holland,-258.0
2020-12-19,UFC Fight Night: Thompson vs. Neal,Deron Winn vs. Antonio Arroyo,Deron Winn,-100.0
2020-12-19,UFC Fight Night: Thompson vs. Neal,Deron Winn vs. Antonio Arroyo,Antonio Arroyo,-100.0
2020-08-08,UFC Fight Night: Lewis vs. Oleinik,Derrick Lewis vs. Aleksei Oleinik,Derrick Lewis,-165.0
2020-08-08,UFC Fight Night: Lewis vs. Oleinik,Derrick Lewis vs. Aleksei Oleinik,Aleksei Oleinik,165.0
2021-12-18,UFC Fight Night: Lewis vs. Daukaus,Derrick Lewis vs. Chris Daukaus,Derrick Lewis,165.0
2021-12-18,UFC Fight Night: Lewis vs. Daukaus,Derrick Lewis vs. Chris Daukaus,Chris Daukaus,-165.0
2021-08-07,UFC 265: Lewis vs. Gane,Derrick Lewis vs. Ciryl Gane,Derrick Lewis,165.0
2021-08-07,UFC 265: Lewis vs. Gane,Derrick Lewis vs. Ciryl Gane,Ciryl Gane,-165.0
2022-02-12,UFC 271: Adesanya vs. Whittaker 2,Derrick Lewis vs. Tai Tuivasa,Derrick Lewis,-100.0
2022-02-12,UFC 271: Adesanya vs. Whittaker 2,Derrick Lewis vs. Tai Tuivasa,Tai Tuivasa,-100.0
2022-04-16,UFC Fight Night: Luque vs. Muhammad,Devin Clark vs. William Knight,Devin Clark,-165.0
2022-04-16,UFC Fight Night: Luque vs. Muhammad,Devin Clark vs. William Knight,William Knight,165.0
2021-10-02,UFC Fight Night: Santos vs. Walker,Devonte Smith vs. Jamie Mullarkey,Devonte Smith,-155.0
2021-10-02,UFC Fight Night: Santos vs. Walker,Devonte Smith vs. Jamie Mullarkey,Jamie Mullarkey,155.0
2021-02-06,UFC Fight Night: Overeem vs. Volkov,Devonte Smith vs. Justin Jaynes,Devonte Smith,-258.0
2021-02-06,UFC Fight Night: Overeem vs. Volkov,Devonte Smith vs. Justin Jaynes,Justin Jaynes,258.0
2022-03-05,UFC 272: Covington vs. Masvidal,Devonte Smith vs. Ludovit Klein,Devonte Smith,-152.0
2022-03-05,UFC 272: Covington vs. Masvidal,Devonte Smith vs. Ludovit Klein,Ludovit Klein,152.0
2021-02-06,UFC Fight Night: Overeem vs. Volkov,Diego Ferreira vs. Beneil Dariush,Diego Ferreira,152.0
2021-02-06,UFC Fight Night: Overeem vs. Volkov,Diego Ferreira vs. Beneil Dariush,Beneil Dariush,-152.0
2021-05-08,UFC Fight Night: Rodriguez vs. Waterson,Diego Ferreira vs. Gregor Gillespie,Diego Ferreira,-104.0
2021-05-08,UFC Fight Night: Rodriguez vs. Waterson,Diego Ferreira vs. Gregor Gillespie,Gregor Gillespie,104.0
2021-12-18,UFC Fight Night: Lewis vs. Daukaus,Diego Ferreira vs. Mateusz Gamrot,Diego Ferreira,165.0
2021-12-18,UFC Fight Night: Lewis vs. Daukaus,Diego Ferreira vs. Mateusz Gamrot,Mateusz Gamrot,-165.0
2020-09-26,UFC 253: Adesanya vs. Costa,Diego Sanchez vs. Jake Matthews,Diego Sanchez,
2020-09-26,UFC 253: Adesanya vs. Costa,Diego Sanchez vs. Jake Matthews,Jake Matthews,
2021-03-06,UFC 259: Blachowicz vs. Adesanya,Dominick Cruz vs. Casey Kenney,Dominick Cruz,-147.0
2021-03-06,UFC 259: Blachowicz vs. Adesanya,Dominick Cruz vs. Casey Kenney,Casey Kenney,147.0
2020-09-26,UFC 253: Adesanya vs. Costa,Dominick Reyes vs. Jan Blachowicz,Dominick Reyes,-100.0
2020-09-26,UFC 253: Adesanya vs. Costa,Dominick Reyes vs. Jan Blachowicz,Jan Blachowicz,-100.0
2021-05-01,UFC Fight Night: Reyes vs. Prochazka,Dominick Reyes vs. Jiri Prochazka,Dominick Reyes,-165.0
2021-05-01,UFC Fight Night: Reyes vs. Prochazka,Dominick Reyes vs. Jiri Prochazka,Jiri Prochazka,165.0
2021-12-18,UFC Fight Night: Lewis vs. Daukaus,Don'Tale Mayes vs. Josh Parisian,Don'Tale Mayes,-100.0
2021-12-18,UFC Fight Night: Lewis vs. Daukaus,Don'Tale Mayes vs. Josh Parisian,Josh Parisian,-100.0
2020-11-14,UFC Fight Night: Felder vs. Dos Anjos,Don'Tale Mayes vs. Roque Martinez,Don'Tale Mayes,-125.0
2020-11-14,UFC Fight Night: Felder vs. Dos Anjos,Don'Tale Mayes vs. Roque Martinez,Roque Martinez,125.0
2021-05-08,UFC Fight Night: Rodriguez vs. Waterson,Donald Cerrone vs. Alex Morono,Donald Cerrone,165.0
2021-05-08,UFC Fight Night: Rodriguez vs. Waterson,Donald Cerrone vs. Alex Morono,Alex Morono,-165.0
2021-10-02,UFC Fight Night: Santos vs. Walker,Douglas Silva de Andrade vs. Gaetano Pirrello,Douglas Silva de Andrade,125.0
2021-10-02,UFC Fight Night: Santos vs. Walker,Douglas Silva de Andrade vs. Gaetano Pirrello,Gaetano Pirrello,-125.0
2022-02-12,UFC 271: Adesanya vs. Whittaker 2,Douglas Silva de Andrade vs. Sergey Morozov,Douglas Silva de Andrade,165.0
2022-02-12,UFC 271: Adesanya vs. Whittaker 2,Douglas Silva de Andrade vs. Sergey Morozov,Sergey Morozov,-165.0
2022-04-16,UFC Fight Night: Luque vs. Muhammad,Drakkar Klose vs. Brandon Jenkins,Drakkar Klose,-165.0
2022-04-16,UFC Fight Night: Luque vs. Muhammad,Drakkar Klose vs. Brandon Jenkins,Brandon Jenkins,165.0
2021-06-12,UFC 263: Adesanya vs. Vettori 2,Drew Dober vs. Brad Riddell,Drew Dober,104.0
2021-06-12,UFC 263: Adesanya vs. Vettori 2,Drew Dober vs. Brad Riddell,Brad Riddell,-104.0
2022-03-12,UFC Fight Night: Santos vs. Ankalaev,Drew Dober vs. Terrance McKinney,Drew Dober,-125.0
2022-03-12,UFC Fight Night: Santos vs. Ankalaev,Drew Dober vs. Terrance McKinney,Terrance McKinney,125.0
2021-08-28,UFC Fight Night: Barboza vs. Chikadze,Dustin Jacoby vs. Darren Stewart,Dustin Jacoby,165.0
2021-08-28,UFC Fight Night: Barboza vs. Chikadze,Dustin Jacoby vs. Darren Stewart,Darren Stewart,-165.0
2021-11-06,UFC 268: Usman vs. Covington 2,Dustin Jacoby vs. John Allan,Dustin Jacoby,-100.0
2021-11-06,UFC 268: Usman vs. Covington 2,Dustin Jacoby vs. John Allan,John Allan,-100.0
2020-10-31,UFC Fight Night: Hall vs. Silva,Dustin Jacoby vs. Justin Ledet,Dustin Jacoby,104.0
2020-10-31,UFC Fight Night: Hall vs. Silva,Dustin Jacoby vs. Justin Ledet,Justin Ledet,-104.0
2021-02-27,UFC Fight Night: Rozenstruik vs. Gane,Dustin Jacoby vs. Maxim Grishin,Dustin Jacoby,-125.0
2021-02-27,UFC Fight Night: Rozenstruik vs. Gane,Dustin Jacoby vs. Maxim Grishin,Maxim Grishin,125.0
2022-03-05,UFC 272: Covington vs. Masvidal,Dustin Jacoby vs. Michal Oleksiejczuk,Dustin Jacoby,118.0
2022-03-05,UFC 272: Covington vs. Masvidal,Dustin Jacoby vs. Michal Oleksiejczuk,Michal Oleksiejczuk,-118.0
2021-01-23,UFC 257: Poirier vs. McGregor,Dustin Poirier vs. Conor McGregor,Dustin Poirier,-167.0
2021-01-23,UFC 257: Poirier vs. McGregor,Dustin Poirier vs. Conor McGregor,Conor McGregor,163.0
2021-07-10,UFC 264: Poirier vs. McGregor 3,Dustin Poirier vs. Conor McGregor,Dustin Poirier,-167.0
2021-07-10,UFC 264: Poirier vs. McGregor 3,Dustin Poirier vs. Conor McGregor,Conor McGregor,312.0
2020-06-27,UFC Fight Night: Poirier vs. Hooker,Dustin Poirier vs. Dan Hooker,Dustin Poirier,-250.0
2020-06-27,UFC Fight Night: Poirier vs. Hooker,Dustin Poirier vs. Dan Hooker,Dan Hooker,250.0
2021-12-18,UFC Fight Night: Lewis vs. Daukaus,Dustin Stoltzfus vs. Gerald Meerschaert,Dustin Stoltzfus,-100.0
2021-12-18,UFC Fight Night: Lewis vs. Daukaus,Dustin Stoltzfus vs. Gerald Meerschaert,Gerald Meerschaert,-100.0
2022-04-23,UFC Fight Night: Lemos vs. Andrade,Dwight Grant vs. Sergey Khandozhko,Dwight Grant,121.0
2022-04-23,UFC Fight Night: Lemos vs. Andrade,Dwight Grant vs. Sergey Khandozhko,Sergey Khandozhko,-121.0
2021-04-24,UFC 261: Usman vs. Masvidal 2,Dwight Grant vs. Stefan Sekulic,Dwight Grant,-165.0
2021-04-24,UFC 261: Usman vs. Masvidal 2,Dwight Grant vs. Stefan Sekulic,Stefan Sekulic,165.0
2020-09-12,UFC Fight Night: Waterson vs. Hill,Ed Herman vs. Mike Rodriguez,Ed Herman,-100.0
2020-09-12,UFC Fight Night: Waterson vs. Hill,Ed Herman vs. Mike Rodriguez,Mike Rodriguez,-100.0
2022-06-18,UFC Fight Night: Kattar vs. Emmett,Eddie Wineland vs. Cody Stamann,Eddie Wineland,
2022-06-18,UFC Fight Night: Kattar vs. Emmett,Eddie Wineland vs. Cody Stamann,Cody Stamann,
2021-02-20,UFC Fight Night: Blaydes vs. Lewis,Eddie Wineland vs. John Castaneda,Eddie Wineland,165.0
2021-02-20,UFC Fight Night: Blaydes vs. Lewis,Eddie Wineland vs. John Castaneda,John Castaneda,-165.0
2020-06-06,UFC 250: Nunes vs. Spencer,Eddie Wineland vs. Sean O'Malley,Eddie Wineland,
2020-06-06,UFC 250: Nunes vs. Spencer,Eddie Wineland vs. Sean O'Malley,Sean O'Malley,
2021-11-06,UFC 268: Usman vs. Covington 2,Edmen Shahbazyan vs. Nassourdine Imavov,Edmen Shahbazyan,-147.0
2021-11-06,UFC 268: Usman vs. Covington 2,Edmen Shahbazyan vs. Nassourdine Imavov,Nassourdine Imavov,147.0
2022-03-05,UFC 272: Covington vs. Masvidal,Edson Barboza vs. Bryce Mitchell,Edson Barboza,155.0
2022-03-05,UFC 272: Covington vs. Masvidal,Edson Barboza vs. Bryce Mitchell,Bryce Mitchell,-155.0
2021-08-28,UFC Fight Night: Barboza vs. Chikadze,Edson Barboza vs. Giga Chikadze,Edson Barboza,125.0
2021-08-28,UFC Fight Night: Barboza vs. Chikadze,Edson Barboza vs. Giga Chikadze,Giga Chikadze,-125.0
2020-10-10,UFC Fight Night: Moraes vs. Sandhagen,Edson Barboza vs. Makwan Amirkhani,Edson Barboza,-165.0
2020-10-10,UFC Fight Night: Moraes vs. Sandhagen,Edson Barboza vs. Makwan Amirkhani,Makwan Amirkhani,165.0
2020-03-14,UFC Fight Night: Lee vs. Oliveira,Elizeu Zaleski dos Santos vs. Aleksei Kunchenko,Elizeu Zaleski dos Santos,-165.0
2020-03-14,UFC Fight Night: Lee vs. Oliveira,Elizeu Zaleski dos Santos vs. Aleksei Kunchenko,Aleksei Kunchenko,165.0
2020-07-11,UFC 251: Usman vs. Masvidal,Elizeu Zaleski dos Santos vs. Muslim Salikhov,Elizeu Zaleski dos Santos,-165.0
2020-07-11,UFC 251: Usman vs. Masvidal,Elizeu Zaleski dos Santos vs. Muslim Salikhov,Muslim Salikhov,165.0
2021-06-12,UFC 263: Adesanya vs. Vettori 2,Eryk Anders vs. Darren Stewart,Eryk Anders,258.0
2021-06-12,UFC 263: Adesanya vs. Vettori 2,Eryk Anders vs. Darren Stewart,Darren Stewart,-258.0
2022-05-21,UFC Fight Night: Holm vs. Vieira,Eryk Anders vs. JunYong Park,Eryk Anders,165.0
2022-05-21,UFC Fight Night: Holm vs. Vieira,Eryk Anders vs. JunYong Park,JunYong Park,-165.0
2020-05-16,UFC Fight Night: Overeem vs. Harris,Eryk Anders vs. Krzysztof Jotko,Eryk Anders,165.0
2020-05-16,UFC Fight Night: Overeem vs. Harris,Eryk Anders vs. Krzysztof Jotko,Krzysztof Jotko,-165.0
2020-07-25,UFC Fight Night: Whittaker vs. Till,Fabricio Werdum vs. Alexander Gustafsson,Fabricio Werdum,155.0
2020-07-25,UFC Fight Night: Whittaker vs. Till,Fabricio Werdum vs. Alexander Gustafsson,Alexander Gustafsson,-155.0
2021-06-12,UFC 263: Adesanya vs. Vettori 2,Fares Ziam vs. Luigi Vendramini,Fares Ziam,-137.0
2021-06-12,UFC 263: Adesanya vs. Vettori 2,Fares Ziam vs. Luigi Vendramini,Luigi Vendramini,137.0
2022-01-22,UFC 270: Ngannou vs. Gane,Francis Ngannou vs. Ciryl Gane,Francis Ngannou,155.0
2022-01-22,UFC 270: Ngannou vs. Gane,Francis Ngannou vs. Ciryl Gane,Ciryl Gane,-155.0
2020-05-09,UFC 249: Ferguson vs. Gaethje,Francis Ngannou vs. Jairzinho Rozenstruik,Francis Ngannou,-165.0
2020-05-09,UFC 249: Ferguson vs. Gaethje,Francis Ngannou vs. Jairzinho Rozenstruik,Jairzinho Rozenstruik,165.0
2021-07-17,UFC Fight Night: Makhachev vs. Moises,Francisco Figueiredo vs. Malcolm Gordon,Francisco Figueiredo,-250.0
2021-07-17,UFC Fight Night: Makhachev vs. Moises,Francisco Figueiredo vs. Malcolm Gordon,Malcolm Gordon,250.0
2022-05-07,UFC 274: Oliveira vs. Gaethje,Francisco Trinaldo vs. Danny Roberts,Francisco Trinaldo,-165.0
2022-05-07,UFC 274: Oliveira vs. Gaethje,Francisco Trinaldo vs. Danny Roberts,Danny Roberts,165.0
2021-10-23,UFC Fight Night: Costa vs. Vettori,Francisco Trinaldo vs. Dwight Grant,Francisco Trinaldo,162.0
2021-10-23,UFC Fight Night: Costa vs. Vettori,Francisco Trinaldo vs. Dwight Grant,Dwight Grant,-162.0
2020-03-14,UFC Fight Night: Lee vs. Oliveira,Francisco Trinaldo vs. John Makdessi,Francisco Trinaldo,165.0
2020-03-14,UFC Fight Night: Lee vs. Oliveira,Francisco Trinaldo vs. John Makdessi,John Makdessi,-165.0
2021-06-05,UFC Fight Night: Rozenstruik vs. Sakai,Francisco Trinaldo vs. Muslim Salikhov,Francisco Trinaldo,104.0
2021-06-05,UFC Fight Night: Rozenstruik vs. Sakai,Francisco Trinaldo vs. Muslim Salikhov,Muslim Salikhov,-104.0
2021-11-06,UFC 268: Usman vs. Covington 2,Frankie Edgar vs. Marlon Vera,Frankie Edgar,-152.0
2021-11-06,UFC 268: Usman vs. Covington 2,Frankie Edgar vs. Marlon Vera,Marlon Vera,152.0
2020-08-01,UFC Fight Night: Brunson vs. Shahbazyan,Frankie Saenz vs. Jonathan Martinez,Frankie Saenz,165.0
2020-08-01,UFC Fight Night: Brunson vs. Shahbazyan,Frankie Saenz vs. Jonathan Martinez,Jonathan Martinez,-165.0
2021-07-17,UFC Fight Night: Makhachev vs. Moises,Gabriel Benitez vs. Billy Quarantillo,Gabriel Benitez,-165.0
2021-07-17,UFC Fight Night: Makhachev vs. Moises,Gabriel Benitez vs. Billy Quarantillo,Billy Quarantillo,165.0
2022-02-19,UFC Fight Night: Walker vs. Hill,Gabriel Benitez vs. David Onama,Gabriel Benitez,-100.0
2022-02-19,UFC Fight Night: Walker vs. Hill,Gabriel Benitez vs. David Onama,David Onama,-100.0
2020-12-05,UFC Fight Night: Hermansson vs. Vettori,Gabriel Benitez vs. Justin Jaynes,Gabriel Benitez,-165.0
2020-12-05,UFC Fight Night: Hermansson vs. Vettori,Gabriel Benitez vs. Justin Jaynes,Justin Jaynes,165.0
2020-05-13,UFC Fight Night: Smith vs. Teixeira,Gabriel Benitez vs. Omar Morales,Gabriel Benitez,-152.0
2020-05-13,UFC Fight Night: Smith vs. Teixeira,Gabriel Benitez vs. Omar Morales,Omar Morales,152.0
2020-10-17,UFC Fight Night: Ortega vs. The Korean Zombie,Gadzhimurad Antigulov vs. Maxim Grishin,Gadzhimurad Antigulov,-162.0
2020-10-17,UFC Fight Night: Ortega vs. The Korean Zombie,Gadzhimurad Antigulov vs. Maxim Grishin,Maxim Grishin,162.0
2020-12-12,UFC 256: Figueiredo vs. Moreno,Gavin Tucker vs. Billy Quarantillo,Gavin Tucker,165.0
2020-12-12,UFC 256: Figueiredo vs. Moreno,Gavin Tucker vs. Billy Quarantillo,Billy Quarantillo,-165.0
2020-08-08,UFC Fight Night: Lewis vs. Oleinik,Gavin Tucker vs. Justin Jaynes,Gavin Tucker,165.0
2020-08-08,UFC Fight Night: Lewis vs. Oleinik,Gavin Tucker vs. Justin Jaynes,Justin Jaynes,-165.0
2021-12-11,UFC 269: Oliveira vs. Poirier,Geoff Neal vs. Santiago Ponzinibbio,Geoff Neal,114.0
2021-12-11,UFC 269: Oliveira vs. Poirier,Geoff Neal vs. Santiago Ponzinibbio,Santiago Ponzinibbio,-114.0
2020-03-07,UFC 248: Adesanya vs. Romero,Gerald Meerschaert vs. Deron Winn,Gerald Meerschaert,-152.0
2020-03-07,UFC 248: Adesanya vs. Romero,Gerald Meerschaert vs. Deron Winn,Deron Winn,152.0
2020-11-14,UFC Fight Night: Felder vs. Dos Anjos,Geraldo de Freitas vs. Tony Gravely,Geraldo de Freitas,-155.0
2020-11-14,UFC Fight Night: Felder vs. Dos Anjos,Geraldo de Freitas vs. Tony Gravely,Tony Gravely,155.0
2021-11-06,UFC 268: Usman vs. Covington 2,Gian Villante vs. Chris Barnett,Gian Villante,152.0
2021-11-06,UFC 268: Usman vs. Covington 2,Gian Villante vs. Chris Barnett,Chris Barnett,-152.0
2020-12-05,UFC Fight Night: Hermansson vs. Vettori,Gian Villante vs. Jake Collier,Gian Villante,165.0
2020-12-05,UFC Fight Night: Hermansson vs. Vettori,Gian Villante vs. Jake Collier,Jake Collier,-165.0
2020-06-27,UFC Fight Night: Poirier vs. Hooker,Gian Villante vs. Maurice Greene,Gian Villante,319.0
2020-06-27,UFC Fight Night: Poirier vs. Hooker,Gian Villante vs. Maurice Greene,Maurice Greene,-319.0
2021-05-01,UFC Fight Night: Reyes vs. Prochazka,Giga Chikadze vs. Cub Swanson,Giga Chikadze,-100.0
2021-05-01,UFC Fight Night: Reyes vs. Prochazka,Giga Chikadze vs. Cub Swanson,Cub Swanson,-100.0
2020-10-10,UFC Fight Night: Moraes vs. Sandhagen,Giga Chikadze vs. Omar Morales,Giga Chikadze,125.0
2020-10-10,UFC Fight Night: Moraes vs. Sandhagen,Giga Chikadze vs. Omar Morales,Omar Morales,-125.0
2022-04-09,UFC 273: Volkanovski vs. The Korean Zombie,Gilbert Burns vs. Khamzat Chimaev,Gilbert Burns,319.0
2022-04-09,UFC 273: Volkanovski vs. The Korean Zombie,Gilbert Burns vs. Khamzat Chimaev,Khamzat Chimaev,-319.0
2021-07-10,UFC 264: Poirier vs. McGregor 3,Gilbert Burns vs. Stephen Thompson,Gilbert Burns,165.0
2021-07-10,UFC 264: Poirier vs. McGregor 3,Gilbert Burns vs. Stephen Thompson,Stephen Thompson,-165.0
2022-06-11,UFC 275: Teixeira vs. Prochazka,Glover Teixeira vs. Jiri Prochazka,Glover Teixeira,-100.0
2022-06-11,UFC 275: Teixeira vs. Prochazka,Glover Teixeira vs. Jiri Prochazka,Jiri Prochazka,-100.0
2021-10-23,UFC Fight Night: Costa vs. Vettori,Grant Dawson vs. Ricky Glenn,Grant Dawson,-165.0
2021-10-23,UFC Fight Night: Costa vs. Vettori,Grant Dawson vs. Ricky Glenn,Ricky Glenn,165.0
2020-05-09,UFC 249: Ferguson vs. Gaethje,Greg Hardy vs. Yorgan De Castro,Greg Hardy,-165.0
2020-05-09,UFC 249: Ferguson vs. Gaethje,Greg Hardy vs. Yorgan De Castro,Yorgan De Castro,165.0
2022-03-19,UFC Fight Night: Volkov vs. Aspinall,Gunnar Nelson vs. Takashi Sato,Gunnar Nelson,-137.0
2022-03-19,UFC Fight Night: Volkov vs. Aspinall,Gunnar Nelson vs. Takashi Sato,Takashi Sato,137.0
2021-09-18,UFC Fight Night: Smith vs. Spann,Gustavo Lopez vs. Alatengheili,Gustavo Lopez,-100.0
2021-09-18,UFC Fight Night: Smith vs. Spann,Gustavo Lopez vs. Alatengheili,Alatengheili,-100.0
2020-11-07,UFC Fight Night: Santos vs. Teixeira,Gustavo Lopez vs. Anthony Birchak,Gustavo Lopez,165.0
2020-11-07,UFC Fight Night: Santos vs. Teixeira,Gustavo Lopez vs. Anthony Birchak,Anthony Birchak,-165.0
2022-02-05,UFC Fight Night: Hermansson vs. Strickland,Hakeem Dawodu vs. Michael Trizano,Hakeem Dawodu,-165.0
2022-02-05,UFC Fight Night: Hermansson vs. Strickland,Hakeem Dawodu vs. Michael Trizano,Michael Trizano,165.0
2020-09-26,UFC 253: Adesanya vs. Costa,Hakeem Dawodu vs. Zubaira Tukhugov,Hakeem Dawodu,-125.0
2020-09-26,UFC 253: Adesanya vs. Costa,Hakeem Dawodu vs. Zubaira Tukhugov,Zubaira Tukhugov,125.0
2020-05-09,UFC 249: Ferguson vs. Gaethje,Henry Cejudo vs. Dominick Cruz,Henry Cejudo,-165.0
2020-05-09,UFC 249: Ferguson vs. Gaethje,Henry Cejudo vs. Dominick Cruz,Dominick Cruz,165.0
2020-08-15,UFC 252: Miocic vs. Cormier 3,Herbert Burns vs. Daniel Pineda,Herbert Burns,-250.0
2020-08-15,UFC 252: Miocic vs. Cormier 3,Herbert Burns vs. Daniel Pineda,Daniel Pineda,250.0
2021-10-30,UFC 267: Blachowicz vs. Teixeira,Hu Yaozong vs. Andre Petroski,Hu Yaozong,165.0
2021-10-30,UFC 267: Blachowicz vs. Teixeira,Hu Yaozong vs. Andre Petroski,Andre Petroski,-165.0
2020-05-13,UFC Fight Night: Smith vs. Teixeira,Hunter Azure vs. Brian Kelleher,Hunter Azure,-165.0
2020-05-13,UFC Fight Night: Smith vs. Teixeira,Hunter Azure vs. Brian Kelleher,Brian Kelleher,165.0
2021-04-10,UFC Fight Night: Vettori vs. Holland,Hunter Azure vs. Jack Shore,Hunter Azure,165.0
2021-04-10,UFC Fight Night: Vettori vs. Holland,Hunter Azure vs. Jack Shore,Jack Shore,-165.0
2020-06-06,UFC 250: Nunes vs. Spencer,Ian Heinisch vs. Gerald Meerschaert,Ian Heinisch,147.0
2020-06-06,UFC 250: Nunes vs. Spencer,Ian Heinisch vs. Gerald Meerschaert,Gerald Meerschaert,-147.0
2022-04-09,UFC 273: Volkanovski vs. The Korean Zombie,Ian Machado Garry vs. Darian Weeks,Ian Machado Garry,110.0
2022-04-09,UFC 273: Volkanovski vs. The Korean Zombie,Ian Machado Garry vs. Darian Weeks,Darian Weeks,-110.0
2021-01-20,UFC Fight Night: Chiesa vs. Magny,Ike Villanueva vs. Vinicius Moreira,Ike Villanueva,-100.0
2021-01-20,UFC Fight Night: Chiesa vs. Magny,Ike Villanueva vs. Vinicius Moreira,Vinicius Moreira,-100.0
2020-12-05,UFC Fight Night: Hermansson vs. Vettori,Ilia Topuria vs. Damon Jackson,Ilia Topuria,-412.0
2020-12-05,UFC Fight Night: Hermansson vs. Vettori,Ilia Topuria vs. Damon Jackson,Damon Jackson,412.0
2021-09-18,UFC Fight Night: Smith vs. Spann,Impa Kasanganay vs. Carlston Harris,Impa Kasanganay,-100.0
2021-09-18,UFC Fight Night: Smith vs. Spann,Impa Kasanganay vs. Carlston Harris,Carlston Harris,-100.0
2020-10-10,UFC Fight Night: Moraes vs. Sandhagen,Impa Kasanganay vs. Joaquin Buckley,Impa Kasanganay,-155.0
2020-10-10,UFC Fight Night: Moraes vs. Sandhagen,Impa Kasanganay vs. Joaquin Buckley,Joaquin Buckley,155.0
2021-04-10,UFC Fight Night: Vettori vs. Holland,Impa Kasanganay vs. Sasha Palatnikov,Impa Kasanganay,-152.0
2021-04-10,UFC Fight Night: Vettori vs. Holland,Impa Kasanganay vs. Sasha Palatnikov,Sasha Palatnikov,152.0
2021-09-18,UFC Fight Night: Smith vs. Spann,Ion Cutelaba vs. Devin Clark,Ion Cutelaba,165.0
2021-09-18,UFC Fight Night: Smith vs. Spann,Ion Cutelaba vs. Devin Clark,Devin Clark,-165.0
2021-05-01,UFC Fight Night: Reyes vs. Prochazka,Ion Cutelaba vs. Dustin Jacoby,Ion Cutelaba,-152.0
2021-05-01,UFC Fight Night: Reyes vs. Prochazka,Ion Cutelaba vs. Dustin Jacoby,Dustin Jacoby,152.0
2020-02-29,UFC Fight Night: Benavidez vs. Figueiredo,Ion Cutelaba vs. Magomed Ankalaev,Ion Cutelaba,162.0
2020-02-29,UFC Fight Night: Benavidez vs. Figueiredo,Ion Cutelaba vs. Magomed Ankalaev,Magomed Ankalaev,-162.0
2021-10-30,UFC 267: Blachowicz vs. Teixeira,Islam Makhachev vs. Dan Hooker,Islam Makhachev,-319.0
2021-10-30,UFC 267: Blachowicz vs. Teixeira,Islam Makhachev vs. Dan Hooker,Dan Hooker,319.0
2021-03-06,UFC 259: Blachowicz vs. Adesanya,Islam Makhachev vs. Drew Dober,Islam Makhachev,-313.0
2021-03-06,UFC 259: Blachowicz vs. Adesanya,Islam Makhachev vs. Drew Dober,Drew Dober,313.0
2022-02-26,UFC Fight Night: Makhachev vs. Green,Islam Makhachev vs. King Green,Islam Makhachev,-258.0
2022-02-26,UFC Fight Night: Makhachev vs. Green,Islam Makhachev vs. King Green,King Green,258.0
2021-07-17,UFC Fight Night: Makhachev vs. Moises,Islam Makhachev vs. Thiago Moises,Islam Makhachev,-319.0
2021-07-17,UFC Fight Night: Makhachev vs. Moises,Islam Makhachev vs. Thiago Moises,Thiago Moises,319.0
2022-07-02,UFC 276: Adesanya vs. Cannonier,Israel Adesanya vs. Jared Cannonier,Israel Adesanya,-319.0
2022-07-02,UFC 276: Adesanya vs. Cannonier,Israel Adesanya vs. Jared Cannonier,Jared Cannonier,319.0
2021-06-12,UFC 263: Adesanya vs. Vettori 2,Israel Adesanya vs. Marvin Vettori,Israel Adesanya,-152.0
2021-06-12,UFC 263: Adesanya vs. Vettori 2,Israel Adesanya vs. Marvin Vettori,Marvin Vettori,152.0
2020-09-26,UFC 253: Adesanya vs. Costa,Israel Adesanya vs. Paulo Costa,Israel Adesanya,-319.0
2020-09-26,UFC 253: Adesanya vs. Costa,Israel Adesanya vs. Paulo Costa,Paulo Costa,319.0
2022-02-12,UFC 271: Adesanya vs. Whittaker 2,Israel Adesanya vs. Robert Whittaker,Israel Adesanya,-100.0
2022-02-12,UFC 271: Adesanya vs. Whittaker 2,Israel Adesanya vs. Robert Whittaker,Robert Whittaker,-100.0
2020-03-07,UFC 248: Adesanya vs. Romero,Israel Adesanya vs. Yoel Romero,Israel Adesanya,-299.0
2020-03-07,UFC 248: Adesanya vs. Romero,Israel Adesanya vs. Yoel Romero,Yoel Romero,299.0
2022-06-25,UFC Fight Night: Tsarukyan vs. Gamrot,JP Buys vs. Cody Durden,JP Buys,-125.0
2022-06-25,UFC Fight Night: Tsarukyan vs. Gamrot,JP Buys vs. Cody Durden,Cody Durden,125.0
2021-05-15,UFC 262: Oliveira vs. Chandler,Jacare Souza vs. Andre Muniz,Jacare Souza,-165.0
2021-05-15,UFC 262: Oliveira vs. Chandler,Jacare Souza vs. Andre Muniz,Andre Muniz,165.0
2022-06-11,UFC 275: Teixeira vs. Prochazka,Jack Della Maddalena vs. Ramazan Emeev,Jack Della Maddalena,-126.0
2022-06-11,UFC 275: Teixeira vs. Prochazka,Jack Della Maddalena vs. Ramazan Emeev,Ramazan Emeev,126.0
2021-05-22,UFC Fight Night: Font vs. Garbrandt,Jack Hermansson vs. Edmen Shahbazyan,Jack Hermansson,152.0
2021-05-22,UFC Fight Night: Font vs. Garbrandt,Jack Hermansson vs. Edmen Shahbazyan,Edmen Shahbazyan,-152.0
2020-07-18,UFC Fight Night: Figueiredo vs. Benavidez 2,Jack Hermansson vs. Kelvin Gastelum,Jack Hermansson,165.0
2020-07-18,UFC Fight Night: Figueiredo vs. Benavidez 2,Jack Hermansson vs. Kelvin Gastelum,Kelvin Gastelum,-165.0
2020-12-05,UFC Fight Night: Hermansson vs. Vettori,Jack Hermansson vs. Marvin Vettori,Jack Hermansson,-100.0
2020-12-05,UFC Fight Night: Hermansson vs. Vettori,Jack Hermansson vs. Marvin Vettori,Marvin Vettori,-100.0
2022-02-05,UFC Fight Night: Hermansson vs. Strickland,Jack Hermansson vs. Sean Strickland,Jack Hermansson,118.0
2022-02-05,UFC Fight Night: Hermansson vs. Strickland,Jack Hermansson vs. Sean Strickland,Sean Strickland,-118.0
2020-07-15,UFC Fight Night: Kattar vs. Ige,Jack Shore vs. Aaron Phillips,Jack Shore,
2020-07-15,UFC Fight Night: Kattar vs. Ige,Jack Shore vs. Aaron Phillips,Aaron Phillips,
2022-03-19,UFC Fight Night: Volkov vs. Aspinall,Jack Shore vs. Timur Valiev,Jack Shore,-315.0
2022-03-19,UFC Fight Night: Volkov vs. Aspinall,Jack Shore vs. Timur Valiev,Timur Valiev,315.0
2021-01-16,UFC Fight Night: Holloway vs. Kattar,Jacob Kilburn vs. Austin Lingo,Jacob Kilburn,165.0
2021-01-16,UFC Fight Night: Holloway vs. Kattar,Jacob Kilburn vs. Austin Lingo,Austin Lingo,-165.0
2022-03-19,UFC Fight Night: Volkov vs. Aspinall,Jai Herbert vs. Ilia Topuria,Jai Herbert,319.0
2022-03-19,UFC Fight Night: Volkov vs. Aspinall,Jai Herbert vs. Ilia Topuria,Ilia Topuria,-319.0
2022-05-21,UFC Fight Night: Holm vs. Vieira,Jailton Almeida vs. Parker Porter,Jailton Almeida,-258.0
2022-05-21,UFC Fight Night: Holm vs. Vieira,Jailton Almeida vs. Parker Porter,Parker Porter,258.0
2021-06-05,UFC Fight Night: Rozenstruik vs. Sakai,Jairzinho Rozenstruik vs. Augusto Sakai,Jairzinho Rozenstruik,104.0
2021-06-05,UFC Fight Night: Rozenstruik vs. Sakai,Jairzinho Rozenstruik vs. Augusto Sakai,Augusto Sakai,-104.0
2021-02-27,UFC Fight Night: Rozenstruik vs. Gane,Jairzinho Rozenstruik vs. Ciryl Gane,Jairzinho Rozenstruik,165.0
2021-02-27,UFC Fight Night: Rozenstruik vs. Gane,Jairzinho Rozenstruik vs. Ciryl Gane,Ciryl Gane,-165.0
2022-01-15,UFC Fight Night: Kattar vs. Chikadze,Jake Collier vs. Chase Sherman,Jake Collier,-165.0
2022-01-15,UFC Fight Night: Kattar vs. Chikadze,Jake Collier vs. Chase Sherman,Chase Sherman,165.0
2020-02-22,UFC Fight Night: Felder vs. Hooker,Jake Matthews vs. Emil Meek,Jake Matthews,-4006.0
2020-02-22,UFC Fight Night: Felder vs. Hooker,Jake Matthews vs. Emil Meek,Emil Meek,4006.0
2022-03-05,UFC 272: Covington vs. Masvidal,Jalin Turner vs. Jamie Mullarkey,Jalin Turner,-152.0
2022-03-05,UFC 272: Covington vs. Masvidal,Jalin Turner vs. Jamie Mullarkey,Jamie Mullarkey,152.0
2021-08-28,UFC Fight Night: Barboza vs. Chikadze,Jamall Emmers vs. Pat Sabatini,Jamall Emmers,-137.0
2021-08-28,UFC Fight Night: Barboza vs. Chikadze,Jamall Emmers vs. Pat Sabatini,Pat Sabatini,137.0
2020-10-17,UFC Fight Night: Ortega vs. The Korean Zombie,Jamie Mullarkey vs. Fares Ziam,Jamie Mullarkey,152.0
2020-10-17,UFC Fight Night: Ortega vs. The Korean Zombie,Jamie Mullarkey vs. Fares Ziam,Fares Ziam,-152.0
2021-03-27,UFC 260: Miocic vs. Ngannou,Jamie Mullarkey vs. Khama Worthy,Jamie Mullarkey,-152.0
2021-03-27,UFC 260: Miocic vs. Ngannou,Jamie Mullarkey vs. Khama Worthy,Khama Worthy,152.0
2021-10-23,UFC Fight Night: Costa vs. Vettori,Jamie Pickett vs. Laureano Staropoli,Jamie Pickett,165.0
2021-10-23,UFC Fight Night: Costa vs. Vettori,Jamie Pickett vs. Laureano Staropoli,Laureano Staropoli,-165.0
2022-05-14,UFC Fight Night: Blachowicz vs. Rakic,Jan Blachowicz vs. Aleksandar Rakic,Jan Blachowicz,-165.0
2022-05-14,UFC Fight Night: Blachowicz vs. Rakic,Jan Blachowicz vs. Aleksandar Rakic,Aleksandar Rakic,165.0
2021-10-30,UFC 267: Blachowicz vs. Teixeira,Jan Blachowicz vs. Glover Teixeira,Jan Blachowicz,-299.0
2021-10-30,UFC 267: Blachowicz vs. Teixeira,Jan Blachowicz vs. Glover Teixeira,Glover Teixeira,299.0
2021-03-06,UFC 259: Blachowicz vs. Adesanya,Jan Blachowicz vs. Israel Adesanya,Jan Blachowicz,165.0
2021-03-06,UFC 259: Blachowicz vs. Adesanya,Jan Blachowicz vs. Israel Adesanya,Israel Adesanya,-165.0
2022-02-12,UFC 271: Adesanya vs. Whittaker 2,Jared Cannonier vs. Derek Brunson,Jared Cannonier,299.0
2022-02-12,UFC 271: Adesanya vs. Whittaker 2,Jared Cannonier vs. Derek Brunson,Derek Brunson,-299.0
2021-08-21,UFC Fight Night: Cannonier vs. Gastelum,Jared Cannonier vs. Kelvin Gastelum,Jared Cannonier,165.0
2021-08-21,UFC Fight Night: Cannonier vs. Gastelum,Jared Cannonier vs. Kelvin Gastelum,Kelvin Gastelum,-165.0
2021-03-27,UFC 260: Miocic vs. Ngannou,Jared Gooden vs. Abubakar Nurmagomedov,Jared Gooden,165.0
2021-03-27,UFC 260: Miocic vs. Ngannou,Jared Gooden vs. Abubakar Nurmagomedov,Abubakar Nurmagomedov,-165.0
2020-07-15,UFC Fight Night: Kattar vs. Ige,Jared Gordon vs. Chris Fishgold,Jared Gordon,-162.0
2020-07-15,UFC Fight Night: Kattar vs. Ige,Jared Gordon vs. Chris Fishgold,Chris Fishgold,162.0
2021-02-20,UFC Fight Night: Blaydes vs. Lewis,Jared Gordon vs. Danny Chavez,Jared Gordon,-125.0
2021-02-20,UFC Fight Night: Blaydes vs. Lewis,Jared Gordon vs. Danny Chavez,Danny Chavez,125.0
2022-04-30,UFC Fight Night: Font vs. Vera,Jared Gordon vs. Grant Dawson,Jared Gordon,125.0
2022-04-30,UFC Fight Night: Font vs. Vera,Jared Gordon vs. Grant Dawson,Grant Dawson,-125.0
2022-06-04,UFC Fight Night: Volkov vs. Rozenstruik,Jeff Molina vs. Zhalgas Zhumagulov,Jeff Molina,-258.0
2022-06-04,UFC Fight Night: Volkov vs. Rozenstruik,Jeff Molina vs. Zhalgas Zhumagulov,Zhalgas Zhumagulov,258.0
2020-05-09,UFC 249: Ferguson vs. Gaethje,Jeremy Stephens vs. Calvin Kattar,Jeremy Stephens,-104.0
2020-05-09,UFC 249: Ferguson vs. Gaethje,Jeremy Stephens vs. Calvin Kattar,Calvin Kattar,104.0
2021-07-17,UFC Fight Night: Makhachev vs. Moises,Jeremy Stephens vs. Mateusz Gamrot,Jeremy Stephens,165.0
2021-07-17,UFC Fight Night: Makhachev vs. Moises,Jeremy Stephens vs. Mateusz Gamrot,Mateusz Gamrot,-165.0
2022-07-02,UFC 276: Adesanya vs. Cannonier,Jim Miller vs. Donald Cerrone,Jim Miller,-165.0
2022-07-02,UFC 276: Adesanya vs. Cannonier,Jim Miller vs. Donald Cerrone,Donald Cerrone,165.0
2021-04-10,UFC Fight Night: Vettori vs. Holland,Jim Miller vs. Joe Solecki,Jim Miller,250.0
2021-04-10,UFC Fight Night: Vettori vs. Holland,Jim Miller vs. Joe Solecki,Joe Solecki,-250.0
2020-06-20,UFC Fight Night: Blaydes vs. Volkov,Jim Miller vs. Roosevelt Roberts,Jim Miller,258.0
2020-06-20,UFC Fight Night: Blaydes vs. Volkov,Jim Miller vs. Roosevelt Roberts,Roosevelt Roberts,-258.0
2020-08-15,UFC 252: Miocic vs. Cormier 3,Jim Miller vs. Vinc Pichel,Jim Miller,-100.0
2020-08-15,UFC 252: Miocic vs. Cormier 3,Jim Miller vs. Vinc Pichel,Vinc Pichel,-100.0
2020-07-15,UFC Fight Night: Kattar vs. Ige,Jimmie Rivera vs. Cody Stamann,Jimmie Rivera,155.0
2020-07-15,UFC Fight Night: Kattar vs. Ige,Jimmie Rivera vs. Cody Stamann,Cody Stamann,-155.0
2021-12-04,UFC Fight Night: Font vs. Aldo,Jimmy Crute vs. Jamahal Hill,Jimmy Crute,-152.0
2021-12-04,UFC Fight Night: Font vs. Aldo,Jimmy Crute vs. Jamahal Hill,Jamahal Hill,152.0
2020-02-22,UFC Fight Night: Felder vs. Hooker,Jimmy Crute vs. Michal Oleksiejczuk,Jimmy Crute,-147.0
2020-02-22,UFC Fight Night: Felder vs. Hooker,Jimmy Crute vs. Michal Oleksiejczuk,Michal Oleksiejczuk,147.0
2020-10-17,UFC Fight Night: Ortega vs. The Korean Zombie,Jimmy Crute vs. Modestas Bukauskas,Jimmy Crute,-165.0
2020-10-17,UFC Fight Night: Ortega vs. The Korean Zombie,Jimmy Crute vs. Modestas Bukauskas,Modestas Bukauskas,165.0
2021-06-19,UFC Fight Night: Jung vs. Ige,Joaquim Silva vs. Ricky Glenn,Joaquim Silva,165.0
2021-06-19,UFC Fight Night: Jung vs. Ige,Joaquim Silva vs. Ricky Glenn,Ricky Glenn,-165.0
2022-02-19,UFC Fight Night: Walker vs. Hill,Joaquin Buckley vs. Abdul Razak Alhassan,Joaquin Buckley,-165.0
2022-02-19,UFC Fight Night: Walker vs. Hill,Joaquin Buckley vs. Abdul Razak Alhassan,Abdul Razak Alhassan,165.0
2022-06-18,UFC Fight Night: Kattar vs. Emmett,Joaquin Buckley vs. Albert Duraev,Joaquin Buckley,-165.0
2022-06-18,UFC Fight Night: Kattar vs. Emmett,Joaquin Buckley vs. Albert Duraev,Albert Duraev,165.0
2021-01-16,UFC Fight Night: Holloway vs. Kattar,Joaquin Buckley vs. Alessio Di Chirico,Joaquin Buckley,-152.0
2021-01-16,UFC Fight Night: Holloway vs. Kattar,Joaquin Buckley vs. Alessio Di Chirico,Alessio Di Chirico,152.0
2021-09-18,UFC Fight Night: Smith vs. Spann,Joaquin Buckley vs. Antonio Arroyo,Joaquin Buckley,-100.0
2021-09-18,UFC Fight Night: Smith vs. Spann,Joaquin Buckley vs. Antonio Arroyo,Antonio Arroyo,-100.0
2020-11-21,UFC 255: Figueiredo vs. Perez,Joaquin Buckley vs. Jordan Wright,Joaquin Buckley,-155.0
2020-11-21,UFC 255: Figueiredo vs. Perez,Joaquin Buckley vs. Jordan Wright,Jordan Wright,155.0
2020-07-18,UFC Fight Night: Figueiredo vs. Benavidez 2,Joe Duffy vs. Joel Alvarez,Joe Duffy,147.0
2020-07-18,UFC Fight Night: Figueiredo vs. Benavidez 2,Joe Duffy vs. Joel Alvarez,Joel Alvarez,-147.0
2022-06-04,UFC Fight Night: Volkov vs. Rozenstruik,Joe Solecki vs. Alex Da Silva,Joe Solecki,-165.0
2022-06-04,UFC Fight Night: Volkov vs. Rozenstruik,Joe Solecki vs. Alex Da Silva,Alex Da Silva,165.0
2021-10-02,UFC Fight Night: Santos vs. Walker,Joe Solecki vs. Jared Gordon,Joe Solecki,-165.0
2021-10-02,UFC Fight Night: Santos vs. Walker,Joe Solecki vs. Jared Gordon,Jared Gordon,165.0
2020-10-24,UFC 254: Khabib vs. Gaethje,Joel Alvarez vs. Alexander Yakovlev,Joel Alvarez,-165.0
2020-10-24,UFC 254: Khabib vs. Gaethje,Joel Alvarez vs. Alexander Yakovlev,Alexander Yakovlev,165.0
2020-08-15,UFC 252: Miocic vs. Cormier 3,John Dodson vs. Merab Dvalishvili,John Dodson,312.0
2020-08-15,UFC 252: Miocic vs. Cormier 3,John Dodson vs. Merab Dvalishvili,Merab Dvalishvili,-312.0
2021-08-07,UFC 265: Lewis vs. Gane,Johnny Munoz vs. Jamey Simmons,Johnny Munoz,-165.0
2021-08-07,UFC 265: Lewis vs. Gane,Johnny Munoz vs. Jamey Simmons,Jamey Simmons,165.0
2022-06-04,UFC Fight Night: Volkov vs. Rozenstruik,Johnny Munoz vs. Tony Gravely,Johnny Munoz,-104.0
2022-06-04,UFC Fight Night: Volkov vs. Rozenstruik,Johnny Munoz vs. Tony Gravely,Tony Gravely,104.0
2022-02-19,UFC Fight Night: Walker vs. Hill,Johnny Walker vs. Jamahal Hill,Johnny Walker,-165.0
2022-02-19,UFC Fight Night: Walker vs. Hill,Johnny Walker vs. Jamahal Hill,Jamahal Hill,165.0
2020-03-14,UFC Fight Night: Lee vs. Oliveira,Johnny Walker vs. Nikita Krylov,Johnny Walker,165.0
2020-03-14,UFC Fight Night: Lee vs. Oliveira,Johnny Walker vs. Nikita Krylov,Nikita Krylov,-165.0
2020-09-19,UFC Fight Night: Covington vs. Woodley,Johnny Walker vs. Ryan Spann,Johnny Walker,-104.0
2020-09-19,UFC Fight Night: Covington vs. Woodley,Johnny Walker vs. Ryan Spann,Ryan Spann,104.0
2021-03-13,UFC Fight Night: Edwards vs. Muhammad,Jonathan Martinez vs. Davey Grant,Jonathan Martinez,-165.0
2021-03-13,UFC Fight Night: Edwards vs. Muhammad,Jonathan Martinez vs. Davey Grant,Davey Grant,165.0
2022-05-21,UFC Fight Night: Holm vs. Vieira,Jonathan Martinez vs. Vince Morales,Jonathan Martinez,-165.0
2022-05-21,UFC Fight Night: Holm vs. Vieira,Jonathan Martinez vs. Vince Morales,Vince Morales,165.0
2020-11-28,UFC Fight Night: Smith vs. Clark,Jonathan Pearce vs. Kai Kamaka,Jonathan Pearce,299.0
2020-11-28,UFC Fight Night: Smith vs. Clark,Jonathan Pearce vs. Kai Kamaka,Kai Kamaka,-299.0
2021-09-25,UFC 266: Volkanovski vs. Ortega,Jonathan Pearce vs. Omar Morales,Jonathan Pearce,-100.0
2021-09-25,UFC 266: Volkanovski vs. Ortega,Jonathan Pearce vs. Omar Morales,Omar Morales,-100.0
2020-09-19,UFC Fight Night: Covington vs. Woodley,Jordan Espinosa vs. David Dvorak,Jordan Espinosa,-165.0
2020-09-19,UFC Fight Night: Covington vs. Woodley,Jordan Espinosa vs. David Dvorak,David Dvorak,165.0
2020-06-13,UFC Fight Night: Eye vs. Calvillo,Jordan Espinosa vs. Mark De La Rosa,Jordan Espinosa,-152.0
2020-06-13,UFC Fight Night: Eye vs. Calvillo,Jordan Espinosa vs. Mark De La Rosa,Mark De La Rosa,152.0
2020-06-27,UFC Fight Night: Poirier vs. Hooker,Jordan Griffin vs. Youssef Zalal,Jordan Griffin,319.0
2020-06-27,UFC Fight Night: Poirier vs. Hooker,Jordan Griffin vs. Youssef Zalal,Youssef Zalal,-319.0
2021-12-18,UFC Fight Night: Lewis vs. Daukaus,Jordan Leavitt vs. Matt Sayles,Jordan Leavitt,-162.0
2021-12-18,UFC Fight Night: Lewis vs. Daukaus,Jordan Leavitt vs. Matt Sayles,Matt Sayles,162.0
2021-12-11,UFC 269: Oliveira vs. Poirier,Jordan Wright vs. Bruno Silva,Jordan Wright,102.0
2021-12-11,UFC 269: Oliveira vs. Poirier,Jordan Wright vs. Bruno Silva,Bruno Silva,-102.0
2021-05-15,UFC 262: Oliveira vs. Chandler,Jordan Wright vs. Jamie Pickett,Jordan Wright,-152.0
2021-05-15,UFC 262: Oliveira vs. Chandler,Jordan Wright vs. Jamie Pickett,Jamie Pickett,152.0
2022-04-23,UFC Fight Night: Lemos vs. Andrade,Jordan Wright vs. Marc-Andre Barriault,Jordan Wright,-165.0
2022-04-23,UFC Fight Night: Lemos vs. Andrade,Jordan Wright vs. Marc-Andre Barriault,Marc-Andre Barriault,165.0
2020-12-19,UFC Fight Night: Thompson vs. Neal,Jose Aldo vs. Marlon Vera,Jose Aldo,-114.0
2020-12-19,UFC Fight Night: Thompson vs. Neal,Jose Aldo vs. Marlon Vera,Marlon Vera,114.0
2021-08-07,UFC 265: Lewis vs. Gane,Jose Aldo vs. Pedro Munhoz,Jose Aldo,152.0
2021-08-07,UFC 265: Lewis vs. Gane,Jose Aldo vs. Pedro Munhoz,Pedro Munhoz,-152.0
2021-03-06,UFC 259: Blachowicz vs. Adesanya,Joseph Benavidez vs. Askar Askarov,Joseph Benavidez,-104.0
2021-03-06,UFC 259: Blachowicz vs. Adesanya,Joseph Benavidez vs. Askar Askarov,Askar Askarov,104.0
2020-02-29,UFC Fight Night: Benavidez vs. Figueiredo,Joseph Benavidez vs. Deiveson Figueiredo,Joseph Benavidez,-104.0
2020-02-29,UFC Fight Night: Benavidez vs. Figueiredo,Joseph Benavidez vs. Deiveson Figueiredo,Deiveson Figueiredo,104.0
2022-05-21,UFC Fight Night: Holm vs. Vieira,Joseph Holmes vs. Alen Amedovski,Joseph Holmes,-319.0
2022-05-21,UFC Fight Night: Holm vs. Vieira,Joseph Holmes vs. Alen Amedovski,Alen Amedovski,319.0
2021-12-11,UFC 269: Oliveira vs. Poirier,Josh Emmett vs. Dan Ige,Josh Emmett,165.0
2021-12-11,UFC 269: Oliveira vs. Poirier,Josh Emmett vs. Dan Ige,Dan Ige,-165.0
2020-06-20,UFC Fight Night: Blaydes vs. Volkov,Josh Emmett vs. Shane Burgos,Josh Emmett,152.0
2020-06-20,UFC Fight Night: Blaydes vs. Volkov,Josh Emmett vs. Shane Burgos,Shane Burgos,-152.0
2022-06-25,UFC Fight Night: Tsarukyan vs. Gamrot,Josh Parisian vs. Alan Baudot,Josh Parisian,125.0
2022-06-25,UFC Fight Night: Tsarukyan vs. Gamrot,Josh Parisian vs. Alan Baudot,Alan Baudot,-125.0
2021-06-19,UFC Fight Night: Jung vs. Ige,Josh Parisian vs. Roque Martinez,Josh Parisian,-125.0
2021-06-19,UFC Fight Night: Jung vs. Ige,Josh Parisian vs. Roque Martinez,Roque Martinez,125.0
2020-09-26,UFC 253: Adesanya vs. Costa,Juan Espino vs. Jeff Hughes,Juan Espino,-165.0
2020-09-26,UFC 253: Adesanya vs. Costa,Juan Espino vs. Jeff Hughes,Jeff Hughes,165.0
2021-09-04,UFC Fight Night: Brunson vs. Till,Julian Erosa vs. Charles Jourdain,Julian Erosa,258.0
2021-09-04,UFC Fight Night: Brunson vs. Till,Julian Erosa vs. Charles Jourdain,Charles Jourdain,-258.0
2021-06-19,UFC Fight Night: Jung vs. Ige,Julian Erosa vs. SeungWoo Choi,Julian Erosa,165.0
2021-06-19,UFC Fight Night: Jung vs. Ige,Julian Erosa vs. SeungWoo Choi,SeungWoo Choi,-165.0
2022-02-05,UFC Fight Night: Hermansson vs. Strickland,Julian Erosa vs. Steven Peterson,Julian Erosa,152.0
2022-02-05,UFC Fight Night: Hermansson vs. Strickland,Julian Erosa vs. Steven Peterson,Steven Peterson,-152.0
2022-06-18,UFC Fight Night: Kattar vs. Emmett,Julian Marquez vs. Gregory Rodrigues,Julian Marquez,165.0
2022-06-18,UFC Fight Night: Kattar vs. Emmett,Julian Marquez vs. Gregory Rodrigues,Gregory Rodrigues,-165.0
2021-07-24,UFC Fight Night: Sandhagen vs. Dillashaw,Julio Arce vs. Andre Ewell,Julio Arce,-146.0
2021-07-24,UFC Fight Night: Sandhagen vs. Dillashaw,Julio Arce vs. Andre Ewell,Andre Ewell,146.0
2021-10-23,UFC Fight Night: Costa vs. Vettori,JunYong Park vs. Gregory Rodrigues,JunYong Park,-104.0
2021-10-23,UFC Fight Night: Costa vs. Vettori,JunYong Park vs. Gregory Rodrigues,Gregory Rodrigues,104.0
2020-10-17,UFC Fight Night: Ortega vs. The Korean Zombie,JunYong Park vs. John Phillips,JunYong Park,-319.0
2020-10-17,UFC Fight Night: Ortega vs. The Korean Zombie,JunYong Park vs. John Phillips,John Phillips,319.0
2021-05-08,UFC Fight Night: Rodriguez vs. Waterson,JunYong Park vs. Tafon Nchukwi,JunYong Park,-152.0
2021-05-08,UFC Fight Night: Rodriguez vs. Waterson,JunYong Park vs. Tafon Nchukwi,Tafon Nchukwi,152.0
2020-12-12,UFC 256: Figueiredo vs. Moreno,Junior Dos Santos vs. Ciryl Gane,Junior Dos Santos,165.0
2020-12-12,UFC 256: Figueiredo vs. Moreno,Junior Dos Santos vs. Ciryl Gane,Ciryl Gane,-165.0
2020-08-15,UFC 252: Miocic vs. Cormier 3,Junior Dos Santos vs. Jairzinho Rozenstruik,Junior Dos Santos,-165.0
2020-08-15,UFC 252: Miocic vs. Cormier 3,Junior Dos Santos vs. Jairzinho Rozenstruik,Jairzinho Rozenstruik,165.0
2020-06-06,UFC 250: Nunes vs. Spencer,Jussier Formiga vs. Alex Perez,Jussier Formiga,315.0
2020-06-06,UFC 250: Nunes vs. Spencer,Jussier Formiga vs. Alex Perez,Alex Perez,-315.0
2020-03-14,UFC Fight Night: Lee vs. Oliveira,Jussier Formiga vs. Brandon Moreno,Jussier Formiga,299.0
2020-03-14,UFC Fight Night: Lee vs. Oliveira,Jussier Formiga vs. Brandon Moreno,Brandon Moreno,-299.0
2021-11-06,UFC 268: Usman vs. Covington 2,Justin Gaethje vs. Michael Chandler,Justin Gaethje,-165.0
2021-11-06,UFC 268: Usman vs. Covington 2,Justin Gaethje vs. Michael Chandler,Michael Chandler,165.0
2021-12-18,UFC Fight Night: Lewis vs. Daukaus,Justin Tafa vs. Harry Hunsucker,Justin Tafa,-319.0
2021-12-18,UFC Fight Night: Lewis vs. Daukaus,Justin Tafa vs. Harry Hunsucker,Harry Hunsucker,319.0
2021-05-22,UFC Fight Night: Font vs. Garbrandt,Justin Tafa vs. Jared Vanderaa,Justin Tafa,-165.0
2021-05-22,UFC Fight Night: Font vs. Garbrandt,Justin Tafa vs. Jared Vanderaa,Jared Vanderaa,165.0
2021-05-01,UFC Fight Night: Reyes vs. Prochazka,Kai Kamaka vs. TJ Brown,Kai Kamaka,-100.0
2021-05-01,UFC Fight Night: Reyes vs. Prochazka,Kai Kamaka vs. TJ Brown,TJ Brown,-100.0
2020-09-26,UFC 253: Adesanya vs. Costa,Kai Kara-France vs. Brandon Royval,Kai Kara-France,-165.0
2020-09-26,UFC 253: Adesanya vs. Costa,Kai Kara-France vs. Brandon Royval,Brandon Royval,165.0
2021-12-11,UFC 269: Oliveira vs. Poirier,Kai Kara-France vs. Cody Garbrandt,Kai Kara-France,-104.0
2021-12-11,UFC 269: Oliveira vs. Poirier,Kai Kara-France vs. Cody Garbrandt,Cody Garbrandt,104.0
2020-02-22,UFC Fight Night: Felder vs. Hooker,Kai Kara-France vs. Tyson Nam,Kai Kara-France,-258.0
2020-02-22,UFC Fight Night: Felder vs. Hooker,Kai Kara-France vs. Tyson Nam,Tyson Nam,258.0
2021-11-06,UFC 268: Usman vs. Covington 2,Kamaru Usman vs. Colby Covington,Kamaru Usman,-299.0
2021-11-06,UFC 268: Usman vs. Covington 2,Kamaru Usman vs. Colby Covington,Colby Covington,299.0
2021-02-13,UFC 258: Usman vs. Burns,Kamaru Usman vs. Gilbert Burns,Kamaru Usman,-319.0
2021-02-13,UFC 258: Usman vs. Burns,Kamaru Usman vs. Gilbert Burns,Gilbert Burns,319.0
2020-07-11,UFC 251: Usman vs. Masvidal,Kamaru Usman vs. Jorge Masvidal,Kamaru Usman,-167.0
2020-07-11,UFC 251: Usman vs. Masvidal,Kamaru Usman vs. Jorge Masvidal,Jorge Masvidal,312.0
2021-04-24,UFC 261: Usman vs. Masvidal 2,Kamaru Usman vs. Jorge Masvidal,Kamaru Usman,-342.0
2021-04-24,UFC 261: Usman vs. Masvidal 2,Kamaru Usman vs. Jorge Masvidal,Jorge Masvidal,312.0
2021-04-24,UFC 261: Usman vs. Masvidal 2,Karl Roberson vs. Brendan Allen,Karl Roberson,125.0
2021-04-24,UFC 261: Usman vs. Masvidal 2,Karl Roberson vs. Brendan Allen,Brendan Allen,-125.0
2020-06-13,UFC Fight Night: Eye vs. Calvillo,Karl Roberson vs. Marvin Vettori,Karl Roberson,125.0
2020-06-13,UFC Fight Night: Eye vs. Calvillo,Karl Roberson vs. Marvin Vettori,Marvin Vettori,-125.0
2021-02-13,UFC 258: Usman vs. Burns,Kelvin Gastelum vs. Ian Heinisch,Kelvin Gastelum,-165.0
2021-02-13,UFC 258: Usman vs. Burns,Kelvin Gastelum vs. Ian Heinisch,Ian Heinisch,165.0
2021-11-13,UFC Fight Night: Holloway vs. Rodriguez,Kennedy Nzechukwu vs. Da Woon Jung,Kennedy Nzechukwu,147.0
2021-11-13,UFC Fight Night: Holloway vs. Rodriguez,Kennedy Nzechukwu vs. Da Woon Jung,Da Woon Jung,-147.0
2021-06-26,UFC Fight Night: Gane vs. Volkov,Kennedy Nzechukwu vs. Danilo Marques,Kennedy Nzechukwu,137.0
2021-06-26,UFC Fight Night: Gane vs. Volkov,Kennedy Nzechukwu vs. Danilo Marques,Danilo Marques,-137.0
2020-02-22,UFC Fight Night: Felder vs. Hooker,Kevin Aguilar vs. Zubaira Tukhugov,Kevin Aguilar,133.0
2020-02-22,UFC Fight Night: Felder vs. Hooker,Kevin Aguilar vs. Zubaira Tukhugov,Zubaira Tukhugov,-133.0
2022-03-05,UFC 272: Covington vs. Masvidal,Kevin Holland vs. Alex Oliveira,Kevin Holland,-299.0
2022-03-05,UFC 272: Covington vs. Masvidal,Kevin Holland vs. Alex Oliveira,Alex Oliveira,299.0
2020-09-19,UFC Fight Night: Covington vs. Woodley,Kevin Holland vs. Darren Stewart,Kevin Holland,-165.0
2020-09-19,UFC Fight Night: Covington vs. Woodley,Kevin Holland vs. Darren Stewart,Darren Stewart,165.0
2020-12-12,UFC 256: Figueiredo vs. Moreno,Kevin Holland vs. Jacare Souza,Kevin Holland,-258.0
2020-12-12,UFC 256: Figueiredo vs. Moreno,Kevin Holland vs. Jacare Souza,Jacare Souza,258.0
2020-03-14,UFC Fight Night: Lee vs. Oliveira,Kevin Lee vs. Charles Oliveira,Kevin Lee,-138.0
2020-03-14,UFC Fight Night: Lee vs. Oliveira,Kevin Lee vs. Charles Oliveira,Charles Oliveira,138.0
2021-08-28,UFC Fight Night: Barboza vs. Chikadze,Kevin Lee vs. Daniel Rodriguez,Kevin Lee,-165.0
2021-08-28,UFC Fight Night: Barboza vs. Chikadze,Kevin Lee vs. Daniel Rodriguez,Daniel Rodriguez,165.0
2020-10-24,UFC 254: Khabib vs. Gaethje,Khabib Nurmagomedov vs. Justin Gaethje,Khabib Nurmagomedov,
2020-10-24,UFC 254: Khabib vs. Gaethje,Khabib Nurmagomedov vs. Justin Gaethje,Justin Gaethje,
2021-07-17,UFC Fight Night: Makhachev vs. Moises,Khalid Taha vs. Sergey Morozov,Khalid Taha,-165.0
2021-07-17,UFC Fight Night: Makhachev vs. Moises,Khalid Taha vs. Sergey Morozov,Sergey Morozov,165.0
2022-03-12,UFC Fight Night: Santos vs. Ankalaev,Khalil Rountree Jr. vs. Karl Roberson,Khalil Rountree Jr.,162.0
2022-03-12,UFC Fight Night: Santos vs. Ankalaev,Khalil Rountree Jr. vs. Karl Roberson,Karl Roberson,-162.0
2021-01-23,UFC 257: Poirier vs. McGregor,Khalil Rountree Jr. vs. Marcin Prachnio,Khalil Rountree Jr.,-165.0
2021-01-23,UFC 257: Poirier vs. McGregor,Khalil Rountree Jr. vs. Marcin Prachnio,Marcin Prachnio,165.0
2021-10-23,UFC Fight Night: Costa vs. Vettori,Khama Worthy vs. Jai Herbert,Khama Worthy,-104.0
2021-10-23,UFC Fight Night: Costa vs. Vettori,Khama Worthy vs. Jai Herbert,Jai Herbert,104.0
2020-09-19,UFC Fight Night: Covington vs. Woodley,Khamzat Chimaev vs. Gerald Meerschaert,Khamzat Chimaev,-165.0
2020-09-19,UFC Fight Night: Covington vs. Woodley,Khamzat Chimaev vs. Gerald Meerschaert,Gerald Meerschaert,165.0
2021-06-19,UFC Fight Night: Jung vs. Ige,Khaos Williams vs. Matthew Semelsberger,Khaos Williams,-155.0
2021-06-19,UFC Fight Night: Jung vs. Ige,Khaos Williams vs. Matthew Semelsberger,Matthew Semelsberger,155.0
2020-09-12,UFC Fight Night: Waterson vs. Hill,King Green vs. Alan Patrick,King Green,-165.0
2020-09-12,UFC Fight Night: Waterson vs. Hill,King Green vs. Alan Patrick,Alan Patrick,165.0
2022-02-12,UFC 271: Adesanya vs. Whittaker 2,King Green vs. Nasrat Haqparast,King Green,-104.0
2022-02-12,UFC 271: Adesanya vs. Whittaker 2,King Green vs. Nasrat Haqparast,Nasrat Haqparast,104.0
2021-08-07,UFC 265: Lewis vs. Gane,King Green vs. Rafael Fiziev,King Green,-104.0
2021-08-07,UFC 265: Lewis vs. Gane,King Green vs. Rafael Fiziev,Rafael Fiziev,104.0
2020-10-31,UFC Fight Night: Hall vs. Silva,King Green vs. Thiago Moises,King Green,-147.0
2020-10-31,UFC Fight Night: Hall vs. Silva,King Green vs. Thiago Moises,Thiago Moises,147.0
2022-03-12,UFC Fight Night: Santos vs. Ankalaev,Kris Moutinho vs. Guido Cannetti,Kris Moutinho,-110.0
2022-03-12,UFC Fight Night: Santos vs. Ankalaev,Kris Moutinho vs. Guido Cannetti,Guido Cannetti,110.0
2022-04-30,UFC Fight Night: Font vs. Vera,Krzysztof Jotko vs. Gerald Meerschaert,Krzysztof Jotko,-165.0
2022-04-30,UFC Fight Night: Font vs. Vera,Krzysztof Jotko vs. Gerald Meerschaert,Gerald Meerschaert,165.0
2022-02-19,UFC Fight Night: Walker vs. Hill,Kyle Daukaus vs. Jamie Pickett,Kyle Daukaus,-162.0
2022-02-19,UFC Fight Night: Walker vs. Hill,Kyle Daukaus vs. Jamie Pickett,Jamie Pickett,162.0
2022-02-12,UFC 271: Adesanya vs. Whittaker 2,Kyler Phillips vs. Marcelo Rojo,Kyler Phillips,-319.0
2022-02-12,UFC 271: Adesanya vs. Whittaker 2,Kyler Phillips vs. Marcelo Rojo,Marcelo Rojo,319.0
2021-07-24,UFC Fight Night: Sandhagen vs. Dillashaw,Kyler Phillips vs. Raulian Paiva,Kyler Phillips,-165.0
2021-07-24,UFC Fight Night: Sandhagen vs. Dillashaw,Kyler Phillips vs. Raulian Paiva,Raulian Paiva,165.0
2022-06-11,UFC 275: Teixeira vs. Prochazka,Kyung Ho Kang vs. Batgerel Danaa,Kyung Ho Kang,140.0
2022-06-11,UFC 275: Teixeira vs. Prochazka,Kyung Ho Kang vs. Batgerel Danaa,Batgerel Danaa,-140.0
2022-04-23,UFC Fight Night: Lemos vs. Andrade,Lando Vannata vs. Charles Jourdain,Lando Vannata,-100.0
2022-04-23,UFC Fight Night: Lemos vs. Andrade,Lando Vannata vs. Charles Jourdain,Charles Jourdain,-100.0
2020-08-01,UFC Fight Night: Brunson vs. Shahbazyan,Lando Vannata vs. King Green,Lando Vannata,-100.0
2020-08-01,UFC Fight Night: Brunson vs. Shahbazyan,Lando Vannata vs. King Green,King Green,-100.0
2021-05-15,UFC 262: Oliveira vs. Chandler,Lando Vannata vs. Mike Grundy,Lando Vannata,-162.0
2021-05-15,UFC 262: Oliveira vs. Chandler,Lando Vannata vs. Mike Grundy,Mike Grundy,162.0
2021-06-12,UFC 263: Adesanya vs. Vettori 2,Leon Edwards vs. Nate Diaz,Leon Edwards,-165.0
2021-06-12,UFC 263: Adesanya vs. Vettori 2,Leon Edwards vs. Nate Diaz,Nate Diaz,165.0
2021-03-20,UFC Fight Night: Brunson vs. Holland,Leonardo Santos vs. Grant Dawson,Leonardo Santos,299.0
2021-03-20,UFC Fight Night: Brunson vs. Holland,Leonardo Santos vs. Grant Dawson,Grant Dawson,-299.0
2021-01-20,UFC Fight Night: Chiesa vs. Magny,Lerone Murphy vs. Douglas Silva de Andrade,Lerone Murphy,-258.0
2021-01-20,UFC Fight Night: Chiesa vs. Magny,Lerone Murphy vs. Douglas Silva de Andrade,Douglas Silva de Andrade,258.0
2021-10-30,UFC 267: Blachowicz vs. Teixeira,Li Jingliang vs. Khamzat Chimaev,Li Jingliang,165.0
2021-10-30,UFC 267: Blachowicz vs. Teixeira,Li Jingliang vs. Khamzat Chimaev,Khamzat Chimaev,-165.0
2020-05-30,UFC Fight Night: Woodley vs. Burns,Louis Smolka vs. Casey Kenney,Louis Smolka,152.0
2020-05-30,UFC Fight Night: Woodley vs. Burns,Louis Smolka vs. Casey Kenney,Casey Kenney,-152.0
2020-12-05,UFC Fight Night: Hermansson vs. Vettori,Louis Smolka vs. Jose Quinonez,Louis Smolka,165.0
2020-12-05,UFC Fight Night: Hermansson vs. Vettori,Louis Smolka vs. Jose Quinonez,Jose Quinonez,-165.0
2021-12-04,UFC Fight Night: Font vs. Aldo,Louis Smolka vs. Vince Morales,Louis Smolka,104.0
2021-12-04,UFC Fight Night: Font vs. Aldo,Louis Smolka vs. Vince Morales,Vince Morales,-104.0
2021-05-08,UFC Fight Night: Rodriguez vs. Waterson,Ludovit Klein vs. Michael Trizano,Ludovit Klein,-125.0
2021-05-08,UFC Fight Night: Rodriguez vs. Waterson,Ludovit Klein vs. Michael Trizano,Michael Trizano,125.0
2020-10-03,UFC Fight Night: Holm vs. Aldana,Luigi Vendramini vs. Jessin Ayari,Luigi Vendramini,-125.0
2020-10-03,UFC Fight Night: Holm vs. Aldana,Luigi Vendramini vs. Jessin Ayari,Jessin Ayari,125.0
2021-04-17,UFC Fight Night: Whittaker vs. Gastelum,Luis Pena vs. Alexander Munoz,Luis Pena,-258.0
2021-04-17,UFC Fight Night: Whittaker vs. Gastelum,Luis Pena vs. Alexander Munoz,Alexander Munoz,258.0
2020-06-27,UFC Fight Night: Poirier vs. Hooker,Luis Pena vs. Khama Worthy,Luis Pena,-315.0
2020-06-27,UFC Fight Night: Poirier vs. Hooker,Luis Pena vs. Khama Worthy,Khama Worthy,315.0
2022-03-26,UFC Fight Night: Blaydes vs. Daukaus,Luis Saldana vs. Bruno Souza,Luis Saldana,-152.0
2022-03-26,UFC Fight Night: Blaydes vs. Daukaus,Luis Saldana vs. Bruno Souza,Bruno Souza,152.0
2021-05-01,UFC Fight Night: Reyes vs. Prochazka,Luke Sanders vs. Felipe Colares,Luke Sanders,155.0
2021-05-01,UFC Fight Night: Reyes vs. Prochazka,Luke Sanders vs. Felipe Colares,Felipe Colares,-155.0
2020-11-28,UFC Fight Night: Smith vs. Clark,Luke Sanders vs. Nate Maness,Luke Sanders,-100.0
2020-11-28,UFC Fight Night: Smith vs. Clark,Luke Sanders vs. Nate Maness,Nate Maness,-100.0
2020-10-24,UFC 254: Khabib vs. Gaethje,Magomed Ankalaev vs. Ion Cutelaba,Magomed Ankalaev,-165.0
2020-10-24,UFC 254: Khabib vs. Gaethje,Magomed Ankalaev vs. Ion Cutelaba,Ion Cutelaba,165.0
2021-10-30,UFC 267: Blachowicz vs. Teixeira,Magomed Ankalaev vs. Volkan Oezdemir,Magomed Ankalaev,-165.0
2021-10-30,UFC 267: Blachowicz vs. Teixeira,Magomed Ankalaev vs. Volkan Oezdemir,Volkan Oezdemir,165.0
2021-08-28,UFC Fight Night: Barboza vs. Chikadze,Makhmud Muradov vs. Gerald Meerschaert,Makhmud Muradov,-100.0
2021-08-28,UFC Fight Night: Barboza vs. Chikadze,Makhmud Muradov vs. Gerald Meerschaert,Gerald Meerschaert,-100.0
2020-08-08,UFC Fight Night: Lewis vs. Oleinik,Maki Pitolo vs. Darren Stewart,Maki Pitolo,125.0
2020-08-08,UFC Fight Night: Lewis vs. Oleinik,Maki Pitolo vs. Darren Stewart,Darren Stewart,-125.0
2021-12-04,UFC Fight Night: Font vs. Aldo,Maki Pitolo vs. Dusko Todorovic,Maki Pitolo,104.0
2021-12-04,UFC Fight Night: Font vs. Aldo,Maki Pitolo vs. Dusko Todorovic,Dusko Todorovic,-104.0
2021-02-13,UFC 258: Usman vs. Burns,Maki Pitolo vs. Julian Marquez,Maki Pitolo,-165.0
2021-02-13,UFC 258: Usman vs. Burns,Maki Pitolo vs. Julian Marquez,Julian Marquez,165.0
2020-07-11,UFC 251: Usman vs. Masvidal,Makwan Amirkhani vs. Danny Henry,Makwan Amirkhani,-152.0
2020-07-11,UFC 251: Usman vs. Masvidal,Makwan Amirkhani vs. Danny Henry,Danny Henry,152.0
2021-10-30,UFC 267: Blachowicz vs. Teixeira,Makwan Amirkhani vs. Lerone Murphy,Makwan Amirkhani,299.0
2021-10-30,UFC 267: Blachowicz vs. Teixeira,Makwan Amirkhani vs. Lerone Murphy,Lerone Murphy,-299.0
2022-02-12,UFC 271: Adesanya vs. Whittaker 2,Mana Martinez vs. Ronnie Lawrence,Mana Martinez,189.0
2022-02-12,UFC 271: Adesanya vs. Whittaker 2,Mana Martinez vs. Ronnie Lawrence,Ronnie Lawrence,-189.0
2021-03-13,UFC Fight Night: Edwards vs. Muhammad,Manel Kape vs. Matheus Nicolau,Manel Kape,165.0
2021-03-13,UFC Fight Night: Edwards vs. Muhammad,Manel Kape vs. Matheus Nicolau,Matheus Nicolau,-165.0
2021-08-07,UFC 265: Lewis vs. Gane,Manel Kape vs. Ode Osbourne,Manel Kape,-100.0
2021-08-07,UFC 265: Lewis vs. Gane,Manel Kape vs. Ode Osbourne,Ode Osbourne,-100.0
2021-12-04,UFC Fight Night: Font vs. Aldo,Manel Kape vs. Zhalgas Zhumagulov,Manel Kape,-165.0
2021-12-04,UFC Fight Night: Font vs. Aldo,Manel Kape vs. Zhalgas Zhumagulov,Zhalgas Zhumagulov,165.0
2021-11-13,UFC Fight Night: Holloway vs. Rodriguez,Marc Diakiese vs. Rafael Alves,Marc Diakiese,-165.0
2021-11-13,UFC Fight Night: Holloway vs. Rodriguez,Marc Diakiese vs. Rafael Alves,Rafael Alves,165.0
2020-07-18,UFC Fight Night: Figueiredo vs. Benavidez 2,Marc Diakiese vs. Rafael Fiziev,Marc Diakiese,-165.0
2020-07-18,UFC Fight Night: Figueiredo vs. Benavidez 2,Marc Diakiese vs. Rafael Fiziev,Rafael Fiziev,165.0
2022-03-26,UFC Fight Night: Blaydes vs. Daukaus,Marc Diakiese vs. Viacheslav Borshchev,Marc Diakiese,104.0
2022-03-26,UFC Fight Night: Blaydes vs. Daukaus,Marc Diakiese vs. Viacheslav Borshchev,Viacheslav Borshchev,-104.0
2021-03-27,UFC 260: Miocic vs. Ngannou,Marc-Andre Barriault vs. Abu Azaitar,Marc-Andre Barriault,125.0
2021-03-27,UFC 260: Miocic vs. Ngannou,Marc-Andre Barriault vs. Abu Azaitar,Abu Azaitar,-125.0
2021-06-26,UFC Fight Night: Gane vs. Volkov,Marcin Prachnio vs. Ike Villanueva,Marcin Prachnio,-165.0
2021-06-26,UFC Fight Night: Gane vs. Volkov,Marcin Prachnio vs. Ike Villanueva,Ike Villanueva,165.0
2020-08-22,UFC Fight Night: Munhoz vs. Edgar,Marcin Prachnio vs. Mike Rodriguez,Marcin Prachnio,125.0
2020-08-22,UFC Fight Night: Munhoz vs. Edgar,Marcin Prachnio vs. Mike Rodriguez,Mike Rodriguez,-125.0
2022-04-23,UFC Fight Night: Lemos vs. Andrade,Marcin Prachnio vs. Philipe Lins,Marcin Prachnio,-165.0
2022-04-23,UFC Fight Night: Lemos vs. Andrade,Marcin Prachnio vs. Philipe Lins,Philipe Lins,165.0
2020-12-19,UFC Fight Night: Thompson vs. Neal,Marcin Tybura vs. Greg Hardy,Marcin Tybura,-100.0
2020-12-19,UFC Fight Night: Thompson vs. Neal,Marcin Tybura vs. Greg Hardy,Greg Hardy,-100.0
2020-02-29,UFC Fight Night: Benavidez vs. Figueiredo,Marcin Tybura vs. Serghei Spivac,Marcin Tybura,319.0
2020-02-29,UFC Fight Night: Benavidez vs. Figueiredo,Marcin Tybura vs. Serghei Spivac,Serghei Spivac,-319.0
2020-03-07,UFC 248: Adesanya vs. Romero,Mark Madsen vs. Austin Hubbard,Mark Madsen,-319.0
2020-03-07,UFC 248: Adesanya vs. Romero,Mark Madsen vs. Austin Hubbard,Austin Hubbard,319.0
2020-10-10,UFC Fight Night: Moraes vs. Sandhagen,Marlon Moraes vs. Cory Sandhagen,Marlon Moraes,155.0
2020-10-10,UFC Fight Night: Moraes vs. Sandhagen,Marlon Moraes vs. Cory Sandhagen,Cory Sandhagen,-155.0
2021-09-25,UFC 266: Volkanovski vs. Ortega,Marlon Moraes vs. Merab Dvalishvili,Marlon Moraes,319.0
2021-09-25,UFC 266: Volkanovski vs. Ortega,Marlon Moraes vs. Merab Dvalishvili,Merab Dvalishvili,-319.0
2020-12-19,UFC Fight Night: Thompson vs. Neal,Marlon Moraes vs. Rob Font,Marlon Moraes,-100.0
2020-12-19,UFC Fight Night: Thompson vs. Neal,Marlon Moraes vs. Rob Font,Rob Font,-100.0
2022-03-12,UFC Fight Night: Santos vs. Ankalaev,Marlon Moraes vs. Song Yadong,Marlon Moraes,319.0
2022-03-12,UFC Fight Night: Santos vs. Ankalaev,Marlon Moraes vs. Song Yadong,Song Yadong,-319.0
2021-06-19,UFC Fight Night: Jung vs. Ige,Marlon Vera vs. Davey Grant,Marlon Vera,-165.0
2021-06-19,UFC Fight Night: Jung vs. Ige,Marlon Vera vs. Davey Grant,Davey Grant,165.0
2020-11-28,UFC Fight Night: Smith vs. Clark,Martin Day vs. Anderson Dos Santos,Martin Day,-165.0
2020-11-28,UFC Fight Night: Smith vs. Clark,Martin Day vs. Anderson Dos Santos,Anderson Dos Santos,165.0
2020-07-11,UFC 251: Usman vs. Masvidal,Martin Day vs. Davey Grant,Martin Day,-137.0
2020-07-11,UFC 251: Usman vs. Masvidal,Martin Day vs. Davey Grant,Davey Grant,137.0
2021-04-10,UFC Fight Night: Vettori vs. Holland,Marvin Vettori vs. Kevin Holland,Marvin Vettori,-110.0
2021-04-10,UFC Fight Night: Vettori vs. Holland,Marvin Vettori vs. Kevin Holland,Kevin Holland,110.0
2022-03-26,UFC Fight Night: Blaydes vs. Daukaus,Matheus Nicolau vs. David Dvorak,Matheus Nicolau,-100.0
2022-03-26,UFC Fight Night: Blaydes vs. Daukaus,Matheus Nicolau vs. David Dvorak,David Dvorak,-100.0
2022-03-26,UFC Fight Night: Blaydes vs. Daukaus,Matt Brown vs. Bryan Barberena,Matt Brown,-162.0
2022-03-26,UFC Fight Night: Blaydes vs. Daukaus,Matt Brown vs. Bryan Barberena,Bryan Barberena,162.0
2021-06-19,UFC Fight Night: Jung vs. Ige,Matt Brown vs. Dhiego Lima,Matt Brown,-258.0
2021-06-19,UFC Fight Night: Jung vs. Ige,Matt Brown vs. Dhiego Lima,Dhiego Lima,258.0
2020-05-16,UFC Fight Night: Overeem vs. Harris,Matt Brown vs. Miguel Baeza,Matt Brown,104.0
2020-05-16,UFC Fight Night: Overeem vs. Harris,Matt Brown vs. Miguel Baeza,Miguel Baeza,-104.0
2021-01-20,UFC Fight Night: Chiesa vs. Magny,Matt Schnell vs. Tyson Nam,Matt Schnell,-152.0
2021-01-20,UFC Fight Night: Chiesa vs. Magny,Matt Schnell vs. Tyson Nam,Tyson Nam,152.0
2020-10-31,UFC Fight Night: Hall vs. Silva,Maurice Greene vs. Greg Hardy,Maurice Greene,162.0
2020-10-31,UFC Fight Night: Hall vs. Silva,Maurice Greene vs. Greg Hardy,Greg Hardy,-162.0
2021-05-08,UFC Fight Night: Rodriguez vs. Waterson,Maurice Greene vs. Marcos Rogerio de Lima,Maurice Greene,165.0
2021-05-08,UFC Fight Night: Rodriguez vs. Waterson,Maurice Greene vs. Marcos Rogerio de Lima,Marcos Rogerio de Lima,-165.0
2022-05-07,UFC 274: Oliveira vs. Gaethje,Mauricio Rua vs. Ovince Saint Preux,Mauricio Rua,-104.0
2022-05-07,UFC 274: Oliveira vs. Gaethje,Mauricio Rua vs. Ovince Saint Preux,Ovince Saint Preux,104.0
2020-11-21,UFC 255: Figueiredo vs. Perez,Mauricio Rua vs. Paul Craig,Mauricio Rua,152.0
2020-11-21,UFC 255: Figueiredo vs. Perez,Mauricio Rua vs. Paul Craig,Paul Craig,-152.0
2020-07-25,UFC Fight Night: Whittaker vs. Till,Mauricio Rua vs. Rogerio Nogueira,Mauricio Rua,-165.0
2020-07-25,UFC Fight Night: Whittaker vs. Till,Mauricio Rua vs. Rogerio Nogueira,Rogerio Nogueira,165.0
2021-01-16,UFC Fight Night: Holloway vs. Kattar,Max Holloway vs. Calvin Kattar,Max Holloway,-319.0
2021-01-16,UFC Fight Night: Holloway vs. Kattar,Max Holloway vs. Calvin Kattar,Calvin Kattar,319.0
2021-11-13,UFC Fight Night: Holloway vs. Rodriguez,Max Holloway vs. Yair Rodriguez,Max Holloway,-299.0
2021-11-13,UFC Fight Night: Holloway vs. Rodriguez,Max Holloway vs. Yair Rodriguez,Yair Rodriguez,299.0
2021-05-01,UFC Fight Night: Reyes vs. Prochazka,Merab Dvalishvili vs. Cody Stamann,Merab Dvalishvili,-165.0
2021-05-01,UFC Fight Night: Reyes vs. Prochazka,Merab Dvalishvili vs. Cody Stamann,Cody Stamann,165.0
2022-05-07,UFC 274: Oliveira vs. Gaethje,Michael Chandler vs. Tony Ferguson,Michael Chandler,319.0
2022-05-07,UFC 274: Oliveira vs. Gaethje,Michael Chandler vs. Tony Ferguson,Tony Ferguson,-319.0
2021-01-20,UFC Fight Night: Chiesa vs. Magny,Michael Chiesa vs. Neil Magny,Michael Chiesa,165.0
2021-01-20,UFC Fight Night: Chiesa vs. Magny,Michael Chiesa vs. Neil Magny,Neil Magny,-165.0
2021-11-20,UFC Fight Night: Vieira vs. Tate,Michael Chiesa vs. Sean Brady,Michael Chiesa,152.0
2021-11-20,UFC Fight Night: Vieira vs. Tate,Michael Chiesa vs. Sean Brady,Sean Brady,-152.0
2021-08-07,UFC 265: Lewis vs. Gane,Michael Chiesa vs. Vicente Luque,Michael Chiesa,155.0
2021-08-07,UFC 265: Lewis vs. Gane,Michael Chiesa vs. Vicente Luque,Vicente Luque,-155.0
2022-05-14,UFC Fight Night: Blachowicz vs. Rakic,Michael Johnson vs. Alan Patrick,Michael Johnson,-299.0
2022-05-14,UFC Fight Night: Blachowicz vs. Rakic,Michael Johnson vs. Alan Patrick,Alan Patrick,299.0
2021-02-06,UFC Fight Night: Overeem vs. Volkov,Michael Johnson vs. Clay Guida,Michael Johnson,-258.0
2021-02-06,UFC Fight Night: Overeem vs. Volkov,Michael Johnson vs. Clay Guida,Clay Guida,258.0
2020-05-13,UFC Fight Night: Smith vs. Teixeira,Michael Johnson vs. Thiago Moises,Michael Johnson,-137.0
2020-05-13,UFC Fight Night: Smith vs. Teixeira,Michael Johnson vs. Thiago Moises,Thiago Moises,137.0
2020-12-19,UFC Fight Night: Thompson vs. Neal,Michel Pereira vs. Khaos Williams,Michel Pereira,-125.0
2020-12-19,UFC Fight Night: Thompson vs. Neal,Michel Pereira vs. Khaos Williams,Khaos Williams,125.0
2020-09-05,UFC Fight Night: Overeem vs. Sakai,Michel Pereira vs. Zelim Imadaev,Michel Pereira,-148.0
2020-09-05,UFC Fight Night: Overeem vs. Sakai,Michel Pereira vs. Zelim Imadaev,Zelim Imadaev,148.0
2021-07-24,UFC Fight Night: Sandhagen vs. Dillashaw,Mickey Gall vs. Jordan Williams,Mickey Gall,-125.0
2021-07-24,UFC Fight Night: Sandhagen vs. Dillashaw,Mickey Gall vs. Jordan Williams,Jordan Williams,125.0
2022-04-16,UFC Fight Night: Luque vs. Muhammad,Miguel Baeza vs. Andre Fialho,Miguel Baeza,-165.0
2022-04-16,UFC Fight Night: Luque vs. Muhammad,Miguel Baeza vs. Andre Fialho,Andre Fialho,165.0
2021-11-13,UFC Fight Night: Holloway vs. Rodriguez,Miguel Baeza vs. Khaos Williams,Miguel Baeza,147.0
2021-11-13,UFC Fight Night: Holloway vs. Rodriguez,Miguel Baeza vs. Khaos Williams,Khaos Williams,-147.0
2020-11-28,UFC Fight Night: Smith vs. Clark,Miguel Baeza vs. Takashi Sato,Miguel Baeza,-299.0
2020-11-28,UFC Fight Night: Smith vs. Clark,Miguel Baeza vs. Takashi Sato,Takashi Sato,299.0
2022-03-19,UFC Fight Night: Volkov vs. Aspinall,Mike Grundy vs. Makwan Amirkhani,Mike Grundy,-152.0
2022-03-19,UFC Fight Night: Volkov vs. Aspinall,Mike Grundy vs. Makwan Amirkhani,Makwan Amirkhani,152.0
2021-04-10,UFC Fight Night: Vettori vs. Holland,Mike Perry vs. Daniel Rodriguez,Mike Perry,-155.0
2021-04-10,UFC Fight Night: Vettori vs. Holland,Mike Perry vs. Daniel Rodriguez,Daniel Rodriguez,155.0
2020-06-27,UFC Fight Night: Poirier vs. Hooker,Mike Perry vs. Mickey Gall,Mike Perry,-165.0
2020-06-27,UFC Fight Night: Poirier vs. Hooker,Mike Perry vs. Mickey Gall,Mickey Gall,165.0
2020-11-21,UFC 255: Figueiredo vs. Perez,Mike Perry vs. Tim Means,Mike Perry,-155.0
2020-11-21,UFC 255: Figueiredo vs. Perez,Mike Perry vs. Tim Means,Tim Means,155.0
2021-02-06,UFC Fight Night: Overeem vs. Volkov,Mike Rodriguez vs. Danilo Marques,Mike Rodriguez,128.0
2021-02-06,UFC Fight Night: Overeem vs. Volkov,Mike Rodriguez vs. Danilo Marques,Danilo Marques,-128.0
2021-09-18,UFC Fight Night: Smith vs. Spann,Mike Rodriguez vs. Tafon Nchukwi,Mike Rodriguez,165.0
2021-09-18,UFC Fight Night: Smith vs. Spann,Mike Rodriguez vs. Tafon Nchukwi,Tafon Nchukwi,-165.0
2021-08-07,UFC 265: Lewis vs. Gane,Miles Johns vs. Anderson Dos Santos,Miles Johns,-165.0
2021-08-07,UFC 265: Lewis vs. Gane,Miles Johns vs. Anderson Dos Santos,Anderson Dos Santos,165.0
2022-02-05,UFC Fight Night: Hermansson vs. Strickland,Miles Johns vs. John Castaneda,Miles Johns,-258.0
2022-02-05,UFC Fight Night: Hermansson vs. Strickland,Miles Johns vs. John Castaneda,John Castaneda,258.0
2020-09-19,UFC Fight Night: Covington vs. Woodley,Mirsad Bektic vs. Damon Jackson,Mirsad Bektic,-319.0
2020-09-19,UFC Fight Night: Covington vs. Woodley,Mirsad Bektic vs. Damon Jackson,Damon Jackson,319.0
2021-10-02,UFC Fight Night: Santos vs. Walker,Misha Cirkunov vs. Krzysztof Jotko,Misha Cirkunov,125.0
2021-10-02,UFC Fight Night: Santos vs. Walker,Misha Cirkunov vs. Krzysztof Jotko,Krzysztof Jotko,-125.0
2021-03-13,UFC Fight Night: Edwards vs. Muhammad,Misha Cirkunov vs. Ryan Spann,Misha Cirkunov,-152.0
2021-03-13,UFC Fight Night: Edwards vs. Muhammad,Misha Cirkunov vs. Ryan Spann,Ryan Spann,152.0
2022-02-26,UFC Fight Night: Makhachev vs. Green,Misha Cirkunov vs. Wellington Turman,Misha Cirkunov,-165.0
2022-02-26,UFC Fight Night: Makhachev vs. Green,Misha Cirkunov vs. Wellington Turman,Wellington Turman,165.0
2021-09-04,UFC Fight Night: Brunson vs. Till,Modestas Bukauskas vs. Khalil Rountree Jr.,Modestas Bukauskas,-165.0
2021-09-04,UFC Fight Night: Brunson vs. Till,Modestas Bukauskas vs. Khalil Rountree Jr.,Khalil Rountree Jr.,165.0
2021-03-27,UFC 260: Miocic vs. Ngannou,Modestas Bukauskas vs. Michal Oleksiejczuk,Modestas Bukauskas,165.0
2021-03-27,UFC 260: Miocic vs. Ngannou,Modestas Bukauskas vs. Michal Oleksiejczuk,Michal Oleksiejczuk,-165.0
2021-09-18,UFC Fight Night: Smith vs. Spann,Montel Jackson vs. JP Buys,Montel Jackson,-319.0
2021-09-18,UFC Fight Night: Smith vs. Spann,Montel Jackson vs. JP Buys,JP Buys,319.0
2021-06-12,UFC 263: Adesanya vs. Vettori 2,Movsar Evloev vs. Hakeem Dawodu,Movsar Evloev,-100.0
2021-06-12,UFC 263: Adesanya vs. Vettori 2,Movsar Evloev vs. Hakeem Dawodu,Hakeem Dawodu,-100.0
2020-07-25,UFC Fight Night: Whittaker vs. Till,Movsar Evloev vs. Mike Grundy,Movsar Evloev,-165.0
2020-07-25,UFC Fight Night: Whittaker vs. Till,Movsar Evloev vs. Mike Grundy,Mike Grundy,165.0
2021-07-24,UFC Fight Night: Sandhagen vs. Dillashaw,Nassourdine Imavov vs. Ian Heinisch,Nassourdine Imavov,-165.0
2021-07-24,UFC Fight Night: Sandhagen vs. Dillashaw,Nassourdine Imavov vs. Ian Heinisch,Ian Heinisch,165.0
2022-04-30,UFC Fight Night: Font vs. Vera,Natan Levy vs. Mike Breeden,Natan Levy,-258.0
2022-04-30,UFC Fight Night: Font vs. Vera,Natan Levy vs. Mike Breeden,Mike Breeden,258.0
2021-02-20,UFC Fight Night: Blaydes vs. Lewis,Nate Landwehr vs. Julian Erosa,Nate Landwehr,-100.0
2021-02-20,UFC Fight Night: Blaydes vs. Lewis,Nate Landwehr vs. Julian Erosa,Julian Erosa,-100.0
2021-10-16,UFC Fight Night: Ladd vs. Dumont,Nate Landwehr vs. Ludovit Klein,Nate Landwehr,315.0
2021-10-16,UFC Fight Night: Ladd vs. Dumont,Nate Landwehr vs. Ludovit Klein,Ludovit Klein,-315.0
2021-09-18,UFC Fight Night: Smith vs. Spann,Nate Maness vs. Tony Gravely,Nate Maness,165.0
2021-09-18,UFC Fight Night: Smith vs. Spann,Nate Maness vs. Tony Gravely,Tony Gravely,-165.0
2022-06-25,UFC Fight Night: Tsarukyan vs. Gamrot,Nate Maness vs. Umar Nurmagomedov,Nate Maness,
2022-06-25,UFC Fight Night: Tsarukyan vs. Gamrot,Nate Maness vs. Umar Nurmagomedov,Umar Nurmagomedov,
2020-10-24,UFC 254: Khabib vs. Gaethje,Nathaniel Wood vs. Casey Kenney,Nathaniel Wood,102.0
2020-10-24,UFC 254: Khabib vs. Gaethje,Nathaniel Wood vs. Casey Kenney,Casey Kenney,-102.0
2020-06-06,UFC 250: Nunes vs. Spencer,Neil Magny vs. Anthony Rocco Martin,Neil Magny,-100.0
2020-06-06,UFC 250: Nunes vs. Spencer,Neil Magny vs. Anthony Rocco Martin,Anthony Rocco Martin,-100.0
2021-05-08,UFC Fight Night: Rodriguez vs. Waterson,Neil Magny vs. Geoff Neal,Neil Magny,-152.0
2021-05-08,UFC Fight Night: Rodriguez vs. Waterson,Neil Magny vs. Geoff Neal,Geoff Neal,152.0
2020-03-07,UFC 248: Adesanya vs. Romero,Neil Magny vs. Li Jingliang,Neil Magny,152.0
2020-03-07,UFC 248: Adesanya vs. Romero,Neil Magny vs. Li Jingliang,Li Jingliang,-152.0
2022-03-26,UFC Fight Night: Blaydes vs. Daukaus,Neil Magny vs. Max Griffin,Neil Magny,-165.0
2022-03-26,UFC Fight Night: Blaydes vs. Daukaus,Neil Magny vs. Max Griffin,Max Griffin,165.0
2022-06-25,UFC Fight Night: Tsarukyan vs. Gamrot,Neil Magny vs. Shavkat Rakhmonov,Neil Magny,147.0
2022-06-25,UFC Fight Night: Tsarukyan vs. Gamrot,Neil Magny vs. Shavkat Rakhmonov,Shavkat Rakhmonov,-147.0
2021-09-25,UFC 266: Volkanovski vs. Ortega,Nick Diaz vs. Robbie Lawler,Nick Diaz,-155.0
2021-09-25,UFC 266: Volkanovski vs. Ortega,Nick Diaz vs. Robbie Lawler,Robbie Lawler,155.0
2022-05-14,UFC Fight Night: Blachowicz vs. Rakic,Nick Maximov vs. Andre Petroski,Nick Maximov,-100.0
2022-05-14,UFC Fight Night: Blachowicz vs. Rakic,Nick Maximov vs. Andre Petroski,Andre Petroski,-100.0
2021-10-23,UFC Fight Night: Costa vs. Vettori,Nicolae Negumereanu vs. Ike Villanueva,Nicolae Negumereanu,-165.0
2021-10-23,UFC Fight Night: Costa vs. Vettori,Nicolae Negumereanu vs. Ike Villanueva,Ike Villanueva,165.0
2022-03-05,UFC 272: Covington vs. Masvidal,Nicolae Negumereanu vs. Kennedy Nzechukwu,Nicolae Negumereanu,162.0
2022-03-05,UFC 272: Covington vs. Masvidal,Nicolae Negumereanu vs. Kennedy Nzechukwu,Kennedy Nzechukwu,-162.0
2021-02-27,UFC Fight Night: Rozenstruik vs. Gane,Nikita Krylov vs. Magomed Ankalaev,Nikita Krylov,162.0
2021-02-27,UFC Fight Night: Rozenstruik vs. Gane,Nikita Krylov vs. Magomed Ankalaev,Magomed Ankalaev,-162.0
2022-03-19,UFC Fight Night: Volkov vs. Aspinall,Nikita Krylov vs. Paul Craig,Nikita Krylov,-165.0
2022-03-19,UFC Fight Night: Volkov vs. Aspinall,Nikita Krylov vs. Paul Craig,Paul Craig,165.0
2022-06-04,UFC Fight Night: Volkov vs. Rozenstruik,Niklas Stolze vs. Benoit Saint Denis,Niklas Stolze,-100.0
2022-06-04,UFC Fight Night: Volkov vs. Rozenstruik,Niklas Stolze vs. Benoit Saint Denis,Benoit Saint Denis,-100.0
2021-07-31,UFC Fight Night: Hall vs. Strickland,Niklas Stolze vs. Jared Gooden,Niklas Stolze,-122.0
2021-07-31,UFC Fight Night: Hall vs. Strickland,Niklas Stolze vs. Jared Gooden,Jared Gooden,122.0
2021-07-10,UFC 264: Poirier vs. McGregor 3,Niko Price vs. Michel Pereira,Niko Price,165.0
2021-07-10,UFC 264: Poirier vs. McGregor 3,Niko Price vs. Michel Pereira,Michel Pereira,-165.0
2021-02-06,UFC Fight Night: Overeem vs. Volkov,Ode Osbourne vs. Jerome Rivera,Ode Osbourne,124.0
2021-02-06,UFC Fight Night: Overeem vs. Volkov,Ode Osbourne vs. Jerome Rivera,Jerome Rivera,-124.0
2022-06-04,UFC Fight Night: Volkov vs. Rozenstruik,Ode Osbourne vs. Zarrukh Adashev,Ode Osbourne,155.0
2022-06-04,UFC Fight Night: Volkov vs. Rozenstruik,Ode Osbourne vs. Zarrukh Adashev,Zarrukh Adashev,-155.0
2022-05-21,UFC Fight Night: Holm vs. Vieira,Omar Morales vs. Uros Medic,Omar Morales,-100.0
2022-05-21,UFC Fight Night: Holm vs. Vieira,Omar Morales vs. Uros Medic,Uros Medic,-100.0
2021-07-10,UFC 264: Poirier vs. McGregor 3,Omari Akhmedov vs. Brad Tavares,Omari Akhmedov,-165.0
2021-07-10,UFC 264: Poirier vs. McGregor 3,Omari Akhmedov vs. Brad Tavares,Brad Tavares,165.0
2021-01-20,UFC Fight Night: Chiesa vs. Magny,Omari Akhmedov vs. Tom Breese,Omari Akhmedov,-137.0
2021-01-20,UFC Fight Night: Chiesa vs. Magny,Omari Akhmedov vs. Tom Breese,Tom Breese,137.0
2020-09-12,UFC Fight Night: Waterson vs. Hill,Ottman Azaitar vs. Khama Worthy,Ottman Azaitar,104.0
2020-09-12,UFC Fight Night: Waterson vs. Hill,Ottman Azaitar vs. Khama Worthy,Khama Worthy,-104.0
2020-09-05,UFC Fight Night: Overeem vs. Sakai,Ovince Saint Preux vs. Alonzo Menifield,Ovince Saint Preux,165.0
2020-09-05,UFC Fight Night: Overeem vs. Sakai,Ovince Saint Preux vs. Alonzo Menifield,Alonzo Menifield,-165.0
2020-12-05,UFC Fight Night: Hermansson vs. Vettori,Ovince Saint Preux vs. Jamahal Hill,Ovince Saint Preux,165.0
2020-12-05,UFC Fight Night: Hermansson vs. Vettori,Ovince Saint Preux vs. Jamahal Hill,Jamahal Hill,-165.0
2022-03-19,UFC Fight Night: Volkov vs. Aspinall,Paddy Pimblett vs. Kazula Vargas,Paddy Pimblett,-152.0
2022-03-19,UFC Fight Night: Volkov vs. Aspinall,Paddy Pimblett vs. Kazula Vargas,Kazula Vargas,152.0
2022-02-19,UFC Fight Night: Walker vs. Hill,Parker Porter vs. Alan Baudot,Parker Porter,-165.0
2022-02-19,UFC Fight Night: Walker vs. Hill,Parker Porter vs. Alan Baudot,Alan Baudot,165.0
2021-08-21,UFC Fight Night: Cannonier vs. Gastelum,Parker Porter vs. Chase Sherman,Parker Porter,-152.0
2021-08-21,UFC Fight Night: Cannonier vs. Gastelum,Parker Porter vs. Chase Sherman,Chase Sherman,152.0
2022-04-16,UFC Fight Night: Luque vs. Muhammad,Pat Sabatini vs. TJ Laramie,Pat Sabatini,-290.0
2022-04-16,UFC Fight Night: Luque vs. Muhammad,Pat Sabatini vs. TJ Laramie,TJ Laramie,290.0
2021-11-20,UFC Fight Night: Vieira vs. Tate,Pat Sabatini vs. Tucker Lutz,Pat Sabatini,152.0
2021-11-20,UFC Fight Night: Vieira vs. Tate,Pat Sabatini vs. Tucker Lutz,Tucker Lutz,-152.0
2020-07-25,UFC Fight Night: Whittaker vs. Till,Paul Craig vs. Gadzhimurad Antigulov,Paul Craig,-125.0
2020-07-25,UFC Fight Night: Whittaker vs. Till,Paul Craig vs. Gadzhimurad Antigulov,Gadzhimurad Antigulov,125.0
2021-06-12,UFC 263: Adesanya vs. Vettori 2,Paul Craig vs. Jamahal Hill,Paul Craig,147.0
2021-06-12,UFC 263: Adesanya vs. Vettori 2,Paul Craig vs. Jamahal Hill,Jamahal Hill,-147.0
2020-02-22,UFC Fight Night: Felder vs. Hooker,Paul Felder vs. Dan Hooker,Paul Felder,165.0
2020-02-22,UFC Fight Night: Felder vs. Hooker,Paul Felder vs. Dan Hooker,Dan Hooker,-165.0
2020-11-14,UFC Fight Night: Felder vs. Dos Anjos,Paul Felder vs. Rafael Dos Anjos,Paul Felder,319.0
2020-11-14,UFC Fight Night: Felder vs. Dos Anjos,Paul Felder vs. Rafael Dos Anjos,Rafael Dos Anjos,-319.0
2021-10-23,UFC Fight Night: Costa vs. Vettori,Paulo Costa vs. Marvin Vettori,Paulo Costa,299.0
2021-10-23,UFC Fight Night: Costa vs. Vettori,Paulo Costa vs. Marvin Vettori,Marvin Vettori,-299.0
2021-12-11,UFC 269: Oliveira vs. Poirier,Pedro Munhoz vs. Dominick Cruz,Pedro Munhoz,165.0
2021-12-11,UFC 269: Oliveira vs. Poirier,Pedro Munhoz vs. Dominick Cruz,Dominick Cruz,-165.0
2020-08-22,UFC Fight Night: Munhoz vs. Edgar,Pedro Munhoz vs. Frankie Edgar,Pedro Munhoz,258.0
2020-08-22,UFC Fight Night: Munhoz vs. Edgar,Pedro Munhoz vs. Frankie Edgar,Frankie Edgar,-258.0
2021-02-27,UFC Fight Night: Rozenstruik vs. Gane,Pedro Munhoz vs. Jimmie Rivera,Pedro Munhoz,152.0
2021-02-27,UFC Fight Night: Rozenstruik vs. Gane,Pedro Munhoz vs. Jimmie Rivera,Jimmie Rivera,-152.0
2021-10-30,UFC 267: Blachowicz vs. Teixeira,Petr Yan vs. Cory Sandhagen,Petr Yan,152.0
2021-10-30,UFC 267: Blachowicz vs. Teixeira,Petr Yan vs. Cory Sandhagen,Cory Sandhagen,-152.0
2020-07-11,UFC 251: Usman vs. Masvidal,Petr Yan vs. Jose Aldo,Petr Yan,-165.0
2020-07-11,UFC 251: Usman vs. Masvidal,Petr Yan vs. Jose Aldo,Jose Aldo,165.0
2022-06-18,UFC Fight Night: Kattar vs. Emmett,Phil Hawes vs. Deron Winn,Phil Hawes,-165.0
2022-06-18,UFC Fight Night: Kattar vs. Emmett,Phil Hawes vs. Deron Winn,Deron Winn,165.0
2021-05-08,UFC Fight Night: Rodriguez vs. Waterson,Phil Hawes vs. Kyle Daukaus,Phil Hawes,147.0
2021-05-08,UFC Fight Night: Rodriguez vs. Waterson,Phil Hawes vs. Kyle Daukaus,Kyle Daukaus,-147.0
2021-02-20,UFC Fight Night: Blaydes vs. Lewis,Phil Hawes vs. Nassourdine Imavov,Phil Hawes,-100.0
2021-02-20,UFC Fight Night: Blaydes vs. Lewis,Phil Hawes vs. Nassourdine Imavov,Nassourdine Imavov,-100.0
2020-06-27,UFC Fight Night: Poirier vs. Hooker,Philipe Lins vs. Tanner Boser,Philipe Lins,165.0
2020-06-27,UFC Fight Night: Poirier vs. Hooker,Philipe Lins vs. Tanner Boser,Tanner Boser,-165.0
2021-07-24,UFC Fight Night: Sandhagen vs. Dillashaw,Punahele Soriano vs. Brendan Allen,Punahele Soriano,155.0
2021-07-24,UFC Fight Night: Sandhagen vs. Dillashaw,Punahele Soriano vs. Brendan Allen,Brendan Allen,-155.0
2021-01-16,UFC Fight Night: Holloway vs. Kattar,Punahele Soriano vs. Dusko Todorovic,Punahele Soriano,155.0
2021-01-16,UFC Fight Night: Holloway vs. Kattar,Punahele Soriano vs. Dusko Todorovic,Dusko Todorovic,-155.0
2022-02-05,UFC Fight Night: Hermansson vs. Strickland,Punahele Soriano vs. Nick Maximov,Punahele Soriano,155.0
2022-02-05,UFC Fight Night: Hermansson vs. Strickland,Punahele Soriano vs. Nick Maximov,Nick Maximov,-155.0
2022-04-16,UFC Fight Night: Luque vs. Muhammad,Rafa Garcia vs. Jesse Ronson,Rafa Garcia,-165.0
2022-04-16,UFC Fight Night: Luque vs. Muhammad,Rafa Garcia vs. Jesse Ronson,Jesse Ronson,165.0
2022-03-05,UFC 272: Covington vs. Masvidal,Rafael Dos Anjos vs. Renato Moicano,Rafael Dos Anjos,-165.0
2022-03-05,UFC 272: Covington vs. Masvidal,Rafael Dos Anjos vs. Renato Moicano,Renato Moicano,165.0
2022-02-26,UFC Fight Night: Makhachev vs. Green,Ramiz Brahimaj vs. Micheal Gillmore,Ramiz Brahimaj,-165.0
2022-02-26,UFC Fight Night: Makhachev vs. Green,Ramiz Brahimaj vs. Micheal Gillmore,Micheal Gillmore,165.0
2021-10-09,UFC Fight Night: Dern vs. Rodriguez,Randy Brown vs. Jared Gooden,Randy Brown,-165.0
2021-10-09,UFC Fight Night: Dern vs. Rodriguez,Randy Brown vs. Jared Gooden,Jared Gooden,165.0
2022-05-07,UFC 274: Oliveira vs. Gaethje,Randy Brown vs. Khaos Williams,Randy Brown,-100.0
2022-05-07,UFC 274: Oliveira vs. Gaethje,Randy Brown vs. Khaos Williams,Khaos Williams,-100.0
2021-12-11,UFC 269: Oliveira vs. Poirier,Randy Costa vs. Tony Kelley,Randy Costa,-299.0
2021-12-11,UFC 269: Oliveira vs. Poirier,Randy Costa vs. Tony Kelley,Tony Kelley,299.0
2020-03-14,UFC Fight Night: Lee vs. Oliveira,Rani Yahya vs. Enrique Barzola,Rani Yahya,165.0
2020-03-14,UFC Fight Night: Lee vs. Oliveira,Rani Yahya vs. Enrique Barzola,Enrique Barzola,-165.0
2021-11-20,UFC Fight Night: Vieira vs. Tate,Rani Yahya vs. Kyung Ho Kang,Rani Yahya,-165.0
2021-11-20,UFC Fight Night: Vieira vs. Tate,Rani Yahya vs. Kyung Ho Kang,Kyung Ho Kang,165.0
2021-03-13,UFC Fight Night: Edwards vs. Muhammad,Rani Yahya vs. Ray Rodriguez,Rani Yahya,-165.0
2021-03-13,UFC Fight Night: Edwards vs. Muhammad,Rani Yahya vs. Ray Rodriguez,Ray Rodriguez,165.0
2020-11-07,UFC Fight Night: Santos vs. Teixeira,Raoni Barcelos vs. Khalid Taha,Raoni Barcelos,-165.0
2020-11-07,UFC Fight Night: Santos vs. Teixeira,Raoni Barcelos vs. Khalid Taha,Khalid Taha,165.0
2021-06-26,UFC Fight Night: Gane vs. Volkov,Raoni Barcelos vs. Timur Valiev,Raoni Barcelos,104.0
2021-06-26,UFC Fight Night: Gane vs. Volkov,Raoni Barcelos vs. Timur Valiev,Timur Valiev,-104.0
2020-06-06,UFC 250: Nunes vs. Spencer,Raphael Assuncao vs. Cody Garbrandt,Raphael Assuncao,162.0
2020-06-06,UFC 250: Nunes vs. Spencer,Raphael Assuncao vs. Cody Garbrandt,Cody Garbrandt,-162.0
2021-12-18,UFC Fight Night: Lewis vs. Daukaus,Raphael Assuncao vs. Ricky Simon,Raphael Assuncao,165.0
2021-12-18,UFC Fight Night: Lewis vs. Daukaus,Raphael Assuncao vs. Ricky Simon,Ricky Simon,-165.0
2021-12-11,UFC 269: Oliveira vs. Poirier,Raulian Paiva vs. Sean O'Malley,Raulian Paiva,319.0
2021-12-11,UFC 269: Oliveira vs. Poirier,Raulian Paiva vs. Sean O'Malley,Sean O'Malley,-319.0
2022-06-25,UFC Fight Night: Tsarukyan vs. Gamrot,Raulian Paiva vs. Sergey Morozov,Raulian Paiva,147.0
2022-06-25,UFC Fight Night: Tsarukyan vs. Gamrot,Raulian Paiva vs. Sergey Morozov,Sergey Morozov,-147.0
2020-03-14,UFC Fight Night: Lee vs. Oliveira,Renato Moicano vs. Damir Hadzovic,Renato Moicano,-165.0
2020-03-14,UFC Fight Night: Lee vs. Oliveira,Renato Moicano vs. Damir Hadzovic,Damir Hadzovic,165.0
2021-06-26,UFC Fight Night: Gane vs. Volkov,Renato Moicano vs. Jai Herbert,Renato Moicano,-152.0
2021-06-26,UFC Fight Night: Gane vs. Volkov,Renato Moicano vs. Jai Herbert,Jai Herbert,152.0
2020-12-12,UFC 256: Figueiredo vs. Moreno,Renato Moicano vs. Rafael Fiziev,Renato Moicano,-100.0
2020-12-12,UFC 256: Figueiredo vs. Moreno,Renato Moicano vs. Rafael Fiziev,Rafael Fiziev,-100.0
2021-05-22,UFC Fight Night: Font vs. Garbrandt,Ricardo Ramos vs. Bill Algeo,Ricardo Ramos,-155.0
2021-05-22,UFC Fight Night: Font vs. Garbrandt,Ricardo Ramos vs. Bill Algeo,Bill Algeo,155.0
2022-06-18,UFC Fight Night: Kattar vs. Emmett,Ricardo Ramos vs. Danny Chavez,Ricardo Ramos,-165.0
2022-06-18,UFC Fight Night: Kattar vs. Emmett,Ricardo Ramos vs. Danny Chavez,Danny Chavez,165.0
2020-07-15,UFC Fight Night: Kattar vs. Ige,Ricardo Ramos vs. Lerone Murphy,Ricardo Ramos,-155.0
2020-07-15,UFC Fight Night: Kattar vs. Ige,Ricardo Ramos vs. Lerone Murphy,Lerone Murphy,155.0
2021-10-30,UFC 267: Blachowicz vs. Teixeira,Ricardo Ramos vs. Zubaira Tukhugov,Ricardo Ramos,125.0
2021-10-30,UFC 267: Blachowicz vs. Teixeira,Ricardo Ramos vs. Zubaira Tukhugov,Zubaira Tukhugov,-125.0
2021-02-13,UFC 258: Usman vs. Burns,Ricky Simon vs. Brian Kelleher,Ricky Simon,-299.0
2021-02-13,UFC 258: Usman vs. Burns,Ricky Simon vs. Brian Kelleher,Brian Kelleher,299.0
2020-05-13,UFC Fight Night: Smith vs. Teixeira,Ricky Simon vs. Ray Borg,Ricky Simon,104.0
2020-05-13,UFC Fight Night: Smith vs. Teixeira,Ricky Simon vs. Ray Borg,Ray Borg,-104.0
2021-05-22,UFC Fight Night: Font vs. Garbrandt,Rob Font vs. Cody Garbrandt,Rob Font,-114.0
2021-05-22,UFC Fight Night: Font vs. Garbrandt,Rob Font vs. Cody Garbrandt,Cody Garbrandt,114.0
2021-12-04,UFC Fight Night: Font vs. Aldo,Rob Font vs. Jose Aldo,Rob Font,-165.0
2021-12-04,UFC Fight Night: Font vs. Aldo,Rob Font vs. Jose Aldo,Jose Aldo,165.0
2022-04-30,UFC Fight Night: Font vs. Vera,Rob Font vs. Marlon Vera,Rob Font,-165.0
2022-04-30,UFC Fight Night: Font vs. Vera,Rob Font vs. Marlon Vera,Marlon Vera,165.0
2022-07-02,UFC 276: Adesanya vs. Cannonier,Robbie Lawler vs. Bryan Barberena,Robbie Lawler,319.0
2022-07-02,UFC 276: Adesanya vs. Cannonier,Robbie Lawler vs. Bryan Barberena,Bryan Barberena,-319.0
2020-08-29,UFC Fight Night: Smith vs. Rakic,Robbie Lawler vs. Neil Magny,Robbie Lawler,445.0
2020-08-29,UFC Fight Night: Smith vs. Rakic,Robbie Lawler vs. Neil Magny,Neil Magny,-445.0
2020-07-25,UFC Fight Night: Whittaker vs. Till,Robert Whittaker vs. Darren Till,Robert Whittaker,-165.0
2020-07-25,UFC Fight Night: Whittaker vs. Till,Robert Whittaker vs. Darren Till,Darren Till,165.0
2020-10-24,UFC 254: Khabib vs. Gaethje,Robert Whittaker vs. Jared Cannonier,Robert Whittaker,-319.0
2020-10-24,UFC 254: Khabib vs. Gaethje,Robert Whittaker vs. Jared Cannonier,Jared Cannonier,319.0
2021-04-17,UFC Fight Night: Whittaker vs. Gastelum,Robert Whittaker vs. Kelvin Gastelum,Robert Whittaker,-165.0
2021-04-17,UFC Fight Night: Whittaker vs. Gastelum,Robert Whittaker vs. Kelvin Gastelum,Kelvin Gastelum,165.0
2021-02-13,UFC 258: Usman vs. Burns,Rodolfo Vieira vs. Anthony Hernandez,Rodolfo Vieira,104.0
2021-02-13,UFC 258: Usman vs. Burns,Rodolfo Vieira vs. Anthony Hernandez,Anthony Hernandez,-104.0
2021-07-17,UFC Fight Night: Makhachev vs. Moises,Rodolfo Vieira vs. Dustin Stoltzfus,Rodolfo Vieira,-152.0
2021-07-17,UFC Fight Night: Makhachev vs. Moises,Rodolfo Vieira vs. Dustin Stoltzfus,Dustin Stoltzfus,152.0
2020-03-07,UFC 248: Adesanya vs. Romero,Rodolfo Vieira vs. Saparbeg Safarov,Rodolfo Vieira,-165.0
2020-03-07,UFC 248: Adesanya vs. Romero,Rodolfo Vieira vs. Saparbeg Safarov,Saparbeg Safarov,165.0
2021-03-06,UFC 259: Blachowicz vs. Adesanya,Rogerio Bontorin vs. Kai Kara-France,Rogerio Bontorin,165.0
2021-03-06,UFC 259: Blachowicz vs. Adesanya,Rogerio Bontorin vs. Kai Kara-France,Kai Kara-France,-165.0
2022-06-18,UFC Fight Night: Kattar vs. Emmett,Roman Dolidze vs. Kyle Daukaus,Roman Dolidze,-152.0
2022-06-18,UFC Fight Night: Kattar vs. Emmett,Roman Dolidze vs. Kyle Daukaus,Kyle Daukaus,152.0
2021-06-05,UFC Fight Night: Rozenstruik vs. Sakai,Roman Dolidze vs. Laureano Staropoli,Roman Dolidze,-165.0
2021-06-05,UFC Fight Night: Rozenstruik vs. Sakai,Roman Dolidze vs. Laureano Staropoli,Laureano Staropoli,165.0
2022-02-26,UFC Fight Night: Makhachev vs. Green,Rongzhu vs. Ignacio Bahamondes,Rongzhu,-165.0
2022-02-26,UFC Fight Night: Makhachev vs. Green,Rongzhu vs. Ignacio Bahamondes,Ignacio Bahamondes,165.0
2021-08-21,UFC Fight Night: Cannonier vs. Gastelum,Roosevelt Roberts vs. Ignacio Bahamondes,Roosevelt Roberts,-100.0
2021-08-21,UFC Fight Night: Cannonier vs. Gastelum,Roosevelt Roberts vs. Ignacio Bahamondes,Ignacio Bahamondes,-100.0
2021-07-31,UFC Fight Night: Hall vs. Strickland,Ryan Benoit vs. Zarrukh Adashev,Ryan Benoit,152.0
2021-07-31,UFC Fight Night: Hall vs. Strickland,Ryan Benoit vs. Zarrukh Adashev,Zarrukh Adashev,-152.0
2021-12-11,UFC 269: Oliveira vs. Poirier,Ryan Hall vs. Darrick Minner,Ryan Hall,-104.0
2021-12-11,UFC 269: Oliveira vs. Poirier,Ryan Hall vs. Darrick Minner,Darrick Minner,104.0
2021-07-10,UFC 264: Poirier vs. McGregor 3,Ryan Hall vs. Ilia Topuria,Ryan Hall,165.0
2021-07-10,UFC 264: Poirier vs. McGregor 3,Ryan Hall vs. Ilia Topuria,Ilia Topuria,-165.0
2022-05-14,UFC Fight Night: Blachowicz vs. Rakic,Ryan Spann vs. Ion Cutelaba,Ryan Spann,152.0
2022-05-14,UFC Fight Night: Blachowicz vs. Rakic,Ryan Spann vs. Ion Cutelaba,Ion Cutelaba,-152.0
2020-05-09,UFC 249: Ferguson vs. Gaethje,Ryan Spann vs. Sam Alvey,Ryan Spann,-165.0
2020-05-09,UFC 249: Ferguson vs. Gaethje,Ryan Spann vs. Sam Alvey,Sam Alvey,165.0
2022-02-05,UFC Fight Night: Hermansson vs. Strickland,Sam Alvey vs. Brendan Allen,Sam Alvey,258.0
2022-02-05,UFC Fight Night: Hermansson vs. Strickland,Sam Alvey vs. Brendan Allen,Brendan Allen,-258.0
2021-04-10,UFC Fight Night: Vettori vs. Holland,Sam Alvey vs. Julian Marquez,Sam Alvey,-125.0
2021-04-10,UFC Fight Night: Vettori vs. Holland,Sam Alvey vs. Julian Marquez,Julian Marquez,125.0
2021-08-28,UFC Fight Night: Barboza vs. Chikadze,Sam Alvey vs. Wellington Turman,Sam Alvey,152.0
2021-08-28,UFC Fight Night: Barboza vs. Chikadze,Sam Alvey vs. Wellington Turman,Wellington Turman,-152.0
2021-01-16,UFC Fight Night: Holloway vs. Kattar,Santiago Ponzinibbio vs. Li Jingliang,Santiago Ponzinibbio,-165.0
2021-01-16,UFC Fight Night: Holloway vs. Kattar,Santiago Ponzinibbio vs. Li Jingliang,Li Jingliang,165.0
2022-05-21,UFC Fight Night: Holm vs. Vieira,Santiago Ponzinibbio vs. Michel Pereira,Santiago Ponzinibbio,-125.0
2022-05-21,UFC Fight Night: Holm vs. Vieira,Santiago Ponzinibbio vs. Michel Pereira,Michel Pereira,125.0
2021-06-05,UFC Fight Night: Rozenstruik vs. Sakai,Santiago Ponzinibbio vs. Miguel Baeza,Santiago Ponzinibbio,-100.0
2021-06-05,UFC Fight Night: Rozenstruik vs. Sakai,Santiago Ponzinibbio vs. Miguel Baeza,Miguel Baeza,-100.0
2021-08-21,UFC Fight Night: Cannonier vs. Gastelum,Sasha Palatnikov vs. Ramiz Brahimaj,Sasha Palatnikov,-100.0
2021-08-21,UFC Fight Night: Cannonier vs. Gastelum,Sasha Palatnikov vs. Ramiz Brahimaj,Ramiz Brahimaj,-100.0
2021-04-10,UFC Fight Night: Vettori vs. Holland,Scott Holtzman vs. Mateusz Gamrot,Scott Holtzman,-100.0
2021-04-10,UFC Fight Night: Vettori vs. Holland,Scott Holtzman vs. Mateusz Gamrot,Mateusz Gamrot,-100.0
2020-08-29,UFC Fight Night: Smith vs. Rakic,Sean Brady vs. Christian Aguilera,Sean Brady,-165.0
2020-08-29,UFC Fight Night: Smith vs. Rakic,Sean Brady vs. Christian Aguilera,Christian Aguilera,165.0
2020-02-29,UFC Fight Night: Benavidez vs. Figueiredo,Sean Brady vs. Ismail Naurdiev,Sean Brady,290.0
2020-02-29,UFC Fight Night: Benavidez vs. Figueiredo,Sean Brady vs. Ismail Naurdiev,Ismail Naurdiev,-290.0
2021-03-06,UFC 259: Blachowicz vs. Adesanya,Sean Brady vs. Jake Matthews,Sean Brady,-100.0
2021-03-06,UFC 259: Blachowicz vs. Adesanya,Sean Brady vs. Jake Matthews,Jake Matthews,-100.0
2020-03-07,UFC 248: Adesanya vs. Romero,Sean O'Malley vs. Jose Quinonez,Sean O'Malley,-100.0
2020-03-07,UFC 248: Adesanya vs. Romero,Sean O'Malley vs. Jose Quinonez,Jose Quinonez,-100.0
2020-08-15,UFC 252: Miocic vs. Cormier 3,Sean O'Malley vs. Marlon Vera,Sean O'Malley,-258.0
2020-08-15,UFC 252: Miocic vs. Cormier 3,Sean O'Malley vs. Marlon Vera,Marlon Vera,258.0
2021-03-27,UFC 260: Miocic vs. Ngannou,Sean O'Malley vs. Thomas Almeida,Sean O'Malley,-165.0
2021-03-27,UFC 260: Miocic vs. Ngannou,Sean O'Malley vs. Thomas Almeida,Thomas Almeida,165.0
2020-10-31,UFC Fight Night: Hall vs. Silva,Sean Strickland vs. Jack Marshman,Sean Strickland,-319.0
2020-10-31,UFC Fight Night: Hall vs. Silva,Sean Strickland vs. Jack Marshman,Jack Marshman,319.0
2021-05-01,UFC Fight Night: Reyes vs. Prochazka,Sean Strickland vs. Krzysztof Jotko,Sean Strickland,-165.0
2021-05-01,UFC Fight Night: Reyes vs. Prochazka,Sean Strickland vs. Krzysztof Jotko,Krzysztof Jotko,165.0
2021-11-13,UFC Fight Night: Holloway vs. Rodriguez,Sean Woodson vs. Collin Anglin,Sean Woodson,-155.0
2021-11-13,UFC Fight Night: Holloway vs. Rodriguez,Sean Woodson vs. Collin Anglin,Collin Anglin,155.0
2020-06-27,UFC Fight Night: Poirier vs. Hooker,Sean Woodson vs. Julian Erosa,Sean Woodson,-258.0
2020-06-27,UFC Fight Night: Poirier vs. Hooker,Sean Woodson vs. Julian Erosa,Julian Erosa,258.0
2021-06-05,UFC Fight Night: Rozenstruik vs. Sakai,Sean Woodson vs. Youssef Zalal,Sean Woodson,236.0
2021-06-05,UFC Fight Night: Rozenstruik vs. Sakai,Sean Woodson vs. Youssef Zalal,Youssef Zalal,-236.0
2022-03-05,UFC 272: Covington vs. Masvidal,Serghei Spivac vs. Greg Hardy,Serghei Spivac,-165.0
2022-03-05,UFC 272: Covington vs. Masvidal,Serghei Spivac vs. Greg Hardy,Greg Hardy,165.0
2022-06-11,UFC 275: Teixeira vs. Prochazka,SeungWoo Choi vs. Josh Culibao,SeungWoo Choi,152.0
2022-06-11,UFC 275: Teixeira vs. Prochazka,SeungWoo Choi vs. Josh Culibao,Josh Culibao,-152.0
2021-02-06,UFC Fight Night: Overeem vs. Volkov,SeungWoo Choi vs. Youssef Zalal,SeungWoo Choi,319.0
2021-02-06,UFC Fight Night: Overeem vs. Volkov,SeungWoo Choi vs. Youssef Zalal,Youssef Zalal,-319.0
2021-09-25,UFC 266: Volkanovski vs. Ortega,Shamil Abdurakhimov vs. Chris Daukaus,Shamil Abdurakhimov,165.0
2021-09-25,UFC 266: Volkanovski vs. Ortega,Shamil Abdurakhimov vs. Chris Daukaus,Chris Daukaus,-165.0
2022-03-19,UFC Fight Night: Volkov vs. Aspinall,Shamil Abdurakhimov vs. Sergei Pavlovich,Shamil Abdurakhimov,165.0
2022-03-19,UFC Fight Night: Volkov vs. Aspinall,Shamil Abdurakhimov vs. Sergei Pavlovich,Sergei Pavlovich,-165.0
2021-10-30,UFC 267: Blachowicz vs. Teixeira,Shamil Gamzatov vs. Michal Oleksiejczuk,Shamil Gamzatov,165.0
2021-10-30,UFC 267: Blachowicz vs. Teixeira,Shamil Gamzatov vs. Michal Oleksiejczuk,Michal Oleksiejczuk,-165.0
2021-11-06,UFC 268: Usman vs. Covington 2,Shane Burgos vs. Billy Quarantillo,Shane Burgos,-126.0
2021-11-06,UFC 268: Usman vs. Covington 2,Shane Burgos vs. Billy Quarantillo,Billy Quarantillo,126.0
2021-05-15,UFC 262: Oliveira vs. Chandler,Shane Burgos vs. Edson Barboza,Shane Burgos,-100.0
2021-05-15,UFC 262: Oliveira vs. Chandler,Shane Burgos vs. Edson Barboza,Edson Barboza,-100.0
2021-03-27,UFC 260: Miocic vs. Ngannou,Shane Young vs. Omar Morales,Shane Young,104.0
2021-03-27,UFC 260: Miocic vs. Ngannou,Shane Young vs. Omar Morales,Omar Morales,-104.0
2022-02-05,UFC Fight Night: Hermansson vs. Strickland,Shavkat Rakhmonov vs. Carlston Harris,Shavkat Rakhmonov,-165.0
2022-02-05,UFC Fight Night: Hermansson vs. Strickland,Shavkat Rakhmonov vs. Carlston Harris,Carlston Harris,165.0
2021-06-26,UFC Fight Night: Gane vs. Volkov,Shavkat Rakhmonov vs. Michel Prazeres,Shavkat Rakhmonov,-104.0
2021-06-26,UFC Fight Night: Gane vs. Volkov,Shavkat Rakhmonov vs. Michel Prazeres,Michel Prazeres,104.0
2021-11-20,UFC Fight Night: Vieira vs. Tate,Shayilan Nuerdanbieke vs. Sean Soriano,Shayilan Nuerdanbieke,104.0
2021-11-20,UFC Fight Night: Vieira vs. Tate,Shayilan Nuerdanbieke vs. Sean Soriano,Sean Soriano,-104.0
2022-06-25,UFC Fight Night: Tsarukyan vs. Gamrot,Shayilan Nuerdanbieke vs. TJ Brown,Shayilan Nuerdanbieke,165.0
2022-06-25,UFC Fight Night: Tsarukyan vs. Gamrot,Shayilan Nuerdanbieke vs. TJ Brown,TJ Brown,-165.0
2022-03-12,UFC Fight Night: Santos vs. Ankalaev,Sodiq Yusuff vs. Alex Caceres,Sodiq Yusuff,137.0
2022-03-12,UFC Fight Night: Santos vs. Ankalaev,Sodiq Yusuff vs. Alex Caceres,Alex Caceres,-137.0
2021-03-20,UFC Fight Night: Brunson vs. Holland,Song Kenan vs. Max Griffin,Song Kenan,-100.0
2021-03-20,UFC Fight Night: Brunson vs. Holland,Song Kenan vs. Max Griffin,Max Griffin,-100.0
2021-08-07,UFC 265: Lewis vs. Gane,Song Yadong vs. Casey Kenney,Song Yadong,-165.0
2021-08-07,UFC 265: Lewis vs. Gane,Song Yadong vs. Casey Kenney,Casey Kenney,165.0
2021-11-13,UFC Fight Night: Holloway vs. Rodriguez,Song Yadong vs. Julio Arce,Song Yadong,-290.0
2021-11-13,UFC Fight Night: Holloway vs. Rodriguez,Song Yadong vs. Julio Arce,Julio Arce,290.0
2021-03-06,UFC 259: Blachowicz vs. Adesanya,Song Yadong vs. Kyler Phillips,Song Yadong,-155.0
2021-03-06,UFC 259: Blachowicz vs. Adesanya,Song Yadong vs. Kyler Phillips,Kyler Phillips,155.0
2020-05-16,UFC Fight Night: Overeem vs. Harris,Song Yadong vs. Marlon Vera,Song Yadong,-258.0
2020-05-16,UFC Fight Night: Overeem vs. Harris,Song Yadong vs. Marlon Vera,Marlon Vera,258.0
2020-11-28,UFC Fight Night: Smith vs. Clark,Spike Carlyle vs. Bill Algeo,Spike Carlyle,-165.0
2020-11-28,UFC Fight Night: Smith vs. Clark,Spike Carlyle vs. Bill Algeo,Bill Algeo,165.0
2020-10-24,UFC 254: Khabib vs. Gaethje,Stefan Struve vs. Tai Tuivasa,Stefan Struve,165.0
2020-10-24,UFC 254: Khabib vs. Gaethje,Stefan Struve vs. Tai Tuivasa,Tai Tuivasa,-165.0
2021-12-18,UFC Fight Night: Lewis vs. Daukaus,Stephen Thompson vs. Belal Muhammad,Stephen Thompson,-137.0
2021-12-18,UFC Fight Night: Lewis vs. Daukaus,Stephen Thompson vs. Belal Muhammad,Belal Muhammad,137.0
2020-12-19,UFC Fight Night: Thompson vs. Neal,Stephen Thompson vs. Geoff Neal,Stephen Thompson,-100.0
2020-12-19,UFC Fight Night: Thompson vs. Neal,Stephen Thompson vs. Geoff Neal,Geoff Neal,-100.0
2021-10-09,UFC Fight Night: Dern vs. Rodriguez,Steve Garcia vs. Charlie Ontiveros,Steve Garcia,-122.0
2021-10-09,UFC Fight Night: Dern vs. Rodriguez,Steve Garcia vs. Charlie Ontiveros,Charlie Ontiveros,122.0
2020-08-15,UFC 252: Miocic vs. Cormier 3,Stipe Miocic vs. Daniel Cormier,Stipe Miocic,104.0
2020-08-15,UFC 252: Miocic vs. Cormier 3,Stipe Miocic vs. Daniel Cormier,Daniel Cormier,-104.0
2021-03-27,UFC 260: Miocic vs. Ngannou,Stipe Miocic vs. Francis Ngannou,Stipe Miocic,122.0
2021-03-27,UFC 260: Miocic vs. Ngannou,Stipe Miocic vs. Francis Ngannou,Francis Ngannou,-122.0
2020-11-28,UFC Fight Night: Smith vs. Clark,Sumudaerji vs. Malcolm Gordon,Sumudaerji,-165.0
2020-11-28,UFC Fight Night: Smith vs. Clark,Sumudaerji vs. Malcolm Gordon,Malcolm Gordon,165.0
2021-01-20,UFC Fight Night: Chiesa vs. Magny,Sumudaerji vs. Zarrukh Adashev,Sumudaerji,-315.0
2021-01-20,UFC Fight Night: Chiesa vs. Magny,Sumudaerji vs. Zarrukh Adashev,Zarrukh Adashev,315.0
2022-01-15,UFC Fight Night: Kattar vs. Chikadze,TJ Brown vs. Charles Rosa,TJ Brown,-258.0
2022-01-15,UFC Fight Night: Kattar vs. Chikadze,TJ Brown vs. Charles Rosa,Charles Rosa,258.0
2021-07-10,UFC 264: Poirier vs. McGregor 3,Tai Tuivasa vs. Greg Hardy,Tai Tuivasa,104.0
2021-07-10,UFC 264: Poirier vs. McGregor 3,Tai Tuivasa vs. Greg Hardy,Greg Hardy,-104.0
2021-06-05,UFC Fight Night: Rozenstruik vs. Sakai,Tanner Boser vs. Ilir Latifi,Tanner Boser,-165.0
2021-06-05,UFC Fight Night: Rozenstruik vs. Sakai,Tanner Boser vs. Ilir Latifi,Ilir Latifi,165.0
2021-06-26,UFC Fight Night: Gane vs. Volkov,Tanner Boser vs. Ovince Saint Preux,Tanner Boser,-299.0
2021-06-26,UFC Fight Night: Gane vs. Volkov,Tanner Boser vs. Ovince Saint Preux,Ovince Saint Preux,299.0
2020-07-25,UFC Fight Night: Whittaker vs. Till,Tanner Boser vs. Raphael Pessoa,Tanner Boser,-165.0
2020-07-25,UFC Fight Night: Whittaker vs. Till,Tanner Boser vs. Raphael Pessoa,Raphael Pessoa,165.0
2022-02-26,UFC Fight Night: Makhachev vs. Green,Terrance McKinney vs. Fares Ziam,Terrance McKinney,290.0
2022-02-26,UFC Fight Night: Makhachev vs. Green,Terrance McKinney vs. Fares Ziam,Fares Ziam,-290.0
2022-06-25,UFC Fight Night: Tsarukyan vs. Gamrot,Thiago Moises vs. Christos Giagos,Thiago Moises,-165.0
2022-06-25,UFC Fight Night: Tsarukyan vs. Gamrot,Thiago Moises vs. Christos Giagos,Christos Giagos,165.0
2021-11-13,UFC Fight Night: Holloway vs. Rodriguez,Thiago Moises vs. Joel Alvarez,Thiago Moises,-100.0
2021-11-13,UFC Fight Night: Holloway vs. Rodriguez,Thiago Moises vs. Joel Alvarez,Joel Alvarez,-100.0
2021-03-06,UFC 259: Blachowicz vs. Adesanya,Thiago Santos vs. Aleksandar Rakic,Thiago Santos,165.0
2021-03-06,UFC 259: Blachowicz vs. Adesanya,Thiago Santos vs. Aleksandar Rakic,Aleksandar Rakic,-165.0
2020-11-07,UFC Fight Night: Santos vs. Teixeira,Thiago Santos vs. Glover Teixeira,Thiago Santos,-165.0
2020-11-07,UFC Fight Night: Santos vs. Teixeira,Thiago Santos vs. Glover Teixeira,Glover Teixeira,165.0
2021-10-02,UFC Fight Night: Santos vs. Walker,Thiago Santos vs. Johnny Walker,Thiago Santos,-152.0
2021-10-02,UFC Fight Night: Santos vs. Walker,Thiago Santos vs. Johnny Walker,Johnny Walker,152.0
2022-03-12,UFC Fight Night: Santos vs. Ankalaev,Thiago Santos vs. Magomed Ankalaev,Thiago Santos,165.0
2022-03-12,UFC Fight Night: Santos vs. Ankalaev,Thiago Santos vs. Magomed Ankalaev,Magomed Ankalaev,-165.0
2020-10-17,UFC Fight Night: Ortega vs. The Korean Zombie,Thomas Almeida vs. Jonathan Martinez,Thomas Almeida,-100.0
2020-10-17,UFC Fight Night: Ortega vs. The Korean Zombie,Thomas Almeida vs. Jonathan Martinez,Jonathan Martinez,-100.0
2021-03-06,UFC 259: Blachowicz vs. Adesanya,Tim Elliott vs. Jordan Espinosa,Tim Elliott,-104.0
2021-03-06,UFC 259: Blachowicz vs. Adesanya,Tim Elliott vs. Jordan Espinosa,Jordan Espinosa,104.0
2021-10-09,UFC Fight Night: Dern vs. Rodriguez,Tim Elliott vs. Matheus Nicolau,Tim Elliott,-100.0
2021-10-09,UFC Fight Night: Dern vs. Rodriguez,Tim Elliott vs. Matheus Nicolau,Matheus Nicolau,-100.0
2020-07-15,UFC Fight Night: Kattar vs. Ige,Tim Elliott vs. Ryan Benoit,Tim Elliott,-165.0
2020-07-15,UFC Fight Night: Kattar vs. Ige,Tim Elliott vs. Ryan Benoit,Ryan Benoit,165.0
2022-03-05,UFC 272: Covington vs. Masvidal,Tim Elliott vs. Tagir Ulanbekov,Tim Elliott,-165.0
2022-03-05,UFC 272: Covington vs. Masvidal,Tim Elliott vs. Tagir Ulanbekov,Tagir Ulanbekov,165.0
2022-06-18,UFC Fight Night: Kattar vs. Emmett,Tim Means vs. Kevin Holland,Tim Means,319.0
2022-06-18,UFC Fight Night: Kattar vs. Emmett,Tim Means vs. Kevin Holland,Kevin Holland,-319.0
2020-08-08,UFC Fight Night: Lewis vs. Oleinik,Tim Means vs. Laureano Staropoli,Tim Means,-156.0
2020-08-08,UFC Fight Night: Lewis vs. Oleinik,Tim Means vs. Laureano Staropoli,Laureano Staropoli,156.0
2021-06-26,UFC Fight Night: Gane vs. Volkov,Tim Means vs. Nicolas Dalby,Tim Means,-258.0
2021-06-26,UFC Fight Night: Gane vs. Volkov,Tim Means vs. Nicolas Dalby,Nicolas Dalby,258.0
2021-09-04,UFC Fight Night: Brunson vs. Till,Tom Aspinall vs. Serghei Spivac,Tom Aspinall,-152.0
2021-09-04,UFC Fight Night: Brunson vs. Till,Tom Aspinall vs. Serghei Spivac,Serghei Spivac,152.0
2021-05-15,UFC 262: Oliveira vs. Chandler,Tony Ferguson vs. Beneil Dariush,Tony Ferguson,-100.0
2021-05-15,UFC 262: Oliveira vs. Chandler,Tony Ferguson vs. Beneil Dariush,Beneil Dariush,-100.0
2020-12-12,UFC 256: Figueiredo vs. Moreno,Tony Ferguson vs. Charles Oliveira,Tony Ferguson,-100.0
2020-12-12,UFC 256: Figueiredo vs. Moreno,Tony Ferguson vs. Charles Oliveira,Charles Oliveira,-100.0
2020-05-09,UFC 249: Ferguson vs. Gaethje,Tony Ferguson vs. Justin Gaethje,Tony Ferguson,-729.0
2020-05-09,UFC 249: Ferguson vs. Gaethje,Tony Ferguson vs. Justin Gaethje,Justin Gaethje,729.0
2021-04-17,UFC Fight Night: Whittaker vs. Gastelum,Tony Gravely vs. Anthony Birchak,Tony Gravely,-104.0
2021-04-17,UFC Fight Night: Whittaker vs. Gastelum,Tony Gravely vs. Anthony Birchak,Anthony Birchak,104.0
2020-11-07,UFC Fight Night: Santos vs. Teixeira,Trevin Giles vs. Bevon Lewis,Trevin Giles,-152.0
2020-11-07,UFC Fight Night: Santos vs. Teixeira,Trevin Giles vs. Bevon Lewis,Bevon Lewis,152.0
2021-07-10,UFC 264: Poirier vs. McGregor 3,Trevin Giles vs. Dricus Du Plessis,Trevin Giles,-126.0
2021-07-10,UFC 264: Poirier vs. McGregor 3,Trevin Giles vs. Dricus Du Plessis,Dricus Du Plessis,126.0
2021-03-20,UFC Fight Night: Brunson vs. Holland,Trevin Giles vs. Roman Dolidze,Trevin Giles,-155.0
2021-03-20,UFC Fight Night: Brunson vs. Holland,Trevin Giles vs. Roman Dolidze,Roman Dolidze,155.0
2020-05-30,UFC Fight Night: Woodley vs. Burns,Tyron Woodley vs. Gilbert Burns,Tyron Woodley,-100.0
2020-05-30,UFC Fight Night: Woodley vs. Burns,Tyron Woodley vs. Gilbert Burns,Gilbert Burns,-100.0
2021-03-27,UFC 260: Miocic vs. Ngannou,Tyron Woodley vs. Vicente Luque,Tyron Woodley,250.0
2021-03-27,UFC 260: Miocic vs. Ngannou,Tyron Woodley vs. Vicente Luque,Vicente Luque,-250.0
2022-04-23,UFC Fight Night: Lemos vs. Andrade,Tyson Pedro vs. Ike Villanueva,Tyson Pedro,
2022-04-23,UFC Fight Night: Lemos vs. Andrade,Tyson Pedro vs. Ike Villanueva,Ike Villanueva,
2020-10-31,UFC Fight Night: Hall vs. Silva,Uriah Hall vs. Anderson Silva,Uriah Hall,-100.0
2020-10-31,UFC Fight Night: Hall vs. Silva,Uriah Hall vs. Anderson Silva,Anderson Silva,-100.0
2022-07-02,UFC 276: Adesanya vs. Cannonier,Uriah Hall vs. Andre Muniz,Uriah Hall,165.0
2022-07-02,UFC 276: Adesanya vs. Cannonier,Uriah Hall vs. Andre Muniz,Andre Muniz,-165.0
2021-07-31,UFC Fight Night: Hall vs. Strickland,Uriah Hall vs. Sean Strickland,Uriah Hall,319.0
2021-07-31,UFC Fight Night: Hall vs. Strickland,Uriah Hall vs. Sean Strickland,Sean Strickland,-319.0
2021-09-25,UFC 266: Volkanovski vs. Ortega,Uros Medic vs. Jalin Turner,Uros Medic,-165.0
2021-09-25,UFC 266: Volkanovski vs. Ortega,Uros Medic vs. Jalin Turner,Jalin Turner,165.0
2022-04-16,UFC Fight Night: Luque vs. Muhammad,Vicente Luque vs. Belal Muhammad,Vicente Luque,-165.0
2022-04-16,UFC Fight Night: Luque vs. Muhammad,Vicente Luque vs. Belal Muhammad,Belal Muhammad,165.0
2020-05-09,UFC 249: Ferguson vs. Gaethje,Vicente Luque vs. Niko Price,Vicente Luque,-165.0
2020-05-09,UFC 249: Ferguson vs. Gaethje,Vicente Luque vs. Niko Price,Niko Price,165.0
2020-08-01,UFC Fight Night: Brunson vs. Shahbazyan,Vicente Luque vs. Randy Brown,Vicente Luque,-155.0
2020-08-01,UFC Fight Night: Brunson vs. Shahbazyan,Vicente Luque vs. Randy Brown,Randy Brown,155.0
2021-08-21,UFC Fight Night: Cannonier vs. Gastelum,Vinc Pichel vs. Austin Hubbard,Vinc Pichel,165.0
2021-08-21,UFC Fight Night: Cannonier vs. Gastelum,Vinc Pichel vs. Austin Hubbard,Austin Hubbard,-165.0
2022-04-09,UFC 273: Volkanovski vs. The Korean Zombie,Vinc Pichel vs. Mark Madsen,Vinc Pichel,104.0
2022-04-09,UFC 273: Volkanovski vs. The Korean Zombie,Vinc Pichel vs. Mark Madsen,Mark Madsen,-104.0
2021-08-07,UFC 265: Lewis vs. Gane,Vince Morales vs. Drako Rodriguez,Vince Morales,-104.0
2021-08-07,UFC 265: Lewis vs. Gane,Vince Morales vs. Drako Rodriguez,Drako Rodriguez,104.0
2021-06-05,UFC Fight Night: Rozenstruik vs. Sakai,Walt Harris vs. Marcin Tybura,Walt Harris,315.0
2021-06-05,UFC Fight Night: Rozenstruik vs. Sakai,Walt Harris vs. Marcin Tybura,Marcin Tybura,-315.0
2021-01-20,UFC Fight Night: Chiesa vs. Magny,Warlley Alves vs. Mounir Lazzez,Warlley Alves,104.0
2021-01-20,UFC Fight Night: Chiesa vs. Magny,Warlley Alves vs. Mounir Lazzez,Mounir Lazzez,-104.0
2021-06-19,UFC Fight Night: Jung vs. Ige,Wellington Turman vs. Bruno Silva,Wellington Turman,-100.0
2021-06-19,UFC Fight Night: Jung vs. Ige,Wellington Turman vs. Bruno Silva,Bruno Silva,-100.0
2021-08-21,UFC Fight Night: Cannonier vs. Gastelum,William Knight vs. Fabio Cherant,William Knight,-165.0
2021-08-21,UFC Fight Night: Cannonier vs. Gastelum,William Knight vs. Fabio Cherant,Fabio Cherant,165.0
2022-02-12,UFC 271: Adesanya vs. Whittaker 2,William Knight vs. Maxim Grishin,William Knight,-122.0
2022-02-12,UFC 271: Adesanya vs. Whittaker 2,William Knight vs. Maxim Grishin,Maxim Grishin,122.0
2021-06-26,UFC Fight Night: Gane vs. Volkov,Yancy Medeiros vs. Damir Hadzovic,Yancy Medeiros,104.0
2021-06-26,UFC Fight Night: Gane vs. Volkov,Yancy Medeiros vs. Damir Hadzovic,Damir Hadzovic,-104.0
2020-10-03,UFC Fight Night: Holm vs. Aldana,Yorgan De Castro vs. Carlos Felipe,Yorgan De Castro,165.0
2020-10-03,UFC Fight Night: Holm vs. Aldana,Yorgan De Castro vs. Carlos Felipe,Carlos Felipe,-165.0
2021-04-10,UFC Fight Night: Vettori vs. Holland,Yorgan De Castro vs. Jarjis Danho,Yorgan De Castro,-162.0
2021-04-10,UFC Fight Night: Vettori vs. Holland,Yorgan De Castro vs. Jarjis Danho,Jarjis Danho,162.0
2021-07-10,UFC 264: Poirier vs. McGregor 3,Zhalgas Zhumagulov vs. Jerome Rivera,Zhalgas Zhumagulov,-100.0
2021-07-10,UFC 264: Poirier vs. McGregor 3,Zhalgas Zhumagulov vs. Jerome Rivera,Jerome Rivera,-100.0
