DATE,EVENT,BOUT,FIGHTER,odds
2021-04-17,UFC Fight Night: Whittaker vs. Gastelum,Abdul Razak Alhassan vs. Jacob Malkoun,Abdul Razak Alhassan,104
2021-04-17,UFC Fight Night: Whittaker vs. Gastelum,Abdul Razak Alhassan vs. Jacob Malkoun,Jacob Malkoun,-104
2020-11-14,UFC Fight Night: Felder vs. Dos Anjos,Abdul Razak Alhassan vs. Khaos Williams,Abdul Razak Alhassan,198
2020-11-14,UFC Fight Night: Felder vs. Dos Anjos,Abdul Razak Alhassan vs. Khaos Williams,Khaos Williams,-198
2021-03-20,UFC Fight Night: Brunson vs. Holland,Adrian Yanez vs. Gustavo Lopez,Adrian Yanez,-144
2021-03-20,UFC Fight Night: Brunson vs. Holland,Adrian Yanez vs. Gustavo Lopez,Gustavo Lopez,144
2021-07-24,UFC Fight Night: Sandhagen vs. Dillashaw,Adrian Yanez vs. Randy Costa,Adrian Yanez,-107
2021-07-24,UFC Fight Night: Sandhagen vs. Dillashaw,Adrian Yanez vs. Randy Costa,Randy Costa,107
2022-06-18,UFC Fight Night: Kattar vs. Emmett,Adrian Yanez vs. Tony Kelley,Adrian Yanez,-235
2022-06-18,UFC Fight Night: Kattar vs. Emmett,Adrian Yanez vs. Tony Kelley,Tony Kelley,235
2021-11-06,UFC 268: Usman vs. Covington 2,Al Iaquinta vs. King Green,Al Iaquinta,142
2021-11-06,UFC 268: Usman vs. Covington 2,Al Iaquinta vs. King Green,King Green,-142
2022-04-16,UFC Fight Night: Luque vs. Muhammad,Alatengheili vs. Kevin Croom,Alatengheili,-104
2022-04-16,UFC Fight Night: Luque vs. Muhammad,Alatengheili vs. Kevin Croom,Kevin Croom,104
2021-10-02,UFC Fight Night: Santos vs. Walker,Alejandro Perez vs. Johnny Eduardo,Alejandro Perez,-158
2021-10-02,UFC Fight Night: Santos vs. Walker,Alejandro Perez vs. Johnny Eduardo,Johnny Eduardo,158
2022-02-26,UFC Fight Night: Makhachev vs. Green,Alejandro Perez vs. Jonathan Martinez,Alejandro Perez,173
2022-02-26,UFC Fight Night: Makhachev vs. Green,Alejandro Perez vs. Jonathan Martinez,Jonathan Martinez,-173
2021-06-19,UFC Fight Night: Jung vs. Ige,Aleksa Camur vs. Nicolae Negumereanu,Aleksa Camur,-218
2021-06-19,UFC Fight Night: Jung vs. Ige,Aleksa Camur vs. Nicolae Negumereanu,Nicolae Negumereanu,218
2021-02-20,UFC Fight Night: Blaydes vs. Lewis,Aleksei Oleinik vs. Chris Daukaus,Aleksei Oleinik,256
2021-02-20,UFC Fight Night: Blaydes vs. Lewis,Aleksei Oleinik vs. Chris Daukaus,Chris Daukaus,-256
2020-05-09,UFC 249: Ferguson vs. Gaethje,Aleksei Oleinik vs. Fabricio Werdum,Aleksei Oleinik,189
2020-05-09,UFC 249: Ferguson vs. Gaethje,Aleksei Oleinik vs. Fabricio Werdum,Fabricio Werdum,-189
2022-04-09,UFC 273: Volkanovski vs. The Korean Zombie,Aleksei Oleinik vs. Jared Vanderaa,Aleksei Oleinik,164
2022-04-09,UFC 273: Volkanovski vs. The Korean Zombie,Aleksei Oleinik vs. Jared Vanderaa,Jared Vanderaa,-164
2021-06-19,UFC Fight Night: Jung vs. Ige,Aleksei Oleinik vs. Serghei Spivac,Aleksei Oleinik,361
2021-06-19,UFC Fight Night: Jung vs. Ige,Aleksei Oleinik vs. Serghei Spivac,Serghei Spivac,-361
2021-08-28,UFC Fight Night: Barboza vs. Chikadze,Alessio Di Chirico vs. Abdul Razak Alhassan,Alessio Di Chirico,-171
2021-08-28,UFC Fight Night: Barboza vs. Chikadze,Alessio Di Chirico vs. Abdul Razak Alhassan,Abdul Razak Alhassan,171
2020-08-29,UFC Fight Night: Smith vs. Rakic,Alessio Di Chirico vs. Zak Cummings,Alessio Di Chirico,103
2020-08-29,UFC Fight Night: Smith vs. Rakic,Alessio Di Chirico vs. Zak Cummings,Zak Cummings,-103
2020-06-06,UFC 250: Nunes vs. Spencer,Alex Caceres vs. Chase Hooper,Alex Caceres,197
2020-06-06,UFC 250: Nunes vs. Spencer,Alex Caceres vs. Chase Hooper,Chase Hooper,-197
2021-10-23,UFC Fight Night: Costa vs. Vettori,Alex Caceres vs. SeungWoo Choi,Alex Caceres,-217
2021-10-23,UFC Fight Night: Costa vs. Vettori,Alex Caceres vs. SeungWoo Choi,SeungWoo Choi,217
2021-09-04,UFC Fight Night: Brunson vs. Till,Alex Morono vs. David Zawada,Alex Morono,-193
2021-09-04,UFC Fight Night: Brunson vs. Till,Alex Morono vs. David Zawada,David Zawada,193
2021-12-04,UFC Fight Night: Font vs. Aldo,Alex Morono vs. Mickey Gall,Alex Morono,-213
2021-12-04,UFC Fight Night: Font vs. Aldo,Alex Morono vs. Mickey Gall,Mickey Gall,213
2020-11-14,UFC Fight Night: Felder vs. Dos Anjos,Alex Morono vs. Rhys McKee,Alex Morono,-219
2020-11-14,UFC Fight Night: Felder vs. Dos Anjos,Alex Morono vs. Rhys McKee,Rhys McKee,219
2020-03-07,UFC 248: Adesanya vs. Romero,Alex Oliveira vs. Max Griffin,Alex Oliveira,-215
2020-03-07,UFC 248: Adesanya vs. Romero,Alex Oliveira vs. Max Griffin,Max Griffin,215
2021-10-02,UFC Fight Night: Santos vs. Walker,Alex Oliveira vs. Niko Price,Alex Oliveira,-209
2021-10-02,UFC Fight Night: Santos vs. Walker,Alex Oliveira vs. Niko Price,Niko Price,209
2020-07-25,UFC Fight Night: Whittaker vs. Till,Alex Oliveira vs. Peter Sobotta,Alex Oliveira,-263
2020-07-25,UFC Fight Night: Whittaker vs. Till,Alex Oliveira vs. Peter Sobotta,Peter Sobotta,263
2021-04-24,UFC 261: Usman vs. Masvidal 2,Alex Oliveira vs. Randy Brown,Alex Oliveira,-104
2021-04-24,UFC 261: Usman vs. Masvidal 2,Alex Oliveira vs. Randy Brown,Randy Brown,104
2022-03-12,UFC Fight Night: Santos vs. Ankalaev,Alex Pereira vs. Bruno Silva,Alex Pereira,-128
2022-03-12,UFC Fight Night: Santos vs. Ankalaev,Alex Pereira vs. Bruno Silva,Bruno Silva,128
2020-05-13,UFC Fight Night: Smith vs. Teixeira,Alexander Hernandez vs. Drew Dober,Alexander Hernandez,-116
2020-05-13,UFC Fight Night: Smith vs. Teixeira,Alexander Hernandez vs. Drew Dober,Drew Dober,116
2022-02-12,UFC 271: Adesanya vs. Whittaker 2,Alexander Hernandez vs. Renato Moicano,Alexander Hernandez,-176
2022-02-12,UFC 271: Adesanya vs. Whittaker 2,Alexander Hernandez vs. Renato Moicano,Renato Moicano,176
2021-02-27,UFC Fight Night: Rozenstruik vs. Gane,Alexander Hernandez vs. Thiago Moises,Alexander Hernandez,-132
2021-02-27,UFC Fight Night: Rozenstruik vs. Gane,Alexander Hernandez vs. Thiago Moises,Thiago Moises,132
2022-04-09,UFC 273: Volkanovski vs. The Korean Zombie,Alexander Volkanovski vs. Chan Sung Jung,Alexander Volkanovski,-280
2022-04-09,UFC 273: Volkanovski vs. The Korean Zombie,Alexander Volkanovski vs. Chan Sung Jung,Chan Sung Jung,280
2020-07-11,UFC 251: Usman vs. Masvidal,Alexander Volkanovski vs. Max Holloway,Alexander Volkanovski,139
2020-07-11,UFC 251: Usman vs. Masvidal,Alexander Volkanovski vs. Max Holloway,Max Holloway,-119
2022-07-02,UFC 276: Adesanya vs. Cannonier,Alexander Volkanovski vs. Max Holloway,Alexander Volkanovski,108
2022-07-02,UFC 276: Adesanya vs. Cannonier,Alexander Volkanovski vs. Max Holloway,Max Holloway,109
2022-06-04,UFC Fight Night: Volkov vs. Rozenstruik,Alexander Volkov vs. Jairzinho Rozenstruik,Alexander Volkov,-125
2022-06-04,UFC Fight Night: Volkov vs. Rozenstruik,Alexander Volkov vs. Jairzinho Rozenstruik,Jairzinho Rozenstruik,125
2021-10-30,UFC 267: Blachowicz vs. Teixeira,Alexander Volkov vs. Marcin Tybura,Alexander Volkov,-104
2021-10-30,UFC 267: Blachowicz vs. Teixeira,Alexander Volkov vs. Marcin Tybura,Marcin Tybura,104
2022-03-19,UFC Fight Night: Volkov vs. Aspinall,Alexander Volkov vs. Tom Aspinall,Alexander Volkov,148
2022-03-19,UFC Fight Night: Volkov vs. Aspinall,Alexander Volkov vs. Tom Aspinall,Tom Aspinall,-148
2020-10-24,UFC 254: Khabib vs. Gaethje,Alexander Volkov vs. Walt Harris,Alexander Volkov,-240
2020-10-24,UFC 254: Khabib vs. Gaethje,Alexander Volkov vs. Walt Harris,Walt Harris,240
2022-04-30,UFC Fight Night: Font vs. Vera,Alexandr Romanov vs. Chase Sherman,Alexandr Romanov,-415
2022-04-30,UFC Fight Night: Font vs. Vera,Alexandr Romanov vs. Chase Sherman,Chase Sherman,415
2021-10-09,UFC Fight Night: Dern vs. Rodriguez,Alexandr Romanov vs. Jared Vanderaa,Alexandr Romanov,-158
2021-10-09,UFC Fight Night: Dern vs. Rodriguez,Alexandr Romanov vs. Jared Vanderaa,Jared Vanderaa,158
2021-04-17,UFC Fight Night: Whittaker vs. Gastelum,Alexandr Romanov vs. Juan Espino,Alexandr Romanov,191
2021-04-17,UFC Fight Night: Whittaker vs. Gastelum,Alexandr Romanov vs. Juan Espino,Juan Espino,-191
2020-11-07,UFC Fight Night: Santos vs. Teixeira,Alexandr Romanov vs. Marcos Rogerio de Lima,Alexandr Romanov,-116
2020-11-07,UFC Fight Night: Santos vs. Teixeira,Alexandr Romanov vs. Marcos Rogerio de Lima,Marcos Rogerio de Lima,116
2020-07-18,UFC Fight Night: Figueiredo vs. Benavidez 2,Alexandre Pantoja vs. Askar Askarov,Alexandre Pantoja,-128
2020-07-18,UFC Fight Night: Figueiredo vs. Benavidez 2,Alexandre Pantoja vs. Askar Askarov,Askar Askarov,128
2021-08-21,UFC Fight Night: Cannonier vs. Gastelum,Alexandre Pantoja vs. Brandon Royval,Alexandre Pantoja,-119
2021-08-21,UFC Fight Night: Cannonier vs. Gastelum,Alexandre Pantoja vs. Brandon Royval,Brandon Royval,119
2020-10-10,UFC Fight Night: Moraes vs. Sandhagen,Ali AlQaisi vs. Tony Kelley,Ali AlQaisi,-175
2020-10-10,UFC Fight Night: Moraes vs. Sandhagen,Ali AlQaisi vs. Tony Kelley,Tony Kelley,175
2021-02-06,UFC Fight Night: Overeem vs. Volkov,Alistair Overeem vs. Alexander Volkov,Alistair Overeem,147
2021-02-06,UFC Fight Night: Overeem vs. Volkov,Alistair Overeem vs. Alexander Volkov,Alexander Volkov,-147
2020-09-05,UFC Fight Night: Overeem vs. Sakai,Alistair Overeem vs. Augusto Sakai,Alistair Overeem,-105
2020-09-05,UFC Fight Night: Overeem vs. Sakai,Alistair Overeem vs. Augusto Sakai,Augusto Sakai,105
2020-05-16,UFC Fight Night: Overeem vs. Harris,Alistair Overeem vs. Walt Harris,Alistair Overeem,107
2020-05-16,UFC Fight Night: Overeem vs. Harris,Alistair Overeem vs. Walt Harris,Walt Harris,-107
2020-06-06,UFC 250: Nunes vs. Spencer,Alonzo Menifield vs. Devin Clark,Alonzo Menifield,123
2020-06-06,UFC 250: Nunes vs. Spencer,Alonzo Menifield vs. Devin Clark,Devin Clark,-123
2021-08-07,UFC 265: Lewis vs. Gane,Alonzo Menifield vs. Ed Herman,Alonzo Menifield,-173
2021-08-07,UFC 265: Lewis vs. Gane,Alonzo Menifield vs. Ed Herman,Ed Herman,173
2021-12-04,UFC Fight Night: Font vs. Aldo,Alonzo Menifield vs. William Knight,Alonzo Menifield,-148
2021-12-04,UFC Fight Night: Font vs. Aldo,Alonzo Menifield vs. William Knight,William Knight,148
2021-01-23,UFC 257: Poirier vs. McGregor,Amir Albazi vs. Zhalgas Zhumagulov,Amir Albazi,-224
2021-01-23,UFC 257: Poirier vs. McGregor,Amir Albazi vs. Zhalgas Zhumagulov,Zhalgas Zhumagulov,224
2021-02-13,UFC 258: Usman vs. Burns,Andre Ewell vs. Chris Gutierrez,Andre Ewell,111
2021-02-13,UFC 258: Usman vs. Burns,Andre Ewell vs. Chris Gutierrez,Chris Gutierrez,-111
2020-09-19,UFC Fight Night: Covington vs. Woodley,Andre Ewell vs. Irwin Rivera,Andre Ewell,-142
2020-09-19,UFC Fight Night: Covington vs. Woodley,Andre Ewell vs. Irwin Rivera,Irwin Rivera,142
2022-06-11,UFC 275: Teixeira vs. Prochazka,Andre Fialho vs. Jake Matthews,Andre Fialho,144
2022-06-11,UFC 275: Teixeira vs. Prochazka,Andre Fialho vs. Jake Matthews,Jake Matthews,-144
2020-06-13,UFC Fight Night: Eye vs. Calvillo,Andre Fili vs. Charles Jourdain,Andre Fili,-120
2020-06-13,UFC Fight Night: Eye vs. Calvillo,Andre Fili vs. Charles Jourdain,Charles Jourdain,120
2022-04-30,UFC Fight Night: Font vs. Vera,Andre Fili vs. Joanderson Brito,Andre Fili,111
2022-04-30,UFC Fight Night: Font vs. Vera,Andre Fili vs. Joanderson Brito,Joanderson Brito,-111
2020-09-05,UFC Fight Night: Overeem vs. Sakai,Andre Muniz vs. Bartosz Fabinski,Andre Muniz,164
2020-09-05,UFC Fight Night: Overeem vs. Sakai,Andre Muniz vs. Bartosz Fabinski,Bartosz Fabinski,-164
2021-12-11,UFC 269: Oliveira vs. Poirier,Andre Muniz vs. Eryk Anders,Andre Muniz,-135
2021-12-11,UFC 269: Oliveira vs. Poirier,Andre Muniz vs. Eryk Anders,Eryk Anders,135
2021-05-01,UFC Fight Night: Reyes vs. Prochazka,Andreas Michailidis vs. KB Bhullar,Andreas Michailidis,-171
2021-05-01,UFC Fight Night: Reyes vs. Prochazka,Andreas Michailidis vs. KB Bhullar,KB Bhullar,171
2021-10-16,UFC Fight Night: Ladd vs. Dumont,Andrei Arlovski vs. Carlos Felipe,Andrei Arlovski,138
2021-10-16,UFC Fight Night: Ladd vs. Dumont,Andrei Arlovski vs. Carlos Felipe,Carlos Felipe,-138
2021-04-17,UFC Fight Night: Whittaker vs. Gastelum,Andrei Arlovski vs. Chase Sherman,Andrei Arlovski,114
2021-04-17,UFC Fight Night: Whittaker vs. Gastelum,Andrei Arlovski vs. Chase Sherman,Chase Sherman,-114
2022-04-30,UFC Fight Night: Font vs. Vera,Andrei Arlovski vs. Jake Collier,Andrei Arlovski,158
2022-04-30,UFC Fight Night: Font vs. Vera,Andrei Arlovski vs. Jake Collier,Jake Collier,-158
2022-02-12,UFC 271: Adesanya vs. Whittaker 2,Andrei Arlovski vs. Jared Vanderaa,Andrei Arlovski,112
2022-02-12,UFC 271: Adesanya vs. Whittaker 2,Andrei Arlovski vs. Jared Vanderaa,Jared Vanderaa,-112
2020-11-07,UFC Fight Night: Santos vs. Teixeira,Andrei Arlovski vs. Tanner Boser,Andrei Arlovski,176
2020-11-07,UFC Fight Night: Santos vs. Teixeira,Andrei Arlovski vs. Tanner Boser,Tanner Boser,-176
2021-02-20,UFC Fight Night: Blaydes vs. Lewis,Andrei Arlovski vs. Tom Aspinall,Andrei Arlovski,704
2021-02-20,UFC Fight Night: Blaydes vs. Lewis,Andrei Arlovski vs. Tom Aspinall,Tom Aspinall,-704
2021-10-16,UFC Fight Night: Ladd vs. Dumont,Andrew Sanchez vs. Bruno Silva,Andrew Sanchez,-143
2021-10-16,UFC Fight Night: Ladd vs. Dumont,Andrew Sanchez vs. Bruno Silva,Bruno Silva,143
2021-01-23,UFC 257: Poirier vs. McGregor,Andrew Sanchez vs. Makhmud Muradov,Andrew Sanchez,-121
2021-01-23,UFC 257: Poirier vs. McGregor,Andrew Sanchez vs. Makhmud Muradov,Makhmud Muradov,121
2020-08-08,UFC Fight Night: Lewis vs. Oleinik,Andrew Sanchez vs. Wellington Turman,Andrew Sanchez,-108
2020-08-08,UFC Fight Night: Lewis vs. Oleinik,Andrew Sanchez vs. Wellington Turman,Wellington Turman,108
2020-05-16,UFC Fight Night: Overeem vs. Harris,Anthony Hernandez vs. Kevin Holland,Anthony Hernandez,125
2020-05-16,UFC Fight Night: Overeem vs. Harris,Anthony Hernandez vs. Kevin Holland,Kevin Holland,-125
2020-12-19,UFC Fight Night: Thompson vs. Neal,Anthony Pettis vs. Alex Morono,Anthony Pettis,165
2020-12-19,UFC Fight Night: Thompson vs. Neal,Anthony Pettis vs. Alex Morono,Alex Morono,-165
2020-05-09,UFC 249: Ferguson vs. Gaethje,Anthony Pettis vs. Donald Cerrone,Anthony Pettis,125
2020-05-09,UFC 249: Ferguson vs. Gaethje,Anthony Pettis vs. Donald Cerrone,Donald Cerrone,-125
2020-08-29,UFC Fight Night: Smith vs. Rakic,Anthony Smith vs. Aleksandar Rakic,Anthony Smith,245
2020-08-29,UFC Fight Night: Smith vs. Rakic,Anthony Smith vs. Aleksandar Rakic,Aleksandar Rakic,-245
2020-11-28,UFC Fight Night: Smith vs. Clark,Anthony Smith vs. Devin Clark,Anthony Smith,216
2020-11-28,UFC Fight Night: Smith vs. Clark,Anthony Smith vs. Devin Clark,Devin Clark,-216
2020-05-13,UFC Fight Night: Smith vs. Teixeira,Anthony Smith vs. Glover Teixeira,Anthony Smith,-120
2020-05-13,UFC Fight Night: Smith vs. Teixeira,Anthony Smith vs. Glover Teixeira,Glover Teixeira,120
2021-04-24,UFC 261: Usman vs. Masvidal 2,Anthony Smith vs. Jimmy Crute,Anthony Smith,255
2021-04-24,UFC 261: Usman vs. Masvidal 2,Anthony Smith vs. Jimmy Crute,Jimmy Crute,-255
2021-09-18,UFC Fight Night: Smith vs. Spann,Anthony Smith vs. Ryan Spann,Anthony Smith,130
2021-09-18,UFC Fight Night: Smith vs. Spann,Anthony Smith vs. Ryan Spann,Ryan Spann,-130
2022-04-23,UFC Fight Night: Lemos vs. Andrade,Aoriqileng vs. Cameron Else,Aoriqileng,-173
2022-04-23,UFC Fight Night: Lemos vs. Andrade,Aoriqileng vs. Cameron Else,Cameron Else,173
2021-09-18,UFC Fight Night: Smith vs. Spann,Arman Tsarukyan vs. Christos Giagos,Arman Tsarukyan,-288
2021-09-18,UFC Fight Night: Smith vs. Spann,Arman Tsarukyan vs. Christos Giagos,Christos Giagos,288
2022-02-26,UFC Fight Night: Makhachev vs. Green,Arman Tsarukyan vs. Joel Alvarez,Arman Tsarukyan,-158
2022-02-26,UFC Fight Night: Makhachev vs. Green,Arman Tsarukyan vs. Joel Alvarez,Joel Alvarez,158
2022-06-25,UFC Fight Night: Tsarukyan vs. Gamrot,Arman Tsarukyan vs. Mateusz Gamrot,Arman Tsarukyan,-140
2022-06-25,UFC Fight Night: Tsarukyan vs. Gamrot,Arman Tsarukyan vs. Mateusz Gamrot,Mateusz Gamrot,140
2021-01-23,UFC 257: Poirier vs. McGregor,Arman Tsarukyan vs. Matt Frevola,Arman Tsarukyan,-279
2021-01-23,UFC 257: Poirier vs. McGregor,Arman Tsarukyan vs. Matt Frevola,Matt Frevola,279
2022-03-19,UFC Fight Night: Volkov vs. Aspinall,Arnold Allen vs. Dan Hooker,Arnold Allen,100
2022-03-19,UFC Fight Night: Volkov vs. Aspinall,Arnold Allen vs. Dan Hooker,Dan Hooker,-100
2021-04-10,UFC Fight Night: Vettori vs. Holland,Arnold Allen vs. Sodiq Yusuff,Arnold Allen,-107
2021-04-10,UFC Fight Night: Vettori vs. Holland,Arnold Allen vs. Sodiq Yusuff,Sodiq Yusuff,107
2022-03-26,UFC Fight Night: Blaydes vs. Daukaus,Askar Askarov vs. Kai Kara-France,Askar Askarov,-103
2022-03-26,UFC Fight Night: Blaydes vs. Daukaus,Askar Askarov vs. Kai Kara-France,Kai Kara-France,103
2021-12-11,UFC 269: Oliveira vs. Poirier,Augusto Sakai vs. Tai Tuivasa,Augusto Sakai,-101
2021-12-11,UFC 269: Oliveira vs. Poirier,Augusto Sakai vs. Tai Tuivasa,Tai Tuivasa,101
2020-08-22,UFC Fight Night: Munhoz vs. Edgar,Austin Hubbard vs. Joe Solecki,Austin Hubbard,119
2020-08-22,UFC Fight Night: Munhoz vs. Edgar,Austin Hubbard vs. Joe Solecki,Joe Solecki,-119
2021-08-21,UFC Fight Night: Cannonier vs. Gastelum,Austin Lingo vs. Luis Saldana,Austin Lingo,-135
2021-08-21,UFC Fight Night: Cannonier vs. Gastelum,Austin Lingo vs. Luis Saldana,Luis Saldana,135
2021-04-17,UFC Fight Night: Whittaker vs. Gastelum,Bartosz Fabinski vs. Gerald Meerschaert,Bartosz Fabinski,-153
2021-04-17,UFC Fight Night: Whittaker vs. Gastelum,Bartosz Fabinski vs. Gerald Meerschaert,Gerald Meerschaert,153
2021-10-16,UFC Fight Night: Ladd vs. Dumont,Batgerel Danaa vs. Brandon Davis,Batgerel Danaa,-173
2021-10-16,UFC Fight Night: Ladd vs. Dumont,Batgerel Danaa vs. Brandon Davis,Brandon Davis,173
2020-03-07,UFC 248: Adesanya vs. Romero,Batgerel Danaa vs. Guido Cannetti,Batgerel Danaa,-134
2020-03-07,UFC 248: Adesanya vs. Romero,Batgerel Danaa vs. Guido Cannetti,Guido Cannetti,134
2021-04-24,UFC 261: Usman vs. Masvidal 2,Batgerel Danaa vs. Kevin Natividad,Batgerel Danaa,-121
2021-04-24,UFC 261: Usman vs. Masvidal 2,Batgerel Danaa vs. Kevin Natividad,Kevin Natividad,121
2021-02-13,UFC 258: Usman vs. Burns,Belal Muhammad vs. Dhiego Lima,Belal Muhammad,-200
2021-02-13,UFC 258: Usman vs. Burns,Belal Muhammad vs. Dhiego Lima,Dhiego Lima,200
2020-06-20,UFC Fight Night: Blaydes vs. Volkov,Belal Muhammad vs. Lyman Good,Belal Muhammad,-118
2020-06-20,UFC Fight Night: Blaydes vs. Volkov,Belal Muhammad vs. Lyman Good,Lyman Good,118
2020-10-10,UFC Fight Night: Moraes vs. Sandhagen,Ben Rothwell vs. Marcin Tybura,Ben Rothwell,293
2020-10-10,UFC Fight Night: Moraes vs. Sandhagen,Ben Rothwell vs. Marcin Tybura,Marcin Tybura,-293
2021-11-13,UFC Fight Night: Holloway vs. Rodriguez,Ben Rothwell vs. Marcos Rogerio de Lima,Ben Rothwell,293
2021-11-13,UFC Fight Night: Holloway vs. Rodriguez,Ben Rothwell vs. Marcos Rogerio de Lima,Marcos Rogerio de Lima,-293
2020-05-13,UFC Fight Night: Smith vs. Teixeira,Ben Rothwell vs. Ovince Saint Preux,Ben Rothwell,106
2020-05-13,UFC Fight Night: Smith vs. Teixeira,Ben Rothwell vs. Ovince Saint Preux,Ovince Saint Preux,-106
2020-03-07,UFC 248: Adesanya vs. Romero,Beneil Dariush vs. Drakkar Klose,Beneil Dariush,-192
2020-03-07,UFC 248: Adesanya vs. Romero,Beneil Dariush vs. Drakkar Klose,Drakkar Klose,192
2020-08-08,UFC Fight Night: Lewis vs. Oleinik,Beneil Dariush vs. Scott Holtzman,Beneil Dariush,-100
2020-08-08,UFC Fight Night: Lewis vs. Oleinik,Beneil Dariush vs. Scott Holtzman,Scott Holtzman,100
2020-09-12,UFC Fight Night: Waterson vs. Hill,Billy Quarantillo vs. Kyle Nelson,Billy Quarantillo,-133
2020-09-12,UFC Fight Night: Waterson vs. Hill,Billy Quarantillo vs. Kyle Nelson,Kyle Nelson,133
2020-05-30,UFC Fight Night: Woodley vs. Burns,Billy Quarantillo vs. Spike Carlyle,Billy Quarantillo,160
2020-05-30,UFC Fight Night: Woodley vs. Burns,Billy Quarantillo vs. Spike Carlyle,Spike Carlyle,-160
2020-05-30,UFC Fight Night: Woodley vs. Burns,Blagoy Ivanov vs. Augusto Sakai,Blagoy Ivanov,142
2020-05-30,UFC Fight Night: Woodley vs. Burns,Blagoy Ivanov vs. Augusto Sakai,Augusto Sakai,-142
2022-05-07,UFC 274: Oliveira vs. Gaethje,Blagoy Ivanov vs. Marcos Rogerio de Lima,Blagoy Ivanov,218
2022-05-07,UFC 274: Oliveira vs. Gaethje,Blagoy Ivanov vs. Marcos Rogerio de Lima,Marcos Rogerio de Lima,-218
2020-09-26,UFC 253: Adesanya vs. Costa,Brad Riddell vs. Alex Da Silva,Brad Riddell,-135
2020-09-26,UFC 253: Adesanya vs. Costa,Brad Riddell vs. Alex Da Silva,Alex Da Silva,135
2022-07-02,UFC 276: Adesanya vs. Cannonier,Brad Riddell vs. Jalin Turner,Brad Riddell,115
2022-07-02,UFC 276: Adesanya vs. Cannonier,Brad Riddell vs. Jalin Turner,Jalin Turner,-115
2020-02-22,UFC Fight Night: Felder vs. Hooker,Brad Riddell vs. Magomed Mustafaev,Brad Riddell,-160
2020-02-22,UFC Fight Night: Felder vs. Hooker,Brad Riddell vs. Magomed Mustafaev,Magomed Mustafaev,160
2021-12-04,UFC Fight Night: Font vs. Aldo,Brad Riddell vs. Rafael Fiziev,Brad Riddell,-137
2021-12-04,UFC Fight Night: Font vs. Aldo,Brad Riddell vs. Rafael Fiziev,Rafael Fiziev,137
2021-01-23,UFC 257: Poirier vs. McGregor,Brad Tavares vs. Antonio Carlos Junior,Brad Tavares,111
2021-01-23,UFC 257: Poirier vs. McGregor,Brad Tavares vs. Antonio Carlos Junior,Antonio Carlos Junior,-111
2022-07-02,UFC 276: Adesanya vs. Cannonier,Brad Tavares vs. Dricus Du Plessis,Brad Tavares,137
2022-07-02,UFC 276: Adesanya vs. Cannonier,Brad Tavares vs. Dricus Du Plessis,Dricus Du Plessis,-137
2020-11-21,UFC 255: Figueiredo vs. Perez,Brandon Moreno vs. Brandon Royval,Brandon Moreno,-193
2020-11-21,UFC 255: Figueiredo vs. Perez,Brandon Moreno vs. Brandon Royval,Brandon Royval,193
2022-01-22,UFC 270: Ngannou vs. Gane,Brandon Moreno vs. Deiveson Figueiredo,Brandon Moreno,-156
2022-01-22,UFC 270: Ngannou vs. Gane,Brandon Moreno vs. Deiveson Figueiredo,Deiveson Figueiredo,156
2022-05-07,UFC 274: Oliveira vs. Gaethje,Brandon Royval vs. Matt Schnell,Brandon Royval,-111
2022-05-07,UFC 274: Oliveira vs. Gaethje,Brandon Royval vs. Matt Schnell,Matt Schnell,111
2022-01-15,UFC Fight Night: Kattar vs. Chikadze,Brandon Royval vs. Rogerio Bontorin,Brandon Royval,-147
2022-01-15,UFC Fight Night: Kattar vs. Chikadze,Brandon Royval vs. Rogerio Bontorin,Rogerio Bontorin,147
2021-12-04,UFC Fight Night: Font vs. Aldo,Brendan Allen vs. Chris Curtis,Brendan Allen,-358
2021-12-04,UFC Fight Night: Font vs. Aldo,Brendan Allen vs. Chris Curtis,Chris Curtis,358
2022-06-11,UFC 275: Teixeira vs. Prochazka,Brendan Allen vs. Jacob Malkoun,Brendan Allen,110
2022-06-11,UFC 275: Teixeira vs. Prochazka,Brendan Allen vs. Jacob Malkoun,Jacob Malkoun,-110
2020-11-14,UFC Fight Night: Felder vs. Dos Anjos,Brendan Allen vs. Sean Strickland,Brendan Allen,131
2020-11-14,UFC Fight Night: Felder vs. Dos Anjos,Brendan Allen vs. Sean Strickland,Sean Strickland,-131
2020-02-29,UFC Fight Night: Benavidez vs. Figueiredo,Brendan Allen vs. Tom Breese,Brendan Allen,114
2020-02-29,UFC Fight Night: Benavidez vs. Figueiredo,Brendan Allen vs. Tom Breese,Tom Breese,-114
2020-07-18,UFC Fight Night: Figueiredo vs. Benavidez 2,Brett Johns vs. Montel Jackson,Brett Johns,117
2020-07-18,UFC Fight Night: Figueiredo vs. Benavidez 2,Brett Johns vs. Montel Jackson,Montel Jackson,-117
2021-08-21,UFC Fight Night: Cannonier vs. Gastelum,Brian Kelleher vs. Domingo Pilarte,Brian Kelleher,149
2021-08-21,UFC Fight Night: Cannonier vs. Gastelum,Brian Kelleher vs. Domingo Pilarte,Domingo Pilarte,-149
2022-01-15,UFC Fight Night: Kattar vs. Chikadze,Brian Kelleher vs. Kevin Croom,Brian Kelleher,102
2022-01-15,UFC Fight Night: Kattar vs. Chikadze,Brian Kelleher vs. Kevin Croom,Kevin Croom,-102
2022-06-25,UFC Fight Night: Tsarukyan vs. Gamrot,Brian Kelleher vs. Mario Bautista,Brian Kelleher,270
2022-06-25,UFC Fight Night: Tsarukyan vs. Gamrot,Brian Kelleher vs. Mario Bautista,Mario Bautista,-270
2022-03-05,UFC 272: Covington vs. Masvidal,Brian Kelleher vs. Umar Nurmagomedov,Brian Kelleher,543
2022-03-05,UFC 272: Covington vs. Masvidal,Brian Kelleher vs. Umar Nurmagomedov,Umar Nurmagomedov,-543
2021-05-22,UFC Fight Night: Font vs. Garbrandt,Bruno Silva vs. Victor Rodriguez,Bruno Silva,-177
2021-05-22,UFC Fight Night: Font vs. Garbrandt,Bruno Silva vs. Victor Rodriguez,Victor Rodriguez,177
2020-09-12,UFC Fight Night: Waterson vs. Hill,Bryan Barberena vs. Anthony Ivy,Bryan Barberena,-156
2020-09-12,UFC Fight Night: Waterson vs. Hill,Bryan Barberena vs. Anthony Ivy,Anthony Ivy,156
2020-10-31,UFC Fight Night: Hall vs. Silva,Bryce Mitchell vs. Andre Fili,Bryce Mitchell,-193
2020-10-31,UFC Fight Night: Hall vs. Silva,Bryce Mitchell vs. Andre Fili,Andre Fili,193
2020-05-09,UFC 249: Ferguson vs. Gaethje,Bryce Mitchell vs. Charles Rosa,Bryce Mitchell,-243
2020-05-09,UFC 249: Ferguson vs. Gaethje,Bryce Mitchell vs. Charles Rosa,Charles Rosa,243
2020-02-22,UFC Fight Night: Felder vs. Hooker,Callan Potter vs. Song Kenan,Callan Potter,130
2020-02-22,UFC Fight Night: Felder vs. Hooker,Callan Potter vs. Song Kenan,Song Kenan,-130
2020-07-15,UFC Fight Night: Kattar vs. Ige,Calvin Kattar vs. Dan Ige,Calvin Kattar,179
2020-07-15,UFC Fight Night: Kattar vs. Ige,Calvin Kattar vs. Dan Ige,Dan Ige,-179
2022-01-15,UFC Fight Night: Kattar vs. Chikadze,Calvin Kattar vs. Giga Chikadze,Calvin Kattar,266
2022-01-15,UFC Fight Night: Kattar vs. Chikadze,Calvin Kattar vs. Giga Chikadze,Giga Chikadze,-266
2022-06-18,UFC Fight Night: Kattar vs. Emmett,Calvin Kattar vs. Josh Emmett,Calvin Kattar,-141
2022-06-18,UFC Fight Night: Kattar vs. Emmett,Calvin Kattar vs. Josh Emmett,Josh Emmett,141
2020-10-03,UFC Fight Night: Holm vs. Aldana,Carlos Condit vs. Court McGee,Carlos Condit,-134
2020-10-03,UFC Fight Night: Holm vs. Aldana,Carlos Condit vs. Court McGee,Court McGee,134
2021-01-16,UFC Fight Night: Holloway vs. Kattar,Carlos Condit vs. Matt Brown,Carlos Condit,-102
2021-01-16,UFC Fight Night: Holloway vs. Kattar,Carlos Condit vs. Matt Brown,Matt Brown,102
2021-07-10,UFC 264: Poirier vs. McGregor 3,Carlos Condit vs. Max Griffin,Carlos Condit,-112
2021-07-10,UFC 264: Poirier vs. McGregor 3,Carlos Condit vs. Max Griffin,Max Griffin,112
2021-06-12,UFC 263: Adesanya vs. Vettori 2,Carlos Felipe vs. Jake Collier,Carlos Felipe,-127
2021-06-12,UFC 263: Adesanya vs. Vettori 2,Carlos Felipe vs. Jake Collier,Jake Collier,127
2021-01-16,UFC Fight Night: Holloway vs. Kattar,Carlos Felipe vs. Justin Tafa,Carlos Felipe,120
2021-01-16,UFC Fight Night: Holloway vs. Kattar,Carlos Felipe vs. Justin Tafa,Justin Tafa,-120
2022-02-12,UFC 271: Adesanya vs. Whittaker 2,Carlos Ulberg vs. Fabio Cherant,Carlos Ulberg,-110
2022-02-12,UFC 271: Adesanya vs. Whittaker 2,Carlos Ulberg vs. Fabio Cherant,Fabio Cherant,110
2022-06-25,UFC Fight Night: Tsarukyan vs. Gamrot,Carlos Ulberg vs. Tafon Nchukwi,Carlos Ulberg,134
2022-06-25,UFC Fight Night: Tsarukyan vs. Gamrot,Carlos Ulberg vs. Tafon Nchukwi,Tafon Nchukwi,-134
2020-10-03,UFC Fight Night: Holm vs. Aldana,Casey Kenney vs. Alatengheili,Casey Kenney,-159
2020-10-03,UFC Fight Night: Holm vs. Aldana,Casey Kenney vs. Alatengheili,Alatengheili,159
2021-06-19,UFC Fight Night: Jung vs. Ige,Chan Sung Jung vs. Dan Ige,Chan Sung Jung,141
2021-06-19,UFC Fight Night: Jung vs. Ige,Chan Sung Jung vs. Dan Ige,Dan Ige,-141
2020-06-06,UFC 250: Nunes vs. Spencer,Charles Byrd vs. Maki Pitolo,Charles Byrd,112
2020-06-06,UFC 250: Nunes vs. Spencer,Charles Byrd vs. Maki Pitolo,Maki Pitolo,-112
2021-12-18,UFC Fight Night: Lewis vs. Daukaus,Charles Jourdain vs. Andre Ewell,Charles Jourdain,-120
2021-12-18,UFC Fight Night: Lewis vs. Daukaus,Charles Jourdain vs. Andre Ewell,Andre Ewell,120
2020-10-03,UFC Fight Night: Holm vs. Aldana,Charles Jourdain vs. Josh Culibao,Charles Jourdain,-179
2020-10-03,UFC Fight Night: Holm vs. Aldana,Charles Jourdain vs. Josh Culibao,Josh Culibao,179
2021-12-11,UFC 269: Oliveira vs. Poirier,Charles Oliveira vs. Dustin Poirier,Charles Oliveira,-102
2021-12-11,UFC 269: Oliveira vs. Poirier,Charles Oliveira vs. Dustin Poirier,Dustin Poirier,102
2022-05-07,UFC 274: Oliveira vs. Gaethje,Charles Oliveira vs. Justin Gaethje,Charles Oliveira,-222
2022-05-07,UFC 274: Oliveira vs. Gaethje,Charles Oliveira vs. Justin Gaethje,Justin Gaethje,222
2021-05-15,UFC 262: Oliveira vs. Chandler,Charles Oliveira vs. Michael Chandler,Charles Oliveira,-426
2021-05-15,UFC 262: Oliveira vs. Chandler,Charles Oliveira vs. Michael Chandler,Michael Chandler,426
2021-10-09,UFC Fight Night: Dern vs. Rodriguez,Charles Rosa vs. Damon Jackson,Charles Rosa,-149
2021-10-09,UFC Fight Night: Dern vs. Rodriguez,Charles Rosa vs. Damon Jackson,Damon Jackson,149
2021-02-20,UFC Fight Night: Blaydes vs. Lewis,Charles Rosa vs. Darrick Minner,Charles Rosa,127
2021-02-20,UFC Fight Night: Blaydes vs. Lewis,Charles Rosa vs. Darrick Minner,Darrick Minner,-127
2021-06-26,UFC Fight Night: Gane vs. Volkov,Charles Rosa vs. Justin Jaynes,Charles Rosa,105
2021-06-26,UFC Fight Night: Gane vs. Volkov,Charles Rosa vs. Justin Jaynes,Justin Jaynes,-105
2020-06-13,UFC Fight Night: Eye vs. Calvillo,Charles Rosa vs. Kevin Aguilar,Charles Rosa,137
2020-06-13,UFC Fight Night: Eye vs. Calvillo,Charles Rosa vs. Kevin Aguilar,Kevin Aguilar,-137
2022-02-19,UFC Fight Night: Walker vs. Hill,Chas Skelly vs. Mark Striegl,Chas Skelly,-136
2022-02-19,UFC Fight Night: Walker vs. Hill,Chas Skelly vs. Mark Striegl,Mark Striegl,136
2022-05-21,UFC Fight Night: Holm vs. Vieira,Chase Hooper vs. Felipe Colares,Chase Hooper,-212
2022-05-21,UFC Fight Night: Holm vs. Vieira,Chase Hooper vs. Felipe Colares,Felipe Colares,212
2020-12-12,UFC 256: Figueiredo vs. Moreno,Chase Hooper vs. Peter Barrett,Chase Hooper,-240
2020-12-12,UFC 256: Figueiredo vs. Moreno,Chase Hooper vs. Peter Barrett,Peter Barrett,240
2021-06-12,UFC 263: Adesanya vs. Vettori 2,Chase Hooper vs. Steven Peterson,Chase Hooper,-240
2021-06-12,UFC 263: Adesanya vs. Vettori 2,Chase Hooper vs. Steven Peterson,Steven Peterson,240
2022-05-21,UFC Fight Night: Holm vs. Vieira,Chidi Njokuani vs. Dusko Todorovic,Chidi Njokuani,196
2022-05-21,UFC Fight Night: Holm vs. Vieira,Chidi Njokuani vs. Dusko Todorovic,Dusko Todorovic,-196
2022-06-25,UFC Fight Night: Tsarukyan vs. Gamrot,Chris Curtis vs. Rodolfo Vieira,Chris Curtis,152
2022-06-25,UFC Fight Night: Tsarukyan vs. Gamrot,Chris Curtis vs. Rodolfo Vieira,Rodolfo Vieira,-152
2020-10-10,UFC Fight Night: Moraes vs. Sandhagen,Chris Daukaus vs. Rodrigo Nascimento,Chris Daukaus,121
2020-10-10,UFC Fight Night: Moraes vs. Sandhagen,Chris Daukaus vs. Rodrigo Nascimento,Rodrigo Nascimento,-121
2020-10-31,UFC Fight Night: Hall vs. Silva,Chris Gruetzemacher vs. Alexander Hernandez,Chris Gruetzemacher,201
2020-10-31,UFC Fight Night: Hall vs. Silva,Chris Gruetzemacher vs. Alexander Hernandez,Alexander Hernandez,-201
2021-07-31,UFC Fight Night: Hall vs. Strickland,Chris Gruetzemacher vs. Rafa Garcia,Chris Gruetzemacher,135
2021-07-31,UFC Fight Night: Hall vs. Strickland,Chris Gruetzemacher vs. Rafa Garcia,Rafa Garcia,-135
2022-03-26,UFC Fight Night: Blaydes vs. Daukaus,Chris Gutierrez vs. Batgerel Danaa,Chris Gutierrez,-116
2022-03-26,UFC Fight Night: Blaydes vs. Daukaus,Chris Gutierrez vs. Batgerel Danaa,Batgerel Danaa,116
2021-10-09,UFC Fight Night: Dern vs. Rodriguez,Chris Gutierrez vs. Felipe Colares,Chris Gutierrez,-174
2021-10-09,UFC Fight Night: Dern vs. Rodriguez,Chris Gutierrez vs. Felipe Colares,Felipe Colares,174
2020-05-30,UFC Fight Night: Woodley vs. Burns,Chris Gutierrez vs. Vince Morales,Chris Gutierrez,-107
2020-05-30,UFC Fight Night: Woodley vs. Burns,Chris Gutierrez vs. Vince Morales,Vince Morales,107
2021-05-15,UFC 262: Oliveira vs. Chandler,Christos Giagos vs. Sean Soriano,Christos Giagos,117
2021-05-15,UFC 262: Oliveira vs. Chandler,Christos Giagos vs. Sean Soriano,Sean Soriano,-117
2021-06-26,UFC Fight Night: Gane vs. Volkov,Ciryl Gane vs. Alexander Volkov,Ciryl Gane,-121
2021-06-26,UFC Fight Night: Gane vs. Volkov,Ciryl Gane vs. Alexander Volkov,Alexander Volkov,121
2021-12-04,UFC Fight Night: Font vs. Aldo,Claudio Puelles vs. Chris Gruetzemacher,Claudio Puelles,-143
2021-12-04,UFC Fight Night: Font vs. Aldo,Claudio Puelles vs. Chris Gruetzemacher,Chris Gruetzemacher,143
2021-06-05,UFC Fight Night: Rozenstruik vs. Sakai,Claudio Puelles vs. Jordan Leavitt,Claudio Puelles,176
2021-06-05,UFC Fight Night: Rozenstruik vs. Sakai,Claudio Puelles vs. Jordan Leavitt,Jordan Leavitt,-176
2020-10-17,UFC Fight Night: Ortega vs. The Korean Zombie,Claudio Silva vs. James Krause,Claudio Silva,137
2020-10-17,UFC Fight Night: Ortega vs. The Korean Zombie,Claudio Silva vs. James Krause,James Krause,-137
2022-04-23,UFC Fight Night: Lemos vs. Andrade,Clay Guida vs. Claudio Puelles,Clay Guida,207
2022-04-23,UFC Fight Night: Lemos vs. Andrade,Clay Guida vs. Claudio Puelles,Claudio Puelles,-207
2020-06-20,UFC Fight Night: Blaydes vs. Volkov,Clay Guida vs. King Green,Clay Guida,107
2020-06-20,UFC Fight Night: Blaydes vs. Volkov,Clay Guida vs. King Green,King Green,-107
2021-12-04,UFC Fight Night: Font vs. Aldo,Clay Guida vs. Leonardo Santos,Clay Guida,111
2021-12-04,UFC Fight Night: Font vs. Aldo,Clay Guida vs. Leonardo Santos,Leonardo Santos,-111
2021-08-21,UFC Fight Night: Cannonier vs. Gastelum,Clay Guida vs. Mark Madsen,Clay Guida,145
2021-08-21,UFC Fight Night: Cannonier vs. Gastelum,Clay Guida vs. Mark Madsen,Mark Madsen,-145
2021-11-20,UFC Fight Night: Vieira vs. Tate,Cody Durden vs. Aoriqileng,Cody Durden,105
2021-11-20,UFC Fight Night: Vieira vs. Tate,Cody Durden vs. Aoriqileng,Aoriqileng,-105
2020-06-06,UFC 250: Nunes vs. Spencer,Cody Stamann vs. Brian Kelleher,Cody Stamann,-431
2020-06-06,UFC 250: Nunes vs. Spencer,Cody Stamann vs. Brian Kelleher,Brian Kelleher,431
2022-01-22,UFC 270: Ngannou vs. Gane,Cody Stamann vs. Said Nurmagomedov,Cody Stamann,-111
2022-01-22,UFC 270: Ngannou vs. Gane,Cody Stamann vs. Said Nurmagomedov,Said Nurmagomedov,111
2022-03-05,UFC 272: Covington vs. Masvidal,Colby Covington vs. Jorge Masvidal,Colby Covington,104
2022-03-05,UFC 272: Covington vs. Masvidal,Colby Covington vs. Jorge Masvidal,Jorge Masvidal,-104
2020-09-19,UFC Fight Night: Covington vs. Woodley,Colby Covington vs. Tyron Woodley,Colby Covington,-202
2020-09-19,UFC Fight Night: Covington vs. Woodley,Colby Covington vs. Tyron Woodley,Tyron Woodley,202
2020-09-05,UFC Fight Night: Overeem vs. Sakai,Cole Smith vs. Hunter Azure,Cole Smith,142
2020-09-05,UFC Fight Night: Overeem vs. Sakai,Cole Smith vs. Hunter Azure,Hunter Azure,-142
2021-02-06,UFC Fight Night: Overeem vs. Volkov,Cory Sandhagen vs. Frankie Edgar,Cory Sandhagen,-133
2021-02-06,UFC Fight Night: Overeem vs. Volkov,Cory Sandhagen vs. Frankie Edgar,Frankie Edgar,133
2021-07-24,UFC Fight Night: Sandhagen vs. Dillashaw,Cory Sandhagen vs. TJ Dillashaw,Cory Sandhagen,-151
2021-07-24,UFC Fight Night: Sandhagen vs. Dillashaw,Cory Sandhagen vs. TJ Dillashaw,TJ Dillashaw,151
2021-05-22,UFC Fight Night: Font vs. Garbrandt,Court McGee vs. Claudio Silva,Court McGee,-116
2021-05-22,UFC Fight Night: Font vs. Garbrandt,Court McGee vs. Claudio Silva,Claudio Silva,116
2022-06-18,UFC Fight Night: Kattar vs. Emmett,Court McGee vs. Jeremiah Wells,Court McGee,-122
2022-06-18,UFC Fight Night: Kattar vs. Emmett,Court McGee vs. Jeremiah Wells,Jeremiah Wells,122
2022-01-15,UFC Fight Night: Kattar vs. Chikadze,Court McGee vs. Ramiz Brahimaj,Court McGee,118
2022-01-15,UFC Fight Night: Kattar vs. Chikadze,Court McGee vs. Ramiz Brahimaj,Ramiz Brahimaj,-118
2020-12-12,UFC 256: Figueiredo vs. Moreno,Cub Swanson vs. Daniel Pineda,Cub Swanson,-147
2020-12-12,UFC 256: Figueiredo vs. Moreno,Cub Swanson vs. Daniel Pineda,Daniel Pineda,147
2021-12-18,UFC Fight Night: Lewis vs. Daukaus,Cub Swanson vs. Darren Elkins,Cub Swanson,-109
2021-12-18,UFC Fight Night: Lewis vs. Daukaus,Cub Swanson vs. Darren Elkins,Darren Elkins,109
2020-06-20,UFC Fight Night: Blaydes vs. Volkov,Curtis Blaydes vs. Alexander Volkov,Curtis Blaydes,-191
2020-06-20,UFC Fight Night: Blaydes vs. Volkov,Curtis Blaydes vs. Alexander Volkov,Alexander Volkov,191
2022-03-26,UFC Fight Night: Blaydes vs. Daukaus,Curtis Blaydes vs. Chris Daukaus,Curtis Blaydes,-440
2022-03-26,UFC Fight Night: Blaydes vs. Daukaus,Curtis Blaydes vs. Chris Daukaus,Chris Daukaus,440
2021-02-20,UFC Fight Night: Blaydes vs. Lewis,Curtis Blaydes vs. Derrick Lewis,Curtis Blaydes,-293
2021-02-20,UFC Fight Night: Blaydes vs. Lewis,Curtis Blaydes vs. Derrick Lewis,Derrick Lewis,293
2021-09-25,UFC 266: Volkanovski vs. Ortega,Curtis Blaydes vs. Jairzinho Rozenstruik,Curtis Blaydes,-402
2021-09-25,UFC 266: Volkanovski vs. Ortega,Curtis Blaydes vs. Jairzinho Rozenstruik,Jairzinho Rozenstruik,402
2020-10-24,UFC 254: Khabib vs. Gaethje,Da Woon Jung vs. Sam Alvey,Da Woon Jung,-136
2020-10-24,UFC 254: Khabib vs. Gaethje,Da Woon Jung vs. Sam Alvey,Sam Alvey,136
2021-04-10,UFC Fight Night: Vettori vs. Holland,Da Woon Jung vs. William Knight,Da Woon Jung,106
2021-04-10,UFC Fight Night: Vettori vs. Holland,Da Woon Jung vs. William Knight,William Knight,-106
2022-03-12,UFC Fight Night: Santos vs. Ankalaev,Dalcha Lungiambula vs. Cody Brundage,Dalcha Lungiambula,139
2022-03-12,UFC Fight Night: Santos vs. Ankalaev,Dalcha Lungiambula vs. Cody Brundage,Cody Brundage,-139
2021-09-04,UFC Fight Night: Brunson vs. Till,Dalcha Lungiambula vs. Marc-Andre Barriault,Dalcha Lungiambula,-116
2021-09-04,UFC Fight Night: Brunson vs. Till,Dalcha Lungiambula vs. Marc-Andre Barriault,Marc-Andre Barriault,116
2021-01-20,UFC Fight Night: Chiesa vs. Magny,Dalcha Lungiambula vs. Markus Perez,Dalcha Lungiambula,-103
2021-01-20,UFC Fight Night: Chiesa vs. Magny,Dalcha Lungiambula vs. Markus Perez,Markus Perez,103
2022-06-18,UFC Fight Night: Kattar vs. Emmett,Damir Ismagulov vs. Guram Kutateladze,Damir Ismagulov,-221
2022-06-18,UFC Fight Night: Kattar vs. Emmett,Damir Ismagulov vs. Guram Kutateladze,Guram Kutateladze,221
2022-03-12,UFC Fight Night: Santos vs. Ankalaev,Damon Jackson vs. Kamuela Kirk,Damon Jackson,220
2022-03-12,UFC Fight Night: Santos vs. Ankalaev,Damon Jackson vs. Kamuela Kirk,Kamuela Kirk,-220
2021-09-25,UFC 266: Volkanovski vs. Ortega,Dan Hooker vs. Nasrat Haqparast,Dan Hooker,136
2021-09-25,UFC 266: Volkanovski vs. Ortega,Dan Hooker vs. Nasrat Haqparast,Nasrat Haqparast,-136
2020-05-16,UFC Fight Night: Overeem vs. Harris,Dan Ige vs. Edson Barboza,Dan Ige,-164
2020-05-16,UFC Fight Night: Overeem vs. Harris,Dan Ige vs. Edson Barboza,Edson Barboza,164
2021-03-13,UFC Fight Night: Edwards vs. Muhammad,Dan Ige vs. Gavin Tucker,Dan Ige,-164
2021-03-13,UFC Fight Night: Edwards vs. Muhammad,Dan Ige vs. Gavin Tucker,Gavin Tucker,164
2022-06-04,UFC Fight Night: Volkov vs. Rozenstruik,Dan Ige vs. Movsar Evloev,Dan Ige,153
2022-06-04,UFC Fight Night: Volkov vs. Rozenstruik,Dan Ige vs. Movsar Evloev,Movsar Evloev,-153
2022-04-30,UFC Fight Night: Font vs. Vera,Daniel Lacerda vs. Francisco Figueiredo,Daniel Lacerda,129
2022-04-30,UFC Fight Night: Font vs. Vera,Daniel Lacerda vs. Francisco Figueiredo,Francisco Figueiredo,-129
2020-08-22,UFC Fight Night: Munhoz vs. Edgar,Daniel Rodriguez vs. Dwight Grant,Daniel Rodriguez,133
2020-08-22,UFC Fight Night: Munhoz vs. Edgar,Daniel Rodriguez vs. Dwight Grant,Dwight Grant,-133
2020-11-21,UFC 255: Figueiredo vs. Perez,Daniel Rodriguez vs. Nicolas Dalby,Daniel Rodriguez,-124
2020-11-21,UFC 255: Figueiredo vs. Perez,Daniel Rodriguez vs. Nicolas Dalby,Nicolas Dalby,124
2021-07-31,UFC Fight Night: Hall vs. Strickland,Danny Chavez vs. Kai Kamaka,Danny Chavez,134
2021-07-31,UFC Fight Night: Hall vs. Strickland,Danny Chavez vs. Kai Kamaka,Kai Kamaka,-134
2021-10-16,UFC Fight Night: Ladd vs. Dumont,Danny Roberts vs. Ramazan Emeev,Danny Roberts,195
2021-10-16,UFC Fight Night: Ladd vs. Dumont,Danny Roberts vs. Ramazan Emeev,Ramazan Emeev,-195
2021-07-24,UFC Fight Night: Sandhagen vs. Dillashaw,Darren Elkins vs. Darrick Minner,Darren Elkins,122
2021-07-24,UFC Fight Night: Sandhagen vs. Dillashaw,Darren Elkins vs. Darrick Minner,Darrick Minner,-122
2020-11-07,UFC Fight Night: Santos vs. Teixeira,Darren Elkins vs. Eduardo Garagorri,Darren Elkins,-140
2020-11-07,UFC Fight Night: Santos vs. Teixeira,Darren Elkins vs. Eduardo Garagorri,Eduardo Garagorri,140
2020-05-16,UFC Fight Night: Overeem vs. Harris,Darren Elkins vs. Nate Landwehr,Darren Elkins,-178
2020-05-16,UFC Fight Night: Overeem vs. Harris,Darren Elkins vs. Nate Landwehr,Nate Landwehr,178
2022-04-30,UFC Fight Night: Font vs. Vera,Darren Elkins vs. Tristan Connelly,Darren Elkins,-142
2022-04-30,UFC Fight Night: Font vs. Vera,Darren Elkins vs. Tristan Connelly,Tristan Connelly,142
2021-11-20,UFC Fight Night: Vieira vs. Tate,Davey Grant vs. Adrian Yanez,Davey Grant,149
2021-11-20,UFC Fight Night: Vieira vs. Tate,Davey Grant vs. Adrian Yanez,Adrian Yanez,-149
2022-05-14,UFC Fight Night: Blachowicz vs. Rakic,Davey Grant vs. Louis Smolka,Davey Grant,-119
2022-05-14,UFC Fight Night: Blachowicz vs. Rakic,Davey Grant vs. Louis Smolka,Louis Smolka,119
2020-07-18,UFC Fight Night: Figueiredo vs. Benavidez 2,Davi Ramos vs. Arman Tsarukyan,Davi Ramos,-105
2020-07-18,UFC Fight Night: Figueiredo vs. Benavidez 2,Davi Ramos vs. Arman Tsarukyan,Arman Tsarukyan,105
2021-01-16,UFC Fight Night: Holloway vs. Kattar,David Zawada vs. Ramazan Emeev,David Zawada,162
2021-01-16,UFC Fight Night: Holloway vs. Kattar,David Zawada vs. Ramazan Emeev,Ramazan Emeev,-162
2020-11-21,UFC 255: Figueiredo vs. Perez,Deiveson Figueiredo vs. Alex Perez,Deiveson Figueiredo,110
2020-11-21,UFC 255: Figueiredo vs. Perez,Deiveson Figueiredo vs. Alex Perez,Alex Perez,-110
2020-12-12,UFC 256: Figueiredo vs. Moreno,Deiveson Figueiredo vs. Brandon Moreno,Deiveson Figueiredo,108
2020-12-12,UFC 256: Figueiredo vs. Moreno,Deiveson Figueiredo vs. Brandon Moreno,Brandon Moreno,-104
2021-06-12,UFC 263: Adesanya vs. Vettori 2,Deiveson Figueiredo vs. Brandon Moreno,Deiveson Figueiredo,115
2021-06-12,UFC 263: Adesanya vs. Vettori 2,Deiveson Figueiredo vs. Brandon Moreno,Brandon Moreno,-110
2020-07-18,UFC Fight Night: Figueiredo vs. Benavidez 2,Deiveson Figueiredo vs. Joseph Benavidez,Deiveson Figueiredo,134
2020-07-18,UFC Fight Night: Figueiredo vs. Benavidez 2,Deiveson Figueiredo vs. Joseph Benavidez,Joseph Benavidez,-134
2021-06-12,UFC 263: Adesanya vs. Vettori 2,Demian Maia vs. Belal Muhammad,Demian Maia,114
2021-06-12,UFC 263: Adesanya vs. Vettori 2,Demian Maia vs. Belal Muhammad,Belal Muhammad,-114
2020-03-14,UFC Fight Night: Lee vs. Oliveira,Demian Maia vs. Gilbert Burns,Demian Maia,-132
2020-03-14,UFC Fight Night: Lee vs. Oliveira,Demian Maia vs. Gilbert Burns,Gilbert Burns,132
2021-09-04,UFC Fight Night: Brunson vs. Till,Derek Brunson vs. Darren Till,Derek Brunson,-162
2021-09-04,UFC Fight Night: Brunson vs. Till,Derek Brunson vs. Darren Till,Darren Till,162
2020-08-01,UFC Fight Night: Brunson vs. Shahbazyan,Derek Brunson vs. Edmen Shahbazyan,Derek Brunson,262
2020-08-01,UFC Fight Night: Brunson vs. Shahbazyan,Derek Brunson vs. Edmen Shahbazyan,Edmen Shahbazyan,-262
2021-03-20,UFC Fight Night: Brunson vs. Holland,Derek Brunson vs. Kevin Holland,Derek Brunson,203
2021-03-20,UFC Fight Night: Brunson vs. Holland,Derek Brunson vs. Kevin Holland,Kevin Holland,-203
2020-12-19,UFC Fight Night: Thompson vs. Neal,Deron Winn vs. Antonio Arroyo,Deron Winn,101
2020-12-19,UFC Fight Night: Thompson vs. Neal,Deron Winn vs. Antonio Arroyo,Antonio Arroyo,-101
2020-08-08,UFC Fight Night: Lewis vs. Oleinik,Derrick Lewis vs. Aleksei Oleinik,Derrick Lewis,-177
2020-08-08,UFC Fight Night: Lewis vs. Oleinik,Derrick Lewis vs. Aleksei Oleinik,Aleksei Oleinik,177
2021-12-18,UFC Fight Night: Lewis vs. Daukaus,Derrick Lewis vs. Chris Daukaus,Derrick Lewis,140
2021-12-18,UFC Fight Night: Lewis vs. Daukaus,Derrick Lewis vs. Chris Daukaus,Chris Daukaus,-140
2021-08-07,UFC 265: Lewis vs. Gane,Derrick Lewis vs. Ciryl Gane,Derrick Lewis,175
2021-08-07,UFC 265: Lewis vs. Gane,Derrick Lewis vs. Ciryl Gane,Ciryl Gane,-175
2022-02-12,UFC 271: Adesanya vs. Whittaker 2,Derrick Lewis vs. Tai Tuivasa,Derrick Lewis,-111
2022-02-12,UFC 271: Adesanya vs. Whittaker 2,Derrick Lewis vs. Tai Tuivasa,Tai Tuivasa,111
2022-04-16,UFC Fight Night: Luque vs. Muhammad,Devin Clark vs. William Knight,Devin Clark,-181
2022-04-16,UFC Fight Night: Luque vs. Muhammad,Devin Clark vs. William Knight,William Knight,181
2021-10-02,UFC Fight Night: Santos vs. Walker,Devonte Smith vs. Jamie Mullarkey,Devonte Smith,-138
2021-10-02,UFC Fight Night: Santos vs. Walker,Devonte Smith vs. Jamie Mullarkey,Jamie Mullarkey,138
2021-02-06,UFC Fight Night: Overeem vs. Volkov,Devonte Smith vs. Justin Jaynes,Devonte Smith,-213
2021-02-06,UFC Fight Night: Overeem vs. Volkov,Devonte Smith vs. Justin Jaynes,Justin Jaynes,213
2022-03-05,UFC 272: Covington vs. Masvidal,Devonte Smith vs. Ludovit Klein,Devonte Smith,-131
2022-03-05,UFC 272: Covington vs. Masvidal,Devonte Smith vs. Ludovit Klein,Ludovit Klein,131
2021-02-06,UFC Fight Night: Overeem vs. Volkov,Diego Ferreira vs. Beneil Dariush,Diego Ferreira,122
2021-02-06,UFC Fight Night: Overeem vs. Volkov,Diego Ferreira vs. Beneil Dariush,Beneil Dariush,-122
2021-05-08,UFC Fight Night: Rodriguez vs. Waterson,Diego Ferreira vs. Gregor Gillespie,Diego Ferreira,-111
2021-05-08,UFC Fight Night: Rodriguez vs. Waterson,Diego Ferreira vs. Gregor Gillespie,Gregor Gillespie,111
2021-12-18,UFC Fight Night: Lewis vs. Daukaus,Diego Ferreira vs. Mateusz Gamrot,Diego Ferreira,147
2021-12-18,UFC Fight Night: Lewis vs. Daukaus,Diego Ferreira vs. Mateusz Gamrot,Mateusz Gamrot,-147
2020-09-26,UFC 253: Adesanya vs. Costa,Diego Sanchez vs. Jake Matthews,Diego Sanchez,508
2020-09-26,UFC 253: Adesanya vs. Costa,Diego Sanchez vs. Jake Matthews,Jake Matthews,-508
2021-03-06,UFC 259: Blachowicz vs. Adesanya,Dominick Cruz vs. Casey Kenney,Dominick Cruz,-118
2021-03-06,UFC 259: Blachowicz vs. Adesanya,Dominick Cruz vs. Casey Kenney,Casey Kenney,118
2020-09-26,UFC 253: Adesanya vs. Costa,Dominick Reyes vs. Jan Blachowicz,Dominick Reyes,-104
2020-09-26,UFC 253: Adesanya vs. Costa,Dominick Reyes vs. Jan Blachowicz,Jan Blachowicz,104
2021-05-01,UFC Fight Night: Reyes vs. Prochazka,Dominick Reyes vs. Jiri Prochazka,Dominick Reyes,-217
2021-05-01,UFC Fight Night: Reyes vs. Prochazka,Dominick Reyes vs. Jiri Prochazka,Jiri Prochazka,217
2021-12-18,UFC Fight Night: Lewis vs. Daukaus,Don'Tale Mayes vs. Josh Parisian,Don'Tale Mayes,-102
2021-12-18,UFC Fight Night: Lewis vs. Daukaus,Don'Tale Mayes vs. Josh Parisian,Josh Parisian,102
2020-11-14,UFC Fight Night: Felder vs. Dos Anjos,Don'Tale Mayes vs. Roque Martinez,Don'Tale Mayes,-118
2020-11-14,UFC Fight Night: Felder vs. Dos Anjos,Don'Tale Mayes vs. Roque Martinez,Roque Martinez,118
2021-05-08,UFC Fight Night: Rodriguez vs. Waterson,Donald Cerrone vs. Alex Morono,Donald Cerrone,169
2021-05-08,UFC Fight Night: Rodriguez vs. Waterson,Donald Cerrone vs. Alex Morono,Alex Morono,-169
2021-10-02,UFC Fight Night: Santos vs. Walker,Douglas Silva de Andrade vs. Gaetano Pirrello,Douglas Silva de Andrade,108
2021-10-02,UFC Fight Night: Santos vs. Walker,Douglas Silva de Andrade vs. Gaetano Pirrello,Gaetano Pirrello,-108
2022-02-12,UFC 271: Adesanya vs. Whittaker 2,Douglas Silva de Andrade vs. Sergey Morozov,Douglas Silva de Andrade,162
2022-02-12,UFC 271: Adesanya vs. Whittaker 2,Douglas Silva de Andrade vs. Sergey Morozov,Sergey Morozov,-162
2022-04-16,UFC Fight Night: Luque vs. Muhammad,Drakkar Klose vs. Brandon Jenkins,Drakkar Klose,-194
2022-04-16,UFC Fight Night: Luque vs. Muhammad,Drakkar Klose vs. Brandon Jenkins,Brandon Jenkins,194
2021-06-12,UFC 263: Adesanya vs. Vettori 2,Drew Dober vs. Brad Riddell,Drew Dober,109
2021-06-12,UFC 263: Adesanya vs. Vettori 2,Drew Dober vs. Brad Riddell,Brad Riddell,-109
2022-03-12,UFC Fight Night: Santos vs. Ankalaev,Drew Dober vs. Terrance McKinney,Drew Dober,-120
2022-03-12,UFC Fight Night: Santos vs. Ankalaev,Drew Dober vs. Terrance McKinney,Terrance McKinney,120
2021-08-28,UFC Fight Night: Barboza vs. Chikadze,Dustin Jacoby vs. Darren Stewart,Dustin Jacoby,151
2021-08-28,UFC Fight Night: Barboza vs. Chikadze,Dustin Jacoby vs. Darren Stewart,Darren Stewart,-151
2021-11-06,UFC 268: Usman vs. Covington 2,Dustin Jacoby vs. John Allan,Dustin Jacoby,-105
2021-11-06,UFC 268: Usman vs. Covington 2,Dustin Jacoby vs. John Allan,John Allan,105
2020-10-31,UFC Fight Night: Hall vs. Silva,Dustin Jacoby vs. Justin Ledet,Dustin Jacoby,103
2020-10-31,UFC Fight Night: Hall vs. Silva,Dustin Jacoby vs. Justin Ledet,Justin Ledet,-103
2021-02-27,UFC Fight Night: Rozenstruik vs. Gane,Dustin Jacoby vs. Maxim Grishin,Dustin Jacoby,-107
2021-02-27,UFC Fight Night: Rozenstruik vs. Gane,Dustin Jacoby vs. Maxim Grishin,Maxim Grishin,107
2022-03-05,UFC 272: Covington vs. Masvidal,Dustin Jacoby vs. Michal Oleksiejczuk,Dustin Jacoby,107
2022-03-05,UFC 272: Covington vs. Masvidal,Dustin Jacoby vs. Michal Oleksiejczuk,Michal Oleksiejczuk,-107
2021-01-23,UFC 257: Poirier vs. McGregor,Dustin Poirier vs. Conor McGregor,Dustin Poirier,-182
2021-01-23,UFC 257: Poirier vs. McGregor,Dustin Poirier vs. Conor McGregor,Conor McGregor,214
2021-07-10,UFC 264: Poirier vs. McGregor 3,Dustin Poirier vs. Conor McGregor,Dustin Poirier,-217
2021-07-10,UFC 264: Poirier vs. McGregor 3,Dustin Poirier vs. Conor McGregor,Conor McGregor,248
2020-06-27,UFC Fight Night: Poirier vs. Hooker,Dustin Poirier vs. Dan Hooker,Dustin Poirier,-207
2020-06-27,UFC Fight Night: Poirier vs. Hooker,Dustin Poirier vs. Dan Hooker,Dan Hooker,207
2021-12-18,UFC Fight Night: Lewis vs. Daukaus,Dustin Stoltzfus vs. Gerald Meerschaert,Dustin Stoltzfus,113
2021-12-18,UFC Fight Night: Lewis vs. Daukaus,Dustin Stoltzfus vs. Gerald Meerschaert,Gerald Meerschaert,-113
2022-04-23,UFC Fight Night: Lemos vs. Andrade,Dwight Grant vs. Sergey Khandozhko,Dwight Grant,100
2022-04-23,UFC Fight Night: Lemos vs. Andrade,Dwight Grant vs. Sergey Khandozhko,Sergey Khandozhko,-100
2021-04-24,UFC 261: Usman vs. Masvidal 2,Dwight Grant vs. Stefan Sekulic,Dwight Grant,-153
2021-04-24,UFC 261: Usman vs. Masvidal 2,Dwight Grant vs. Stefan Sekulic,Stefan Sekulic,153
2020-09-12,UFC Fight Night: Waterson vs. Hill,Ed Herman vs. Mike Rodriguez,Ed Herman,102
2020-09-12,UFC Fight Night: Waterson vs. Hill,Ed Herman vs. Mike Rodriguez,Mike Rodriguez,-102
2022-06-18,UFC Fight Night: Kattar vs. Emmett,Eddie Wineland vs. Cody Stamann,Eddie Wineland,485
2022-06-18,UFC Fight Night: Kattar vs. Emmett,Eddie Wineland vs. Cody Stamann,Cody Stamann,-485
2021-02-20,UFC Fight Night: Blaydes vs. Lewis,Eddie Wineland vs. John Castaneda,Eddie Wineland,160
2021-02-20,UFC Fight Night: Blaydes vs. Lewis,Eddie Wineland vs. John Castaneda,John Castaneda,-160
2020-06-06,UFC 250: Nunes vs. Spencer,Eddie Wineland vs. Sean O'Malley,Eddie Wineland,433
2020-06-06,UFC 250: Nunes vs. Spencer,Eddie Wineland vs. Sean O'Malley,Sean O'Malley,-433
2021-11-06,UFC 268: Usman vs. Covington 2,Edmen Shahbazyan vs. Nassourdine Imavov,Edmen Shahbazyan,-114
2021-11-06,UFC 268: Usman vs. Covington 2,Edmen Shahbazyan vs. Nassourdine Imavov,Nassourdine Imavov,114
2022-03-05,UFC 272: Covington vs. Masvidal,Edson Barboza vs. Bryce Mitchell,Edson Barboza,137
2022-03-05,UFC 272: Covington vs. Masvidal,Edson Barboza vs. Bryce Mitchell,Bryce Mitchell,-137
2021-08-28,UFC Fight Night: Barboza vs. Chikadze,Edson Barboza vs. Giga Chikadze,Edson Barboza,116
2021-08-28,UFC Fight Night: Barboza vs. Chikadze,Edson Barboza vs. Giga Chikadze,Giga Chikadze,-116
2020-10-10,UFC Fight Night: Moraes vs. Sandhagen,Edson Barboza vs. Makwan Amirkhani,Edson Barboza,-188
2020-10-10,UFC Fight Night: Moraes vs. Sandhagen,Edson Barboza vs. Makwan Amirkhani,Makwan Amirkhani,188
2020-03-14,UFC Fight Night: Lee vs. Oliveira,Elizeu Zaleski dos Santos vs. Aleksei Kunchenko,Elizeu Zaleski dos Santos,-222
2020-03-14,UFC Fight Night: Lee vs. Oliveira,Elizeu Zaleski dos Santos vs. Aleksei Kunchenko,Aleksei Kunchenko,222
2020-07-11,UFC 251: Usman vs. Masvidal,Elizeu Zaleski dos Santos vs. Muslim Salikhov,Elizeu Zaleski dos Santos,-174
2020-07-11,UFC 251: Usman vs. Masvidal,Elizeu Zaleski dos Santos vs. Muslim Salikhov,Muslim Salikhov,174
2021-06-12,UFC 263: Adesanya vs. Vettori 2,Eryk Anders vs. Darren Stewart,Eryk Anders,222
2021-06-12,UFC 263: Adesanya vs. Vettori 2,Eryk Anders vs. Darren Stewart,Darren Stewart,-222
2022-05-21,UFC Fight Night: Holm vs. Vieira,Eryk Anders vs. JunYong Park,Eryk Anders,188
2022-05-21,UFC Fight Night: Holm vs. Vieira,Eryk Anders vs. JunYong Park,JunYong Park,-188
2020-05-16,UFC Fight Night: Overeem vs. Harris,Eryk Anders vs. Krzysztof Jotko,Eryk Anders,202
2020-05-16,UFC Fight Night: Overeem vs. Harris,Eryk Anders vs. Krzysztof Jotko,Krzysztof Jotko,-202
2020-07-25,UFC Fight Night: Whittaker vs. Till,Fabricio Werdum vs. Alexander Gustafsson,Fabricio Werdum,129
2020-07-25,UFC Fight Night: Whittaker vs. Till,Fabricio Werdum vs. Alexander Gustafsson,Alexander Gustafsson,-129
2021-06-12,UFC 263: Adesanya vs. Vettori 2,Fares Ziam vs. Luigi Vendramini,Fares Ziam,-120
2021-06-12,UFC 263: Adesanya vs. Vettori 2,Fares Ziam vs. Luigi Vendramini,Luigi Vendramini,120
2022-01-22,UFC 270: Ngannou vs. Gane,Francis Ngannou vs. Ciryl Gane,Francis Ngannou,124
2022-01-22,UFC 270: Ngannou vs. Gane,Francis Ngannou vs. Ciryl Gane,Ciryl Gane,-124
2020-05-09,UFC 249: Ferguson vs. Gaethje,Francis Ngannou vs. Jairzinho Rozenstruik,Francis Ngannou,-213
2020-05-09,UFC 249: Ferguson vs. Gaethje,Francis Ngannou vs. Jairzinho Rozenstruik,Jairzinho Rozenstruik,213
2021-07-17,UFC Fight Night: Makhachev vs. Moises,Francisco Figueiredo vs. Malcolm Gordon,Francisco Figueiredo,-214
2021-07-17,UFC Fight Night: Makhachev vs. Moises,Francisco Figueiredo vs. Malcolm Gordon,Malcolm Gordon,214
2022-05-07,UFC 274: Oliveira vs. Gaethje,Francisco Trinaldo vs. Danny Roberts,Francisco Trinaldo,-172
2022-05-07,UFC 274: Oliveira vs. Gaethje,Francisco Trinaldo vs. Danny Roberts,Danny Roberts,172
2021-10-23,UFC Fight Night: Costa vs. Vettori,Francisco Trinaldo vs. Dwight Grant,Francisco Trinaldo,137
2021-10-23,UFC Fight Night: Costa vs. Vettori,Francisco Trinaldo vs. Dwight Grant,Dwight Grant,-137
2020-03-14,UFC Fight Night: Lee vs. Oliveira,Francisco Trinaldo vs. John Makdessi,Francisco Trinaldo,144
2020-03-14,UFC Fight Night: Lee vs. Oliveira,Francisco Trinaldo vs. John Makdessi,John Makdessi,-144
2021-06-05,UFC Fight Night: Rozenstruik vs. Sakai,Francisco Trinaldo vs. Muslim Salikhov,Francisco Trinaldo,102
2021-06-05,UFC Fight Night: Rozenstruik vs. Sakai,Francisco Trinaldo vs. Muslim Salikhov,Muslim Salikhov,-102
2021-11-06,UFC 268: Usman vs. Covington 2,Frankie Edgar vs. Marlon Vera,Frankie Edgar,-121
2021-11-06,UFC 268: Usman vs. Covington 2,Frankie Edgar vs. Marlon Vera,Marlon Vera,121
2020-08-01,UFC Fight Night: Brunson vs. Shahbazyan,Frankie Saenz vs. Jonathan Martinez,Frankie Saenz,180
2020-08-01,UFC Fight Night: Brunson vs. Shahbazyan,Frankie Saenz vs. Jonathan Martinez,Jonathan Martinez,-180
2021-07-17,UFC Fight Night: Makhachev vs. Moises,Gabriel Benitez vs. Billy Quarantillo,Gabriel Benitez,-148
2021-07-17,UFC Fight Night: Makhachev vs. Moises,Gabriel Benitez vs. Billy Quarantillo,Billy Quarantillo,148
2022-02-19,UFC Fight Night: Walker vs. Hill,Gabriel Benitez vs. David Onama,Gabriel Benitez,-102
2022-02-19,UFC Fight Night: Walker vs. Hill,Gabriel Benitez vs. David Onama,David Onama,102
2020-12-05,UFC Fight Night: Hermansson vs. Vettori,Gabriel Benitez vs. Justin Jaynes,Gabriel Benitez,-176
2020-12-05,UFC Fight Night: Hermansson vs. Vettori,Gabriel Benitez vs. Justin Jaynes,Justin Jaynes,176
2020-05-13,UFC Fight Night: Smith vs. Teixeira,Gabriel Benitez vs. Omar Morales,Gabriel Benitez,-129
2020-05-13,UFC Fight Night: Smith vs. Teixeira,Gabriel Benitez vs. Omar Morales,Omar Morales,129
2020-10-17,UFC Fight Night: Ortega vs. The Korean Zombie,Gadzhimurad Antigulov vs. Maxim Grishin,Gadzhimurad Antigulov,-123
2020-10-17,UFC Fight Night: Ortega vs. The Korean Zombie,Gadzhimurad Antigulov vs. Maxim Grishin,Maxim Grishin,123
2020-12-12,UFC 256: Figueiredo vs. Moreno,Gavin Tucker vs. Billy Quarantillo,Gavin Tucker,158
2020-12-12,UFC 256: Figueiredo vs. Moreno,Gavin Tucker vs. Billy Quarantillo,Billy Quarantillo,-158
2020-08-08,UFC Fight Night: Lewis vs. Oleinik,Gavin Tucker vs. Justin Jaynes,Gavin Tucker,154
2020-08-08,UFC Fight Night: Lewis vs. Oleinik,Gavin Tucker vs. Justin Jaynes,Justin Jaynes,-154
2021-12-11,UFC 269: Oliveira vs. Poirier,Geoff Neal vs. Santiago Ponzinibbio,Geoff Neal,114
2021-12-11,UFC 269: Oliveira vs. Poirier,Geoff Neal vs. Santiago Ponzinibbio,Santiago Ponzinibbio,-114
2020-03-07,UFC 248: Adesanya vs. Romero,Gerald Meerschaert vs. Deron Winn,Gerald Meerschaert,-129
2020-03-07,UFC 248: Adesanya vs. Romero,Gerald Meerschaert vs. Deron Winn,Deron Winn,129
2020-11-14,UFC Fight Night: Felder vs. Dos Anjos,Geraldo de Freitas vs. Tony Gravely,Geraldo de Freitas,-135
2020-11-14,UFC Fight Night: Felder vs. Dos Anjos,Geraldo de Freitas vs. Tony Gravely,Tony Gravely,135
2021-11-06,UFC 268: Usman vs. Covington 2,Gian Villante vs. Chris Barnett,Gian Villante,120
2021-11-06,UFC 268: Usman vs. Covington 2,Gian Villante vs. Chris Barnett,Chris Barnett,-120
2020-12-05,UFC Fight Night: Hermansson vs. Vettori,Gian Villante vs. Jake Collier,Gian Villante,177
2020-12-05,UFC Fight Night: Hermansson vs. Vettori,Gian Villante vs. Jake Collier,Jake Collier,-177
2020-06-27,UFC Fight Night: Poirier vs. Hooker,Gian Villante vs. Maurice Greene,Gian Villante,306
2020-06-27,UFC Fight Night: Poirier vs. Hooker,Gian Villante vs. Maurice Greene,Maurice Greene,-306
2021-05-01,UFC Fight Night: Reyes vs. Prochazka,Giga Chikadze vs. Cub Swanson,Giga Chikadze,-100
2021-05-01,UFC Fight Night: Reyes vs. Prochazka,Giga Chikadze vs. Cub Swanson,Cub Swanson,100
2020-10-10,UFC Fight Night: Moraes vs. Sandhagen,Giga Chikadze vs. Omar Morales,Giga Chikadze,109
2020-10-10,UFC Fight Night: Moraes vs. Sandhagen,Giga Chikadze vs. Omar Morales,Omar Morales,-109
2022-04-09,UFC 273: Volkanovski vs. The Korean Zombie,Gilbert Burns vs. Khamzat Chimaev,Gilbert Burns,227
2022-04-09,UFC 273: Volkanovski vs. The Korean Zombie,Gilbert Burns vs. Khamzat Chimaev,Khamzat Chimaev,-227
2021-07-10,UFC 264: Poirier vs. McGregor 3,Gilbert Burns vs. Stephen Thompson,Gilbert Burns,139
2021-07-10,UFC 264: Poirier vs. McGregor 3,Gilbert Burns vs. Stephen Thompson,Stephen Thompson,-139
2022-06-11,UFC 275: Teixeira vs. Prochazka,Glover Teixeira vs. Jiri Prochazka,Glover Teixeira,-116
2022-06-11,UFC 275: Teixeira vs. Prochazka,Glover Teixeira vs. Jiri Prochazka,Jiri Prochazka,116
2021-10-23,UFC Fight Night: Costa vs. Vettori,Grant Dawson vs. Ricky Glenn,Grant Dawson,-198
2021-10-23,UFC Fight Night: Costa vs. Vettori,Grant Dawson vs. Ricky Glenn,Ricky Glenn,198
2020-05-09,UFC 249: Ferguson vs. Gaethje,Greg Hardy vs. Yorgan De Castro,Greg Hardy,-208
2020-05-09,UFC 249: Ferguson vs. Gaethje,Greg Hardy vs. Yorgan De Castro,Yorgan De Castro,208
2022-03-19,UFC Fight Night: Volkov vs. Aspinall,Gunnar Nelson vs. Takashi Sato,Gunnar Nelson,-124
2022-03-19,UFC Fight Night: Volkov vs. Aspinall,Gunnar Nelson vs. Takashi Sato,Takashi Sato,124
2021-09-18,UFC Fight Night: Smith vs. Spann,Gustavo Lopez vs. Alatengheili,Gustavo Lopez,-103
2021-09-18,UFC Fight Night: Smith vs. Spann,Gustavo Lopez vs. Alatengheili,Alatengheili,103
2020-11-07,UFC Fight Night: Santos vs. Teixeira,Gustavo Lopez vs. Anthony Birchak,Gustavo Lopez,185
2020-11-07,UFC Fight Night: Santos vs. Teixeira,Gustavo Lopez vs. Anthony Birchak,Anthony Birchak,-185
2022-02-05,UFC Fight Night: Hermansson vs. Strickland,Hakeem Dawodu vs. Michael Trizano,Hakeem Dawodu,-142
2022-02-05,UFC Fight Night: Hermansson vs. Strickland,Hakeem Dawodu vs. Michael Trizano,Michael Trizano,142
2020-09-26,UFC 253: Adesanya vs. Costa,Hakeem Dawodu vs. Zubaira Tukhugov,Hakeem Dawodu,-121
2020-09-26,UFC 253: Adesanya vs. Costa,Hakeem Dawodu vs. Zubaira Tukhugov,Zubaira Tukhugov,121
2020-05-09,UFC 249: Ferguson vs. Gaethje,Henry Cejudo vs. Dominick Cruz,Henry Cejudo,-144
2020-05-09,UFC 249: Ferguson vs. Gaethje,Henry Cejudo vs. Dominick Cruz,Dominick Cruz,144
2020-08-15,UFC 252: Miocic vs. Cormier 3,Herbert Burns vs. Daniel Pineda,Herbert Burns,-223
2020-08-15,UFC 252: Miocic vs. Cormier 3,Herbert Burns vs. Daniel Pineda,Daniel Pineda,223
2021-10-30,UFC 267: Blachowicz vs. Teixeira,Hu Yaozong vs. Andre Petroski,Hu Yaozong,192
2021-10-30,UFC 267: Blachowicz vs. Teixeira,Hu Yaozong vs. Andre Petroski,Andre Petroski,-192
2020-05-13,UFC Fight Night: Smith vs. Teixeira,Hunter Azure vs. Brian Kelleher,Hunter Azure,-199
2020-05-13,UFC Fight Night: Smith vs. Teixeira,Hunter Azure vs. Brian Kelleher,Brian Kelleher,199
2021-04-10,UFC Fight Night: Vettori vs. Holland,Hunter Azure vs. Jack Shore,Hunter Azure,162
2021-04-10,UFC Fight Night: Vettori vs. Holland,Hunter Azure vs. Jack Shore,Jack Shore,-162
2020-06-06,UFC 250: Nunes vs. Spencer,Ian Heinisch vs. Gerald Meerschaert,Ian Heinisch,120
2020-06-06,UFC 250: Nunes vs. Spencer,Ian Heinisch vs. Gerald Meerschaert,Gerald Meerschaert,-120
2022-04-09,UFC 273: Volkanovski vs. The Korean Zombie,Ian Machado Garry vs. Darian Weeks,Ian Machado Garry,112
2022-04-09,UFC 273: Volkanovski vs. The Korean Zombie,Ian Machado Garry vs. Darian Weeks,Darian Weeks,-112
2021-01-20,UFC Fight Night: Chiesa vs. Magny,Ike Villanueva vs. Vinicius Moreira,Ike Villanueva,-106
2021-01-20,UFC Fight Night: Chiesa vs. Magny,Ike Villanueva vs. Vinicius Moreira,Vinicius Moreira,106
2020-12-05,UFC Fight Night: Hermansson vs. Vettori,Ilia Topuria vs. Damon Jackson,Ilia Topuria,-362
2020-12-05,UFC Fight Night: Hermansson vs. Vettori,Ilia Topuria vs. Damon Jackson,Damon Jackson,362
2021-09-18,UFC Fight Night: Smith vs. Spann,Impa Kasanganay vs. Carlston Harris,Impa Kasanganay,105
2021-09-18,UFC Fight Night: Smith vs. Spann,Impa Kasanganay vs. Carlston Harris,Carlston Harris,-105
2020-10-10,UFC Fight Night: Moraes vs. Sandhagen,Impa Kasanganay vs. Joaquin Buckley,Impa Kasanganay,-166
2020-10-10,UFC Fight Night: Moraes vs. Sandhagen,Impa Kasanganay vs. Joaquin Buckley,Joaquin Buckley,166
2021-04-10,UFC Fight Night: Vettori vs. Holland,Impa Kasanganay vs. Sasha Palatnikov,Impa Kasanganay,-129
2021-04-10,UFC Fight Night: Vettori vs. Holland,Impa Kasanganay vs. Sasha Palatnikov,Sasha Palatnikov,129
2021-09-18,UFC Fight Night: Smith vs. Spann,Ion Cutelaba vs. Devin Clark,Ion Cutelaba,139
2021-09-18,UFC Fight Night: Smith vs. Spann,Ion Cutelaba vs. Devin Clark,Devin Clark,-139
2021-05-01,UFC Fight Night: Reyes vs. Prochazka,Ion Cutelaba vs. Dustin Jacoby,Ion Cutelaba,-134
2021-05-01,UFC Fight Night: Reyes vs. Prochazka,Ion Cutelaba vs. Dustin Jacoby,Dustin Jacoby,134
2020-02-29,UFC Fight Night: Benavidez vs. Figueiredo,Ion Cutelaba vs. Magomed Ankalaev,Ion Cutelaba,132
2020-02-29,UFC Fight Night: Benavidez vs. Figueiredo,Ion Cutelaba vs. Magomed Ankalaev,Magomed Ankalaev,-132
2021-10-30,UFC 267: Blachowicz vs. Teixeira,Islam Makhachev vs. Dan Hooker,Islam Makhachev,-254
2021-10-30,UFC 267: Blachowicz vs. Teixeira,Islam Makhachev vs. Dan Hooker,Dan Hooker,254
2021-03-06,UFC 259: Blachowicz vs. Adesanya,Islam Makhachev vs. Drew Dober,Islam Makhachev,-227
2021-03-06,UFC 259: Blachowicz vs. Adesanya,Islam Makhachev vs. Drew Dober,Drew Dober,227
2022-02-26,UFC Fight Night: Makhachev vs. Green,Islam Makhachev vs. King Green,Islam Makhachev,-231
2022-02-26,UFC Fight Night: Makhachev vs. Green,Islam Makhachev vs. King Green,King Green,231
2021-07-17,UFC Fight Night: Makhachev vs. Moises,Islam Makhachev vs. Thiago Moises,Islam Makhachev,-311
2021-07-17,UFC Fight Night: Makhachev vs. Moises,Islam Makhachev vs. Thiago Moises,Thiago Moises,311
2022-07-02,UFC 276: Adesanya vs. Cannonier,Israel Adesanya vs. Jared Cannonier,Israel Adesanya,-372
2022-07-02,UFC 276: Adesanya vs. Cannonier,Israel Adesanya vs. Jared Cannonier,Jared Cannonier,372
2021-06-12,UFC 263: Adesanya vs. Vettori 2,Israel Adesanya vs. Marvin Vettori,Israel Adesanya,-124
2021-06-12,UFC 263: Adesanya vs. Vettori 2,Israel Adesanya vs. Marvin Vettori,Marvin Vettori,124
2020-09-26,UFC 253: Adesanya vs. Costa,Israel Adesanya vs. Paulo Costa,Israel Adesanya,-357
2020-09-26,UFC 253: Adesanya vs. Costa,Israel Adesanya vs. Paulo Costa,Paulo Costa,357
2022-02-12,UFC 271: Adesanya vs. Whittaker 2,Israel Adesanya vs. Robert Whittaker,Israel Adesanya,-109
2022-02-12,UFC 271: Adesanya vs. Whittaker 2,Israel Adesanya vs. Robert Whittaker,Robert Whittaker,109
2020-03-07,UFC 248: Adesanya vs. Romero,Israel Adesanya vs. Yoel Romero,Israel Adesanya,-263
2020-03-07,UFC 248: Adesanya vs. Romero,Israel Adesanya vs. Yoel Romero,Yoel Romero,263
2022-06-25,UFC Fight Night: Tsarukyan vs. Gamrot,JP Buys vs. Cody Durden,JP Buys,-105
2022-06-25,UFC Fight Night: Tsarukyan vs. Gamrot,JP Buys vs. Cody Durden,Cody Durden,105
2021-05-15,UFC 262: Oliveira vs. Chandler,Jacare Souza vs. Andre Muniz,Jacare Souza,-149
2021-05-15,UFC 262: Oliveira vs. Chandler,Jacare Souza vs. Andre Muniz,Andre Muniz,149
2022-06-11,UFC 275: Teixeira vs. Prochazka,Jack Della Maddalena vs. Ramazan Emeev,Jack Della Maddalena,-104
2022-06-11,UFC 275: Teixeira vs. Prochazka,Jack Della Maddalena vs. Ramazan Emeev,Ramazan Emeev,104
2021-05-22,UFC Fight Night: Font vs. Garbrandt,Jack Hermansson vs. Edmen Shahbazyan,Jack Hermansson,115
2021-05-22,UFC Fight Night: Font vs. Garbrandt,Jack Hermansson vs. Edmen Shahbazyan,Edmen Shahbazyan,-115
2020-07-18,UFC Fight Night: Figueiredo vs. Benavidez 2,Jack Hermansson vs. Kelvin Gastelum,Jack Hermansson,137
2020-07-18,UFC Fight Night: Figueiredo vs. Benavidez 2,Jack Hermansson vs. Kelvin Gastelum,Kelvin Gastelum,-137
2020-12-05,UFC Fight Night: Hermansson vs. Vettori,Jack Hermansson vs. Marvin Vettori,Jack Hermansson,-110
2020-12-05,UFC Fight Night: Hermansson vs. Vettori,Jack Hermansson vs. Marvin Vettori,Marvin Vettori,110
2022-02-05,UFC Fight Night: Hermansson vs. Strickland,Jack Hermansson vs. Sean Strickland,Jack Hermansson,109
2022-02-05,UFC Fight Night: Hermansson vs. Strickland,Jack Hermansson vs. Sean Strickland,Sean Strickland,-109
2020-07-15,UFC Fight Night: Kattar vs. Ige,Jack Shore vs. Aaron Phillips,Jack Shore,-465
2020-07-15,UFC Fight Night: Kattar vs. Ige,Jack Shore vs. Aaron Phillips,Aaron Phillips,465
2022-03-19,UFC Fight Night: Volkov vs. Aspinall,Jack Shore vs. Timur Valiev,Jack Shore,-241
2022-03-19,UFC Fight Night: Volkov vs. Aspinall,Jack Shore vs. Timur Valiev,Timur Valiev,241
2021-01-16,UFC Fight Night: Holloway vs. Kattar,Jacob Kilburn vs. Austin Lingo,Jacob Kilburn,182
2021-01-16,UFC Fight Night: Holloway vs. Kattar,Jacob Kilburn vs. Austin Lingo,Austin Lingo,-182
2022-03-19,UFC Fight Night: Volkov vs. Aspinall,Jai Herbert vs. Ilia Topuria,Jai Herbert,271
2022-03-19,UFC Fight Night: Volkov vs. Aspinall,Jai Herbert vs. Ilia Topuria,Ilia Topuria,-271
2022-05-21,UFC Fight Night: Holm vs. Vieira,Jailton Almeida vs. Parker Porter,Jailton Almeida,-238
2022-05-21,UFC Fight Night: Holm vs. Vieira,Jailton Almeida vs. Parker Porter,Parker Porter,238
2021-06-05,UFC Fight Night: Rozenstruik vs. Sakai,Jairzinho Rozenstruik vs. Augusto Sakai,Jairzinho Rozenstruik,106
2021-06-05,UFC Fight Night: Rozenstruik vs. Sakai,Jairzinho Rozenstruik vs. Augusto Sakai,Augusto Sakai,-106
2021-02-27,UFC Fight Night: Rozenstruik vs. Gane,Jairzinho Rozenstruik vs. Ciryl Gane,Jairzinho Rozenstruik,182
2021-02-27,UFC Fight Night: Rozenstruik vs. Gane,Jairzinho Rozenstruik vs. Ciryl Gane,Ciryl Gane,-182
2022-01-15,UFC Fight Night: Kattar vs. Chikadze,Jake Collier vs. Chase Sherman,Jake Collier,-195
2022-01-15,UFC Fight Night: Kattar vs. Chikadze,Jake Collier vs. Chase Sherman,Chase Sherman,195
2020-02-22,UFC Fight Night: Felder vs. Hooker,Jake Matthews vs. Emil Meek,Jake Matthews,-419
2020-02-22,UFC Fight Night: Felder vs. Hooker,Jake Matthews vs. Emil Meek,Emil Meek,419
2022-03-05,UFC 272: Covington vs. Masvidal,Jalin Turner vs. Jamie Mullarkey,Jalin Turner,-122
2022-03-05,UFC 272: Covington vs. Masvidal,Jalin Turner vs. Jamie Mullarkey,Jamie Mullarkey,122
2021-08-28,UFC Fight Night: Barboza vs. Chikadze,Jamall Emmers vs. Pat Sabatini,Jamall Emmers,-115
2021-08-28,UFC Fight Night: Barboza vs. Chikadze,Jamall Emmers vs. Pat Sabatini,Pat Sabatini,115
2020-10-17,UFC Fight Night: Ortega vs. The Korean Zombie,Jamie Mullarkey vs. Fares Ziam,Jamie Mullarkey,125
2020-10-17,UFC Fight Night: Ortega vs. The Korean Zombie,Jamie Mullarkey vs. Fares Ziam,Fares Ziam,-125
2021-03-27,UFC 260: Miocic vs. Ngannou,Jamie Mullarkey vs. Khama Worthy,Jamie Mullarkey,-118
2021-03-27,UFC 260: Miocic vs. Ngannou,Jamie Mullarkey vs. Khama Worthy,Khama Worthy,118
2021-10-23,UFC Fight Night: Costa vs. Vettori,Jamie Pickett vs. Laureano Staropoli,Jamie Pickett,154
2021-10-23,UFC Fight Night: Costa vs. Vettori,Jamie Pickett vs. Laureano Staropoli,Laureano Staropoli,-154
2022-05-14,UFC Fight Night: Blachowicz vs. Rakic,Jan Blachowicz vs. Aleksandar Rakic,Jan Blachowicz,-145
2022-05-14,UFC Fight Night: Blachowicz vs. Rakic,Jan Blachowicz vs. Aleksandar Rakic,Aleksandar Rakic,145
2021-10-30,UFC 267: Blachowicz vs. Teixeira,Jan Blachowicz vs. Glover Teixeira,Jan Blachowicz,-257
2021-10-30,UFC 267: Blachowicz vs. Teixeira,Jan Blachowicz vs. Glover Teixeira,Glover Teixeira,257
2021-03-06,UFC 259: Blachowicz vs. Adesanya,Jan Blachowicz vs. Israel Adesanya,Jan Blachowicz,183
2021-03-06,UFC 259: Blachowicz vs. Adesanya,Jan Blachowicz vs. Israel Adesanya,Israel Adesanya,-183
2022-02-12,UFC 271: Adesanya vs. Whittaker 2,Jared Cannonier vs. Derek Brunson,Jared Cannonier,251
2022-02-12,UFC 271: Adesanya vs. Whittaker 2,Jared Cannonier vs. Derek Brunson,Derek Brunson,-251
2021-08-21,UFC Fight Night: Cannonier vs. Gastelum,Jared Cannonier vs. Kelvin Gastelum,Jared Cannonier,203
2021-08-21,UFC Fight Night: Cannonier vs. Gastelum,Jared Cannonier vs. Kelvin Gastelum,Kelvin Gastelum,-203
2021-03-27,UFC 260: Miocic vs. Ngannou,Jared Gooden vs. Abubakar Nurmagomedov,Jared Gooden,191
2021-03-27,UFC 260: Miocic vs. Ngannou,Jared Gooden vs. Abubakar Nurmagomedov,Abubakar Nurmagomedov,-191
2020-07-15,UFC Fight Night: Kattar vs. Ige,Jared Gordon vs. Chris Fishgold,Jared Gordon,-131
2020-07-15,UFC Fight Night: Kattar vs. Ige,Jared Gordon vs. Chris Fishgold,Chris Fishgold,131
2021-02-20,UFC Fight Night: Blaydes vs. Lewis,Jared Gordon vs. Danny Chavez,Jared Gordon,-116
2021-02-20,UFC Fight Night: Blaydes vs. Lewis,Jared Gordon vs. Danny Chavez,Danny Chavez,116
2022-04-30,UFC Fight Night: Font vs. Vera,Jared Gordon vs. Grant Dawson,Jared Gordon,113
2022-04-30,UFC Fight Night: Font vs. Vera,Jared Gordon vs. Grant Dawson,Grant Dawson,-113
2022-06-04,UFC Fight Night: Volkov vs. Rozenstruik,Jeff Molina vs. Zhalgas Zhumagulov,Jeff Molina,-227
2022-06-04,UFC Fight Night: Volkov vs. Rozenstruik,Jeff Molina vs. Zhalgas Zhumagulov,Zhalgas Zhumagulov,227
2020-05-09,UFC 249: Ferguson vs. Gaethje,Jeremy Stephens vs. Calvin Kattar,Jeremy Stephens,-105
2020-05-09,UFC 249: Ferguson vs. Gaethje,Jeremy Stephens vs. Calvin Kattar,Calvin Kattar,105
2021-07-17,UFC Fight Night: Makhachev vs. Moises,Jeremy Stephens vs. Mateusz Gamrot,Jeremy Stephens,178
2021-07-17,UFC Fight Night: Makhachev vs. Moises,Jeremy Stephens vs. Mateusz Gamrot,Mateusz Gamrot,-178
2022-07-02,UFC 276: Adesanya vs. Cannonier,Jim Miller vs. Donald Cerrone,Jim Miller,-161
2022-07-02,UFC 276: Adesanya vs. Cannonier,Jim Miller vs. Donald Cerrone,Donald Cerrone,161
2021-04-10,UFC Fight Night: Vettori vs. Holland,Jim Miller vs. Joe Solecki,Jim Miller,206
2021-04-10,UFC Fight Night: Vettori vs. Holland,Jim Miller vs. Joe Solecki,Joe Solecki,-206
2020-06-20,UFC Fight Night: Blaydes vs. Volkov,Jim Miller vs. Roosevelt Roberts,Jim Miller,227
2020-06-20,UFC Fight Night: Blaydes vs. Volkov,Jim Miller vs. Roosevelt Roberts,Roosevelt Roberts,-227
2020-08-15,UFC 252: Miocic vs. Cormier 3,Jim Miller vs. Vinc Pichel,Jim Miller,-105
2020-08-15,UFC 252: Miocic vs. Cormier 3,Jim Miller vs. Vinc Pichel,Vinc Pichel,105
2020-07-15,UFC Fight Night: Kattar vs. Ige,Jimmie Rivera vs. Cody Stamann,Jimmie Rivera,143
2020-07-15,UFC Fight Night: Kattar vs. Ige,Jimmie Rivera vs. Cody Stamann,Cody Stamann,-143
2021-12-04,UFC Fight Night: Font vs. Aldo,Jimmy Crute vs. Jamahal Hill,Jimmy Crute,-143
2021-12-04,UFC Fight Night: Font vs. Aldo,Jimmy Crute vs. Jamahal Hill,Jamahal Hill,143
2020-02-22,UFC Fight Night: Felder vs. Hooker,Jimmy Crute vs. Michal Oleksiejczuk,Jimmy Crute,-113
2020-02-22,UFC Fight Night: Felder vs. Hooker,Jimmy Crute vs. Michal Oleksiejczuk,Michal Oleksiejczuk,113
2020-10-17,UFC Fight Night: Ortega vs. The Korean Zombie,Jimmy Crute vs. Modestas Bukauskas,Jimmy Crute,-187
2020-10-17,UFC Fight Night: Ortega vs. The Korean Zombie,Jimmy Crute vs. Modestas Bukauskas,Modestas Bukauskas,187
2021-06-19,UFC Fight Night: Jung vs. Ige,Joaquim Silva vs. Ricky Glenn,Joaquim Silva,151
2021-06-19,UFC Fight Night: Jung vs. Ige,Joaquim Silva vs. Ricky Glenn,Ricky Glenn,-151
2022-02-19,UFC Fight Night: Walker vs. Hill,Joaquin Buckley vs. Abdul Razak Alhassan,Joaquin Buckley,-173
2022-02-19,UFC Fight Night: Walker vs. Hill,Joaquin Buckley vs. Abdul Razak Alhassan,Abdul Razak Alhassan,173
2022-06-18,UFC Fight Night: Kattar vs. Emmett,Joaquin Buckley vs. Albert Duraev,Joaquin Buckley,-153
2022-06-18,UFC Fight Night: Kattar vs. Emmett,Joaquin Buckley vs. Albert Duraev,Albert Duraev,153
2021-01-16,UFC Fight Night: Holloway vs. Kattar,Joaquin Buckley vs. Alessio Di Chirico,Joaquin Buckley,-126
2021-01-16,UFC Fight Night: Holloway vs. Kattar,Joaquin Buckley vs. Alessio Di Chirico,Alessio Di Chirico,126
2021-09-18,UFC Fight Night: Smith vs. Spann,Joaquin Buckley vs. Antonio Arroyo,Joaquin Buckley,-101
2021-09-18,UFC Fight Night: Smith vs. Spann,Joaquin Buckley vs. Antonio Arroyo,Antonio Arroyo,101
2020-11-21,UFC 255: Figueiredo vs. Perez,Joaquin Buckley vs. Jordan Wright,Joaquin Buckley,-153
2020-11-21,UFC 255: Figueiredo vs. Perez,Joaquin Buckley vs. Jordan Wright,Jordan Wright,153
2020-07-18,UFC Fight Night: Figueiredo vs. Benavidez 2,Joe Duffy vs. Joel Alvarez,Joe Duffy,117
2020-07-18,UFC Fight Night: Figueiredo vs. Benavidez 2,Joe Duffy vs. Joel Alvarez,Joel Alvarez,-117
2022-06-04,UFC Fight Night: Volkov vs. Rozenstruik,Joe Solecki vs. Alex Da Silva,Joe Solecki,-190
2022-06-04,UFC Fight Night: Volkov vs. Rozenstruik,Joe Solecki vs. Alex Da Silva,Alex Da Silva,190
2021-10-02,UFC Fight Night: Santos vs. Walker,Joe Solecki vs. Jared Gordon,Joe Solecki,-139
2021-10-02,UFC Fight Night: Santos vs. Walker,Joe Solecki vs. Jared Gordon,Jared Gordon,139
2020-10-24,UFC 254: Khabib vs. Gaethje,Joel Alvarez vs. Alexander Yakovlev,Joel Alvarez,-184
2020-10-24,UFC 254: Khabib vs. Gaethje,Joel Alvarez vs. Alexander Yakovlev,Alexander Yakovlev,184
2020-08-15,UFC 252: Miocic vs. Cormier 3,John Dodson vs. Merab Dvalishvili,John Dodson,258
2020-08-15,UFC 252: Miocic vs. Cormier 3,John Dodson vs. Merab Dvalishvili,Merab Dvalishvili,-258
2021-08-07,UFC 265: Lewis vs. Gane,Johnny Munoz vs. Jamey Simmons,Johnny Munoz,-143
2021-08-07,UFC 265: Lewis vs. Gane,Johnny Munoz vs. Jamey Simmons,Jamey Simmons,143
2022-06-04,UFC Fight Night: Volkov vs. Rozenstruik,Johnny Munoz vs. Tony Gravely,Johnny Munoz,-110
2022-06-04,UFC Fight Night: Volkov vs. Rozenstruik,Johnny Munoz vs. Tony Gravely,Tony Gravely,110
2022-02-19,UFC Fight Night: Walker vs. Hill,Johnny Walker vs. Jamahal Hill,Johnny Walker,-176
2022-02-19,UFC Fight Night: Walker vs. Hill,Johnny Walker vs. Jamahal Hill,Jamahal Hill,176
2020-03-14,UFC Fight Night: Lee vs. Oliveira,Johnny Walker vs. Nikita Krylov,Johnny Walker,147
2020-03-14,UFC Fight Night: Lee vs. Oliveira,Johnny Walker vs. Nikita Krylov,Nikita Krylov,-147
2020-09-19,UFC Fight Night: Covington vs. Woodley,Johnny Walker vs. Ryan Spann,Johnny Walker,-106
2020-09-19,UFC Fight Night: Covington vs. Woodley,Johnny Walker vs. Ryan Spann,Ryan Spann,106
2021-03-13,UFC Fight Night: Edwards vs. Muhammad,Jonathan Martinez vs. Davey Grant,Jonathan Martinez,-190
2021-03-13,UFC Fight Night: Edwards vs. Muhammad,Jonathan Martinez vs. Davey Grant,Davey Grant,190
2022-05-21,UFC Fight Night: Holm vs. Vieira,Jonathan Martinez vs. Vince Morales,Jonathan Martinez,-166
2022-05-21,UFC Fight Night: Holm vs. Vieira,Jonathan Martinez vs. Vince Morales,Vince Morales,166
2020-11-28,UFC Fight Night: Smith vs. Clark,Jonathan Pearce vs. Kai Kamaka,Jonathan Pearce,384
2020-11-28,UFC Fight Night: Smith vs. Clark,Jonathan Pearce vs. Kai Kamaka,Kai Kamaka,-384
2021-09-25,UFC 266: Volkanovski vs. Ortega,Jonathan Pearce vs. Omar Morales,Jonathan Pearce,106
2021-09-25,UFC 266: Volkanovski vs. Ortega,Jonathan Pearce vs. Omar Morales,Omar Morales,-106
2020-09-19,UFC Fight Night: Covington vs. Woodley,Jordan Espinosa vs. David Dvorak,Jordan Espinosa,-152
2020-09-19,UFC Fight Night: Covington vs. Woodley,Jordan Espinosa vs. David Dvorak,David Dvorak,152
2020-06-13,UFC Fight Night: Eye vs. Calvillo,Jordan Espinosa vs. Mark De La Rosa,Jordan Espinosa,-129
2020-06-13,UFC Fight Night: Eye vs. Calvillo,Jordan Espinosa vs. Mark De La Rosa,Mark De La Rosa,129
2020-06-27,UFC Fight Night: Poirier vs. Hooker,Jordan Griffin vs. Youssef Zalal,Jordan Griffin,281
2020-06-27,UFC Fight Night: Poirier vs. Hooker,Jordan Griffin vs. Youssef Zalal,Youssef Zalal,-281
2021-12-18,UFC Fight Night: Lewis vs. Daukaus,Jordan Leavitt vs. Matt Sayles,Jordan Leavitt,-131
2021-12-18,UFC Fight Night: Lewis vs. Daukaus,Jordan Leavitt vs. Matt Sayles,Matt Sayles,131
2021-12-11,UFC 269: Oliveira vs. Poirier,Jordan Wright vs. Bruno Silva,Jordan Wright,110
2021-12-11,UFC 269: Oliveira vs. Poirier,Jordan Wright vs. Bruno Silva,Bruno Silva,-110
2021-05-15,UFC 262: Oliveira vs. Chandler,Jordan Wright vs. Jamie Pickett,Jordan Wright,-127
2021-05-15,UFC 262: Oliveira vs. Chandler,Jordan Wright vs. Jamie Pickett,Jamie Pickett,127
2022-04-23,UFC Fight Night: Lemos vs. Andrade,Jordan Wright vs. Marc-Andre Barriault,Jordan Wright,-165
2022-04-23,UFC Fight Night: Lemos vs. Andrade,Jordan Wright vs. Marc-Andre Barriault,Marc-Andre Barriault,165
2020-12-19,UFC Fight Night: Thompson vs. Neal,Jose Aldo vs. Marlon Vera,Jose Aldo,-112
2020-12-19,UFC Fight Night: Thompson vs. Neal,Jose Aldo vs. Marlon Vera,Marlon Vera,112
2021-08-07,UFC 265: Lewis vs. Gane,Jose Aldo vs. Pedro Munhoz,Jose Aldo,123
2021-08-07,UFC 265: Lewis vs. Gane,Jose Aldo vs. Pedro Munhoz,Pedro Munhoz,-123
2021-03-06,UFC 259: Blachowicz vs. Adesanya,Joseph Benavidez vs. Askar Askarov,Joseph Benavidez,-113
2021-03-06,UFC 259: Blachowicz vs. Adesanya,Joseph Benavidez vs. Askar Askarov,Askar Askarov,113
2020-02-29,UFC Fight Night: Benavidez vs. Figueiredo,Joseph Benavidez vs. Deiveson Figueiredo,Joseph Benavidez,-110
2020-02-29,UFC Fight Night: Benavidez vs. Figueiredo,Joseph Benavidez vs. Deiveson Figueiredo,Deiveson Figueiredo,110
2022-05-21,UFC Fight Night: Holm vs. Vieira,Joseph Holmes vs. Alen Amedovski,Joseph Holmes,-307
2022-05-21,UFC Fight Night: Holm vs. Vieira,Joseph Holmes vs. Alen Amedovski,Alen Amedovski,307
2021-12-11,UFC 269: Oliveira vs. Poirier,Josh Emmett vs. Dan Ige,Josh Emmett,168
2021-12-11,UFC 269: Oliveira vs. Poirier,Josh Emmett vs. Dan Ige,Dan Ige,-168
2020-06-20,UFC Fight Night: Blaydes vs. Volkov,Josh Emmett vs. Shane Burgos,Josh Emmett,122
2020-06-20,UFC Fight Night: Blaydes vs. Volkov,Josh Emmett vs. Shane Burgos,Shane Burgos,-122
2022-06-25,UFC Fight Night: Tsarukyan vs. Gamrot,Josh Parisian vs. Alan Baudot,Josh Parisian,110
2022-06-25,UFC Fight Night: Tsarukyan vs. Gamrot,Josh Parisian vs. Alan Baudot,Alan Baudot,-110
2021-06-19,UFC Fight Night: Jung vs. Ige,Josh Parisian vs. Roque Martinez,Josh Parisian,-111
2021-06-19,UFC Fight Night: Jung vs. Ige,Josh Parisian vs. Roque Martinez,Roque Martinez,111
2020-09-26,UFC 253: Adesanya vs. Costa,Juan Espino vs. Jeff Hughes,Juan Espino,-156
2020-09-26,UFC 253: Adesanya vs. Costa,Juan Espino vs. Jeff Hughes,Jeff Hughes,156
2021-09-04,UFC Fight Night: Brunson vs. Till,Julian Erosa vs. Charles Jourdain,Julian Erosa,270
2021-09-04,UFC Fight Night: Brunson vs. Till,Julian Erosa vs. Charles Jourdain,Charles Jourdain,-270
2021-06-19,UFC Fight Night: Jung vs. Ige,Julian Erosa vs. SeungWoo Choi,Julian Erosa,141
2021-06-19,UFC Fight Night: Jung vs. Ige,Julian Erosa vs. SeungWoo Choi,SeungWoo Choi,-141
2022-02-05,UFC Fight Night: Hermansson vs. Strickland,Julian Erosa vs. Steven Peterson,Julian Erosa,118
2022-02-05,UFC Fight Night: Hermansson vs. Strickland,Julian Erosa vs. Steven Peterson,Steven Peterson,-118
2022-06-18,UFC Fight Night: Kattar vs. Emmett,Julian Marquez vs. Gregory Rodrigues,Julian Marquez,159
2022-06-18,UFC Fight Night: Kattar vs. Emmett,Julian Marquez vs. Gregory Rodrigues,Gregory Rodrigues,-159
2021-07-24,UFC Fight Night: Sandhagen vs. Dillashaw,Julio Arce vs. Andre Ewell,Julio Arce,-128
2021-07-24,UFC Fight Night: Sandhagen vs. Dillashaw,Julio Arce vs. Andre Ewell,Andre Ewell,128
2021-10-23,UFC Fight Night: Costa vs. Vettori,JunYong Park vs. Gregory Rodrigues,JunYong Park,-107
2021-10-23,UFC Fight Night: Costa vs. Vettori,JunYong Park vs. Gregory Rodrigues,Gregory Rodrigues,107
2020-10-17,UFC Fight Night: Ortega vs. The Korean Zombie,JunYong Park vs. John Phillips,JunYong Park,-263
2020-10-17,UFC Fight Night: Ortega vs. The Korean Zombie,JunYong Park vs. John Phillips,John Phillips,263
2021-05-08,UFC Fight Night: Rodriguez vs. Waterson,JunYong Park vs. Tafon Nchukwi,JunYong Park,-132
2021-05-08,UFC Fight Night: Rodriguez vs. Waterson,JunYong Park vs. Tafon Nchukwi,Tafon Nchukwi,132
2020-12-12,UFC 256: Figueiredo vs. Moreno,Junior Dos Santos vs. Ciryl Gane,Junior Dos Santos,142
2020-12-12,UFC 256: Figueiredo vs. Moreno,Junior Dos Santos vs. Ciryl Gane,Ciryl Gane,-142
2020-08-15,UFC 252: Miocic vs. Cormier 3,Junior Dos Santos vs. Jairzinho Rozenstruik,Junior Dos Santos,-182
2020-08-15,UFC 252: Miocic vs. Cormier 3,Junior Dos Santos vs. Jairzinho Rozenstruik,Jairzinho Rozenstruik,182
2020-06-06,UFC 250: Nunes vs. Spencer,Jussier Formiga vs. Alex Perez,Jussier Formiga,233
2020-06-06,UFC 250: Nunes vs. Spencer,Jussier Formiga vs. Alex Perez,Alex Perez,-233
2020-03-14,UFC Fight Night: Lee vs. Oliveira,Jussier Formiga vs. Brandon Moreno,Jussier Formiga,226
2020-03-14,UFC Fight Night: Lee vs. Oliveira,Jussier Formiga vs. Brandon Moreno,Brandon Moreno,-226
2021-11-06,UFC 268: Usman vs. Covington 2,Justin Gaethje vs. Michael Chandler,Justin Gaethje,-196
2021-11-06,UFC 268: Usman vs. Covington 2,Justin Gaethje vs. Michael Chandler,Michael Chandler,196
2021-12-18,UFC Fight Night: Lewis vs. Daukaus,Justin Tafa vs. Harry Hunsucker,Justin Tafa,-253
2021-12-18,UFC Fight Night: Lewis vs. Daukaus,Justin Tafa vs. Harry Hunsucker,Harry Hunsucker,253
2021-05-22,UFC Fight Night: Font vs. Garbrandt,Justin Tafa vs. Jared Vanderaa,Justin Tafa,-196
2021-05-22,UFC Fight Night: Font vs. Garbrandt,Justin Tafa vs. Jared Vanderaa,Jared Vanderaa,196
2021-05-01,UFC Fight Night: Reyes vs. Prochazka,Kai Kamaka vs. TJ Brown,Kai Kamaka,109
2021-05-01,UFC Fight Night: Reyes vs. Prochazka,Kai Kamaka vs. TJ Brown,TJ Brown,-109
2020-09-26,UFC 253: Adesanya vs. Costa,Kai Kara-France vs. Brandon Royval,Kai Kara-France,-166
2020-09-26,UFC 253: Adesanya vs. Costa,Kai Kara-France vs. Brandon Royval,Brandon Royval,166
2021-12-11,UFC 269: Oliveira vs. Poirier,Kai Kara-France vs. Cody Garbrandt,Kai Kara-France,-105
2021-12-11,UFC 269: Oliveira vs. Poirier,Kai Kara-France vs. Cody Garbrandt,Cody Garbrandt,105
2020-02-22,UFC Fight Night: Felder vs. Hooker,Kai Kara-France vs. Tyson Nam,Kai Kara-France,-219
2020-02-22,UFC Fight Night: Felder vs. Hooker,Kai Kara-France vs. Tyson Nam,Tyson Nam,219
2021-11-06,UFC 268: Usman vs. Covington 2,Kamaru Usman vs. Colby Covington,Kamaru Usman,-278
2021-11-06,UFC 268: Usman vs. Covington 2,Kamaru Usman vs. Colby Covington,Colby Covington,278
2021-02-13,UFC 258: Usman vs. Burns,Kamaru Usman vs. Gilbert Burns,Kamaru Usman,-379
2021-02-13,UFC 258: Usman vs. Burns,Kamaru Usman vs. Gilbert Burns,Gilbert Burns,379
2020-07-11,UFC 251: Usman vs. Masvidal,Kamaru Usman vs. Jorge Masvidal,Kamaru Usman,-211
2020-07-11,UFC 251: Usman vs. Masvidal,Kamaru Usman vs. Jorge Masvidal,Jorge Masvidal,235
2021-04-24,UFC 261: Usman vs. Masvidal 2,Kamaru Usman vs. Jorge Masvidal,Kamaru Usman,-299
2021-04-24,UFC 261: Usman vs. Masvidal 2,Kamaru Usman vs. Jorge Masvidal,Jorge Masvidal,338
2021-04-24,UFC 261: Usman vs. Masvidal 2,Karl Roberson vs. Brendan Allen,Karl Roberson,111
2021-04-24,UFC 261: Usman vs. Masvidal 2,Karl Roberson vs. Brendan Allen,Brendan Allen,-111
2020-06-13,UFC Fight Night: Eye vs. Calvillo,Karl Roberson vs. Marvin Vettori,Karl Roberson,119
2020-06-13,UFC Fight Night: Eye vs. Calvillo,Karl Roberson vs. Marvin Vettori,Marvin Vettori,-119
2021-02-13,UFC 258: Usman vs. Burns,Kelvin Gastelum vs. Ian Heinisch,Kelvin Gastelum,-171
2021-02-13,UFC 258: Usman vs. Burns,Kelvin Gastelum vs. Ian Heinisch,Ian Heinisch,171
2021-11-13,UFC Fight Night: Holloway vs. Rodriguez,Kennedy Nzechukwu vs. Da Woon Jung,Kennedy Nzechukwu,124
2021-11-13,UFC Fight Night: Holloway vs. Rodriguez,Kennedy Nzechukwu vs. Da Woon Jung,Da Woon Jung,-124
2021-06-26,UFC Fight Night: Gane vs. Volkov,Kennedy Nzechukwu vs. Danilo Marques,Kennedy Nzechukwu,126
2021-06-26,UFC Fight Night: Gane vs. Volkov,Kennedy Nzechukwu vs. Danilo Marques,Danilo Marques,-126
2020-02-22,UFC Fight Night: Felder vs. Hooker,Kevin Aguilar vs. Zubaira Tukhugov,Kevin Aguilar,111
2020-02-22,UFC Fight Night: Felder vs. Hooker,Kevin Aguilar vs. Zubaira Tukhugov,Zubaira Tukhugov,-111
2022-03-05,UFC 272: Covington vs. Masvidal,Kevin Holland vs. Alex Oliveira,Kevin Holland,-254
2022-03-05,UFC 272: Covington vs. Masvidal,Kevin Holland vs. Alex Oliveira,Alex Oliveira,254
2020-09-19,UFC Fight Night: Covington vs. Woodley,Kevin Holland vs. Darren Stewart,Kevin Holland,-153
2020-09-19,UFC Fight Night: Covington vs. Woodley,Kevin Holland vs. Darren Stewart,Darren Stewart,153
2020-12-12,UFC 256: Figueiredo vs. Moreno,Kevin Holland vs. Jacare Souza,Kevin Holland,-215
2020-12-12,UFC 256: Figueiredo vs. Moreno,Kevin Holland vs. Jacare Souza,Jacare Souza,215
2020-03-14,UFC Fight Night: Lee vs. Oliveira,Kevin Lee vs. Charles Oliveira,Kevin Lee,-122
2020-03-14,UFC Fight Night: Lee vs. Oliveira,Kevin Lee vs. Charles Oliveira,Charles Oliveira,122
2021-08-28,UFC Fight Night: Barboza vs. Chikadze,Kevin Lee vs. Daniel Rodriguez,Kevin Lee,-152
2021-08-28,UFC Fight Night: Barboza vs. Chikadze,Kevin Lee vs. Daniel Rodriguez,Daniel Rodriguez,152
2020-10-24,UFC 254: Khabib vs. Gaethje,Khabib Nurmagomedov vs. Justin Gaethje,Khabib Nurmagomedov,-470
2020-10-24,UFC 254: Khabib vs. Gaethje,Khabib Nurmagomedov vs. Justin Gaethje,Justin Gaethje,470
2021-07-17,UFC Fight Night: Makhachev vs. Moises,Khalid Taha vs. Sergey Morozov,Khalid Taha,-151
2021-07-17,UFC Fight Night: Makhachev vs. Moises,Khalid Taha vs. Sergey Morozov,Sergey Morozov,151
2022-03-12,UFC Fight Night: Santos vs. Ankalaev,Khalil Rountree Jr. vs. Karl Roberson,Khalil Rountree Jr.,125
2022-03-12,UFC Fight Night: Santos vs. Ankalaev,Khalil Rountree Jr. vs. Karl Roberson,Karl Roberson,-125
2021-01-23,UFC 257: Poirier vs. McGregor,Khalil Rountree Jr. vs. Marcin Prachnio,Khalil Rountree Jr.,-158
2021-01-23,UFC 257: Poirier vs. McGregor,Khalil Rountree Jr. vs. Marcin Prachnio,Marcin Prachnio,158
2021-10-23,UFC Fight Night: Costa vs. Vettori,Khama Worthy vs. Jai Herbert,Khama Worthy,-105
2021-10-23,UFC Fight Night: Costa vs. Vettori,Khama Worthy vs. Jai Herbert,Jai Herbert,105
2020-09-19,UFC Fight Night: Covington vs. Woodley,Khamzat Chimaev vs. Gerald Meerschaert,Khamzat Chimaev,-175
2020-09-19,UFC Fight Night: Covington vs. Woodley,Khamzat Chimaev vs. Gerald Meerschaert,Gerald Meerschaert,175
2021-06-19,UFC Fight Night: Jung vs. Ige,Khaos Williams vs. Matthew Semelsberger,Khaos Williams,-138
2021-06-19,UFC Fight Night: Jung vs. Ige,Khaos Williams vs. Matthew Semelsberger,Matthew Semelsberger,138
2020-09-12,UFC Fight Night: Waterson vs. Hill,King Green vs. Alan Patrick,King Green,-198
2020-09-12,UFC Fight Night: Waterson vs. Hill,King Green vs. Alan Patrick,Alan Patrick,198
2022-02-12,UFC 271: Adesanya vs. Whittaker 2,King Green vs. Nasrat Haqparast,King Green,-113
2022-02-12,UFC 271: Adesanya vs. Whittaker 2,King Green vs. Nasrat Haqparast,Nasrat Haqparast,113
2021-08-07,UFC 265: Lewis vs. Gane,King Green vs. Rafael Fiziev,King Green,-113
2021-08-07,UFC 265: Lewis vs. Gane,King Green vs. Rafael Fiziev,Rafael Fiziev,113
2020-10-31,UFC Fight Night: Hall vs. Silva,King Green vs. Thiago Moises,King Green,-126
2020-10-31,UFC Fight Night: Hall vs. Silva,King Green vs. Thiago Moises,Thiago Moises,126
2022-03-12,UFC Fight Night: Santos vs. Ankalaev,Kris Moutinho vs. Guido Cannetti,Kris Moutinho,101
2022-03-12,UFC Fight Night: Santos vs. Ankalaev,Kris Moutinho vs. Guido Cannetti,Guido Cannetti,-101
2022-04-30,UFC Fight Night: Font vs. Vera,Krzysztof Jotko vs. Gerald Meerschaert,Krzysztof Jotko,-172
2022-04-30,UFC Fight Night: Font vs. Vera,Krzysztof Jotko vs. Gerald Meerschaert,Gerald Meerschaert,172
2022-02-19,UFC Fight Night: Walker vs. Hill,Kyle Daukaus vs. Jamie Pickett,Kyle Daukaus,-144
2022-02-19,UFC Fight Night: Walker vs. Hill,Kyle Daukaus vs. Jamie Pickett,Jamie Pickett,144
2022-02-12,UFC 271: Adesanya vs. Whittaker 2,Kyler Phillips vs. Marcelo Rojo,Kyler Phillips,-309
2022-02-12,UFC 271: Adesanya vs. Whittaker 2,Kyler Phillips vs. Marcelo Rojo,Marcelo Rojo,309
2021-07-24,UFC Fight Night: Sandhagen vs. Dillashaw,Kyler Phillips vs. Raulian Paiva,Kyler Phillips,-200
2021-07-24,UFC Fight Night: Sandhagen vs. Dillashaw,Kyler Phillips vs. Raulian Paiva,Raulian Paiva,200
2022-06-11,UFC 275: Teixeira vs. Prochazka,Kyung Ho Kang vs. Batgerel Danaa,Kyung Ho Kang,113
2022-06-11,UFC 275: Teixeira vs. Prochazka,Kyung Ho Kang vs. Batgerel Danaa,Batgerel Danaa,-113
2022-04-23,UFC Fight Night: Lemos vs. Andrade,Lando Vannata vs. Charles Jourdain,Lando Vannata,-102
2022-04-23,UFC Fight Night: Lemos vs. Andrade,Lando Vannata vs. Charles Jourdain,Charles Jourdain,102
2020-08-01,UFC Fight Night: Brunson vs. Shahbazyan,Lando Vannata vs. King Green,Lando Vannata,106
2020-08-01,UFC Fight Night: Brunson vs. Shahbazyan,Lando Vannata vs. King Green,King Green,-106
2021-05-15,UFC 262: Oliveira vs. Chandler,Lando Vannata vs. Mike Grundy,Lando Vannata,-124
2021-05-15,UFC 262: Oliveira vs. Chandler,Lando Vannata vs. Mike Grundy,Mike Grundy,124
2021-06-12,UFC 263: Adesanya vs. Vettori 2,Leon Edwards vs. Nate Diaz,Leon Edwards,-162
2021-06-12,UFC 263: Adesanya vs. Vettori 2,Leon Edwards vs. Nate Diaz,Nate Diaz,162
2021-03-20,UFC Fight Night: Brunson vs. Holland,Leonardo Santos vs. Grant Dawson,Leonardo Santos,228
2021-03-20,UFC Fight Night: Brunson vs. Holland,Leonardo Santos vs. Grant Dawson,Grant Dawson,-228
2021-01-20,UFC Fight Night: Chiesa vs. Magny,Lerone Murphy vs. Douglas Silva de Andrade,Lerone Murphy,-253
2021-01-20,UFC Fight Night: Chiesa vs. Magny,Lerone Murphy vs. Douglas Silva de Andrade,Douglas Silva de Andrade,253
2021-10-30,UFC 267: Blachowicz vs. Teixeira,Li Jingliang vs. Khamzat Chimaev,Li Jingliang,140
2021-10-30,UFC 267: Blachowicz vs. Teixeira,Li Jingliang vs. Khamzat Chimaev,Khamzat Chimaev,-140
2020-05-30,UFC Fight Night: Woodley vs. Burns,Louis Smolka vs. Casey Kenney,Louis Smolka,134
2020-05-30,UFC Fight Night: Woodley vs. Burns,Louis Smolka vs. Casey Kenney,Casey Kenney,-134
2020-12-05,UFC Fight Night: Hermansson vs. Vettori,Louis Smolka vs. Jose Quinonez,Louis Smolka,177
2020-12-05,UFC Fight Night: Hermansson vs. Vettori,Louis Smolka vs. Jose Quinonez,Jose Quinonez,-177
2021-12-04,UFC Fight Night: Font vs. Aldo,Louis Smolka vs. Vince Morales,Louis Smolka,109
2021-12-04,UFC Fight Night: Font vs. Aldo,Louis Smolka vs. Vince Morales,Vince Morales,-109
2021-05-08,UFC Fight Night: Rodriguez vs. Waterson,Ludovit Klein vs. Michael Trizano,Ludovit Klein,-114
2021-05-08,UFC Fight Night: Rodriguez vs. Waterson,Ludovit Klein vs. Michael Trizano,Michael Trizano,114
2020-10-03,UFC Fight Night: Holm vs. Aldana,Luigi Vendramini vs. Jessin Ayari,Luigi Vendramini,-114
2020-10-03,UFC Fight Night: Holm vs. Aldana,Luigi Vendramini vs. Jessin Ayari,Jessin Ayari,114
2021-04-17,UFC Fight Night: Whittaker vs. Gastelum,Luis Pena vs. Alexander Munoz,Luis Pena,-238
2021-04-17,UFC Fight Night: Whittaker vs. Gastelum,Luis Pena vs. Alexander Munoz,Alexander Munoz,238
2020-06-27,UFC Fight Night: Poirier vs. Hooker,Luis Pena vs. Khama Worthy,Luis Pena,-269
2020-06-27,UFC Fight Night: Poirier vs. Hooker,Luis Pena vs. Khama Worthy,Khama Worthy,269
2022-03-26,UFC Fight Night: Blaydes vs. Daukaus,Luis Saldana vs. Bruno Souza,Luis Saldana,-133
2022-03-26,UFC Fight Night: Blaydes vs. Daukaus,Luis Saldana vs. Bruno Souza,Bruno Souza,133
2021-05-01,UFC Fight Night: Reyes vs. Prochazka,Luke Sanders vs. Felipe Colares,Luke Sanders,126
2021-05-01,UFC Fight Night: Reyes vs. Prochazka,Luke Sanders vs. Felipe Colares,Felipe Colares,-126
2020-11-28,UFC Fight Night: Smith vs. Clark,Luke Sanders vs. Nate Maness,Luke Sanders,108
2020-11-28,UFC Fight Night: Smith vs. Clark,Luke Sanders vs. Nate Maness,Nate Maness,-108
2020-10-24,UFC 254: Khabib vs. Gaethje,Magomed Ankalaev vs. Ion Cutelaba,Magomed Ankalaev,-177
2020-10-24,UFC 254: Khabib vs. Gaethje,Magomed Ankalaev vs. Ion Cutelaba,Ion Cutelaba,177
2021-10-30,UFC 267: Blachowicz vs. Teixeira,Magomed Ankalaev vs. Volkan Oezdemir,Magomed Ankalaev,-201
2021-10-30,UFC 267: Blachowicz vs. Teixeira,Magomed Ankalaev vs. Volkan Oezdemir,Volkan Oezdemir,201
2021-08-28,UFC Fight Night: Barboza vs. Chikadze,Makhmud Muradov vs. Gerald Meerschaert,Makhmud Muradov,-103
2021-08-28,UFC Fight Night: Barboza vs. Chikadze,Makhmud Muradov vs. Gerald Meerschaert,Gerald Meerschaert,103
2020-08-08,UFC Fight Night: Lewis vs. Oleinik,Maki Pitolo vs. Darren Stewart,Maki Pitolo,113
2020-08-08,UFC Fight Night: Lewis vs. Oleinik,Maki Pitolo vs. Darren Stewart,Darren Stewart,-113
2021-12-04,UFC Fight Night: Font vs. Aldo,Maki Pitolo vs. Dusko Todorovic,Maki Pitolo,104
2021-12-04,UFC Fight Night: Font vs. Aldo,Maki Pitolo vs. Dusko Todorovic,Dusko Todorovic,-104
2021-02-13,UFC 258: Usman vs. Burns,Maki Pitolo vs. Julian Marquez,Maki Pitolo,-148
2021-02-13,UFC 258: Usman vs. Burns,Maki Pitolo vs. Julian Marquez,Julian Marquez,148
2020-07-11,UFC 251: Usman vs. Masvidal,Makwan Amirkhani vs. Danny Henry,Makwan Amirkhani,-122
2020-07-11,UFC 251: Usman vs. Masvidal,Makwan Amirkhani vs. Danny Henry,Danny Henry,122
2021-10-30,UFC 267: Blachowicz vs. Teixeira,Makwan Amirkhani vs. Lerone Murphy,Makwan Amirkhani,248
2021-10-30,UFC 267: Blachowicz vs. Teixeira,Makwan Amirkhani vs. Lerone Murphy,Lerone Murphy,-248
2022-02-12,UFC 271: Adesanya vs. Whittaker 2,Mana Martinez vs. Ronnie Lawrence,Mana Martinez,218
2022-02-12,UFC 271: Adesanya vs. Whittaker 2,Mana Martinez vs. Ronnie Lawrence,Ronnie Lawrence,-218
2021-03-13,UFC Fight Night: Edwards vs. Muhammad,Manel Kape vs. Matheus Nicolau,Manel Kape,137
2021-03-13,UFC Fight Night: Edwards vs. Muhammad,Manel Kape vs. Matheus Nicolau,Matheus Nicolau,-137
2021-08-07,UFC 265: Lewis vs. Gane,Manel Kape vs. Ode Osbourne,Manel Kape,-105
2021-08-07,UFC 265: Lewis vs. Gane,Manel Kape vs. Ode Osbourne,Ode Osbourne,105
2021-12-04,UFC Fight Night: Font vs. Aldo,Manel Kape vs. Zhalgas Zhumagulov,Manel Kape,-145
2021-12-04,UFC Fight Night: Font vs. Aldo,Manel Kape vs. Zhalgas Zhumagulov,Zhalgas Zhumagulov,145
2021-11-13,UFC Fight Night: Holloway vs. Rodriguez,Marc Diakiese vs. Rafael Alves,Marc Diakiese,-148
2021-11-13,UFC Fight Night: Holloway vs. Rodriguez,Marc Diakiese vs. Rafael Alves,Rafael Alves,148
2020-07-18,UFC Fight Night: Figueiredo vs. Benavidez 2,Marc Diakiese vs. Rafael Fiziev,Marc Diakiese,-158
2020-07-18,UFC Fight Night: Figueiredo vs. Benavidez 2,Marc Diakiese vs. Rafael Fiziev,Rafael Fiziev,158
2022-03-26,UFC Fight Night: Blaydes vs. Daukaus,Marc Diakiese vs. Viacheslav Borshchev,Marc Diakiese,107
2022-03-26,UFC Fight Night: Blaydes vs. Daukaus,Marc Diakiese vs. Viacheslav Borshchev,Viacheslav Borshchev,-107
2021-03-27,UFC 260: Miocic vs. Ngannou,Marc-Andre Barriault vs. Abu Azaitar,Marc-Andre Barriault,110
2021-03-27,UFC 260: Miocic vs. Ngannou,Marc-Andre Barriault vs. Abu Azaitar,Abu Azaitar,-110
2021-06-26,UFC Fight Night: Gane vs. Volkov,Marcin Prachnio vs. Ike Villanueva,Marcin Prachnio,-154
2021-06-26,UFC Fight Night: Gane vs. Volkov,Marcin Prachnio vs. Ike Villanueva,Ike Villanueva,154
2020-08-22,UFC Fight Night: Munhoz vs. Edgar,Marcin Prachnio vs. Mike Rodriguez,Marcin Prachnio,110
2020-08-22,UFC Fight Night: Munhoz vs. Edgar,Marcin Prachnio vs. Mike Rodriguez,Mike Rodriguez,-110
2022-04-23,UFC Fight Night: Lemos vs. Andrade,Marcin Prachnio vs. Philipe Lins,Marcin Prachnio,-135
2022-04-23,UFC Fight Night: Lemos vs. Andrade,Marcin Prachnio vs. Philipe Lins,Philipe Lins,135
2020-12-19,UFC Fight Night: Thompson vs. Neal,Marcin Tybura vs. Greg Hardy,Marcin Tybura,-105
2020-12-19,UFC Fight Night: Thompson vs. Neal,Marcin Tybura vs. Greg Hardy,Greg Hardy,105
2020-02-29,UFC Fight Night: Benavidez vs. Figueiredo,Marcin Tybura vs. Serghei Spivac,Marcin Tybura,275
2020-02-29,UFC Fight Night: Benavidez vs. Figueiredo,Marcin Tybura vs. Serghei Spivac,Serghei Spivac,-275
2020-03-07,UFC 248: Adesanya vs. Romero,Mark Madsen vs. Austin Hubbard,Mark Madsen,-392
2020-03-07,UFC 248: Adesanya vs. Romero,Mark Madsen vs. Austin Hubbard,Austin Hubbard,392
2020-10-10,UFC Fight Night: Moraes vs. Sandhagen,Marlon Moraes vs. Cory Sandhagen,Marlon Moraes,134
2020-10-10,UFC Fight Night: Moraes vs. Sandhagen,Marlon Moraes vs. Cory Sandhagen,Cory Sandhagen,-134
2021-09-25,UFC 266: Volkanovski vs. Ortega,Marlon Moraes vs. Merab Dvalishvili,Marlon Moraes,300
2021-09-25,UFC 266: Volkanovski vs. Ortega,Marlon Moraes vs. Merab Dvalishvili,Merab Dvalishvili,-300
2020-12-19,UFC Fight Night: Thompson vs. Neal,Marlon Moraes vs. Rob Font,Marlon Moraes,102
2020-12-19,UFC Fight Night: Thompson vs. Neal,Marlon Moraes vs. Rob Font,Rob Font,-102
2022-03-12,UFC Fight Night: Santos vs. Ankalaev,Marlon Moraes vs. Song Yadong,Marlon Moraes,303
2022-03-12,UFC Fight Night: Santos vs. Ankalaev,Marlon Moraes vs. Song Yadong,Song Yadong,-303
2021-06-19,UFC Fight Night: Jung vs. Ige,Marlon Vera vs. Davey Grant,Marlon Vera,-164
2021-06-19,UFC Fight Night: Jung vs. Ige,Marlon Vera vs. Davey Grant,Davey Grant,164
2020-11-28,UFC Fight Night: Smith vs. Clark,Martin Day vs. Anderson Dos Santos,Martin Day,-144
2020-11-28,UFC Fight Night: Smith vs. Clark,Martin Day vs. Anderson Dos Santos,Anderson Dos Santos,144
2020-07-11,UFC 251: Usman vs. Masvidal,Martin Day vs. Davey Grant,Martin Day,-119
2020-07-11,UFC 251: Usman vs. Masvidal,Martin Day vs. Davey Grant,Davey Grant,119
2021-04-10,UFC Fight Night: Vettori vs. Holland,Marvin Vettori vs. Kevin Holland,Marvin Vettori,106
2021-04-10,UFC Fight Night: Vettori vs. Holland,Marvin Vettori vs. Kevin Holland,Kevin Holland,-106
2022-03-26,UFC Fight Night: Blaydes vs. Daukaus,Matheus Nicolau vs. David Dvorak,Matheus Nicolau,109
2022-03-26,UFC Fight Night: Blaydes vs. Daukaus,Matheus Nicolau vs. David Dvorak,David Dvorak,-109
2022-03-26,UFC Fight Night: Blaydes vs. Daukaus,Matt Brown vs. Bryan Barberena,Matt Brown,-138
2022-03-26,UFC Fight Night: Blaydes vs. Daukaus,Matt Brown vs. Bryan Barberena,Bryan Barberena,138
2021-06-19,UFC Fight Night: Jung vs. Ige,Matt Brown vs. Dhiego Lima,Matt Brown,-233
2021-06-19,UFC Fight Night: Jung vs. Ige,Matt Brown vs. Dhiego Lima,Dhiego Lima,233
2020-05-16,UFC Fight Night: Overeem vs. Harris,Matt Brown vs. Miguel Baeza,Matt Brown,107
2020-05-16,UFC Fight Night: Overeem vs. Harris,Matt Brown vs. Miguel Baeza,Miguel Baeza,-107
2021-01-20,UFC Fight Night: Chiesa vs. Magny,Matt Schnell vs. Tyson Nam,Matt Schnell,-130
2021-01-20,UFC Fight Night: Chiesa vs. Magny,Matt Schnell vs. Tyson Nam,Tyson Nam,130
2020-10-31,UFC Fight Night: Hall vs. Silva,Maurice Greene vs. Greg Hardy,Maurice Greene,132
2020-10-31,UFC Fight Night: Hall vs. Silva,Maurice Greene vs. Greg Hardy,Greg Hardy,-132
2021-05-08,UFC Fight Night: Rodriguez vs. Waterson,Maurice Greene vs. Marcos Rogerio de Lima,Maurice Greene,188
2021-05-08,UFC Fight Night: Rodriguez vs. Waterson,Maurice Greene vs. Marcos Rogerio de Lima,Marcos Rogerio de Lima,-188
2022-05-07,UFC 274: Oliveira vs. Gaethje,Mauricio Rua vs. Ovince Saint Preux,Mauricio Rua,-100
2022-05-07,UFC 274: Oliveira vs. Gaethje,Mauricio Rua vs. Ovince Saint Preux,Ovince Saint Preux,100
2020-11-21,UFC 255: Figueiredo vs. Perez,Mauricio Rua vs. Paul Craig,Mauricio Rua,130
2020-11-21,UFC 255: Figueiredo vs. Perez,Mauricio Rua vs. Paul Craig,Paul Craig,-130
2020-07-25,UFC Fight Night: Whittaker vs. Till,Mauricio Rua vs. Rogerio Nogueira,Mauricio Rua,-170
2020-07-25,UFC Fight Night: Whittaker vs. Till,Mauricio Rua vs. Rogerio Nogueira,Rogerio Nogueira,170
2021-01-16,UFC Fight Night: Holloway vs. Kattar,Max Holloway vs. Calvin Kattar,Max Holloway,-357
2021-01-16,UFC Fight Night: Holloway vs. Kattar,Max Holloway vs. Calvin Kattar,Calvin Kattar,357
2021-11-13,UFC Fight Night: Holloway vs. Rodriguez,Max Holloway vs. Yair Rodriguez,Max Holloway,-277
2021-11-13,UFC Fight Night: Holloway vs. Rodriguez,Max Holloway vs. Yair Rodriguez,Yair Rodriguez,277
2021-05-01,UFC Fight Night: Reyes vs. Prochazka,Merab Dvalishvili vs. Cody Stamann,Merab Dvalishvili,-165
2021-05-01,UFC Fight Night: Reyes vs. Prochazka,Merab Dvalishvili vs. Cody Stamann,Cody Stamann,165
2022-05-07,UFC 274: Oliveira vs. Gaethje,Michael Chandler vs. Tony Ferguson,Michael Chandler,354
2022-05-07,UFC 274: Oliveira vs. Gaethje,Michael Chandler vs. Tony Ferguson,Tony Ferguson,-354
2021-01-20,UFC Fight Night: Chiesa vs. Magny,Michael Chiesa vs. Neil Magny,Michael Chiesa,179
2021-01-20,UFC Fight Night: Chiesa vs. Magny,Michael Chiesa vs. Neil Magny,Neil Magny,-179
2021-11-20,UFC Fight Night: Vieira vs. Tate,Michael Chiesa vs. Sean Brady,Michael Chiesa,124
2021-11-20,UFC Fight Night: Vieira vs. Tate,Michael Chiesa vs. Sean Brady,Sean Brady,-124
2021-08-07,UFC 265: Lewis vs. Gane,Michael Chiesa vs. Vicente Luque,Michael Chiesa,127
2021-08-07,UFC 265: Lewis vs. Gane,Michael Chiesa vs. Vicente Luque,Vicente Luque,-127
2022-05-14,UFC Fight Night: Blachowicz vs. Rakic,Michael Johnson vs. Alan Patrick,Michael Johnson,-243
2022-05-14,UFC Fight Night: Blachowicz vs. Rakic,Michael Johnson vs. Alan Patrick,Alan Patrick,243
2021-02-06,UFC Fight Night: Overeem vs. Volkov,Michael Johnson vs. Clay Guida,Michael Johnson,-227
2021-02-06,UFC Fight Night: Overeem vs. Volkov,Michael Johnson vs. Clay Guida,Clay Guida,227
2020-05-13,UFC Fight Night: Smith vs. Teixeira,Michael Johnson vs. Thiago Moises,Michael Johnson,-122
2020-05-13,UFC Fight Night: Smith vs. Teixeira,Michael Johnson vs. Thiago Moises,Thiago Moises,122
2020-12-19,UFC Fight Night: Thompson vs. Neal,Michel Pereira vs. Khaos Williams,Michel Pereira,-116
2020-12-19,UFC Fight Night: Thompson vs. Neal,Michel Pereira vs. Khaos Williams,Khaos Williams,116
2020-09-05,UFC Fight Night: Overeem vs. Sakai,Michel Pereira vs. Zelim Imadaev,Michel Pereira,-125
2020-09-05,UFC Fight Night: Overeem vs. Sakai,Michel Pereira vs. Zelim Imadaev,Zelim Imadaev,125
2021-07-24,UFC Fight Night: Sandhagen vs. Dillashaw,Mickey Gall vs. Jordan Williams,Mickey Gall,-117
2021-07-24,UFC Fight Night: Sandhagen vs. Dillashaw,Mickey Gall vs. Jordan Williams,Jordan Williams,117
2022-04-16,UFC Fight Night: Luque vs. Muhammad,Miguel Baeza vs. Andre Fialho,Miguel Baeza,-178
2022-04-16,UFC Fight Night: Luque vs. Muhammad,Miguel Baeza vs. Andre Fialho,Andre Fialho,178
2021-11-13,UFC Fight Night: Holloway vs. Rodriguez,Miguel Baeza vs. Khaos Williams,Miguel Baeza,116
2021-11-13,UFC Fight Night: Holloway vs. Rodriguez,Miguel Baeza vs. Khaos Williams,Khaos Williams,-116
2020-11-28,UFC Fight Night: Smith vs. Clark,Miguel Baeza vs. Takashi Sato,Miguel Baeza,-242
2020-11-28,UFC Fight Night: Smith vs. Clark,Miguel Baeza vs. Takashi Sato,Takashi Sato,242
2022-03-19,UFC Fight Night: Volkov vs. Aspinall,Mike Grundy vs. Makwan Amirkhani,Mike Grundy,-129
2022-03-19,UFC Fight Night: Volkov vs. Aspinall,Mike Grundy vs. Makwan Amirkhani,Makwan Amirkhani,129
2021-04-10,UFC Fight Night: Vettori vs. Holland,Mike Perry vs. Daniel Rodriguez,Mike Perry,-128
2021-04-10,UFC Fight Night: Vettori vs. Holland,Mike Perry vs. Daniel Rodriguez,Daniel Rodriguez,128
2020-06-27,UFC Fight Night: Poirier vs. Hooker,Mike Perry vs. Mickey Gall,Mike Perry,-174
2020-06-27,UFC Fight Night: Poirier vs. Hooker,Mike Perry vs. Mickey Gall,Mickey Gall,174
2020-11-21,UFC 255: Figueiredo vs. Perez,Mike Perry vs. Tim Means,Mike Perry,-129
2020-11-21,UFC 255: Figueiredo vs. Perez,Mike Perry vs. Tim Means,Tim Means,129
2021-02-06,UFC Fight Night: Overeem vs. Volkov,Mike Rodriguez vs. Danilo Marques,Mike Rodriguez,117
2021-02-06,UFC Fight Night: Overeem vs. Volkov,Mike Rodriguez vs. Danilo Marques,Danilo Marques,-117
2021-09-18,UFC Fight Night: Smith vs. Spann,Mike Rodriguez vs. Tafon Nchukwi,Mike Rodriguez,159
2021-09-18,UFC Fight Night: Smith vs. Spann,Mike Rodriguez vs. Tafon Nchukwi,Tafon Nchukwi,-159
2021-08-07,UFC 265: Lewis vs. Gane,Miles Johns vs. Anderson Dos Santos,Miles Johns,-198
2021-08-07,UFC 265: Lewis vs. Gane,Miles Johns vs. Anderson Dos Santos,Anderson Dos Santos,198
2022-02-05,UFC Fight Night: Hermansson vs. Strickland,Miles Johns vs. John Castaneda,Miles Johns,-220
2022-02-05,UFC Fight Night: Hermansson vs. Strickland,Miles Johns vs. John Castaneda,John Castaneda,220
2020-09-19,UFC Fight Night: Covington vs. Woodley,Mirsad Bektic vs. Damon Jackson,Mirsad Bektic,-287
2020-09-19,UFC Fight Night: Covington vs. Woodley,Mirsad Bektic vs. Damon Jackson,Damon Jackson,287
2021-10-02,UFC Fight Night: Santos vs. Walker,Misha Cirkunov vs. Krzysztof Jotko,Misha Cirkunov,112
2021-10-02,UFC Fight Night: Santos vs. Walker,Misha Cirkunov vs. Krzysztof Jotko,Krzysztof Jotko,-112
2021-03-13,UFC Fight Night: Edwards vs. Muhammad,Misha Cirkunov vs. Ryan Spann,Misha Cirkunov,-129
2021-03-13,UFC Fight Night: Edwards vs. Muhammad,Misha Cirkunov vs. Ryan Spann,Ryan Spann,129
2022-02-26,UFC Fight Night: Makhachev vs. Green,Misha Cirkunov vs. Wellington Turman,Misha Cirkunov,-160
2022-02-26,UFC Fight Night: Makhachev vs. Green,Misha Cirkunov vs. Wellington Turman,Wellington Turman,160
2021-09-04,UFC Fight Night: Brunson vs. Till,Modestas Bukauskas vs. Khalil Rountree Jr.,Modestas Bukauskas,-156
2021-09-04,UFC Fight Night: Brunson vs. Till,Modestas Bukauskas vs. Khalil Rountree Jr.,Khalil Rountree Jr.,156
2021-03-27,UFC 260: Miocic vs. Ngannou,Modestas Bukauskas vs. Michal Oleksiejczuk,Modestas Bukauskas,202
2021-03-27,UFC 260: Miocic vs. Ngannou,Modestas Bukauskas vs. Michal Oleksiejczuk,Michal Oleksiejczuk,-202
2021-09-18,UFC Fight Night: Smith vs. Spann,Montel Jackson vs. JP Buys,Montel Jackson,-371
2021-09-18,UFC Fight Night: Smith vs. Spann,Montel Jackson vs. JP Buys,JP Buys,371
2021-06-12,UFC 263: Adesanya vs. Vettori 2,Movsar Evloev vs. Hakeem Dawodu,Movsar Evloev,101
2021-06-12,UFC 263: Adesanya vs. Vettori 2,Movsar Evloev vs. Hakeem Dawodu,Hakeem Dawodu,-101
2020-07-25,UFC Fight Night: Whittaker vs. Till,Movsar Evloev vs. Mike Grundy,Movsar Evloev,-154
2020-07-25,UFC Fight Night: Whittaker vs. Till,Movsar Evloev vs. Mike Grundy,Mike Grundy,154
2021-07-24,UFC Fight Night: Sandhagen vs. Dillashaw,Nassourdine Imavov vs. Ian Heinisch,Nassourdine Imavov,-150
2021-07-24,UFC Fight Night: Sandhagen vs. Dillashaw,Nassourdine Imavov vs. Ian Heinisch,Ian Heinisch,150
2022-04-30,UFC Fight Night: Font vs. Vera,Natan Levy vs. Mike Breeden,Natan Levy,-267
2022-04-30,UFC Fight Night: Font vs. Vera,Natan Levy vs. Mike Breeden,Mike Breeden,267
2021-02-20,UFC Fight Night: Blaydes vs. Lewis,Nate Landwehr vs. Julian Erosa,Nate Landwehr,-108
2021-02-20,UFC Fight Night: Blaydes vs. Lewis,Nate Landwehr vs. Julian Erosa,Julian Erosa,108
2021-10-16,UFC Fight Night: Ladd vs. Dumont,Nate Landwehr vs. Ludovit Klein,Nate Landwehr,246
2021-10-16,UFC Fight Night: Ladd vs. Dumont,Nate Landwehr vs. Ludovit Klein,Ludovit Klein,-246
2021-09-18,UFC Fight Night: Smith vs. Spann,Nate Maness vs. Tony Gravely,Nate Maness,170
2021-09-18,UFC Fight Night: Smith vs. Spann,Nate Maness vs. Tony Gravely,Tony Gravely,-170
2022-06-25,UFC Fight Night: Tsarukyan vs. Gamrot,Nate Maness vs. Umar Nurmagomedov,Nate Maness,536
2022-06-25,UFC Fight Night: Tsarukyan vs. Gamrot,Nate Maness vs. Umar Nurmagomedov,Umar Nurmagomedov,-536
2020-10-24,UFC 254: Khabib vs. Gaethje,Nathaniel Wood vs. Casey Kenney,Nathaniel Wood,108
2020-10-24,UFC 254: Khabib vs. Gaethje,Nathaniel Wood vs. Casey Kenney,Casey Kenney,-108
2020-06-06,UFC 250: Nunes vs. Spencer,Neil Magny vs. Anthony Rocco Martin,Neil Magny,101
2020-06-06,UFC 250: Nunes vs. Spencer,Neil Magny vs. Anthony Rocco Martin,Anthony Rocco Martin,-101
2021-05-08,UFC Fight Night: Rodriguez vs. Waterson,Neil Magny vs. Geoff Neal,Neil Magny,-130
2021-05-08,UFC Fight Night: Rodriguez vs. Waterson,Neil Magny vs. Geoff Neal,Geoff Neal,130
2020-03-07,UFC 248: Adesanya vs. Romero,Neil Magny vs. Li Jingliang,Neil Magny,113
2020-03-07,UFC 248: Adesanya vs. Romero,Neil Magny vs. Li Jingliang,Li Jingliang,-113
2022-03-26,UFC Fight Night: Blaydes vs. Daukaus,Neil Magny vs. Max Griffin,Neil Magny,-195
2022-03-26,UFC Fight Night: Blaydes vs. Daukaus,Neil Magny vs. Max Griffin,Max Griffin,195
2022-06-25,UFC Fight Night: Tsarukyan vs. Gamrot,Neil Magny vs. Shavkat Rakhmonov,Neil Magny,113
2022-06-25,UFC Fight Night: Tsarukyan vs. Gamrot,Neil Magny vs. Shavkat Rakhmonov,Shavkat Rakhmonov,-113
2021-09-25,UFC 266: Volkanovski vs. Ortega,Nick Diaz vs. Robbie Lawler,Nick Diaz,-142
2021-09-25,UFC 266: Volkanovski vs. Ortega,Nick Diaz vs. Robbie Lawler,Robbie Lawler,142
2022-05-14,UFC Fight Night: Blachowicz vs. Rakic,Nick Maximov vs. Andre Petroski,Nick Maximov,101
2022-05-14,UFC Fight Night: Blachowicz vs. Rakic,Nick Maximov vs. Andre Petroski,Andre Petroski,-101
2021-10-23,UFC Fight Night: Costa vs. Vettori,Nicolae Negumereanu vs. Ike Villanueva,Nicolae Negumereanu,-171
2021-10-23,UFC Fight Night: Costa vs. Vettori,Nicolae Negumereanu vs. Ike Villanueva,Ike Villanueva,171
2022-03-05,UFC 272: Covington vs. Masvidal,Nicolae Negumereanu vs. Kennedy Nzechukwu,Nicolae Negumereanu,133
2022-03-05,UFC 272: Covington vs. Masvidal,Nicolae Negumereanu vs. Kennedy Nzechukwu,Kennedy Nzechukwu,-133
2021-02-27,UFC Fight Night: Rozenstruik vs. Gane,Nikita Krylov vs. Magomed Ankalaev,Nikita Krylov,133
2021-02-27,UFC Fight Night: Rozenstruik vs. Gane,Nikita Krylov vs. Magomed Ankalaev,Magomed Ankalaev,-133
2022-03-19,UFC Fight Night: Volkov vs. Aspinall,Nikita Krylov vs. Paul Craig,Nikita Krylov,-189
2022-03-19,UFC Fight Night: Volkov vs. Aspinall,Nikita Krylov vs. Paul Craig,Paul Craig,189
2022-06-04,UFC Fight Night: Volkov vs. Rozenstruik,Niklas Stolze vs. Benoit Saint Denis,Niklas Stolze,105
2022-06-04,UFC Fight Night: Volkov vs. Rozenstruik,Niklas Stolze vs. Benoit Saint Denis,Benoit Saint Denis,-105
2021-07-31,UFC Fight Night: Hall vs. Strickland,Niklas Stolze vs. Jared Gooden,Niklas Stolze,-115
2021-07-31,UFC Fight Night: Hall vs. Strickland,Niklas Stolze vs. Jared Gooden,Jared Gooden,115
2021-07-10,UFC 264: Poirier vs. McGregor 3,Niko Price vs. Michel Pereira,Niko Price,183
2021-07-10,UFC 264: Poirier vs. McGregor 3,Niko Price vs. Michel Pereira,Michel Pereira,-183
2021-02-06,UFC Fight Night: Overeem vs. Volkov,Ode Osbourne vs. Jerome Rivera,Ode Osbourne,130
2021-02-06,UFC Fight Night: Overeem vs. Volkov,Ode Osbourne vs. Jerome Rivera,Jerome Rivera,-130
2022-06-04,UFC Fight Night: Volkov vs. Rozenstruik,Ode Osbourne vs. Zarrukh Adashev,Ode Osbourne,135
2022-06-04,UFC Fight Night: Volkov vs. Rozenstruik,Ode Osbourne vs. Zarrukh Adashev,Zarrukh Adashev,-135
2022-05-21,UFC Fight Night: Holm vs. Vieira,Omar Morales vs. Uros Medic,Omar Morales,-109
2022-05-21,UFC Fight Night: Holm vs. Vieira,Omar Morales vs. Uros Medic,Uros Medic,109
2021-07-10,UFC 264: Poirier vs. McGregor 3,Omari Akhmedov vs. Brad Tavares,Omari Akhmedov,-151
2021-07-10,UFC 264: Poirier vs. McGregor 3,Omari Akhmedov vs. Brad Tavares,Brad Tavares,151
2021-01-20,UFC Fight Night: Chiesa vs. Magny,Omari Akhmedov vs. Tom Breese,Omari Akhmedov,-121
2021-01-20,UFC Fight Night: Chiesa vs. Magny,Omari Akhmedov vs. Tom Breese,Tom Breese,121
2020-09-12,UFC Fight Night: Waterson vs. Hill,Ottman Azaitar vs. Khama Worthy,Ottman Azaitar,112
2020-09-12,UFC Fight Night: Waterson vs. Hill,Ottman Azaitar vs. Khama Worthy,Khama Worthy,-112
2020-09-05,UFC Fight Night: Overeem vs. Sakai,Ovince Saint Preux vs. Alonzo Menifield,Ovince Saint Preux,162
2020-09-05,UFC Fight Night: Overeem vs. Sakai,Ovince Saint Preux vs. Alonzo Menifield,Alonzo Menifield,-162
2020-12-05,UFC Fight Night: Hermansson vs. Vettori,Ovince Saint Preux vs. Jamahal Hill,Ovince Saint Preux,179
2020-12-05,UFC Fight Night: Hermansson vs. Vettori,Ovince Saint Preux vs. Jamahal Hill,Jamahal Hill,-179
2022-03-19,UFC Fight Night: Volkov vs. Aspinall,Paddy Pimblett vs. Kazula Vargas,Paddy Pimblett,-120
2022-03-19,UFC Fight Night: Volkov vs. Aspinall,Paddy Pimblett vs. Kazula Vargas,Kazula Vargas,120
2022-02-19,UFC Fight Night: Walker vs. Hill,Parker Porter vs. Alan Baudot,Parker Porter,-192
2022-02-19,UFC Fight Night: Walker vs. Hill,Parker Porter vs. Alan Baudot,Alan Baudot,192
2021-08-21,UFC Fight Night: Cannonier vs. Gastelum,Parker Porter vs. Chase Sherman,Parker Porter,-124
2021-08-21,UFC Fight Night: Cannonier vs. Gastelum,Parker Porter vs. Chase Sherman,Chase Sherman,124
2022-04-16,UFC Fight Night: Luque vs. Muhammad,Pat Sabatini vs. TJ Laramie,Pat Sabatini,-238
2022-04-16,UFC Fight Night: Luque vs. Muhammad,Pat Sabatini vs. TJ Laramie,TJ Laramie,238
2021-11-20,UFC Fight Night: Vieira vs. Tate,Pat Sabatini vs. Tucker Lutz,Pat Sabatini,115
2021-11-20,UFC Fight Night: Vieira vs. Tate,Pat Sabatini vs. Tucker Lutz,Tucker Lutz,-115
2020-07-25,UFC Fight Night: Whittaker vs. Till,Paul Craig vs. Gadzhimurad Antigulov,Paul Craig,-121
2020-07-25,UFC Fight Night: Whittaker vs. Till,Paul Craig vs. Gadzhimurad Antigulov,Gadzhimurad Antigulov,121
2021-06-12,UFC 263: Adesanya vs. Vettori 2,Paul Craig vs. Jamahal Hill,Paul Craig,116
2021-06-12,UFC 263: Adesanya vs. Vettori 2,Paul Craig vs. Jamahal Hill,Jamahal Hill,-116
2020-02-22,UFC Fight Night: Felder vs. Hooker,Paul Felder vs. Dan Hooker,Paul Felder,156
2020-02-22,UFC Fight Night: Felder vs. Hooker,Paul Felder vs. Dan Hooker,Dan Hooker,-156
2020-11-14,UFC Fight Night: Felder vs. Dos Anjos,Paul Felder vs. Rafael Dos Anjos,Paul Felder,278
2020-11-14,UFC Fight Night: Felder vs. Dos Anjos,Paul Felder vs. Rafael Dos Anjos,Rafael Dos Anjos,-278
2021-10-23,UFC Fight Night: Costa vs. Vettori,Paulo Costa vs. Marvin Vettori,Paulo Costa,297
2021-10-23,UFC Fight Night: Costa vs. Vettori,Paulo Costa vs. Marvin Vettori,Marvin Vettori,-297
2021-12-11,UFC 269: Oliveira vs. Poirier,Pedro Munhoz vs. Dominick Cruz,Pedro Munhoz,143
2021-12-11,UFC 269: Oliveira vs. Poirier,Pedro Munhoz vs. Dominick Cruz,Dominick Cruz,-143
2020-08-22,UFC Fight Night: Munhoz vs. Edgar,Pedro Munhoz vs. Frankie Edgar,Pedro Munhoz,233
2020-08-22,UFC Fight Night: Munhoz vs. Edgar,Pedro Munhoz vs. Frankie Edgar,Frankie Edgar,-233
2021-02-27,UFC Fight Night: Rozenstruik vs. Gane,Pedro Munhoz vs. Jimmie Rivera,Pedro Munhoz,128
2021-02-27,UFC Fight Night: Rozenstruik vs. Gane,Pedro Munhoz vs. Jimmie Rivera,Jimmie Rivera,-128
2021-10-30,UFC 267: Blachowicz vs. Teixeira,Petr Yan vs. Cory Sandhagen,Petr Yan,122
2021-10-30,UFC 267: Blachowicz vs. Teixeira,Petr Yan vs. Cory Sandhagen,Cory Sandhagen,-122
2020-07-11,UFC 251: Usman vs. Masvidal,Petr Yan vs. Jose Aldo,Petr Yan,-142
2020-07-11,UFC 251: Usman vs. Masvidal,Petr Yan vs. Jose Aldo,Jose Aldo,142
2022-06-18,UFC Fight Night: Kattar vs. Emmett,Phil Hawes vs. Deron Winn,Phil Hawes,-178
2022-06-18,UFC Fight Night: Kattar vs. Emmett,Phil Hawes vs. Deron Winn,Deron Winn,178
2021-05-08,UFC Fight Night: Rodriguez vs. Waterson,Phil Hawes vs. Kyle Daukaus,Phil Hawes,115
2021-05-08,UFC Fight Night: Rodriguez vs. Waterson,Phil Hawes vs. Kyle Daukaus,Kyle Daukaus,-115
2021-02-20,UFC Fight Night: Blaydes vs. Lewis,Phil Hawes vs. Nassourdine Imavov,Phil Hawes,-106
2021-02-20,UFC Fight Night: Blaydes vs. Lewis,Phil Hawes vs. Nassourdine Imavov,Nassourdine Imavov,106
2020-06-27,UFC Fight Night: Poirier vs. Hooker,Philipe Lins vs. Tanner Boser,Philipe Lins,155
2020-06-27,UFC Fight Night: Poirier vs. Hooker,Philipe Lins vs. Tanner Boser,Tanner Boser,-155
2021-07-24,UFC Fight Night: Sandhagen vs. Dillashaw,Punahele Soriano vs. Brendan Allen,Punahele Soriano,127
2021-07-24,UFC Fight Night: Sandhagen vs. Dillashaw,Punahele Soriano vs. Brendan Allen,Brendan Allen,-127
2021-01-16,UFC Fight Night: Holloway vs. Kattar,Punahele Soriano vs. Dusko Todorovic,Punahele Soriano,128
2021-01-16,UFC Fight Night: Holloway vs. Kattar,Punahele Soriano vs. Dusko Todorovic,Dusko Todorovic,-128
2022-02-05,UFC Fight Night: Hermansson vs. Strickland,Punahele Soriano vs. Nick Maximov,Punahele Soriano,130
2022-02-05,UFC Fight Night: Hermansson vs. Strickland,Punahele Soriano vs. Nick Maximov,Nick Maximov,-130
2022-04-16,UFC Fight Night: Luque vs. Muhammad,Rafa Garcia vs. Jesse Ronson,Rafa Garcia,-145
2022-04-16,UFC Fight Night: Luque vs. Muhammad,Rafa Garcia vs. Jesse Ronson,Jesse Ronson,145
2022-03-05,UFC 272: Covington vs. Masvidal,Rafael Dos Anjos vs. Renato Moicano,Rafael Dos Anjos,-193
2022-03-05,UFC 272: Covington vs. Masvidal,Rafael Dos Anjos vs. Renato Moicano,Renato Moicano,193
2022-02-26,UFC Fight Night: Makhachev vs. Green,Ramiz Brahimaj vs. Micheal Gillmore,Ramiz Brahimaj,-166
2022-02-26,UFC Fight Night: Makhachev vs. Green,Ramiz Brahimaj vs. Micheal Gillmore,Micheal Gillmore,166
2021-10-09,UFC Fight Night: Dern vs. Rodriguez,Randy Brown vs. Jared Gooden,Randy Brown,-163
2021-10-09,UFC Fight Night: Dern vs. Rodriguez,Randy Brown vs. Jared Gooden,Jared Gooden,163
2022-05-07,UFC 274: Oliveira vs. Gaethje,Randy Brown vs. Khaos Williams,Randy Brown,104
2022-05-07,UFC 274: Oliveira vs. Gaethje,Randy Brown vs. Khaos Williams,Khaos Williams,-104
2021-12-11,UFC 269: Oliveira vs. Poirier,Randy Costa vs. Tony Kelley,Randy Costa,-268
2021-12-11,UFC 269: Oliveira vs. Poirier,Randy Costa vs. Tony Kelley,Tony Kelley,268
2020-03-14,UFC Fight Night: Lee vs. Oliveira,Rani Yahya vs. Enrique Barzola,Rani Yahya,174
2020-03-14,UFC Fight Night: Lee vs. Oliveira,Rani Yahya vs. Enrique Barzola,Enrique Barzola,-174
2021-11-20,UFC Fight Night: Vieira vs. Tate,Rani Yahya vs. Kyung Ho Kang,Rani Yahya,-147
2021-11-20,UFC Fight Night: Vieira vs. Tate,Rani Yahya vs. Kyung Ho Kang,Kyung Ho Kang,147
2021-03-13,UFC Fight Night: Edwards vs. Muhammad,Rani Yahya vs. Ray Rodriguez,Rani Yahya,-142
2021-03-13,UFC Fight Night: Edwards vs. Muhammad,Rani Yahya vs. Ray Rodriguez,Ray Rodriguez,142
2020-11-07,UFC Fight Night: Santos vs. Teixeira,Raoni Barcelos vs. Khalid Taha,Raoni Barcelos,-141
2020-11-07,UFC Fight Night: Santos vs. Teixeira,Raoni Barcelos vs. Khalid Taha,Khalid Taha,141
2021-06-26,UFC Fight Night: Gane vs. Volkov,Raoni Barcelos vs. Timur Valiev,Raoni Barcelos,106
2021-06-26,UFC Fight Night: Gane vs. Volkov,Raoni Barcelos vs. Timur Valiev,Timur Valiev,-106
2020-06-06,UFC 250: Nunes vs. Spencer,Raphael Assuncao vs. Cody Garbrandt,Raphael Assuncao,125
2020-06-06,UFC 250: Nunes vs. Spencer,Raphael Assuncao vs. Cody Garbrandt,Cody Garbrandt,-125
2021-12-18,UFC Fight Night: Lewis vs. Daukaus,Raphael Assuncao vs. Ricky Simon,Raphael Assuncao,154
2021-12-18,UFC Fight Night: Lewis vs. Daukaus,Raphael Assuncao vs. Ricky Simon,Ricky Simon,-154
2021-12-11,UFC 269: Oliveira vs. Poirier,Raulian Paiva vs. Sean O'Malley,Raulian Paiva,300
2021-12-11,UFC 269: Oliveira vs. Poirier,Raulian Paiva vs. Sean O'Malley,Sean O'Malley,-300
2022-06-25,UFC Fight Night: Tsarukyan vs. Gamrot,Raulian Paiva vs. Sergey Morozov,Raulian Paiva,122
2022-06-25,UFC Fight Night: Tsarukyan vs. Gamrot,Raulian Paiva vs. Sergey Morozov,Sergey Morozov,-122
2020-03-14,UFC Fight Night: Lee vs. Oliveira,Renato Moicano vs. Damir Hadzovic,Renato Moicano,-206
2020-03-14,UFC Fight Night: Lee vs. Oliveira,Renato Moicano vs. Damir Hadzovic,Damir Hadzovic,206
2021-06-26,UFC Fight Night: Gane vs. Volkov,Renato Moicano vs. Jai Herbert,Renato Moicano,-124
2021-06-26,UFC Fight Night: Gane vs. Volkov,Renato Moicano vs. Jai Herbert,Jai Herbert,124
2020-12-12,UFC 256: Figueiredo vs. Moreno,Renato Moicano vs. Rafael Fiziev,Renato Moicano,-112
2020-12-12,UFC 256: Figueiredo vs. Moreno,Renato Moicano vs. Rafael Fiziev,Rafael Fiziev,112
2021-05-22,UFC Fight Night: Font vs. Garbrandt,Ricardo Ramos vs. Bill Algeo,Ricardo Ramos,-135
2021-05-22,UFC Fight Night: Font vs. Garbrandt,Ricardo Ramos vs. Bill Algeo,Bill Algeo,135
2022-06-18,UFC Fight Night: Kattar vs. Emmett,Ricardo Ramos vs. Danny Chavez,Ricardo Ramos,-178
2022-06-18,UFC Fight Night: Kattar vs. Emmett,Ricardo Ramos vs. Danny Chavez,Danny Chavez,178
2020-07-15,UFC Fight Night: Kattar vs. Ige,Ricardo Ramos vs. Lerone Murphy,Ricardo Ramos,-133
2020-07-15,UFC Fight Night: Kattar vs. Ige,Ricardo Ramos vs. Lerone Murphy,Lerone Murphy,133
2021-10-30,UFC 267: Blachowicz vs. Teixeira,Ricardo Ramos vs. Zubaira Tukhugov,Ricardo Ramos,-102
2021-10-30,UFC 267: Blachowicz vs. Teixeira,Ricardo Ramos vs. Zubaira Tukhugov,Zubaira Tukhugov,102
2021-02-13,UFC 258: Usman vs. Burns,Ricky Simon vs. Brian Kelleher,Ricky Simon,-316
2021-02-13,UFC 258: Usman vs. Burns,Ricky Simon vs. Brian Kelleher,Brian Kelleher,316
2020-05-13,UFC Fight Night: Smith vs. Teixeira,Ricky Simon vs. Ray Borg,Ricky Simon,107
2020-05-13,UFC Fight Night: Smith vs. Teixeira,Ricky Simon vs. Ray Borg,Ray Borg,-107
2021-05-22,UFC Fight Night: Font vs. Garbrandt,Rob Font vs. Cody Garbrandt,Rob Font,-116
2021-05-22,UFC Fight Night: Font vs. Garbrandt,Rob Font vs. Cody Garbrandt,Cody Garbrandt,116
2021-12-04,UFC Fight Night: Font vs. Aldo,Rob Font vs. Jose Aldo,Rob Font,-144
2021-12-04,UFC Fight Night: Font vs. Aldo,Rob Font vs. Jose Aldo,Jose Aldo,144
2022-04-30,UFC Fight Night: Font vs. Vera,Rob Font vs. Marlon Vera,Rob Font,-155
2022-04-30,UFC Fight Night: Font vs. Vera,Rob Font vs. Marlon Vera,Marlon Vera,155
2022-07-02,UFC 276: Adesanya vs. Cannonier,Robbie Lawler vs. Bryan Barberena,Robbie Lawler,260
2022-07-02,UFC 276: Adesanya vs. Cannonier,Robbie Lawler vs. Bryan Barberena,Bryan Barberena,-260
2020-08-29,UFC Fight Night: Smith vs. Rakic,Robbie Lawler vs. Neil Magny,Robbie Lawler,413
2020-08-29,UFC Fight Night: Smith vs. Rakic,Robbie Lawler vs. Neil Magny,Neil Magny,-413
2020-07-25,UFC Fight Night: Whittaker vs. Till,Robert Whittaker vs. Darren Till,Robert Whittaker,-186
2020-07-25,UFC Fight Night: Whittaker vs. Till,Robert Whittaker vs. Darren Till,Darren Till,186
2020-10-24,UFC 254: Khabib vs. Gaethje,Robert Whittaker vs. Jared Cannonier,Robert Whittaker,-343
2020-10-24,UFC 254: Khabib vs. Gaethje,Robert Whittaker vs. Jared Cannonier,Jared Cannonier,343
2021-04-17,UFC Fight Night: Whittaker vs. Gastelum,Robert Whittaker vs. Kelvin Gastelum,Robert Whittaker,-164
2021-04-17,UFC Fight Night: Whittaker vs. Gastelum,Robert Whittaker vs. Kelvin Gastelum,Kelvin Gastelum,164
2021-02-13,UFC 258: Usman vs. Burns,Rodolfo Vieira vs. Anthony Hernandez,Rodolfo Vieira,107
2021-02-13,UFC 258: Usman vs. Burns,Rodolfo Vieira vs. Anthony Hernandez,Anthony Hernandez,-107
2021-07-17,UFC Fight Night: Makhachev vs. Moises,Rodolfo Vieira vs. Dustin Stoltzfus,Rodolfo Vieira,-133
2021-07-17,UFC Fight Night: Makhachev vs. Moises,Rodolfo Vieira vs. Dustin Stoltzfus,Dustin Stoltzfus,133
2020-03-07,UFC 248: Adesanya vs. Romero,Rodolfo Vieira vs. Saparbeg Safarov,Rodolfo Vieira,-138
2020-03-07,UFC 248: Adesanya vs. Romero,Rodolfo Vieira vs. Saparbeg Safarov,Saparbeg Safarov,138
2021-03-06,UFC 259: Blachowicz vs. Adesanya,Rogerio Bontorin vs. Kai Kara-France,Rogerio Bontorin,164
2021-03-06,UFC 259: Blachowicz vs. Adesanya,Rogerio Bontorin vs. Kai Kara-France,Kai Kara-France,-164
2022-06-18,UFC Fight Night: Kattar vs. Emmett,Roman Dolidze vs. Kyle Daukaus,Roman Dolidze,-131
2022-06-18,UFC Fight Night: Kattar vs. Emmett,Roman Dolidze vs. Kyle Daukaus,Kyle Daukaus,131
2021-06-05,UFC Fight Night: Rozenstruik vs. Sakai,Roman Dolidze vs. Laureano Staropoli,Roman Dolidze,-167
2021-06-05,UFC Fight Night: Rozenstruik vs. Sakai,Roman Dolidze vs. Laureano Staropoli,Laureano Staropoli,167
2022-02-26,UFC Fight Night: Makhachev vs. Green,Rongzhu vs. Ignacio Bahamondes,Rongzhu,-148
2022-02-26,UFC Fight Night: Makhachev vs. Green,Rongzhu vs. Ignacio Bahamondes,Ignacio Bahamondes,148
2021-08-21,UFC Fight Night: Cannonier vs. Gastelum,Roosevelt Roberts vs. Ignacio Bahamondes,Roosevelt Roberts,-101
2021-08-21,UFC Fight Night: Cannonier vs. Gastelum,Roosevelt Roberts vs. Ignacio Bahamondes,Ignacio Bahamondes,101
2021-07-31,UFC Fight Night: Hall vs. Strickland,Ryan Benoit vs. Zarrukh Adashev,Ryan Benoit,128
2021-07-31,UFC Fight Night: Hall vs. Strickland,Ryan Benoit vs. Zarrukh Adashev,Zarrukh Adashev,-128
2021-12-11,UFC 269: Oliveira vs. Poirier,Ryan Hall vs. Darrick Minner,Ryan Hall,-106
2021-12-11,UFC 269: Oliveira vs. Poirier,Ryan Hall vs. Darrick Minner,Darrick Minner,106
2021-07-10,UFC 264: Poirier vs. McGregor 3,Ryan Hall vs. Ilia Topuria,Ryan Hall,168
2021-07-10,UFC 264: Poirier vs. McGregor 3,Ryan Hall vs. Ilia Topuria,Ilia Topuria,-168
2022-05-14,UFC Fight Night: Blachowicz vs. Rakic,Ryan Spann vs. Ion Cutelaba,Ryan Spann,122
2022-05-14,UFC Fight Night: Blachowicz vs. Rakic,Ryan Spann vs. Ion Cutelaba,Ion Cutelaba,-122
2020-05-09,UFC 249: Ferguson vs. Gaethje,Ryan Spann vs. Sam Alvey,Ryan Spann,-200
2020-05-09,UFC 249: Ferguson vs. Gaethje,Ryan Spann vs. Sam Alvey,Sam Alvey,200
2022-02-05,UFC Fight Night: Hermansson vs. Strickland,Sam Alvey vs. Brendan Allen,Sam Alvey,260
2022-02-05,UFC Fight Night: Hermansson vs. Strickland,Sam Alvey vs. Brendan Allen,Brendan Allen,-260
2021-04-10,UFC Fight Night: Vettori vs. Holland,Sam Alvey vs. Julian Marquez,Sam Alvey,-121
2021-04-10,UFC Fight Night: Vettori vs. Holland,Sam Alvey vs. Julian Marquez,Julian Marquez,121
2021-08-28,UFC Fight Night: Barboza vs. Chikadze,Sam Alvey vs. Wellington Turman,Sam Alvey,116
2021-08-28,UFC Fight Night: Barboza vs. Chikadze,Sam Alvey vs. Wellington Turman,Wellington Turman,-116
2021-01-16,UFC Fight Night: Holloway vs. Kattar,Santiago Ponzinibbio vs. Li Jingliang,Santiago Ponzinibbio,-142
2021-01-16,UFC Fight Night: Holloway vs. Kattar,Santiago Ponzinibbio vs. Li Jingliang,Li Jingliang,142
2022-05-21,UFC Fight Night: Holm vs. Vieira,Santiago Ponzinibbio vs. Michel Pereira,Santiago Ponzinibbio,-117
2022-05-21,UFC Fight Night: Holm vs. Vieira,Santiago Ponzinibbio vs. Michel Pereira,Michel Pereira,117
2021-06-05,UFC Fight Night: Rozenstruik vs. Sakai,Santiago Ponzinibbio vs. Miguel Baeza,Santiago Ponzinibbio,102
2021-06-05,UFC Fight Night: Rozenstruik vs. Sakai,Santiago Ponzinibbio vs. Miguel Baeza,Miguel Baeza,-102
2021-08-21,UFC Fight Night: Cannonier vs. Gastelum,Sasha Palatnikov vs. Ramiz Brahimaj,Sasha Palatnikov,-107
2021-08-21,UFC Fight Night: Cannonier vs. Gastelum,Sasha Palatnikov vs. Ramiz Brahimaj,Ramiz Brahimaj,107
2021-04-10,UFC Fight Night: Vettori vs. Holland,Scott Holtzman vs. Mateusz Gamrot,Scott Holtzman,-102
2021-04-10,UFC Fight Night: Vettori vs. Holland,Scott Holtzman vs. Mateusz Gamrot,Mateusz Gamrot,102
2020-08-29,UFC Fight Night: Smith vs. Rakic,Sean Brady vs. Christian Aguilera,Sean Brady,-138
2020-08-29,UFC Fight Night: Smith vs. Rakic,Sean Brady vs. Christian Aguilera,Christian Aguilera,138
2020-02-29,UFC Fight Night: Benavidez vs. Figueiredo,Sean Brady vs. Ismail Naurdiev,Sean Brady,233
2020-02-29,UFC Fight Night: Benavidez vs. Figueiredo,Sean Brady vs. Ismail Naurdiev,Ismail Naurdiev,-233
2021-03-06,UFC 259: Blachowicz vs. Adesanya,Sean Brady vs. Jake Matthews,Sean Brady,-100
2021-03-06,UFC 259: Blachowicz vs. Adesanya,Sean Brady vs. Jake Matthews,Jake Matthews,100
2020-03-07,UFC 248: Adesanya vs. Romero,Sean O'Malley vs. Jose Quinonez,Sean O'Malley,106
2020-03-07,UFC 248: Adesanya vs. Romero,Sean O'Malley vs. Jose Quinonez,Jose Quinonez,-106
2020-08-15,UFC 252: Miocic vs. Cormier 3,Sean O'Malley vs. Marlon Vera,Sean O'Malley,-224
2020-08-15,UFC 252: Miocic vs. Cormier 3,Sean O'Malley vs. Marlon Vera,Marlon Vera,224
2021-03-27,UFC 260: Miocic vs. Ngannou,Sean O'Malley vs. Thomas Almeida,Sean O'Malley,-170
2021-03-27,UFC 260: Miocic vs. Ngannou,Sean O'Malley vs. Thomas Almeida,Thomas Almeida,170
2020-10-31,UFC Fight Night: Hall vs. Silva,Sean Strickland vs. Jack Marshman,Sean Strickland,-373
2020-10-31,UFC Fight Night: Hall vs. Silva,Sean Strickland vs. Jack Marshman,Jack Marshman,373
2021-05-01,UFC Fight Night: Reyes vs. Prochazka,Sean Strickland vs. Krzysztof Jotko,Sean Strickland,-138
2021-05-01,UFC Fight Night: Reyes vs. Prochazka,Sean Strickland vs. Krzysztof Jotko,Krzysztof Jotko,138
2021-11-13,UFC Fight Night: Holloway vs. Rodriguez,Sean Woodson vs. Collin Anglin,Sean Woodson,-136
2021-11-13,UFC Fight Night: Holloway vs. Rodriguez,Sean Woodson vs. Collin Anglin,Collin Anglin,136
2020-06-27,UFC Fight Night: Poirier vs. Hooker,Sean Woodson vs. Julian Erosa,Sean Woodson,-246
2020-06-27,UFC Fight Night: Poirier vs. Hooker,Sean Woodson vs. Julian Erosa,Julian Erosa,246
2021-06-05,UFC Fight Night: Rozenstruik vs. Sakai,Sean Woodson vs. Youssef Zalal,Sean Woodson,208
2021-06-05,UFC Fight Night: Rozenstruik vs. Sakai,Sean Woodson vs. Youssef Zalal,Youssef Zalal,-208
2022-03-05,UFC 272: Covington vs. Masvidal,Serghei Spivac vs. Greg Hardy,Serghei Spivac,-167
2022-03-05,UFC 272: Covington vs. Masvidal,Serghei Spivac vs. Greg Hardy,Greg Hardy,167
2022-06-11,UFC 275: Teixeira vs. Prochazka,SeungWoo Choi vs. Josh Culibao,SeungWoo Choi,127
2022-06-11,UFC 275: Teixeira vs. Prochazka,SeungWoo Choi vs. Josh Culibao,Josh Culibao,-127
2021-02-06,UFC Fight Night: Overeem vs. Volkov,SeungWoo Choi vs. Youssef Zalal,SeungWoo Choi,345
2021-02-06,UFC Fight Night: Overeem vs. Volkov,SeungWoo Choi vs. Youssef Zalal,Youssef Zalal,-345
2021-09-25,UFC 266: Volkanovski vs. Ortega,Shamil Abdurakhimov vs. Chris Daukaus,Shamil Abdurakhimov,184
2021-09-25,UFC 266: Volkanovski vs. Ortega,Shamil Abdurakhimov vs. Chris Daukaus,Chris Daukaus,-184
2022-03-19,UFC Fight Night: Volkov vs. Aspinall,Shamil Abdurakhimov vs. Sergei Pavlovich,Shamil Abdurakhimov,141
2022-03-19,UFC Fight Night: Volkov vs. Aspinall,Shamil Abdurakhimov vs. Sergei Pavlovich,Sergei Pavlovich,-141
2021-10-30,UFC 267: Blachowicz vs. Teixeira,Shamil Gamzatov vs. Michal Oleksiejczuk,Shamil Gamzatov,160
2021-10-30,UFC 267: Blachowicz vs. Teixeira,Shamil Gamzatov vs. Michal Oleksiejczuk,Michal Oleksiejczuk,-160
2021-11-06,UFC 268: Usman vs. Covington 2,Shane Burgos vs. Billy Quarantillo,Shane Burgos,-117
2021-11-06,UFC 268: Usman vs. Covington 2,Shane Burgos vs. Billy Quarantillo,Billy Quarantillo,117
2021-05-15,UFC 262: Oliveira vs. Chandler,Shane Burgos vs. Edson Barboza,Shane Burgos,103
2021-05-15,UFC 262: Oliveira vs. Chandler,Shane Burgos vs. Edson Barboza,Edson Barboza,-103
2021-03-27,UFC 260: Miocic vs. Ngannou,Shane Young vs. Omar Morales,Shane Young,105
2021-03-27,UFC 260: Miocic vs. Ngannou,Shane Young vs. Omar Morales,Omar Morales,-105
2022-02-05,UFC Fight Night: Hermansson vs. Strickland,Shavkat Rakhmonov vs. Carlston Harris,Shavkat Rakhmonov,-134
2022-02-05,UFC Fight Night: Hermansson vs. Strickland,Shavkat Rakhmonov vs. Carlston Harris,Carlston Harris,134
2021-06-26,UFC Fight Night: Gane vs. Volkov,Shavkat Rakhmonov vs. Michel Prazeres,Shavkat Rakhmonov,-105
2021-06-26,UFC Fight Night: Gane vs. Volkov,Shavkat Rakhmonov vs. Michel Prazeres,Michel Prazeres,105
2021-11-20,UFC Fight Night: Vieira vs. Tate,Shayilan Nuerdanbieke vs. Sean Soriano,Shayilan Nuerdanbieke,104
2021-11-20,UFC Fight Night: Vieira vs. Tate,Shayilan Nuerdanbieke vs. Sean Soriano,Sean Soriano,-104
2022-06-25,UFC Fight Night: Tsarukyan vs. Gamrot,Shayilan Nuerdanbieke vs. TJ Brown,Shayilan Nuerdanbieke,163
2022-06-25,UFC Fight Night: Tsarukyan vs. Gamrot,Shayilan Nuerdanbieke vs. TJ Brown,TJ Brown,-163
2022-03-12,UFC Fight Night: Santos vs. Ankalaev,Sodiq Yusuff vs. Alex Caceres,Sodiq Yusuff,126
2022-03-12,UFC Fight Night: Santos vs. Ankalaev,Sodiq Yusuff vs. Alex Caceres,Alex Caceres,-126
2021-03-20,UFC Fight Night: Brunson vs. Holland,Song Kenan vs. Max Griffin,Song Kenan,103
2021-03-20,UFC Fight Night: Brunson vs. Holland,Song Kenan vs. Max Griffin,Max Griffin,-103
2021-08-07,UFC 265: Lewis vs. Gane,Song Yadong vs. Casey Kenney,Song Yadong,-203
2021-08-07,UFC 265: Lewis vs. Gane,Song Yadong vs. Casey Kenney,Casey Kenney,203
2021-11-13,UFC Fight Night: Holloway vs. Rodriguez,Song Yadong vs. Julio Arce,Song Yadong,-219
2021-11-13,UFC Fight Night: Holloway vs. Rodriguez,Song Yadong vs. Julio Arce,Julio Arce,219
2021-03-06,UFC 259: Blachowicz vs. Adesanya,Song Yadong vs. Kyler Phillips,Song Yadong,-133
2021-03-06,UFC 259: Blachowicz vs. Adesanya,Song Yadong vs. Kyler Phillips,Kyler Phillips,133
2020-05-16,UFC Fight Night: Overeem vs. Harris,Song Yadong vs. Marlon Vera,Song Yadong,-204
2020-05-16,UFC Fight Night: Overeem vs. Harris,Song Yadong vs. Marlon Vera,Marlon Vera,204
2020-11-28,UFC Fight Night: Smith vs. Clark,Spike Carlyle vs. Bill Algeo,Spike Carlyle,-166
2020-11-28,UFC Fight Night: Smith vs. Clark,Spike Carlyle vs. Bill Algeo,Bill Algeo,166
2020-10-24,UFC 254: Khabib vs. Gaethje,Stefan Struve vs. Tai Tuivasa,Stefan Struve,165
2020-10-24,UFC 254: Khabib vs. Gaethje,Stefan Struve vs. Tai Tuivasa,Tai Tuivasa,-165
2021-12-18,UFC Fight Night: Lewis vs. Daukaus,Stephen Thompson vs. Belal Muhammad,Stephen Thompson,-119
2021-12-18,UFC Fight Night: Lewis vs. Daukaus,Stephen Thompson vs. Belal Muhammad,Belal Muhammad,119
2020-12-19,UFC Fight Night: Thompson vs. Neal,Stephen Thompson vs. Geoff Neal,Stephen Thompson,-111
2020-12-19,UFC Fight Night: Thompson vs. Neal,Stephen Thompson vs. Geoff Neal,Geoff Neal,111
2021-10-09,UFC Fight Night: Dern vs. Rodriguez,Steve Garcia vs. Charlie Ontiveros,Steve Garcia,-121
2021-10-09,UFC Fight Night: Dern vs. Rodriguez,Steve Garcia vs. Charlie Ontiveros,Charlie Ontiveros,121
2020-08-15,UFC 252: Miocic vs. Cormier 3,Stipe Miocic vs. Daniel Cormier,Stipe Miocic,107
2020-08-15,UFC 252: Miocic vs. Cormier 3,Stipe Miocic vs. Daniel Cormier,Daniel Cormier,-107
2021-03-27,UFC 260: Miocic vs. Ngannou,Stipe Miocic vs. Francis Ngannou,Stipe Miocic,117
2021-03-27,UFC 260: Miocic vs. Ngannou,Stipe Miocic vs. Francis Ngannou,Francis Ngannou,-117
2020-11-28,UFC Fight Night: Smith vs. Clark,Sumudaerji vs. Malcolm Gordon,Sumudaerji,-188
2020-11-28,UFC Fight Night: Smith vs. Clark,Sumudaerji vs. Malcolm Gordon,Malcolm Gordon,188
2021-01-20,UFC Fight Night: Chiesa vs. Magny,Sumudaerji vs. Zarrukh Adashev,Sumudaerji,-255
2021-01-20,UFC Fight Night: Chiesa vs. Magny,Sumudaerji vs. Zarrukh Adashev,Zarrukh Adashev,255
2022-01-15,UFC Fight Night: Kattar vs. Chikadze,TJ Brown vs. Charles Rosa,TJ Brown,-220
2022-01-15,UFC Fight Night: Kattar vs. Chikadze,TJ Brown vs. Charles Rosa,Charles Rosa,220
2021-07-10,UFC 264: Poirier vs. McGregor 3,Tai Tuivasa vs. Greg Hardy,Tai Tuivasa,111
2021-07-10,UFC 264: Poirier vs. McGregor 3,Tai Tuivasa vs. Greg Hardy,Greg Hardy,-111
2021-06-05,UFC Fight Night: Rozenstruik vs. Sakai,Tanner Boser vs. Ilir Latifi,Tanner Boser,-146
2021-06-05,UFC Fight Night: Rozenstruik vs. Sakai,Tanner Boser vs. Ilir Latifi,Ilir Latifi,146
2021-06-26,UFC Fight Night: Gane vs. Volkov,Tanner Boser vs. Ovince Saint Preux,Tanner Boser,-274
2021-06-26,UFC Fight Night: Gane vs. Volkov,Tanner Boser vs. Ovince Saint Preux,Ovince Saint Preux,274
2020-07-25,UFC Fight Night: Whittaker vs. Till,Tanner Boser vs. Raphael Pessoa,Tanner Boser,-148
2020-07-25,UFC Fight Night: Whittaker vs. Till,Tanner Boser vs. Raphael Pessoa,Raphael Pessoa,148
2022-02-26,UFC Fight Night: Makhachev vs. Green,Terrance McKinney vs. Fares Ziam,Terrance McKinney,231
2022-02-26,UFC Fight Night: Makhachev vs. Green,Terrance McKinney vs. Fares Ziam,Fares Ziam,-231
2022-06-25,UFC Fight Night: Tsarukyan vs. Gamrot,Thiago Moises vs. Christos Giagos,Thiago Moises,-186
2022-06-25,UFC Fight Night: Tsarukyan vs. Gamrot,Thiago Moises vs. Christos Giagos,Christos Giagos,186
2021-11-13,UFC Fight Night: Holloway vs. Rodriguez,Thiago Moises vs. Joel Alvarez,Thiago Moises,106
2021-11-13,UFC Fight Night: Holloway vs. Rodriguez,Thiago Moises vs. Joel Alvarez,Joel Alvarez,-106
2021-03-06,UFC 259: Blachowicz vs. Adesanya,Thiago Santos vs. Aleksandar Rakic,Thiago Santos,139
2021-03-06,UFC 259: Blachowicz vs. Adesanya,Thiago Santos vs. Aleksandar Rakic,Aleksandar Rakic,-139
2020-11-07,UFC Fight Night: Santos vs. Teixeira,Thiago Santos vs. Glover Teixeira,Thiago Santos,-195
2020-11-07,UFC Fight Night: Santos vs. Teixeira,Thiago Santos vs. Glover Teixeira,Glover Teixeira,195
2021-10-02,UFC Fight Night: Santos vs. Walker,Thiago Santos vs. Johnny Walker,Thiago Santos,-127
2021-10-02,UFC Fight Night: Santos vs. Walker,Thiago Santos vs. Johnny Walker,Johnny Walker,127
2022-03-12,UFC Fight Night: Santos vs. Ankalaev,Thiago Santos vs. Magomed Ankalaev,Thiago Santos,163
2022-03-12,UFC Fight Night: Santos vs. Ankalaev,Thiago Santos vs. Magomed Ankalaev,Magomed Ankalaev,-163
2020-10-17,UFC Fight Night: Ortega vs. The Korean Zombie,Thomas Almeida vs. Jonathan Martinez,Thomas Almeida,105
2020-10-17,UFC Fight Night: Ortega vs. The Korean Zombie,Thomas Almeida vs. Jonathan Martinez,Jonathan Martinez,-105
2021-03-06,UFC 259: Blachowicz vs. Adesanya,Tim Elliott vs. Jordan Espinosa,Tim Elliott,-105
2021-03-06,UFC 259: Blachowicz vs. Adesanya,Tim Elliott vs. Jordan Espinosa,Jordan Espinosa,105
2021-10-09,UFC Fight Night: Dern vs. Rodriguez,Tim Elliott vs. Matheus Nicolau,Tim Elliott,-104
2021-10-09,UFC Fight Night: Dern vs. Rodriguez,Tim Elliott vs. Matheus Nicolau,Matheus Nicolau,104
2020-07-15,UFC Fight Night: Kattar vs. Ige,Tim Elliott vs. Ryan Benoit,Tim Elliott,-137
2020-07-15,UFC Fight Night: Kattar vs. Ige,Tim Elliott vs. Ryan Benoit,Ryan Benoit,137
2022-03-05,UFC 272: Covington vs. Masvidal,Tim Elliott vs. Tagir Ulanbekov,Tim Elliott,-138
2022-03-05,UFC 272: Covington vs. Masvidal,Tim Elliott vs. Tagir Ulanbekov,Tagir Ulanbekov,138
2022-06-18,UFC Fight Night: Kattar vs. Emmett,Tim Means vs. Kevin Holland,Tim Means,309
2022-06-18,UFC Fight Night: Kattar vs. Emmett,Tim Means vs. Kevin Holland,Kevin Holland,-309
2020-08-08,UFC Fight Night: Lewis vs. Oleinik,Tim Means vs. Laureano Staropoli,Tim Means,-136
2020-08-08,UFC Fight Night: Lewis vs. Oleinik,Tim Means vs. Laureano Staropoli,Laureano Staropoli,136
2021-06-26,UFC Fight Night: Gane vs. Volkov,Tim Means vs. Nicolas Dalby,Tim Means,-242
2021-06-26,UFC Fight Night: Gane vs. Volkov,Tim Means vs. Nicolas Dalby,Nicolas Dalby,242
2021-09-04,UFC Fight Night: Brunson vs. Till,Tom Aspinall vs. Serghei Spivac,Tom Aspinall,-132
2021-09-04,UFC Fight Night: Brunson vs. Till,Tom Aspinall vs. Serghei Spivac,Serghei Spivac,132
2021-05-15,UFC 262: Oliveira vs. Chandler,Tony Ferguson vs. Beneil Dariush,Tony Ferguson,-103
2021-05-15,UFC 262: Oliveira vs. Chandler,Tony Ferguson vs. Beneil Dariush,Beneil Dariush,103
2020-12-12,UFC 256: Figueiredo vs. Moreno,Tony Ferguson vs. Charles Oliveira,Tony Ferguson,-101
2020-12-12,UFC 256: Figueiredo vs. Moreno,Tony Ferguson vs. Charles Oliveira,Charles Oliveira,101
2020-05-09,UFC 249: Ferguson vs. Gaethje,Tony Ferguson vs. Justin Gaethje,Tony Ferguson,-456
2020-05-09,UFC 249: Ferguson vs. Gaethje,Tony Ferguson vs. Justin Gaethje,Justin Gaethje,456
2021-04-17,UFC Fight Night: Whittaker vs. Gastelum,Tony Gravely vs. Anthony Birchak,Tony Gravely,-110
2021-04-17,UFC Fight Night: Whittaker vs. Gastelum,Tony Gravely vs. Anthony Birchak,Anthony Birchak,110
2020-11-07,UFC Fight Night: Santos vs. Teixeira,Trevin Giles vs. Bevon Lewis,Trevin Giles,-119
2020-11-07,UFC Fight Night: Santos vs. Teixeira,Trevin Giles vs. Bevon Lewis,Bevon Lewis,119
2021-07-10,UFC 264: Poirier vs. McGregor 3,Trevin Giles vs. Dricus Du Plessis,Trevin Giles,-115
2021-07-10,UFC 264: Poirier vs. McGregor 3,Trevin Giles vs. Dricus Du Plessis,Dricus Du Plessis,115
2021-03-20,UFC Fight Night: Brunson vs. Holland,Trevin Giles vs. Roman Dolidze,Trevin Giles,-126
2021-03-20,UFC Fight Night: Brunson vs. Holland,Trevin Giles vs. Roman Dolidze,Roman Dolidze,126
2020-05-30,UFC Fight Night: Woodley vs. Burns,Tyron Woodley vs. Gilbert Burns,Tyron Woodley,100
2020-05-30,UFC Fight Night: Woodley vs. Burns,Tyron Woodley vs. Gilbert Burns,Gilbert Burns,-100
2021-03-27,UFC 260: Miocic vs. Ngannou,Tyron Woodley vs. Vicente Luque,Tyron Woodley,204
2021-03-27,UFC 260: Miocic vs. Ngannou,Tyron Woodley vs. Vicente Luque,Vicente Luque,-204
2022-04-23,UFC Fight Night: Lemos vs. Andrade,Tyson Pedro vs. Ike Villanueva,Tyson Pedro,-478
2022-04-23,UFC Fight Night: Lemos vs. Andrade,Tyson Pedro vs. Ike Villanueva,Ike Villanueva,478
2020-10-31,UFC Fight Night: Hall vs. Silva,Uriah Hall vs. Anderson Silva,Uriah Hall,-105
2020-10-31,UFC Fight Night: Hall vs. Silva,Uriah Hall vs. Anderson Silva,Anderson Silva,105
2022-07-02,UFC 276: Adesanya vs. Cannonier,Uriah Hall vs. Andre Muniz,Uriah Hall,146
2022-07-02,UFC 276: Adesanya vs. Cannonier,Uriah Hall vs. Andre Muniz,Andre Muniz,-146
2021-07-31,UFC Fight Night: Hall vs. Strickland,Uriah Hall vs. Sean Strickland,Uriah Hall,326
2021-07-31,UFC Fight Night: Hall vs. Strickland,Uriah Hall vs. Sean Strickland,Sean Strickland,-326
2021-09-25,UFC 266: Volkanovski vs. Ortega,Uros Medic vs. Jalin Turner,Uros Medic,-177
2021-09-25,UFC 266: Volkanovski vs. Ortega,Uros Medic vs. Jalin Turner,Jalin Turner,177
2022-04-16,UFC Fight Night: Luque vs. Muhammad,Vicente Luque vs. Belal Muhammad,Vicente Luque,-170
2022-04-16,UFC Fight Night: Luque vs. Muhammad,Vicente Luque vs. Belal Muhammad,Belal Muhammad,170
2020-05-09,UFC 249: Ferguson vs. Gaethje,Vicente Luque vs. Niko Price,Vicente Luque,-189
2020-05-09,UFC 249: Ferguson vs. Gaethje,Vicente Luque vs. Niko Price,Niko Price,189
2020-08-01,UFC Fight Night: Brunson vs. Shahbazyan,Vicente Luque vs. Randy Brown,Vicente Luque,-125
2020-08-01,UFC Fight Night: Brunson vs. Shahbazyan,Vicente Luque vs. Randy Brown,Randy Brown,125
2021-08-21,UFC Fight Night: Cannonier vs. Gastelum,Vinc Pichel vs. Austin Hubbard,Vinc Pichel,136
2021-08-21,UFC Fight Night: Cannonier vs. Gastelum,Vinc Pichel vs. Austin Hubbard,Austin Hubbard,-136
2022-04-09,UFC 273: Volkanovski vs. The Korean Zombie,Vinc Pichel vs. Mark Madsen,Vinc Pichel,110
2022-04-09,UFC 273: Volkanovski vs. The Korean Zombie,Vinc Pichel vs. Mark Madsen,Mark Madsen,-110
2021-08-07,UFC 265: Lewis vs. Gane,Vince Morales vs. Drako Rodriguez,Vince Morales,-109
2021-08-07,UFC 265: Lewis vs. Gane,Vince Morales vs. Drako Rodriguez,Drako Rodriguez,109
2021-06-05,UFC Fight Night: Rozenstruik vs. Sakai,Walt Harris vs. Marcin Tybura,Walt Harris,263
2021-06-05,UFC Fight Night: Rozenstruik vs. Sakai,Walt Harris vs. Marcin Tybura,Marcin Tybura,-263
2021-01-20,UFC Fight Night: Chiesa vs. Magny,Warlley Alves vs. Mounir Lazzez,Warlley Alves,104
2021-01-20,UFC Fight Night: Chiesa vs. Magny,Warlley Alves vs. Mounir Lazzez,Mounir Lazzez,-104
2021-06-19,UFC Fight Night: Jung vs. Ige,Wellington Turman vs. Bruno Silva,Wellington Turman,-101
2021-06-19,UFC Fight Night: Jung vs. Ige,Wellington Turman vs. Bruno Silva,Bruno Silva,101
2021-08-21,UFC Fight Night: Cannonier vs. Gastelum,William Knight vs. Fabio Cherant,William Knight,-192
2021-08-21,UFC Fight Night: Cannonier vs. Gastelum,William Knight vs. Fabio Cherant,Fabio Cherant,192
2022-02-12,UFC 271: Adesanya vs. Whittaker 2,William Knight vs. Maxim Grishin,William Knight,-109
2022-02-12,UFC 271: Adesanya vs. Whittaker 2,William Knight vs. Maxim Grishin,Maxim Grishin,109
2021-06-26,UFC Fight Night: Gane vs. Volkov,Yancy Medeiros vs. Damir Hadzovic,Yancy Medeiros,104
2021-06-26,UFC Fight Night: Gane vs. Volkov,Yancy Medeiros vs. Damir Hadzovic,Damir Hadzovic,-104
2020-10-03,UFC Fight Night: Holm vs. Aldana,Yorgan De Castro vs. Carlos Felipe,Yorgan De Castro,150
2020-10-03,UFC Fight Night: Holm vs. Aldana,Yorgan De Castro vs. Carlos Felipe,Carlos Felipe,-150
2021-04-10,UFC Fight Night: Vettori vs. Holland,Yorgan De Castro vs. Jarjis Danho,Yorgan De Castro,-133
2021-04-10,UFC Fight Night: Vettori vs. Holland,Yorgan De Castro vs. Jarjis Danho,Jarjis Danho,133
2021-07-10,UFC 264: Poirier vs. McGregor 3,Zhalgas Zhumagulov vs. Jerome Rivera,Zhalgas Zhumagulov,102
2021-07-10,UFC 264: Poirier vs. McGregor 3,Zhalgas Zhumagulov vs. Jerome Rivera,Jerome Rivera,-102
