DATE,EVENT,BOUT,FIGHTER,odds
2018-09-08,UFC 228: Woodley vs. Till,Abdul Razak Alhassan vs. Niko Price,Abdul Razak Alhassan,106.0
2018-09-08,UFC 228: Woodley vs. Till,Abdul Razak Alhassan vs. Niko Price,Niko Price,-106.0
2018-12-15,UFC Fight Night: Lee vs. Iaquinta,Adam Milstead vs. Mike Rodriguez,Adam Milstead,-111.0
2018-12-15,UFC Fight Night: Lee vs. Iaquinta,Adam Milstead vs. Mike Rodriguez,Mike Rodriguez,111.0
2018-11-03,UFC 230: Cormier vs. Lewis,Adam Wieczorek vs. Marcos Rogerio de Lima,Adam Wieczorek,-106.0
2018-11-03,UFC 230: Cormier vs. Lewis,Adam Wieczorek vs. Marcos Rogerio de Lima,Marcos Rogerio de Lima,106.0
2017-11-04,UFC 217: Bisping vs. St-Pierre,Aiemann Zahabi vs. Ricardo Ramos,Aiemann Zahabi,339.0
2017-11-04,UFC 217: Bisping vs. St-Pierre,Aiemann Zahabi vs. Ricardo Ramos,Ricardo Ramos,-339.0
2019-05-04,UFC Fight Night: Iaquinta vs. Cowboy,Aiemann Zahabi vs. Vince Morales,Aiemann Zahabi,-100.0
2019-05-04,UFC Fight Night: Iaquinta vs. Cowboy,Aiemann Zahabi vs. Vince Morales,Vince Morales,-100.0
2019-10-05,UFC 243: Whittaker vs. Adesanya,Al Iaquinta vs. Dan Hooker,Al Iaquinta,-111.0
2019-10-05,UFC 243: Whittaker vs. Adesanya,Al Iaquinta vs. Dan Hooker,Dan Hooker,111.0
2019-05-04,UFC Fight Night: Iaquinta vs. Cowboy,Al Iaquinta vs. Donald Cerrone,Al Iaquinta,-148.0
2019-05-04,UFC Fight Night: Iaquinta vs. Cowboy,Al Iaquinta vs. Donald Cerrone,Donald Cerrone,148.0
2019-04-13,UFC 236: Holloway vs. Poirier 2,Alan Jouban vs. Dwight Grant,Alan Jouban,-100.0
2019-04-13,UFC 236: Holloway vs. Poirier 2,Alan Jouban vs. Dwight Grant,Dwight Grant,-100.0
2018-02-03,UFC Fight Night: Machida vs. Anders,Alan Patrick vs. Damir Hadzovic,Alan Patrick,-204.0
2018-02-03,UFC Fight Night: Machida vs. Anders,Alan Patrick vs. Damir Hadzovic,Damir Hadzovic,204.0
2019-12-21,UFC Fight Night: Edgar vs. The Korean Zombie,Alatengheili vs. Ryan Benoit,Alatengheili,-186.0
2019-12-21,UFC Fight Night: Edgar vs. The Korean Zombie,Alatengheili vs. Ryan Benoit,Ryan Benoit,186.0
2018-05-12,UFC 224: Nunes vs. Pennington,Alberto Mina vs. Ramazan Emeev,Alberto Mina,179.0
2018-05-12,UFC 224: Nunes vs. Pennington,Alberto Mina vs. Ramazan Emeev,Ramazan Emeev,-179.0
2017-12-09,UFC Fight Night: Swanson vs. Ortega,Alejandro Perez vs. Iuri Alcantara,Alejandro Perez,-179.0
2017-12-09,UFC Fight Night: Swanson vs. Ortega,Alejandro Perez vs. Iuri Alcantara,Iuri Alcantara,179.0
2019-07-06,UFC 239: Jones vs. Santos,Alejandro Perez vs. Song Yadong,Alejandro Perez,363.0
2019-07-06,UFC 239: Jones vs. Santos,Alejandro Perez vs. Song Yadong,Song Yadong,-363.0
2017-11-04,UFC 217: Bisping vs. St-Pierre,Aleksei Oleinik vs. Curtis Blaydes,Aleksei Oleinik,316.0
2017-11-04,UFC 217: Bisping vs. St-Pierre,Aleksei Oleinik vs. Curtis Blaydes,Curtis Blaydes,-316.0
2018-05-12,UFC 224: Nunes vs. Pennington,Aleksei Oleinik vs. Junior Albini,Aleksei Oleinik,111.0
2018-05-12,UFC 224: Nunes vs. Pennington,Aleksei Oleinik vs. Junior Albini,Junior Albini,-111.0
2020-01-18,UFC 246: McGregor vs. Cowboy,Aleksei Oleinik vs. Maurice Greene,Aleksei Oleinik,111.0
2020-01-18,UFC 246: McGregor vs. Cowboy,Aleksei Oleinik vs. Maurice Greene,Maurice Greene,-111.0
2019-07-20,UFC Fight Night: Dos Anjos vs. Edwards,Aleksei Oleinik vs. Walt Harris,Aleksei Oleinik,111.0
2019-07-20,UFC Fight Night: Dos Anjos vs. Edwards,Aleksei Oleinik vs. Walt Harris,Walt Harris,-111.0
2019-09-28,UFC Fight Night: Hermansson vs. Cannonier,Alen Amedovski vs. John Phillips,Alen Amedovski,-100.0
2019-09-28,UFC Fight Night: Hermansson vs. Cannonier,Alen Amedovski vs. John Phillips,John Phillips,-100.0
2018-07-06,The Ultimate Fighter: Undefeated Finale,Alessio Di Chirico vs. Julian Marquez,Alessio Di Chirico,-204.0
2018-07-06,The Ultimate Fighter: Undefeated Finale,Alessio Di Chirico vs. Julian Marquez,Julian Marquez,204.0
2017-12-16,UFC Fight Night: Lawler vs. Dos Anjos,Alessio Di Chirico vs. Oluwale Bamgbose,Alessio Di Chirico,-316.0
2017-12-16,UFC Fight Night: Lawler vs. Dos Anjos,Alessio Di Chirico vs. Oluwale Bamgbose,Oluwale Bamgbose,316.0
2018-07-06,The Ultimate Fighter: Undefeated Finale,Alex Caceres vs. Martin Bravo,Alex Caceres,-111.0
2018-07-06,The Ultimate Fighter: Undefeated Finale,Alex Caceres vs. Martin Bravo,Martin Bravo,111.0
2019-07-20,UFC Fight Night: Dos Anjos vs. Edwards,Alex Caceres vs. Steven Peterson,Alex Caceres,-204.0
2019-07-20,UFC Fight Night: Dos Anjos vs. Edwards,Alex Caceres vs. Steven Peterson,Steven Peterson,204.0
2018-10-27,UFC Fight Night: Oezdemir vs. Smith,Alex Garcia vs. Court McGee,Alex Garcia,-100.0
2018-10-27,UFC Fight Night: Oezdemir vs. Smith,Alex Garcia vs. Court McGee,Court McGee,-100.0
2019-03-09,UFC Fight Night: Lewis vs. Dos Santos,Alex Morono vs. Zak Ottow,Alex Morono,-316.0
2019-03-09,UFC Fight Night: Lewis vs. Dos Santos,Alex Morono vs. Zak Ottow,Zak Ottow,316.0
2018-09-22,UFC Fight Night: Marreta vs. Anders,Alex Oliveira vs. Carlo Pedersoli Jr.,Alex Oliveira,-179.0
2018-09-22,UFC Fight Night: Marreta vs. Anders,Alex Oliveira vs. Carlo Pedersoli Jr.,Carlo Pedersoli Jr.,179.0
2018-12-08,UFC 231: Holloway vs. Ortega,Alex Oliveira vs. Gunnar Nelson,Alex Oliveira,-381.0
2018-12-08,UFC 231: Holloway vs. Ortega,Alex Oliveira vs. Gunnar Nelson,Gunnar Nelson,381.0
2019-04-27,UFC Fight Night: Jacare vs. Hermansson,Alex Oliveira vs. Mike Perry,Alex Oliveira,-179.0
2019-04-27,UFC Fight Night: Jacare vs. Hermansson,Alex Oliveira vs. Mike Perry,Mike Perry,179.0
2017-12-02,UFC 218: Holloway vs. Aldo 2,Alex Oliveira vs. Yancy Medeiros,Alex Oliveira,-316.0
2017-12-02,UFC 218: Holloway vs. Aldo 2,Alex Oliveira vs. Yancy Medeiros,Yancy Medeiros,316.0
2018-08-04,UFC 227: Dillashaw vs. Garbrandt 2,Alex Perez vs. Jose Torres,Alex Perez,-204.0
2018-08-04,UFC 227: Dillashaw vs. Garbrandt 2,Alex Perez vs. Jose Torres,Jose Torres,204.0
2019-03-30,UFC Fight Night: Barboza vs. Gaethje,Alex Perez vs. Mark De La Rosa,Alex Perez,-100.0
2019-03-30,UFC Fight Night: Barboza vs. Gaethje,Alex Perez vs. Mark De La Rosa,Mark De La Rosa,-100.0
2019-03-09,UFC Fight Night: Lewis vs. Dos Santos,Alex White vs. Dan Moret,Alex White,-172.0
2019-03-09,UFC Fight Night: Lewis vs. Dos Santos,Alex White vs. Dan Moret,Dan Moret,172.0
2019-10-26,UFC Fight Night: Maia vs. Askren,Alex White vs. Rafael Fiziev,Alex White,-316.0
2019-10-26,UFC Fight Night: Maia vs. Askren,Alex White vs. Rafael Fiziev,Rafael Fiziev,316.0
2019-06-01,UFC Fight Night: Gustafsson vs. Smith,Alexander Gustafsson vs. Anthony Smith,Alexander Gustafsson,-316.0
2019-06-01,UFC Fight Night: Gustafsson vs. Smith,Alexander Gustafsson vs. Anthony Smith,Anthony Smith,316.0
2019-01-19,UFC Fight Night: Cejudo vs. Dillashaw,Alexander Hernandez vs. Donald Cerrone,Alexander Hernandez,-204.0
2019-01-19,UFC Fight Night: Cejudo vs. Dillashaw,Alexander Hernandez vs. Donald Cerrone,Donald Cerrone,204.0
2019-07-20,UFC Fight Night: Dos Anjos vs. Edwards,Alexander Hernandez vs. Francisco Trinaldo,Alexander Hernandez,-100.0
2019-07-20,UFC Fight Night: Dos Anjos vs. Edwards,Alexander Hernandez vs. Francisco Trinaldo,Francisco Trinaldo,-100.0
2018-07-28,UFC Fight Night: Alvarez vs. Poirier 2,Alexander Hernandez vs. Olivier Aubin-Mercier,Alexander Hernandez,106.0
2018-07-28,UFC Fight Night: Alvarez vs. Poirier 2,Alexander Hernandez vs. Olivier Aubin-Mercier,Olivier Aubin-Mercier,-106.0
2018-02-10,UFC 221: Romero vs. Rockhold,Alexander Volkanovski vs. Jeremy Kennedy,Alexander Volkanovski,-100.0
2018-02-10,UFC 221: Romero vs. Rockhold,Alexander Volkanovski vs. Jeremy Kennedy,Jeremy Kennedy,-100.0
2019-11-09,UFC Fight Night: Zabit vs. Kattar,Alexander Volkov vs. Greg Hardy,Alexander Volkov,-106.0
2019-11-09,UFC Fight Night: Zabit vs. Kattar,Alexander Volkov vs. Greg Hardy,Greg Hardy,106.0
2019-11-09,UFC Fight Night: Zabit vs. Kattar,Alexander Yakovlev vs. Roosevelt Roberts,Alexander Yakovlev,204.0
2019-11-09,UFC Fight Night: Zabit vs. Kattar,Alexander Yakovlev vs. Roosevelt Roberts,Roosevelt Roberts,-204.0
2019-07-27,UFC 240: Holloway vs. Edgar,Alexandre Pantoja vs. Deiveson Figueiredo,Alexandre Pantoja,-106.0
2019-07-27,UFC 240: Holloway vs. Edgar,Alexandre Pantoja vs. Deiveson Figueiredo,Deiveson Figueiredo,106.0
2019-12-21,UFC Fight Night: Edgar vs. The Korean Zombie,Alexandre Pantoja vs. Matt Schnell,Alexandre Pantoja,-100.0
2019-12-21,UFC Fight Night: Edgar vs. The Korean Zombie,Alexandre Pantoja vs. Matt Schnell,Matt Schnell,-100.0
2018-11-17,UFC Fight Night: Magny vs. Ponzinibbio,Alexandre Pantoja vs. Yuta Sasaki,Alexandre Pantoja,-172.0
2018-11-17,UFC Fight Night: Magny vs. Ponzinibbio,Alexandre Pantoja vs. Yuta Sasaki,Yuta Sasaki,172.0
2019-04-20,UFC Fight Night: Overeem vs. Oleinik,Alistair Overeem vs. Aleksei Oleinik,Alistair Overeem,-256.0
2019-04-20,UFC Fight Night: Overeem vs. Oleinik,Alistair Overeem vs. Aleksei Oleinik,Aleksei Oleinik,256.0
2018-06-09,UFC 225: Whittaker vs. Romero 2,Alistair Overeem vs. Curtis Blaydes,Alistair Overeem,172.0
2018-06-09,UFC 225: Whittaker vs. Romero 2,Alistair Overeem vs. Curtis Blaydes,Curtis Blaydes,-172.0
2017-12-02,UFC 218: Holloway vs. Aldo 2,Alistair Overeem vs. Francis Ngannou,Alistair Overeem,-100.0
2017-12-02,UFC 218: Holloway vs. Aldo 2,Alistair Overeem vs. Francis Ngannou,Francis Ngannou,-100.0
2019-12-07,UFC Fight Night: Overeem vs. Rozenstruik,Alistair Overeem vs. Jairzinho Rozenstruik,Alistair Overeem,-100.0
2019-12-07,UFC Fight Night: Overeem vs. Rozenstruik,Alistair Overeem vs. Jairzinho Rozenstruik,Jairzinho Rozenstruik,-100.0
2019-06-22,UFC Fight Night: Moicano vs. The Korean Zombie,Allen Crowder vs. Jairzinho Rozenstruik,Allen Crowder,-100.0
2019-06-22,UFC Fight Night: Moicano vs. The Korean Zombie,Allen Crowder vs. Jairzinho Rozenstruik,Jairzinho Rozenstruik,-100.0
2019-06-29,UFC Fight Night: Ngannou vs. Dos Santos,Alonzo Menifield vs. Paul Craig,Alonzo Menifield,-141.0
2019-06-29,UFC Fight Night: Ngannou vs. Dos Santos,Alonzo Menifield vs. Paul Craig,Paul Craig,141.0
2019-06-22,UFC Fight Night: Moicano vs. The Korean Zombie,Andre Ewell vs. Anderson Dos Santos,Andre Ewell,-111.0
2019-06-22,UFC Fight Night: Moicano vs. The Korean Zombie,Andre Ewell vs. Anderson Dos Santos,Anderson Dos Santos,111.0
2020-02-08,UFC 247: Jones vs. Reyes,Andre Ewell vs. Jonathan Martinez,Andre Ewell,153.0
2020-02-08,UFC 247: Jones vs. Reyes,Andre Ewell vs. Jonathan Martinez,Jonathan Martinez,-153.0
2019-02-17,UFC Fight Night: Ngannou vs. Velasquez,Andre Fili vs. Myles Jury,Andre Fili,256.0
2019-02-17,UFC Fight Night: Ngannou vs. Velasquez,Andre Fili vs. Myles Jury,Myles Jury,-256.0
2019-07-13,UFC Fight Night: De Randamie vs. Ladd,Andre Fili vs. Sheymon Moraes,Andre Fili,-111.0
2019-07-13,UFC Fight Night: De Randamie vs. Ladd,Andre Fili vs. Sheymon Moraes,Sheymon Moraes,111.0
2020-01-18,UFC 246: McGregor vs. Cowboy,Andre Fili vs. Sodiq Yusuff,Andre Fili,111.0
2020-01-18,UFC 246: McGregor vs. Cowboy,Andre Fili vs. Sodiq Yusuff,Sodiq Yusuff,-111.0
2019-04-27,UFC Fight Night: Jacare vs. Hermansson,Andrei Arlovski vs. Augusto Sakai,Andrei Arlovski,316.0
2019-04-27,UFC Fight Night: Jacare vs. Hermansson,Andrei Arlovski vs. Augusto Sakai,Augusto Sakai,-316.0
2019-07-20,UFC Fight Night: Dos Anjos vs. Edwards,Andrei Arlovski vs. Ben Rothwell,Andrei Arlovski,-256.0
2019-07-20,UFC Fight Night: Dos Anjos vs. Edwards,Andrei Arlovski vs. Ben Rothwell,Ben Rothwell,256.0
2019-11-02,UFC 244: Masvidal vs. Diaz,Andrei Arlovski vs. Jairzinho Rozenstruik,Andrei Arlovski,-100.0
2019-11-02,UFC 244: Masvidal vs. Diaz,Andrei Arlovski vs. Jairzinho Rozenstruik,Jairzinho Rozenstruik,-100.0
2018-09-15,UFC Fight Night: Hunt vs. Oleinik,Andrei Arlovski vs. Shamil Abdurakhimov,Andrei Arlovski,108.0
2018-09-15,UFC Fight Night: Hunt vs. Oleinik,Andrei Arlovski vs. Shamil Abdurakhimov,Shamil Abdurakhimov,-108.0
2018-06-09,UFC 225: Whittaker vs. Romero 2,Andrei Arlovski vs. Tai Tuivasa,Andrei Arlovski,363.0
2018-06-09,UFC 225: Whittaker vs. Romero 2,Andrei Arlovski vs. Tai Tuivasa,Tai Tuivasa,-363.0
2018-08-25,UFC Fight Night: Gaethje vs. Vick,Andrew Sanchez vs. Markus Perez,Andrew Sanchez,-148.0
2018-08-25,UFC Fight Night: Gaethje vs. Vick,Andrew Sanchez vs. Markus Perez,Markus Perez,148.0
2017-12-01,The Ultimate Fighter: A New World Champion Finale,Andrew Sanchez vs. Ryan Janes,Andrew Sanchez,-204.0
2017-12-01,The Ultimate Fighter: A New World Champion Finale,Andrew Sanchez vs. Ryan Janes,Ryan Janes,204.0
2020-01-18,UFC 246: McGregor vs. Cowboy,Anthony Pettis vs. Diego Ferreira,Anthony Pettis,316.0
2020-01-18,UFC 246: McGregor vs. Cowboy,Anthony Pettis vs. Diego Ferreira,Diego Ferreira,-316.0
2019-08-17,UFC 241: Cormier vs. Miocic 2,Anthony Pettis vs. Nate Diaz,Anthony Pettis,278.0
2019-08-17,UFC 241: Cormier vs. Miocic 2,Anthony Pettis vs. Nate Diaz,Nate Diaz,-278.0
2018-04-21,UFC Fight Night: Barboza vs. Lee,Anthony Rocco Martin vs. Keita Nakamura,Anthony Rocco Martin,-316.0
2018-04-21,UFC Fight Night: Barboza vs. Lee,Anthony Rocco Martin vs. Keita Nakamura,Keita Nakamura,316.0
2019-03-09,UFC Fight Night: Lewis vs. Dos Santos,Anthony Rocco Martin vs. Sergio Moraes,Anthony Rocco Martin,-316.0
2019-03-09,UFC Fight Night: Lewis vs. Dos Santos,Anthony Rocco Martin vs. Sergio Moraes,Sergio Moraes,316.0
2017-12-09,UFC Fight Night: Swanson vs. Ortega,Antonio Braga Neto vs. Trevin Giles,Antonio Braga Neto,381.0
2017-12-09,UFC Fight Night: Swanson vs. Ortega,Antonio Braga Neto vs. Trevin Giles,Trevin Giles,-381.0
2019-05-18,UFC Fight Night: Dos Anjos vs. Lee,Antonio Carlos Junior vs. Ian Heinisch,Antonio Carlos Junior,-204.0
2019-05-18,UFC Fight Night: Dos Anjos vs. Lee,Antonio Carlos Junior vs. Ian Heinisch,Ian Heinisch,204.0
2017-10-28,UFC Fight Night: Brunson vs. Machida,Antonio Carlos Junior vs. Jack Marshman,Antonio Carlos Junior,-111.0
2017-10-28,UFC Fight Night: Brunson vs. Machida,Antonio Carlos Junior vs. Jack Marshman,Jack Marshman,111.0
2018-04-14,UFC Fight Night: Poirier vs. Gaethje,Arjan Bhullar vs. Adam Wieczorek,Arjan Bhullar,106.0
2018-04-14,UFC Fight Night: Poirier vs. Gaethje,Arjan Bhullar vs. Adam Wieczorek,Adam Wieczorek,-106.0
2019-05-04,UFC Fight Night: Iaquinta vs. Cowboy,Arjan Bhullar vs. Juan Adams,Arjan Bhullar,111.0
2019-05-04,UFC Fight Night: Iaquinta vs. Cowboy,Arjan Bhullar vs. Juan Adams,Juan Adams,-111.0
2018-10-27,UFC Fight Night: Oezdemir vs. Smith,Arjan Bhullar vs. Marcelo Golm,Arjan Bhullar,111.0
2018-10-27,UFC Fight Night: Oezdemir vs. Smith,Arjan Bhullar vs. Marcelo Golm,Marcelo Golm,-111.0
2019-03-16,UFC Fight Night: Till vs. Masvidal,Arnold Allen vs. Jordan Rinaldi,Arnold Allen,-204.0
2019-03-16,UFC Fight Night: Till vs. Masvidal,Arnold Allen vs. Jordan Rinaldi,Jordan Rinaldi,204.0
2018-05-27,UFC Fight Night: Thompson vs. Till,Arnold Allen vs. Mads Burnell,Arnold Allen,-179.0
2018-05-27,UFC Fight Night: Thompson vs. Till,Arnold Allen vs. Mads Burnell,Mads Burnell,179.0
2017-10-21,UFC Fight Night: Cerrone vs. Till,Artem Lobov vs. Andre Fili,Artem Lobov,316.0
2017-10-21,UFC Fight Night: Cerrone vs. Till,Artem Lobov vs. Andre Fili,Andre Fili,-316.0
2019-05-11,UFC 237: Namajunas vs. Andrade,BJ Penn vs. Clay Guida,BJ Penn,316.0
2019-05-11,UFC 237: Namajunas vs. Andrade,BJ Penn vs. Clay Guida,Clay Guida,-316.0
2018-12-29,UFC 232: Jones vs. Gustafsson 2,BJ Penn vs. Ryan Hall,BJ Penn,316.0
2018-12-29,UFC 232: Jones vs. Gustafsson 2,BJ Penn vs. Ryan Hall,Ryan Hall,-316.0
2019-01-19,UFC Fight Night: Cejudo vs. Dillashaw,Belal Muhammad vs. Geoff Neal,Belal Muhammad,111.0
2019-01-19,UFC Fight Night: Cejudo vs. Dillashaw,Belal Muhammad vs. Geoff Neal,Geoff Neal,-111.0
2019-09-07,UFC 242: Khabib vs. Poirier,Belal Muhammad vs. Takashi Sato,Belal Muhammad,-148.0
2019-09-07,UFC 242: Khabib vs. Poirier,Belal Muhammad vs. Takashi Sato,Takashi Sato,148.0
2018-02-24,UFC Fight Night: Emmett vs. Stephens,Ben Saunders vs. Alan Jouban,Ben Saunders,111.0
2018-02-24,UFC Fight Night: Emmett vs. Stephens,Ben Saunders vs. Alan Jouban,Alan Jouban,-111.0
2019-03-09,UFC Fight Night: Lewis vs. Dos Santos,Beneil Dariush vs. Drew Dober,Beneil Dariush,-316.0
2019-03-09,UFC Fight Night: Lewis vs. Dos Santos,Beneil Dariush vs. Drew Dober,Drew Dober,316.0
2019-02-17,UFC Fight Night: Ngannou vs. Velasquez,Benito Lopez vs. Manny Bermudez,Benito Lopez,111.0
2019-02-17,UFC Fight Night: Ngannou vs. Velasquez,Benito Lopez vs. Manny Bermudez,Manny Bermudez,-111.0
2019-07-13,UFC Fight Night: De Randamie vs. Ladd,Benito Lopez vs. Vince Morales,Benito Lopez,-100.0
2019-07-13,UFC Fight Night: De Randamie vs. Ladd,Benito Lopez vs. Vince Morales,Vince Morales,-100.0
2019-06-08,UFC 238: Cejudo vs. Moraes,Bevon Lewis vs. Darren Stewart,Bevon Lewis,111.0
2019-06-08,UFC 238: Cejudo vs. Moraes,Bevon Lewis vs. Darren Stewart,Darren Stewart,-111.0
2020-01-25,UFC Fight Night: Blaydes vs. Dos Santos,Bevon Lewis vs. Dequan Townsend,Bevon Lewis,-363.0
2020-01-25,UFC Fight Night: Blaydes vs. Dos Santos,Bevon Lewis vs. Dequan Townsend,Dequan Townsend,363.0
2019-03-09,UFC Fight Night: Lewis vs. Dos Santos,Blagoy Ivanov vs. Ben Rothwell,Blagoy Ivanov,-129.0
2019-03-09,UFC Fight Night: Lewis vs. Dos Santos,Blagoy Ivanov vs. Ben Rothwell,Ben Rothwell,129.0
2018-12-08,UFC 231: Holloway vs. Ortega,Brad Katona vs. Matthew Lopez,Brad Katona,-316.0
2018-12-08,UFC 231: Holloway vs. Ortega,Brad Katona vs. Matthew Lopez,Matthew Lopez,316.0
2019-05-04,UFC Fight Night: Iaquinta vs. Cowboy,Brad Katona vs. Merab Dvalishvili,Brad Katona,111.0
2019-05-04,UFC Fight Night: Iaquinta vs. Cowboy,Brad Katona vs. Merab Dvalishvili,Merab Dvalishvili,-111.0
2019-11-02,UFC 244: Masvidal vs. Diaz,Brad Tavares vs. Edmen Shahbazyan,Brad Tavares,316.0
2019-11-02,UFC 244: Masvidal vs. Diaz,Brad Tavares vs. Edmen Shahbazyan,Edmen Shahbazyan,-316.0
2018-07-06,The Ultimate Fighter: Undefeated Finale,Brad Tavares vs. Israel Adesanya,Brad Tavares,-111.0
2018-07-06,The Ultimate Fighter: Undefeated Finale,Brad Tavares vs. Israel Adesanya,Israel Adesanya,111.0
2018-05-19,UFC Fight Night: Maia vs. Usman,Brandon Moreno vs. Alexandre Pantoja,Brandon Moreno,-316.0
2018-05-19,UFC Fight Night: Maia vs. Usman,Brandon Moreno vs. Alexandre Pantoja,Alexandre Pantoja,316.0
2019-12-14,UFC 245: Usman vs. Covington,Brandon Moreno vs. Kai Kara-France,Brandon Moreno,-111.0
2019-12-14,UFC 245: Usman vs. Covington,Brandon Moreno vs. Kai Kara-France,Kai Kara-France,111.0
2018-12-29,UFC 232: Jones vs. Gustafsson 2,Brian Kelleher vs. Montel Jackson,Brian Kelleher,256.0
2018-12-29,UFC 232: Jones vs. Gustafsson 2,Brian Kelleher vs. Montel Jackson,Montel Jackson,-256.0
2019-06-22,UFC Fight Night: Moicano vs. The Korean Zombie,Bryan Barberena vs. Randy Brown,Bryan Barberena,-111.0
2019-06-22,UFC Fight Night: Moicano vs. The Korean Zombie,Bryan Barberena vs. Randy Brown,Randy Brown,111.0
2018-03-03,UFC 222: Cyborg vs. Kunitskaya,Bryan Caraway vs. Cody Stamann,Bryan Caraway,316.0
2018-03-03,UFC 222: Cyborg vs. Kunitskaya,Bryan Caraway vs. Cody Stamann,Cody Stamann,-316.0
2019-12-07,UFC Fight Night: Overeem vs. Rozenstruik,Bryce Mitchell vs. Matt Sayles,Bryce Mitchell,111.0
2019-12-07,UFC Fight Night: Overeem vs. Rozenstruik,Bryce Mitchell vs. Matt Sayles,Matt Sayles,-111.0
2018-03-03,UFC 222: Cyborg vs. Kunitskaya,CB Dollaway vs. Hector Lombard,CB Dollaway,-204.0
2018-03-03,UFC 222: Cyborg vs. Kunitskaya,CB Dollaway vs. Hector Lombard,Hector Lombard,204.0
2018-01-20,UFC 220: Miocic vs. Ngannou,Calvin Kattar vs. Shane Burgos,Calvin Kattar,148.0
2018-01-20,UFC 220: Miocic vs. Ngannou,Calvin Kattar vs. Shane Burgos,Shane Burgos,-148.0
2018-04-14,UFC Fight Night: Poirier vs. Gaethje,Carlos Condit vs. Alex Oliveira,Carlos Condit,106.0
2018-04-14,UFC Fight Night: Poirier vs. Gaethje,Carlos Condit vs. Alex Oliveira,Alex Oliveira,-106.0
2018-12-29,UFC 232: Jones vs. Gustafsson 2,Carlos Condit vs. Michael Chiesa,Carlos Condit,-204.0
2018-12-29,UFC 232: Jones vs. Gustafsson 2,Carlos Condit vs. Michael Chiesa,Michael Chiesa,204.0
2017-12-30,UFC 219: Cyborg vs. Holm,Carlos Condit vs. Neil Magny,Carlos Condit,179.0
2017-12-30,UFC 219: Cyborg vs. Holm,Carlos Condit vs. Neil Magny,Neil Magny,-179.0
2020-02-15,UFC Fight Night: Anderson vs. Blachowicz,Casey Kenney vs. Merab Dvalishvili,Casey Kenney,204.0
2020-02-15,UFC Fight Night: Anderson vs. Blachowicz,Casey Kenney vs. Merab Dvalishvili,Merab Dvalishvili,-204.0
2018-05-12,UFC 224: Nunes vs. Pennington,Cezar Ferreira vs. Karl Roberson,Cezar Ferreira,316.0
2018-05-12,UFC 224: Nunes vs. Pennington,Cezar Ferreira vs. Karl Roberson,Karl Roberson,-316.0
2018-12-08,UFC 231: Holloway vs. Ortega,Chad Laprise vs. Dhiego Lima,Chad Laprise,-204.0
2018-12-08,UFC 231: Holloway vs. Ortega,Chad Laprise vs. Dhiego Lima,Dhiego Lima,204.0
2017-12-16,UFC Fight Night: Lawler vs. Dos Anjos,Chad Laprise vs. Galore Bofando,Chad Laprise,-100.0
2017-12-16,UFC Fight Night: Lawler vs. Dos Anjos,Chad Laprise vs. Galore Bofando,Galore Bofando,-100.0
2018-12-29,UFC 232: Jones vs. Gustafsson 2,Chad Mendes vs. Alexander Volkanovski,Chad Mendes,148.0
2018-12-29,UFC 232: Jones vs. Gustafsson 2,Chad Mendes vs. Alexander Volkanovski,Alexander Volkanovski,-148.0
2018-11-10,UFC Fight Night: Korean Zombie vs. Rodriguez,Chan Sung Jung vs. Yair Rodriguez,Chan Sung Jung,316.0
2018-11-10,UFC Fight Night: Korean Zombie vs. Rodriguez,Chan Sung Jung vs. Yair Rodriguez,Yair Rodriguez,-316.0
2018-09-08,UFC 228: Woodley vs. Till,Charles Byrd vs. Darren Stewart,Charles Byrd,-153.0
2018-09-08,UFC 228: Woodley vs. Till,Charles Byrd vs. Darren Stewart,Darren Stewart,153.0
2018-09-22,UFC Fight Night: Marreta vs. Anders,Charles Oliveira vs. Christos Giagos,Charles Oliveira,-129.0
2018-09-22,UFC Fight Night: Marreta vs. Anders,Charles Oliveira vs. Christos Giagos,Christos Giagos,129.0
2019-02-02,UFC Fight Night: Assuncao vs. Moraes 2,Charles Oliveira vs. David Teymur,Charles Oliveira,-100.0
2019-02-02,UFC Fight Night: Assuncao vs. Moraes 2,Charles Oliveira vs. David Teymur,David Teymur,-100.0
2019-11-16,UFC Fight Night: Blachowicz vs. Jacare,Charles Oliveira vs. Jared Gordon,Charles Oliveira,-111.0
2019-11-16,UFC Fight Night: Blachowicz vs. Jacare,Charles Oliveira vs. Jared Gordon,Jared Gordon,111.0
2017-12-02,UFC 218: Holloway vs. Aldo 2,Charles Oliveira vs. Paul Felder,Charles Oliveira,111.0
2017-12-02,UFC 218: Holloway vs. Aldo 2,Charles Oliveira vs. Paul Felder,Paul Felder,-111.0
2019-10-18,UFC Fight Night: Reyes vs. Weidman,Charles Rosa vs. Manny Bermudez,Charles Rosa,204.0
2019-10-18,UFC Fight Night: Reyes vs. Weidman,Charles Rosa vs. Manny Bermudez,Manny Bermudez,-204.0
2019-09-14,UFC Fight Night: Cowboy vs. Gaethje,Chas Skelly vs. Jordan Griffin,Chas Skelly,172.0
2019-09-14,UFC Fight Night: Cowboy vs. Gaethje,Chas Skelly vs. Jordan Griffin,Jordan Griffin,-172.0
2017-11-25,UFC Fight Night: Bisping vs. Gastelum,Chase Sherman vs. Shamil Abdurakhimov,Chase Sherman,-111.0
2017-11-25,UFC Fight Night: Bisping vs. Gastelum,Chase Sherman vs. Shamil Abdurakhimov,Shamil Abdurakhimov,111.0
2017-12-09,UFC Fight Night: Swanson vs. Ortega,Chris Gruetzemacher vs. Davi Ramos,Chris Gruetzemacher,-108.0
2017-12-09,UFC Fight Night: Swanson vs. Ortega,Chris Gruetzemacher vs. Davi Ramos,Davi Ramos,108.0
2019-08-17,UFC 241: Cormier vs. Miocic 2,Christos Giagos vs. Drakkar Klose,Christos Giagos,106.0
2019-08-17,UFC 241: Cormier vs. Miocic 2,Christos Giagos vs. Drakkar Klose,Drakkar Klose,-106.0
2019-12-21,UFC Fight Night: Edgar vs. The Korean Zombie,Ciryl Gane vs. Tanner Boser,Ciryl Gane,-256.0
2019-12-21,UFC Fight Night: Edgar vs. The Korean Zombie,Ciryl Gane vs. Tanner Boser,Tanner Boser,256.0
2018-05-19,UFC Fight Night: Maia vs. Usman,Claudio Puelles vs. Felipe Silva,Claudio Puelles,-316.0
2018-05-19,UFC Fight Night: Maia vs. Usman,Claudio Puelles vs. Felipe Silva,Felipe Silva,316.0
2019-09-21,UFC Fight Night: Rodriguez vs. Stephens,Claudio Puelles vs. Marcos Mariano,Claudio Puelles,-148.0
2019-09-21,UFC Fight Night: Rodriguez vs. Stephens,Claudio Puelles vs. Marcos Mariano,Marcos Mariano,148.0
2018-05-27,UFC Fight Night: Thompson vs. Till,Claudio Silva vs. Nordine Taleb,Claudio Silva,363.0
2018-05-27,UFC Fight Night: Thompson vs. Till,Claudio Silva vs. Nordine Taleb,Nordine Taleb,-363.0
2018-06-09,UFC 225: Whittaker vs. Romero 2,Clay Guida vs. Charles Oliveira,Clay Guida,-111.0
2018-06-09,UFC 225: Whittaker vs. Romero 2,Clay Guida vs. Charles Oliveira,Charles Oliveira,111.0
2019-03-02,UFC 235: Jones vs. Smith,Cody Garbrandt vs. Pedro Munhoz,Cody Garbrandt,-204.0
2019-03-02,UFC 235: Jones vs. Smith,Cody Garbrandt vs. Pedro Munhoz,Pedro Munhoz,204.0
2017-11-04,UFC 217: Bisping vs. St-Pierre,Cody Garbrandt vs. TJ Dillashaw,Cody Garbrandt,-100.0
2017-11-04,UFC 217: Bisping vs. St-Pierre,Cody Garbrandt vs. TJ Dillashaw,TJ Dillashaw,-100.0
2019-03-02,UFC 235: Jones vs. Smith,Cody Stamann vs. Alejandro Perez,Cody Stamann,-204.0
2019-03-02,UFC 235: Jones vs. Smith,Cody Stamann vs. Alejandro Perez,Alejandro Perez,204.0
2019-12-07,UFC Fight Night: Overeem vs. Rozenstruik,Cody Stamann vs. Song Yadong,Cody Stamann,111.0
2019-12-07,UFC Fight Night: Overeem vs. Rozenstruik,Cody Stamann vs. Song Yadong,Song Yadong,-111.0
2019-08-03,UFC Fight Night: Covington vs. Lawler,Colby Covington vs. Robbie Lawler,Colby Covington,-381.0
2019-08-03,UFC Fight Night: Covington vs. Lawler,Colby Covington vs. Robbie Lawler,Robbie Lawler,381.0
2020-01-18,UFC 246: McGregor vs. Cowboy,Conor McGregor vs. Donald Cerrone,Conor McGregor,-139.0
2020-01-18,UFC 246: McGregor vs. Cowboy,Conor McGregor vs. Donald Cerrone,Donald Cerrone,139.0
2020-02-15,UFC Fight Night: Anderson vs. Blachowicz,Corey Anderson vs. Jan Blachowicz,Corey Anderson,-363.0
2020-02-15,UFC Fight Night: Anderson vs. Blachowicz,Corey Anderson vs. Jan Blachowicz,Jan Blachowicz,363.0
2019-11-02,UFC 244: Masvidal vs. Diaz,Corey Anderson vs. Johnny Walker,Corey Anderson,-148.0
2019-11-02,UFC 244: Masvidal vs. Diaz,Corey Anderson vs. Johnny Walker,Johnny Walker,148.0
2018-04-21,UFC Fight Night: Barboza vs. Lee,Corey Anderson vs. Patrick Cummins,Corey Anderson,-316.0
2018-04-21,UFC Fight Night: Barboza vs. Lee,Corey Anderson vs. Patrick Cummins,Patrick Cummins,316.0
2018-08-25,UFC Fight Night: Gaethje vs. Vick,Cory Sandhagen vs. Iuri Alcantara,Cory Sandhagen,-148.0
2018-08-25,UFC Fight Night: Gaethje vs. Vick,Cory Sandhagen vs. Iuri Alcantara,Iuri Alcantara,148.0
2019-04-27,UFC Fight Night: Jacare vs. Hermansson,Court McGee vs. Dhiego Lima,Court McGee,-316.0
2019-04-27,UFC Fight Night: Jacare vs. Hermansson,Court McGee vs. Dhiego Lima,Dhiego Lima,316.0
2017-11-11,UFC Fight Night: Poirier vs. Pettis,Court McGee vs. Sean Strickland,Court McGee,204.0
2017-11-11,UFC Fight Night: Poirier vs. Pettis,Court McGee vs. Sean Strickland,Sean Strickland,-204.0
2019-10-12,UFC Fight Night: Joanna vs. Waterson,Cub Swanson vs. Kron Gracie,Cub Swanson,-148.0
2019-10-12,UFC Fight Night: Joanna vs. Waterson,Cub Swanson vs. Kron Gracie,Kron Gracie,148.0
2018-08-04,UFC 227: Dillashaw vs. Garbrandt 2,Cub Swanson vs. Renato Moicano,Cub Swanson,-100.0
2018-08-04,UFC 227: Dillashaw vs. Garbrandt 2,Cub Swanson vs. Renato Moicano,Renato Moicano,-100.0
2019-05-04,UFC Fight Night: Iaquinta vs. Cowboy,Cub Swanson vs. Shane Burgos,Cub Swanson,-172.0
2019-05-04,UFC Fight Night: Iaquinta vs. Cowboy,Cub Swanson vs. Shane Burgos,Shane Burgos,172.0
2018-11-24,UFC Fight Night: Blaydes vs. Ngannou 2,Curtis Blaydes vs. Francis Ngannou,Curtis Blaydes,-172.0
2018-11-24,UFC Fight Night: Blaydes vs. Ngannou 2,Curtis Blaydes vs. Francis Ngannou,Francis Ngannou,172.0
2020-01-25,UFC Fight Night: Blaydes vs. Dos Santos,Curtis Blaydes vs. Junior Dos Santos,Curtis Blaydes,-111.0
2020-01-25,UFC Fight Night: Blaydes vs. Dos Santos,Curtis Blaydes vs. Junior Dos Santos,Junior Dos Santos,111.0
2019-03-23,UFC Fight Night: Thompson vs. Pettis,Curtis Blaydes vs. Justin Willis,Curtis Blaydes,-106.0
2019-03-23,UFC Fight Night: Thompson vs. Pettis,Curtis Blaydes vs. Justin Willis,Justin Willis,106.0
2019-09-07,UFC 242: Khabib vs. Poirier,Curtis Blaydes vs. Shamil Abdurakhimov,Curtis Blaydes,-363.0
2019-09-07,UFC 242: Khabib vs. Poirier,Curtis Blaydes vs. Shamil Abdurakhimov,Shamil Abdurakhimov,363.0
2019-04-13,UFC 236: Holloway vs. Poirier 2,Curtis Millender vs. Belal Muhammad,Curtis Millender,-100.0
2019-04-13,UFC 236: Holloway vs. Poirier 2,Curtis Millender vs. Belal Muhammad,Belal Muhammad,-100.0
2018-07-07,UFC 226: Miocic vs. Cormier,Curtis Millender vs. Max Griffin,Curtis Millender,-111.0
2018-07-07,UFC 226: Miocic vs. Cormier,Curtis Millender vs. Max Griffin,Max Griffin,111.0
2018-12-29,UFC 232: Jones vs. Gustafsson 2,Curtis Millender vs. Siyar Bahadurzada,Curtis Millender,-106.0
2018-12-29,UFC 232: Jones vs. Gustafsson 2,Curtis Millender vs. Siyar Bahadurzada,Siyar Bahadurzada,106.0
2019-12-21,UFC Fight Night: Edgar vs. The Korean Zombie,Da Woon Jung vs. Mike Rodriguez,Da Woon Jung,-111.0
2019-12-21,UFC Fight Night: Edgar vs. The Korean Zombie,Da Woon Jung vs. Mike Rodriguez,Mike Rodriguez,111.0
2017-10-21,UFC Fight Night: Cerrone vs. Till,Damian Stasiak vs. Brian Kelleher,Damian Stasiak,-100.0
2017-10-21,UFC Fight Night: Cerrone vs. Till,Damian Stasiak vs. Brian Kelleher,Brian Kelleher,-100.0
2018-02-10,UFC 221: Romero vs. Rockhold,Damien Brown vs. Dong Hyun Ma,Damien Brown,106.0
2018-02-10,UFC 221: Romero vs. Rockhold,Damien Brown vs. Dong Hyun Ma,Dong Hyun Ma,-106.0
2017-11-18,UFC Fight Night: Werdum vs. Tybura,Damien Brown vs. Frank Camacho,Damien Brown,106.0
2017-11-18,UFC Fight Night: Werdum vs. Tybura,Damien Brown vs. Frank Camacho,Frank Camacho,-106.0
2019-06-01,UFC Fight Night: Gustafsson vs. Smith,Damir Hadzovic vs. Christos Giagos,Damir Hadzovic,106.0
2019-06-01,UFC Fight Night: Gustafsson vs. Smith,Damir Hadzovic vs. Christos Giagos,Christos Giagos,-106.0
2019-02-23,UFC Fight Night: Blachowicz vs. Santos,Damir Hadzovic vs. Marco Polo Reyes,Damir Hadzovic,111.0
2019-02-23,UFC Fight Night: Blachowicz vs. Santos,Damir Hadzovic vs. Marco Polo Reyes,Marco Polo Reyes,-111.0
2019-08-31,UFC Fight Night: Andrade vs. Zhang,Damir Ismagulov vs. Thiago Moises,Damir Ismagulov,-100.0
2019-08-31,UFC Fight Night: Andrade vs. Zhang,Damir Ismagulov vs. Thiago Moises,Thiago Moises,-100.0
2018-07-07,UFC 226: Miocic vs. Cormier,Dan Hooker vs. Gilbert Burns,Dan Hooker,-100.0
2018-07-07,UFC 226: Miocic vs. Cormier,Dan Hooker vs. Gilbert Burns,Gilbert Burns,-100.0
2017-12-30,UFC 219: Cyborg vs. Holm,Dan Hooker vs. Marc Diakiese,Dan Hooker,111.0
2017-12-30,UFC 219: Cyborg vs. Holm,Dan Hooker vs. Marc Diakiese,Marc Diakiese,-111.0
2019-06-22,UFC Fight Night: Moicano vs. The Korean Zombie,Dan Ige vs. Kevin Aguilar,Dan Ige,-106.0
2019-06-22,UFC Fight Night: Moicano vs. The Korean Zombie,Dan Ige vs. Kevin Aguilar,Kevin Aguilar,106.0
2018-11-03,UFC 230: Cormier vs. Lewis,Daniel Cormier vs. Derrick Lewis,Daniel Cormier,-172.0
2018-11-03,UFC 230: Cormier vs. Lewis,Daniel Cormier vs. Derrick Lewis,Derrick Lewis,172.0
2019-08-17,UFC 241: Cormier vs. Miocic 2,Daniel Cormier vs. Stipe Miocic,Daniel Cormier,111.0
2019-08-17,UFC 241: Cormier vs. Miocic 2,Daniel Cormier vs. Stipe Miocic,Stipe Miocic,-111.0
2018-01-20,UFC 220: Miocic vs. Ngannou,Daniel Cormier vs. Volkan Oezdemir,Daniel Cormier,-153.0
2018-01-20,UFC 220: Miocic vs. Ngannou,Daniel Cormier vs. Volkan Oezdemir,Volkan Oezdemir,153.0
2018-05-27,UFC Fight Night: Thompson vs. Till,Daniel Kelly vs. Tom Breese,Daniel Kelly,363.0
2018-05-27,UFC Fight Night: Thompson vs. Till,Daniel Kelly vs. Tom Breese,Tom Breese,-363.0
2019-02-23,UFC Fight Night: Blachowicz vs. Santos,Daniel Teymur vs. Chris Fishgold,Daniel Teymur,148.0
2019-02-23,UFC Fight Night: Blachowicz vs. Santos,Daniel Teymur vs. Chris Fishgold,Chris Fishgold,-148.0
2019-03-16,UFC Fight Night: Till vs. Masvidal,Danny Henry vs. Dan Ige,Danny Henry,148.0
2019-03-16,UFC Fight Night: Till vs. Masvidal,Danny Henry vs. Dan Ige,Dan Ige,-148.0
2019-03-16,UFC Fight Night: Till vs. Masvidal,Danny Roberts vs. Claudio Silva,Danny Roberts,106.0
2019-03-16,UFC Fight Night: Till vs. Masvidal,Danny Roberts vs. Claudio Silva,Claudio Silva,-106.0
2018-03-17,UFC Fight Night: Werdum vs. Volkov,Danny Roberts vs. Oliver Enkamp,Danny Roberts,-100.0
2018-03-17,UFC Fight Night: Werdum vs. Volkov,Danny Roberts vs. Oliver Enkamp,Oliver Enkamp,-100.0
2019-06-01,UFC Fight Night: Gustafsson vs. Smith,Darko Stosic vs. Devin Clark,Darko Stosic,-204.0
2019-06-01,UFC Fight Night: Gustafsson vs. Smith,Darko Stosic vs. Devin Clark,Devin Clark,204.0
2019-08-03,UFC Fight Night: Covington vs. Lawler,Darko Stosic vs. Kennedy Nzechukwu,Darko Stosic,129.0
2019-08-03,UFC Fight Night: Covington vs. Lawler,Darko Stosic vs. Kennedy Nzechukwu,Kennedy Nzechukwu,-129.0
2018-07-14,UFC Fight Night: Dos Santos vs. Ivanov,Darren Elkins vs. Alexander Volkanovski,Darren Elkins,148.0
2018-07-14,UFC Fight Night: Dos Santos vs. Ivanov,Darren Elkins vs. Alexander Volkanovski,Alexander Volkanovski,-148.0
2018-01-14,UFC Fight Night: Stephens vs. Choi,Darren Elkins vs. Michael Johnson,Darren Elkins,-111.0
2018-01-14,UFC Fight Night: Stephens vs. Choi,Darren Elkins vs. Michael Johnson,Michael Johnson,111.0
2019-07-13,UFC Fight Night: De Randamie vs. Ladd,Darren Elkins vs. Ryan Hall,Darren Elkins,-100.0
2019-07-13,UFC Fight Night: De Randamie vs. Ladd,Darren Elkins vs. Ryan Hall,Ryan Hall,-100.0
2019-03-16,UFC Fight Night: Till vs. Masvidal,Darren Till vs. Jorge Masvidal,Darren Till,106.0
2019-03-16,UFC Fight Night: Till vs. Masvidal,Darren Till vs. Jorge Masvidal,Jorge Masvidal,-106.0
2018-07-22,UFC Fight Night: Shogun vs. Smith,Davey Grant vs. Manny Bermudez,Davey Grant,106.0
2018-07-22,UFC Fight Night: Shogun vs. Smith,Davey Grant vs. Manny Bermudez,Manny Bermudez,-106.0
2018-11-10,UFC Fight Night: Korean Zombie vs. Rodriguez,Davi Ramos vs. John Gunther,Davi Ramos,-111.0
2018-11-10,UFC Fight Night: Korean Zombie vs. Rodriguez,Davi Ramos vs. John Gunther,John Gunther,111.0
2018-05-12,UFC 224: Nunes vs. Pennington,Davi Ramos vs. Nick Hein,Davi Ramos,-106.0
2018-05-12,UFC 224: Nunes vs. Pennington,Davi Ramos vs. Nick Hein,Nick Hein,106.0
2019-03-30,UFC Fight Night: Barboza vs. Gaethje,David Branch vs. Jack Hermansson,David Branch,363.0
2019-03-30,UFC Fight Night: Barboza vs. Gaethje,David Branch vs. Jack Hermansson,Jack Hermansson,-363.0
2018-11-03,UFC 230: Cormier vs. Lewis,David Branch vs. Jared Cannonier,David Branch,-106.0
2018-11-03,UFC 230: Cormier vs. Lewis,David Branch vs. Jared Cannonier,Jared Cannonier,106.0
2018-04-21,UFC Fight Night: Barboza vs. Lee,David Branch vs. Thiago Santos,David Branch,316.0
2018-04-21,UFC Fight Night: Barboza vs. Lee,David Branch vs. Thiago Santos,Thiago Santos,-316.0
2017-12-02,UFC 218: Holloway vs. Aldo 2,David Teymur vs. Drakkar Klose,David Teymur,-100.0
2017-12-02,UFC 218: Holloway vs. Aldo 2,David Teymur vs. Drakkar Klose,Drakkar Klose,-100.0
2017-10-28,UFC Fight Night: Brunson vs. Machida,Deiveson Figueiredo vs. Jarred Brooks,Deiveson Figueiredo,-106.0
2017-10-28,UFC Fight Night: Brunson vs. Machida,Deiveson Figueiredo vs. Jarred Brooks,Jarred Brooks,106.0
2018-02-03,UFC Fight Night: Machida vs. Anders,Deiveson Figueiredo vs. Joseph Morales,Deiveson Figueiredo,256.0
2018-02-03,UFC Fight Night: Machida vs. Anders,Deiveson Figueiredo vs. Joseph Morales,Joseph Morales,-256.0
2019-10-12,UFC Fight Night: Joanna vs. Waterson,Deiveson Figueiredo vs. Tim Elliott,Deiveson Figueiredo,-256.0
2019-10-12,UFC Fight Night: Joanna vs. Waterson,Deiveson Figueiredo vs. Tim Elliott,Tim Elliott,256.0
2018-08-04,UFC 227: Dillashaw vs. Garbrandt 2,Demetrious Johnson vs. Henry Cejudo,Demetrious Johnson,-381.0
2018-08-04,UFC 227: Dillashaw vs. Garbrandt 2,Demetrious Johnson vs. Henry Cejudo,Henry Cejudo,381.0
2017-10-07,UFC 216: Ferguson vs. Lee,Demetrious Johnson vs. Ray Borg,Demetrious Johnson,-363.0
2017-10-07,UFC 216: Ferguson vs. Lee,Demetrious Johnson vs. Ray Borg,Ray Borg,363.0
2019-06-29,UFC Fight Night: Ngannou vs. Dos Santos,Demian Maia vs. Anthony Rocco Martin,Demian Maia,-100.0
2019-06-29,UFC Fight Night: Ngannou vs. Dos Santos,Demian Maia vs. Anthony Rocco Martin,Anthony Rocco Martin,-100.0
2019-10-26,UFC Fight Night: Maia vs. Askren,Demian Maia vs. Ben Askren,Demian Maia,-392.0
2019-10-26,UFC Fight Night: Maia vs. Askren,Demian Maia vs. Ben Askren,Ben Askren,392.0
2017-10-28,UFC Fight Night: Brunson vs. Machida,Demian Maia vs. Colby Covington,Demian Maia,111.0
2017-10-28,UFC Fight Night: Brunson vs. Machida,Demian Maia vs. Colby Covington,Colby Covington,-111.0
2018-05-19,UFC Fight Night: Maia vs. Usman,Demian Maia vs. Kamaru Usman,Demian Maia,256.0
2018-05-19,UFC Fight Night: Maia vs. Usman,Demian Maia vs. Kamaru Usman,Kamaru Usman,-256.0
2019-02-02,UFC Fight Night: Assuncao vs. Moraes 2,Demian Maia vs. Lyman Good,Demian Maia,-316.0
2019-02-02,UFC Fight Night: Assuncao vs. Moraes 2,Demian Maia vs. Lyman Good,Lyman Good,316.0
2018-01-27,UFC Fight Night: Jacare vs. Brunson 2,Dennis Bermudez vs. Andre Fili,Dennis Bermudez,-204.0
2018-01-27,UFC Fight Night: Jacare vs. Brunson 2,Dennis Bermudez vs. Andre Fili,Andre Fili,204.0
2018-07-14,UFC Fight Night: Dos Santos vs. Ivanov,Dennis Bermudez vs. Ricky Glenn,Dennis Bermudez,-363.0
2018-07-14,UFC Fight Night: Dos Santos vs. Ivanov,Dennis Bermudez vs. Ricky Glenn,Ricky Glenn,363.0
2019-01-19,UFC Fight Night: Cejudo vs. Dillashaw,Dennis Bermudez vs. Te Edwards,Dennis Bermudez,-363.0
2019-01-19,UFC Fight Night: Cejudo vs. Dillashaw,Dennis Bermudez vs. Te Edwards,Te Edwards,363.0
2019-05-04,UFC Fight Night: Iaquinta vs. Cowboy,Derek Brunson vs. Elias Theodorou,Derek Brunson,111.0
2019-05-04,UFC Fight Night: Iaquinta vs. Cowboy,Derek Brunson vs. Elias Theodorou,Elias Theodorou,-111.0
2019-08-17,UFC 241: Cormier vs. Miocic 2,Derek Brunson vs. Ian Heinisch,Derek Brunson,-111.0
2019-08-17,UFC 241: Cormier vs. Miocic 2,Derek Brunson vs. Ian Heinisch,Ian Heinisch,111.0
2018-11-03,UFC 230: Cormier vs. Lewis,Derek Brunson vs. Israel Adesanya,Derek Brunson,-100.0
2018-11-03,UFC 230: Cormier vs. Lewis,Derek Brunson vs. Israel Adesanya,Israel Adesanya,-100.0
2017-10-28,UFC Fight Night: Brunson vs. Machida,Derek Brunson vs. Lyoto Machida,Derek Brunson,-204.0
2017-10-28,UFC Fight Night: Brunson vs. Machida,Derek Brunson vs. Lyoto Machida,Lyoto Machida,204.0
2019-10-18,UFC Fight Night: Reyes vs. Weidman,Deron Winn vs. Darren Stewart,Deron Winn,204.0
2019-10-18,UFC Fight Night: Reyes vs. Weidman,Deron Winn vs. Darren Stewart,Darren Stewart,-204.0
2018-10-06,UFC 229: Khabib vs. McGregor,Derrick Lewis vs. Alexander Volkov,Derrick Lewis,-100.0
2018-10-06,UFC 229: Khabib vs. McGregor,Derrick Lewis vs. Alexander Volkov,Alexander Volkov,-100.0
2019-11-02,UFC 244: Masvidal vs. Diaz,Derrick Lewis vs. Blagoy Ivanov,Derrick Lewis,-106.0
2019-11-02,UFC 244: Masvidal vs. Diaz,Derrick Lewis vs. Blagoy Ivanov,Blagoy Ivanov,106.0
2020-02-08,UFC 247: Jones vs. Reyes,Derrick Lewis vs. Ilir Latifi,Derrick Lewis,-111.0
2020-02-08,UFC 247: Jones vs. Reyes,Derrick Lewis vs. Ilir Latifi,Ilir Latifi,111.0
2019-03-09,UFC Fight Night: Lewis vs. Dos Santos,Derrick Lewis vs. Junior Dos Santos,Derrick Lewis,204.0
2019-03-09,UFC Fight Night: Lewis vs. Dos Santos,Derrick Lewis vs. Junior Dos Santos,Junior Dos Santos,-204.0
2018-02-18,UFC Fight Night: Cerrone vs. Medeiros,Derrick Lewis vs. Marcin Tybura,Derrick Lewis,-111.0
2018-02-18,UFC Fight Night: Cerrone vs. Medeiros,Derrick Lewis vs. Marcin Tybura,Marcin Tybura,111.0
2018-06-01,UFC Fight Night: Rivera vs. Moraes,Desmond Green vs. Gleison Tibau,Desmond Green,-363.0
2018-06-01,UFC Fight Night: Rivera vs. Moraes,Desmond Green vs. Gleison Tibau,Gleison Tibau,363.0
2018-12-08,UFC 231: Holloway vs. Ortega,Devin Clark vs. Aleksandar Rakic,Devin Clark,135.0
2018-12-08,UFC 231: Holloway vs. Ortega,Devin Clark vs. Aleksandar Rakic,Aleksandar Rakic,-135.0
2020-02-15,UFC Fight Night: Anderson vs. Blachowicz,Devin Clark vs. Dequan Townsend,Devin Clark,-316.0
2020-02-15,UFC Fight Night: Anderson vs. Blachowicz,Devin Clark vs. Dequan Townsend,Dequan Townsend,316.0
2018-07-28,UFC Fight Night: Alvarez vs. Poirier 2,Devin Powell vs. Alvaro Herrera Mendoza,Devin Powell,106.0
2018-07-28,UFC Fight Night: Alvarez vs. Poirier 2,Devin Powell vs. Alvaro Herrera Mendoza,Alvaro Herrera Mendoza,-106.0
2019-02-09,UFC 234: Adesanya vs. Silva,Devonte Smith vs. Dong Hyun Ma,Devonte Smith,-204.0
2019-02-09,UFC 234: Adesanya vs. Silva,Devonte Smith vs. Dong Hyun Ma,Dong Hyun Ma,204.0
2018-04-14,UFC Fight Night: Poirier vs. Gaethje,Dhiego Lima vs. Yushin Okami,Dhiego Lima,-106.0
2018-04-14,UFC Fight Night: Poirier vs. Gaethje,Dhiego Lima vs. Yushin Okami,Yushin Okami,106.0
2018-05-19,UFC Fight Night: Maia vs. Usman,Diego Rivas vs. Guido Cannetti,Diego Rivas,106.0
2018-05-19,UFC Fight Night: Maia vs. Usman,Diego Rivas vs. Guido Cannetti,Guido Cannetti,-106.0
2018-09-08,UFC 228: Woodley vs. Till,Diego Sanchez vs. Craig White,Diego Sanchez,204.0
2018-09-08,UFC 228: Woodley vs. Till,Diego Sanchez vs. Craig White,Craig White,-204.0
2019-07-06,UFC 239: Jones vs. Santos,Diego Sanchez vs. Michael Chiesa,Diego Sanchez,363.0
2019-07-06,UFC 239: Jones vs. Santos,Diego Sanchez vs. Michael Chiesa,Michael Chiesa,-363.0
2020-02-15,UFC Fight Night: Anderson vs. Blachowicz,Diego Sanchez vs. Michel Pereira,Diego Sanchez,363.0
2020-02-15,UFC Fight Night: Anderson vs. Blachowicz,Diego Sanchez vs. Michel Pereira,Michel Pereira,-363.0
2019-03-02,UFC 235: Jones vs. Smith,Diego Sanchez vs. Mickey Gall,Diego Sanchez,363.0
2019-03-02,UFC 235: Jones vs. Smith,Diego Sanchez vs. Mickey Gall,Mickey Gall,-363.0
2017-10-21,UFC Fight Night: Cerrone vs. Till,Donald Cerrone vs. Darren Till,Donald Cerrone,148.0
2017-10-21,UFC Fight Night: Cerrone vs. Till,Donald Cerrone vs. Darren Till,Darren Till,-148.0
2019-09-14,UFC Fight Night: Cowboy vs. Gaethje,Donald Cerrone vs. Justin Gaethje,Donald Cerrone,-148.0
2019-09-14,UFC Fight Night: Cowboy vs. Gaethje,Donald Cerrone vs. Justin Gaethje,Justin Gaethje,148.0
2018-06-23,UFC Fight Night: Cowboy vs. Edwards,Donald Cerrone vs. Leon Edwards,Donald Cerrone,148.0
2018-06-23,UFC Fight Night: Cowboy vs. Edwards,Donald Cerrone vs. Leon Edwards,Leon Edwards,-148.0
2018-11-10,UFC Fight Night: Korean Zombie vs. Rodriguez,Donald Cerrone vs. Mike Perry,Donald Cerrone,148.0
2018-11-10,UFC Fight Night: Korean Zombie vs. Rodriguez,Donald Cerrone vs. Mike Perry,Mike Perry,-148.0
2018-02-18,UFC Fight Night: Cerrone vs. Medeiros,Donald Cerrone vs. Yancy Medeiros,Donald Cerrone,-139.0
2018-02-18,UFC Fight Night: Cerrone vs. Medeiros,Donald Cerrone vs. Yancy Medeiros,Yancy Medeiros,139.0
2019-12-21,UFC Fight Night: Edgar vs. The Korean Zombie,Dooho Choi vs. Charles Jourdain,Dooho Choi,-148.0
2019-12-21,UFC Fight Night: Edgar vs. The Korean Zombie,Dooho Choi vs. Charles Jourdain,Charles Jourdain,148.0
2018-02-03,UFC Fight Night: Machida vs. Anders,Douglas Silva de Andrade vs. Marlon Vera,Douglas Silva de Andrade,111.0
2018-02-03,UFC Fight Night: Machida vs. Anders,Douglas Silva de Andrade vs. Marlon Vera,Marlon Vera,-111.0
2018-12-29,UFC 232: Jones vs. Gustafsson 2,Douglas Silva de Andrade vs. Petr Yan,Douglas Silva de Andrade,316.0
2018-12-29,UFC 232: Jones vs. Gustafsson 2,Douglas Silva de Andrade vs. Petr Yan,Petr Yan,-316.0
2019-11-16,UFC Fight Night: Blachowicz vs. Jacare,Douglas Silva de Andrade vs. Renan Barao,Douglas Silva de Andrade,363.0
2019-11-16,UFC Fight Night: Blachowicz vs. Jacare,Douglas Silva de Andrade vs. Renan Barao,Renan Barao,-363.0
2018-01-27,UFC Fight Night: Jacare vs. Brunson 2,Drew Dober vs. Frank Camacho,Drew Dober,139.0
2018-01-27,UFC Fight Night: Jacare vs. Brunson 2,Drew Dober vs. Frank Camacho,Frank Camacho,-139.0
2018-08-25,UFC Fight Night: Gaethje vs. Vick,Drew Dober vs. Jon Tuck,Drew Dober,-100.0
2018-08-25,UFC Fight Night: Gaethje vs. Vick,Drew Dober vs. Jon Tuck,Jon Tuck,-100.0
2019-06-29,UFC Fight Night: Ngannou vs. Dos Santos,Drew Dober vs. Marco Polo Reyes,Drew Dober,-100.0
2019-06-29,UFC Fight Night: Ngannou vs. Dos Santos,Drew Dober vs. Marco Polo Reyes,Marco Polo Reyes,-100.0
2020-01-18,UFC 246: McGregor vs. Cowboy,Drew Dober vs. Nasrat Haqparast,Drew Dober,363.0
2020-01-18,UFC 246: McGregor vs. Cowboy,Drew Dober vs. Nasrat Haqparast,Nasrat Haqparast,-363.0
2018-01-20,UFC 220: Miocic vs. Ngannou,Dustin Ortiz vs. Alexandre Pantoja,Dustin Ortiz,-100.0
2018-01-20,UFC 220: Miocic vs. Ngannou,Dustin Ortiz vs. Alexandre Pantoja,Alexandre Pantoja,-100.0
2018-07-28,UFC Fight Night: Alvarez vs. Poirier 2,Dustin Ortiz vs. Matheus Nicolau,Dustin Ortiz,111.0
2018-07-28,UFC Fight Night: Alvarez vs. Poirier 2,Dustin Ortiz vs. Matheus Nicolau,Matheus Nicolau,-111.0
2017-11-11,UFC Fight Night: Poirier vs. Pettis,Dustin Poirier vs. Anthony Pettis,Dustin Poirier,-316.0
2017-11-11,UFC Fight Night: Poirier vs. Pettis,Dustin Poirier vs. Anthony Pettis,Anthony Pettis,316.0
2018-04-14,UFC Fight Night: Poirier vs. Gaethje,Dustin Poirier vs. Justin Gaethje,Dustin Poirier,-512.0
2018-04-14,UFC Fight Night: Poirier vs. Gaethje,Dustin Poirier vs. Justin Gaethje,Justin Gaethje,512.0
2019-02-23,UFC Fight Night: Blachowicz vs. Santos,Dwight Grant vs. Carlo Pedersoli Jr.,Dwight Grant,106.0
2019-02-23,UFC Fight Night: Blachowicz vs. Santos,Dwight Grant vs. Carlo Pedersoli Jr.,Carlo Pedersoli Jr.,-106.0
2018-07-28,UFC Fight Night: Alvarez vs. Poirier 2,Eddie Alvarez vs. Dustin Poirier,Eddie Alvarez,381.0
2018-07-28,UFC Fight Night: Alvarez vs. Poirier 2,Eddie Alvarez vs. Dustin Poirier,Dustin Poirier,-381.0
2017-12-02,UFC 218: Holloway vs. Aldo 2,Eddie Alvarez vs. Justin Gaethje,Eddie Alvarez,148.0
2017-12-02,UFC 218: Holloway vs. Aldo 2,Eddie Alvarez vs. Justin Gaethje,Justin Gaethje,-148.0
2018-07-14,UFC Fight Night: Dos Santos vs. Ivanov,Eddie Wineland vs. Alejandro Perez,Eddie Wineland,363.0
2018-07-14,UFC Fight Night: Dos Santos vs. Ivanov,Eddie Wineland vs. Alejandro Perez,Alejandro Perez,-363.0
2019-03-02,UFC 235: Jones vs. Smith,Edmen Shahbazyan vs. Charles Byrd,Edmen Shahbazyan,-237.0
2019-03-02,UFC 235: Jones vs. Smith,Edmen Shahbazyan vs. Charles Byrd,Charles Byrd,237.0
2019-07-06,UFC 239: Jones vs. Santos,Edmen Shahbazyan vs. Jack Marshman,Edmen Shahbazyan,-406.0
2019-07-06,UFC 239: Jones vs. Santos,Edmen Shahbazyan vs. Jack Marshman,Jack Marshman,406.0
2018-12-15,UFC Fight Night: Lee vs. Iaquinta,Edson Barboza vs. Dan Hooker,Edson Barboza,111.0
2018-12-15,UFC Fight Night: Lee vs. Iaquinta,Edson Barboza vs. Dan Hooker,Dan Hooker,-111.0
2019-03-30,UFC Fight Night: Barboza vs. Gaethje,Edson Barboza vs. Justin Gaethje,Edson Barboza,-196.0
2019-03-30,UFC Fight Night: Barboza vs. Gaethje,Edson Barboza vs. Justin Gaethje,Justin Gaethje,196.0
2018-04-21,UFC Fight Night: Barboza vs. Lee,Edson Barboza vs. Kevin Lee,Edson Barboza,363.0
2018-04-21,UFC Fight Night: Barboza vs. Lee,Edson Barboza vs. Kevin Lee,Kevin Lee,-363.0
2019-09-07,UFC 242: Khabib vs. Poirier,Edson Barboza vs. Paul Felder,Edson Barboza,111.0
2019-09-07,UFC 242: Khabib vs. Poirier,Edson Barboza vs. Paul Felder,Paul Felder,-111.0
2017-11-18,UFC Fight Night: Werdum vs. Tybura,Elias Theodorou vs. Daniel Kelly,Elias Theodorou,-363.0
2017-11-18,UFC Fight Night: Werdum vs. Tybura,Elias Theodorou vs. Daniel Kelly,Daniel Kelly,363.0
2018-12-08,UFC 231: Holloway vs. Ortega,Elias Theodorou vs. Eryk Anders,Elias Theodorou,-363.0
2018-12-08,UFC 231: Holloway vs. Ortega,Elias Theodorou vs. Eryk Anders,Eryk Anders,363.0
2018-05-27,UFC Fight Night: Thompson vs. Till,Elias Theodorou vs. Trevor Smith,Elias Theodorou,-316.0
2018-05-27,UFC Fight Night: Thompson vs. Till,Elias Theodorou vs. Trevor Smith,Trevor Smith,316.0
2019-03-09,UFC Fight Night: Lewis vs. Dos Santos,Elizeu Zaleski dos Santos vs. Curtis Millender,Elizeu Zaleski dos Santos,-256.0
2019-03-09,UFC Fight Night: Lewis vs. Dos Santos,Elizeu Zaleski dos Santos vs. Curtis Millender,Curtis Millender,256.0
2017-10-28,UFC Fight Night: Brunson vs. Machida,Elizeu Zaleski dos Santos vs. Max Griffin,Elizeu Zaleski dos Santos,-204.0
2017-10-28,UFC Fight Night: Brunson vs. Machida,Elizeu Zaleski dos Santos vs. Max Griffin,Max Griffin,204.0
2018-05-12,UFC 224: Nunes vs. Pennington,Elizeu Zaleski dos Santos vs. Sean Strickland,Elizeu Zaleski dos Santos,204.0
2018-05-12,UFC 224: Nunes vs. Pennington,Elizeu Zaleski dos Santos vs. Sean Strickland,Sean Strickland,-204.0
2018-07-22,UFC Fight Night: Shogun vs. Smith,Emil Meek vs. Bartosz Fabinski,Emil Meek,316.0
2018-07-22,UFC Fight Night: Shogun vs. Smith,Emil Meek vs. Bartosz Fabinski,Bartosz Fabinski,-316.0
2019-08-10,UFC Fight Night: Shevchenko vs. Carmouche 2,Enrique Barzola vs. Bobby Moffett,Enrique Barzola,-316.0
2019-08-10,UFC Fight Night: Shevchenko vs. Carmouche 2,Enrique Barzola vs. Bobby Moffett,Bobby Moffett,316.0
2018-05-19,UFC Fight Night: Maia vs. Usman,Enrique Barzola vs. Brandon Davis,Enrique Barzola,-111.0
2018-05-19,UFC Fight Night: Maia vs. Usman,Enrique Barzola vs. Brandon Davis,Brandon Davis,111.0
2019-03-30,UFC Fight Night: Barboza vs. Gaethje,Enrique Barzola vs. Kevin Aguilar,Enrique Barzola,-316.0
2019-03-30,UFC Fight Night: Barboza vs. Gaethje,Enrique Barzola vs. Kevin Aguilar,Kevin Aguilar,316.0
2019-10-26,UFC Fight Night: Maia vs. Askren,Enrique Barzola vs. Movsar Evloev,Enrique Barzola,-100.0
2019-10-26,UFC Fight Night: Maia vs. Askren,Enrique Barzola vs. Movsar Evloev,Movsar Evloev,-100.0
2018-02-24,UFC Fight Night: Emmett vs. Stephens,Eric Shelton vs. Alex Perez,Eric Shelton,-100.0
2018-02-24,UFC Fight Night: Emmett vs. Stephens,Eric Shelton vs. Alex Perez,Alex Perez,-100.0
2018-05-27,UFC Fight Night: Thompson vs. Till,Eric Spicely vs. Darren Stewart,Eric Spicely,106.0
2018-05-27,UFC Fight Night: Thompson vs. Till,Eric Spicely vs. Darren Stewart,Darren Stewart,-106.0
2017-12-01,The Ultimate Fighter: A New World Champion Finale,Eric Spicely vs. Gerald Meerschaert,Eric Spicely,-100.0
2017-12-01,The Ultimate Fighter: A New World Champion Finale,Eric Spicely vs. Gerald Meerschaert,Gerald Meerschaert,-100.0
2018-01-27,UFC Fight Night: Jacare vs. Brunson 2,Erik Koch vs. King Green,Erik Koch,204.0
2018-01-27,UFC Fight Night: Jacare vs. Brunson 2,Erik Koch vs. King Green,King Green,-204.0
2019-07-27,UFC 240: Holloway vs. Edgar,Erik Koch vs. Kyle Stewart,Erik Koch,106.0
2019-07-27,UFC 240: Holloway vs. Edgar,Erik Koch vs. Kyle Stewart,Kyle Stewart,-106.0
2019-10-12,UFC Fight Night: Joanna vs. Waterson,Eryk Anders vs. Gerald Meerschaert,Eryk Anders,-100.0
2019-10-12,UFC Fight Night: Joanna vs. Waterson,Eryk Anders vs. Gerald Meerschaert,Gerald Meerschaert,-100.0
2019-04-13,UFC 236: Holloway vs. Poirier 2,Eryk Anders vs. Khalil Rountree Jr.,Eryk Anders,-100.0
2019-04-13,UFC 236: Holloway vs. Poirier 2,Eryk Anders vs. Khalil Rountree Jr.,Khalil Rountree Jr.,-100.0
2018-08-25,UFC Fight Night: Gaethje vs. Vick,Eryk Anders vs. Tim Williams,Eryk Anders,-381.0
2018-08-25,UFC Fight Night: Gaethje vs. Vick,Eryk Anders vs. Tim Williams,Tim Williams,381.0
2019-06-29,UFC Fight Night: Ngannou vs. Dos Santos,Eryk Anders vs. Vinicius Moreira,Eryk Anders,-148.0
2019-06-29,UFC Fight Night: Ngannou vs. Dos Santos,Eryk Anders vs. Vinicius Moreira,Vinicius Moreira,148.0
2018-03-17,UFC Fight Night: Werdum vs. Volkov,Fabricio Werdum vs. Alexander Volkov,Fabricio Werdum,-100.0
2018-03-17,UFC Fight Night: Werdum vs. Volkov,Fabricio Werdum vs. Alexander Volkov,Alexander Volkov,-100.0
2017-11-18,UFC Fight Night: Werdum vs. Tybura,Fabricio Werdum vs. Marcin Tybura,Fabricio Werdum,-100.0
2017-11-18,UFC Fight Night: Werdum vs. Tybura,Fabricio Werdum vs. Marcin Tybura,Marcin Tybura,-100.0
2017-10-07,UFC 216: Ferguson vs. Lee,Fabricio Werdum vs. Walt Harris,Fabricio Werdum,-316.0
2017-10-07,UFC 216: Ferguson vs. Lee,Fabricio Werdum vs. Walt Harris,Walt Harris,316.0
2017-10-21,UFC Fight Night: Cerrone vs. Till,Felipe Arantes vs. Josh Emmett,Felipe Arantes,105.0
2017-10-21,UFC Fight Night: Cerrone vs. Till,Felipe Arantes vs. Josh Emmett,Josh Emmett,-105.0
2018-06-23,UFC Fight Night: Cowboy vs. Edwards,Felipe Arantes vs. Song Yadong,Felipe Arantes,363.0
2018-06-23,UFC Fight Night: Cowboy vs. Edwards,Felipe Arantes vs. Song Yadong,Song Yadong,-363.0
2019-02-17,UFC Fight Night: Ngannou vs. Velasquez,Francis Ngannou vs. Cain Velasquez,Francis Ngannou,179.0
2019-02-17,UFC Fight Night: Ngannou vs. Velasquez,Francis Ngannou vs. Cain Velasquez,Cain Velasquez,-179.0
2018-07-07,UFC 226: Miocic vs. Cormier,Francis Ngannou vs. Derrick Lewis,Francis Ngannou,-100.0
2018-07-07,UFC 226: Miocic vs. Cormier,Francis Ngannou vs. Derrick Lewis,Derrick Lewis,-100.0
2019-06-29,UFC Fight Night: Ngannou vs. Dos Santos,Francis Ngannou vs. Junior Dos Santos,Francis Ngannou,106.0
2019-06-29,UFC Fight Night: Ngannou vs. Dos Santos,Francis Ngannou vs. Junior Dos Santos,Junior Dos Santos,-106.0
2017-10-28,UFC Fight Night: Brunson vs. Machida,Francisco Trinaldo vs. Jim Miller,Francisco Trinaldo,-363.0
2017-10-28,UFC Fight Night: Brunson vs. Machida,Francisco Trinaldo vs. Jim Miller,Jim Miller,363.0
2019-11-16,UFC Fight Night: Blachowicz vs. Jacare,Francisco Trinaldo vs. King Green,Francisco Trinaldo,-204.0
2019-11-16,UFC Fight Night: Blachowicz vs. Jacare,Francisco Trinaldo vs. King Green,King Green,204.0
2019-10-26,UFC Fight Night: Maia vs. Askren,Frank Camacho vs. Beneil Dariush,Frank Camacho,316.0
2019-10-26,UFC Fight Night: Maia vs. Askren,Frank Camacho vs. Beneil Dariush,Beneil Dariush,-316.0
2019-12-21,UFC Fight Night: Edgar vs. The Korean Zombie,Frankie Edgar vs. Chan Sung Jung,Frankie Edgar,-363.0
2019-12-21,UFC Fight Night: Edgar vs. The Korean Zombie,Frankie Edgar vs. Chan Sung Jung,Chan Sung Jung,363.0
2018-04-21,UFC Fight Night: Barboza vs. Lee,Frankie Edgar vs. Cub Swanson,Frankie Edgar,-148.0
2018-04-21,UFC Fight Night: Barboza vs. Lee,Frankie Edgar vs. Cub Swanson,Cub Swanson,148.0
2018-05-19,UFC Fight Night: Maia vs. Usman,Gabriel Benitez vs. Humberto Bandenay,Gabriel Benitez,-106.0
2018-05-19,UFC Fight Night: Maia vs. Usman,Gabriel Benitez vs. Humberto Bandenay,Humberto Bandenay,106.0
2019-08-17,UFC 241: Cormier vs. Miocic 2,Gabriel Benitez vs. Sodiq Yusuff,Gabriel Benitez,-129.0
2019-08-17,UFC 241: Cormier vs. Miocic 2,Gabriel Benitez vs. Sodiq Yusuff,Sodiq Yusuff,129.0
2018-07-28,UFC Fight Night: Alvarez vs. Poirier 2,Gadzhimurad Antigulov vs. Ion Cutelaba,Gadzhimurad Antigulov,-111.0
2018-07-28,UFC Fight Night: Alvarez vs. Poirier 2,Gadzhimurad Antigulov vs. Ion Cutelaba,Ion Cutelaba,111.0
2019-04-20,UFC Fight Night: Overeem vs. Oleinik,Gadzhimurad Antigulov vs. Michal Oleksiejczuk,Gadzhimurad Antigulov,148.0
2019-04-20,UFC Fight Night: Overeem vs. Oleinik,Gadzhimurad Antigulov vs. Michal Oleksiejczuk,Michal Oleksiejczuk,-148.0
2019-07-27,UFC 240: Holloway vs. Edgar,Gavin Tucker vs. SeungWoo Choi,Gavin Tucker,111.0
2019-07-27,UFC 240: Holloway vs. Edgar,Gavin Tucker vs. SeungWoo Choi,SeungWoo Choi,-111.0
2018-09-08,UFC 228: Woodley vs. Till,Geoff Neal vs. Frank Camacho,Geoff Neal,-229.0
2018-09-08,UFC 228: Woodley vs. Till,Geoff Neal vs. Frank Camacho,Frank Camacho,229.0
2019-12-14,UFC 245: Usman vs. Covington,Geoff Neal vs. Mike Perry,Geoff Neal,-100.0
2019-12-14,UFC 245: Usman vs. Covington,Geoff Neal vs. Mike Perry,Mike Perry,-100.0
2019-07-27,UFC 240: Holloway vs. Edgar,Geoff Neal vs. Niko Price,Geoff Neal,-172.0
2019-07-27,UFC 240: Holloway vs. Edgar,Geoff Neal vs. Niko Price,Niko Price,172.0
2018-12-15,UFC Fight Night: Lee vs. Iaquinta,Gerald Meerschaert vs. Jack Hermansson,Gerald Meerschaert,-100.0
2018-12-15,UFC Fight Night: Lee vs. Iaquinta,Gerald Meerschaert vs. Jack Hermansson,Jack Hermansson,-100.0
2018-07-06,The Ultimate Fighter: Undefeated Finale,Gerald Meerschaert vs. Oskar Piechota,Gerald Meerschaert,111.0
2018-07-06,The Ultimate Fighter: Undefeated Finale,Gerald Meerschaert vs. Oskar Piechota,Oskar Piechota,-111.0
2019-08-10,UFC Fight Night: Shevchenko vs. Carmouche 2,Geraldo de Freitas vs. Chris Gutierrez,Geraldo de Freitas,-204.0
2019-08-10,UFC Fight Night: Shevchenko vs. Carmouche 2,Geraldo de Freitas vs. Chris Gutierrez,Chris Gutierrez,204.0
2018-10-27,UFC Fight Night: Oezdemir vs. Smith,Gian Villante vs. Ed Herman,Gian Villante,106.0
2018-10-27,UFC Fight Night: Oezdemir vs. Smith,Gian Villante vs. Ed Herman,Ed Herman,-106.0
2018-01-20,UFC 220: Miocic vs. Ngannou,Gian Villante vs. Francimar Barroso,Gian Villante,-100.0
2018-01-20,UFC 220: Miocic vs. Ngannou,Gian Villante vs. Francimar Barroso,Francimar Barroso,-100.0
2018-06-01,UFC Fight Night: Rivera vs. Moraes,Gian Villante vs. Sam Alvey,Gian Villante,106.0
2018-06-01,UFC Fight Night: Rivera vs. Moraes,Gian Villante vs. Sam Alvey,Sam Alvey,-106.0
2019-08-10,UFC Fight Night: Shevchenko vs. Carmouche 2,Gilbert Burns vs. Aleksei Kunchenko,Gilbert Burns,-129.0
2019-08-10,UFC Fight Night: Shevchenko vs. Carmouche 2,Gilbert Burns vs. Aleksei Kunchenko,Aleksei Kunchenko,129.0
2019-07-06,UFC 239: Jones vs. Santos,Gilbert Melendez vs. Arnold Allen,Gilbert Melendez,381.0
2019-07-06,UFC 239: Jones vs. Santos,Gilbert Melendez vs. Arnold Allen,Arnold Allen,-381.0
2018-07-22,UFC Fight Night: Shogun vs. Smith,Glover Teixeira vs. Corey Anderson,Glover Teixeira,363.0
2018-07-22,UFC Fight Night: Shogun vs. Smith,Glover Teixeira vs. Corey Anderson,Corey Anderson,-363.0
2019-04-27,UFC Fight Night: Jacare vs. Hermansson,Glover Teixeira vs. Ion Cutelaba,Glover Teixeira,111.0
2019-04-27,UFC Fight Night: Jacare vs. Hermansson,Glover Teixeira vs. Ion Cutelaba,Ion Cutelaba,-111.0
2019-01-19,UFC Fight Night: Cejudo vs. Dillashaw,Glover Teixeira vs. Karl Roberson,Glover Teixeira,204.0
2019-01-19,UFC Fight Night: Cejudo vs. Dillashaw,Glover Teixeira vs. Karl Roberson,Karl Roberson,-204.0
2017-12-16,UFC Fight Night: Lawler vs. Dos Anjos,Glover Teixeira vs. Misha Cirkunov,Glover Teixeira,316.0
2017-12-16,UFC Fight Night: Lawler vs. Dos Anjos,Glover Teixeira vs. Misha Cirkunov,Misha Cirkunov,-316.0
2019-09-14,UFC Fight Night: Cowboy vs. Gaethje,Glover Teixeira vs. Nikita Krylov,Glover Teixeira,363.0
2019-09-14,UFC Fight Night: Cowboy vs. Gaethje,Glover Teixeira vs. Nikita Krylov,Nikita Krylov,-363.0
2018-07-07,UFC 226: Miocic vs. Cormier,Gokhan Saki vs. Khalil Rountree Jr.,Gokhan Saki,-106.0
2018-07-07,UFC 226: Miocic vs. Cormier,Gokhan Saki vs. Khalil Rountree Jr.,Khalil Rountree Jr.,106.0
2019-04-27,UFC Fight Night: Jacare vs. Hermansson,Greg Hardy vs. Dmitrii Smoliakov,Greg Hardy,-363.0
2019-04-27,UFC Fight Night: Jacare vs. Hermansson,Greg Hardy vs. Dmitrii Smoliakov,Dmitrii Smoliakov,363.0
2019-07-20,UFC Fight Night: Dos Anjos vs. Edwards,Greg Hardy vs. Juan Adams,Greg Hardy,-100.0
2019-07-20,UFC Fight Night: Dos Anjos vs. Edwards,Greg Hardy vs. Juan Adams,Juan Adams,-100.0
2018-06-01,UFC Fight Night: Rivera vs. Moraes,Gregor Gillespie vs. Vinc Pichel,Gregor Gillespie,-148.0
2018-06-01,UFC Fight Night: Rivera vs. Moraes,Gregor Gillespie vs. Vinc Pichel,Vinc Pichel,148.0
2019-01-19,UFC Fight Night: Cejudo vs. Dillashaw,Gregor Gillespie vs. Yancy Medeiros,Gregor Gillespie,-316.0
2019-01-19,UFC Fight Night: Cejudo vs. Dillashaw,Gregor Gillespie vs. Yancy Medeiros,Yancy Medeiros,316.0
2019-11-09,UFC Fight Night: Zabit vs. Kattar,Grigory Popov vs. Davey Grant,Grigory Popov,316.0
2019-11-09,UFC Fight Night: Zabit vs. Kattar,Grigory Popov vs. Davey Grant,Davey Grant,-316.0
2018-11-17,UFC Fight Night: Magny vs. Ponzinibbio,Guido Cannetti vs. Marlon Vera,Guido Cannetti,106.0
2018-11-17,UFC Fight Night: Magny vs. Ponzinibbio,Guido Cannetti vs. Marlon Vera,Marlon Vera,-106.0
2019-09-28,UFC Fight Night: Hermansson vs. Cannonier,Gunnar Nelson vs. Gilbert Burns,Gunnar Nelson,129.0
2019-09-28,UFC Fight Night: Hermansson vs. Cannonier,Gunnar Nelson vs. Gilbert Burns,Gilbert Burns,-129.0
2017-10-28,UFC Fight Night: Brunson vs. Machida,Hacran Dias vs. Jared Gordon,Hacran Dias,381.0
2017-10-28,UFC Fight Night: Brunson vs. Machida,Hacran Dias vs. Jared Gordon,Jared Gordon,-381.0
2018-07-28,UFC Fight Night: Alvarez vs. Poirier 2,Hakeem Dawodu vs. Austin Arnett,Hakeem Dawodu,-316.0
2018-07-28,UFC Fight Night: Alvarez vs. Poirier 2,Hakeem Dawodu vs. Austin Arnett,Austin Arnett,316.0
2018-12-08,UFC 231: Holloway vs. Ortega,Hakeem Dawodu vs. Kyle Bochniak,Hakeem Dawodu,-363.0
2018-12-08,UFC 231: Holloway vs. Ortega,Hakeem Dawodu vs. Kyle Bochniak,Kyle Bochniak,363.0
2018-05-19,UFC Fight Night: Maia vs. Usman,Henry Briones vs. Frankie Saenz,Henry Briones,316.0
2018-05-19,UFC Fight Night: Maia vs. Usman,Henry Briones vs. Frankie Saenz,Frankie Saenz,-316.0
2019-06-08,UFC 238: Cejudo vs. Moraes,Henry Cejudo vs. Marlon Moraes,Henry Cejudo,-106.0
2019-06-08,UFC 238: Cejudo vs. Moraes,Henry Cejudo vs. Marlon Moraes,Marlon Moraes,106.0
2017-12-02,UFC 218: Holloway vs. Aldo 2,Henry Cejudo vs. Sergio Pettis,Henry Cejudo,135.0
2017-12-02,UFC 218: Holloway vs. Aldo 2,Henry Cejudo vs. Sergio Pettis,Sergio Pettis,-135.0
2019-01-19,UFC Fight Night: Cejudo vs. Dillashaw,Henry Cejudo vs. TJ Dillashaw,Henry Cejudo,204.0
2019-01-19,UFC Fight Night: Cejudo vs. Dillashaw,Henry Cejudo vs. TJ Dillashaw,TJ Dillashaw,-204.0
2018-11-24,UFC Fight Night: Blaydes vs. Ngannou 2,Hu Yaozong vs. Rashad Coulter,Hu Yaozong,-316.0
2018-11-24,UFC Fight Night: Blaydes vs. Ngannou 2,Hu Yaozong vs. Rashad Coulter,Rashad Coulter,316.0
2018-11-17,UFC Fight Night: Magny vs. Ponzinibbio,Humberto Bandenay vs. Austin Arnett,Humberto Bandenay,-256.0
2018-11-17,UFC Fight Night: Magny vs. Ponzinibbio,Humberto Bandenay vs. Austin Arnett,Austin Arnett,256.0
2019-12-14,UFC 245: Usman vs. Covington,Ian Heinisch vs. Omari Akhmedov,Ian Heinisch,153.0
2019-12-14,UFC 245: Usman vs. Covington,Ian Heinisch vs. Omari Akhmedov,Omari Akhmedov,-153.0
2018-12-29,UFC 232: Jones vs. Gustafsson 2,Ilir Latifi vs. Corey Anderson,Ilir Latifi,363.0
2018-12-29,UFC 232: Jones vs. Gustafsson 2,Ilir Latifi vs. Corey Anderson,Corey Anderson,-363.0
2019-09-28,UFC Fight Night: Hermansson vs. Cannonier,Ion Cutelaba vs. Khalil Rountree Jr.,Ion Cutelaba,-153.0
2019-09-28,UFC Fight Night: Hermansson vs. Cannonier,Ion Cutelaba vs. Khalil Rountree Jr.,Khalil Rountree Jr.,153.0
2019-09-07,UFC 242: Khabib vs. Poirier,Islam Makhachev vs. Davi Ramos,Islam Makhachev,-316.0
2019-09-07,UFC 242: Khabib vs. Poirier,Islam Makhachev vs. Davi Ramos,Davi Ramos,316.0
2018-01-20,UFC 220: Miocic vs. Ngannou,Islam Makhachev vs. Gleison Tibau,Islam Makhachev,-363.0
2018-01-20,UFC 220: Miocic vs. Ngannou,Islam Makhachev vs. Gleison Tibau,Gleison Tibau,363.0
2019-07-06,UFC 239: Jones vs. Santos,Ismail Naurdiev vs. Chance Rencountre,Ismail Naurdiev,-363.0
2019-07-06,UFC 239: Jones vs. Santos,Ismail Naurdiev vs. Chance Rencountre,Chance Rencountre,363.0
2019-02-09,UFC 234: Adesanya vs. Silva,Israel Adesanya vs. Anderson Silva,Israel Adesanya,-256.0
2019-02-09,UFC 234: Adesanya vs. Silva,Israel Adesanya vs. Anderson Silva,Anderson Silva,256.0
2018-04-14,UFC Fight Night: Poirier vs. Gaethje,Israel Adesanya vs. Marvin Vettori,Israel Adesanya,316.0
2018-04-14,UFC Fight Night: Poirier vs. Gaethje,Israel Adesanya vs. Marvin Vettori,Marvin Vettori,-316.0
2018-02-03,UFC Fight Night: Machida vs. Anders,Iuri Alcantara vs. Joe Soto,Iuri Alcantara,-111.0
2018-02-03,UFC Fight Night: Machida vs. Anders,Iuri Alcantara vs. Joe Soto,Joe Soto,111.0
2018-01-27,UFC Fight Night: Jacare vs. Brunson 2,Jacare Souza vs. Derek Brunson,Jacare Souza,316.0
2018-01-27,UFC Fight Night: Jacare vs. Brunson 2,Jacare Souza vs. Derek Brunson,Derek Brunson,-316.0
2019-04-27,UFC Fight Night: Jacare vs. Hermansson,Jacare Souza vs. Jack Hermansson,Jacare Souza,106.0
2019-04-27,UFC Fight Night: Jacare vs. Hermansson,Jacare Souza vs. Jack Hermansson,Jack Hermansson,-106.0
2018-05-12,UFC 224: Nunes vs. Pennington,Jacare Souza vs. Kelvin Gastelum,Jacare Souza,363.0
2018-05-12,UFC 224: Nunes vs. Pennington,Jacare Souza vs. Kelvin Gastelum,Kelvin Gastelum,-363.0
2019-09-28,UFC Fight Night: Hermansson vs. Cannonier,Jack Hermansson vs. Jared Cannonier,Jack Hermansson,-316.0
2019-09-28,UFC Fight Night: Hermansson vs. Cannonier,Jack Hermansson vs. Jared Cannonier,Jared Cannonier,316.0
2019-03-16,UFC Fight Night: Till vs. Masvidal,Jack Marshman vs. John Phillips,Jack Marshman,-204.0
2019-03-16,UFC Fight Night: Till vs. Masvidal,Jack Marshman vs. John Phillips,John Phillips,204.0
2017-11-11,UFC Fight Night: Poirier vs. Pettis,Jake Collier vs. Marcel Fortuna,Jake Collier,106.0
2017-11-11,UFC Fight Night: Poirier vs. Pettis,Jake Collier vs. Marcel Fortuna,Marcel Fortuna,-106.0
2018-06-01,UFC Fight Night: Rivera vs. Moraes,Jake Ellenberger vs. Ben Saunders,Jake Ellenberger,-100.0
2018-06-01,UFC Fight Night: Rivera vs. Moraes,Jake Ellenberger vs. Ben Saunders,Ben Saunders,-100.0
2018-08-25,UFC Fight Night: Gaethje vs. Vick,Jake Ellenberger vs. Bryan Barberena,Jake Ellenberger,363.0
2018-08-25,UFC Fight Night: Gaethje vs. Vick,Jake Ellenberger vs. Bryan Barberena,Bryan Barberena,-363.0
2018-12-01,UFC Fight Night: Dos Santos vs. Tuivasa,Jake Matthews vs. Anthony Rocco Martin,Jake Matthews,-111.0
2018-12-01,UFC Fight Night: Dos Santos vs. Tuivasa,Jake Matthews vs. Anthony Rocco Martin,Anthony Rocco Martin,111.0
2017-11-18,UFC Fight Night: Werdum vs. Tybura,Jake Matthews vs. Bojan Velickovic,Jake Matthews,-204.0
2017-11-18,UFC Fight Night: Werdum vs. Tybura,Jake Matthews vs. Bojan Velickovic,Bojan Velickovic,204.0
2018-02-10,UFC 221: Romero vs. Rockhold,Jake Matthews vs. Li Jingliang,Jake Matthews,106.0
2018-02-10,UFC 221: Romero vs. Rockhold,Jake Matthews vs. Li Jingliang,Li Jingliang,-106.0
2019-10-05,UFC 243: Whittaker vs. Adesanya,Jake Matthews vs. Rostem Akman,Jake Matthews,-316.0
2019-10-05,UFC 243: Whittaker vs. Adesanya,Jake Matthews vs. Rostem Akman,Rostem Akman,316.0
2019-04-13,UFC 236: Holloway vs. Poirier 2,Jalin Turner vs. Matt Frevola,Jalin Turner,-139.0
2019-04-13,UFC 236: Holloway vs. Poirier 2,Jalin Turner vs. Matt Frevola,Matt Frevola,139.0
2018-01-14,UFC Fight Night: Stephens vs. Choi,James Krause vs. Alex White,James Krause,-106.0
2018-01-14,UFC Fight Night: Stephens vs. Choi,James Krause vs. Alex White,Alex White,106.0
2018-08-25,UFC Fight Night: Gaethje vs. Vick,James Krause vs. Warlley Alves,James Krause,135.0
2018-08-25,UFC Fight Night: Gaethje vs. Vick,James Krause vs. Warlley Alves,Warlley Alves,-135.0
2019-07-20,UFC Fight Night: Dos Anjos vs. Edwards,James Vick vs. Dan Hooker,James Vick,-316.0
2019-07-20,UFC Fight Night: Dos Anjos vs. Edwards,James Vick vs. Dan Hooker,Dan Hooker,316.0
2018-02-18,UFC Fight Night: Cerrone vs. Medeiros,James Vick vs. Francisco Trinaldo,James Vick,106.0
2018-02-18,UFC Fight Night: Cerrone vs. Medeiros,James Vick vs. Francisco Trinaldo,Francisco Trinaldo,-106.0
2017-11-04,UFC 217: Bisping vs. St-Pierre,James Vick vs. Joe Duffy,James Vick,-106.0
2017-11-04,UFC 217: Bisping vs. St-Pierre,James Vick vs. Joe Duffy,Joe Duffy,106.0
2019-02-17,UFC Fight Night: Ngannou vs. Velasquez,James Vick vs. Paul Felder,James Vick,-179.0
2019-02-17,UFC Fight Night: Ngannou vs. Velasquez,James Vick vs. Paul Felder,Paul Felder,179.0
2017-10-21,UFC Fight Night: Cerrone vs. Till,Jan Blachowicz vs. Devin Clark,Jan Blachowicz,316.0
2017-10-21,UFC Fight Night: Cerrone vs. Till,Jan Blachowicz vs. Devin Clark,Devin Clark,-316.0
2019-11-16,UFC Fight Night: Blachowicz vs. Jacare,Jan Blachowicz vs. Jacare Souza,Jan Blachowicz,-100.0
2019-11-16,UFC Fight Night: Blachowicz vs. Jacare,Jan Blachowicz vs. Jacare Souza,Jacare Souza,-100.0
2019-07-06,UFC 239: Jones vs. Santos,Jan Blachowicz vs. Luke Rockhold,Jan Blachowicz,-105.0
2019-07-06,UFC 239: Jones vs. Santos,Jan Blachowicz vs. Luke Rockhold,Luke Rockhold,105.0
2018-09-15,UFC Fight Night: Hunt vs. Oleinik,Jan Blachowicz vs. Nikita Krylov,Jan Blachowicz,316.0
2018-09-15,UFC Fight Night: Hunt vs. Oleinik,Jan Blachowicz vs. Nikita Krylov,Nikita Krylov,-316.0
2019-02-23,UFC Fight Night: Blachowicz vs. Santos,Jan Blachowicz vs. Thiago Santos,Jan Blachowicz,111.0
2019-02-23,UFC Fight Night: Blachowicz vs. Santos,Jan Blachowicz vs. Thiago Santos,Thiago Santos,-111.0
2019-05-11,UFC 237: Namajunas vs. Andrade,Jared Cannonier vs. Anderson Silva,Jared Cannonier,-100.0
2019-05-11,UFC 237: Namajunas vs. Andrade,Jared Cannonier vs. Anderson Silva,Anderson Silva,-100.0
2018-05-19,UFC Fight Night: Maia vs. Usman,Jared Cannonier vs. Dominick Reyes,Jared Cannonier,316.0
2018-05-19,UFC Fight Night: Maia vs. Usman,Jared Cannonier vs. Dominick Reyes,Dominick Reyes,-316.0
2017-12-16,UFC Fight Night: Lawler vs. Dos Anjos,Jared Cannonier vs. Jan Blachowicz,Jared Cannonier,-105.0
2017-12-16,UFC Fight Night: Lawler vs. Dos Anjos,Jared Cannonier vs. Jan Blachowicz,Jan Blachowicz,105.0
2019-06-29,UFC Fight Night: Ngannou vs. Dos Santos,Jared Gordon vs. Dan Moret,Jared Gordon,-363.0
2019-06-29,UFC Fight Night: Ngannou vs. Dos Santos,Jared Gordon vs. Dan Moret,Dan Moret,363.0
2018-02-18,UFC Fight Night: Cerrone vs. Medeiros,Jared Gordon vs. Diego Ferreira,Jared Gordon,-256.0
2018-02-18,UFC Fight Night: Cerrone vs. Medeiros,Jared Gordon vs. Diego Ferreira,Diego Ferreira,256.0
2018-12-15,UFC Fight Night: Lee vs. Iaquinta,Jared Gordon vs. Joaquim Silva,Jared Gordon,-111.0
2018-12-15,UFC Fight Night: Lee vs. Iaquinta,Jared Gordon vs. Joaquim Silva,Joaquim Silva,111.0
2017-12-09,UFC Fight Night: Swanson vs. Ortega,Jason Knight vs. Gabriel Benitez,Jason Knight,106.0
2017-12-09,UFC Fight Night: Swanson vs. Ortega,Jason Knight vs. Gabriel Benitez,Gabriel Benitez,-106.0
2018-11-03,UFC 230: Cormier vs. Lewis,Jason Knight vs. Jordan Rinaldi,Jason Knight,-363.0
2018-11-03,UFC 230: Cormier vs. Lewis,Jason Knight vs. Jordan Rinaldi,Jordan Rinaldi,363.0
2018-05-27,UFC Fight Night: Thompson vs. Till,Jason Knight vs. Makwan Amirkhani,Jason Knight,-111.0
2018-05-27,UFC Fight Night: Thompson vs. Till,Jason Knight vs. Makwan Amirkhani,Makwan Amirkhani,111.0
2017-11-18,UFC Fight Night: Werdum vs. Tybura,Jenel Lausa vs. Eric Shelton,Jenel Lausa,111.0
2017-11-18,UFC Fight Night: Werdum vs. Tybura,Jenel Lausa vs. Eric Shelton,Eric Shelton,-111.0
2018-06-23,UFC Fight Night: Cowboy vs. Edwards,Jenel Lausa vs. Yuta Sasaki,Jenel Lausa,106.0
2018-06-23,UFC Fight Night: Cowboy vs. Edwards,Jenel Lausa vs. Yuta Sasaki,Yuta Sasaki,-106.0
2017-12-02,UFC 218: Holloway vs. Aldo 2,Jeremy Kimball vs. Dominick Reyes,Jeremy Kimball,129.0
2017-12-02,UFC 218: Holloway vs. Aldo 2,Jeremy Kimball vs. Dominick Reyes,Dominick Reyes,-129.0
2018-01-14,UFC Fight Night: Stephens vs. Choi,Jeremy Stephens vs. Dooho Choi,Jeremy Stephens,-111.0
2018-01-14,UFC Fight Night: Stephens vs. Choi,Jeremy Stephens vs. Dooho Choi,Dooho Choi,111.0
2019-03-02,UFC 235: Jones vs. Smith,Jeremy Stephens vs. Zabit Magomedsharipov,Jeremy Stephens,256.0
2019-03-02,UFC 235: Jones vs. Smith,Jeremy Stephens vs. Zabit Magomedsharipov,Zabit Magomedsharipov,-256.0
2018-09-08,UFC 228: Woodley vs. Till,Jim Miller vs. Alex White,Jim Miller,204.0
2018-09-08,UFC 228: Woodley vs. Till,Jim Miller vs. Alex White,Alex White,-204.0
2018-12-15,UFC Fight Night: Lee vs. Iaquinta,Jim Miller vs. Charles Oliveira,Jim Miller,363.0
2018-12-15,UFC Fight Night: Lee vs. Iaquinta,Jim Miller vs. Charles Oliveira,Charles Oliveira,-363.0
2019-08-03,UFC Fight Night: Covington vs. Lawler,Jim Miller vs. Clay Guida,Jim Miller,363.0
2019-08-03,UFC Fight Night: Covington vs. Lawler,Jim Miller vs. Clay Guida,Clay Guida,-363.0
2018-04-21,UFC Fight Night: Barboza vs. Lee,Jim Miller vs. Dan Hooker,Jim Miller,111.0
2018-04-21,UFC Fight Night: Barboza vs. Lee,Jim Miller vs. Dan Hooker,Dan Hooker,-111.0
2019-04-27,UFC Fight Night: Jacare vs. Hermansson,Jim Miller vs. Jason Gonzalez,Jim Miller,316.0
2019-04-27,UFC Fight Night: Jacare vs. Hermansson,Jim Miller vs. Jason Gonzalez,Jason Gonzalez,-316.0
2020-02-15,UFC Fight Night: Anderson vs. Blachowicz,Jim Miller vs. Scott Holtzman,Jim Miller,381.0
2020-02-15,UFC Fight Night: Anderson vs. Blachowicz,Jim Miller vs. Scott Holtzman,Scott Holtzman,-381.0
2019-06-01,UFC Fight Night: Gustafsson vs. Smith,Jimi Manuwa vs. Aleksandar Rakic,Jimi Manuwa,363.0
2019-06-01,UFC Fight Night: Gustafsson vs. Smith,Jimi Manuwa vs. Aleksandar Rakic,Aleksandar Rakic,-363.0
2018-03-17,UFC Fight Night: Werdum vs. Volkov,Jimi Manuwa vs. Jan Blachowicz,Jimi Manuwa,111.0
2018-03-17,UFC Fight Night: Werdum vs. Volkov,Jimi Manuwa vs. Jan Blachowicz,Jan Blachowicz,-111.0
2018-12-08,UFC 231: Holloway vs. Ortega,Jimi Manuwa vs. Thiago Santos,Jimi Manuwa,363.0
2018-12-08,UFC 231: Holloway vs. Ortega,Jimi Manuwa vs. Thiago Santos,Thiago Santos,-363.0
2018-09-08,UFC 228: Woodley vs. Till,Jimmie Rivera vs. John Dodson,Jimmie Rivera,106.0
2018-09-08,UFC 228: Woodley vs. Till,Jimmie Rivera vs. John Dodson,John Dodson,-106.0
2018-06-01,UFC Fight Night: Rivera vs. Moraes,Jimmie Rivera vs. Marlon Moraes,Jimmie Rivera,-111.0
2018-06-01,UFC Fight Night: Rivera vs. Moraes,Jimmie Rivera vs. Marlon Moraes,Marlon Moraes,111.0
2019-06-08,UFC 238: Cejudo vs. Moraes,Jimmie Rivera vs. Petr Yan,Jimmie Rivera,111.0
2019-06-08,UFC 238: Cejudo vs. Moraes,Jimmie Rivera vs. Petr Yan,Petr Yan,-111.0
2019-02-09,UFC 234: Adesanya vs. Silva,Jimmy Crute vs. Sam Alvey,Jimmy Crute,-256.0
2019-02-09,UFC 234: Adesanya vs. Silva,Jimmy Crute vs. Sam Alvey,Sam Alvey,256.0
2019-08-03,UFC Fight Night: Covington vs. Lawler,Joaquim Silva vs. Nasrat Haqparast,Joaquim Silva,363.0
2019-08-03,UFC Fight Night: Covington vs. Lawler,Joaquim Silva vs. Nasrat Haqparast,Nasrat Haqparast,-363.0
2018-04-07,UFC 223: Khabib vs. Iaquinta,Joe Lauzon vs. Chris Gruetzemacher,Joe Lauzon,256.0
2018-04-07,UFC 223: Khabib vs. Iaquinta,Joe Lauzon vs. Chris Gruetzemacher,Chris Gruetzemacher,-256.0
2017-11-11,UFC Fight Night: Poirier vs. Pettis,Joe Lauzon vs. Clay Guida,Joe Lauzon,363.0
2017-11-11,UFC Fight Night: Poirier vs. Pettis,Joe Lauzon vs. Clay Guida,Clay Guida,-363.0
2017-12-01,The Ultimate Fighter: A New World Champion Finale,Joe Soto vs. Brett Johns,Joe Soto,363.0
2017-12-01,The Ultimate Fighter: A New World Champion Finale,Joe Soto vs. Brett Johns,Brett Johns,-363.0
2017-11-11,UFC Fight Night: Poirier vs. Pettis,John Dodson vs. Marlon Moraes,John Dodson,-204.0
2017-11-11,UFC Fight Night: Poirier vs. Pettis,John Dodson vs. Marlon Moraes,Marlon Moraes,204.0
2020-02-15,UFC Fight Night: Anderson vs. Blachowicz,John Dodson vs. Nathaniel Wood,John Dodson,106.0
2020-02-15,UFC Fight Night: Anderson vs. Blachowicz,John Dodson vs. Nathaniel Wood,Nathaniel Wood,-106.0
2018-03-03,UFC 222: Cyborg vs. Kunitskaya,John Dodson vs. Pedro Munhoz,John Dodson,-316.0
2018-03-03,UFC 222: Cyborg vs. Kunitskaya,John Dodson vs. Pedro Munhoz,Pedro Munhoz,316.0
2019-02-23,UFC Fight Night: Blachowicz vs. Santos,John Dodson vs. Petr Yan,John Dodson,111.0
2019-02-23,UFC Fight Night: Blachowicz vs. Santos,John Dodson vs. Petr Yan,Petr Yan,-111.0
2018-05-12,UFC 224: Nunes vs. Pennington,John Lineker vs. Brian Kelleher,John Lineker,-316.0
2018-05-12,UFC 224: Nunes vs. Pennington,John Lineker vs. Brian Kelleher,Brian Kelleher,316.0
2019-04-27,UFC Fight Night: Jacare vs. Hermansson,John Lineker vs. Cory Sandhagen,John Lineker,-100.0
2019-04-27,UFC Fight Night: Jacare vs. Hermansson,John Lineker vs. Cory Sandhagen,Cory Sandhagen,-100.0
2017-10-28,UFC Fight Night: Brunson vs. Machida,John Lineker vs. Marlon Vera,John Lineker,-316.0
2017-10-28,UFC Fight Night: Brunson vs. Machida,John Lineker vs. Marlon Vera,Marlon Vera,316.0
2017-12-16,UFC Fight Night: Lawler vs. Dos Anjos,John Makdessi vs. Abel Trujillo,John Makdessi,-316.0
2017-12-16,UFC Fight Night: Lawler vs. Dos Anjos,John Makdessi vs. Abel Trujillo,Abel Trujillo,316.0
2019-03-23,UFC Fight Night: Thompson vs. Pettis,John Makdessi vs. Jesus Pinedo,John Makdessi,-100.0
2019-03-23,UFC Fight Night: Thompson vs. Pettis,John Makdessi vs. Jesus Pinedo,Jesus Pinedo,-100.0
2018-07-28,UFC Fight Night: Alvarez vs. Poirier 2,John Makdessi vs. Ross Pearson,John Makdessi,-363.0
2018-07-28,UFC Fight Night: Alvarez vs. Poirier 2,John Makdessi vs. Ross Pearson,Ross Pearson,363.0
2017-10-07,UFC 216: Ferguson vs. Lee,John Moraga vs. Bibulatov Magomed,John Moraga,204.0
2017-10-07,UFC 216: Ferguson vs. Lee,John Moraga vs. Bibulatov Magomed,Bibulatov Magomed,-204.0
2018-08-25,UFC Fight Night: Gaethje vs. Vick,John Moraga vs. Deiveson Figueiredo,John Moraga,135.0
2018-08-25,UFC Fight Night: Gaethje vs. Vick,John Moraga vs. Deiveson Figueiredo,Deiveson Figueiredo,-135.0
2019-02-02,UFC Fight Night: Assuncao vs. Moraes 2,Johnny Walker vs. Justin Ledet,Johnny Walker,-316.0
2019-02-02,UFC Fight Night: Assuncao vs. Moraes 2,Johnny Walker vs. Justin Ledet,Justin Ledet,316.0
2017-11-04,UFC 217: Bisping vs. St-Pierre,Johny Hendricks vs. Paulo Costa,Johny Hendricks,-106.0
2017-11-04,UFC 217: Bisping vs. St-Pierre,Johny Hendricks vs. Paulo Costa,Paulo Costa,106.0
2018-12-29,UFC 232: Jones vs. Gustafsson 2,Jon Jones vs. Alexander Gustafsson,Jon Jones,-381.0
2018-12-29,UFC 232: Jones vs. Gustafsson 2,Jon Jones vs. Alexander Gustafsson,Alexander Gustafsson,381.0
2019-03-02,UFC 235: Jones vs. Smith,Jon Jones vs. Anthony Smith,Jon Jones,
2019-03-02,UFC 235: Jones vs. Smith,Jon Jones vs. Anthony Smith,Anthony Smith,
2020-02-08,UFC 247: Jones vs. Reyes,Jon Jones vs. Dominick Reyes,Jon Jones,-1993.0
2020-02-08,UFC 247: Jones vs. Reyes,Jon Jones vs. Dominick Reyes,Dominick Reyes,1993.0
2019-07-06,UFC 239: Jones vs. Santos,Jon Jones vs. Thiago Santos,Jon Jones,-390.0
2019-07-06,UFC 239: Jones vs. Santos,Jon Jones vs. Thiago Santos,Thiago Santos,390.0
2020-01-25,UFC Fight Night: Blaydes vs. Dos Santos,Jordan Espinosa vs. Alex Perez,Jordan Espinosa,111.0
2020-01-25,UFC Fight Night: Blaydes vs. Dos Santos,Jordan Espinosa vs. Alex Perez,Alex Perez,-111.0
2019-08-03,UFC Fight Night: Covington vs. Lawler,Jordan Espinosa vs. Matt Schnell,Jordan Espinosa,-100.0
2019-08-03,UFC Fight Night: Covington vs. Lawler,Jordan Espinosa vs. Matt Schnell,Matt Schnell,-100.0
2018-03-03,UFC 222: Cyborg vs. Kunitskaya,Jordan Johnson vs. Adam Milstead,Jordan Johnson,-106.0
2018-03-03,UFC 222: Cyborg vs. Kunitskaya,Jordan Johnson vs. Adam Milstead,Adam Milstead,106.0
2018-07-28,UFC Fight Night: Alvarez vs. Poirier 2,Jordan Mein vs. Alex Morono,Jordan Mein,-106.0
2018-07-28,UFC Fight Night: Alvarez vs. Poirier 2,Jordan Mein vs. Alex Morono,Alex Morono,106.0
2017-12-16,UFC Fight Night: Lawler vs. Dos Anjos,Jordan Mein vs. Erick Silva,Jordan Mein,-106.0
2017-12-16,UFC Fight Night: Lawler vs. Dos Anjos,Jordan Mein vs. Erick Silva,Erick Silva,106.0
2018-01-27,UFC Fight Night: Jacare vs. Brunson 2,Jordan Rinaldi vs. Gregor Gillespie,Jordan Rinaldi,111.0
2018-01-27,UFC Fight Night: Jacare vs. Brunson 2,Jordan Rinaldi vs. Gregor Gillespie,Gregor Gillespie,-111.0
2019-07-06,UFC 239: Jones vs. Santos,Jorge Masvidal vs. Ben Askren,Jorge Masvidal,
2019-07-06,UFC 239: Jones vs. Santos,Jorge Masvidal vs. Ben Askren,Ben Askren,
2019-11-02,UFC 244: Masvidal vs. Diaz,Jorge Masvidal vs. Nate Diaz,Jorge Masvidal,-216.0
2019-11-02,UFC 244: Masvidal vs. Diaz,Jorge Masvidal vs. Nate Diaz,Nate Diaz,216.0
2019-05-11,UFC 237: Namajunas vs. Andrade,Jose Aldo vs. Alexander Volkanovski,Jose Aldo,148.0
2019-05-11,UFC 237: Namajunas vs. Andrade,Jose Aldo vs. Alexander Volkanovski,Alexander Volkanovski,-148.0
2018-07-28,UFC Fight Night: Alvarez vs. Poirier 2,Jose Aldo vs. Jeremy Stephens,Jose Aldo,-100.0
2018-07-28,UFC Fight Night: Alvarez vs. Poirier 2,Jose Aldo vs. Jeremy Stephens,Jeremy Stephens,-100.0
2019-02-02,UFC Fight Night: Assuncao vs. Moraes 2,Jose Aldo vs. Renato Moicano,Jose Aldo,105.0
2019-02-02,UFC Fight Night: Assuncao vs. Moraes 2,Jose Aldo vs. Renato Moicano,Renato Moicano,-105.0
2019-09-21,UFC Fight Night: Rodriguez vs. Stephens,Jose Quinonez vs. Carlos Huachin,Jose Quinonez,-316.0
2019-09-21,UFC Fight Night: Rodriguez vs. Stephens,Jose Quinonez vs. Carlos Huachin,Carlos Huachin,316.0
2018-11-30,The Ultimate Fighter: Heavy Hitters Finale,Joseph Benavidez vs. Alex Perez,Joseph Benavidez,-100.0
2018-11-30,The Ultimate Fighter: Heavy Hitters Finale,Joseph Benavidez vs. Alex Perez,Alex Perez,-100.0
2019-01-19,UFC Fight Night: Cejudo vs. Dillashaw,Joseph Benavidez vs. Dustin Ortiz,Joseph Benavidez,-111.0
2019-01-19,UFC Fight Night: Cejudo vs. Dillashaw,Joseph Benavidez vs. Dustin Ortiz,Dustin Ortiz,111.0
2018-06-09,UFC 225: Whittaker vs. Romero 2,Joseph Benavidez vs. Sergio Pettis,Joseph Benavidez,111.0
2018-06-09,UFC 225: Whittaker vs. Romero 2,Joseph Benavidez vs. Sergio Pettis,Sergio Pettis,-111.0
2018-11-10,UFC Fight Night: Korean Zombie vs. Rodriguez,Joseph Morales vs. Eric Shelton,Joseph Morales,204.0
2018-11-10,UFC Fight Night: Korean Zombie vs. Rodriguez,Joseph Morales vs. Eric Shelton,Eric Shelton,-204.0
2018-02-24,UFC Fight Night: Emmett vs. Stephens,Josh Emmett vs. Jeremy Stephens,Josh Emmett,135.0
2018-02-24,UFC Fight Night: Emmett vs. Stephens,Josh Emmett vs. Jeremy Stephens,Jeremy Stephens,-135.0
2019-03-30,UFC Fight Night: Barboza vs. Gaethje,Josh Emmett vs. Michael Johnson,Josh Emmett,256.0
2019-03-30,UFC Fight Night: Barboza vs. Gaethje,Josh Emmett vs. Michael Johnson,Michael Johnson,-256.0
2019-07-13,UFC Fight Night: De Randamie vs. Ladd,Josh Emmett vs. Mirsad Bektic,Josh Emmett,316.0
2019-07-13,UFC Fight Night: De Randamie vs. Ladd,Josh Emmett vs. Mirsad Bektic,Mirsad Bektic,-316.0
2018-02-18,UFC Fight Night: Cerrone vs. Medeiros,Joshua Burkman vs. Alex Morono,Joshua Burkman,363.0
2018-02-18,UFC Fight Night: Cerrone vs. Medeiros,Joshua Burkman vs. Alex Morono,Alex Morono,-363.0
2020-02-08,UFC 247: Jones vs. Reyes,Juan Adams vs. Justin Tafa,Juan Adams,204.0
2020-02-08,UFC 247: Jones vs. Reyes,Juan Adams vs. Justin Tafa,Justin Tafa,-204.0
2018-06-01,UFC Fight Night: Rivera vs. Moraes,Julio Arce vs. Daniel Teymur,Julio Arce,-256.0
2018-06-01,UFC Fight Night: Rivera vs. Moraes,Julio Arce vs. Daniel Teymur,Daniel Teymur,256.0
2019-11-02,UFC 244: Masvidal vs. Diaz,Julio Arce vs. Hakeem Dawodu,Julio Arce,-100.0
2019-11-02,UFC 244: Masvidal vs. Diaz,Julio Arce vs. Hakeem Dawodu,Hakeem Dawodu,-100.0
2019-05-18,UFC Fight Night: Dos Anjos vs. Lee,Julio Arce vs. Julian Erosa,Julio Arce,-111.0
2019-05-18,UFC Fight Night: Dos Anjos vs. Lee,Julio Arce vs. Julian Erosa,Julian Erosa,111.0
2018-11-03,UFC 230: Cormier vs. Lewis,Julio Arce vs. Sheymon Moraes,Julio Arce,-172.0
2018-11-03,UFC 230: Cormier vs. Lewis,Julio Arce vs. Sheymon Moraes,Sheymon Moraes,172.0
2019-12-21,UFC Fight Night: Edgar vs. The Korean Zombie,JunYong Park vs. Marc-Andre Barriault,JunYong Park,-100.0
2019-12-21,UFC Fight Night: Edgar vs. The Korean Zombie,JunYong Park vs. Marc-Andre Barriault,Marc-Andre Barriault,-100.0
2017-11-11,UFC Fight Night: Poirier vs. Pettis,Junior Albini vs. Andrei Arlovski,Junior Albini,-316.0
2017-11-11,UFC Fight Night: Poirier vs. Pettis,Junior Albini vs. Andrei Arlovski,Andrei Arlovski,316.0
2018-12-01,UFC Fight Night: Dos Santos vs. Tuivasa,Junior Dos Santos vs. Tai Tuivasa,Junior Dos Santos,-100.0
2018-12-01,UFC Fight Night: Dos Santos vs. Tuivasa,Junior Dos Santos vs. Tai Tuivasa,Tai Tuivasa,-100.0
2018-02-10,UFC 221: Romero vs. Rockhold,Jussier Formiga vs. Ben Nguyen,Jussier Formiga,316.0
2018-02-10,UFC 221: Romero vs. Rockhold,Jussier Formiga vs. Ben Nguyen,Ben Nguyen,-316.0
2019-03-23,UFC Fight Night: Thompson vs. Pettis,Jussier Formiga vs. Deiveson Figueiredo,Jussier Formiga,363.0
2019-03-23,UFC Fight Night: Thompson vs. Pettis,Jussier Formiga vs. Deiveson Figueiredo,Deiveson Figueiredo,-363.0
2019-06-29,UFC Fight Night: Ngannou vs. Dos Santos,Jussier Formiga vs. Joseph Benavidez,Jussier Formiga,316.0
2019-06-29,UFC Fight Night: Ngannou vs. Dos Santos,Jussier Formiga vs. Joseph Benavidez,Joseph Benavidez,-316.0
2018-08-25,UFC Fight Night: Gaethje vs. Vick,Justin Gaethje vs. James Vick,Justin Gaethje,316.0
2018-08-25,UFC Fight Night: Gaethje vs. Vick,Justin Gaethje vs. James Vick,James Vick,-316.0
2018-07-22,UFC Fight Night: Shogun vs. Smith,Justin Ledet vs. Aleksandar Rakic,Justin Ledet,106.0
2018-07-22,UFC Fight Night: Shogun vs. Smith,Justin Ledet vs. Aleksandar Rakic,Aleksandar Rakic,-106.0
2018-04-21,UFC Fight Night: Barboza vs. Lee,Justin Willis vs. Chase Sherman,Justin Willis,-316.0
2018-04-21,UFC Fight Night: Barboza vs. Lee,Justin Willis vs. Chase Sherman,Chase Sherman,316.0
2019-08-31,UFC Fight Night: Andrade vs. Zhang,Kai Kara-France vs. Mark De La Rosa,Kai Kara-France,-106.0
2019-08-31,UFC Fight Night: Andrade vs. Zhang,Kai Kara-France vs. Mark De La Rosa,Mark De La Rosa,106.0
2018-07-28,UFC Fight Night: Alvarez vs. Poirier 2,Kajan Johnson vs. Islam Makhachev,Kajan Johnson,363.0
2018-07-28,UFC Fight Night: Alvarez vs. Poirier 2,Kajan Johnson vs. Islam Makhachev,Islam Makhachev,-363.0
2019-12-14,UFC 245: Usman vs. Covington,Kamaru Usman vs. Colby Covington,Kamaru Usman,-148.0
2019-12-14,UFC 245: Usman vs. Covington,Kamaru Usman vs. Colby Covington,Colby Covington,148.0
2018-01-14,UFC Fight Night: Stephens vs. Choi,Kamaru Usman vs. Emil Meek,Kamaru Usman,-667.0
2018-01-14,UFC Fight Night: Stephens vs. Choi,Kamaru Usman vs. Emil Meek,Emil Meek,667.0
2018-11-03,UFC 230: Cormier vs. Lewis,Karl Roberson vs. Jack Marshman,Karl Roberson,-204.0
2018-11-03,UFC 230: Cormier vs. Lewis,Karl Roberson vs. Jack Marshman,Jack Marshman,204.0
2017-09-22,UFC Fight Night: Saint Preux vs. Okami,Keita Nakamura vs. Alex Morono,Keita Nakamura,316.0
2017-09-22,UFC Fight Night: Saint Preux vs. Okami,Keita Nakamura vs. Alex Morono,Alex Morono,-316.0
2018-12-01,UFC Fight Night: Dos Santos vs. Tuivasa,Keita Nakamura vs. Salim Touahri,Keita Nakamura,204.0
2018-12-01,UFC Fight Night: Dos Santos vs. Tuivasa,Keita Nakamura vs. Salim Touahri,Salim Touahri,-204.0
2019-11-02,UFC 244: Masvidal vs. Diaz,Kelvin Gastelum vs. Darren Till,Kelvin Gastelum,-111.0
2019-11-02,UFC 244: Masvidal vs. Diaz,Kelvin Gastelum vs. Darren Till,Darren Till,111.0
2019-04-13,UFC 236: Holloway vs. Poirier 2,Kelvin Gastelum vs. Israel Adesanya,Kelvin Gastelum,-111.0
2019-04-13,UFC 236: Holloway vs. Poirier 2,Kelvin Gastelum vs. Israel Adesanya,Israel Adesanya,111.0
2019-06-22,UFC Fight Night: Moicano vs. The Korean Zombie,Kevin Holland vs. Alessio Di Chirico,Kevin Holland,-148.0
2019-06-22,UFC Fight Night: Moicano vs. The Korean Zombie,Kevin Holland vs. Alessio Di Chirico,Alessio Di Chirico,148.0
2019-03-30,UFC Fight Night: Barboza vs. Gaethje,Kevin Holland vs. Gerald Meerschaert,Kevin Holland,-148.0
2019-03-30,UFC Fight Night: Barboza vs. Gaethje,Kevin Holland vs. Gerald Meerschaert,Gerald Meerschaert,148.0
2018-11-24,UFC Fight Night: Blaydes vs. Ngannou 2,Kevin Holland vs. John Phillips,Kevin Holland,-372.0
2018-11-24,UFC Fight Night: Blaydes vs. Ngannou 2,Kevin Holland vs. John Phillips,John Phillips,372.0
2018-12-15,UFC Fight Night: Lee vs. Iaquinta,Kevin Lee vs. Al Iaquinta,Kevin Lee,-363.0
2018-12-15,UFC Fight Night: Lee vs. Iaquinta,Kevin Lee vs. Al Iaquinta,Al Iaquinta,363.0
2019-11-02,UFC 244: Masvidal vs. Diaz,Kevin Lee vs. Gregor Gillespie,Kevin Lee,-111.0
2019-11-02,UFC 244: Masvidal vs. Diaz,Kevin Lee vs. Gregor Gillespie,Gregor Gillespie,111.0
2018-04-07,UFC 223: Khabib vs. Iaquinta,Khabib Nurmagomedov vs. Al Iaquinta,Khabib Nurmagomedov,-363.0
2018-04-07,UFC 223: Khabib vs. Iaquinta,Khabib Nurmagomedov vs. Al Iaquinta,Al Iaquinta,363.0
2018-10-06,UFC 229: Khabib vs. McGregor,Khabib Nurmagomedov vs. Conor McGregor,Khabib Nurmagomedov,-363.0
2018-10-06,UFC 229: Khabib vs. McGregor,Khabib Nurmagomedov vs. Conor McGregor,Conor McGregor,363.0
2019-09-07,UFC 242: Khabib vs. Poirier,Khabib Nurmagomedov vs. Dustin Poirier,Khabib Nurmagomedov,-148.0
2019-09-07,UFC 242: Khabib vs. Poirier,Khabib Nurmagomedov vs. Dustin Poirier,Dustin Poirier,148.0
2017-12-30,UFC 219: Cyborg vs. Holm,Khabib Nurmagomedov vs. Edson Barboza,Khabib Nurmagomedov,-370.0
2017-12-30,UFC 219: Cyborg vs. Holm,Khabib Nurmagomedov vs. Edson Barboza,Edson Barboza,370.0
2019-11-09,UFC Fight Night: Zabit vs. Kattar,Khadis Ibragimov vs. Ed Herman,Khadis Ibragimov,-316.0
2019-11-09,UFC Fight Night: Zabit vs. Kattar,Khadis Ibragimov vs. Ed Herman,Ed Herman,316.0
2018-12-15,UFC Fight Night: Lee vs. Iaquinta,King Green vs. Drakkar Klose,King Green,172.0
2018-12-15,UFC Fight Night: Lee vs. Iaquinta,King Green vs. Drakkar Klose,Drakkar Klose,-172.0
2018-04-14,UFC Fight Night: Poirier vs. Gaethje,Krzysztof Jotko vs. Brad Tavares,Krzysztof Jotko,-111.0
2018-04-14,UFC Fight Night: Poirier vs. Gaethje,Krzysztof Jotko vs. Brad Tavares,Brad Tavares,111.0
2019-05-04,UFC Fight Night: Iaquinta vs. Cowboy,Kyle Nelson vs. Matt Sayles,Kyle Nelson,204.0
2019-05-04,UFC Fight Night: Iaquinta vs. Cowboy,Kyle Nelson vs. Matt Sayles,Matt Sayles,-204.0
2019-09-14,UFC Fight Night: Cowboy vs. Gaethje,Kyle Prepolec vs. Austin Hubbard,Kyle Prepolec,-100.0
2019-09-14,UFC Fight Night: Cowboy vs. Gaethje,Kyle Prepolec vs. Austin Hubbard,Austin Hubbard,-100.0
2019-08-17,UFC 241: Cormier vs. Miocic 2,Kyung Ho Kang vs. Brandon Davis,Kyung Ho Kang,-111.0
2019-08-17,UFC 241: Cormier vs. Miocic 2,Kyung Ho Kang vs. Brandon Davis,Brandon Davis,111.0
2018-01-14,UFC Fight Night: Stephens vs. Choi,Kyung Ho Kang vs. Guido Cannetti,Kyung Ho Kang,-109.0
2018-01-14,UFC Fight Night: Stephens vs. Choi,Kyung Ho Kang vs. Guido Cannetti,Guido Cannetti,109.0
2019-12-21,UFC Fight Night: Edgar vs. The Korean Zombie,Kyung Ho Kang vs. Pingyuan Liu,Kyung Ho Kang,-111.0
2019-12-21,UFC Fight Night: Edgar vs. The Korean Zombie,Kyung Ho Kang vs. Pingyuan Liu,Pingyuan Liu,111.0
2018-07-07,UFC 226: Miocic vs. Cormier,Lando Vannata vs. Drakkar Klose,Lando Vannata,111.0
2018-07-07,UFC 226: Miocic vs. Cormier,Lando Vannata vs. Drakkar Klose,Drakkar Klose,-111.0
2017-10-07,UFC 216: Ferguson vs. Lee,Lando Vannata vs. King Green,Lando Vannata,126.0
2017-10-07,UFC 216: Ferguson vs. Lee,Lando Vannata vs. King Green,King Green,-126.0
2020-02-15,UFC Fight Night: Anderson vs. Blachowicz,Lando Vannata vs. Yancy Medeiros,Lando Vannata,-148.0
2020-02-15,UFC Fight Night: Anderson vs. Blachowicz,Lando Vannata vs. Yancy Medeiros,Yancy Medeiros,148.0
2019-03-16,UFC Fight Night: Till vs. Masvidal,Leon Edwards vs. Gunnar Nelson,Leon Edwards,-363.0
2019-03-16,UFC Fight Night: Till vs. Masvidal,Leon Edwards vs. Gunnar Nelson,Gunnar Nelson,363.0
2018-03-17,UFC Fight Night: Werdum vs. Volkov,Leon Edwards vs. Peter Sobotta,Leon Edwards,-106.0
2018-03-17,UFC Fight Night: Werdum vs. Volkov,Leon Edwards vs. Peter Sobotta,Peter Sobotta,106.0
2018-06-23,UFC Fight Night: Cowboy vs. Edwards,Li Jingliang vs. Daichi Abe,Li Jingliang,-111.0
2018-06-23,UFC Fight Night: Cowboy vs. Edwards,Li Jingliang vs. Daichi Abe,Daichi Abe,111.0
2018-11-24,UFC Fight Night: Blaydes vs. Ngannou 2,Li Jingliang vs. David Zawada,Li Jingliang,-316.0
2018-11-24,UFC Fight Night: Blaydes vs. Ngannou 2,Li Jingliang vs. David Zawada,David Zawada,316.0
2019-08-31,UFC Fight Night: Andrade vs. Zhang,Li Jingliang vs. Elizeu Zaleski dos Santos,Li Jingliang,111.0
2019-08-31,UFC Fight Night: Andrade vs. Zhang,Li Jingliang vs. Elizeu Zaleski dos Santos,Elizeu Zaleski dos Santos,-111.0
2017-11-25,UFC Fight Night: Bisping vs. Gastelum,Li Jingliang vs. Zak Ottow,Li Jingliang,-106.0
2017-11-25,UFC Fight Night: Bisping vs. Gastelum,Li Jingliang vs. Zak Ottow,Zak Ottow,106.0
2017-12-30,UFC 219: Cyborg vs. Holm,Louis Smolka vs. Matheus Nicolau,Louis Smolka,106.0
2017-12-30,UFC 219: Cyborg vs. Holm,Louis Smolka vs. Matheus Nicolau,Matheus Nicolau,-106.0
2019-03-09,UFC Fight Night: Lewis vs. Dos Santos,Louis Smolka vs. Matt Schnell,Louis Smolka,-105.0
2019-03-09,UFC Fight Night: Lewis vs. Dos Santos,Louis Smolka vs. Matt Schnell,Matt Schnell,105.0
2019-09-14,UFC Fight Night: Cowboy vs. Gaethje,Louis Smolka vs. Ryan MacDonald,Louis Smolka,-111.0
2019-09-14,UFC Fight Night: Cowboy vs. Gaethje,Louis Smolka vs. Ryan MacDonald,Ryan MacDonald,111.0
2019-03-23,UFC Fight Night: Thompson vs. Pettis,Luis Pena vs. Steven Peterson,Luis Pena,-111.0
2019-03-23,UFC Fight Night: Thompson vs. Pettis,Luis Pena vs. Steven Peterson,Steven Peterson,111.0
2018-02-10,UFC 221: Romero vs. Rockhold,Luke Jumeau vs. Daichi Abe,Luke Jumeau,316.0
2018-02-10,UFC 221: Romero vs. Rockhold,Luke Jumeau vs. Daichi Abe,Daichi Abe,-316.0
2019-10-05,UFC 243: Whittaker vs. Adesanya,Luke Jumeau vs. Dhiego Lima,Luke Jumeau,-100.0
2019-10-05,UFC 243: Whittaker vs. Adesanya,Luke Jumeau vs. Dhiego Lima,Dhiego Lima,-100.0
2017-12-09,UFC Fight Night: Swanson vs. Ortega,Luke Sanders vs. Andre Soukhamthath,Luke Sanders,-172.0
2017-12-09,UFC Fight Night: Swanson vs. Ortega,Luke Sanders vs. Andre Soukhamthath,Andre Soukhamthath,172.0
2018-04-14,UFC Fight Night: Poirier vs. Gaethje,Luke Sanders vs. Patrick Williams,Luke Sanders,-172.0
2018-04-14,UFC Fight Night: Poirier vs. Gaethje,Luke Sanders vs. Patrick Williams,Patrick Williams,172.0
2018-11-03,UFC 230: Cormier vs. Lewis,Lyman Good vs. Ben Saunders,Lyman Good,-100.0
2018-11-03,UFC 230: Cormier vs. Lewis,Lyman Good vs. Ben Saunders,Ben Saunders,-100.0
2019-11-02,UFC 244: Masvidal vs. Diaz,Lyman Good vs. Chance Rencountre,Lyman Good,-111.0
2019-11-02,UFC 244: Masvidal vs. Diaz,Lyman Good vs. Chance Rencountre,Chance Rencountre,111.0
2018-02-03,UFC Fight Night: Machida vs. Anders,Lyoto Machida vs. Eryk Anders,Lyoto Machida,-100.0
2018-02-03,UFC Fight Night: Machida vs. Anders,Lyoto Machida vs. Eryk Anders,Eryk Anders,-100.0
2018-01-14,UFC Fight Night: Stephens vs. Choi,Mads Burnell vs. Mike Santiago,Mads Burnell,-129.0
2018-01-14,UFC Fight Night: Stephens vs. Choi,Mads Burnell vs. Mike Santiago,Mike Santiago,129.0
2019-11-09,UFC Fight Night: Zabit vs. Kattar,Magomed Ankalaev vs. Dalcha Lungiambula,Magomed Ankalaev,-111.0
2019-11-09,UFC Fight Night: Zabit vs. Kattar,Magomed Ankalaev vs. Dalcha Lungiambula,Dalcha Lungiambula,111.0
2018-09-15,UFC Fight Night: Hunt vs. Oleinik,Magomed Ankalaev vs. Marcin Prachnio,Magomed Ankalaev,-204.0
2018-09-15,UFC Fight Night: Hunt vs. Oleinik,Magomed Ankalaev vs. Marcin Prachnio,Marcin Prachnio,204.0
2018-09-15,UFC Fight Night: Hunt vs. Oleinik,Mairbek Taisumov vs. Desmond Green,Mairbek Taisumov,-111.0
2018-09-15,UFC Fight Night: Hunt vs. Oleinik,Mairbek Taisumov vs. Desmond Green,Desmond Green,111.0
2019-09-07,UFC 242: Khabib vs. Poirier,Mairbek Taisumov vs. Diego Ferreira,Mairbek Taisumov,-256.0
2019-09-07,UFC 242: Khabib vs. Poirier,Mairbek Taisumov vs. Diego Ferreira,Diego Ferreira,256.0
2019-12-07,UFC Fight Night: Overeem vs. Rozenstruik,Makhmud Muradov vs. Trevor Smith,Makhmud Muradov,-138.0
2019-12-07,UFC Fight Night: Overeem vs. Rozenstruik,Makhmud Muradov vs. Trevor Smith,Trevor Smith,138.0
2019-06-01,UFC Fight Night: Gustafsson vs. Smith,Makwan Amirkhani vs. Chris Fishgold,Makwan Amirkhani,106.0
2019-06-01,UFC Fight Night: Gustafsson vs. Smith,Makwan Amirkhani vs. Chris Fishgold,Chris Fishgold,-106.0
2019-08-17,UFC 241: Cormier vs. Miocic 2,Manny Bermudez vs. Casey Kenney,Manny Bermudez,-216.0
2019-08-17,UFC 241: Cormier vs. Miocic 2,Manny Bermudez vs. Casey Kenney,Casey Kenney,216.0
2019-03-16,UFC Fight Night: Till vs. Masvidal,Marc Diakiese vs. Joe Duffy,Marc Diakiese,-111.0
2019-03-16,UFC Fight Night: Till vs. Masvidal,Marc Diakiese vs. Joe Duffy,Joe Duffy,111.0
2019-09-28,UFC Fight Night: Hermansson vs. Cannonier,Marc Diakiese vs. Lando Vannata,Marc Diakiese,-111.0
2019-09-28,UFC Fight Night: Hermansson vs. Cannonier,Marc Diakiese vs. Lando Vannata,Lando Vannata,111.0
2019-07-27,UFC 240: Holloway vs. Edgar,Marc-Andre Barriault vs. Krzysztof Jotko,Marc-Andre Barriault,316.0
2019-07-27,UFC 240: Holloway vs. Edgar,Marc-Andre Barriault vs. Krzysztof Jotko,Krzysztof Jotko,-316.0
2019-09-14,UFC Fight Night: Cowboy vs. Gaethje,Marcin Tybura vs. Augusto Sakai,Marcin Tybura,-111.0
2019-09-14,UFC Fight Night: Cowboy vs. Gaethje,Marcin Tybura vs. Augusto Sakai,Augusto Sakai,111.0
2019-04-20,UFC Fight Night: Overeem vs. Oleinik,Marcin Tybura vs. Shamil Abdurakhimov,Marcin Tybura,-204.0
2019-04-20,UFC Fight Night: Overeem vs. Oleinik,Marcin Tybura vs. Shamil Abdurakhimov,Shamil Abdurakhimov,204.0
2018-07-22,UFC Fight Night: Shogun vs. Smith,Marcin Tybura vs. Stefan Struve,Marcin Tybura,-256.0
2018-07-22,UFC Fight Night: Shogun vs. Smith,Marcin Tybura vs. Stefan Struve,Stefan Struve,256.0
2019-09-21,UFC Fight Night: Rodriguez vs. Stephens,Marco Polo Reyes vs. Kyle Nelson,Marco Polo Reyes,106.0
2019-09-21,UFC Fight Night: Rodriguez vs. Stephens,Marco Polo Reyes vs. Kyle Nelson,Kyle Nelson,-106.0
2019-07-20,UFC Fight Night: Dos Anjos vs. Edwards,Mario Bautista vs. Jin Soo Son,Mario Bautista,-148.0
2019-07-20,UFC Fight Night: Dos Anjos vs. Edwards,Mario Bautista vs. Jin Soo Son,Jin Soo Son,148.0
2018-11-10,UFC Fight Night: Korean Zombie vs. Rodriguez,Mark De La Rosa vs. Joby Sanchez,Mark De La Rosa,-204.0
2018-11-10,UFC Fight Night: Korean Zombie vs. Rodriguez,Mark De La Rosa vs. Joby Sanchez,Joby Sanchez,204.0
2020-02-15,UFC Fight Night: Anderson vs. Blachowicz,Mark De La Rosa vs. Raulian Paiva,Mark De La Rosa,123.0
2020-02-15,UFC Fight Night: Anderson vs. Blachowicz,Mark De La Rosa vs. Raulian Paiva,Raulian Paiva,-123.0
2018-09-15,UFC Fight Night: Hunt vs. Oleinik,Mark Hunt vs. Aleksei Oleinik,Mark Hunt,-106.0
2018-09-15,UFC Fight Night: Hunt vs. Oleinik,Mark Hunt vs. Aleksei Oleinik,Aleksei Oleinik,106.0
2018-02-10,UFC 221: Romero vs. Rockhold,Mark Hunt vs. Curtis Blaydes,Mark Hunt,316.0
2018-02-10,UFC 221: Romero vs. Rockhold,Mark Hunt vs. Curtis Blaydes,Curtis Blaydes,-316.0
2018-12-01,UFC Fight Night: Dos Santos vs. Tuivasa,Mark Hunt vs. Justin Willis,Mark Hunt,204.0
2018-12-01,UFC Fight Night: Dos Santos vs. Tuivasa,Mark Hunt vs. Justin Willis,Justin Willis,-204.0
2018-05-12,UFC 224: Nunes vs. Pennington,Markus Perez vs. James Bochnovic,Markus Perez,-111.0
2018-05-12,UFC 224: Nunes vs. Pennington,Markus Perez vs. James Bochnovic,James Bochnovic,111.0
2019-11-16,UFC Fight Night: Blachowicz vs. Jacare,Markus Perez vs. Wellington Turman,Markus Perez,179.0
2019-11-16,UFC Fight Night: Blachowicz vs. Jacare,Markus Perez vs. Wellington Turman,Wellington Turman,-179.0
2019-12-14,UFC 245: Usman vs. Covington,Marlon Moraes vs. Jose Aldo,Marlon Moraes,105.0
2019-12-14,UFC 245: Usman vs. Covington,Marlon Moraes vs. Jose Aldo,Jose Aldo,-105.0
2019-10-12,UFC Fight Night: Joanna vs. Waterson,Marlon Vera vs. Andre Ewell,Marlon Vera,111.0
2019-10-12,UFC Fight Night: Joanna vs. Waterson,Marlon Vera vs. Andre Ewell,Andre Ewell,-111.0
2019-03-23,UFC Fight Night: Thompson vs. Pettis,Marlon Vera vs. Frankie Saenz,Marlon Vera,-100.0
2019-03-23,UFC Fight Night: Thompson vs. Pettis,Marlon Vera vs. Frankie Saenz,Frankie Saenz,-100.0
2018-08-04,UFC 227: Dillashaw vs. Garbrandt 2,Marlon Vera vs. Wulijiburen,Marlon Vera,111.0
2018-08-04,UFC 227: Dillashaw vs. Garbrandt 2,Marlon Vera vs. Wulijiburen,Wulijiburen,-111.0
2019-09-21,UFC Fight Night: Rodriguez vs. Stephens,Martin Bravo vs. Steven Peterson,Martin Bravo,-111.0
2019-09-21,UFC Fight Night: Rodriguez vs. Stephens,Martin Bravo vs. Steven Peterson,Steven Peterson,111.0
2019-10-12,UFC Fight Night: Joanna vs. Waterson,Marvin Vettori vs. Andrew Sanchez,Marvin Vettori,-116.0
2019-10-12,UFC Fight Night: Joanna vs. Waterson,Marvin Vettori vs. Andrew Sanchez,Andrew Sanchez,116.0
2019-07-13,UFC Fight Night: De Randamie vs. Ladd,Marvin Vettori vs. Cezar Ferreira,Marvin Vettori,-204.0
2019-07-13,UFC Fight Night: De Randamie vs. Ladd,Marvin Vettori vs. Cezar Ferreira,Cezar Ferreira,204.0
2017-12-30,UFC 219: Cyborg vs. Holm,Marvin Vettori vs. Omari Akhmedov,Marvin Vettori,-204.0
2017-12-30,UFC 219: Cyborg vs. Holm,Marvin Vettori vs. Omari Akhmedov,Omari Akhmedov,204.0
2018-07-06,The Ultimate Fighter: Undefeated Finale,Matt Bessette vs. Steven Peterson,Matt Bessette,111.0
2018-07-06,The Ultimate Fighter: Undefeated Finale,Matt Bessette vs. Steven Peterson,Steven Peterson,-111.0
2019-12-14,UFC 245: Usman vs. Covington,Matt Brown vs. Ben Saunders,Matt Brown,-363.0
2019-12-14,UFC 245: Usman vs. Covington,Matt Brown vs. Ben Saunders,Ben Saunders,363.0
2017-11-11,UFC Fight Night: Poirier vs. Pettis,Matt Brown vs. Diego Sanchez,Matt Brown,-1155.0
2017-11-11,UFC Fight Night: Poirier vs. Pettis,Matt Brown vs. Diego Sanchez,Diego Sanchez,1155.0
2018-11-03,UFC 230: Cormier vs. Lewis,Matt Frevola vs. Lando Vannata,Matt Frevola,186.0
2018-11-03,UFC 230: Cormier vs. Lewis,Matt Frevola vs. Lando Vannata,Lando Vannata,-186.0
2019-10-12,UFC Fight Night: Joanna vs. Waterson,Matt Frevola vs. Luis Pena,Matt Frevola,316.0
2019-10-12,UFC Fight Night: Joanna vs. Waterson,Matt Frevola vs. Luis Pena,Luis Pena,-316.0
2017-10-07,UFC 216: Ferguson vs. Lee,Matt Schnell vs. Marco Beltran,Matt Schnell,316.0
2017-10-07,UFC 216: Ferguson vs. Lee,Matt Schnell vs. Marco Beltran,Marco Beltran,-316.0
2018-06-23,UFC Fight Night: Cowboy vs. Edwards,Matt Schnell vs. Naoki Inoue,Matt Schnell,316.0
2018-06-23,UFC Fight Night: Cowboy vs. Edwards,Matt Schnell vs. Naoki Inoue,Naoki Inoue,-316.0
2019-06-22,UFC Fight Night: Moicano vs. The Korean Zombie,Matt Wiman vs. Luis Pena,Matt Wiman,316.0
2019-06-22,UFC Fight Night: Moicano vs. The Korean Zombie,Matt Wiman vs. Luis Pena,Luis Pena,-316.0
2018-04-14,UFC Fight Night: Poirier vs. Gaethje,Matthew Lopez vs. Alejandro Perez,Matthew Lopez,-100.0
2018-04-14,UFC Fight Night: Poirier vs. Gaethje,Matthew Lopez vs. Alejandro Perez,Alejandro Perez,-100.0
2019-06-29,UFC Fight Night: Ngannou vs. Dos Santos,Maurice Greene vs. Junior Albini,Maurice Greene,-100.0
2019-06-29,UFC Fight Night: Ngannou vs. Dos Santos,Maurice Greene vs. Junior Albini,Junior Albini,-100.0
2019-10-26,UFC Fight Night: Maia vs. Askren,Maurice Greene vs. Sergei Pavlovich,Maurice Greene,-105.0
2019-10-26,UFC Fight Night: Maia vs. Askren,Maurice Greene vs. Sergei Pavlovich,Sergei Pavlovich,105.0
2018-07-22,UFC Fight Night: Shogun vs. Smith,Mauricio Rua vs. Anthony Smith,Mauricio Rua,-111.0
2018-07-22,UFC Fight Night: Shogun vs. Smith,Mauricio Rua vs. Anthony Smith,Anthony Smith,111.0
2019-11-16,UFC Fight Night: Blachowicz vs. Jacare,Mauricio Rua vs. Paul Craig,Mauricio Rua,-100.0
2019-11-16,UFC Fight Night: Blachowicz vs. Jacare,Mauricio Rua vs. Paul Craig,Paul Craig,-100.0
2018-12-01,UFC Fight Night: Dos Santos vs. Tuivasa,Mauricio Rua vs. Tyson Pedro,Mauricio Rua,316.0
2018-12-01,UFC Fight Night: Dos Santos vs. Tuivasa,Mauricio Rua vs. Tyson Pedro,Tyson Pedro,-316.0
2019-10-12,UFC Fight Night: Joanna vs. Waterson,Max Griffin vs. Alex Morono,Max Griffin,316.0
2019-10-12,UFC Fight Night: Joanna vs. Waterson,Max Griffin vs. Alex Morono,Alex Morono,-316.0
2019-12-14,UFC 245: Usman vs. Covington,Max Holloway vs. Alexander Volkanovski,Max Holloway,-282.0
2019-12-14,UFC 245: Usman vs. Covington,Max Holloway vs. Alexander Volkanovski,Alexander Volkanovski,282.0
2019-04-13,UFC 236: Holloway vs. Poirier 2,Max Holloway vs. Dustin Poirier,Max Holloway,-148.0
2019-04-13,UFC 236: Holloway vs. Poirier 2,Max Holloway vs. Dustin Poirier,Dustin Poirier,148.0
2019-07-27,UFC 240: Holloway vs. Edgar,Max Holloway vs. Frankie Edgar,Max Holloway,-148.0
2019-07-27,UFC 240: Holloway vs. Edgar,Max Holloway vs. Frankie Edgar,Frankie Edgar,148.0
2017-12-02,UFC 218: Holloway vs. Aldo 2,Max Holloway vs. Jose Aldo,Max Holloway,-316.0
2017-12-02,UFC 218: Holloway vs. Aldo 2,Max Holloway vs. Jose Aldo,Jose Aldo,316.0
2018-09-15,UFC Fight Night: Hunt vs. Oleinik,Merab Dvalishvili vs. Terrion Ware,Merab Dvalishvili,-316.0
2018-09-15,UFC Fight Night: Hunt vs. Oleinik,Merab Dvalishvili vs. Terrion Ware,Terrion Ware,316.0
2017-11-04,UFC 217: Bisping vs. St-Pierre,Michael Bisping vs. Georges St-Pierre,Michael Bisping,363.0
2017-11-04,UFC 217: Bisping vs. St-Pierre,Michael Bisping vs. Georges St-Pierre,Georges St-Pierre,-363.0
2017-11-25,UFC Fight Night: Bisping vs. Gastelum,Michael Bisping vs. Kelvin Gastelum,Michael Bisping,316.0
2017-11-25,UFC Fight Night: Bisping vs. Gastelum,Michael Bisping vs. Kelvin Gastelum,Kelvin Gastelum,-316.0
2018-07-07,UFC 226: Miocic vs. Cormier,Michael Chiesa vs. Anthony Pettis,Michael Chiesa,111.0
2018-07-07,UFC 226: Miocic vs. Cormier,Michael Chiesa vs. Anthony Pettis,Anthony Pettis,-111.0
2018-08-25,UFC Fight Night: Gaethje vs. Vick,Michael Johnson vs. Andre Fili,Michael Johnson,-111.0
2018-08-25,UFC Fight Night: Gaethje vs. Vick,Michael Johnson vs. Andre Fili,Andre Fili,111.0
2018-10-27,UFC Fight Night: Oezdemir vs. Smith,Michael Johnson vs. Artem Lobov,Michael Johnson,-363.0
2018-10-27,UFC Fight Night: Oezdemir vs. Smith,Michael Johnson vs. Artem Lobov,Artem Lobov,363.0
2019-10-26,UFC Fight Night: Maia vs. Askren,Michael Johnson vs. Stevie Ray,Michael Johnson,-316.0
2019-10-26,UFC Fight Night: Maia vs. Askren,Michael Johnson vs. Stevie Ray,Stevie Ray,316.0
2019-05-18,UFC Fight Night: Dos Anjos vs. Lee,Michael Trizano vs. Grant Dawson,Michael Trizano,-100.0
2019-05-18,UFC Fight Night: Dos Anjos vs. Lee,Michael Trizano vs. Grant Dawson,Grant Dawson,-100.0
2018-11-10,UFC Fight Night: Korean Zombie vs. Rodriguez,Michael Trizano vs. Luis Pena,Michael Trizano,-100.0
2018-11-10,UFC Fight Night: Korean Zombie vs. Rodriguez,Michael Trizano vs. Luis Pena,Luis Pena,-100.0
2019-09-28,UFC Fight Night: Hermansson vs. Cannonier,Michal Oleksiejczuk vs. Ovince Saint Preux,Michal Oleksiejczuk,-373.0
2019-09-28,UFC Fight Night: Hermansson vs. Cannonier,Michal Oleksiejczuk vs. Ovince Saint Preux,Ovince Saint Preux,373.0
2018-11-17,UFC Fight Night: Magny vs. Ponzinibbio,Michel Prazeres vs. Bartosz Fabinski,Michel Prazeres,111.0
2018-11-17,UFC Fight Night: Magny vs. Ponzinibbio,Michel Prazeres vs. Bartosz Fabinski,Bartosz Fabinski,-111.0
2018-02-03,UFC Fight Night: Machida vs. Anders,Michel Prazeres vs. Desmond Green,Michel Prazeres,135.0
2018-02-03,UFC Fight Night: Machida vs. Anders,Michel Prazeres vs. Desmond Green,Desmond Green,-135.0
2018-08-25,UFC Fight Night: Gaethje vs. Vick,Mickey Gall vs. George Sullivan,Mickey Gall,-204.0
2018-08-25,UFC Fight Night: Gaethje vs. Vick,Mickey Gall vs. George Sullivan,George Sullivan,204.0
2019-08-03,UFC Fight Night: Covington vs. Lawler,Mickey Gall vs. Salim Touahri,Mickey Gall,-111.0
2019-08-03,UFC Fight Night: Covington vs. Lawler,Mickey Gall vs. Salim Touahri,Salim Touahri,111.0
2019-10-12,UFC Fight Night: Joanna vs. Waterson,Mike Davis vs. Thomas Gifford,Mike Davis,-100.0
2019-10-12,UFC Fight Night: Joanna vs. Waterson,Mike Davis vs. Thomas Gifford,Thomas Gifford,-100.0
2018-02-24,UFC Fight Night: Emmett vs. Stephens,Mike Perry vs. Max Griffin,Mike Perry,-316.0
2018-02-24,UFC Fight Night: Emmett vs. Stephens,Mike Perry vs. Max Griffin,Max Griffin,316.0
2018-03-03,UFC 222: Cyborg vs. Kunitskaya,Mike Pyle vs. Zak Ottow,Mike Pyle,363.0
2018-03-03,UFC 222: Cyborg vs. Kunitskaya,Mike Pyle vs. Zak Ottow,Zak Ottow,-363.0
2018-06-09,UFC 225: Whittaker vs. Romero 2,Mike Santiago vs. Dan Ige,Mike Santiago,-100.0
2018-06-09,UFC 225: Whittaker vs. Romero 2,Mike Santiago vs. Dan Ige,Dan Ige,-100.0
2020-02-08,UFC 247: Jones vs. Reyes,Miles Johns vs. Mario Bautista,Miles Johns,-204.0
2020-02-08,UFC 247: Jones vs. Reyes,Miles Johns vs. Mario Bautista,Mario Bautista,204.0
2020-02-08,UFC 247: Jones vs. Reyes,Mirsad Bektic vs. Dan Ige,Mirsad Bektic,111.0
2020-02-08,UFC 247: Jones vs. Reyes,Mirsad Bektic vs. Dan Ige,Dan Ige,-111.0
2018-01-27,UFC Fight Night: Jacare vs. Brunson 2,Mirsad Bektic vs. Godofredo Pepey,Mirsad Bektic,-363.0
2018-01-27,UFC Fight Night: Jacare vs. Brunson 2,Mirsad Bektic vs. Godofredo Pepey,Godofredo Pepey,363.0
2019-09-14,UFC Fight Night: Cowboy vs. Gaethje,Misha Cirkunov vs. Jimmy Crute,Misha Cirkunov,-100.0
2019-09-14,UFC Fight Night: Cowboy vs. Gaethje,Misha Cirkunov vs. Jimmy Crute,Jimmy Crute,-100.0
2019-03-02,UFC 235: Jones vs. Smith,Misha Cirkunov vs. Johnny Walker,Misha Cirkunov,-148.0
2019-03-02,UFC 235: Jones vs. Smith,Misha Cirkunov vs. Johnny Walker,Johnny Walker,148.0
2018-10-27,UFC Fight Night: Oezdemir vs. Smith,Misha Cirkunov vs. Patrick Cummins,Misha Cirkunov,-363.0
2018-10-27,UFC Fight Night: Oezdemir vs. Smith,Misha Cirkunov vs. Patrick Cummins,Patrick Cummins,363.0
2018-12-01,UFC Fight Night: Dos Santos vs. Tuivasa,Mizuto Hirota vs. Christos Giagos,Mizuto Hirota,111.0
2018-12-01,UFC Fight Night: Dos Santos vs. Tuivasa,Mizuto Hirota vs. Christos Giagos,Christos Giagos,-111.0
2019-04-13,UFC 236: Holloway vs. Poirier 2,Montel Jackson vs. Andre Soukhamthath,Montel Jackson,-363.0
2019-04-13,UFC 236: Holloway vs. Poirier 2,Montel Jackson vs. Andre Soukhamthath,Andre Soukhamthath,363.0
2020-01-25,UFC Fight Night: Blaydes vs. Dos Santos,Montel Jackson vs. Felipe Colares,Montel Jackson,-204.0
2020-01-25,UFC Fight Night: Blaydes vs. Dos Santos,Montel Jackson vs. Felipe Colares,Felipe Colares,204.0
2019-10-26,UFC Fight Night: Maia vs. Askren,Muslim Salikhov vs. Laureano Staropoli,Muslim Salikhov,106.0
2019-10-26,UFC Fight Night: Maia vs. Askren,Muslim Salikhov vs. Laureano Staropoli,Laureano Staropoli,-106.0
2018-07-14,UFC Fight Night: Dos Santos vs. Ivanov,Myles Jury vs. Chad Mendes,Myles Jury,-111.0
2018-07-14,UFC Fight Night: Dos Santos vs. Ivanov,Myles Jury vs. Chad Mendes,Chad Mendes,111.0
2017-12-30,UFC 219: Cyborg vs. Holm,Myles Jury vs. Ricky Glenn,Myles Jury,-153.0
2017-12-30,UFC 219: Cyborg vs. Holm,Myles Jury vs. Ricky Glenn,Ricky Glenn,153.0
2018-07-22,UFC Fight Night: Shogun vs. Smith,Nasrat Haqparast vs. Marc Diakiese,Nasrat Haqparast,-100.0
2018-07-22,UFC Fight Night: Shogun vs. Smith,Nasrat Haqparast vs. Marc Diakiese,Marc Diakiese,-100.0
2017-11-11,UFC Fight Night: Poirier vs. Pettis,Nate Marquardt vs. Cezar Ferreira,Nate Marquardt,-106.0
2017-11-11,UFC Fight Night: Poirier vs. Pettis,Nate Marquardt vs. Cezar Ferreira,Cezar Ferreira,106.0
2018-12-29,UFC 232: Jones vs. Gustafsson 2,Nathaniel Wood vs. Andre Ewell,Nathaniel Wood,106.0
2018-12-29,UFC 232: Jones vs. Gustafsson 2,Nathaniel Wood vs. Andre Ewell,Andre Ewell,-106.0
2019-03-16,UFC Fight Night: Till vs. Masvidal,Nathaniel Wood vs. Jose Quinonez,Nathaniel Wood,-100.0
2019-03-16,UFC Fight Night: Till vs. Masvidal,Nathaniel Wood vs. Jose Quinonez,Jose Quinonez,-100.0
2018-11-17,UFC Fight Night: Magny vs. Ponzinibbio,Neil Magny vs. Santiago Ponzinibbio,Neil Magny,-100.0
2018-11-17,UFC Fight Night: Magny vs. Ponzinibbio,Neil Magny vs. Santiago Ponzinibbio,Santiago Ponzinibbio,-100.0
2018-07-22,UFC Fight Night: Shogun vs. Smith,Nick Hein vs. Damir Hadzovic,Nick Hein,-106.0
2018-07-22,UFC Fight Night: Shogun vs. Smith,Nick Hein vs. Damir Hadzovic,Damir Hadzovic,106.0
2019-06-01,UFC Fight Night: Gustafsson vs. Smith,Nick Hein vs. Frank Camacho,Nick Hein,111.0
2019-06-01,UFC Fight Night: Gustafsson vs. Smith,Nick Hein vs. Frank Camacho,Frank Camacho,-111.0
2019-09-28,UFC Fight Night: Hermansson vs. Cannonier,Nicolas Dalby vs. Alex Oliveira,Nicolas Dalby,363.0
2019-09-28,UFC Fight Night: Hermansson vs. Cannonier,Nicolas Dalby vs. Alex Oliveira,Alex Oliveira,-363.0
2018-01-27,UFC Fight Night: Jacare vs. Brunson 2,Niko Price vs. George Sullivan,Niko Price,-100.0
2018-01-27,UFC Fight Night: Jacare vs. Brunson 2,Niko Price vs. George Sullivan,George Sullivan,-100.0
2019-10-12,UFC Fight Night: Joanna vs. Waterson,Niko Price vs. James Vick,Niko Price,316.0
2019-10-12,UFC Fight Night: Joanna vs. Waterson,Niko Price vs. James Vick,James Vick,-316.0
2017-12-16,UFC Fight Night: Lawler vs. Dos Anjos,Nordine Taleb vs. Danny Roberts,Nordine Taleb,-316.0
2017-12-16,UFC Fight Night: Lawler vs. Dos Anjos,Nordine Taleb vs. Danny Roberts,Danny Roberts,316.0
2019-09-07,UFC 242: Khabib vs. Poirier,Nordine Taleb vs. Muslim Salikhov,Nordine Taleb,-204.0
2019-09-07,UFC 242: Khabib vs. Poirier,Nordine Taleb vs. Muslim Salikhov,Muslim Salikhov,204.0
2018-10-27,UFC Fight Night: Oezdemir vs. Smith,Nordine Taleb vs. Sean Strickland,Nordine Taleb,204.0
2018-10-27,UFC Fight Night: Oezdemir vs. Smith,Nordine Taleb vs. Sean Strickland,Sean Strickland,-204.0
2019-07-27,UFC 240: Holloway vs. Edgar,Olivier Aubin-Mercier vs. Arman Tsarukyan,Olivier Aubin-Mercier,-153.0
2019-07-27,UFC 240: Holloway vs. Edgar,Olivier Aubin-Mercier vs. Arman Tsarukyan,Arman Tsarukyan,153.0
2018-12-08,UFC 231: Holloway vs. Ortega,Olivier Aubin-Mercier vs. Gilbert Burns,Olivier Aubin-Mercier,-204.0
2018-12-08,UFC 231: Holloway vs. Ortega,Olivier Aubin-Mercier vs. Gilbert Burns,Gilbert Burns,204.0
2019-09-07,UFC 242: Khabib vs. Poirier,Omari Akhmedov vs. Zak Cummings,Omari Akhmedov,106.0
2019-09-07,UFC 242: Khabib vs. Poirier,Omari Akhmedov vs. Zak Cummings,Zak Cummings,-106.0
2017-11-04,UFC 217: Bisping vs. St-Pierre,Ovince Saint Preux vs. Corey Anderson,Ovince Saint Preux,370.0
2017-11-04,UFC 217: Bisping vs. St-Pierre,Ovince Saint Preux vs. Corey Anderson,Corey Anderson,-370.0
2018-10-06,UFC 229: Khabib vs. McGregor,Ovince Saint Preux vs. Dominick Reyes,Ovince Saint Preux,363.0
2018-10-06,UFC 229: Khabib vs. McGregor,Ovince Saint Preux vs. Dominick Reyes,Dominick Reyes,-363.0
2018-02-24,UFC Fight Night: Emmett vs. Stephens,Ovince Saint Preux vs. Ilir Latifi,Ovince Saint Preux,111.0
2018-02-24,UFC Fight Night: Emmett vs. Stephens,Ovince Saint Preux vs. Ilir Latifi,Ilir Latifi,-111.0
2019-04-13,UFC 236: Holloway vs. Poirier 2,Ovince Saint Preux vs. Nikita Krylov,Ovince Saint Preux,381.0
2019-04-13,UFC 236: Holloway vs. Poirier 2,Ovince Saint Preux vs. Nikita Krylov,Nikita Krylov,-381.0
2018-06-23,UFC Fight Night: Cowboy vs. Edwards,Ovince Saint Preux vs. Tyson Pedro,Ovince Saint Preux,363.0
2018-06-23,UFC Fight Night: Cowboy vs. Edwards,Ovince Saint Preux vs. Tyson Pedro,Tyson Pedro,-363.0
2017-09-22,UFC Fight Night: Saint Preux vs. Okami,Ovince Saint Preux vs. Yushin Okami,Ovince Saint Preux,-105.0
2017-09-22,UFC Fight Night: Saint Preux vs. Okami,Ovince Saint Preux vs. Yushin Okami,Yushin Okami,105.0
2019-05-18,UFC Fight Night: Dos Anjos vs. Lee,Patrick Cummins vs. Ed Herman,Patrick Cummins,-111.0
2019-05-18,UFC Fight Night: Dos Anjos vs. Lee,Patrick Cummins vs. Ed Herman,Ed Herman,111.0
2018-07-07,UFC 226: Miocic vs. Cormier,Paul Felder vs. Mike Perry,Paul Felder,-100.0
2018-07-07,UFC 226: Miocic vs. Cormier,Paul Felder vs. Mike Perry,Mike Perry,-100.0
2018-08-04,UFC 227: Dillashaw vs. Garbrandt 2,Pedro Munhoz vs. Brett Johns,Pedro Munhoz,381.0
2018-08-04,UFC 227: Dillashaw vs. Garbrandt 2,Pedro Munhoz vs. Brett Johns,Brett Johns,-381.0
2018-11-30,The Ultimate Fighter: Heavy Hitters Finale,Pedro Munhoz vs. Bryan Caraway,Pedro Munhoz,-204.0
2018-11-30,The Ultimate Fighter: Heavy Hitters Finale,Pedro Munhoz vs. Bryan Caraway,Bryan Caraway,204.0
2017-10-28,UFC Fight Night: Brunson vs. Machida,Pedro Munhoz vs. Rob Font,Pedro Munhoz,316.0
2017-10-28,UFC Fight Night: Brunson vs. Machida,Pedro Munhoz vs. Rob Font,Rob Font,-316.0
2019-12-14,UFC 245: Usman vs. Covington,Petr Yan vs. Urijah Faber,Petr Yan,-316.0
2019-12-14,UFC 245: Usman vs. Covington,Petr Yan vs. Urijah Faber,Urijah Faber,316.0
2019-07-13,UFC Fight Night: De Randamie vs. Ladd,Pingyuan Liu vs. Jonathan Martinez,Pingyuan Liu,111.0
2019-07-13,UFC Fight Night: De Randamie vs. Ladd,Pingyuan Liu vs. Jonathan Martinez,Jonathan Martinez,-111.0
2018-06-09,UFC 225: Whittaker vs. Romero 2,Rafael Dos Anjos vs. Colby Covington,Rafael Dos Anjos,148.0
2018-06-09,UFC 225: Whittaker vs. Romero 2,Rafael Dos Anjos vs. Colby Covington,Colby Covington,-148.0
2018-11-30,The Ultimate Fighter: Heavy Hitters Finale,Rafael Dos Anjos vs. Kamaru Usman,Rafael Dos Anjos,179.0
2018-11-30,The Ultimate Fighter: Heavy Hitters Finale,Rafael Dos Anjos vs. Kamaru Usman,Kamaru Usman,-179.0
2019-05-18,UFC Fight Night: Dos Anjos vs. Lee,Rafael Dos Anjos vs. Kevin Lee,Rafael Dos Anjos,-100.0
2019-05-18,UFC Fight Night: Dos Anjos vs. Lee,Rafael Dos Anjos vs. Kevin Lee,Kevin Lee,-100.0
2019-07-20,UFC Fight Night: Dos Anjos vs. Edwards,Rafael Dos Anjos vs. Leon Edwards,Rafael Dos Anjos,-111.0
2019-07-20,UFC Fight Night: Dos Anjos vs. Edwards,Rafael Dos Anjos vs. Leon Edwards,Leon Edwards,111.0
2020-01-25,UFC Fight Night: Blaydes vs. Dos Santos,Rafael Dos Anjos vs. Michael Chiesa,Rafael Dos Anjos,-316.0
2020-01-25,UFC Fight Night: Blaydes vs. Dos Santos,Rafael Dos Anjos vs. Michael Chiesa,Michael Chiesa,316.0
2019-11-09,UFC Fight Night: Zabit vs. Kattar,Ramazan Emeev vs. Anthony Rocco Martin,Ramazan Emeev,179.0
2019-11-09,UFC Fight Night: Zabit vs. Kattar,Ramazan Emeev vs. Anthony Rocco Martin,Anthony Rocco Martin,-179.0
2017-11-04,UFC 217: Bisping vs. St-Pierre,Randy Brown vs. Mickey Gall,Randy Brown,204.0
2017-11-04,UFC 217: Bisping vs. St-Pierre,Randy Brown vs. Mickey Gall,Mickey Gall,-204.0
2018-07-14,UFC Fight Night: Dos Santos vs. Ivanov,Randy Brown vs. Niko Price,Randy Brown,-100.0
2018-07-14,UFC Fight Night: Dos Santos vs. Ivanov,Randy Brown vs. Niko Price,Niko Price,-100.0
2019-10-18,UFC Fight Night: Reyes vs. Weidman,Randy Costa vs. Boston Salmon,Randy Costa,-381.0
2019-10-18,UFC Fight Night: Reyes vs. Weidman,Randy Costa vs. Boston Salmon,Boston Salmon,381.0
2018-08-25,UFC Fight Night: Gaethje vs. Vick,Rani Yahya vs. Luke Sanders,Rani Yahya,-204.0
2018-08-25,UFC Fight Night: Gaethje vs. Vick,Rani Yahya vs. Luke Sanders,Luke Sanders,204.0
2019-02-09,UFC 234: Adesanya vs. Silva,Rani Yahya vs. Ricky Simon,Rani Yahya,-111.0
2019-02-09,UFC 234: Adesanya vs. Silva,Rani Yahya vs. Ricky Simon,Ricky Simon,111.0
2018-02-24,UFC Fight Night: Emmett vs. Stephens,Rani Yahya vs. Russell Doane,Rani Yahya,-100.0
2018-02-24,UFC Fight Night: Emmett vs. Stephens,Rani Yahya vs. Russell Doane,Russell Doane,-100.0
2019-12-21,UFC Fight Night: Edgar vs. The Korean Zombie,Raoni Barcelos vs. Said Nurmagomedov,Raoni Barcelos,111.0
2019-12-21,UFC Fight Night: Edgar vs. The Korean Zombie,Raoni Barcelos vs. Said Nurmagomedov,Said Nurmagomedov,-111.0
2019-08-17,UFC 241: Cormier vs. Miocic 2,Raphael Assuncao vs. Cory Sandhagen,Raphael Assuncao,148.0
2019-08-17,UFC 241: Cormier vs. Miocic 2,Raphael Assuncao vs. Cory Sandhagen,Cory Sandhagen,-148.0
2019-02-02,UFC Fight Night: Assuncao vs. Moraes 2,Raphael Assuncao vs. Marlon Moraes,Raphael Assuncao,-148.0
2019-02-02,UFC Fight Night: Assuncao vs. Moraes 2,Raphael Assuncao vs. Marlon Moraes,Marlon Moraes,148.0
2017-11-11,UFC Fight Night: Poirier vs. Pettis,Raphael Assuncao vs. Matthew Lopez,Raphael Assuncao,-204.0
2017-11-11,UFC Fight Night: Poirier vs. Pettis,Raphael Assuncao vs. Matthew Lopez,Matthew Lopez,204.0
2018-07-07,UFC 226: Miocic vs. Cormier,Raphael Assuncao vs. Rob Font,Raphael Assuncao,-100.0
2018-07-07,UFC 226: Miocic vs. Cormier,Raphael Assuncao vs. Rob Font,Rob Font,-100.0
2019-10-26,UFC Fight Night: Maia vs. Askren,Raphael Pessoa vs. Jeff Hughes,Raphael Pessoa,204.0
2019-10-26,UFC Fight Night: Maia vs. Askren,Raphael Pessoa vs. Jeff Hughes,Jeff Hughes,-204.0
2018-06-09,UFC 225: Whittaker vs. Romero 2,Rashad Coulter vs. Chris de la Rocha,Rashad Coulter,-105.0
2018-06-09,UFC 225: Whittaker vs. Romero 2,Rashad Coulter vs. Chris de la Rocha,Chris de la Rocha,105.0
2018-06-09,UFC 225: Whittaker vs. Romero 2,Rashad Evans vs. Anthony Smith,Rashad Evans,-111.0
2018-06-09,UFC 225: Whittaker vs. Romero 2,Rashad Evans vs. Anthony Smith,Anthony Smith,111.0
2018-02-24,UFC Fight Night: Emmett vs. Stephens,Renan Barao vs. Brian Kelleher,Renan Barao,-204.0
2018-02-24,UFC Fight Night: Emmett vs. Stephens,Renan Barao vs. Brian Kelleher,Brian Kelleher,204.0
2019-02-17,UFC Fight Night: Ngannou vs. Velasquez,Renan Barao vs. Luke Sanders,Renan Barao,-316.0
2019-02-17,UFC Fight Night: Ngannou vs. Velasquez,Renan Barao vs. Luke Sanders,Luke Sanders,316.0
2018-04-07,UFC 223: Khabib vs. Iaquinta,Renato Moicano vs. Calvin Kattar,Renato Moicano,-316.0
2018-04-07,UFC 223: Khabib vs. Iaquinta,Renato Moicano vs. Calvin Kattar,Calvin Kattar,316.0
2019-06-22,UFC Fight Night: Moicano vs. The Korean Zombie,Renato Moicano vs. Chan Sung Jung,Renato Moicano,-204.0
2019-06-22,UFC Fight Night: Moicano vs. The Korean Zombie,Renato Moicano vs. Chan Sung Jung,Chan Sung Jung,204.0
2019-06-08,UFC 238: Cejudo vs. Moraes,Ricardo Lamas vs. Calvin Kattar,Ricardo Lamas,-316.0
2019-06-08,UFC 238: Cejudo vs. Moraes,Ricardo Lamas vs. Calvin Kattar,Calvin Kattar,316.0
2018-11-17,UFC Fight Night: Magny vs. Ponzinibbio,Ricardo Lamas vs. Darren Elkins,Ricardo Lamas,-100.0
2018-11-17,UFC Fight Night: Magny vs. Ponzinibbio,Ricardo Lamas vs. Darren Elkins,Darren Elkins,-100.0
2017-12-16,UFC Fight Night: Lawler vs. Dos Anjos,Ricardo Lamas vs. Josh Emmett,Ricardo Lamas,-100.0
2017-12-16,UFC Fight Night: Lawler vs. Dos Anjos,Ricardo Lamas vs. Josh Emmett,Josh Emmett,-100.0
2018-06-09,UFC 225: Whittaker vs. Romero 2,Ricardo Lamas vs. Mirsad Bektic,Ricardo Lamas,256.0
2018-06-09,UFC 225: Whittaker vs. Romero 2,Ricardo Lamas vs. Mirsad Bektic,Mirsad Bektic,-256.0
2019-11-16,UFC Fight Night: Blachowicz vs. Jacare,Ricardo Ramos vs. Eduardo Garagorri,Ricardo Ramos,-106.0
2019-11-16,UFC Fight Night: Blachowicz vs. Jacare,Ricardo Ramos vs. Eduardo Garagorri,Eduardo Garagorri,106.0
2018-08-04,UFC 227: Dillashaw vs. Garbrandt 2,Ricardo Ramos vs. Kyung Ho Kang,Ricardo Ramos,-256.0
2018-08-04,UFC 227: Dillashaw vs. Garbrandt 2,Ricardo Ramos vs. Kyung Ho Kang,Kyung Ho Kang,256.0
2019-02-02,UFC Fight Night: Assuncao vs. Moraes 2,Ricardo Ramos vs. Said Nurmagomedov,Ricardo Ramos,-100.0
2019-02-02,UFC Fight Night: Assuncao vs. Moraes 2,Ricardo Ramos vs. Said Nurmagomedov,Said Nurmagomedov,-100.0
2019-12-07,UFC Fight Night: Overeem vs. Rozenstruik,Rob Font vs. Ricky Simon,Rob Font,-148.0
2019-12-07,UFC Fight Night: Overeem vs. Rozenstruik,Rob Font vs. Ricky Simon,Ricky Simon,148.0
2018-12-15,UFC Fight Night: Lee vs. Iaquinta,Rob Font vs. Sergio Pettis,Rob Font,316.0
2018-12-15,UFC Fight Night: Lee vs. Iaquinta,Rob Font vs. Sergio Pettis,Sergio Pettis,-316.0
2017-12-16,UFC Fight Night: Lawler vs. Dos Anjos,Robbie Lawler vs. Rafael Dos Anjos,Robbie Lawler,363.0
2017-12-16,UFC Fight Night: Lawler vs. Dos Anjos,Robbie Lawler vs. Rafael Dos Anjos,Rafael Dos Anjos,-363.0
2018-09-08,UFC 228: Woodley vs. Till,Robert Sanchez vs. Jarred Brooks,Robert Sanchez,-100.0
2018-09-08,UFC 228: Woodley vs. Till,Robert Sanchez vs. Jarred Brooks,Jarred Brooks,-100.0
2018-02-18,UFC Fight Night: Cerrone vs. Medeiros,Robert Sanchez vs. Joby Sanchez,Robert Sanchez,256.0
2018-02-18,UFC Fight Night: Cerrone vs. Medeiros,Robert Sanchez vs. Joby Sanchez,Joby Sanchez,-256.0
2019-10-05,UFC 243: Whittaker vs. Adesanya,Robert Whittaker vs. Israel Adesanya,Robert Whittaker,-111.0
2019-10-05,UFC 243: Whittaker vs. Adesanya,Robert Whittaker vs. Israel Adesanya,Israel Adesanya,111.0
2018-06-09,UFC 225: Whittaker vs. Romero 2,Robert Whittaker vs. Yoel Romero,Robert Whittaker,-363.0
2018-06-09,UFC 225: Whittaker vs. Romero 2,Robert Whittaker vs. Yoel Romero,Yoel Romero,363.0
2019-08-10,UFC Fight Night: Shevchenko vs. Carmouche 2,Rogerio Bontorin vs. Raulian Paiva,Rogerio Bontorin,316.0
2019-08-10,UFC Fight Night: Shevchenko vs. Carmouche 2,Rogerio Bontorin vs. Raulian Paiva,Raulian Paiva,-316.0
2020-02-15,UFC Fight Night: Anderson vs. Blachowicz,Rogerio Bontorin vs. Ray Borg,Rogerio Bontorin,204.0
2020-02-15,UFC Fight Night: Anderson vs. Blachowicz,Rogerio Bontorin vs. Ray Borg,Ray Borg,-204.0
2019-05-11,UFC 237: Namajunas vs. Andrade,Rogerio Nogueira vs. Ryan Spann,Rogerio Nogueira,363.0
2019-05-11,UFC 237: Namajunas vs. Andrade,Rogerio Nogueira vs. Ryan Spann,Ryan Spann,-363.0
2018-06-23,UFC Fight Night: Cowboy vs. Edwards,Rolando Dy vs. Shane Young,Rolando Dy,-100.0
2018-06-23,UFC Fight Night: Cowboy vs. Edwards,Rolando Dy vs. Shane Young,Shane Young,-100.0
2019-06-29,UFC Fight Night: Ngannou vs. Dos Santos,Roosevelt Roberts vs. Vinc Pichel,Roosevelt Roberts,-316.0
2019-06-29,UFC Fight Night: Ngannou vs. Dos Santos,Roosevelt Roberts vs. Vinc Pichel,Vinc Pichel,316.0
2019-03-30,UFC Fight Night: Barboza vs. Gaethje,Ross Pearson vs. Desmond Green,Ross Pearson,363.0
2019-03-30,UFC Fight Night: Barboza vs. Gaethje,Ross Pearson vs. Desmond Green,Desmond Green,-363.0
2018-02-10,UFC 221: Romero vs. Rockhold,Ross Pearson vs. Mizuto Hirota,Ross Pearson,-256.0
2018-02-10,UFC 221: Romero vs. Rockhold,Ross Pearson vs. Mizuto Hirota,Mizuto Hirota,256.0
2019-02-23,UFC Fight Night: Blachowicz vs. Santos,Rustam Khabilov vs. Diego Ferreira,Rustam Khabilov,-111.0
2019-02-23,UFC Fight Night: Blachowicz vs. Santos,Rustam Khabilov vs. Diego Ferreira,Diego Ferreira,111.0
2018-09-15,UFC Fight Night: Hunt vs. Oleinik,Rustam Khabilov vs. Kajan Johnson,Rustam Khabilov,-111.0
2018-09-15,UFC Fight Night: Hunt vs. Oleinik,Rustam Khabilov vs. Kajan Johnson,Kajan Johnson,111.0
2019-11-09,UFC Fight Night: Zabit vs. Kattar,Rustam Khabilov vs. Sergey Khandozhko,Rustam Khabilov,105.0
2019-11-09,UFC Fight Night: Zabit vs. Kattar,Rustam Khabilov vs. Sergey Khandozhko,Sergey Khandozhko,-105.0
2017-11-18,UFC Fight Night: Werdum vs. Tybura,Ryan Benoit vs. Ashkan Mokhtarian,Ryan Benoit,-179.0
2017-11-18,UFC Fight Night: Werdum vs. Tybura,Ryan Benoit vs. Ashkan Mokhtarian,Ashkan Mokhtarian,179.0
2018-04-21,UFC Fight Night: Barboza vs. Lee,Ryan LaFlare vs. Alex Garcia,Ryan LaFlare,-106.0
2018-04-21,UFC Fight Night: Barboza vs. Lee,Ryan LaFlare vs. Alex Garcia,Alex Garcia,106.0
2018-10-06,UFC 229: Khabib vs. McGregor,Ryan LaFlare vs. Anthony Rocco Martin,Ryan LaFlare,-204.0
2018-10-06,UFC 229: Khabib vs. McGregor,Ryan LaFlare vs. Anthony Rocco Martin,Anthony Rocco Martin,204.0
2019-10-12,UFC Fight Night: Joanna vs. Waterson,Ryan Spann vs. Devin Clark,Ryan Spann,-111.0
2019-10-12,UFC Fight Night: Joanna vs. Waterson,Ryan Spann vs. Devin Clark,Devin Clark,111.0
2017-12-02,UFC 218: Holloway vs. Aldo 2,Sabah Homasi vs. Abdul Razak Alhassan,Sabah Homasi,187.0
2017-12-02,UFC 218: Holloway vs. Aldo 2,Sabah Homasi vs. Abdul Razak Alhassan,Abdul Razak Alhassan,-150.0
2018-01-20,UFC 220: Miocic vs. Ngannou,Sabah Homasi vs. Abdul Razak Alhassan,Sabah Homasi,106.0
2018-01-20,UFC 220: Miocic vs. Ngannou,Sabah Homasi vs. Abdul Razak Alhassan,Abdul Razak Alhassan,106.0
2017-11-11,UFC Fight Night: Poirier vs. Pettis,Sage Northcutt vs. Michel Quinones,Sage Northcutt,-3084.0
2017-11-11,UFC Fight Night: Poirier vs. Pettis,Sage Northcutt vs. Michel Quinones,Michel Quinones,3084.0
2018-02-18,UFC Fight Night: Cerrone vs. Medeiros,Sage Northcutt vs. Thibault Gouti,Sage Northcutt,-635.0
2018-02-18,UFC Fight Night: Cerrone vs. Medeiros,Sage Northcutt vs. Thibault Gouti,Thibault Gouti,635.0
2018-07-14,UFC Fight Night: Dos Santos vs. Ivanov,Sage Northcutt vs. Zak Ottow,Sage Northcutt,-363.0
2018-07-14,UFC Fight Night: Dos Santos vs. Ivanov,Sage Northcutt vs. Zak Ottow,Zak Ottow,363.0
2019-07-20,UFC Fight Night: Dos Anjos vs. Edwards,Sam Alvey vs. Klidson Abreu,Sam Alvey,111.0
2019-07-20,UFC Fight Night: Dos Anjos vs. Edwards,Sam Alvey vs. Klidson Abreu,Klidson Abreu,-111.0
2018-09-22,UFC Fight Night: Marreta vs. Anders,Sam Alvey vs. Rogerio Nogueira,Sam Alvey,-172.0
2018-09-22,UFC Fight Night: Marreta vs. Anders,Sam Alvey vs. Rogerio Nogueira,Rogerio Nogueira,172.0
2017-12-16,UFC Fight Night: Lawler vs. Dos Anjos,Santiago Ponzinibbio vs. Mike Perry,Santiago Ponzinibbio,-106.0
2017-12-16,UFC Fight Night: Lawler vs. Dos Anjos,Santiago Ponzinibbio vs. Mike Perry,Mike Perry,106.0
2018-10-06,UFC 229: Khabib vs. McGregor,Scott Holtzman vs. Alan Patrick,Scott Holtzman,-111.0
2018-10-06,UFC 229: Khabib vs. McGregor,Scott Holtzman vs. Alan Patrick,Alan Patrick,111.0
2017-12-09,UFC Fight Night: Swanson vs. Ortega,Scott Holtzman vs. Darrell Horcher,Scott Holtzman,-316.0
2017-12-09,UFC Fight Night: Swanson vs. Ortega,Scott Holtzman vs. Darrell Horcher,Darrell Horcher,316.0
2019-08-03,UFC Fight Night: Covington vs. Lawler,Scott Holtzman vs. Dong Hyun Ma,Scott Holtzman,-204.0
2019-08-03,UFC Fight Night: Covington vs. Lawler,Scott Holtzman vs. Dong Hyun Ma,Dong Hyun Ma,204.0
2018-03-03,UFC 222: Cyborg vs. Kunitskaya,Sean O'Malley vs. Andre Soukhamthath,Sean O'Malley,-316.0
2018-03-03,UFC 222: Cyborg vs. Kunitskaya,Sean O'Malley vs. Andre Soukhamthath,Andre Soukhamthath,316.0
2019-04-20,UFC Fight Night: Overeem vs. Oleinik,Sergei Pavlovich vs. Marcelo Golm,Sergei Pavlovich,204.0
2019-04-20,UFC Fight Night: Overeem vs. Oleinik,Sergei Pavlovich vs. Marcelo Golm,Marcelo Golm,-204.0
2018-09-22,UFC Fight Night: Marreta vs. Anders,Sergio Moraes vs. Ben Saunders,Sergio Moraes,148.0
2018-09-22,UFC Fight Night: Marreta vs. Anders,Sergio Moraes vs. Ben Saunders,Ben Saunders,-148.0
2019-11-16,UFC Fight Night: Blachowicz vs. Jacare,Sergio Moraes vs. James Krause,Sergio Moraes,316.0
2019-11-16,UFC Fight Night: Blachowicz vs. Jacare,Sergio Moraes vs. James Krause,James Krause,-316.0
2018-02-03,UFC Fight Night: Machida vs. Anders,Sergio Moraes vs. Tim Means,Sergio Moraes,363.0
2018-02-03,UFC Fight Night: Machida vs. Anders,Sergio Moraes vs. Tim Means,Tim Means,-363.0
2018-10-06,UFC 229: Khabib vs. McGregor,Sergio Pettis vs. Jussier Formiga,Sergio Pettis,-381.0
2018-10-06,UFC 229: Khabib vs. McGregor,Sergio Pettis vs. Jussier Formiga,Jussier Formiga,381.0
2019-12-21,UFC Fight Night: Edgar vs. The Korean Zombie,SeungWoo Choi vs. Suman Mokhtarian,SeungWoo Choi,-105.0
2019-12-21,UFC Fight Night: Edgar vs. The Korean Zombie,SeungWoo Choi vs. Suman Mokhtarian,Suman Mokhtarian,105.0
2018-11-03,UFC 230: Cormier vs. Lewis,Shane Burgos vs. Kurt Holobaugh,Shane Burgos,-316.0
2018-11-03,UFC 230: Cormier vs. Lewis,Shane Burgos vs. Kurt Holobaugh,Kurt Holobaugh,316.0
2019-11-02,UFC 244: Masvidal vs. Diaz,Shane Burgos vs. Makwan Amirkhani,Shane Burgos,-148.0
2019-11-02,UFC 244: Masvidal vs. Diaz,Shane Burgos vs. Makwan Amirkhani,Makwan Amirkhani,148.0
2019-02-09,UFC 234: Adesanya vs. Silva,Shane Young vs. Austin Arnett,Shane Young,-100.0
2019-02-09,UFC 234: Adesanya vs. Silva,Shane Young vs. Austin Arnett,Austin Arnett,-100.0
2018-06-23,UFC Fight Night: Cowboy vs. Edwards,Shinsho Anzai vs. Jake Matthews,Shinsho Anzai,363.0
2018-06-23,UFC Fight Night: Cowboy vs. Edwards,Shinsho Anzai vs. Jake Matthews,Jake Matthews,-363.0
2019-09-28,UFC Fight Night: Hermansson vs. Cannonier,Siyar Bahadurzada vs. Ismail Naurdiev,Siyar Bahadurzada,363.0
2019-09-28,UFC Fight Night: Hermansson vs. Cannonier,Siyar Bahadurzada vs. Ismail Naurdiev,Ismail Naurdiev,-363.0
2018-04-21,UFC Fight Night: Barboza vs. Lee,Siyar Bahadurzada vs. Luan Chagas,Siyar Bahadurzada,316.0
2018-04-21,UFC Fight Night: Barboza vs. Lee,Siyar Bahadurzada vs. Luan Chagas,Luan Chagas,-316.0
2019-03-30,UFC Fight Night: Barboza vs. Gaethje,Sodiq Yusuff vs. Sheymon Moraes,Sodiq Yusuff,-106.0
2019-03-30,UFC Fight Night: Barboza vs. Gaethje,Sodiq Yusuff vs. Sheymon Moraes,Sheymon Moraes,106.0
2018-11-24,UFC Fight Night: Blaydes vs. Ngannou 2,Song Kenan vs. Alex Morono,Song Kenan,204.0
2018-11-24,UFC Fight Night: Blaydes vs. Ngannou 2,Song Kenan vs. Alex Morono,Alex Morono,-204.0
2019-08-31,UFC Fight Night: Andrade vs. Zhang,Song Kenan vs. Derrick Krantz,Song Kenan,-111.0
2019-08-31,UFC Fight Night: Andrade vs. Zhang,Song Kenan vs. Derrick Krantz,Derrick Krantz,111.0
2018-03-03,UFC 222: Cyborg vs. Kunitskaya,Stefan Struve vs. Andrei Arlovski,Stefan Struve,-106.0
2018-03-03,UFC 222: Cyborg vs. Kunitskaya,Stefan Struve vs. Andrei Arlovski,Andrei Arlovski,106.0
2019-12-07,UFC Fight Night: Overeem vs. Rozenstruik,Stefan Struve vs. Ben Rothwell,Stefan Struve,-172.0
2019-12-07,UFC Fight Night: Overeem vs. Rozenstruik,Stefan Struve vs. Ben Rothwell,Ben Rothwell,172.0
2019-02-23,UFC Fight Night: Blachowicz vs. Santos,Stefan Struve vs. Marcos Rogerio de Lima,Stefan Struve,204.0
2019-02-23,UFC Fight Night: Blachowicz vs. Santos,Stefan Struve vs. Marcos Rogerio de Lima,Marcos Rogerio de Lima,-204.0
2019-03-23,UFC Fight Night: Thompson vs. Pettis,Stephen Thompson vs. Anthony Pettis,Stephen Thompson,-316.0
2019-03-23,UFC Fight Night: Thompson vs. Pettis,Stephen Thompson vs. Anthony Pettis,Anthony Pettis,316.0
2018-05-27,UFC Fight Night: Thompson vs. Till,Stephen Thompson vs. Darren Till,Stephen Thompson,-106.0
2018-05-27,UFC Fight Night: Thompson vs. Till,Stephen Thompson vs. Darren Till,Darren Till,106.0
2017-11-04,UFC 217: Bisping vs. St-Pierre,Stephen Thompson vs. Jorge Masvidal,Stephen Thompson,204.0
2017-11-04,UFC 217: Bisping vs. St-Pierre,Stephen Thompson vs. Jorge Masvidal,Jorge Masvidal,-204.0
2019-11-02,UFC 244: Masvidal vs. Diaz,Stephen Thompson vs. Vicente Luque,Stephen Thompson,-100.0
2019-11-02,UFC 244: Masvidal vs. Diaz,Stephen Thompson vs. Vicente Luque,Vicente Luque,-100.0
2018-10-27,UFC Fight Night: Oezdemir vs. Smith,Stevie Ray vs. Jessin Ayari,Stevie Ray,106.0
2018-10-27,UFC Fight Night: Oezdemir vs. Smith,Stevie Ray vs. Jessin Ayari,Jessin Ayari,-106.0
2018-03-17,UFC Fight Night: Werdum vs. Volkov,Stevie Ray vs. Kajan Johnson,Stevie Ray,-106.0
2018-03-17,UFC Fight Night: Werdum vs. Volkov,Stevie Ray vs. Kajan Johnson,Kajan Johnson,106.0
2019-06-01,UFC Fight Night: Gustafsson vs. Smith,Stevie Ray vs. Leonardo Santos,Stevie Ray,-316.0
2019-06-01,UFC Fight Night: Gustafsson vs. Smith,Stevie Ray vs. Leonardo Santos,Leonardo Santos,316.0
2018-07-07,UFC 226: Miocic vs. Cormier,Stipe Miocic vs. Daniel Cormier,Stipe Miocic,-363.0
2018-07-07,UFC 226: Miocic vs. Cormier,Stipe Miocic vs. Daniel Cormier,Daniel Cormier,363.0
2018-01-20,UFC 220: Miocic vs. Ngannou,Stipe Miocic vs. Francis Ngannou,Stipe Miocic,-111.0
2018-01-20,UFC 220: Miocic vs. Ngannou,Stipe Miocic vs. Francis Ngannou,Francis Ngannou,111.0
2019-04-20,UFC Fight Night: Overeem vs. Oleinik,Sultan Aliev vs. Keita Nakamura,Sultan Aliev,-106.0
2019-04-20,UFC Fight Night: Overeem vs. Oleinik,Sultan Aliev vs. Keita Nakamura,Keita Nakamura,106.0
2019-08-31,UFC Fight Night: Andrade vs. Zhang,Sumudaerji vs. Andre Soukhamthath,Sumudaerji,-316.0
2019-08-31,UFC Fight Night: Andrade vs. Zhang,Sumudaerji vs. Andre Soukhamthath,Andre Soukhamthath,316.0
2018-08-04,UFC 227: Dillashaw vs. Garbrandt 2,TJ Dillashaw vs. Cody Garbrandt,TJ Dillashaw,-106.0
2018-08-04,UFC 227: Dillashaw vs. Garbrandt 2,TJ Dillashaw vs. Cody Garbrandt,Cody Garbrandt,106.0
2019-06-08,UFC 238: Cejudo vs. Moraes,Tai Tuivasa vs. Blagoy Ivanov,Tai Tuivasa,-316.0
2019-06-08,UFC 238: Cejudo vs. Moraes,Tai Tuivasa vs. Blagoy Ivanov,Blagoy Ivanov,316.0
2018-02-10,UFC 221: Romero vs. Rockhold,Tai Tuivasa vs. Cyril Asker,Tai Tuivasa,-179.0
2018-02-10,UFC 221: Romero vs. Rockhold,Tai Tuivasa vs. Cyril Asker,Cyril Asker,179.0
2019-10-05,UFC 243: Whittaker vs. Adesanya,Tai Tuivasa vs. Serghei Spivac,Tai Tuivasa,-204.0
2019-10-05,UFC 243: Whittaker vs. Adesanya,Tai Tuivasa vs. Serghei Spivac,Serghei Spivac,204.0
2018-02-10,UFC 221: Romero vs. Rockhold,Teruto Ishihara vs. Jose Quinonez,Teruto Ishihara,-100.0
2018-02-10,UFC 221: Romero vs. Rockhold,Teruto Ishihara vs. Jose Quinonez,Jose Quinonez,-100.0
2019-02-09,UFC 234: Adesanya vs. Silva,Teruto Ishihara vs. Kyung Ho Kang,Teruto Ishihara,111.0
2019-02-09,UFC 234: Adesanya vs. Silva,Teruto Ishihara vs. Kyung Ho Kang,Kyung Ho Kang,-111.0
2017-10-07,UFC 216: Ferguson vs. Lee,Thales Leites vs. Brad Tavares,Thales Leites,204.0
2017-10-07,UFC 216: Ferguson vs. Lee,Thales Leites vs. Brad Tavares,Brad Tavares,-204.0
2018-09-22,UFC Fight Night: Marreta vs. Anders,Thales Leites vs. Hector Lombard,Thales Leites,111.0
2018-09-22,UFC Fight Night: Marreta vs. Anders,Thales Leites vs. Hector Lombard,Hector Lombard,-111.0
2018-05-12,UFC 224: Nunes vs. Pennington,Thales Leites vs. Jack Hermansson,Thales Leites,204.0
2018-05-12,UFC 224: Nunes vs. Pennington,Thales Leites vs. Jack Hermansson,Jack Hermansson,-204.0
2019-05-11,UFC 237: Namajunas vs. Andrade,Thiago Alves vs. Laureano Staropoli,Thiago Alves,134.0
2019-05-11,UFC 237: Namajunas vs. Andrade,Thiago Alves vs. Laureano Staropoli,Laureano Staropoli,-134.0
2019-02-02,UFC Fight Night: Assuncao vs. Moraes 2,Thiago Alves vs. Max Griffin,Thiago Alves,-100.0
2019-02-02,UFC Fight Night: Assuncao vs. Moraes 2,Thiago Alves vs. Max Griffin,Max Griffin,-100.0
2019-12-07,UFC Fight Night: Overeem vs. Rozenstruik,Thiago Alves vs. Tim Means,Thiago Alves,256.0
2019-12-07,UFC Fight Night: Overeem vs. Rozenstruik,Thiago Alves vs. Tim Means,Tim Means,-256.0
2019-05-11,UFC 237: Namajunas vs. Andrade,Thiago Moises vs. Kurt Holobaugh,Thiago Moises,-100.0
2019-05-11,UFC 237: Namajunas vs. Andrade,Thiago Moises vs. Kurt Holobaugh,Kurt Holobaugh,-100.0
2018-02-03,UFC Fight Night: Machida vs. Anders,Thiago Santos vs. Anthony Smith,Thiago Santos,-363.0
2018-02-03,UFC Fight Night: Machida vs. Anders,Thiago Santos vs. Anthony Smith,Anthony Smith,363.0
2018-09-22,UFC Fight Night: Marreta vs. Anders,Thiago Santos vs. Eryk Anders,Thiago Santos,-316.0
2018-09-22,UFC Fight Night: Marreta vs. Anders,Thiago Santos vs. Eryk Anders,Eryk Anders,316.0
2017-10-28,UFC Fight Night: Brunson vs. Machida,Thiago Santos vs. Jack Hermansson,Thiago Santos,129.0
2017-10-28,UFC Fight Night: Brunson vs. Machida,Thiago Santos vs. Jack Hermansson,Jack Hermansson,-129.0
2018-10-27,UFC Fight Night: Oezdemir vs. Smith,Thibault Gouti vs. Nasrat Haqparast,Thibault Gouti,381.0
2018-10-27,UFC Fight Night: Oezdemir vs. Smith,Thibault Gouti vs. Nasrat Haqparast,Nasrat Haqparast,-381.0
2018-01-20,UFC 220: Miocic vs. Ngannou,Thomas Almeida vs. Rob Font,Thomas Almeida,-111.0
2018-01-20,UFC 220: Miocic vs. Ngannou,Thomas Almeida vs. Rob Font,Rob Font,111.0
2018-04-14,UFC Fight Night: Poirier vs. Gaethje,Tim Boetsch vs. Antonio Carlos Junior,Tim Boetsch,223.0
2018-04-14,UFC Fight Night: Poirier vs. Gaethje,Tim Boetsch vs. Antonio Carlos Junior,Antonio Carlos Junior,-223.0
2019-03-09,UFC Fight Night: Lewis vs. Dos Santos,Tim Boetsch vs. Omari Akhmedov,Tim Boetsch,111.0
2019-03-09,UFC Fight Night: Lewis vs. Dos Santos,Tim Boetsch vs. Omari Akhmedov,Omari Akhmedov,-111.0
2020-01-18,UFC 246: McGregor vs. Cowboy,Tim Elliott vs. Askar Askarov,Tim Elliott,-111.0
2020-01-18,UFC 246: McGregor vs. Cowboy,Tim Elliott vs. Askar Askarov,Askar Askarov,111.0
2017-11-18,UFC Fight Night: Werdum vs. Tybura,Tim Means vs. Belal Muhammad,Tim Means,-316.0
2017-11-18,UFC Fight Night: Werdum vs. Tybura,Tim Means vs. Belal Muhammad,Belal Muhammad,316.0
2019-03-09,UFC Fight Night: Lewis vs. Dos Santos,Tim Means vs. Niko Price,Tim Means,-363.0
2019-03-09,UFC Fight Night: Lewis vs. Dos Santos,Tim Means vs. Niko Price,Niko Price,363.0
2018-11-30,The Ultimate Fighter: Heavy Hitters Finale,Tim Means vs. Ricky Rainey,Tim Means,-381.0
2018-11-30,The Ultimate Fighter: Heavy Hitters Finale,Tim Means vs. Ricky Rainey,Ricky Rainey,381.0
2018-02-03,UFC Fight Night: Machida vs. Anders,Timothy Johnson vs. Marcelo Golm,Timothy Johnson,381.0
2018-02-03,UFC Fight Night: Machida vs. Anders,Timothy Johnson vs. Marcelo Golm,Marcelo Golm,-381.0
2017-10-07,UFC 216: Ferguson vs. Lee,Tom Duquesnoy vs. Cody Stamann,Tom Duquesnoy,316.0
2017-10-07,UFC 216: Ferguson vs. Lee,Tom Duquesnoy vs. Cody Stamann,Cody Stamann,-316.0
2018-03-17,UFC Fight Night: Werdum vs. Volkov,Tom Duquesnoy vs. Terrion Ware,Tom Duquesnoy,-316.0
2018-03-17,UFC Fight Night: Werdum vs. Volkov,Tom Duquesnoy vs. Terrion Ware,Terrion Ware,316.0
2018-10-06,UFC 229: Khabib vs. McGregor,Tony Ferguson vs. Anthony Pettis,Tony Ferguson,-363.0
2018-10-06,UFC 229: Khabib vs. McGregor,Tony Ferguson vs. Anthony Pettis,Anthony Pettis,363.0
2019-06-08,UFC 238: Cejudo vs. Moraes,Tony Ferguson vs. Donald Cerrone,Tony Ferguson,-363.0
2019-06-08,UFC 238: Cejudo vs. Moraes,Tony Ferguson vs. Donald Cerrone,Donald Cerrone,363.0
2017-10-07,UFC 216: Ferguson vs. Lee,Tony Ferguson vs. Kevin Lee,Tony Ferguson,-204.0
2017-10-07,UFC 216: Ferguson vs. Lee,Tony Ferguson vs. Kevin Lee,Kevin Lee,204.0
2019-08-03,UFC Fight Night: Covington vs. Lawler,Trevin Giles vs. Gerald Meerschaert,Trevin Giles,-172.0
2019-08-03,UFC Fight Night: Covington vs. Lawler,Trevin Giles vs. Gerald Meerschaert,Gerald Meerschaert,172.0
2020-02-08,UFC 247: Jones vs. Reyes,Trevin Giles vs. James Krause,Trevin Giles,-278.0
2020-02-08,UFC 247: Jones vs. Reyes,Trevin Giles vs. James Krause,James Krause,278.0
2018-12-15,UFC Fight Night: Lee vs. Iaquinta,Trevor Smith vs. Zak Cummings,Trevor Smith,106.0
2018-12-15,UFC Fight Night: Lee vs. Iaquinta,Trevor Smith vs. Zak Cummings,Zak Cummings,-106.0
2018-09-08,UFC 228: Woodley vs. Till,Tyron Woodley vs. Darren Till,Tyron Woodley,204.0
2018-09-08,UFC 228: Woodley vs. Till,Tyron Woodley vs. Darren Till,Darren Till,-204.0
2019-03-02,UFC 235: Jones vs. Smith,Tyron Woodley vs. Kamaru Usman,Tyron Woodley,316.0
2019-03-02,UFC 235: Jones vs. Smith,Tyron Woodley vs. Kamaru Usman,Kamaru Usman,-316.0
2018-02-10,UFC 221: Romero vs. Rockhold,Tyson Pedro vs. Saparbeg Safarov,Tyson Pedro,-381.0
2018-02-10,UFC 221: Romero vs. Rockhold,Tyson Pedro vs. Saparbeg Safarov,Saparbeg Safarov,381.0
2019-09-14,UFC Fight Night: Cowboy vs. Gaethje,Uriah Hall vs. Antonio Carlos Junior,Uriah Hall,316.0
2019-09-14,UFC Fight Night: Cowboy vs. Gaethje,Uriah Hall vs. Antonio Carlos Junior,Antonio Carlos Junior,-316.0
2018-07-07,UFC 226: Miocic vs. Cormier,Uriah Hall vs. Paulo Costa,Uriah Hall,111.0
2018-07-07,UFC 226: Miocic vs. Cormier,Uriah Hall vs. Paulo Costa,Paulo Costa,-111.0
2019-07-13,UFC Fight Night: De Randamie vs. Ladd,Urijah Faber vs. Ricky Simon,Urijah Faber,148.0
2019-07-13,UFC Fight Night: De Randamie vs. Ladd,Urijah Faber vs. Ricky Simon,Ricky Simon,-148.0
2019-02-17,UFC Fight Night: Ngannou vs. Velasquez,Vicente Luque vs. Bryan Barberena,Vicente Luque,-204.0
2019-02-17,UFC Fight Night: Ngannou vs. Velasquez,Vicente Luque vs. Bryan Barberena,Bryan Barberena,204.0
2018-05-19,UFC Fight Night: Maia vs. Usman,Vicente Luque vs. Chad Laprise,Vicente Luque,-173.0
2018-05-19,UFC Fight Night: Maia vs. Usman,Vicente Luque vs. Chad Laprise,Chad Laprise,173.0
2019-08-10,UFC Fight Night: Shevchenko vs. Carmouche 2,Vicente Luque vs. Mike Perry,Vicente Luque,-148.0
2019-08-10,UFC Fight Night: Shevchenko vs. Carmouche 2,Vicente Luque vs. Mike Perry,Mike Perry,148.0
2017-10-28,UFC Fight Night: Brunson vs. Machida,Vicente Luque vs. Niko Price,Vicente Luque,-204.0
2017-10-28,UFC Fight Night: Brunson vs. Machida,Vicente Luque vs. Niko Price,Niko Price,204.0
2018-01-27,UFC Fight Night: Jacare vs. Brunson 2,Vinc Pichel vs. Joaquim Silva,Vinc Pichel,111.0
2018-01-27,UFC Fight Night: Jacare vs. Brunson 2,Vinc Pichel vs. Joaquim Silva,Joaquim Silva,-111.0
2019-09-21,UFC Fight Night: Rodriguez vs. Stephens,Vinicius Moreira vs. Paul Craig,Vinicius Moreira,140.0
2019-09-21,UFC Fight Night: Rodriguez vs. Stephens,Vinicius Moreira vs. Paul Craig,Paul Craig,-140.0
2018-05-12,UFC 224: Nunes vs. Pennington,Vitor Belfort vs. Lyoto Machida,Vitor Belfort,111.0
2018-05-12,UFC 224: Nunes vs. Pennington,Vitor Belfort vs. Lyoto Machida,Lyoto Machida,-111.0
2019-12-21,UFC Fight Night: Edgar vs. The Korean Zombie,Volkan Oezdemir vs. Aleksandar Rakic,Volkan Oezdemir,-100.0
2019-12-21,UFC Fight Night: Edgar vs. The Korean Zombie,Volkan Oezdemir vs. Aleksandar Rakic,Aleksandar Rakic,-100.0
2018-10-27,UFC Fight Night: Oezdemir vs. Smith,Volkan Oezdemir vs. Anthony Smith,Volkan Oezdemir,-316.0
2018-10-27,UFC Fight Night: Oezdemir vs. Smith,Volkan Oezdemir vs. Anthony Smith,Anthony Smith,316.0
2019-03-16,UFC Fight Night: Till vs. Masvidal,Volkan Oezdemir vs. Dominick Reyes,Volkan Oezdemir,-100.0
2019-03-16,UFC Fight Night: Till vs. Masvidal,Volkan Oezdemir vs. Dominick Reyes,Dominick Reyes,-100.0
2019-08-10,UFC Fight Night: Shevchenko vs. Carmouche 2,Volkan Oezdemir vs. Ilir Latifi,Volkan Oezdemir,-111.0
2019-08-10,UFC Fight Night: Shevchenko vs. Carmouche 2,Volkan Oezdemir vs. Ilir Latifi,Ilir Latifi,111.0
2018-06-01,UFC Fight Night: Rivera vs. Moraes,Walt Harris vs. Daniel Spitz,Walt Harris,111.0
2018-06-01,UFC Fight Night: Rivera vs. Moraes,Walt Harris vs. Daniel Spitz,Daniel Spitz,-111.0
2017-11-04,UFC 217: Bisping vs. St-Pierre,Walt Harris vs. Mark Godbeer,Walt Harris,111.0
2017-11-04,UFC 217: Bisping vs. St-Pierre,Walt Harris vs. Mark Godbeer,Mark Godbeer,-111.0
2019-11-16,UFC Fight Night: Blachowicz vs. Jacare,Warlley Alves vs. Randy Brown,Warlley Alves,-100.0
2019-11-16,UFC Fight Night: Blachowicz vs. Jacare,Warlley Alves vs. Randy Brown,Randy Brown,-100.0
2019-05-11,UFC 237: Namajunas vs. Andrade,Warlley Alves vs. Sergio Moraes,Warlley Alves,-204.0
2019-05-11,UFC 237: Namajunas vs. Andrade,Warlley Alves vs. Sergio Moraes,Sergio Moraes,204.0
2018-05-12,UFC 224: Nunes vs. Pennington,Warlley Alves vs. Sultan Aliev,Warlley Alves,-363.0
2018-05-12,UFC 224: Nunes vs. Pennington,Warlley Alves vs. Sultan Aliev,Sultan Aliev,363.0
2019-04-13,UFC 236: Holloway vs. Poirier 2,Wilson Reis vs. Alexandre Pantoja,Wilson Reis,204.0
2019-04-13,UFC 236: Holloway vs. Poirier 2,Wilson Reis vs. Alexandre Pantoja,Alexandre Pantoja,-204.0
2018-12-01,UFC Fight Night: Dos Santos vs. Tuivasa,Wilson Reis vs. Ben Nguyen,Wilson Reis,-106.0
2018-12-01,UFC Fight Night: Dos Santos vs. Tuivasa,Wilson Reis vs. Ben Nguyen,Ben Nguyen,106.0
2018-04-14,UFC Fight Night: Poirier vs. Gaethje,Wilson Reis vs. John Moraga,Wilson Reis,-204.0
2018-04-14,UFC Fight Night: Poirier vs. Gaethje,Wilson Reis vs. John Moraga,John Moraga,204.0
2019-02-09,UFC 234: Adesanya vs. Silva,Wulijiburen vs. Jonathan Martinez,Wulijiburen,-100.0
2019-02-09,UFC 234: Adesanya vs. Silva,Wulijiburen vs. Jonathan Martinez,Jonathan Martinez,-100.0
2019-10-18,UFC Fight Night: Reyes vs. Weidman,Yair Rodriguez vs. Jeremy Stephens,Yair Rodriguez,-111.0
2019-10-18,UFC Fight Night: Reyes vs. Weidman,Yair Rodriguez vs. Jeremy Stephens,Jeremy Stephens,111.0
2018-02-10,UFC 221: Romero vs. Rockhold,Yoel Romero vs. Luke Rockhold,Yoel Romero,-106.0
2018-02-10,UFC 221: Romero vs. Rockhold,Yoel Romero vs. Luke Rockhold,Luke Rockhold,106.0
2019-08-17,UFC 241: Cormier vs. Miocic 2,Yoel Romero vs. Paulo Costa,Yoel Romero,-100.0
2019-08-17,UFC 241: Cormier vs. Miocic 2,Yoel Romero vs. Paulo Costa,Paulo Costa,-100.0
2018-12-01,UFC Fight Night: Dos Santos vs. Tuivasa,Yushin Okami vs. Aleksei Kunchenko,Yushin Okami,-111.0
2018-12-01,UFC Fight Night: Dos Santos vs. Tuivasa,Yushin Okami vs. Aleksei Kunchenko,Aleksei Kunchenko,111.0
2018-09-08,UFC 228: Woodley vs. Till,Zabit Magomedsharipov vs. Brandon Davis,Zabit Magomedsharipov,-316.0
2018-09-08,UFC 228: Woodley vs. Till,Zabit Magomedsharipov vs. Brandon Davis,Brandon Davis,316.0
2019-11-09,UFC Fight Night: Zabit vs. Kattar,Zabit Magomedsharipov vs. Calvin Kattar,Zabit Magomedsharipov,-363.0
2019-11-09,UFC Fight Night: Zabit vs. Kattar,Zabit Magomedsharipov vs. Calvin Kattar,Calvin Kattar,363.0
2018-04-07,UFC 223: Khabib vs. Iaquinta,Zabit Magomedsharipov vs. Kyle Bochniak,Zabit Magomedsharipov,-381.0
2018-04-07,UFC 223: Khabib vs. Iaquinta,Zabit Magomedsharipov vs. Kyle Bochniak,Kyle Bochniak,381.0
2018-05-19,UFC Fight Night: Maia vs. Usman,Zak Cummings vs. Michel Prazeres,Zak Cummings,-100.0
2018-05-19,UFC Fight Night: Maia vs. Usman,Zak Cummings vs. Michel Prazeres,Michel Prazeres,-100.0
2019-05-18,UFC Fight Night: Dos Anjos vs. Lee,Zak Cummings vs. Trevin Giles,Zak Cummings,316.0
2019-05-18,UFC Fight Night: Dos Anjos vs. Lee,Zak Cummings vs. Trevin Giles,Trevin Giles,-316.0
2019-11-09,UFC Fight Night: Zabit vs. Kattar,Zelim Imadaev vs. Danny Roberts,Zelim Imadaev,-316.0
2019-11-09,UFC Fight Night: Zabit vs. Kattar,Zelim Imadaev vs. Danny Roberts,Danny Roberts,316.0
