DATE,EVENT,BOUT,FIGHTER,odds
2014-08-23,UFC Fight Night: Henderson vs Dos Anjos,Aaron Phillips vs. Matt Hobar,Aaron Phillips,-163
2014-08-23,UFC Fight Night: Henderson vs Dos Anjos,Aaron Phillips vs. Matt Hobar,Matt Hobar,163
2013-07-27,UFC on FOX: Johnson vs Moraga,Aaron Riley vs. Justin Salas,Aaron Riley,125
2013-07-27,UFC on FOX: Johnson vs Moraga,Aaron Riley vs. Justin Salas,Justin Salas,-125
2013-12-14,UFC on FOX: Johnson vs. Benavidez 2,Abel Trujillo vs. Roger Bowling,Abel Trujillo,-108
2013-12-14,UFC on FOX: Johnson vs. Benavidez 2,Abel Trujillo vs. Roger Bowling,Roger Bowling,108
2014-10-04,UFC Fight Night: Nelson vs Story,Akira Corassani vs. Max Holloway,Akira Corassani,196
2014-10-04,UFC Fight Night: Nelson vs Story,Akira Corassani vs. Max Holloway,Max Holloway,-196
2013-11-30,The Ultimate Fighter: Team Rousey vs. Team Tate Finale,Akira Corassani vs. Maximo Blanco,Akira Corassani,139
2013-11-30,The Ultimate Fighter: Team Rousey vs. Team Tate Finale,Akira Corassani vs. Maximo Blanco,Maximo Blanco,-139
2013-04-06,UFC on FUEL TV: Mousasi vs Latifi,Akira Corassani vs. Robert Peralta,Akira Corassani,136
2013-04-06,UFC on FUEL TV: Mousasi vs Latifi,Akira Corassani vs. Robert Peralta,Robert Peralta,-136
2015-01-24,UFC on FOX: Gustafsson vs Johnson,Akira Corassani vs. Sam Sicilia,Akira Corassani,168
2015-01-24,UFC on FOX: Gustafsson vs Johnson,Akira Corassani vs. Sam Sicilia,Sam Sicilia,-168
2014-05-24,UFC 173: Barao vs Dillashaw,Al Iaquinta vs. Mitch Clarke,Al Iaquinta,-154
2014-05-24,UFC 173: Barao vs Dillashaw,Al Iaquinta vs. Mitch Clarke,Mitch Clarke,154
2013-10-26,UFC Fight Night: Machida vs Munoz,Al Iaquinta vs. Piotr Hallmann,Al Iaquinta,-107
2013-10-26,UFC Fight Night: Machida vs Munoz,Al Iaquinta vs. Piotr Hallmann,Piotr Hallmann,107
2014-09-05,UFC Fight Night: Jacare vs Mousasi,Al Iaquinta vs. Rodrigo Damm,Al Iaquinta,-172
2014-09-05,UFC Fight Night: Jacare vs Mousasi,Al Iaquinta vs. Rodrigo Damm,Rodrigo Damm,172
2015-02-28,UFC 184: Rousey vs Zingano,Alan Jouban vs. Richard Walsh,Alan Jouban,177
2015-02-28,UFC 184: Rousey vs Zingano,Alan Jouban vs. Richard Walsh,Richard Walsh,-177
2014-01-25,UFC on FOX: Henderson vs Thomson,Alex Caceres vs. Sergio Pettis,Alex Caceres,118
2014-01-25,UFC on FOX: Henderson vs Thomson,Alex Caceres vs. Sergio Pettis,Sergio Pettis,-118
2014-12-06,UFC 181: Hendricks vs Lawler II,Alex White vs. Clay Collard,Alex White,-111
2014-12-06,UFC 181: Hendricks vs Lawler II,Alex White vs. Clay Collard,Clay Collard,111
2015-01-24,UFC on FOX: Gustafsson vs Johnson,Alexander Gustafsson vs. Anthony Johnson,Alexander Gustafsson,148
2015-01-24,UFC on FOX: Gustafsson vs Johnson,Alexander Gustafsson vs. Anthony Johnson,Anthony Johnson,-148
2014-03-08,UFC Fight Night: Gustafsson vs Manuwa,Alexander Gustafsson vs. Jimi Manuwa,Alexander Gustafsson,-128
2014-03-08,UFC Fight Night: Gustafsson vs Manuwa,Alexander Gustafsson vs. Jimi Manuwa,Jimi Manuwa,128
2013-02-02,UFC 156: Aldo vs Edgar,Alistair Overeem vs. Antonio Silva,Alistair Overeem,-140
2013-02-02,UFC 156: Aldo vs Edgar,Alistair Overeem vs. Antonio Silva,Antonio Silva,140
2014-09-05,UFC Fight Night: Jacare vs Mousasi,Alistair Overeem vs. Ben Rothwell,Alistair Overeem,-148
2014-09-05,UFC Fight Night: Jacare vs Mousasi,Alistair Overeem vs. Ben Rothwell,Ben Rothwell,148
2014-12-13,UFC on FOX: Dos Santos vs Miocic,Alistair Overeem vs. Stefan Struve,Alistair Overeem,-165
2014-12-13,UFC on FOX: Dos Santos vs Miocic,Alistair Overeem vs. Stefan Struve,Stefan Struve,165
2013-08-17,UFC Fight Night: Shogun vs Sonnen,Alistair Overeem vs. Travis Browne,Alistair Overeem,-101
2013-08-17,UFC Fight Night: Shogun vs Sonnen,Alistair Overeem vs. Travis Browne,Travis Browne,101
2014-06-14,UFC 174: Johnson vs Bagautinov,Andrei Arlovski vs. Brendan Schaub,Andrei Arlovski,107
2014-06-14,UFC 174: Johnson vs Bagautinov,Andrei Arlovski vs. Brendan Schaub,Brendan Schaub,-107
2013-10-26,UFC Fight Night: Machida vs Munoz,Andy Ogle vs. Cole Miller,Andy Ogle,-153
2013-10-26,UFC Fight Night: Machida vs Munoz,Andy Ogle vs. Cole Miller,Cole Miller,153
2013-02-16,UFC on FUEL TV: Barao vs McDonald,Andy Ogle vs. Josh Grispi,Andy Ogle,-115
2013-02-16,UFC on FUEL TV: Barao vs McDonald,Andy Ogle vs. Josh Grispi,Josh Grispi,115
2014-05-31,UFC Fight Night: Munoz vs Mousasi,Andy Ogle vs. Maximo Blanco,Andy Ogle,-106
2014-05-31,UFC Fight Night: Munoz vs Mousasi,Andy Ogle vs. Maximo Blanco,Maximo Blanco,106
2015-05-23,UFC 187: Johnson vs Cormier,Anthony Johnson vs. Daniel Cormier,Anthony Johnson,-149
2015-05-23,UFC 187: Johnson vs Cormier,Anthony Johnson vs. Daniel Cormier,Daniel Cormier,149
2014-07-26,UFC on FOX: Lawler vs Brown,Anthony Johnson vs. Rogerio Nogueira,Anthony Johnson,-186
2014-07-26,UFC on FOX: Lawler vs Brown,Anthony Johnson vs. Rogerio Nogueira,Rogerio Nogueira,186
2014-05-10,UFC Fight Night: Brown vs Silva,Anthony Lapsley vs. Albert Tumenov,Anthony Lapsley,119
2014-05-10,UFC Fight Night: Brown vs Silva,Anthony Lapsley vs. Albert Tumenov,Albert Tumenov,-119
2014-05-24,UFC 173: Barao vs Dillashaw,Anthony Njokuani vs. Vinc Pichel,Anthony Njokuani,124
2014-05-24,UFC 173: Barao vs Dillashaw,Anthony Njokuani vs. Vinc Pichel,Vinc Pichel,-124
2014-11-07,UFC Fight Night: Rockhold vs Bisping,Anthony Perosh vs. Guto Inocente,Anthony Perosh,139
2014-11-07,UFC Fight Night: Rockhold vs Bisping,Anthony Perosh vs. Guto Inocente,Guto Inocente,-139
2015-05-09,UFC Fight Night: Miocic vs Hunt,Anthony Perosh vs. Sean O'Connell,Anthony Perosh,119
2015-05-09,UFC Fight Night: Miocic vs Hunt,Anthony Perosh vs. Sean O'Connell,Sean O'Connell,-119
2013-01-26,UFC on FOX: Johnson vs Dodson,Anthony Pettis vs. Donald Cerrone,Anthony Pettis,-204
2013-01-26,UFC on FOX: Johnson vs Dodson,Anthony Pettis vs. Donald Cerrone,Donald Cerrone,204
2014-12-06,UFC 181: Hendricks vs Lawler II,Anthony Pettis vs. Gilbert Melendez,Anthony Pettis,-129
2014-12-06,UFC 181: Hendricks vs Lawler II,Anthony Pettis vs. Gilbert Melendez,Gilbert Melendez,129
2015-03-14,UFC 185: Pettis vs Dos Anjos,Anthony Pettis vs. Rafael Dos Anjos,Anthony Pettis,108
2015-03-14,UFC 185: Pettis vs Dos Anjos,Anthony Pettis vs. Rafael Dos Anjos,Rafael Dos Anjos,-108
2014-12-20,UFC Fight Night: Machida vs Dollaway,Antonio Carlos Junior vs. Patrick Cummins,Antonio Carlos Junior,138
2014-12-20,UFC Fight Night: Machida vs Dollaway,Antonio Carlos Junior vs. Patrick Cummins,Patrick Cummins,-138
2013-03-16,UFC 158: St-Pierre vs Diaz,Antonio Carvalho vs. Darren Elkins,Antonio Carvalho,169
2013-03-16,UFC 158: St-Pierre vs Diaz,Antonio Carvalho vs. Darren Elkins,Darren Elkins,-169
2013-06-08,UFC on FUEL TV: Nogueira vs. Werdum,Antonio Rodrigo Nogueira vs. Fabricio Werdum,Antonio Rodrigo Nogueira,-105
2013-06-08,UFC on FUEL TV: Nogueira vs. Werdum,Antonio Rodrigo Nogueira vs. Fabricio Werdum,Fabricio Werdum,105
2014-04-11,UFC Fight Night: Minotauro vs Nelson,Antonio Rodrigo Nogueira vs. Roy Nelson,Antonio Rodrigo Nogueira,-147
2014-04-11,UFC Fight Night: Minotauro vs Nelson,Antonio Rodrigo Nogueira vs. Roy Nelson,Roy Nelson,147
2014-09-13,UFC Fight Night: Bigfoot vs Arlovski,Antonio Silva vs. Andrei Arlovski,Antonio Silva,172
2014-09-13,UFC Fight Night: Bigfoot vs Arlovski,Antonio Silva vs. Andrei Arlovski,Andrei Arlovski,-172
2015-02-22,UFC Fight Night: Bigfoot vs Mir,Antonio Silva vs. Frank Mir,Antonio Silva,107
2015-02-22,UFC Fight Night: Bigfoot vs Mir,Antonio Silva vs. Frank Mir,Frank Mir,-107
2013-08-31,UFC 164: Henderson vs Pettis 2,Ben Rothwell vs. Brandon Vera,Ben Rothwell,106
2013-08-31,UFC 164: Henderson vs Pettis 2,Ben Rothwell vs. Brandon Vera,Brandon Vera,-106
2015-06-06,UFC Fight Night: Boetsch vs Henderson,Ben Rothwell vs. Matt Mitrione,Ben Rothwell,121
2015-06-06,UFC Fight Night: Boetsch vs Henderson,Ben Rothwell vs. Matt Mitrione,Matt Mitrione,-121
2014-08-23,UFC Fight Night: Henderson vs Dos Anjos,Beneil Dariush vs. Anthony Rocco Martin,Beneil Dariush,101
2014-08-23,UFC Fight Night: Henderson vs Dos Anjos,Beneil Dariush vs. Anthony Rocco Martin,Anthony Rocco Martin,-101
2013-08-31,UFC 164: Henderson vs Pettis 2,Benson Henderson vs. Anthony Pettis,Benson Henderson,111
2013-08-31,UFC 164: Henderson vs Pettis 2,Benson Henderson vs. Anthony Pettis,Anthony Pettis,-111
2015-02-14,UFC Fight Night: Henderson vs Thatch,Benson Henderson vs. Brandon Thatch,Benson Henderson,112
2015-02-14,UFC Fight Night: Henderson vs Thatch,Benson Henderson vs. Brandon Thatch,Brandon Thatch,-112
2014-01-25,UFC on FOX: Henderson vs Thomson,Benson Henderson vs. Josh Thomson,Benson Henderson,-128
2014-01-25,UFC on FOX: Henderson vs Thomson,Benson Henderson vs. Josh Thomson,Josh Thomson,128
2014-08-23,UFC Fight Night: Henderson vs Dos Anjos,Benson Henderson vs. Rafael Dos Anjos,Benson Henderson,-139
2014-08-23,UFC Fight Night: Henderson vs Dos Anjos,Benson Henderson vs. Rafael Dos Anjos,Rafael Dos Anjos,139
2014-06-07,UFC Fight Night: Henderson vs Khabilov,Benson Henderson vs. Rustam Khabilov,Benson Henderson,-106
2014-06-07,UFC Fight Night: Henderson vs Khabilov,Benson Henderson vs. Rustam Khabilov,Rustam Khabilov,106
2014-06-07,UFC Fight Night: Henderson vs Khabilov,Bobby Voelker vs. Lance Benoist,Bobby Voelker,206
2014-06-07,UFC Fight Night: Henderson vs Khabilov,Bobby Voelker vs. Lance Benoist,Lance Benoist,-206
2013-10-26,UFC Fight Night: Machida vs Munoz,Brad Scott vs. Michael Kuiper,Brad Scott,140
2013-10-26,UFC Fight Night: Machida vs Munoz,Brad Scott vs. Michael Kuiper,Michael Kuiper,-140
2015-01-03,UFC 182: Jones vs Cormier,Brad Tavares vs. Nate Marquardt,Brad Tavares,103
2015-01-03,UFC 182: Jones vs Cormier,Brad Tavares vs. Nate Marquardt,Nate Marquardt,-103
2013-08-28,UFC Fight Night: Condit vs Kampmann 2,Brad Tavares vs. Robert McDaniel,Brad Tavares,-111
2013-08-28,UFC Fight Night: Condit vs Kampmann 2,Brad Tavares vs. Robert McDaniel,Robert McDaniel,111
2015-05-09,UFC Fight Night: Miocic vs Hunt,Brad Tavares vs. Robert Whittaker,Brad Tavares,-108
2015-05-09,UFC Fight Night: Miocic vs Hunt,Brad Tavares vs. Robert Whittaker,Robert Whittaker,108
2014-04-19,UFC on FOX: Werdum vs Browne,Brad Tavares vs. Yoel Romero,Brad Tavares,-134
2014-04-19,UFC on FOX: Werdum vs Browne,Brad Tavares vs. Yoel Romero,Yoel Romero,134
2013-02-23,UFC 157: Rousey vs Carmouche,Brendan Schaub vs. Lavar Johnson,Brendan Schaub,-144
2013-02-23,UFC 157: Rousey vs Carmouche,Brendan Schaub vs. Lavar Johnson,Lavar Johnson,144
2013-09-21,UFC 165: Jones vs Gustafsson,Brendan Schaub vs. Matt Mitrione,Brendan Schaub,-127
2013-09-21,UFC 165: Jones vs Gustafsson,Brendan Schaub vs. Matt Mitrione,Matt Mitrione,127
2013-05-25,UFC 160: Velasquez vs Silva 2,Brian Bowles vs. George Roop,Brian Bowles,112
2013-05-25,UFC 160: Velasquez vs Silva 2,Brian Bowles vs. George Roop,George Roop,-112
2015-06-06,UFC Fight Night: Boetsch vs Henderson,Brian Ebersole vs. Omari Akhmedov,Brian Ebersole,121
2015-06-06,UFC Fight Night: Boetsch vs Henderson,Brian Ebersole vs. Omari Akhmedov,Omari Akhmedov,-121
2013-11-16,UFC 167: St-Pierre vs Hendricks,Brian Ebersole vs. Rick Story,Brian Ebersole,162
2013-11-16,UFC 167: St-Pierre vs Hendricks,Brian Ebersole vs. Rick Story,Rick Story,-162
2013-04-27,UFC 159: Jones vs Sonnen,Bryan Caraway vs. Johnny Bedford,Bryan Caraway,158
2013-04-27,UFC 159: Jones vs Sonnen,Bryan Caraway vs. Johnny Bedford,Johnny Bedford,-158
2013-05-25,UFC 160: Velasquez vs Silva 2,Cain Velasquez vs. Antonio Silva,Cain Velasquez,-314
2013-05-25,UFC 160: Velasquez vs Silva 2,Cain Velasquez vs. Antonio Silva,Antonio Silva,314
2013-10-19,UFC 166: Velasquez vs Dos Santos 3,Cain Velasquez vs. Junior Dos Santos,Cain Velasquez,-143
2013-10-19,UFC 166: Velasquez vs Dos Santos 3,Cain Velasquez vs. Junior Dos Santos,Junior Dos Santos,143
2013-06-08,UFC on FUEL TV: Nogueira vs. Werdum,Caio Magalhaes vs. Karlos Vemola,Caio Magalhaes,-120
2013-06-08,UFC on FUEL TV: Nogueira vs. Werdum,Caio Magalhaes vs. Karlos Vemola,Karlos Vemola,120
2014-11-08,UFC Fight Night 56: Shogun vs Saint Preux,Caio Magalhaes vs. Trevor Smith,Caio Magalhaes,-109
2014-11-08,UFC Fight Night 56: Shogun vs Saint Preux,Caio Magalhaes vs. Trevor Smith,Trevor Smith,109
2013-03-16,UFC 158: St-Pierre vs Diaz,Carlos Condit vs. Johny Hendricks,Carlos Condit,157
2013-03-16,UFC 158: St-Pierre vs Diaz,Carlos Condit vs. Johny Hendricks,Johny Hendricks,-157
2013-08-28,UFC Fight Night: Condit vs Kampmann 2,Carlos Condit vs. Martin Kampmann,Carlos Condit,-114
2013-08-28,UFC Fight Night: Condit vs Kampmann 2,Carlos Condit vs. Martin Kampmann,Martin Kampmann,114
2015-05-30,UFC Fight Night: Condit vs Alves,Carlos Condit vs. Thiago Alves,Carlos Condit,107
2015-05-30,UFC Fight Night: Condit vs Alves,Carlos Condit vs. Thiago Alves,Thiago Alves,-107
2014-03-15,UFC 171: Hendricks vs Lawler,Carlos Condit vs. Tyron Woodley,Carlos Condit,-125
2014-03-15,UFC 171: Hendricks vs Lawler,Carlos Condit vs. Tyron Woodley,Tyron Woodley,125
2014-10-04,UFC Fight Night: Nelson vs Story,Cathal Pendred vs. Gasan Umalatov,Cathal Pendred,-122
2014-10-04,UFC Fight Night: Nelson vs Story,Cathal Pendred vs. Gasan Umalatov,Gasan Umalatov,122
2015-01-18,UFC Fight Night: McGregor vs Siver,Cathal Pendred vs. Sean Spencer,Cathal Pendred,-101
2015-01-18,UFC Fight Night: McGregor vs Siver,Cathal Pendred vs. Sean Spencer,Sean Spencer,101
2014-06-28,UFC Fight Night: Swanson vs Stephens,Cezar Ferreira vs. Andrew Craig,Cezar Ferreira,102
2014-06-28,UFC Fight Night: Swanson vs Stephens,Cezar Ferreira vs. Andrew Craig,Andrew Craig,-102
2014-03-23,UFC Fight Night: Shogun vs Henderson 2,Cezar Ferreira vs. CB Dollaway,Cezar Ferreira,139
2014-03-23,UFC Fight Night: Shogun vs Henderson 2,Cezar Ferreira vs. CB Dollaway,CB Dollaway,-139
2013-11-09,UFC Fight Night: Belfort vs Henderson 2,Cezar Ferreira vs. Daniel Sarafian,Cezar Ferreira,-100
2013-11-09,UFC Fight Night: Belfort vs Henderson 2,Cezar Ferreira vs. Daniel Sarafian,Daniel Sarafian,100
2015-02-22,UFC Fight Night: Bigfoot vs Mir,Cezar Ferreira vs. Sam Alvey,Cezar Ferreira,-120
2015-02-22,UFC Fight Night: Bigfoot vs Mir,Cezar Ferreira vs. Sam Alvey,Sam Alvey,120
2015-04-25,UFC 186: Johnson vs Horiguchi,Chad Laprise vs. Bryan Barberena,Chad Laprise,-103
2015-04-25,UFC 186: Johnson vs Horiguchi,Chad Laprise vs. Bryan Barberena,Bryan Barberena,103
2014-10-04,UFC Fight Night: MacDonald vs Saffiedine,Chad Laprise vs. Yosdenis Cedeno,Chad Laprise,-105
2014-10-04,UFC Fight Night: MacDonald vs Saffiedine,Chad Laprise vs. Yosdenis Cedeno,Yosdenis Cedeno,105
2013-08-31,UFC 164: Henderson vs Pettis 2,Chad Mendes vs. Clay Guida,Chad Mendes,-154
2013-08-31,UFC 164: Henderson vs Pettis 2,Chad Mendes vs. Clay Guida,Clay Guida,154
2013-04-20,UFC on FOX: Henderson vs Melendez,Chad Mendes vs. Darren Elkins,Chad Mendes,-139
2013-04-20,UFC on FOX: Henderson vs Melendez,Chad Mendes vs. Darren Elkins,Darren Elkins,139
2015-04-04,UFC Fight Night: Mendes vs Lamas,Chad Mendes vs. Ricardo Lamas,Chad Mendes,-158
2015-04-04,UFC Fight Night: Mendes vs Lamas,Chad Mendes vs. Ricardo Lamas,Ricardo Lamas,158
2014-02-15,UFC Fight Night: Machida vs Mousasi,Charles Oliveira vs. Andy Ogle,Charles Oliveira,126
2014-02-15,UFC Fight Night: Machida vs Mousasi,Charles Oliveira vs. Andy Ogle,Andy Ogle,-126
2015-01-18,UFC Fight Night: McGregor vs Siver,Charles Rosa vs. Sean Soriano,Charles Rosa,105
2015-01-18,UFC Fight Night: McGregor vs Siver,Charles Rosa vs. Sean Soriano,Sean Soriano,-105
2015-02-14,UFC Fight Night: Henderson vs Thatch,Chas Skelly vs. Jim Alers,Chas Skelly,-119
2015-02-14,UFC Fight Night: Henderson vs Thatch,Chas Skelly vs. Jim Alers,Jim Alers,119
2014-08-23,UFC Fight Night: Henderson vs Dos Anjos,Chas Skelly vs. Tom Niinimaki,Chas Skelly,153
2014-08-23,UFC Fight Night: Henderson vs Dos Anjos,Chas Skelly vs. Tom Niinimaki,Tom Niinimaki,-153
2014-07-05,UFC 175: Weidman vs Machida,Chris Camozzi vs. Bruno Santos,Chris Camozzi,-100
2014-07-05,UFC 175: Weidman vs Machida,Chris Camozzi vs. Bruno Santos,Bruno Santos,100
2013-11-06,UFC Fight Night: Fight for the Troops 3,Chris Camozzi vs. Lorenz Larkin,Chris Camozzi,119
2013-11-06,UFC Fight Night: Fight for the Troops 3,Chris Camozzi vs. Lorenz Larkin,Lorenz Larkin,-119
2015-03-14,UFC 185: Pettis vs Dos Anjos,Chris Cariaso vs. Henry Cejudo,Chris Cariaso,102
2015-03-14,UFC 185: Pettis vs Dos Anjos,Chris Cariaso vs. Henry Cejudo,Henry Cejudo,-102
2012-12-29,UFC 155: Dos Santos vs Velasquez II,Chris Cariaso vs. John Moraga,Chris Cariaso,-136
2012-12-29,UFC 155: Dos Santos vs Velasquez II,Chris Cariaso vs. John Moraga,John Moraga,136
2014-05-10,UFC Fight Night: Brown vs Silva,Chris Cariaso vs. Louis Smolka,Chris Cariaso,-110
2014-05-10,UFC Fight Night: Brown vs Silva,Chris Cariaso vs. Louis Smolka,Louis Smolka,110
2013-09-21,UFC 165: Jones vs Gustafsson,Chris Clements vs. Stephen Thompson,Chris Clements,145
2013-09-21,UFC 165: Jones vs Gustafsson,Chris Clements vs. Stephen Thompson,Stephen Thompson,-145
2014-05-24,UFC 173: Barao vs Dillashaw,Chris Holdsworth vs. Chico Camus,Chris Holdsworth,134
2014-05-24,UFC 173: Barao vs Dillashaw,Chris Holdsworth vs. Chico Camus,Chico Camus,-134
2014-06-28,UFC Fight Night: Te Huna vs Marquardt,Chris Indich vs. Vik Grujic,Chris Indich,-130
2014-06-28,UFC Fight Night: Te Huna vs Marquardt,Chris Indich vs. Vik Grujic,Vik Grujic,130
2013-07-06,UFC 162: Silva vs Weidman,Chris Leben vs. Andrew Craig,Chris Leben,-111
2013-07-06,UFC 162: Silva vs Weidman,Chris Leben vs. Andrew Craig,Andrew Craig,111
2013-12-28,UFC 168: Weidman vs Silva 2,Chris Leben vs. Uriah Hall,Chris Leben,138
2013-12-28,UFC 168: Weidman vs Silva 2,Chris Leben vs. Uriah Hall,Uriah Hall,-138
2015-06-06,UFC Fight Night: Boetsch vs Henderson,Chris Wade vs. Christos Giagos,Chris Wade,-104
2015-06-06,UFC Fight Night: Boetsch vs Henderson,Chris Wade vs. Christos Giagos,Christos Giagos,104
2014-07-26,UFC on FOX: Lawler vs Brown,Clay Guida vs. Dennis Bermudez,Clay Guida,156
2014-07-26,UFC on FOX: Lawler vs Brown,Clay Guida vs. Dennis Bermudez,Dennis Bermudez,-156
2013-01-26,UFC on FOX: Johnson vs Dodson,Clay Guida vs. Hatsu Hioki,Clay Guida,-108
2013-01-26,UFC on FOX: Johnson vs Dodson,Clay Guida vs. Hatsu Hioki,Hatsu Hioki,108
2015-04-04,UFC Fight Night: Mendes vs Lamas,Clay Guida vs. Robert Peralta,Clay Guida,108
2015-04-04,UFC Fight Night: Mendes vs Lamas,Clay Guida vs. Robert Peralta,Robert Peralta,-108
2014-04-11,UFC Fight Night: Minotauro vs Nelson,Clay Guida vs. Tatsuya Kawajiri,Clay Guida,148
2014-04-11,UFC Fight Night: Minotauro vs Nelson,Clay Guida vs. Tatsuya Kawajiri,Tatsuya Kawajiri,-148
2014-06-28,UFC Fight Night: Swanson vs Stephens,Clint Hester vs. Antonio Braga Neto,Clint Hester,244
2014-06-28,UFC Fight Night: Swanson vs Stephens,Clint Hester vs. Antonio Braga Neto,Antonio Braga Neto,-244
2013-11-16,UFC 167: St-Pierre vs Hendricks,Cody Donovan vs. Gian Villante,Cody Donovan,-149
2013-11-16,UFC 167: St-Pierre vs Hendricks,Cody Donovan vs. Gian Villante,Gian Villante,149
2014-07-19,UFC Fight Night: McGregor vs Brandao,Cody Donovan vs. Nikita Krylov,Cody Donovan,129
2014-07-19,UFC Fight Night: McGregor vs Brandao,Cody Donovan vs. Nikita Krylov,Nikita Krylov,-129
2013-08-17,UFC Fight Night: Shogun vs Sonnen,Cody Donovan vs. Ovince Saint Preux,Cody Donovan,-146
2013-08-17,UFC Fight Night: Shogun vs Sonnen,Cody Donovan vs. Ovince Saint Preux,Ovince Saint Preux,146
2013-04-13,The Ultimate Fighter: Team Jones vs. Team Sonnen Finale,Cole Miller vs. Bart Palaszewski,Cole Miller,-116
2013-04-13,The Ultimate Fighter: Team Jones vs. Team Sonnen Finale,Cole Miller vs. Bart Palaszewski,Bart Palaszewski,116
2014-01-15,UFC Fight Night: Rockhold vs Philippou,Cole Miller vs. Sam Sicilia,Cole Miller,114
2014-01-15,UFC Fight Night: Rockhold vs Philippou,Cole Miller vs. Sam Sicilia,Sam Sicilia,-114
2013-11-06,UFC Fight Night: Fight for the Troops 3,Colton Smith vs. Michael Chiesa,Colton Smith,-108
2013-11-06,UFC Fight Night: Fight for the Troops 3,Colton Smith vs. Michael Chiesa,Michael Chiesa,108
2013-05-25,UFC 160: Velasquez vs Silva 2,Colton Smith vs. Robert Whittaker,Colton Smith,-144
2013-05-25,UFC 160: Velasquez vs Silva 2,Colton Smith vs. Robert Whittaker,Robert Whittaker,144
2015-01-18,UFC Fight Night: McGregor vs Siver,Conor McGregor vs. Dennis Siver,Conor McGregor,-124
2015-01-18,UFC Fight Night: McGregor vs Siver,Conor McGregor vs. Dennis Siver,Dennis Siver,124
2014-07-19,UFC Fight Night: McGregor vs Brandao,Conor McGregor vs. Diego Brandao,Conor McGregor,-133
2014-07-19,UFC Fight Night: McGregor vs Brandao,Conor McGregor vs. Diego Brandao,Diego Brandao,133
2013-08-17,UFC Fight Night: Shogun vs Sonnen,Conor McGregor vs. Max Holloway,Conor McGregor,151
2013-08-17,UFC Fight Night: Shogun vs Sonnen,Conor McGregor vs. Max Holloway,Max Holloway,-151
2013-09-21,UFC 165: Jones vs Gustafsson,Constantinos Philippou vs. Francis Carmont,Constantinos Philippou,120
2013-09-21,UFC 165: Jones vs Gustafsson,Constantinos Philippou vs. Francis Carmont,Francis Carmont,-120
2014-05-10,UFC Fight Night: Brown vs Silva,Constantinos Philippou vs. Lorenz Larkin,Constantinos Philippou,115
2014-05-10,UFC Fight Night: Brown vs Silva,Constantinos Philippou vs. Lorenz Larkin,Lorenz Larkin,-115
2015-04-18,UFC on FOX: Machida vs Rockhold,Corey Anderson vs. Gian Villante,Corey Anderson,-327
2015-04-18,UFC on FOX: Machida vs Rockhold,Corey Anderson vs. Gian Villante,Gian Villante,327
2013-02-23,UFC 157: Rousey vs Carmouche,Court McGee vs. Josh Neer,Court McGee,-103
2013-02-23,UFC 157: Rousey vs Carmouche,Court McGee vs. Josh Neer,Josh Neer,103
2013-08-28,UFC Fight Night: Condit vs Kampmann 2,Court McGee vs. Robert Whittaker,Court McGee,116
2013-08-28,UFC Fight Night: Condit vs Kampmann 2,Court McGee vs. Robert Whittaker,Robert Whittaker,-116
2013-12-14,UFC on FOX: Johnson vs. Benavidez 2,Court McGee vs. Ryan LaFlare,Court McGee,129
2013-12-14,UFC on FOX: Johnson vs. Benavidez 2,Court McGee vs. Ryan LaFlare,Ryan LaFlare,-129
2014-02-15,UFC Fight Night: Machida vs Mousasi,Cristiano Marcello vs. Joe Proctor,Cristiano Marcello,108
2014-02-15,UFC Fight Night: Machida vs Mousasi,Cristiano Marcello vs. Joe Proctor,Joe Proctor,-108
2013-07-06,UFC 162: Silva vs Weidman,Cub Swanson vs. Dennis Siver,Cub Swanson,-101
2013-07-06,UFC 162: Silva vs Weidman,Cub Swanson vs. Dennis Siver,Dennis Siver,101
2013-02-16,UFC on FUEL TV: Barao vs McDonald,Cub Swanson vs. Dustin Poirier,Cub Swanson,103
2013-02-16,UFC on FUEL TV: Barao vs McDonald,Cub Swanson vs. Dustin Poirier,Dustin Poirier,-103
2014-06-28,UFC Fight Night: Swanson vs Stephens,Cub Swanson vs. Jeremy Stephens,Cub Swanson,106
2014-06-28,UFC Fight Night: Swanson vs Stephens,Cub Swanson vs. Jeremy Stephens,Jeremy Stephens,-106
2015-04-18,UFC on FOX: Machida vs Rockhold,Cub Swanson vs. Max Holloway,Cub Swanson,123
2015-04-18,UFC on FOX: Machida vs Rockhold,Cub Swanson vs. Max Holloway,Max Holloway,-123
2014-03-08,UFC Fight Night: Gustafsson vs Manuwa,Cyrille Diabate vs. Ilir Latifi,Cyrille Diabate,-155
2014-03-08,UFC Fight Night: Gustafsson vs Manuwa,Cyrille Diabate vs. Ilir Latifi,Ilir Latifi,155
2015-01-24,UFC on FOX: Gustafsson vs Johnson,Dan Henderson vs. Gegard Mousasi,Dan Henderson,204
2015-01-24,UFC on FOX: Gustafsson vs Johnson,Dan Henderson vs. Gegard Mousasi,Gegard Mousasi,-204
2014-05-24,UFC 173: Barao vs Dillashaw,Daniel Cormier vs. Dan Henderson,Daniel Cormier,-176
2014-05-24,UFC 173: Barao vs Dillashaw,Daniel Cormier vs. Dan Henderson,Dan Henderson,176
2013-10-19,UFC 166: Velasquez vs Dos Santos 3,Daniel Cormier vs. Roy Nelson,Daniel Cormier,-177
2013-10-19,UFC 166: Velasquez vs Dos Santos 3,Daniel Cormier vs. Roy Nelson,Roy Nelson,177
2015-02-14,UFC Fight Night: Henderson vs Thatch,Daniel Kelly vs. Patrick Walsh,Daniel Kelly,159
2015-02-14,UFC Fight Night: Henderson vs Thatch,Daniel Kelly vs. Patrick Walsh,Patrick Walsh,-159
2015-05-09,UFC Fight Night: Miocic vs Hunt,Daniel Kelly vs. Sam Alvey,Daniel Kelly,-109
2015-05-09,UFC Fight Night: Miocic vs Hunt,Daniel Kelly vs. Sam Alvey,Sam Alvey,109
2015-04-11,UFC Fight Night: Gonzaga vs Cro Cop 2,Daniel Omielanczuk vs. Anthony Hamilton,Daniel Omielanczuk,157
2015-04-11,UFC Fight Night: Gonzaga vs Cro Cop 2,Daniel Omielanczuk vs. Anthony Hamilton,Anthony Hamilton,-157
2014-03-15,UFC 171: Hendricks vs Lawler,Daniel Pineda vs. Robert Whiteford,Daniel Pineda,-147
2014-03-15,UFC 171: Hendricks vs Lawler,Daniel Pineda vs. Robert Whiteford,Robert Whiteford,147
2014-06-14,UFC 174: Johnson vs Bagautinov,Daniel Sarafian vs. Kiichi Kunimoto,Daniel Sarafian,-132
2014-06-14,UFC 174: Johnson vs Bagautinov,Daniel Sarafian vs. Kiichi Kunimoto,Kiichi Kunimoto,132
2014-04-26,UFC 172: Jones vs Teixeira,Danny Castillo vs. Charlie Brenneman,Danny Castillo,-127
2014-04-26,UFC 172: Jones vs Teixeira,Danny Castillo vs. Charlie Brenneman,Charlie Brenneman,127
2013-12-14,UFC on FOX: Johnson vs. Benavidez 2,Danny Castillo vs. Edson Barboza,Danny Castillo,-120
2013-12-14,UFC on FOX: Johnson vs. Benavidez 2,Danny Castillo vs. Edson Barboza,Edson Barboza,120
2015-01-03,UFC 182: Jones vs Cormier,Danny Castillo vs. Paul Felder,Danny Castillo,-121
2015-01-03,UFC 182: Jones vs Cormier,Danny Castillo vs. Paul Felder,Paul Felder,121
2013-07-27,UFC on FOX: Johnson vs Moraga,Danny Castillo vs. Tim Means,Danny Castillo,-127
2013-07-27,UFC on FOX: Johnson vs Moraga,Danny Castillo vs. Tim Means,Tim Means,127
2014-10-04,UFC Fight Night: MacDonald vs Saffiedine,Daron Cruickshank vs. Anthony Njokuani,Daron Cruickshank,-117
2014-10-04,UFC Fight Night: MacDonald vs Saffiedine,Daron Cruickshank vs. Anthony Njokuani,Anthony Njokuani,117
2015-03-14,UFC 185: Pettis vs Dos Anjos,Daron Cruickshank vs. Beneil Dariush,Daron Cruickshank,113
2015-03-14,UFC 185: Pettis vs Dos Anjos,Daron Cruickshank vs. Beneil Dariush,Beneil Dariush,-113
2014-07-26,UFC on FOX: Lawler vs Brown,Daron Cruickshank vs. Jorge Masvidal,Daron Cruickshank,128
2014-07-26,UFC on FOX: Lawler vs Brown,Daron Cruickshank vs. Jorge Masvidal,Jorge Masvidal,-128
2014-01-25,UFC on FOX: Henderson vs Thomson,Daron Cruickshank vs. Mike Rio,Daron Cruickshank,110
2014-01-25,UFC on FOX: Henderson vs Thomson,Daron Cruickshank vs. Mike Rio,Mike Rio,-110
2014-12-20,UFC Fight Night: Machida vs Dollaway,Darren Elkins vs. Hacran Dias,Darren Elkins,100
2014-12-20,UFC Fight Night: Machida vs Dollaway,Darren Elkins vs. Hacran Dias,Hacran Dias,-100
2013-08-28,UFC Fight Night: Condit vs Kampmann 2,Darren Elkins vs. Hatsu Hioki,Darren Elkins,-112
2013-08-28,UFC Fight Night: Condit vs Kampmann 2,Darren Elkins vs. Hatsu Hioki,Hatsu Hioki,112
2014-01-25,UFC on FOX: Henderson vs Thomson,Darren Elkins vs. Jeremy Stephens,Darren Elkins,113
2014-01-25,UFC on FOX: Henderson vs Thomson,Darren Elkins vs. Jeremy Stephens,Jeremy Stephens,-113
2014-10-25,UFC 179: Aldo vs Mendes 2,Darren Elkins vs. Lucas Martins,Darren Elkins,-123
2014-10-25,UFC 179: Aldo vs Mendes 2,Darren Elkins vs. Lucas Martins,Lucas Martins,123
2014-12-13,UFC on FOX: Dos Santos vs Miocic,David Michaud vs. Garett Whiteley,David Michaud,-157
2014-12-13,UFC on FOX: Dos Santos vs Miocic,David Michaud vs. Garett Whiteley,Garett Whiteley,157
2014-06-14,UFC 174: Johnson vs Bagautinov,Demetrious Johnson vs. Ali Bagautinov,Demetrious Johnson,-154
2014-06-14,UFC 174: Johnson vs Bagautinov,Demetrious Johnson vs. Ali Bagautinov,Ali Bagautinov,154
2014-09-27,UFC 178: Johnson vs Cariaso,Demetrious Johnson vs. Chris Cariaso,Demetrious Johnson,-148
2014-09-27,UFC 178: Johnson vs Cariaso,Demetrious Johnson vs. Chris Cariaso,Chris Cariaso,148
2013-01-26,UFC on FOX: Johnson vs Dodson,Demetrious Johnson vs. John Dodson,Demetrious Johnson,-139
2013-01-26,UFC on FOX: Johnson vs Dodson,Demetrious Johnson vs. John Dodson,John Dodson,139
2013-07-27,UFC on FOX: Johnson vs Moraga,Demetrious Johnson vs. John Moraga,Demetrious Johnson,-161
2013-07-27,UFC on FOX: Johnson vs Moraga,Demetrious Johnson vs. John Moraga,John Moraga,161
2013-12-14,UFC on FOX: Johnson vs. Benavidez 2,Demetrious Johnson vs. Joseph Benavidez,Demetrious Johnson,-164
2013-12-14,UFC on FOX: Johnson vs. Benavidez 2,Demetrious Johnson vs. Joseph Benavidez,Joseph Benavidez,164
2015-04-25,UFC 186: Johnson vs Horiguchi,Demetrious Johnson vs. Kyoji Horiguchi,Demetrious Johnson,-111
2015-04-25,UFC 186: Johnson vs Horiguchi,Demetrious Johnson vs. Kyoji Horiguchi,Kyoji Horiguchi,111
2013-10-09,UFC Fight Night: Maia vs Shields,Demian Maia vs. Jake Shields,Demian Maia,-180
2013-10-09,UFC Fight Night: Maia vs Shields,Demian Maia vs. Jake Shields,Jake Shields,180
2015-03-21,UFC Fight Night: Maia vs LaFlare,Demian Maia vs. Ryan LaFlare,Demian Maia,128
2015-03-21,UFC Fight Night: Maia vs LaFlare,Demian Maia vs. Ryan LaFlare,Ryan LaFlare,-128
2014-03-15,UFC 171: Hendricks vs Lawler,Dennis Bermudez vs. Jimy Hettes,Dennis Bermudez,105
2014-03-15,UFC 171: Hendricks vs Lawler,Dennis Bermudez vs. Jimy Hettes,Jimy Hettes,-105
2013-02-23,UFC 157: Rousey vs Carmouche,Dennis Bermudez vs. Matt Grice,Dennis Bermudez,-117
2013-02-23,UFC 157: Rousey vs Carmouche,Dennis Bermudez vs. Matt Grice,Matt Grice,117
2013-05-25,UFC 160: Velasquez vs Silva 2,Dennis Bermudez vs. Max Holloway,Dennis Bermudez,-122
2013-05-25,UFC 160: Velasquez vs Silva 2,Dennis Bermudez vs. Max Holloway,Max Holloway,122
2013-11-06,UFC Fight Night: Fight for the Troops 3,Dennis Bermudez vs. Steven Siler,Dennis Bermudez,-120
2013-11-06,UFC Fight Night: Fight for the Troops 3,Dennis Bermudez vs. Steven Siler,Steven Siler,120
2015-02-28,UFC 184: Rousey vs Zingano,Derrick Lewis vs. Ruan Potts,Derrick Lewis,-250
2015-02-28,UFC 184: Rousey vs Zingano,Derrick Lewis vs. Ruan Potts,Ruan Potts,250
2015-02-28,UFC 184: Rousey vs Zingano,Dhiego Lima vs. Tim Means,Dhiego Lima,-134
2015-02-28,UFC 184: Rousey vs Zingano,Dhiego Lima vs. Tim Means,Tim Means,134
2013-08-17,UFC Fight Night: Shogun vs Sonnen,Diego Brandao vs. Daniel Pineda,Diego Brandao,105
2013-08-17,UFC Fight Night: Shogun vs Sonnen,Diego Brandao vs. Daniel Pineda,Daniel Pineda,-105
2015-04-18,UFC on FOX: Machida vs Rockhold,Diego Brandao vs. Jimy Hettes,Diego Brandao,114
2015-04-18,UFC on FOX: Machida vs Rockhold,Diego Brandao vs. Jimy Hettes,Jimy Hettes,-114
2013-04-06,UFC on FUEL TV: Mousasi vs Latifi,Diego Brandao vs. Pablo Garza,Diego Brandao,-115
2013-04-06,UFC on FUEL TV: Mousasi vs Latifi,Diego Brandao vs. Pablo Garza,Pablo Garza,115
2014-10-25,UFC 179: Aldo vs Mendes 2,Diego Ferreira vs. Beneil Dariush,Diego Ferreira,-123
2014-10-25,UFC 179: Aldo vs Mendes 2,Diego Ferreira vs. Beneil Dariush,Beneil Dariush,123
2014-03-15,UFC 171: Hendricks vs Lawler,Diego Sanchez vs. Myles Jury,Diego Sanchez,161
2014-03-15,UFC 171: Hendricks vs Lawler,Diego Sanchez vs. Myles Jury,Myles Jury,-161
2014-06-07,UFC Fight Night: Henderson vs Khabilov,Diego Sanchez vs. Ross Pearson,Diego Sanchez,148
2014-06-07,UFC Fight Night: Henderson vs Khabilov,Diego Sanchez vs. Ross Pearson,Ross Pearson,-148
2014-09-27,UFC 178: Johnson vs Cariaso,Dominick Cruz vs. Takeya Mizugaki,Dominick Cruz,-122
2014-09-27,UFC 178: Johnson vs Cariaso,Dominick Cruz vs. Takeya Mizugaki,Takeya Mizugaki,122
2014-01-25,UFC on FOX: Henderson vs Thomson,Donald Cerrone vs. Adriano Martins,Donald Cerrone,120
2014-01-25,UFC on FOX: Henderson vs Thomson,Donald Cerrone vs. Adriano Martins,Adriano Martins,-120
2015-01-18,UFC Fight Night: McGregor vs Siver,Donald Cerrone vs. Benson Henderson,Donald Cerrone,140
2015-01-18,UFC Fight Night: McGregor vs Siver,Donald Cerrone vs. Benson Henderson,Benson Henderson,-140
2014-04-19,UFC on FOX: Werdum vs Browne,Donald Cerrone vs. Edson Barboza,Donald Cerrone,-128
2014-04-19,UFC on FOX: Werdum vs Browne,Donald Cerrone vs. Edson Barboza,Edson Barboza,128
2014-07-16,UFC Fight Night: Cowboy vs Miller,Donald Cerrone vs. Jim Miller,Donald Cerrone,-112
2014-07-16,UFC Fight Night: Cowboy vs Miller,Donald Cerrone vs. Jim Miller,Jim Miller,112
2015-05-23,UFC 187: Johnson vs Cormier,Donald Cerrone vs. John Makdessi,Donald Cerrone,137
2015-05-23,UFC 187: Johnson vs Cormier,Donald Cerrone vs. John Makdessi,John Makdessi,-137
2015-01-03,UFC 182: Jones vs Cormier,Donald Cerrone vs. Myles Jury,Donald Cerrone,153
2015-01-03,UFC 182: Jones vs Cormier,Donald Cerrone vs. Myles Jury,Myles Jury,-153
2013-08-28,UFC Fight Night: Condit vs Kampmann 2,Donald Cerrone vs. Rafael Dos Anjos,Donald Cerrone,150
2013-08-28,UFC Fight Night: Condit vs Kampmann 2,Donald Cerrone vs. Rafael Dos Anjos,Rafael Dos Anjos,-150
2014-03-01,UFC Fight Night: Kim vs Hathaway,Dong Hyun Kim vs. John Hathaway,Dong Hyun Kim,100
2014-03-01,UFC Fight Night: Kim vs Hathaway,Dong Hyun Kim vs. John Hathaway,John Hathaway,-100
2015-05-23,UFC 187: Johnson vs Cormier,Dong Hyun Kim vs. Joshua Burkman,Dong Hyun Kim,-122
2015-05-23,UFC 187: Johnson vs Cormier,Dong Hyun Kim vs. Joshua Burkman,Joshua Burkman,122
2013-03-02,UFC on FUEL TV: Silva vs. Stann,Dong Hyun Kim vs. Siyar Bahadurzada,Dong Hyun Kim,114
2013-03-02,UFC on FUEL TV: Silva vs. Stann,Dong Hyun Kim vs. Siyar Bahadurzada,Siyar Bahadurzada,-114
2015-02-22,UFC Fight Night: Bigfoot vs Mir,Douglas Silva de Andrade vs. Cody Gibson,Douglas Silva de Andrade,141
2015-02-22,UFC Fight Night: Bigfoot vs Mir,Douglas Silva de Andrade vs. Cody Gibson,Cody Gibson,-141
2014-04-16,UFC Fight Night: Bisping vs Kennedy,Dustin Poirier vs. Akira Corassani,Dustin Poirier,-189
2014-04-16,UFC Fight Night: Bisping vs Kennedy,Dustin Poirier vs. Akira Corassani,Akira Corassani,189
2014-09-27,UFC 178: Johnson vs Cariaso,Dustin Poirier vs. Conor McGregor,Dustin Poirier,117
2014-09-27,UFC 178: Johnson vs Cariaso,Dustin Poirier vs. Conor McGregor,Conor McGregor,-117
2013-12-28,UFC 168: Weidman vs Silva 2,Dustin Poirier vs. Diego Brandao,Dustin Poirier,-112
2013-12-28,UFC 168: Weidman vs Silva 2,Dustin Poirier vs. Diego Brandao,Diego Brandao,112
2015-04-04,UFC Fight Night: Mendes vs Lamas,Dustin Poirier vs. Diego Ferreira,Dustin Poirier,-153
2015-04-04,UFC Fight Night: Mendes vs Lamas,Dustin Poirier vs. Diego Ferreira,Diego Ferreira,153
2012-12-15,The Ultimate Fighter: Team Carwin vs. Team Nelson Finale,Dustin Poirier vs. Jonathan Brookins,Dustin Poirier,-119
2012-12-15,The Ultimate Fighter: Team Carwin vs. Team Nelson Finale,Dustin Poirier vs. Jonathan Brookins,Jonathan Brookins,119
2015-06-06,UFC Fight Night: Boetsch vs Henderson,Dustin Poirier vs. Yancy Medeiros,Dustin Poirier,-130
2015-06-06,UFC Fight Night: Boetsch vs Henderson,Dustin Poirier vs. Yancy Medeiros,Yancy Medeiros,130
2015-05-09,UFC Fight Night: Miocic vs Hunt,Dylan Andrews vs. Brad Scott,Dylan Andrews,102
2015-05-09,UFC Fight Night: Miocic vs Hunt,Dylan Andrews vs. Brad Scott,Brad Scott,-102
2013-12-06,UFC Fight Night: Hunt vs Bigfoot,Dylan Andrews vs. Clint Hester,Dylan Andrews,115
2013-12-06,UFC Fight Night: Hunt vs Bigfoot,Dylan Andrews vs. Clint Hester,Clint Hester,-115
2013-08-28,UFC Fight Night: Condit vs Kampmann 2,Dylan Andrews vs. Papy Abedi,Dylan Andrews,103
2013-08-28,UFC Fight Night: Condit vs Kampmann 2,Dylan Andrews vs. Papy Abedi,Papy Abedi,-103
2014-11-07,UFC Fight Night: Rockhold vs Bisping,Dylan Andrews vs. Sam Alvey,Dylan Andrews,-121
2014-11-07,UFC Fight Night: Rockhold vs Bisping,Dylan Andrews vs. Sam Alvey,Sam Alvey,121
2015-01-31,UFC 183: Silva vs Diaz,Ed Herman vs. Derek Brunson,Ed Herman,122
2015-01-31,UFC 183: Silva vs Diaz,Ed Herman vs. Derek Brunson,Derek Brunson,-122
2014-05-10,UFC Fight Night: Brown vs Silva,Ed Herman vs. Rafael Natal,Ed Herman,181
2014-05-10,UFC Fight Night: Brown vs Silva,Ed Herman vs. Rafael Natal,Rafael Natal,-181
2013-11-16,UFC 167: St-Pierre vs Hendricks,Ed Herman vs. Thales Leites,Ed Herman,108
2013-11-16,UFC 167: St-Pierre vs Hendricks,Ed Herman vs. Thales Leites,Thales Leites,-108
2015-04-18,UFC on FOX: Machida vs Rockhold,Eddie Gordon vs. Chris Dempsey,Eddie Gordon,-170
2015-04-18,UFC on FOX: Machida vs Rockhold,Eddie Gordon vs. Chris Dempsey,Chris Dempsey,170
2014-12-06,UFC 181: Hendricks vs Lawler II,Eddie Gordon vs. Josh Samman,Eddie Gordon,108
2014-12-06,UFC 181: Hendricks vs Lawler II,Eddie Gordon vs. Josh Samman,Josh Samman,-108
2014-05-10,UFC Fight Night: Brown vs Silva,Eddie Wineland vs. Johnny Eduardo,Eddie Wineland,-112
2014-05-10,UFC Fight Night: Brown vs Silva,Eddie Wineland vs. Johnny Eduardo,Johnny Eduardo,112
2014-01-25,UFC on FOX: Henderson vs Thomson,Eddie Wineland vs. Yves Jabouin,Eddie Wineland,115
2014-01-25,UFC on FOX: Henderson vs Thomson,Eddie Wineland vs. Yves Jabouin,Yves Jabouin,-115
2015-03-21,UFC Fight Night: Maia vs LaFlare,Edimilson Souza vs. Katsunori Kikuno,Edimilson Souza,102
2015-03-21,UFC Fight Night: Maia vs LaFlare,Edimilson Souza vs. Katsunori Kikuno,Katsunori Kikuno,-102
2014-05-31,UFC Fight Night: Miocic vs Maldonado,Edimilson Souza vs. Mark Eddiva,Edimilson Souza,158
2014-05-31,UFC Fight Night: Miocic vs Maldonado,Edimilson Souza vs. Mark Eddiva,Mark Eddiva,-158
2015-02-22,UFC Fight Night: Bigfoot vs Mir,Edson Barboza vs. Michael Johnson,Edson Barboza,121
2015-02-22,UFC Fight Night: Bigfoot vs Mir,Edson Barboza vs. Michael Johnson,Michael Johnson,-121
2013-07-06,UFC 162: Silva vs Weidman,Edson Barboza vs. Rafaello Oliveira,Edson Barboza,108
2013-07-06,UFC 162: Silva vs Weidman,Edson Barboza vs. Rafaello Oliveira,Rafaello Oliveira,-108
2013-02-02,UFC 156: Aldo vs Edgar,Edwin Figueroa vs. Francisco Rivera,Edwin Figueroa,107
2013-02-02,UFC 156: Aldo vs Edgar,Edwin Figueroa vs. Francisco Rivera,Francisco Rivera,-107
2015-06-13,UFC 188: Velasquez vs Werdum,Efrain Escudero vs. Drew Dober,Efrain Escudero,-126
2015-06-13,UFC 188: Velasquez vs Werdum,Efrain Escudero vs. Drew Dober,Drew Dober,126
2015-02-14,UFC Fight Night: Henderson vs Thatch,Efrain Escudero vs. Rodrigo de Lima,Efrain Escudero,-115
2015-02-14,UFC Fight Night: Henderson vs Thatch,Efrain Escudero vs. Rodrigo de Lima,Rodrigo de Lima,115
2014-05-31,UFC Fight Night: Miocic vs Maldonado,Elias Silverio vs. Ernest Chavez,Elias Silverio,-125
2014-05-31,UFC Fight Night: Miocic vs Maldonado,Elias Silverio vs. Ernest Chavez,Ernest Chavez,125
2014-12-20,UFC Fight Night: Machida vs Dollaway,Elias Silverio vs. Rashid Magomedov,Elias Silverio,-130
2014-12-20,UFC Fight Night: Machida vs Dollaway,Elias Silverio vs. Rashid Magomedov,Rashid Magomedov,130
2014-10-04,UFC Fight Night: MacDonald vs Saffiedine,Elias Theodorou vs. Bruno Santos,Elias Theodorou,-160
2014-10-04,UFC Fight Night: MacDonald vs Saffiedine,Elias Theodorou vs. Bruno Santos,Bruno Santos,160
2015-03-14,UFC 185: Pettis vs Dos Anjos,Elias Theodorou vs. Roger Narvaez,Elias Theodorou,-171
2015-03-14,UFC 185: Pettis vs Dos Anjos,Elias Theodorou vs. Roger Narvaez,Roger Narvaez,171
2013-10-09,UFC Fight Night: Maia vs Shields,Erick Silva vs. Dong Hyun Kim,Erick Silva,157
2013-10-09,UFC Fight Night: Maia vs Shields,Erick Silva vs. Dong Hyun Kim,Dong Hyun Kim,-157
2013-06-08,UFC on FUEL TV: Nogueira vs. Werdum,Erick Silva vs. Jason High,Erick Silva,-140
2013-06-08,UFC on FUEL TV: Nogueira vs. Werdum,Erick Silva vs. Jason High,Jason High,140
2015-03-21,UFC Fight Night: Maia vs LaFlare,Erick Silva vs. Josh Koscheck,Erick Silva,115
2015-03-21,UFC Fight Night: Maia vs LaFlare,Erick Silva vs. Josh Koscheck,Josh Koscheck,-115
2014-12-20,UFC Fight Night: Machida vs Dollaway,Erick Silva vs. Mike Rhodes,Erick Silva,118
2014-12-20,UFC Fight Night: Machida vs Dollaway,Erick Silva vs. Mike Rhodes,Mike Rhodes,-118
2014-05-10,UFC Fight Night: Brown vs Silva,Erik Koch vs. Daron Cruickshank,Erik Koch,-101
2014-05-10,UFC Fight Night: Brown vs Silva,Erik Koch vs. Daron Cruickshank,Daron Cruickshank,101
2013-08-31,UFC 164: Henderson vs Pettis 2,Erik Koch vs. Dustin Poirier,Erik Koch,137
2013-08-31,UFC 164: Henderson vs Pettis 2,Erik Koch vs. Dustin Poirier,Dustin Poirier,-137
2013-01-26,UFC on FOX: Johnson vs Dodson,Erik Koch vs. Ricardo Lamas,Erik Koch,101
2013-01-26,UFC on FOX: Johnson vs Dodson,Erik Koch vs. Ricardo Lamas,Ricardo Lamas,-101
2014-06-07,UFC Fight Night: Henderson vs Khabilov,Erik Perez vs. Bryan Caraway,Erik Perez,-189
2014-06-07,UFC Fight Night: Henderson vs Khabilov,Erik Perez vs. Bryan Caraway,Bryan Caraway,189
2012-12-29,UFC 155: Dos Santos vs Velasquez II,Erik Perez vs. Byron Bloodworth,Erik Perez,-191
2012-12-29,UFC 155: Dos Santos vs Velasquez II,Erik Perez vs. Byron Bloodworth,Byron Bloodworth,191
2013-11-16,UFC 167: St-Pierre vs Hendricks,Erik Perez vs. Edwin Figueroa,Erik Perez,-176
2013-11-16,UFC 167: St-Pierre vs Hendricks,Erik Perez vs. Edwin Figueroa,Edwin Figueroa,176
2014-03-23,UFC Fight Night: Shogun vs Henderson 2,Fabio Maldonado vs. Gian Villante,Fabio Maldonado,-117
2014-03-23,UFC Fight Night: Shogun vs Henderson 2,Fabio Maldonado vs. Gian Villante,Gian Villante,117
2014-10-25,UFC 179: Aldo vs Mendes 2,Fabio Maldonado vs. Hans Stringer,Fabio Maldonado,110
2014-10-25,UFC 179: Aldo vs Mendes 2,Fabio Maldonado vs. Hans Stringer,Hans Stringer,-110
2013-10-09,UFC Fight Night: Maia vs Shields,Fabio Maldonado vs. Joey Beltran,Fabio Maldonado,-114
2013-10-09,UFC Fight Night: Maia vs Shields,Fabio Maldonado vs. Joey Beltran,Joey Beltran,114
2013-05-18,UFC on FX: Belfort vs. Rockhold,Fabio Maldonado vs. Roger Hollett,Fabio Maldonado,-161
2013-05-18,UFC on FX: Belfort vs. Rockhold,Fabio Maldonado vs. Roger Hollett,Roger Hollett,161
2014-10-25,UFC 179: Aldo vs Mendes 2,Fabricio Camoes vs. Anthony Rocco Martin,Fabricio Camoes,128
2014-10-25,UFC 179: Aldo vs Mendes 2,Fabricio Camoes vs. Anthony Rocco Martin,Anthony Rocco Martin,-128
2014-11-15,UFC 180: Werdum vs Hunt,Fabricio Werdum vs. Mark Hunt,Fabricio Werdum,-108
2014-11-15,UFC 180: Werdum vs Hunt,Fabricio Werdum vs. Mark Hunt,Mark Hunt,108
2014-04-19,UFC on FOX: Werdum vs Browne,Fabricio Werdum vs. Travis Browne,Fabricio Werdum,-112
2014-04-19,UFC on FOX: Werdum vs Browne,Fabricio Werdum vs. Travis Browne,Travis Browne,112
2014-10-25,UFC 179: Aldo vs Mendes 2,Felipe Arantes vs. Andre Fili,Felipe Arantes,109
2014-10-25,UFC 179: Aldo vs Mendes 2,Felipe Arantes vs. Andre Fili,Andre Fili,-109
2014-02-15,UFC Fight Night: Machida vs Mousasi,Felipe Arantes vs. Maximo Blanco,Felipe Arantes,-114
2014-02-15,UFC Fight Night: Machida vs Mousasi,Felipe Arantes vs. Maximo Blanco,Maximo Blanco,114
2015-05-30,UFC Fight Night: Condit vs Alves,Francimar Barroso vs. Ryan Jimmo,Francimar Barroso,107
2015-05-30,UFC Fight Night: Condit vs Alves,Francimar Barroso vs. Ryan Jimmo,Ryan Jimmo,-107
2014-05-31,UFC Fight Night: Munoz vs Mousasi,Francis Carmont vs. CB Dollaway,Francis Carmont,108
2014-05-31,UFC Fight Night: Munoz vs Mousasi,Francis Carmont vs. CB Dollaway,CB Dollaway,-108
2014-08-23,UFC Fight Night: Henderson vs Dos Anjos,Francis Carmont vs. Thales Leites,Francis Carmont,-123
2014-08-23,UFC Fight Night: Henderson vs Dos Anjos,Francis Carmont vs. Thales Leites,Thales Leites,123
2015-06-06,UFC Fight Night: Boetsch vs Henderson,Francisco Rivera vs. Alex Caceres,Francisco Rivera,124
2015-06-06,UFC Fight Night: Boetsch vs Henderson,Francisco Rivera vs. Alex Caceres,Alex Caceres,-124
2015-03-21,UFC Fight Night: Maia vs LaFlare,Francisco Trinaldo vs. Akbarh Arreola,Francisco Trinaldo,110
2015-03-21,UFC Fight Night: Maia vs LaFlare,Francisco Trinaldo vs. Akbarh Arreola,Akbarh Arreola,-110
2013-01-19,UFC on FX: Belfort vs Bisping,Francisco Trinaldo vs. CJ Keith,Francisco Trinaldo,145
2013-01-19,UFC on FX: Belfort vs Bisping,Francisco Trinaldo vs. CJ Keith,CJ Keith,-145
2014-02-15,UFC Fight Night: Machida vs Mousasi,Francisco Trinaldo vs. Jesse Ronson,Francisco Trinaldo,113
2014-02-15,UFC Fight Night: Machida vs Mousasi,Francisco Trinaldo vs. Jesse Ronson,Jesse Ronson,-113
2014-09-13,UFC Fight Night: Bigfoot vs Arlovski,Francisco Trinaldo vs. Leandro Silva,Francisco Trinaldo,122
2014-09-13,UFC Fight Night: Bigfoot vs Arlovski,Francisco Trinaldo vs. Leandro Silva,Leandro Silva,-122
2013-05-18,UFC on FX: Belfort vs. Rockhold,Francisco Trinaldo vs. Mike Rio,Francisco Trinaldo,102
2013-05-18,UFC on FX: Belfort vs. Rockhold,Francisco Trinaldo vs. Mike Rio,Mike Rio,-102
2015-05-30,UFC Fight Night: Condit vs Alves,Francisco Trinaldo vs. Norman Parke,Francisco Trinaldo,136
2015-05-30,UFC Fight Night: Condit vs Alves,Francisco Trinaldo vs. Norman Parke,Norman Parke,-136
2014-02-01,UFC 169: Barao vs Faber 2,Frank Mir vs. Alistair Overeem,Frank Mir,149
2014-02-01,UFC 169: Barao vs Faber 2,Frank Mir vs. Alistair Overeem,Alistair Overeem,-149
2013-08-31,UFC 164: Henderson vs Pettis 2,Frank Mir vs. Josh Barnett,Frank Mir,135
2013-08-31,UFC 164: Henderson vs Pettis 2,Frank Mir vs. Josh Barnett,Josh Barnett,-135
2014-07-06,The Ultimate Fighter: Team Edgar vs. Team Penn Finale,Frankie Edgar vs. BJ Penn,Frankie Edgar,-139
2014-07-06,The Ultimate Fighter: Team Edgar vs. Team Penn Finale,Frankie Edgar vs. BJ Penn,BJ Penn,139
2013-07-06,UFC 162: Silva vs Weidman,Frankie Edgar vs. Charles Oliveira,Frankie Edgar,-101
2013-07-06,UFC 162: Silva vs Weidman,Frankie Edgar vs. Charles Oliveira,Charles Oliveira,101
2014-11-22,UFC Fight Night: Edgar vs Swanson,Frankie Edgar vs. Cub Swanson,Frankie Edgar,-116
2014-11-22,UFC Fight Night: Edgar vs Swanson,Frankie Edgar vs. Cub Swanson,Cub Swanson,116
2015-05-16,UFC Fight Night: Edgar vs Faber,Frankie Edgar vs. Urijah Faber,Frankie Edgar,-130
2015-05-16,UFC Fight Night: Edgar vs Faber,Frankie Edgar vs. Urijah Faber,Urijah Faber,130
2013-01-19,UFC on FX: Belfort vs Bisping,Gabriel Gonzaga vs. Ben Rothwell,Gabriel Gonzaga,-145
2013-01-19,UFC on FX: Belfort vs Bisping,Gabriel Gonzaga vs. Ben Rothwell,Ben Rothwell,145
2013-07-06,UFC 162: Silva vs Weidman,Gabriel Gonzaga vs. Dave Herman,Gabriel Gonzaga,-121
2013-07-06,UFC 162: Silva vs Weidman,Gabriel Gonzaga vs. Dave Herman,Dave Herman,121
2014-12-13,UFC on FOX: Dos Santos vs Miocic,Gabriel Gonzaga vs. Matt Mitrione,Gabriel Gonzaga,-122
2014-12-13,UFC on FOX: Dos Santos vs Miocic,Gabriel Gonzaga vs. Matt Mitrione,Matt Mitrione,122
2015-04-11,UFC Fight Night: Gonzaga vs Cro Cop 2,Gabriel Gonzaga vs. Mirko Filipovic,Gabriel Gonzaga,-132
2015-04-11,UFC Fight Night: Gonzaga vs Cro Cop 2,Gabriel Gonzaga vs. Mirko Filipovic,Mirko Filipovic,132
2013-10-19,UFC 166: Velasquez vs Dos Santos 3,Gabriel Gonzaga vs. Shawn Jordan,Gabriel Gonzaga,-128
2013-10-19,UFC 166: Velasquez vs Dos Santos 3,Gabriel Gonzaga vs. Shawn Jordan,Shawn Jordan,128
2015-05-16,UFC Fight Night: Edgar vs Faber,Gegard Mousasi vs. Constantinos Philippou,Gegard Mousasi,-149
2015-05-16,UFC Fight Night: Edgar vs Faber,Gegard Mousasi vs. Constantinos Philippou,Constantinos Philippou,149
2014-04-16,UFC Fight Night: Bisping vs Kennedy,George Roop vs. Dustin Kimura,George Roop,-122
2014-04-16,UFC Fight Night: Bisping vs Kennedy,George Roop vs. Dustin Kimura,Dustin Kimura,122
2013-11-06,UFC Fight Night: Fight for the Troops 3,George Roop vs. Francisco Rivera,George Roop,-107
2013-11-06,UFC Fight Night: Fight for the Troops 3,George Roop vs. Francisco Rivera,Francisco Rivera,107
2013-03-16,UFC 158: St-Pierre vs Diaz,George Roop vs. Reuben Duran,George Roop,-101
2013-03-16,UFC 158: St-Pierre vs Diaz,George Roop vs. Reuben Duran,Reuben Duran,101
2013-10-19,UFC 166: Velasquez vs Dos Santos 3,George Sotiropoulos vs. KJ Noons,George Sotiropoulos,-153
2013-10-19,UFC 166: Velasquez vs Dos Santos 3,George Sotiropoulos vs. KJ Noons,KJ Noons,153
2015-04-18,UFC on FOX: Machida vs Rockhold,George Sullivan vs. Tim Means,George Sullivan,127
2015-04-18,UFC on FOX: Machida vs Rockhold,George Sullivan vs. Tim Means,Tim Means,-127
2013-11-16,UFC 167: St-Pierre vs Hendricks,Georges St-Pierre vs. Johny Hendricks,Georges St-Pierre,-143
2013-11-16,UFC 167: St-Pierre vs Hendricks,Georges St-Pierre vs. Johny Hendricks,Johny Hendricks,143
2013-03-16,UFC 158: St-Pierre vs Diaz,Georges St-Pierre vs. Nick Diaz,Georges St-Pierre,-219
2013-03-16,UFC 158: St-Pierre vs Diaz,Georges St-Pierre vs. Nick Diaz,Nick Diaz,219
2014-06-28,UFC Fight Night: Te Huna vs Marquardt,Gian Villante vs. Sean O'Connell,Gian Villante,-101
2014-06-28,UFC Fight Night: Te Huna vs Marquardt,Gian Villante vs. Sean O'Connell,Sean O'Connell,101
2013-10-19,UFC 166: Velasquez vs Dos Santos 3,Gilbert Melendez vs. Diego Sanchez,Gilbert Melendez,121
2013-10-19,UFC 166: Velasquez vs Dos Santos 3,Gilbert Melendez vs. Diego Sanchez,Diego Sanchez,-121
2013-05-18,UFC on FX: Belfort vs. Rockhold,Gleison Tibau vs. John Cholish,Gleison Tibau,-106
2013-05-18,UFC on FX: Belfort vs. Rockhold,Gleison Tibau vs. John Cholish,John Cholish,106
2013-12-28,UFC 168: Weidman vs Silva 2,Gleison Tibau vs. Michael Johnson,Gleison Tibau,101
2013-12-28,UFC 168: Weidman vs Silva 2,Gleison Tibau vs. Michael Johnson,Michael Johnson,-101
2014-07-16,UFC Fight Night: Cowboy vs Miller,Gleison Tibau vs. Pat Healy,Gleison Tibau,-138
2014-07-16,UFC Fight Night: Cowboy vs Miller,Gleison Tibau vs. Pat Healy,Pat Healy,138
2014-09-13,UFC Fight Night: Bigfoot vs Arlovski,Gleison Tibau vs. Piotr Hallmann,Gleison Tibau,132
2014-09-13,UFC Fight Night: Bigfoot vs Arlovski,Gleison Tibau vs. Piotr Hallmann,Piotr Hallmann,-132
2013-05-25,UFC 160: Velasquez vs Silva 2,Glover Teixeira vs. James Te Huna,Glover Teixeira,-102
2013-05-25,UFC 160: Velasquez vs Silva 2,Glover Teixeira vs. James Te Huna,James Te Huna,102
2014-10-25,UFC 179: Aldo vs Mendes 2,Glover Teixeira vs. Phil Davis,Glover Teixeira,119
2014-10-25,UFC 179: Aldo vs Mendes 2,Glover Teixeira vs. Phil Davis,Phil Davis,-119
2013-09-04,UFC Fight Night: Teixeira vs Bader,Glover Teixeira vs. Ryan Bader,Glover Teixeira,-107
2013-09-04,UFC Fight Night: Teixeira vs Bader,Glover Teixeira vs. Ryan Bader,Ryan Bader,107
2015-03-21,UFC Fight Night: Maia vs LaFlare,Godofredo Pepey vs. Andre Fili,Godofredo Pepey,191
2015-03-21,UFC Fight Night: Maia vs LaFlare,Godofredo Pepey vs. Andre Fili,Andre Fili,-191
2014-09-13,UFC Fight Night: Bigfoot vs Arlovski,Godofredo Pepey vs. Dashon Johnson,Godofredo Pepey,106
2014-09-13,UFC Fight Night: Bigfoot vs Arlovski,Godofredo Pepey vs. Dashon Johnson,Dashon Johnson,-106
2013-06-08,UFC on FUEL TV: Nogueira vs. Werdum,Godofredo Pepey vs. Felipe Arantes,Godofredo Pepey,140
2013-06-08,UFC on FUEL TV: Nogueira vs. Werdum,Godofredo Pepey vs. Felipe Arantes,Felipe Arantes,-140
2013-01-19,UFC on FX: Belfort vs Bisping,Godofredo Pepey vs. Milton Vieira,Godofredo Pepey,-130
2013-01-19,UFC on FX: Belfort vs Bisping,Godofredo Pepey vs. Milton Vieira,Milton Vieira,130
2013-11-09,UFC Fight Night: Belfort vs Henderson 2,Godofredo Pepey vs. Sam Sicilia,Godofredo Pepey,-105
2013-11-09,UFC Fight Night: Belfort vs Henderson 2,Godofredo Pepey vs. Sam Sicilia,Sam Sicilia,105
2015-04-04,UFC Fight Night: Mendes vs Lamas,Gray Maynard vs. Alexander Yakovlev,Gray Maynard,-123
2015-04-04,UFC Fight Night: Mendes vs Lamas,Gray Maynard vs. Alexander Yakovlev,Alexander Yakovlev,123
2013-11-30,The Ultimate Fighter: Team Rousey vs. Team Tate Finale,Gray Maynard vs. Nate Diaz,Gray Maynard,106
2013-11-30,The Ultimate Fighter: Team Rousey vs. Team Tate Finale,Gray Maynard vs. Nate Diaz,Nate Diaz,-106
2014-08-16,UFC Fight Night: Bader vs Saint Preux,Gray Maynard vs. Ross Pearson,Gray Maynard,138
2014-08-16,UFC Fight Night: Bader vs Saint Preux,Gray Maynard vs. Ross Pearson,Ross Pearson,-138
2013-05-25,UFC 160: Velasquez vs Silva 2,Gray Maynard vs. TJ Grant,Gray Maynard,114
2013-05-25,UFC 160: Velasquez vs Silva 2,Gray Maynard vs. TJ Grant,TJ Grant,-114
2015-05-16,UFC Fight Night: Edgar vs Faber,Guangyou Ning vs. Royston Wee,Guangyou Ning,114
2015-05-16,UFC Fight Night: Edgar vs Faber,Guangyou Ning vs. Royston Wee,Royston Wee,-114
2013-02-16,UFC on FUEL TV: Barao vs McDonald,Gunnar Nelson vs. Jorge Santiago,Gunnar Nelson,-279
2013-02-16,UFC on FUEL TV: Barao vs McDonald,Gunnar Nelson vs. Jorge Santiago,Jorge Santiago,279
2014-03-08,UFC Fight Night: Gustafsson vs Manuwa,Gunnar Nelson vs. Omari Akhmedov,Gunnar Nelson,-116
2014-03-08,UFC Fight Night: Gustafsson vs Manuwa,Gunnar Nelson vs. Omari Akhmedov,Omari Akhmedov,116
2014-10-04,UFC Fight Night: Nelson vs Story,Gunnar Nelson vs. Rick Story,Gunnar Nelson,111
2014-10-04,UFC Fight Night: Nelson vs Story,Gunnar Nelson vs. Rick Story,Rick Story,-111
2014-07-19,UFC Fight Night: McGregor vs Brandao,Gunnar Nelson vs. Zak Cummings,Gunnar Nelson,-140
2014-07-19,UFC Fight Night: McGregor vs Brandao,Gunnar Nelson vs. Zak Cummings,Zak Cummings,140
2014-06-28,UFC Fight Night: Te Huna vs Marquardt,Hatsu Hioki vs. Charles Oliveira,Hatsu Hioki,115
2014-06-28,UFC Fight Night: Te Huna vs Marquardt,Hatsu Hioki vs. Charles Oliveira,Charles Oliveira,-115
2015-05-09,UFC Fight Night: Miocic vs Hunt,Hatsu Hioki vs. Dan Hooker,Hatsu Hioki,-131
2015-05-09,UFC Fight Night: Miocic vs Hunt,Hatsu Hioki vs. Dan Hooker,Dan Hooker,131
2014-03-01,UFC Fight Night: Kim vs Hathaway,Hatsu Hioki vs. Ivan Menjivar,Hatsu Hioki,-135
2014-03-01,UFC Fight Night: Kim vs Hathaway,Hatsu Hioki vs. Ivan Menjivar,Ivan Menjivar,135
2014-07-26,UFC on FOX: Lawler vs Brown,Hernani Perpetuo vs. Tim Means,Hernani Perpetuo,161
2014-07-26,UFC on FOX: Lawler vs Brown,Hernani Perpetuo vs. Tim Means,Tim Means,-161
2015-05-16,UFC Fight Night: Edgar vs Faber,Hyun Gyu Lim vs. Neil Magny,Hyun Gyu Lim,161
2015-05-16,UFC Fight Night: Edgar vs Faber,Hyun Gyu Lim vs. Neil Magny,Neil Magny,-161
2014-09-20,UFC Fight Night: Hunt vs Nelson,Hyun Gyu Lim vs. Takenori Sato,Hyun Gyu Lim,-158
2014-09-20,UFC Fight Night: Hunt vs Nelson,Hyun Gyu Lim vs. Takenori Sato,Takenori Sato,158
2013-08-03,UFC 163: Aldo vs Jung,Ian McCall vs. Iliarde Santos,Ian McCall,-178
2013-08-03,UFC 163: Aldo vs Jung,Ian McCall vs. Iliarde Santos,Iliarde Santos,178
2015-01-31,UFC 183: Silva vs Diaz,Ian McCall vs. John Lineker,Ian McCall,143
2015-01-31,UFC 183: Silva vs Diaz,Ian McCall vs. John Lineker,John Lineker,-143
2014-09-13,UFC Fight Night: Bigfoot vs Arlovski,Igor Araujo vs. George Sullivan,Igor Araujo,109
2014-09-13,UFC Fight Night: Bigfoot vs Arlovski,Igor Araujo vs. George Sullivan,George Sullivan,-109
2013-10-09,UFC Fight Night: Maia vs Shields,Iliarde Santos vs. Chris Cariaso,Iliarde Santos,206
2013-10-09,UFC Fight Night: Maia vs Shields,Iliarde Santos vs. Chris Cariaso,Chris Cariaso,-206
2014-01-15,UFC Fight Night: Rockhold vs Philippou,Isaac Vallie-Flagg vs. Elias Silverio,Isaac Vallie-Flagg,170
2014-01-15,UFC Fight Night: Rockhold vs Philippou,Isaac Vallie-Flagg vs. Elias Silverio,Elias Silverio,-170
2015-02-22,UFC Fight Night: Bigfoot vs Mir,Iuri Alcantara vs. Frankie Saenz,Iuri Alcantara,120
2015-02-22,UFC Fight Night: Bigfoot vs Mir,Iuri Alcantara vs. Frankie Saenz,Frankie Saenz,-120
2014-09-13,UFC Fight Night: Bigfoot vs Arlovski,Iuri Alcantara vs. Russell Doane,Iuri Alcantara,121
2014-09-13,UFC Fight Night: Bigfoot vs Arlovski,Iuri Alcantara vs. Russell Doane,Russell Doane,-121
2014-02-15,UFC Fight Night: Machida vs Mousasi,Iuri Alcantara vs. Wilson Reis,Iuri Alcantara,133
2014-02-15,UFC Fight Night: Machida vs Mousasi,Iuri Alcantara vs. Wilson Reis,Wilson Reis,-133
2015-02-22,UFC Fight Night: Bigfoot vs Mir,Ivan Jorge vs. Josh Shockley,Ivan Jorge,123
2015-02-22,UFC Fight Night: Bigfoot vs Mir,Ivan Jorge vs. Josh Shockley,Josh Shockley,-123
2015-04-18,UFC on FOX: Machida vs Rockhold,Jacare Souza vs. Chris Camozzi,Jacare Souza,101
2015-04-18,UFC on FOX: Machida vs Rockhold,Jacare Souza vs. Chris Camozzi,Chris Camozzi,-101
2014-02-15,UFC Fight Night: Machida vs Mousasi,Jacare Souza vs. Francis Carmont,Jacare Souza,-119
2014-02-15,UFC Fight Night: Machida vs Mousasi,Jacare Souza vs. Francis Carmont,Francis Carmont,119
2014-09-05,UFC Fight Night: Jacare vs Mousasi,Jacare Souza vs. Gegard Mousasi,Jacare Souza,113
2014-09-05,UFC Fight Night: Jacare vs Mousasi,Jacare Souza vs. Gegard Mousasi,Gegard Mousasi,-113
2015-02-28,UFC 184: Rousey vs Zingano,Jake Ellenberger vs. Josh Koscheck,Jake Ellenberger,-122
2015-02-28,UFC 184: Rousey vs Zingano,Jake Ellenberger vs. Josh Koscheck,Josh Koscheck,122
2014-11-15,UFC 180: Werdum vs Hunt,Jake Ellenberger vs. Kelvin Gastelum,Jake Ellenberger,112
2014-11-15,UFC 180: Werdum vs Hunt,Jake Ellenberger vs. Kelvin Gastelum,Kelvin Gastelum,-112
2013-03-16,UFC 158: St-Pierre vs Diaz,Jake Ellenberger vs. Nate Marquardt,Jake Ellenberger,-126
2013-03-16,UFC 158: St-Pierre vs Diaz,Jake Ellenberger vs. Nate Marquardt,Nate Marquardt,126
2015-05-09,UFC Fight Night: Miocic vs Hunt,Jake Matthews vs. James Vick,Jake Matthews,-206
2015-05-09,UFC Fight Night: Miocic vs Hunt,Jake Matthews vs. James Vick,James Vick,206
2014-11-07,UFC Fight Night: Rockhold vs Bisping,Jake Matthews vs. Vagner Rocha,Jake Matthews,-220
2014-11-07,UFC Fight Night: Rockhold vs Bisping,Jake Matthews vs. Vagner Rocha,Vagner Rocha,220
2014-03-15,UFC 171: Hendricks vs Lawler,Jake Shields vs. Hector Lombard,Jake Shields,108
2014-03-15,UFC 171: Hendricks vs Lawler,Jake Shields vs. Hector Lombard,Hector Lombard,-108
2013-06-15,UFC 161: Evans vs Henderson,Jake Shields vs. Tyron Woodley,Jake Shields,181
2013-06-15,UFC 161: Evans vs Henderson,Jake Shields vs. Tyron Woodley,Tyron Woodley,-181
2013-08-28,UFC Fight Night: Condit vs Kampmann 2,James Head vs. Jason High,James Head,-129
2013-08-28,UFC Fight Night: Condit vs Kampmann 2,James Head vs. Jason High,Jason High,129
2015-02-28,UFC 184: Rousey vs Zingano,James Krause vs. Valmir Lazaro,James Krause,113
2015-02-28,UFC 184: Rousey vs Zingano,James Krause vs. Valmir Lazaro,Valmir Lazaro,-113
2014-06-28,UFC Fight Night: Te Huna vs Marquardt,James Te Huna vs. Nate Marquardt,James Te Huna,108
2014-06-28,UFC Fight Night: Te Huna vs Marquardt,James Te Huna vs. Nate Marquardt,Nate Marquardt,-108
2013-02-16,UFC on FUEL TV: Barao vs McDonald,James Te Huna vs. Ryan Jimmo,James Te Huna,132
2013-02-16,UFC on FUEL TV: Barao vs McDonald,James Te Huna vs. Ryan Jimmo,Ryan Jimmo,-132
2014-11-22,UFC Fight Night: Edgar vs Swanson,James Vick vs. Nick Hein,James Vick,146
2014-11-22,UFC Fight Night: Edgar vs Swanson,James Vick vs. Nick Hein,Nick Hein,-146
2014-02-01,UFC 169: Barao vs Faber 2,Jamie Varner vs. Abel Trujillo,Jamie Varner,-104
2014-02-01,UFC 169: Barao vs Faber 2,Jamie Varner vs. Abel Trujillo,Abel Trujillo,104
2014-12-13,UFC on FOX: Dos Santos vs Miocic,Jamie Varner vs. Drew Dober,Jamie Varner,-157
2014-12-13,UFC on FOX: Dos Santos vs Miocic,Jamie Varner vs. Drew Dober,Drew Dober,157
2013-08-31,UFC 164: Henderson vs Pettis 2,Jamie Varner vs. Gleison Tibau,Jamie Varner,-115
2013-08-31,UFC 164: Henderson vs Pettis 2,Jamie Varner vs. Gleison Tibau,Gleison Tibau,115
2014-05-24,UFC 173: Barao vs Dillashaw,Jamie Varner vs. James Krause,Jamie Varner,-132
2014-05-24,UFC 173: Barao vs Dillashaw,Jamie Varner vs. James Krause,James Krause,132
2013-08-31,UFC 164: Henderson vs Pettis 2,Jared Hamman vs. Magnus Cedenblad,Jared Hamman,-133
2013-08-31,UFC 164: Henderson vs Pettis 2,Jared Hamman vs. Magnus Cedenblad,Magnus Cedenblad,133
2012-12-15,The Ultimate Fighter: Team Carwin vs. Team Nelson Finale,Jared Papazian vs. Tim Elliott,Jared Papazian,101
2012-12-15,The Ultimate Fighter: Team Carwin vs. Team Nelson Finale,Jared Papazian vs. Tim Elliott,Tim Elliott,-101
2014-11-22,UFC Fight Night: Edgar vs Swanson,Jared Rosholt vs. Aleksei Oleinik,Jared Rosholt,-110
2014-11-22,UFC Fight Night: Edgar vs Swanson,Jared Rosholt vs. Aleksei Oleinik,Aleksei Oleinik,110
2014-04-11,UFC Fight Night: Minotauro vs Nelson,Jared Rosholt vs. Daniel Omielanczuk,Jared Rosholt,-131
2014-04-11,UFC Fight Night: Minotauro vs Nelson,Jared Rosholt vs. Daniel Omielanczuk,Daniel Omielanczuk,131
2015-03-14,UFC 185: Pettis vs Dos Anjos,Jared Rosholt vs. Josh Copeland,Jared Rosholt,-180
2015-03-14,UFC 185: Pettis vs Dos Anjos,Jared Rosholt vs. Josh Copeland,Josh Copeland,180
2014-12-12,The Ultimate Fighter: A Champion Will Be Crowned Finale,Jeremy Stephens vs. Charles Oliveira,Jeremy Stephens,108
2014-12-12,The Ultimate Fighter: A Champion Will Be Crowned Finale,Jeremy Stephens vs. Charles Oliveira,Charles Oliveira,-108
2014-07-06,The Ultimate Fighter: Team Edgar vs. Team Penn Finale,Jesse Ronson vs. Kevin Lee,Jesse Ronson,113
2014-07-06,The Ultimate Fighter: Team Edgar vs. Team Penn Finale,Jesse Ronson vs. Kevin Lee,Kevin Lee,-113
2015-04-18,UFC on FOX: Machida vs Rockhold,Jim Miller vs. Beneil Dariush,Jim Miller,135
2015-04-18,UFC on FOX: Machida vs Rockhold,Jim Miller vs. Beneil Dariush,Beneil Dariush,-135
2013-12-28,UFC 168: Weidman vs Silva 2,Jim Miller vs. Fabricio Camoes,Jim Miller,-136
2013-12-28,UFC 168: Weidman vs Silva 2,Jim Miller vs. Fabricio Camoes,Fabricio Camoes,136
2012-12-29,UFC 155: Dos Santos vs Velasquez II,Jim Miller vs. Joe Lauzon,Jim Miller,-111
2012-12-29,UFC 155: Dos Santos vs Velasquez II,Jim Miller vs. Joe Lauzon,Joe Lauzon,111
2014-04-26,UFC 172: Jones vs Teixeira,Jim Miller vs. Yancy Medeiros,Jim Miller,113
2014-04-26,UFC 172: Jones vs Teixeira,Jim Miller vs. Yancy Medeiros,Yancy Medeiros,-113
2013-02-16,UFC on FUEL TV: Barao vs McDonald,Jimi Manuwa vs. Cyrille Diabate,Jimi Manuwa,137
2013-02-16,UFC on FUEL TV: Barao vs McDonald,Jimi Manuwa vs. Cyrille Diabate,Cyrille Diabate,-137
2015-04-11,UFC Fight Night: Gonzaga vs Cro Cop 2,Jimi Manuwa vs. Jan Blachowicz,Jimi Manuwa,121
2015-04-11,UFC Fight Night: Gonzaga vs Cro Cop 2,Jimi Manuwa vs. Jan Blachowicz,Jan Blachowicz,-121
2013-10-26,UFC Fight Night: Machida vs Munoz,Jimi Manuwa vs. Ryan Jimmo,Jimi Manuwa,105
2013-10-26,UFC Fight Night: Machida vs Munoz,Jimi Manuwa vs. Ryan Jimmo,Ryan Jimmo,-105
2015-01-31,UFC 183: Silva vs Diaz,Joe Lauzon vs. Al Iaquinta,Joe Lauzon,201
2015-01-31,UFC 183: Silva vs Diaz,Joe Lauzon vs. Al Iaquinta,Al Iaquinta,-201
2013-12-14,UFC on FOX: Johnson vs. Benavidez 2,Joe Lauzon vs. Mac Danzig,Joe Lauzon,126
2013-12-14,UFC on FOX: Johnson vs. Benavidez 2,Joe Lauzon vs. Mac Danzig,Mac Danzig,-126
2014-09-05,UFC Fight Night: Jacare vs Mousasi,Joe Lauzon vs. Michael Chiesa,Joe Lauzon,170
2014-09-05,UFC Fight Night: Jacare vs Mousasi,Joe Lauzon vs. Michael Chiesa,Michael Chiesa,-170
2013-08-17,UFC Fight Night: Shogun vs Sonnen,Joe Lauzon vs. Michael Johnson,Joe Lauzon,120
2013-08-17,UFC Fight Night: Shogun vs Sonnen,Joe Lauzon vs. Michael Johnson,Michael Johnson,-120
2015-06-06,UFC Fight Night: Boetsch vs Henderson,Joe Proctor vs. Justin Edwards,Joe Proctor,103
2015-06-06,UFC Fight Night: Boetsch vs Henderson,Joe Proctor vs. Justin Edwards,Justin Edwards,-103
2014-12-12,The Ultimate Fighter: A Champion Will Be Crowned Finale,Joe Proctor vs. Yancy Medeiros,Joe Proctor,143
2014-12-12,The Ultimate Fighter: A Champion Will Be Crowned Finale,Joe Proctor vs. Yancy Medeiros,Yancy Medeiros,-143
2014-12-13,UFC on FOX: Dos Santos vs Miocic,Joe Riggs vs. Ben Saunders,Joe Riggs,-120
2014-12-13,UFC on FOX: Dos Santos vs Miocic,Joe Riggs vs. Ben Saunders,Ben Saunders,120
2015-06-06,UFC Fight Night: Boetsch vs Henderson,Joe Soto vs. Anthony Birchak,Joe Soto,532
2015-06-06,UFC Fight Night: Boetsch vs Henderson,Joe Soto vs. Anthony Birchak,Anthony Birchak,-532
2013-07-27,UFC on FOX: Johnson vs Moraga,John Albert vs. Yaotzin Meza,John Albert,-225
2013-07-27,UFC on FOX: Johnson vs Moraga,John Albert vs. Yaotzin Meza,Yaotzin Meza,225
2014-06-07,UFC Fight Night: Henderson vs Khabilov,John Dodson vs. John Moraga,John Dodson,-110
2014-06-07,UFC Fight Night: Henderson vs Khabilov,John Dodson vs. John Moraga,John Moraga,110
2015-05-23,UFC 187: Johnson vs Cormier,John Dodson vs. Zach Makovsky,John Dodson,116
2015-05-23,UFC 187: Johnson vs Cormier,John Dodson vs. Zach Makovsky,Zach Makovsky,-116
2014-09-27,UFC 178: Johnson vs Cariaso,John Howard vs. Brian Ebersole,John Howard,115
2014-09-27,UFC 178: Johnson vs Cariaso,John Howard vs. Brian Ebersole,Brian Ebersole,-115
2015-01-18,UFC Fight Night: McGregor vs Siver,John Howard vs. Lorenz Larkin,John Howard,131
2015-01-18,UFC Fight Night: McGregor vs Siver,John Howard vs. Lorenz Larkin,Lorenz Larkin,-131
2014-04-11,UFC Fight Night: Minotauro vs Nelson,John Howard vs. Ryan LaFlare,John Howard,157
2014-04-11,UFC Fight Night: Minotauro vs Nelson,John Howard vs. Ryan LaFlare,Ryan LaFlare,-157
2013-12-28,UFC 168: Weidman vs Silva 2,John Howard vs. Siyar Bahadurzada,John Howard,107
2013-12-28,UFC 168: Weidman vs Silva 2,John Howard vs. Siyar Bahadurzada,Siyar Bahadurzada,-107
2014-02-01,UFC 169: Barao vs Faber 2,John Lineker vs. Ali Bagautinov,John Lineker,-126
2014-02-01,UFC 169: Barao vs Faber 2,John Lineker vs. Ali Bagautinov,Ali Bagautinov,126
2014-07-16,UFC Fight Night: Cowboy vs Miller,John Lineker vs. Alptekin Ozkilic,John Lineker,-109
2014-07-16,UFC Fight Night: Cowboy vs Miller,John Lineker vs. Alptekin Ozkilic,Alptekin Ozkilic,109
2013-05-18,UFC on FX: Belfort vs. Rockhold,John Lineker vs. Azamat Gashimov,John Lineker,135
2013-05-18,UFC on FX: Belfort vs. Rockhold,John Lineker vs. Azamat Gashimov,Azamat Gashimov,-135
2014-02-01,UFC 169: Barao vs Faber 2,John Makdessi vs. Alan Patrick,John Makdessi,135
2014-02-01,UFC 169: Barao vs Faber 2,John Makdessi vs. Alan Patrick,Alan Patrick,-135
2013-03-16,UFC 158: St-Pierre vs Diaz,John Makdessi vs. Daron Cruickshank,John Makdessi,121
2013-03-16,UFC 158: St-Pierre vs Diaz,John Makdessi vs. Daron Cruickshank,Daron Cruickshank,-121
2013-09-21,UFC 165: Jones vs Gustafsson,John Makdessi vs. Renee Forte,John Makdessi,117
2013-09-21,UFC 165: Jones vs Gustafsson,John Makdessi vs. Renee Forte,Renee Forte,-117
2014-01-15,UFC Fight Night: Rockhold vs Philippou,John Moraga vs. Dustin Ortiz,John Moraga,155
2014-01-15,UFC Fight Night: Rockhold vs Philippou,John Moraga vs. Dustin Ortiz,Dustin Ortiz,-155
2014-09-05,UFC Fight Night: Jacare vs Mousasi,John Moraga vs. Justin Scoggins,John Moraga,244
2014-09-05,UFC Fight Night: Jacare vs Mousasi,John Moraga vs. Justin Scoggins,Justin Scoggins,-244
2014-06-28,UFC Fight Night: Swanson vs Stephens,Johnny Bedford vs. Cody Gibson,Johnny Bedford,-114
2014-06-28,UFC Fight Night: Swanson vs Stephens,Johnny Bedford vs. Cody Gibson,Cody Gibson,114
2012-12-15,The Ultimate Fighter: Team Carwin vs. Team Nelson Finale,Johnny Bedford vs. Marcos Vinicius,Johnny Bedford,-190
2012-12-15,The Ultimate Fighter: Team Carwin vs. Team Nelson Finale,Johnny Bedford vs. Marcos Vinicius,Marcos Vinicius,190
2015-03-14,UFC 185: Pettis vs Dos Anjos,Johny Hendricks vs. Matt Brown,Johny Hendricks,115
2015-03-14,UFC 185: Pettis vs Dos Anjos,Johny Hendricks vs. Matt Brown,Matt Brown,-115
2014-03-15,UFC 171: Hendricks vs Lawler,Johny Hendricks vs. Robbie Lawler,Johny Hendricks,-144
2014-03-15,UFC 171: Hendricks vs Lawler,Johny Hendricks vs. Robbie Lawler,Robbie Lawler,151
2014-12-06,UFC 181: Hendricks vs Lawler II,Johny Hendricks vs. Robbie Lawler,Johny Hendricks,-138
2014-12-06,UFC 181: Hendricks vs Lawler II,Johny Hendricks vs. Robbie Lawler,Robbie Lawler,163
2013-02-02,UFC 156: Aldo vs Edgar,Jon Fitch vs. Demian Maia,Jon Fitch,-165
2013-02-02,UFC 156: Aldo vs Edgar,Jon Fitch vs. Demian Maia,Demian Maia,165
2013-09-21,UFC 165: Jones vs Gustafsson,Jon Jones vs. Alexander Gustafsson,Jon Jones,-154
2013-09-21,UFC 165: Jones vs Gustafsson,Jon Jones vs. Alexander Gustafsson,Alexander Gustafsson,154
2013-04-27,UFC 159: Jones vs Sonnen,Jon Jones vs. Chael Sonnen,Jon Jones,-110
2013-04-27,UFC 159: Jones vs Sonnen,Jon Jones vs. Chael Sonnen,Chael Sonnen,110
2015-01-03,UFC 182: Jones vs Cormier,Jon Jones vs. Daniel Cormier,Jon Jones,-158
2015-01-03,UFC 182: Jones vs Cormier,Jon Jones vs. Daniel Cormier,Daniel Cormier,158
2014-04-26,UFC 172: Jones vs Teixeira,Jon Jones vs. Glover Teixeira,Jon Jones,-134
2014-04-26,UFC 172: Jones vs Teixeira,Jon Jones vs. Glover Teixeira,Glover Teixeira,134
2014-09-27,UFC 178: Johnson vs Cariaso,Jon Tuck vs. Kevin Lee,Jon Tuck,164
2014-09-27,UFC 178: Johnson vs Cariaso,Jon Tuck vs. Kevin Lee,Kevin Lee,-164
2015-01-31,UFC 183: Silva vs Diaz,Jordan Mein vs. Thiago Alves,Jordan Mein,-119
2015-01-31,UFC 183: Silva vs Diaz,Jordan Mein vs. Thiago Alves,Thiago Alves,119
2015-04-04,UFC Fight Night: Mendes vs Lamas,Jorge Masvidal vs. Al Iaquinta,Jorge Masvidal,105
2015-04-04,UFC Fight Night: Mendes vs Lamas,Jorge Masvidal vs. Al Iaquinta,Al Iaquinta,-105
2014-09-27,UFC 178: Johnson vs Cariaso,Jorge Masvidal vs. James Krause,Jorge Masvidal,-116
2014-09-27,UFC 178: Johnson vs Cariaso,Jorge Masvidal vs. James Krause,James Krause,116
2014-04-19,UFC on FOX: Werdum vs Browne,Jorge Masvidal vs. Pat Healy,Jorge Masvidal,-152
2014-04-19,UFC on FOX: Werdum vs Browne,Jorge Masvidal vs. Pat Healy,Pat Healy,152
2013-11-06,UFC Fight Night: Fight for the Troops 3,Jorge Masvidal vs. Rustam Khabilov,Jorge Masvidal,450
2013-11-06,UFC Fight Night: Fight for the Troops 3,Jorge Masvidal vs. Rustam Khabilov,Rustam Khabilov,-450
2015-03-21,UFC Fight Night: Maia vs LaFlare,Jorge de Oliveira vs. Christos Giagos,Jorge de Oliveira,153
2015-03-21,UFC Fight Night: Maia vs LaFlare,Jorge de Oliveira vs. Christos Giagos,Christos Giagos,-153
2014-10-25,UFC 179: Aldo vs Mendes 2,Jose Aldo vs. Chad Mendes,Jose Aldo,141
2014-10-25,UFC 179: Aldo vs Mendes 2,Jose Aldo vs. Chad Mendes,Chad Mendes,-141
2013-08-03,UFC 163: Aldo vs Jung,Jose Aldo vs. Chan Sung Jung,Jose Aldo,119
2013-08-03,UFC 163: Aldo vs Jung,Jose Aldo vs. Chan Sung Jung,Chan Sung Jung,-119
2013-02-02,UFC 156: Aldo vs Edgar,Jose Aldo vs. Frankie Edgar,Jose Aldo,130
2013-02-02,UFC 156: Aldo vs Edgar,Jose Aldo vs. Frankie Edgar,Frankie Edgar,-130
2014-02-01,UFC 169: Barao vs Faber 2,Jose Aldo vs. Ricardo Lamas,Jose Aldo,-117
2014-02-01,UFC 169: Barao vs Faber 2,Jose Aldo vs. Ricardo Lamas,Ricardo Lamas,117
2015-06-06,UFC Fight Night: Boetsch vs Henderson,Jose Quinonez vs. Leonardo Morales,Jose Quinonez,-124
2015-06-06,UFC Fight Night: Boetsch vs Henderson,Jose Quinonez vs. Leonardo Morales,Leonardo Morales,124
2013-04-20,UFC on FOX: Henderson vs Melendez,Joseph Benavidez vs. Darren Uyenoyama,Joseph Benavidez,-115
2013-04-20,UFC on FOX: Henderson vs Melendez,Joseph Benavidez vs. Darren Uyenoyama,Darren Uyenoyama,115
2014-11-22,UFC Fight Night: Edgar vs Swanson,Joseph Benavidez vs. Dustin Ortiz,Joseph Benavidez,129
2014-11-22,UFC Fight Night: Edgar vs Swanson,Joseph Benavidez vs. Dustin Ortiz,Dustin Ortiz,-129
2013-02-02,UFC 156: Aldo vs Edgar,Joseph Benavidez vs. Ian McCall,Joseph Benavidez,-120
2013-02-02,UFC 156: Aldo vs Edgar,Joseph Benavidez vs. Ian McCall,Ian McCall,120
2015-05-23,UFC 187: Johnson vs Cormier,Joseph Benavidez vs. John Moraga,Joseph Benavidez,-133
2015-05-23,UFC 187: Johnson vs Cormier,Joseph Benavidez vs. John Moraga,John Moraga,133
2013-09-04,UFC Fight Night: Teixeira vs Bader,Joseph Benavidez vs. Jussier Formiga,Joseph Benavidez,-104
2013-09-04,UFC Fight Night: Teixeira vs Bader,Joseph Benavidez vs. Jussier Formiga,Jussier Formiga,104
2014-04-26,UFC 172: Jones vs Teixeira,Joseph Benavidez vs. Tim Elliott,Joseph Benavidez,131
2014-04-26,UFC 172: Jones vs Teixeira,Joseph Benavidez vs. Tim Elliott,Tim Elliott,-131
2013-12-28,UFC 168: Weidman vs Silva 2,Josh Barnett vs. Travis Browne,Josh Barnett,-123
2013-12-28,UFC 168: Weidman vs Silva 2,Josh Barnett vs. Travis Browne,Travis Browne,123
2013-02-23,UFC 157: Rousey vs Carmouche,Josh Koscheck vs. Robbie Lawler,Josh Koscheck,-109
2013-02-23,UFC 157: Rousey vs Carmouche,Josh Koscheck vs. Robbie Lawler,Robbie Lawler,109
2013-11-16,UFC 167: St-Pierre vs Hendricks,Josh Koscheck vs. Tyron Woodley,Josh Koscheck,-132
2013-11-16,UFC 167: St-Pierre vs Hendricks,Josh Koscheck vs. Tyron Woodley,Tyron Woodley,132
2014-07-26,UFC on FOX: Lawler vs Brown,Josh Thomson vs. King Green,Josh Thomson,126
2014-07-26,UFC on FOX: Lawler vs Brown,Josh Thomson vs. King Green,King Green,-126
2014-07-06,The Ultimate Fighter: Team Edgar vs. Team Penn Finale,Jumabieke Tuerxun vs. Leandro Issa,Jumabieke Tuerxun,110
2014-07-06,The Ultimate Fighter: Team Edgar vs. Team Penn Finale,Jumabieke Tuerxun vs. Leandro Issa,Leandro Issa,-110
2014-11-07,UFC Fight Night: Rockhold vs Bisping,Jumabieke Tuerxun vs. Marcus Brimage,Jumabieke Tuerxun,119
2014-11-07,UFC Fight Night: Rockhold vs Bisping,Jumabieke Tuerxun vs. Marcus Brimage,Marcus Brimage,-119
2012-12-29,UFC 155: Dos Santos vs Velasquez II,Junior Dos Santos vs. Cain Velasquez,Junior Dos Santos,138
2012-12-29,UFC 155: Dos Santos vs Velasquez II,Junior Dos Santos vs. Cain Velasquez,Cain Velasquez,-138
2013-05-25,UFC 160: Velasquez vs Silva 2,Junior Dos Santos vs. Mark Hunt,Junior Dos Santos,-114
2013-05-25,UFC 160: Velasquez vs Silva 2,Junior Dos Santos vs. Mark Hunt,Mark Hunt,114
2014-12-13,UFC on FOX: Dos Santos vs Miocic,Junior Dos Santos vs. Stipe Miocic,Junior Dos Santos,-106
2014-12-13,UFC on FOX: Dos Santos vs Miocic,Junior Dos Santos vs. Stipe Miocic,Stipe Miocic,106
2013-05-18,UFC on FX: Belfort vs. Rockhold,Jussier Formiga vs. Chris Cariaso,Jussier Formiga,140
2013-05-18,UFC on FX: Belfort vs. Rockhold,Jussier Formiga vs. Chris Cariaso,Chris Cariaso,-140
2014-03-23,UFC Fight Night: Shogun vs Henderson 2,Jussier Formiga vs. Scott Jorgensen,Jussier Formiga,-115
2014-03-23,UFC Fight Night: Shogun vs Henderson 2,Jussier Formiga vs. Scott Jorgensen,Scott Jorgensen,115
2015-05-30,UFC Fight Night: Condit vs Alves,Jussier Formiga vs. Wilson Reis,Jussier Formiga,139
2015-05-30,UFC Fight Night: Condit vs Alves,Jussier Formiga vs. Wilson Reis,Wilson Reis,-139
2014-08-16,UFC Fight Night: Bader vs Saint Preux,Jussier Formiga vs. Zach Makovsky,Jussier Formiga,122
2014-08-16,UFC Fight Night: Bader vs Saint Preux,Jussier Formiga vs. Zach Makovsky,Zach Makovsky,-122
2013-04-13,The Ultimate Fighter: Team Jones vs. Team Sonnen Finale,Justin Lawrence vs. Daniel Pineda,Justin Lawrence,-148
2013-04-13,The Ultimate Fighter: Team Jones vs. Team Sonnen Finale,Justin Lawrence vs. Daniel Pineda,Daniel Pineda,148
2014-05-10,UFC Fight Night: Brown vs Silva,Justin Salas vs. Ben Wall,Justin Salas,-109
2014-05-10,UFC Fight Night: Brown vs Silva,Justin Salas vs. Ben Wall,Ben Wall,109
2014-07-16,UFC Fight Night: Cowboy vs Miller,Justin Salas vs. Joe Proctor,Justin Salas,-127
2014-07-16,UFC Fight Night: Cowboy vs Miller,Justin Salas vs. Joe Proctor,Joe Proctor,127
2014-07-06,The Ultimate Fighter: Team Edgar vs. Team Penn Finale,Justin Scoggins vs. Dustin Ortiz,Justin Scoggins,-218
2014-07-06,The Ultimate Fighter: Team Edgar vs. Team Penn Finale,Justin Scoggins vs. Dustin Ortiz,Dustin Ortiz,218
2015-05-23,UFC 187: Johnson vs Cormier,Justin Scoggins vs. Josh Sampo,Justin Scoggins,-244
2015-05-23,UFC 187: Johnson vs Cormier,Justin Scoggins vs. Josh Sampo,Josh Sampo,244
2015-05-30,UFC Fight Night: Condit vs Alves,KJ Noons vs. Alex Oliveira,KJ Noons,131
2015-05-30,UFC Fight Night: Condit vs Alves,KJ Noons vs. Alex Oliveira,Alex Oliveira,-131
2014-09-20,UFC Fight Night: Hunt vs Nelson,Katsunori Kikuno vs. Sam Sicilia,Katsunori Kikuno,-100
2014-09-20,UFC Fight Night: Hunt vs Nelson,Katsunori Kikuno vs. Sam Sicilia,Sam Sicilia,100
2013-08-28,UFC Fight Night: Condit vs Kampmann 2,Kelvin Gastelum vs. Brian Melancon,Kelvin Gastelum,122
2013-08-28,UFC Fight Night: Condit vs Kampmann 2,Kelvin Gastelum vs. Brian Melancon,Brian Melancon,-122
2015-06-13,UFC 188: Velasquez vs Werdum,Kelvin Gastelum vs. Nate Marquardt,Kelvin Gastelum,-136
2015-06-13,UFC 188: Velasquez vs Werdum,Kelvin Gastelum vs. Nate Marquardt,Nate Marquardt,136
2014-06-28,UFC Fight Night: Swanson vs Stephens,Kelvin Gastelum vs. Nicholas Musoke,Kelvin Gastelum,-129
2014-06-28,UFC Fight Night: Swanson vs Stephens,Kelvin Gastelum vs. Nicholas Musoke,Nicholas Musoke,129
2014-03-15,UFC 171: Hendricks vs Lawler,Kelvin Gastelum vs. Rick Story,Kelvin Gastelum,128
2014-03-15,UFC 171: Hendricks vs Lawler,Kelvin Gastelum vs. Rick Story,Rick Story,-128
2013-02-23,UFC 157: Rousey vs Carmouche,Kenny Robertson vs. Brock Jardine,Kenny Robertson,120
2013-02-23,UFC 157: Rousey vs Carmouche,Kenny Robertson vs. Brock Jardine,Brock Jardine,-120
2014-07-05,UFC 175: Weidman vs Machida,Kenny Robertson vs. Ildemar Alcantara,Kenny Robertson,-112
2014-07-05,UFC 175: Weidman vs Machida,Kenny Robertson vs. Ildemar Alcantara,Ildemar Alcantara,112
2013-05-25,UFC 160: Velasquez vs Silva 2,Khabib Nurmagomedov vs. Abel Trujillo,Khabib Nurmagomedov,-116
2013-05-25,UFC 160: Velasquez vs Silva 2,Khabib Nurmagomedov vs. Abel Trujillo,Abel Trujillo,116
2014-09-20,UFC Fight Night: Hunt vs Nelson,Kiichi Kunimoto vs. Richard Walsh,Kiichi Kunimoto,189
2014-09-20,UFC Fight Night: Hunt vs Nelson,Kiichi Kunimoto vs. Richard Walsh,Richard Walsh,-189
2014-11-22,UFC Fight Night: Edgar vs Swanson,King Green vs. Edson Barboza,King Green,-134
2014-11-22,UFC Fight Night: Edgar vs Swanson,King Green vs. Edson Barboza,Edson Barboza,134
2013-11-06,UFC Fight Night: Fight for the Troops 3,King Green vs. James Krause,King Green,-143
2013-11-06,UFC Fight Night: Fight for the Troops 3,King Green vs. James Krause,James Krause,143
2013-12-14,UFC on FOX: Johnson vs. Benavidez 2,King Green vs. Pat Healy,King Green,-144
2013-12-14,UFC on FOX: Johnson vs. Benavidez 2,King Green vs. Pat Healy,Pat Healy,144
2014-07-26,UFC on FOX: Lawler vs Brown,Kyle Kingsbury vs. Patrick Cummins,Kyle Kingsbury,178
2014-07-26,UFC on FOX: Lawler vs Brown,Kyle Kingsbury vs. Patrick Cummins,Patrick Cummins,-178
2014-05-10,UFC Fight Night: Brown vs Silva,Kyoji Horiguchi vs. Darrell Montague,Kyoji Horiguchi,-177
2014-05-10,UFC Fight Night: Brown vs Silva,Kyoji Horiguchi vs. Darrell Montague,Darrell Montague,177
2014-09-20,UFC Fight Night: Hunt vs Nelson,Kyoji Horiguchi vs. Jon Delos Reyes,Kyoji Horiguchi,141
2014-09-20,UFC Fight Night: Hunt vs Nelson,Kyoji Horiguchi vs. Jon Delos Reyes,Jon Delos Reyes,-141
2015-01-03,UFC 182: Jones vs Cormier,Kyoji Horiguchi vs. Louis Gaudinot,Kyoji Horiguchi,-238
2015-01-03,UFC 182: Jones vs Cormier,Kyoji Horiguchi vs. Louis Gaudinot,Louis Gaudinot,238
2014-12-20,UFC Fight Night: Machida vs Dollaway,Leandro Issa vs. Yuta Sasaki,Leandro Issa,142
2014-12-20,UFC Fight Night: Machida vs Dollaway,Leandro Issa vs. Yuta Sasaki,Yuta Sasaki,-142
2014-11-08,UFC Fight Night 56: Shogun vs Saint Preux,Leandro Silva vs. Charlie Brenneman,Leandro Silva,-118
2014-11-08,UFC Fight Night 56: Shogun vs Saint Preux,Leandro Silva vs. Charlie Brenneman,Charlie Brenneman,118
2013-04-27,UFC 159: Jones vs Sonnen,Leonard Garcia vs. Cody McKenzie,Leonard Garcia,166
2013-04-27,UFC 159: Jones vs Sonnen,Leonard Garcia vs. Cody McKenzie,Cody McKenzie,-166
2012-12-29,UFC 155: Dos Santos vs Velasquez II,Leonard Garcia vs. Max Holloway,Leonard Garcia,229
2012-12-29,UFC 155: Dos Santos vs Velasquez II,Leonard Garcia vs. Max Holloway,Max Holloway,-229
2015-03-21,UFC Fight Night: Maia vs LaFlare,Leonardo Mafra vs. Cain Carrizosa,Leonardo Mafra,148
2015-03-21,UFC Fight Night: Maia vs LaFlare,Leonardo Mafra vs. Cain Carrizosa,Cain Carrizosa,-148
2015-03-21,UFC Fight Night: Maia vs LaFlare,Leonardo Santos vs. Anthony Rocco Martin,Leonardo Santos,156
2015-03-21,UFC Fight Night: Maia vs LaFlare,Leonardo Santos vs. Anthony Rocco Martin,Anthony Rocco Martin,-156
2014-09-13,UFC Fight Night: Bigfoot vs Arlovski,Leonardo Santos vs. Efrain Escudero,Leonardo Santos,143
2014-09-13,UFC Fight Night: Bigfoot vs Arlovski,Leonardo Santos vs. Efrain Escudero,Efrain Escudero,-143
2014-03-23,UFC Fight Night: Shogun vs Henderson 2,Leonardo Santos vs. Norman Parke,Leonardo Santos,172
2014-03-23,UFC Fight Night: Shogun vs Henderson 2,Leonardo Santos vs. Norman Parke,Norman Parke,-172
2015-05-16,UFC Fight Night: Edgar vs Faber,Li Jingliang vs. Dhiego Lima,Li Jingliang,137
2015-05-16,UFC Fight Night: Edgar vs Faber,Li Jingliang vs. Dhiego Lima,Dhiego Lima,-137
2014-01-15,UFC Fight Night: Rockhold vs Philippou,Lorenz Larkin vs. Brad Tavares,Lorenz Larkin,123
2014-01-15,UFC Fight Night: Rockhold vs Philippou,Lorenz Larkin vs. Brad Tavares,Brad Tavares,-123
2014-08-30,UFC 177: Dillashaw vs Soto,Lorenz Larkin vs. Derek Brunson,Lorenz Larkin,101
2014-08-30,UFC 177: Dillashaw vs Soto,Lorenz Larkin vs. Derek Brunson,Derek Brunson,-101
2013-08-31,UFC 164: Henderson vs Pettis 2,Louis Gaudinot vs. Tim Elliott,Louis Gaudinot,168
2013-08-31,UFC 164: Henderson vs Pettis 2,Louis Gaudinot vs. Tim Elliott,Tim Elliott,-168
2014-07-16,UFC Fight Night: Cowboy vs Miller,Lucas Martins vs. Alex White,Lucas Martins,115
2014-07-16,UFC Fight Night: Cowboy vs Miller,Lucas Martins vs. Alex White,Alex White,-115
2013-05-18,UFC on FX: Belfort vs. Rockhold,Lucas Martins vs. Jeremy Larsen,Lucas Martins,131
2013-05-18,UFC on FX: Belfort vs. Rockhold,Lucas Martins vs. Jeremy Larsen,Jeremy Larsen,-131
2015-05-30,UFC Fight Night: Condit vs Alves,Lucas Martins vs. Mirsad Bektic,Lucas Martins,179
2015-05-30,UFC Fight Night: Condit vs Alves,Lucas Martins vs. Mirsad Bektic,Mirsad Bektic,-179
2013-10-26,UFC Fight Night: Machida vs Munoz,Luke Barnatt vs. Andrew Craig,Luke Barnatt,-103
2013-10-26,UFC Fight Night: Machida vs Munoz,Luke Barnatt vs. Andrew Craig,Andrew Craig,103
2014-11-22,UFC Fight Night: Edgar vs Swanson,Luke Barnatt vs. Roger Narvaez,Luke Barnatt,-169
2014-11-22,UFC Fight Night: Edgar vs Swanson,Luke Barnatt vs. Roger Narvaez,Roger Narvaez,169
2014-05-31,UFC Fight Night: Munoz vs Mousasi,Luke Barnatt vs. Sean Strickland,Luke Barnatt,163
2014-05-31,UFC Fight Night: Munoz vs Mousasi,Luke Barnatt vs. Sean Strickland,Sean Strickland,-163
2014-01-15,UFC Fight Night: Rockhold vs Philippou,Luke Rockhold vs. Constantinos Philippou,Luke Rockhold,111
2014-01-15,UFC Fight Night: Rockhold vs Philippou,Luke Rockhold vs. Constantinos Philippou,Constantinos Philippou,-111
2014-11-07,UFC Fight Night: Rockhold vs Bisping,Luke Rockhold vs. Michael Bisping,Luke Rockhold,115
2014-11-07,UFC Fight Night: Rockhold vs Bisping,Luke Rockhold vs. Michael Bisping,Michael Bisping,-115
2014-04-26,UFC 172: Jones vs Teixeira,Luke Rockhold vs. Tim Boetsch,Luke Rockhold,-103
2014-04-26,UFC 172: Jones vs Teixeira,Luke Rockhold vs. Tim Boetsch,Tim Boetsch,103
2014-12-20,UFC Fight Night: Machida vs Dollaway,Lyoto Machida vs. CB Dollaway,Lyoto Machida,123
2014-12-20,UFC Fight Night: Machida vs Dollaway,Lyoto Machida vs. CB Dollaway,CB Dollaway,-123
2013-02-23,UFC 157: Rousey vs Carmouche,Lyoto Machida vs. Dan Henderson,Lyoto Machida,-173
2013-02-23,UFC 157: Rousey vs Carmouche,Lyoto Machida vs. Dan Henderson,Dan Henderson,173
2014-02-15,UFC Fight Night: Machida vs Mousasi,Lyoto Machida vs. Gegard Mousasi,Lyoto Machida,-109
2014-02-15,UFC Fight Night: Machida vs Mousasi,Lyoto Machida vs. Gegard Mousasi,Gegard Mousasi,109
2015-04-18,UFC on FOX: Machida vs Rockhold,Lyoto Machida vs. Luke Rockhold,Lyoto Machida,-122
2015-04-18,UFC on FOX: Machida vs Rockhold,Lyoto Machida vs. Luke Rockhold,Luke Rockhold,122
2013-10-26,UFC Fight Night: Machida vs Munoz,Lyoto Machida vs. Mark Munoz,Lyoto Machida,-109
2013-10-26,UFC Fight Night: Machida vs Munoz,Lyoto Machida vs. Mark Munoz,Mark Munoz,109
2013-08-03,UFC 163: Aldo vs Jung,Lyoto Machida vs. Phil Davis,Lyoto Machida,114
2013-08-03,UFC 163: Aldo vs Jung,Lyoto Machida vs. Phil Davis,Phil Davis,-114
2013-07-27,UFC on FOX: Johnson vs Moraga,Mac Danzig vs. Melvin Guillard,Mac Danzig,161
2013-07-27,UFC on FOX: Johnson vs Moraga,Mac Danzig vs. Melvin Guillard,Melvin Guillard,-161
2014-05-31,UFC Fight Night: Munoz vs Mousasi,Magnus Cedenblad vs. Krzysztof Jotko,Magnus Cedenblad,155
2014-05-31,UFC Fight Night: Munoz vs Mousasi,Magnus Cedenblad vs. Krzysztof Jotko,Krzysztof Jotko,-155
2014-09-27,UFC 178: Johnson vs Cariaso,Manvel Gamburyan vs. Cody Gibson,Manvel Gamburyan,110
2014-09-27,UFC 178: Johnson vs Cariaso,Manvel Gamburyan vs. Cody Gibson,Cody Gibson,-110
2013-08-17,UFC Fight Night: Shogun vs Sonnen,Manvel Gamburyan vs. Cole Miller,Manvel Gamburyan,-126
2013-08-17,UFC Fight Night: Shogun vs Sonnen,Manvel Gamburyan vs. Cole Miller,Cole Miller,126
2014-06-28,UFC Fight Night: Swanson vs Stephens,Marcelo Guimaraes vs. Andy Enz,Marcelo Guimaraes,116
2014-06-28,UFC Fight Night: Swanson vs Stephens,Marcelo Guimaraes vs. Andy Enz,Andy Enz,-116
2014-12-20,UFC Fight Night: Machida vs Dollaway,Marcio Alexandre Junior vs. Tim Means,Marcio Alexandre Junior,135
2014-12-20,UFC Fight Night: Machida vs Dollaway,Marcio Alexandre Junior vs. Tim Means,Tim Means,-135
2014-12-20,UFC Fight Night: Machida vs Dollaway,Marcos Rogerio de Lima vs. Igor Pokrajac,Marcos Rogerio de Lima,-147
2014-12-20,UFC Fight Night: Machida vs Dollaway,Marcos Rogerio de Lima vs. Igor Pokrajac,Igor Pokrajac,147
2014-07-05,UFC 175: Weidman vs Machida,Marcus Brimage vs. Russell Doane,Marcus Brimage,127
2014-07-05,UFC 175: Weidman vs Machida,Marcus Brimage vs. Russell Doane,Russell Doane,-127
2013-12-06,UFC Fight Night: Hunt vs Bigfoot,Mark Hunt vs. Antonio Silva,Mark Hunt,-150
2013-12-06,UFC Fight Night: Hunt vs Bigfoot,Mark Hunt vs. Antonio Silva,Antonio Silva,150
2014-09-20,UFC Fight Night: Hunt vs Nelson,Mark Hunt vs. Roy Nelson,Mark Hunt,-162
2014-09-20,UFC Fight Night: Hunt vs Nelson,Mark Hunt vs. Roy Nelson,Roy Nelson,162
2014-05-31,UFC Fight Night: Munoz vs Mousasi,Mark Munoz vs. Gegard Mousasi,Mark Munoz,106
2014-05-31,UFC Fight Night: Munoz vs Mousasi,Mark Munoz vs. Gegard Mousasi,Gegard Mousasi,-106
2015-05-16,UFC Fight Night: Edgar vs Faber,Mark Munoz vs. Luke Barnatt,Mark Munoz,107
2015-05-16,UFC Fight Night: Edgar vs Faber,Mark Munoz vs. Luke Barnatt,Luke Barnatt,-107
2015-02-28,UFC 184: Rousey vs Zingano,Mark Munoz vs. Roan Carneiro,Mark Munoz,110
2015-02-28,UFC 184: Rousey vs Zingano,Mark Munoz vs. Roan Carneiro,Roan Carneiro,-110
2013-07-06,UFC 162: Silva vs Weidman,Mark Munoz vs. Tim Boetsch,Mark Munoz,-112
2013-07-06,UFC 162: Silva vs Weidman,Mark Munoz vs. Tim Boetsch,Tim Boetsch,112
2014-05-10,UFC Fight Night: Brown vs Silva,Matt Brown vs. Erick Silva,Matt Brown,-113
2014-05-10,UFC Fight Night: Brown vs Silva,Matt Brown vs. Erick Silva,Erick Silva,113
2013-04-20,UFC on FOX: Henderson vs Melendez,Matt Brown vs. Jordan Mein,Matt Brown,103
2013-04-20,UFC on FOX: Henderson vs Melendez,Matt Brown vs. Jordan Mein,Jordan Mein,-103
2013-08-17,UFC Fight Night: Shogun vs Sonnen,Matt Brown vs. Mike Pyle,Matt Brown,-217
2013-08-17,UFC Fight Night: Shogun vs Sonnen,Matt Brown vs. Mike Pyle,Mike Pyle,217
2014-09-05,UFC Fight Night: Jacare vs Mousasi,Matt Mitrione vs. Derrick Lewis,Matt Mitrione,129
2014-09-05,UFC Fight Night: Jacare vs Mousasi,Matt Mitrione vs. Derrick Lewis,Derrick Lewis,-129
2013-04-06,UFC on FUEL TV: Mousasi vs Latifi,Matt Mitrione vs. Philip De Fries,Matt Mitrione,115
2013-04-06,UFC on FUEL TV: Mousasi vs Latifi,Matt Mitrione vs. Philip De Fries,Philip De Fries,-115
2014-03-01,UFC Fight Night: Kim vs Hathaway,Matt Mitrione vs. Shawn Jordan,Matt Mitrione,113
2014-03-01,UFC Fight Night: Kim vs Hathaway,Matt Mitrione vs. Shawn Jordan,Shawn Jordan,-113
2015-01-18,UFC Fight Night: McGregor vs Siver,Matt Van Buren vs. Sean O'Connell,Matt Van Buren,271
2015-01-18,UFC Fight Night: McGregor vs Siver,Matt Van Buren vs. Sean O'Connell,Sean O'Connell,-271
2014-11-22,UFC Fight Night: Edgar vs Swanson,Matt Wiman vs. Isaac Vallie-Flagg,Matt Wiman,-164
2014-11-22,UFC Fight Night: Edgar vs Swanson,Matt Wiman vs. Isaac Vallie-Flagg,Isaac Vallie-Flagg,164
2013-08-17,UFC Fight Night: Shogun vs Sonnen,Mauricio Rua vs. Chael Sonnen,Mauricio Rua,135
2013-08-17,UFC Fight Night: Shogun vs Sonnen,Mauricio Rua vs. Chael Sonnen,Chael Sonnen,-135
2014-03-23,UFC Fight Night: Shogun vs Henderson 2,Mauricio Rua vs. Dan Henderson,Mauricio Rua,-160
2014-03-23,UFC Fight Night: Shogun vs Henderson 2,Mauricio Rua vs. Dan Henderson,Dan Henderson,160
2013-12-06,UFC Fight Night: Hunt vs Bigfoot,Mauricio Rua vs. James Te Huna,Mauricio Rua,109
2013-12-06,UFC Fight Night: Hunt vs Bigfoot,Mauricio Rua vs. James Te Huna,James Te Huna,-109
2014-11-08,UFC Fight Night 56: Shogun vs Saint Preux,Mauricio Rua vs. Ovince Saint Preux,Mauricio Rua,-131
2014-11-08,UFC Fight Night 56: Shogun vs Saint Preux,Mauricio Rua vs. Ovince Saint Preux,Ovince Saint Preux,131
2014-04-26,UFC 172: Jones vs Teixeira,Max Holloway vs. Andre Fili,Max Holloway,-103
2014-04-26,UFC 172: Jones vs Teixeira,Max Holloway vs. Andre Fili,Andre Fili,103
2015-02-14,UFC Fight Night: Henderson vs Thatch,Max Holloway vs. Cole Miller,Max Holloway,-160
2015-02-14,UFC Fight Night: Henderson vs Thatch,Max Holloway vs. Cole Miller,Cole Miller,160
2014-09-20,UFC Fight Night: Hunt vs Nelson,Maximo Blanco vs. Dan Hooker,Maximo Blanco,127
2014-09-20,UFC Fight Night: Hunt vs Nelson,Maximo Blanco vs. Dan Hooker,Dan Hooker,-127
2012-12-29,UFC 155: Dos Santos vs Velasquez II,Melvin Guillard vs. Jamie Varner,Melvin Guillard,-106
2012-12-29,UFC 155: Dos Santos vs Velasquez II,Melvin Guillard vs. Jamie Varner,Jamie Varner,106
2013-04-27,UFC 159: Jones vs Sonnen,Michael Bisping vs. Alan Belcher,Michael Bisping,-124
2013-04-27,UFC 159: Jones vs Sonnen,Michael Bisping vs. Alan Belcher,Alan Belcher,124
2015-04-25,UFC 186: Johnson vs Horiguchi,Michael Bisping vs. CB Dollaway,Michael Bisping,127
2015-04-25,UFC 186: Johnson vs Horiguchi,Michael Bisping vs. CB Dollaway,CB Dollaway,-127
2014-08-23,UFC Fight Night: Bisping vs Le,Michael Bisping vs. Cung Le,Michael Bisping,-165
2014-08-23,UFC Fight Night: Bisping vs Le,Michael Bisping vs. Cung Le,Cung Le,165
2014-04-16,UFC Fight Night: Bisping vs Kennedy,Michael Bisping vs. Tim Kennedy,Michael Bisping,-130
2014-04-16,UFC Fight Night: Bisping vs Kennedy,Michael Bisping vs. Tim Kennedy,Tim Kennedy,130
2013-02-23,UFC 157: Rousey vs Carmouche,Michael Chiesa vs. Anton Kuivanen,Michael Chiesa,-159
2013-02-23,UFC 157: Rousey vs Carmouche,Michael Chiesa vs. Anton Kuivanen,Anton Kuivanen,159
2014-05-24,UFC 173: Barao vs Dillashaw,Michael Chiesa vs. Francisco Trinaldo,Michael Chiesa,-133
2014-05-24,UFC 173: Barao vs Dillashaw,Michael Chiesa vs. Francisco Trinaldo,Francisco Trinaldo,133
2013-07-27,UFC on FOX: Johnson vs Moraga,Michael Chiesa vs. Jorge Masvidal,Michael Chiesa,131
2013-07-27,UFC on FOX: Johnson vs Moraga,Michael Chiesa vs. Jorge Masvidal,Jorge Masvidal,-131
2015-04-04,UFC Fight Night: Mendes vs Lamas,Michael Chiesa vs. Mitch Clarke,Michael Chiesa,-165
2015-04-04,UFC Fight Night: Mendes vs Lamas,Michael Chiesa vs. Mitch Clarke,Mitch Clarke,165
2014-03-08,UFC Fight Night: Gustafsson vs Manuwa,Michael Johnson vs. Melvin Guillard,Michael Johnson,139
2014-03-08,UFC Fight Night: Gustafsson vs Manuwa,Michael Johnson vs. Melvin Guillard,Melvin Guillard,-139
2012-12-29,UFC 155: Dos Santos vs Velasquez II,Michael Johnson vs. Myles Jury,Michael Johnson,103
2012-12-29,UFC 155: Dos Santos vs Velasquez II,Michael Johnson vs. Myles Jury,Myles Jury,-103
2013-04-06,UFC on FUEL TV: Mousasi vs Latifi,Michael Kuiper vs. Tom Lawlor,Michael Kuiper,114
2013-04-06,UFC on FUEL TV: Mousasi vs Latifi,Michael Kuiper vs. Tom Lawlor,Tom Lawlor,-114
2015-02-14,UFC Fight Night: Henderson vs Thatch,Michel Prazeres vs. Kevin Lee,Michel Prazeres,130
2015-02-14,UFC Fight Night: Henderson vs Thatch,Michel Prazeres vs. Kevin Lee,Kevin Lee,-130
2014-03-23,UFC Fight Night: Shogun vs Henderson 2,Michel Prazeres vs. Mairbek Taisumov,Michel Prazeres,133
2014-03-23,UFC Fight Night: Shogun vs Henderson 2,Michel Prazeres vs. Mairbek Taisumov,Mairbek Taisumov,-133
2014-09-20,UFC Fight Night: Hunt vs Nelson,Michinori Tanaka vs. Kyung Ho Kang,Michinori Tanaka,-151
2014-09-20,UFC Fight Night: Hunt vs Nelson,Michinori Tanaka vs. Kyung Ho Kang,Kyung Ho Kang,151
2013-08-17,UFC Fight Night: Shogun vs Sonnen,Mike Brown vs. Steven Siler,Mike Brown,106
2013-08-17,UFC Fight Night: Shogun vs Sonnen,Mike Brown vs. Steven Siler,Steven Siler,-106
2013-07-06,UFC 162: Silva vs Weidman,Mike Pierce vs. David Mitchell,Mike Pierce,-124
2013-07-06,UFC 162: Silva vs Weidman,Mike Pierce vs. David Mitchell,David Mitchell,124
2015-05-23,UFC 187: Johnson vs Cormier,Mike Pyle vs. Colby Covington,Mike Pyle,272
2015-05-23,UFC 187: Johnson vs Cormier,Mike Pyle vs. Colby Covington,Colby Covington,-272
2012-12-15,The Ultimate Fighter: Team Carwin vs. Team Nelson Finale,Mike Pyle vs. James Head,Mike Pyle,114
2012-12-15,The Ultimate Fighter: Team Carwin vs. Team Nelson Finale,Mike Pyle vs. James Head,James Head,-114
2014-08-23,UFC Fight Night: Henderson vs Dos Anjos,Mike Pyle vs. Jordan Mein,Mike Pyle,218
2014-08-23,UFC Fight Night: Henderson vs Dos Anjos,Mike Pyle vs. Jordan Mein,Jordan Mein,-218
2013-05-25,UFC 160: Velasquez vs Silva 2,Mike Pyle vs. Rick Story,Mike Pyle,286
2013-05-25,UFC 160: Velasquez vs Silva 2,Mike Pyle vs. Rick Story,Rick Story,-286
2014-02-22,UFC 170: Rousey vs McMann,Mike Pyle vs. TJ Waldburger,Mike Pyle,224
2014-02-22,UFC 170: Rousey vs McMann,Mike Pyle vs. TJ Waldburger,TJ Waldburger,-224
2013-03-16,UFC 158: St-Pierre vs Diaz,Mike Ricci vs. Colin Fletcher,Mike Ricci,104
2013-03-16,UFC 158: St-Pierre vs Diaz,Mike Ricci vs. Colin Fletcher,Colin Fletcher,-104
2013-09-21,UFC 165: Jones vs Gustafsson,Mike Ricci vs. Myles Jury,Mike Ricci,142
2013-09-21,UFC 165: Jones vs Gustafsson,Mike Ricci vs. Myles Jury,Myles Jury,-142
2013-01-26,UFC on FOX: Johnson vs Dodson,Mike Russow vs. Shawn Jordan,Mike Russow,-107
2013-01-26,UFC on FOX: Johnson vs Dodson,Mike Russow vs. Shawn Jordan,Shawn Jordan,107
2013-01-26,UFC on FOX: Johnson vs Dodson,Mike Stumpf vs. Pascal Krauss,Mike Stumpf,143
2013-01-26,UFC on FOX: Johnson vs Dodson,Mike Stumpf vs. Pascal Krauss,Pascal Krauss,-143
2013-06-15,UFC 161: Evans vs Henderson,Mitch Clarke vs. John Maguire,Mitch Clarke,133
2013-06-15,UFC 161: Evans vs Henderson,Mitch Clarke vs. John Maguire,John Maguire,-133
2013-09-21,UFC 165: Jones vs Gustafsson,Mitch Gagnon vs. Dustin Kimura,Mitch Gagnon,-153
2013-09-21,UFC 165: Jones vs Gustafsson,Mitch Gagnon vs. Dustin Kimura,Dustin Kimura,153
2014-09-20,UFC Fight Night: Hunt vs Nelson,Myles Jury vs. Takanori Gomi,Myles Jury,-191
2014-09-20,UFC Fight Night: Hunt vs Nelson,Myles Jury vs. Takanori Gomi,Takanori Gomi,191
2014-03-01,UFC Fight Night: Kim vs Hathaway,Nam Phan vs. Vaughan Lee,Nam Phan,138
2014-03-01,UFC Fight Night: Kim vs Hathaway,Nam Phan vs. Vaughan Lee,Vaughan Lee,-138
2013-04-20,UFC on FOX: Henderson vs Melendez,Nate Diaz vs. Josh Thomson,Nate Diaz,-105
2013-04-20,UFC on FOX: Henderson vs Melendez,Nate Diaz vs. Josh Thomson,Josh Thomson,105
2013-10-19,UFC 166: Velasquez vs Dos Santos 3,Nate Marquardt vs. Hector Lombard,Nate Marquardt,-148
2013-10-19,UFC 166: Velasquez vs Dos Santos 3,Nate Marquardt vs. Hector Lombard,Hector Lombard,148
2014-08-23,UFC Fight Night: Henderson vs Dos Anjos,Neil Magny vs. Alex Garcia,Neil Magny,157
2014-08-23,UFC Fight Night: Henderson vs Dos Anjos,Neil Magny vs. Alex Garcia,Alex Garcia,-157
2015-02-14,UFC Fight Night: Henderson vs Thatch,Neil Magny vs. Kiichi Kunimoto,Neil Magny,-181
2015-02-14,UFC Fight Night: Henderson vs Thatch,Neil Magny vs. Kiichi Kunimoto,Kiichi Kunimoto,181
2013-11-06,UFC Fight Night: Fight for the Troops 3,Neil Magny vs. Seth Baczynski,Neil Magny,-174
2013-11-06,UFC Fight Night: Fight for the Troops 3,Neil Magny vs. Seth Baczynski,Seth Baczynski,174
2014-05-10,UFC Fight Night: Brown vs Silva,Neil Magny vs. Tim Means,Neil Magny,-122
2014-05-10,UFC Fight Night: Brown vs Silva,Neil Magny vs. Tim Means,Tim Means,122
2015-01-24,UFC on FOX: Gustafsson vs Johnson,Neil Seery vs. Chris Beal,Neil Seery,122
2015-01-24,UFC on FOX: Gustafsson vs Johnson,Neil Seery vs. Chris Beal,Chris Beal,-122
2014-07-19,UFC Fight Night: McGregor vs Brandao,Neil Seery vs. Phil Harris,Neil Seery,115
2014-07-19,UFC Fight Night: McGregor vs Brandao,Neil Seery vs. Phil Harris,Phil Harris,-115
2015-01-24,UFC on FOX: Gustafsson vs Johnson,Nicholas Musoke vs. Albert Tumenov,Nicholas Musoke,119
2015-01-24,UFC on FOX: Gustafsson vs Johnson,Nicholas Musoke vs. Albert Tumenov,Albert Tumenov,-119
2014-10-04,UFC Fight Night: Nelson vs Story,Nicholas Musoke vs. Alexander Yakovlev,Nicholas Musoke,-105
2014-10-04,UFC Fight Night: Nelson vs Story,Nicholas Musoke vs. Alexander Yakovlev,Alexander Yakovlev,105
2014-02-01,UFC 169: Barao vs Faber 2,Nick Catone vs. Tom Watson,Nick Catone,-145
2014-02-01,UFC 169: Barao vs Faber 2,Nick Catone vs. Tom Watson,Tom Watson,145
2013-12-06,UFC Fight Night: Hunt vs Bigfoot,Nick Ring vs. Caio Magalhaes,Nick Ring,120
2013-12-06,UFC Fight Night: Hunt vs Bigfoot,Nick Ring vs. Caio Magalhaes,Caio Magalhaes,-120
2013-03-16,UFC 158: St-Pierre vs Diaz,Nick Ring vs. Chris Camozzi,Nick Ring,136
2013-03-16,UFC 158: St-Pierre vs Diaz,Nick Ring vs. Chris Camozzi,Chris Camozzi,-136
2015-01-24,UFC on FOX: Gustafsson vs Johnson,Nikita Krylov vs. Stanislav Nedkov,Nikita Krylov,-108
2015-01-24,UFC on FOX: Gustafsson vs Johnson,Nikita Krylov vs. Stanislav Nedkov,Stanislav Nedkov,108
2014-10-04,UFC Fight Night: Nelson vs Story,Niklas Backstrom vs. Mike Wilkinson,Niklas Backstrom,-107
2014-10-04,UFC Fight Night: Nelson vs Story,Niklas Backstrom vs. Mike Wilkinson,Mike Wilkinson,107
2015-05-16,UFC Fight Night: Edgar vs Faber,Nolan Ticman vs. Yao Zhikui,Nolan Ticman,129
2015-05-16,UFC Fight Night: Edgar vs Faber,Nolan Ticman vs. Yao Zhikui,Yao Zhikui,-129
2015-04-25,UFC 186: Johnson vs Horiguchi,Nordine Taleb vs. Chris Clements,Nordine Taleb,-183
2015-04-25,UFC 186: Johnson vs Horiguchi,Nordine Taleb vs. Chris Clements,Chris Clements,183
2014-10-04,UFC Fight Night: MacDonald vs Saffiedine,Nordine Taleb vs. Li Jingliang,Nordine Taleb,-126
2014-10-04,UFC Fight Night: MacDonald vs Saffiedine,Nordine Taleb vs. Li Jingliang,Li Jingliang,126
2015-01-18,UFC Fight Night: McGregor vs Siver,Norman Parke vs. Gleison Tibau,Norman Parke,-122
2015-01-18,UFC Fight Night: McGregor vs Siver,Norman Parke vs. Gleison Tibau,Gleison Tibau,122
2013-10-26,UFC Fight Night: Machida vs Munoz,Norman Parke vs. Jon Tuck,Norman Parke,-158
2013-10-26,UFC Fight Night: Machida vs Munoz,Norman Parke vs. Jon Tuck,Jon Tuck,158
2013-07-06,UFC 162: Silva vs Weidman,Norman Parke vs. Kazuki Tokudome,Norman Parke,-124
2013-07-06,UFC 162: Silva vs Weidman,Norman Parke vs. Kazuki Tokudome,Kazuki Tokudome,124
2014-07-19,UFC Fight Night: McGregor vs Brandao,Norman Parke vs. Naoyuki Kotani,Norman Parke,-155
2014-07-19,UFC Fight Night: McGregor vs Brandao,Norman Parke vs. Naoyuki Kotani,Naoyuki Kotani,155
2015-04-25,UFC 186: Johnson vs Horiguchi,Olivier Aubin-Mercier vs. David Michaud,Olivier Aubin-Mercier,104
2015-04-25,UFC 186: Johnson vs Horiguchi,Olivier Aubin-Mercier vs. David Michaud,David Michaud,-104
2014-10-04,UFC Fight Night: MacDonald vs Saffiedine,Olivier Aubin-Mercier vs. Jake Lindsey,Olivier Aubin-Mercier,-115
2014-10-04,UFC Fight Night: MacDonald vs Saffiedine,Olivier Aubin-Mercier vs. Jake Lindsey,Jake Lindsey,115
2015-01-03,UFC 182: Jones vs Cormier,Omari Akhmedov vs. Mats Nilsson,Omari Akhmedov,-132
2015-01-03,UFC 182: Jones vs Cormier,Omari Akhmedov vs. Mats Nilsson,Mats Nilsson,132
2014-03-15,UFC 171: Hendricks vs Lawler,Ovince Saint Preux vs. Nikita Krylov,Ovince Saint Preux,159
2014-03-15,UFC 171: Hendricks vs Lawler,Ovince Saint Preux vs. Nikita Krylov,Nikita Krylov,-159
2015-04-18,UFC on FOX: Machida vs Rockhold,Ovince Saint Preux vs. Patrick Cummins,Ovince Saint Preux,163
2015-04-18,UFC on FOX: Machida vs Rockhold,Ovince Saint Preux vs. Patrick Cummins,Patrick Cummins,-163
2014-06-14,UFC 174: Johnson vs Bagautinov,Ovince Saint Preux vs. Ryan Jimmo,Ovince Saint Preux,109
2014-06-14,UFC 174: Johnson vs Bagautinov,Ovince Saint Preux vs. Ryan Jimmo,Ryan Jimmo,-109
2015-01-18,UFC Fight Night: McGregor vs Siver,Paddy Holohan vs. Shane Howell,Paddy Holohan,-167
2015-01-18,UFC Fight Night: McGregor vs Siver,Paddy Holohan vs. Shane Howell,Shane Howell,167
2013-04-06,UFC on FUEL TV: Mousasi vs Latifi,Papy Abedi vs. Besam Yousef,Papy Abedi,114
2013-04-06,UFC on FUEL TV: Mousasi vs Latifi,Papy Abedi vs. Besam Yousef,Besam Yousef,-114
2013-08-31,UFC 164: Henderson vs Pettis 2,Pascal Krauss vs. Hyun Gyu Lim,Pascal Krauss,-141
2013-08-31,UFC 164: Henderson vs Pettis 2,Pascal Krauss vs. Hyun Gyu Lim,Hyun Gyu Lim,141
2012-12-15,The Ultimate Fighter: Team Carwin vs. Team Nelson Finale,Pat Barry vs. Shane del Rosario,Pat Barry,121
2012-12-15,The Ultimate Fighter: Team Carwin vs. Team Nelson Finale,Pat Barry vs. Shane del Rosario,Shane del Rosario,-121
2013-06-15,UFC 161: Evans vs Henderson,Pat Barry vs. Shawn Jordan,Pat Barry,148
2013-06-15,UFC 161: Evans vs Henderson,Pat Barry vs. Shawn Jordan,Shawn Jordan,-148
2013-12-06,UFC Fight Night: Hunt vs Bigfoot,Pat Barry vs. Soa Palelei,Pat Barry,125
2013-12-06,UFC Fight Night: Hunt vs Bigfoot,Pat Barry vs. Soa Palelei,Soa Palelei,-125
2013-09-21,UFC 165: Jones vs Gustafsson,Pat Healy vs. Khabib Nurmagomedov,Pat Healy,285
2013-09-21,UFC 165: Jones vs Gustafsson,Pat Healy vs. Khabib Nurmagomedov,Khabib Nurmagomedov,-285
2015-04-25,UFC 186: Johnson vs Horiguchi,Patrick Cote vs. Joe Riggs,Patrick Cote,244
2015-04-25,UFC 186: Johnson vs Horiguchi,Patrick Cote vs. Joe Riggs,Joe Riggs,-244
2014-04-16,UFC Fight Night: Bisping vs Kennedy,Patrick Cote vs. Kyle Noke,Patrick Cote,195
2014-04-16,UFC Fight Night: Bisping vs Kennedy,Patrick Cote vs. Kyle Noke,Kyle Noke,-195
2014-09-27,UFC 178: Johnson vs Cariaso,Patrick Cote vs. Stephen Thompson,Patrick Cote,190
2014-09-27,UFC 178: Johnson vs Cariaso,Patrick Cote vs. Stephen Thompson,Stephen Thompson,-190
2013-02-16,UFC on FUEL TV: Barao vs McDonald,Paul Sass vs. Danny Castillo,Paul Sass,104
2013-02-16,UFC on FUEL TV: Barao vs McDonald,Paul Sass vs. Danny Castillo,Danny Castillo,-104
2013-11-09,UFC Fight Night: Belfort vs Henderson 2,Paulo Thiago vs. Brandon Thatch,Paulo Thiago,403
2013-11-09,UFC Fight Night: Belfort vs Henderson 2,Paulo Thiago vs. Brandon Thatch,Brandon Thatch,-403
2014-05-31,UFC Fight Night: Miocic vs Maldonado,Paulo Thiago vs. Gasan Umalatov,Paulo Thiago,106
2014-05-31,UFC Fight Night: Miocic vs Maldonado,Paulo Thiago vs. Gasan Umalatov,Gasan Umalatov,-106
2014-09-13,UFC Fight Night: Bigfoot vs Arlovski,Paulo Thiago vs. Sean Spencer,Paulo Thiago,110
2014-09-13,UFC Fight Night: Bigfoot vs Arlovski,Paulo Thiago vs. Sean Spencer,Sean Spencer,-110
2015-04-11,UFC Fight Night: Gonzaga vs Cro Cop 2,Pawel Pawlak vs. Sheldon Westcott,Pawel Pawlak,-111
2015-04-11,UFC Fight Night: Gonzaga vs Cro Cop 2,Pawel Pawlak vs. Sheldon Westcott,Sheldon Westcott,111
2014-04-26,UFC 172: Jones vs Teixeira,Phil Davis vs. Anthony Johnson,Phil Davis,121
2014-04-26,UFC 172: Jones vs Teixeira,Phil Davis vs. Anthony Johnson,Anthony Johnson,-121
2015-01-24,UFC on FOX: Gustafsson vs Johnson,Phil Davis vs. Ryan Bader,Phil Davis,109
2015-01-24,UFC on FOX: Gustafsson vs Johnson,Phil Davis vs. Ryan Bader,Ryan Bader,-109
2013-04-27,UFC 159: Jones vs Sonnen,Phil Davis vs. Vinny Magalhaes,Phil Davis,-146
2013-04-27,UFC 159: Jones vs Sonnen,Phil Davis vs. Vinny Magalhaes,Vinny Magalhaes,146
2013-10-26,UFC Fight Night: Machida vs Munoz,Phil Harris vs. John Lineker,Phil Harris,122
2013-10-26,UFC Fight Night: Machida vs Munoz,Phil Harris vs. John Lineker,John Lineker,-122
2013-02-16,UFC on FUEL TV: Barao vs McDonald,Phil Harris vs. Ulysses Gomez,Phil Harris,-256
2013-02-16,UFC on FUEL TV: Barao vs McDonald,Phil Harris vs. Ulysses Gomez,Ulysses Gomez,256
2012-12-29,UFC 155: Dos Santos vs Velasquez II,Philip De Fries vs. Todd Duffee,Philip De Fries,105
2012-12-29,UFC 155: Dos Santos vs Velasquez II,Philip De Fries vs. Todd Duffee,Todd Duffee,-105
2015-05-16,UFC Fight Night: Edgar vs Faber,Phillipe Nover vs. Yui Chul Nam,Phillipe Nover,125
2015-05-16,UFC Fight Night: Edgar vs Faber,Phillipe Nover vs. Yui Chul Nam,Yui Chul Nam,-125
2013-11-09,UFC Fight Night: Belfort vs Henderson 2,Rafael Cavalcante vs. Igor Pokrajac,Rafael Cavalcante,105
2013-11-09,UFC Fight Night: Belfort vs Henderson 2,Rafael Cavalcante vs. Igor Pokrajac,Igor Pokrajac,-105
2014-06-07,UFC Fight Night: Henderson vs Khabilov,Rafael Dos Anjos vs. Jason High,Rafael Dos Anjos,-115
2014-06-07,UFC Fight Night: Henderson vs Khabilov,Rafael Dos Anjos vs. Jason High,Jason High,115
2014-04-19,UFC on FOX: Werdum vs Browne,Rafael Dos Anjos vs. Khabib Nurmagomedov,Rafael Dos Anjos,211
2014-04-19,UFC on FOX: Werdum vs Browne,Rafael Dos Anjos vs. Khabib Nurmagomedov,Khabib Nurmagomedov,-211
2014-12-13,UFC on FOX: Dos Santos vs Miocic,Rafael Dos Anjos vs. Nate Diaz,Rafael Dos Anjos,-109
2014-12-13,UFC on FOX: Dos Santos vs Miocic,Rafael Dos Anjos vs. Nate Diaz,Nate Diaz,109
2014-09-05,UFC Fight Night: Jacare vs Mousasi,Rafael Natal vs. Chris Camozzi,Rafael Natal,-112
2014-09-05,UFC Fight Night: Jacare vs Mousasi,Rafael Natal vs. Chris Camozzi,Chris Camozzi,112
2015-01-31,UFC 183: Silva vs Diaz,Rafael Natal vs. Tom Watson,Rafael Natal,-128
2015-01-31,UFC 183: Silva vs Diaz,Rafael Natal vs. Tom Watson,Tom Watson,128
2013-09-04,UFC Fight Night: Teixeira vs Bader,Rafael Natal vs. Tor Troeng,Rafael Natal,118
2013-09-04,UFC Fight Night: Teixeira vs Bader,Rafael Natal vs. Tor Troeng,Tor Troeng,-118
2014-02-22,UFC 170: Rousey vs McMann,Rafaello Oliveira vs. Erik Koch,Rafaello Oliveira,-102
2014-02-22,UFC 170: Rousey vs McMann,Rafaello Oliveira vs. Erik Koch,Erik Koch,102
2014-01-25,UFC on FOX: Henderson vs Thomson,Ramiro Hernandez vs. Hugo Viana,Ramiro Hernandez,140
2014-01-25,UFC on FOX: Henderson vs Thomson,Ramiro Hernandez vs. Hugo Viana,Hugo Viana,-140
2014-04-11,UFC Fight Night: Minotauro vs Nelson,Ramsey Nijem vs. Beneil Dariush,Ramsey Nijem,-201
2014-04-11,UFC Fight Night: Minotauro vs Nelson,Ramsey Nijem vs. Beneil Dariush,Beneil Dariush,201
2014-08-30,UFC 177: Dillashaw vs Soto,Ramsey Nijem vs. Diego Ferreira,Ramsey Nijem,-189
2014-08-30,UFC 177: Dillashaw vs Soto,Ramsey Nijem vs. Diego Ferreira,Diego Ferreira,189
2014-01-15,UFC Fight Night: Rockhold vs Philippou,Ramsey Nijem vs. Justin Edwards,Ramsey Nijem,-218
2014-01-15,UFC Fight Night: Rockhold vs Philippou,Ramsey Nijem vs. Justin Edwards,Justin Edwards,218
2013-04-20,UFC on FOX: Henderson vs Melendez,Ramsey Nijem vs. Myles Jury,Ramsey Nijem,-107
2013-04-20,UFC on FOX: Henderson vs Melendez,Ramsey Nijem vs. Myles Jury,Myles Jury,107
2014-09-13,UFC Fight Night: Bigfoot vs Arlovski,Rani Yahya vs. Johnny Bedford,Rani Yahya,123
2014-09-13,UFC Fight Night: Bigfoot vs Arlovski,Rani Yahya vs. Johnny Bedford,Johnny Bedford,-123
2013-08-03,UFC 163: Aldo vs Jung,Rani Yahya vs. Josh Clopton,Rani Yahya,-109
2013-08-03,UFC 163: Aldo vs Jung,Rani Yahya vs. Josh Clopton,Josh Clopton,109
2014-10-04,UFC Fight Night: MacDonald vs Saffiedine,Raphael Assuncao vs. Bryan Caraway,Raphael Assuncao,-146
2014-10-04,UFC Fight Night: MacDonald vs Saffiedine,Raphael Assuncao vs. Bryan Caraway,Bryan Caraway,146
2013-10-09,UFC Fight Night: Maia vs Shields,Raphael Assuncao vs. TJ Dillashaw,Raphael Assuncao,123
2013-10-09,UFC Fight Night: Maia vs Shields,Raphael Assuncao vs. TJ Dillashaw,TJ Dillashaw,-123
2013-06-08,UFC on FUEL TV: Nogueira vs. Werdum,Raphael Assuncao vs. Vaughan Lee,Raphael Assuncao,-131
2013-06-08,UFC on FUEL TV: Nogueira vs. Werdum,Raphael Assuncao vs. Vaughan Lee,Vaughan Lee,131
2013-11-16,UFC 167: St-Pierre vs Hendricks,Rashad Evans vs. Chael Sonnen,Rashad Evans,159
2013-11-16,UFC 167: St-Pierre vs Hendricks,Rashad Evans vs. Chael Sonnen,Chael Sonnen,-159
2013-06-15,UFC 161: Evans vs Henderson,Rashad Evans vs. Dan Henderson,Rashad Evans,-162
2013-06-15,UFC 161: Evans vs Henderson,Rashad Evans vs. Dan Henderson,Dan Henderson,162
2013-02-02,UFC 156: Aldo vs Edgar,Rashad Evans vs. Rogerio Nogueira,Rashad Evans,-137
2013-02-02,UFC 156: Aldo vs Edgar,Rashad Evans vs. Rogerio Nogueira,Rogerio Nogueira,137
2015-02-14,UFC Fight Night: Henderson vs Thatch,Ray Borg vs. Chris Kelades,Ray Borg,-182
2015-02-14,UFC Fight Night: Henderson vs Thatch,Ray Borg vs. Chris Kelades,Chris Kelades,182
2013-09-21,UFC 165: Jones vs Gustafsson,Renan Barao vs. Eddie Wineland,Renan Barao,-149
2013-09-21,UFC 165: Jones vs Gustafsson,Renan Barao vs. Eddie Wineland,Eddie Wineland,149
2013-02-16,UFC on FUEL TV: Barao vs McDonald,Renan Barao vs. Michael McDonald,Renan Barao,112
2013-02-16,UFC on FUEL TV: Barao vs McDonald,Renan Barao vs. Michael McDonald,Michael McDonald,-112
2014-12-20,UFC Fight Night: Machida vs Dollaway,Renan Barao vs. Mitch Gagnon,Renan Barao,126
2014-12-20,UFC Fight Night: Machida vs Dollaway,Renan Barao vs. Mitch Gagnon,Mitch Gagnon,-126
2014-05-24,UFC 173: Barao vs Dillashaw,Renan Barao vs. TJ Dillashaw,Renan Barao,-108
2014-05-24,UFC 173: Barao vs Dillashaw,Renan Barao vs. TJ Dillashaw,TJ Dillashaw,108
2014-02-01,UFC 169: Barao vs Faber 2,Renan Barao vs. Urijah Faber,Renan Barao,-119
2014-02-01,UFC 169: Barao vs Faber 2,Renan Barao vs. Urijah Faber,Urijah Faber,119
2012-12-15,The Ultimate Fighter: Team Carwin vs. Team Nelson Finale,Reuben Duran vs. Hugo Viana,Reuben Duran,-114
2012-12-15,The Ultimate Fighter: Team Carwin vs. Team Nelson Finale,Reuben Duran vs. Hugo Viana,Hugo Viana,114
2013-04-06,UFC on FUEL TV: Mousasi vs Latifi,Reza Madadi vs. Michael Johnson,Reza Madadi,-103
2013-04-06,UFC on FUEL TV: Mousasi vs Latifi,Reza Madadi vs. Michael Johnson,Michael Johnson,103
2015-06-06,UFC Fight Night: Boetsch vs Henderson,Ricardo Abreu vs. Jake Collier,Ricardo Abreu,156
2015-06-06,UFC Fight Night: Boetsch vs Henderson,Ricardo Abreu vs. Jake Collier,Jake Collier,-156
2014-11-15,UFC 180: Werdum vs Hunt,Ricardo Lamas vs. Dennis Bermudez,Ricardo Lamas,169
2014-11-15,UFC 180: Werdum vs Hunt,Ricardo Lamas vs. Dennis Bermudez,Dennis Bermudez,-169
2014-06-28,UFC Fight Night: Swanson vs Stephens,Ricardo Lamas vs. Hacran Dias,Ricardo Lamas,121
2014-06-28,UFC Fight Night: Swanson vs Stephens,Ricardo Lamas vs. Hacran Dias,Hacran Dias,-121
2015-01-31,UFC 183: Silva vs Diaz,Richardson Moreira vs. Ildemar Alcantara,Richardson Moreira,100
2015-01-31,UFC 183: Silva vs Diaz,Richardson Moreira vs. Ildemar Alcantara,Ildemar Alcantara,-100
2014-11-07,UFC Fight Night: Rockhold vs Bisping,Richie Vaculik vs. Louis Smolka,Richie Vaculik,129
2014-11-07,UFC Fight Night: Rockhold vs Bisping,Richie Vaculik vs. Louis Smolka,Louis Smolka,-129
2014-07-16,UFC Fight Night: Cowboy vs Miller,Rick Story vs. Leonardo Mafra,Rick Story,-203
2014-07-16,UFC Fight Night: Cowboy vs Miller,Rick Story vs. Leonardo Mafra,Leonardo Mafra,203
2013-03-02,UFC on FUEL TV: Silva vs. Stann,Riki Fukuda vs. Brad Tavares,Riki Fukuda,102
2013-03-02,UFC on FUEL TV: Silva vs. Stann,Riki Fukuda vs. Brad Tavares,Brad Tavares,-102
2013-07-27,UFC on FOX: Johnson vs Moraga,Robbie Lawler vs. Bobby Voelker,Robbie Lawler,-105
2013-07-27,UFC on FOX: Johnson vs Moraga,Robbie Lawler vs. Bobby Voelker,Bobby Voelker,105
2014-05-24,UFC 173: Barao vs Dillashaw,Robbie Lawler vs. Jake Ellenberger,Robbie Lawler,150
2014-05-24,UFC 173: Barao vs Dillashaw,Robbie Lawler vs. Jake Ellenberger,Jake Ellenberger,-150
2014-07-26,UFC on FOX: Lawler vs Brown,Robbie Lawler vs. Matt Brown,Robbie Lawler,152
2014-07-26,UFC on FOX: Lawler vs Brown,Robbie Lawler vs. Matt Brown,Matt Brown,-152
2013-12-28,UFC 168: Weidman vs Silva 2,Robert Peralta vs. Estevan Payan,Robert Peralta,-153
2013-12-28,UFC 168: Weidman vs Silva 2,Robert Peralta vs. Estevan Payan,Estevan Payan,153
2014-11-07,UFC Fight Night: Rockhold vs Bisping,Robert Whittaker vs. Clint Hester,Robert Whittaker,105
2014-11-07,UFC Fight Night: Rockhold vs Bisping,Robert Whittaker vs. Clint Hester,Clint Hester,-105
2014-06-28,UFC Fight Night: Te Huna vs Marquardt,Robert Whittaker vs. Mike Rhodes,Robert Whittaker,101
2014-06-28,UFC Fight Night: Te Huna vs Marquardt,Robert Whittaker vs. Mike Rhodes,Mike Rhodes,-101
2014-02-22,UFC 170: Rousey vs McMann,Robert Whittaker vs. Stephen Thompson,Robert Whittaker,-108
2014-02-22,UFC 170: Rousey vs McMann,Robert Whittaker vs. Stephen Thompson,Stephen Thompson,108
2014-02-15,UFC Fight Night: Machida vs Mousasi,Rodrigo Damm vs. Ivan Jorge,Rodrigo Damm,111
2014-02-15,UFC Fight Night: Machida vs Mousasi,Rodrigo Damm vs. Ivan Jorge,Ivan Jorge,-111
2013-06-08,UFC on FUEL TV: Nogueira vs. Werdum,Rodrigo Damm vs. Mizuto Hirota,Rodrigo Damm,-102
2013-06-08,UFC on FUEL TV: Nogueira vs. Werdum,Rodrigo Damm vs. Mizuto Hirota,Mizuto Hirota,102
2014-05-31,UFC Fight Night: Miocic vs Maldonado,Rodrigo Damm vs. Rashid Magomedov,Rodrigo Damm,111
2014-05-31,UFC Fight Night: Miocic vs Maldonado,Rodrigo Damm vs. Rashid Magomedov,Rashid Magomedov,-111
2013-09-21,UFC 165: Jones vs Gustafsson,Roland Delorme vs. Alex Caceres,Roland Delorme,117
2013-09-21,UFC 165: Jones vs Gustafsson,Roland Delorme vs. Alex Caceres,Alex Caceres,-117
2013-06-15,UFC 161: Evans vs Henderson,Roland Delorme vs. Edwin Figueroa,Roland Delorme,-137
2013-06-15,UFC 161: Evans vs Henderson,Roland Delorme vs. Edwin Figueroa,Edwin Figueroa,137
2015-05-16,UFC Fight Night: Edgar vs Faber,Roldan Sangcha'an vs. Jon Delos Reyes,Roldan Sangcha'an,-119
2015-05-16,UFC Fight Night: Edgar vs Faber,Roldan Sangcha'an vs. Jon Delos Reyes,Jon Delos Reyes,119
2015-04-04,UFC Fight Night: Mendes vs Lamas,Ron Stallings vs. Justin Jones,Ron Stallings,155
2015-04-04,UFC Fight Night: Mendes vs Lamas,Ron Stallings vs. Justin Jones,Justin Jones,-155
2013-01-19,UFC on FX: Belfort vs Bisping,Ronny Markes vs. Andrew Craig,Ronny Markes,-186
2013-01-19,UFC on FX: Belfort vs Bisping,Ronny Markes vs. Andrew Craig,Andrew Craig,186
2014-03-23,UFC Fight Night: Shogun vs Henderson 2,Ronny Markes vs. Thiago Santos,Ronny Markes,-153
2014-03-23,UFC Fight Night: Shogun vs Henderson 2,Ronny Markes vs. Thiago Santos,Thiago Santos,153
2013-11-06,UFC Fight Night: Fight for the Troops 3,Ronny Markes vs. Yoel Romero,Ronny Markes,-100
2013-11-06,UFC Fight Night: Fight for the Troops 3,Ronny Markes vs. Yoel Romero,Yoel Romero,100
2013-11-09,UFC Fight Night: Belfort vs Henderson 2,Rony Jason vs. Jeremy Stephens,Rony Jason,124
2013-11-09,UFC Fight Night: Belfort vs Henderson 2,Rony Jason vs. Jeremy Stephens,Jeremy Stephens,-124
2013-06-08,UFC on FUEL TV: Nogueira vs. Werdum,Rony Jason vs. Mike Wilkinson,Rony Jason,-127
2013-06-08,UFC on FUEL TV: Nogueira vs. Werdum,Rony Jason vs. Mike Wilkinson,Mike Wilkinson,127
2014-05-31,UFC Fight Night: Miocic vs Maldonado,Rony Jason vs. Robert Peralta,Rony Jason,121
2014-05-31,UFC Fight Night: Miocic vs Maldonado,Rony Jason vs. Robert Peralta,Robert Peralta,-121
2014-03-23,UFC Fight Night: Shogun vs Henderson 2,Rony Jason vs. Steven Siler,Rony Jason,107
2014-03-23,UFC Fight Night: Shogun vs Henderson 2,Rony Jason vs. Steven Siler,Steven Siler,-107
2014-02-22,UFC 170: Rousey vs McMann,Rory MacDonald vs. Demian Maia,Rory MacDonald,-147
2014-02-22,UFC 170: Rousey vs McMann,Rory MacDonald vs. Demian Maia,Demian Maia,147
2013-07-27,UFC on FOX: Johnson vs Moraga,Rory MacDonald vs. Jake Ellenberger,Rory MacDonald,-110
2013-07-27,UFC on FOX: Johnson vs Moraga,Rory MacDonald vs. Jake Ellenberger,Jake Ellenberger,110
2013-11-16,UFC 167: St-Pierre vs Hendricks,Rory MacDonald vs. Robbie Lawler,Rory MacDonald,-162
2013-11-16,UFC 167: St-Pierre vs Hendricks,Rory MacDonald vs. Robbie Lawler,Robbie Lawler,162
2014-10-04,UFC Fight Night: MacDonald vs Saffiedine,Rory MacDonald vs. Tarec Saffiedine,Rory MacDonald,-182
2014-10-04,UFC Fight Night: MacDonald vs Saffiedine,Rory MacDonald vs. Tarec Saffiedine,Tarec Saffiedine,182
2014-06-14,UFC 174: Johnson vs Bagautinov,Rory MacDonald vs. Tyron Woodley,Rory MacDonald,-153
2014-06-14,UFC 174: Johnson vs Bagautinov,Rory MacDonald vs. Tyron Woodley,Tyron Woodley,153
2014-11-07,UFC Fight Night: Rockhold vs Bisping,Ross Pearson vs. Al Iaquinta,Ross Pearson,101
2014-11-07,UFC Fight Night: Rockhold vs Bisping,Ross Pearson vs. Al Iaquinta,Al Iaquinta,-101
2015-03-14,UFC 185: Pettis vs Dos Anjos,Ross Pearson vs. Sam Stout,Ross Pearson,-189
2015-03-14,UFC 185: Pettis vs Dos Anjos,Ross Pearson vs. Sam Stout,Sam Stout,189
2013-10-09,UFC Fight Night: Maia vs Shields,Rousimar Palhares vs. Mike Pierce,Rousimar Palhares,125
2013-10-09,UFC Fight Night: Maia vs Shields,Rousimar Palhares vs. Mike Pierce,Mike Pierce,-125
2015-03-14,UFC 185: Pettis vs Dos Anjos,Roy Nelson vs. Alistair Overeem,Roy Nelson,212
2015-03-14,UFC 185: Pettis vs Dos Anjos,Roy Nelson vs. Alistair Overeem,Alistair Overeem,-212
2013-04-27,UFC 159: Jones vs Sonnen,Roy Nelson vs. Cheick Kongo,Roy Nelson,190
2013-04-27,UFC 159: Jones vs Sonnen,Roy Nelson vs. Cheick Kongo,Cheick Kongo,-190
2012-12-15,The Ultimate Fighter: Team Carwin vs. Team Nelson Finale,Roy Nelson vs. Matt Mitrione,Roy Nelson,169
2012-12-15,The Ultimate Fighter: Team Carwin vs. Team Nelson Finale,Roy Nelson vs. Matt Mitrione,Matt Mitrione,-169
2013-06-15,UFC 161: Evans vs Henderson,Roy Nelson vs. Stipe Miocic,Roy Nelson,178
2013-06-15,UFC 161: Evans vs Henderson,Roy Nelson vs. Stipe Miocic,Stipe Miocic,-178
2014-08-30,UFC 177: Dillashaw vs Soto,Ruan Potts vs. Anthony Hamilton,Ruan Potts,138
2014-08-30,UFC 177: Dillashaw vs Soto,Ruan Potts vs. Anthony Hamilton,Anthony Hamilton,-138
2015-02-22,UFC Fight Night: Bigfoot vs Mir,Rustam Khabilov vs. Adriano Martins,Rustam Khabilov,-130
2015-02-22,UFC Fight Night: Bigfoot vs Mir,Rustam Khabilov vs. Adriano Martins,Adriano Martins,130
2013-12-06,UFC Fight Night: Hunt vs Bigfoot,Ryan Bader vs. Anthony Perosh,Ryan Bader,-131
2013-12-06,UFC Fight Night: Hunt vs Bigfoot,Ryan Bader vs. Anthony Perosh,Anthony Perosh,131
2014-08-16,UFC Fight Night: Bader vs Saint Preux,Ryan Bader vs. Ovince Saint Preux,Ryan Bader,-159
2014-08-16,UFC Fight Night: Bader vs Saint Preux,Ryan Bader vs. Ovince Saint Preux,Ovince Saint Preux,159
2014-06-14,UFC 174: Johnson vs Bagautinov,Ryan Bader vs. Rafael Cavalcante,Ryan Bader,-205
2014-06-14,UFC 174: Johnson vs Bagautinov,Ryan Bader vs. Rafael Cavalcante,Rafael Cavalcante,205
2013-01-26,UFC on FOX: Johnson vs Dodson,Ryan Bader vs. Vladimir Matyushenko,Ryan Bader,-112
2013-01-26,UFC on FOX: Johnson vs Dodson,Ryan Bader vs. Vladimir Matyushenko,Vladimir Matyushenko,112
2013-08-31,UFC 164: Henderson vs Pettis 2,Ryan Couture vs. Al Iaquinta,Ryan Couture,112
2013-08-31,UFC 164: Henderson vs Pettis 2,Ryan Couture vs. Al Iaquinta,Al Iaquinta,-112
2013-06-15,UFC 161: Evans vs Henderson,Ryan Jimmo vs. Igor Pokrajac,Ryan Jimmo,-118
2013-06-15,UFC 161: Evans vs Henderson,Ryan Jimmo vs. Igor Pokrajac,Igor Pokrajac,118
2014-08-23,UFC Fight Night: Bisping vs Le,Sai Wang vs. Danny Mitchell,Sai Wang,110
2014-08-23,UFC Fight Night: Bisping vs Le,Sai Wang vs. Danny Mitchell,Danny Mitchell,-110
2013-04-13,The Ultimate Fighter: Team Jones vs. Team Sonnen Finale,Sam Sicilia vs. Maximo Blanco,Sam Sicilia,111
2013-04-13,The Ultimate Fighter: Team Jones vs. Team Sonnen Finale,Sam Sicilia vs. Maximo Blanco,Maximo Blanco,-111
2013-12-14,UFC on FOX: Johnson vs. Benavidez 2,Sam Stout vs. Cody McKenzie,Sam Stout,168
2013-12-14,UFC on FOX: Johnson vs. Benavidez 2,Sam Stout vs. Cody McKenzie,Cody McKenzie,-168
2014-04-16,UFC Fight Night: Bisping vs Kennedy,Sam Stout vs. KJ Noons,Sam Stout,114
2014-04-16,UFC Fight Night: Bisping vs Kennedy,Sam Stout vs. KJ Noons,KJ Noons,-114
2015-02-22,UFC Fight Night: Bigfoot vs Mir,Santiago Ponzinibbio vs. Sean Strickland,Santiago Ponzinibbio,170
2015-02-22,UFC Fight Night: Bigfoot vs Mir,Santiago Ponzinibbio vs. Sean Strickland,Sean Strickland,-170
2014-06-07,UFC Fight Night: Henderson vs Khabilov,Scott Jorgensen vs. Danny Martinez,Scott Jorgensen,131
2014-06-07,UFC Fight Night: Henderson vs Khabilov,Scott Jorgensen vs. Danny Martinez,Danny Martinez,-131
2014-10-25,UFC 179: Aldo vs Mendes 2,Scott Jorgensen vs. Wilson Reis,Scott Jorgensen,137
2014-10-25,UFC 179: Aldo vs Mendes 2,Scott Jorgensen vs. Wilson Reis,Wilson Reis,-137
2013-06-15,UFC 161: Evans vs Henderson,Sean Pierson vs. Kenny Robertson,Sean Pierson,110
2013-06-15,UFC 161: Evans vs Henderson,Sean Pierson vs. Kenny Robertson,Kenny Robertson,-110
2014-09-05,UFC Fight Night: Jacare vs Mousasi,Sean Soriano vs. Chas Skelly,Sean Soriano,127
2014-09-05,UFC Fight Night: Jacare vs Mousasi,Sean Soriano vs. Chas Skelly,Chas Skelly,-127
2014-03-15,UFC 171: Hendricks vs Lawler,Sean Spencer vs. Alex Garcia,Sean Spencer,135
2014-03-15,UFC 171: Hendricks vs Lawler,Sean Spencer vs. Alex Garcia,Alex Garcia,-135
2013-08-03,UFC 163: Aldo vs Jung,Sergio Moraes vs. Neil Magny,Sergio Moraes,166
2013-08-03,UFC 163: Aldo vs Jung,Sergio Moraes vs. Neil Magny,Neil Magny,-166
2014-12-06,UFC 181: Hendricks vs Lawler II,Sergio Pettis vs. Matt Hobar,Sergio Pettis,-111
2014-12-06,UFC 181: Hendricks vs Lawler II,Sergio Pettis vs. Matt Hobar,Matt Hobar,111
2015-03-14,UFC 185: Pettis vs Dos Anjos,Sergio Pettis vs. Ryan Benoit,Sergio Pettis,-148
2015-03-14,UFC 185: Pettis vs Dos Anjos,Sergio Pettis vs. Ryan Benoit,Ryan Benoit,148
2015-04-11,UFC Fight Night: Gonzaga vs Cro Cop 2,Seth Baczynski vs. Leon Edwards,Seth Baczynski,160
2015-04-11,UFC Fight Night: Gonzaga vs Cro Cop 2,Seth Baczynski vs. Leon Edwards,Leon Edwards,-160
2015-06-06,UFC Fight Night: Boetsch vs Henderson,Shawn Jordan vs. Derrick Lewis,Shawn Jordan,-110
2015-06-06,UFC Fight Night: Boetsch vs Henderson,Shawn Jordan vs. Derrick Lewis,Derrick Lewis,110
2014-08-16,UFC Fight Night: Bader vs Saint Preux,Shawn Jordan vs. Jack May,Shawn Jordan,-126
2014-08-16,UFC Fight Night: Bader vs Saint Preux,Shawn Jordan vs. Jack May,Jack May,126
2013-01-26,UFC on FOX: Johnson vs Dodson,Simeon Thoresen vs. David Mitchell,Simeon Thoresen,-125
2013-01-26,UFC on FOX: Johnson vs Dodson,Simeon Thoresen vs. David Mitchell,David Mitchell,125
2014-06-28,UFC Fight Night: Te Huna vs Marquardt,Soa Palelei vs. Jared Rosholt,Soa Palelei,129
2014-06-28,UFC Fight Night: Te Huna vs Marquardt,Soa Palelei vs. Jared Rosholt,Jared Rosholt,-129
2014-11-07,UFC Fight Night: Rockhold vs Bisping,Soa Palelei vs. Walt Harris,Soa Palelei,-104
2014-11-07,UFC Fight Night: Rockhold vs Bisping,Soa Palelei vs. Walt Harris,Walt Harris,104
2013-03-02,UFC on FUEL TV: Silva vs. Stann,Stefan Struve vs. Mark Hunt,Stefan Struve,136
2013-03-02,UFC on FUEL TV: Silva vs. Stann,Stefan Struve vs. Mark Hunt,Mark Hunt,-136
2013-05-25,UFC 160: Velasquez vs Silva 2,Stephen Thompson vs. Nah-Shon Burrell,Stephen Thompson,118
2013-05-25,UFC 160: Velasquez vs Silva 2,Stephen Thompson vs. Nah-Shon Burrell,Nah-Shon Burrell,-118
2014-07-26,UFC on FOX: Lawler vs Brown,Steven Siler vs. Noad Lahat,Steven Siler,-104
2014-07-26,UFC on FOX: Lawler vs Brown,Steven Siler vs. Noad Lahat,Noad Lahat,104
2014-05-31,UFC Fight Night: Miocic vs Maldonado,Stipe Miocic vs. Fabio Maldonado,Stipe Miocic,-114
2014-05-31,UFC Fight Night: Miocic vs Maldonado,Stipe Miocic vs. Fabio Maldonado,Fabio Maldonado,114
2014-01-25,UFC on FOX: Henderson vs Thomson,Stipe Miocic vs. Gabriel Gonzaga,Stipe Miocic,102
2014-01-25,UFC on FOX: Henderson vs Thomson,Stipe Miocic vs. Gabriel Gonzaga,Gabriel Gonzaga,-102
2015-05-09,UFC Fight Night: Miocic vs Hunt,Stipe Miocic vs. Mark Hunt,Stipe Miocic,-119
2015-05-09,UFC Fight Night: Miocic vs Hunt,Stipe Miocic vs. Mark Hunt,Mark Hunt,119
2013-04-20,UFC on FOX: Henderson vs Melendez,TJ Dillashaw vs. Hugo Viana,TJ Dillashaw,-155
2013-04-20,UFC on FOX: Henderson vs Melendez,TJ Dillashaw vs. Hugo Viana,Hugo Viana,155
2013-03-16,UFC 158: St-Pierre vs Diaz,TJ Dillashaw vs. Issei Tamura,TJ Dillashaw,-154
2013-03-16,UFC 158: St-Pierre vs Diaz,TJ Dillashaw vs. Issei Tamura,Issei Tamura,154
2014-01-15,UFC Fight Night: Rockhold vs Philippou,TJ Dillashaw vs. Mike Easton,TJ Dillashaw,-129
2014-01-15,UFC Fight Night: Rockhold vs Philippou,TJ Dillashaw vs. Mike Easton,Mike Easton,129
2013-01-26,UFC on FOX: Johnson vs Dodson,TJ Grant vs. Matt Wiman,TJ Grant,101
2013-01-26,UFC on FOX: Johnson vs Dodson,TJ Grant vs. Matt Wiman,Matt Wiman,-101
2013-10-19,UFC 166: Velasquez vs Dos Santos 3,TJ Waldburger vs. Adlan Amagov,TJ Waldburger,136
2013-10-19,UFC 166: Velasquez vs Dos Santos 3,TJ Waldburger vs. Adlan Amagov,Adlan Amagov,-136
2012-12-15,The Ultimate Fighter: Team Carwin vs. Team Nelson Finale,TJ Waldburger vs. Nick Catone,TJ Waldburger,-115
2012-12-15,The Ultimate Fighter: Team Carwin vs. Team Nelson Finale,TJ Waldburger vs. Nick Catone,Nick Catone,115
2015-05-16,UFC Fight Night: Edgar vs Faber,Tae Hyun Bang vs. Jon Tuck,Tae Hyun Bang,-120
2015-05-16,UFC Fight Night: Edgar vs Faber,Tae Hyun Bang vs. Jon Tuck,Jon Tuck,120
2013-03-02,UFC on FUEL TV: Silva vs. Stann,Takanori Gomi vs. Diego Sanchez,Takanori Gomi,130
2013-03-02,UFC on FUEL TV: Silva vs. Stann,Takanori Gomi vs. Diego Sanchez,Diego Sanchez,-130
2014-04-26,UFC 172: Jones vs Teixeira,Takanori Gomi vs. Isaac Vallie-Flagg,Takanori Gomi,-123
2014-04-26,UFC 172: Jones vs Teixeira,Takanori Gomi vs. Isaac Vallie-Flagg,Isaac Vallie-Flagg,123
2013-03-02,UFC on FUEL TV: Silva vs. Stann,Takeya Mizugaki vs. Bryan Caraway,Takeya Mizugaki,117
2013-03-02,UFC on FUEL TV: Silva vs. Stann,Takeya Mizugaki vs. Bryan Caraway,Bryan Caraway,-117
2013-08-28,UFC Fight Night: Condit vs Kampmann 2,Takeya Mizugaki vs. Erik Perez,Takeya Mizugaki,129
2013-08-28,UFC Fight Night: Condit vs Kampmann 2,Takeya Mizugaki vs. Erik Perez,Erik Perez,-129
2014-05-24,UFC 173: Barao vs Dillashaw,Takeya Mizugaki vs. Francisco Rivera,Takeya Mizugaki,-114
2014-05-24,UFC 173: Barao vs Dillashaw,Takeya Mizugaki vs. Francisco Rivera,Francisco Rivera,114
2013-12-06,UFC Fight Night: Hunt vs Bigfoot,Takeya Mizugaki vs. Nam Phan,Takeya Mizugaki,-148
2013-12-06,UFC Fight Night: Hunt vs Bigfoot,Takeya Mizugaki vs. Nam Phan,Nam Phan,148
2015-01-18,UFC Fight Night: McGregor vs Siver,Tateki Matsuda vs. Joby Sanchez,Tateki Matsuda,126
2015-01-18,UFC Fight Night: McGregor vs Siver,Tateki Matsuda vs. Joby Sanchez,Joby Sanchez,-126
2013-02-16,UFC on FUEL TV: Barao vs McDonald,Terry Etim vs. Renee Forte,Terry Etim,-106
2013-02-16,UFC on FUEL TV: Barao vs McDonald,Terry Etim vs. Renee Forte,Renee Forte,106
2015-01-31,UFC 183: Silva vs Diaz,Thales Leites vs. Tim Boetsch,Thales Leites,-128
2015-01-31,UFC 183: Silva vs Diaz,Thales Leites vs. Tim Boetsch,Tim Boetsch,128
2013-08-03,UFC 163: Aldo vs Jung,Thales Leites vs. Tom Watson,Thales Leites,101
2013-08-03,UFC 163: Aldo vs Jung,Thales Leites vs. Tom Watson,Tom Watson,-101
2014-04-11,UFC Fight Night: Minotauro vs Nelson,Thales Leites vs. Trevor Smith,Thales Leites,100
2014-04-11,UFC Fight Night: Minotauro vs Nelson,Thales Leites vs. Trevor Smith,Trevor Smith,-100
2014-04-19,UFC on FOX: Werdum vs Browne,Thiago Alves vs. Seth Baczynski,Thiago Alves,-159
2014-04-19,UFC on FOX: Werdum vs Browne,Thiago Alves vs. Seth Baczynski,Seth Baczynski,159
2014-03-23,UFC Fight Night: Shogun vs Henderson 2,Thiago Perpetuo vs. Kenny Robertson,Thiago Perpetuo,-153
2014-03-23,UFC Fight Night: Shogun vs Henderson 2,Thiago Perpetuo vs. Kenny Robertson,Kenny Robertson,153
2015-01-31,UFC 183: Silva vs Diaz,Thiago Santos vs. Andy Enz,Thiago Santos,102
2015-01-31,UFC 183: Silva vs Diaz,Thiago Santos vs. Andy Enz,Andy Enz,-102
2013-10-09,UFC Fight Night: Maia vs Shields,Thiago Silva vs. Matt Hamill,Thiago Silva,109
2013-10-09,UFC Fight Night: Maia vs Shields,Thiago Silva vs. Matt Hamill,Matt Hamill,-109
2013-11-09,UFC Fight Night: Belfort vs Henderson 2,Thiago Tavares vs. Justin Salas,Thiago Tavares,-107
2013-11-09,UFC Fight Night: Belfort vs Henderson 2,Thiago Tavares vs. Justin Salas,Justin Salas,107
2013-01-19,UFC on FX: Belfort vs Bisping,Thiago Tavares vs. Khabib Nurmagomedov,Thiago Tavares,-113
2013-01-19,UFC on FX: Belfort vs Bisping,Thiago Tavares vs. Khabib Nurmagomedov,Khabib Nurmagomedov,113
2014-08-16,UFC Fight Night: Bader vs Saint Preux,Thiago Tavares vs. Robert Peralta,Thiago Tavares,-115
2014-08-16,UFC Fight Night: Bader vs Saint Preux,Thiago Tavares vs. Robert Peralta,Robert Peralta,115
2015-02-22,UFC Fight Night: Bigfoot vs Mir,Tiago dos Santos e Silva vs. Mike de la Torre,Tiago dos Santos e Silva,-106
2015-02-22,UFC Fight Night: Bigfoot vs Mir,Tiago dos Santos e Silva vs. Mike de la Torre,Mike de la Torre,106
2014-08-16,UFC Fight Night: Bader vs Saint Preux,Tim Boetsch vs. Brad Tavares,Tim Boetsch,141
2014-08-16,UFC Fight Night: Bader vs Saint Preux,Tim Boetsch vs. Brad Tavares,Brad Tavares,-141
2013-10-19,UFC 166: Velasquez vs Dos Santos 3,Tim Boetsch vs. CB Dollaway,Tim Boetsch,137
2013-10-19,UFC 166: Velasquez vs Dos Santos 3,Tim Boetsch vs. CB Dollaway,CB Dollaway,-137
2012-12-29,UFC 155: Dos Santos vs Velasquez II,Tim Boetsch vs. Constantinos Philippou,Tim Boetsch,-125
2012-12-29,UFC 155: Dos Santos vs Velasquez II,Tim Boetsch vs. Constantinos Philippou,Constantinos Philippou,125
2015-06-06,UFC Fight Night: Boetsch vs Henderson,Tim Boetsch vs. Dan Henderson,Tim Boetsch,-139
2015-06-06,UFC Fight Night: Boetsch vs Henderson,Tim Boetsch vs. Dan Henderson,Dan Henderson,139
2013-11-16,UFC 167: St-Pierre vs Hendricks,Tim Elliott vs. Ali Bagautinov,Tim Elliott,-115
2013-11-16,UFC 167: St-Pierre vs Hendricks,Tim Elliott vs. Ali Bagautinov,Ali Bagautinov,115
2013-11-06,UFC Fight Night: Fight for the Troops 3,Tim Kennedy vs. Rafael Natal,Tim Kennedy,136
2013-11-06,UFC Fight Night: Fight for the Troops 3,Tim Kennedy vs. Rafael Natal,Rafael Natal,-136
2014-09-27,UFC 178: Johnson vs Cariaso,Tim Kennedy vs. Yoel Romero,Tim Kennedy,106
2014-09-27,UFC 178: Johnson vs Cariaso,Tim Kennedy vs. Yoel Romero,Yoel Romero,-106
2014-12-06,UFC 181: Hendricks vs Lawler II,Todd Duffee vs. Anthony Hamilton,Todd Duffee,120
2014-12-06,UFC 181: Hendricks vs Lawler II,Todd Duffee vs. Anthony Hamilton,Anthony Hamilton,-120
2013-02-16,UFC on FUEL TV: Barao vs McDonald,Tom Watson vs. Stanislav Nedkov,Tom Watson,140
2013-02-16,UFC on FUEL TV: Barao vs McDonald,Tom Watson vs. Stanislav Nedkov,Stanislav Nedkov,-140
2014-12-06,UFC 181: Hendricks vs Lawler II,Tony Ferguson vs. Abel Trujillo,Tony Ferguson,109
2014-12-06,UFC 181: Hendricks vs Lawler II,Tony Ferguson vs. Abel Trujillo,Abel Trujillo,-109
2014-08-30,UFC 177: Dillashaw vs Soto,Tony Ferguson vs. Danny Castillo,Tony Ferguson,114
2014-08-30,UFC 177: Dillashaw vs Soto,Tony Ferguson vs. Danny Castillo,Danny Castillo,-114
2015-02-28,UFC 184: Rousey vs Zingano,Tony Ferguson vs. Gleison Tibau,Tony Ferguson,-119
2015-02-28,UFC 184: Rousey vs Zingano,Tony Ferguson vs. Gleison Tibau,Gleison Tibau,119
2014-05-24,UFC 173: Barao vs Dillashaw,Tony Ferguson vs. Katsunori Kikuno,Tony Ferguson,124
2014-05-24,UFC 173: Barao vs Dillashaw,Tony Ferguson vs. Katsunori Kikuno,Katsunori Kikuno,-124
2013-10-19,UFC 166: Velasquez vs Dos Santos 3,Tony Ferguson vs. Mike Rio,Tony Ferguson,-102
2013-10-19,UFC 166: Velasquez vs Dos Santos 3,Tony Ferguson vs. Mike Rio,Mike Rio,102
2014-10-04,UFC Fight Night: Nelson vs Story,Tor Troeng vs. Krzysztof Jotko,Tor Troeng,125
2014-10-04,UFC Fight Night: Nelson vs Story,Tor Troeng vs. Krzysztof Jotko,Krzysztof Jotko,-125
2014-07-19,UFC Fight Night: McGregor vs Brandao,Tor Troeng vs. Trevor Smith,Tor Troeng,-101
2014-07-19,UFC Fight Night: McGregor vs Brandao,Tor Troeng vs. Trevor Smith,Trevor Smith,101
2015-05-23,UFC 187: Johnson vs Cormier,Travis Browne vs. Andrei Arlovski,Travis Browne,131
2015-05-23,UFC 187: Johnson vs Cormier,Travis Browne vs. Andrei Arlovski,Andrei Arlovski,-131
2014-12-06,UFC 181: Hendricks vs Lawler II,Travis Browne vs. Brendan Schaub,Travis Browne,169
2014-12-06,UFC 181: Hendricks vs Lawler II,Travis Browne vs. Brendan Schaub,Brendan Schaub,-169
2013-04-13,The Ultimate Fighter: Team Jones vs. Team Sonnen Finale,Travis Browne vs. Gabriel Gonzaga,Travis Browne,129
2013-04-13,The Ultimate Fighter: Team Jones vs. Team Sonnen Finale,Travis Browne vs. Gabriel Gonzaga,Gabriel Gonzaga,-129
2014-01-15,UFC Fight Night: Rockhold vs Philippou,Trevor Smith vs. Brian Houston,Trevor Smith,-131
2014-01-15,UFC Fight Night: Rockhold vs Philippou,Trevor Smith vs. Brian Houston,Brian Houston,131
2014-08-23,UFC Fight Night: Bisping vs Le,Tyron Woodley vs. Dong Hyun Kim,Tyron Woodley,129
2014-08-23,UFC Fight Night: Bisping vs Le,Tyron Woodley vs. Dong Hyun Kim,Dong Hyun Kim,-129
2015-01-31,UFC 183: Silva vs Diaz,Tyron Woodley vs. Kelvin Gastelum,Tyron Woodley,142
2015-01-31,UFC 183: Silva vs Diaz,Tyron Woodley vs. Kelvin Gastelum,Kelvin Gastelum,-142
2013-08-17,UFC Fight Night: Shogun vs Sonnen,Uriah Hall vs. John Howard,Uriah Hall,-119
2013-08-17,UFC Fight Night: Shogun vs Sonnen,Uriah Hall vs. John Howard,John Howard,119
2015-05-23,UFC 187: Johnson vs Cormier,Uriah Hall vs. Rafael Natal,Uriah Hall,118
2015-05-23,UFC 187: Johnson vs Cormier,Uriah Hall vs. Rafael Natal,Rafael Natal,-118
2014-07-05,UFC 175: Weidman vs Machida,Uriah Hall vs. Thiago Santos,Uriah Hall,-126
2014-07-05,UFC 175: Weidman vs Machida,Uriah Hall vs. Thiago Santos,Thiago Santos,126
2014-07-05,UFC 175: Weidman vs Machida,Urijah Faber vs. Alex Caceres,Urijah Faber,132
2014-07-05,UFC 175: Weidman vs Machida,Urijah Faber vs. Alex Caceres,Alex Caceres,-132
2014-12-06,UFC 181: Hendricks vs Lawler II,Urijah Faber vs. Francisco Rivera,Urijah Faber,102
2014-12-06,UFC 181: Hendricks vs Lawler II,Urijah Faber vs. Francisco Rivera,Francisco Rivera,-102
2013-08-17,UFC Fight Night: Shogun vs Sonnen,Urijah Faber vs. Iuri Alcantara,Urijah Faber,-108
2013-08-17,UFC Fight Night: Shogun vs Sonnen,Urijah Faber vs. Iuri Alcantara,Iuri Alcantara,108
2013-02-23,UFC 157: Rousey vs Carmouche,Urijah Faber vs. Ivan Menjivar,Urijah Faber,-102
2013-02-23,UFC 157: Rousey vs Carmouche,Urijah Faber vs. Ivan Menjivar,Ivan Menjivar,102
2013-12-14,UFC on FOX: Johnson vs. Benavidez 2,Urijah Faber vs. Michael McDonald,Urijah Faber,124
2013-12-14,UFC on FOX: Johnson vs. Benavidez 2,Urijah Faber vs. Michael McDonald,Michael McDonald,-124
2013-04-13,The Ultimate Fighter: Team Jones vs. Team Sonnen Finale,Urijah Faber vs. Scott Jorgensen,Urijah Faber,-103
2013-04-13,The Ultimate Fighter: Team Jones vs. Team Sonnen Finale,Urijah Faber vs. Scott Jorgensen,Scott Jorgensen,103
2014-05-31,UFC Fight Night: Munoz vs Mousasi,Vaughan Lee vs. Iuri Alcantara,Vaughan Lee,-118
2014-05-31,UFC Fight Night: Munoz vs Mousasi,Vaughan Lee vs. Iuri Alcantara,Iuri Alcantara,118
2013-02-16,UFC on FUEL TV: Barao vs McDonald,Vaughan Lee vs. Motonobu Tezuka,Vaughan Lee,-107
2013-02-16,UFC on FUEL TV: Barao vs McDonald,Vaughan Lee vs. Motonobu Tezuka,Motonobu Tezuka,107
2015-05-09,UFC Fight Night: Miocic vs Hunt,Vik Grujic vs. Brendan O'Reilly,Vik Grujic,131
2015-05-09,UFC Fight Night: Miocic vs Hunt,Vik Grujic vs. Brendan O'Reilly,Brendan O'Reilly,-131
2014-11-07,UFC Fight Night: Rockhold vs Bisping,Vik Grujic vs. Chris Clements,Vik Grujic,100
2014-11-07,UFC Fight Night: Rockhold vs Bisping,Vik Grujic vs. Chris Clements,Chris Clements,-100
2014-01-15,UFC Fight Night: Rockhold vs Philippou,Vinc Pichel vs. Garett Whiteley,Vinc Pichel,122
2014-01-15,UFC Fight Night: Rockhold vs Philippou,Vinc Pichel vs. Garett Whiteley,Garett Whiteley,-122
2013-08-03,UFC 163: Aldo vs Jung,Vinny Magalhaes vs. Anthony Perosh,Vinny Magalhaes,-120
2013-08-03,UFC 163: Aldo vs Jung,Vinny Magalhaes vs. Anthony Perosh,Anthony Perosh,120
2014-02-15,UFC Fight Night: Machida vs Mousasi,Viscardi Andrade vs. Nicholas Musoke,Viscardi Andrade,-161
2014-02-15,UFC Fight Night: Machida vs Mousasi,Viscardi Andrade vs. Nicholas Musoke,Nicholas Musoke,161
2013-11-09,UFC Fight Night: Belfort vs Henderson 2,Vitor Belfort vs. Dan Henderson,Vitor Belfort,-152
2013-11-09,UFC Fight Night: Belfort vs Henderson 2,Vitor Belfort vs. Dan Henderson,Dan Henderson,152
2013-01-19,UFC on FX: Belfort vs Bisping,Vitor Belfort vs. Michael Bisping,Vitor Belfort,127
2013-01-19,UFC on FX: Belfort vs Bisping,Vitor Belfort vs. Michael Bisping,Michael Bisping,-127
2014-11-08,UFC Fight Night 56: Shogun vs Saint Preux,Wagner Silva vs. Colby Covington,Wagner Silva,343
2014-11-08,UFC Fight Night 56: Shogun vs Saint Preux,Wagner Silva vs. Colby Covington,Colby Covington,-343
2014-01-25,UFC on FOX: Henderson vs Thomson,Walt Harris vs. Nikita Krylov,Walt Harris,142
2014-01-25,UFC on FOX: Henderson vs Thomson,Walt Harris vs. Nikita Krylov,Nikita Krylov,-142
2013-03-02,UFC on FUEL TV: Silva vs. Stann,Wanderlei Silva vs. Brian Stann,Wanderlei Silva,120
2013-03-02,UFC on FUEL TV: Silva vs. Stann,Wanderlei Silva vs. Brian Stann,Brian Stann,-120
2014-11-08,UFC Fight Night 56: Shogun vs Saint Preux,Warlley Alves vs. Alan Jouban,Warlley Alves,-204
2014-11-08,UFC Fight Night 56: Shogun vs Saint Preux,Warlley Alves vs. Alan Jouban,Alan Jouban,204
2014-03-15,UFC 171: Hendricks vs Lawler,Will Campuzano vs. Justin Scoggins,Will Campuzano,310
2014-03-15,UFC 171: Hendricks vs Lawler,Will Campuzano vs. Justin Scoggins,Justin Scoggins,-310
2013-12-28,UFC 168: Weidman vs Silva 2,William Macario vs. Bobby Voelker,William Macario,-192
2013-12-28,UFC 168: Weidman vs Silva 2,William Macario vs. Bobby Voelker,Bobby Voelker,192
2015-02-22,UFC Fight Night: Bigfoot vs Mir,William Macario vs. Matt Dwyer,William Macario,-175
2015-02-22,UFC Fight Night: Bigfoot vs Mir,William Macario vs. Matt Dwyer,Matt Dwyer,175
2014-10-25,UFC 179: Aldo vs Mendes 2,William Macario vs. Neil Magny,William Macario,-132
2014-10-25,UFC 179: Aldo vs Mendes 2,William Macario vs. Neil Magny,Neil Magny,132
2015-06-13,UFC 188: Velasquez vs Werdum,Yair Rodriguez vs. Charles Rosa,Yair Rodriguez,-137
2015-06-13,UFC 188: Velasquez vs Werdum,Yair Rodriguez vs. Charles Rosa,Charles Rosa,137
2014-10-25,UFC 179: Aldo vs Mendes 2,Yan Cabral vs. Naoyuki Kotani,Yan Cabral,-169
2014-10-25,UFC 179: Aldo vs Mendes 2,Yan Cabral vs. Naoyuki Kotani,Naoyuki Kotani,169
2014-05-10,UFC Fight Night: Brown vs Silva,Yan Cabral vs. Zak Cummings,Yan Cabral,-125
2014-05-10,UFC Fight Night: Brown vs Silva,Yan Cabral vs. Zak Cummings,Zak Cummings,125
2014-06-07,UFC Fight Night: Henderson vs Khabilov,Yaotzin Meza vs. Sergio Pettis,Yaotzin Meza,187
2014-06-07,UFC Fight Night: Henderson vs Khabilov,Yaotzin Meza vs. Sergio Pettis,Sergio Pettis,-187
2014-01-15,UFC Fight Night: Rockhold vs Philippou,Yoel Romero vs. Derek Brunson,Yoel Romero,120
2014-01-15,UFC Fight Night: Rockhold vs Philippou,Yoel Romero vs. Derek Brunson,Derek Brunson,-120
2014-09-20,UFC Fight Night: Hunt vs Nelson,Yoshihiro Akiyama vs. Amir Sadollah,Yoshihiro Akiyama,131
2014-09-20,UFC Fight Night: Hunt vs Nelson,Yoshihiro Akiyama vs. Amir Sadollah,Amir Sadollah,-131
2013-09-04,UFC Fight Night: Teixeira vs Bader,Yuri Villefort vs. Sean Spencer,Yuri Villefort,-143
2013-09-04,UFC Fight Night: Teixeira vs Bader,Yuri Villefort vs. Sean Spencer,Sean Spencer,143
2012-12-29,UFC 155: Dos Santos vs Velasquez II,Yushin Okami vs. Alan Belcher,Yushin Okami,-116
2012-12-29,UFC 155: Dos Santos vs Velasquez II,Yushin Okami vs. Alan Belcher,Alan Belcher,116
2013-03-02,UFC on FUEL TV: Silva vs. Stann,Yushin Okami vs. Hector Lombard,Yushin Okami,-154
2013-03-02,UFC on FUEL TV: Silva vs. Stann,Yushin Okami vs. Hector Lombard,Hector Lombard,154
2013-09-04,UFC Fight Night: Teixeira vs Bader,Yushin Okami vs. Jacare Souza,Yushin Okami,134
2013-09-04,UFC Fight Night: Teixeira vs Bader,Yushin Okami vs. Jacare Souza,Jacare Souza,-134
2014-11-22,UFC Fight Night: Edgar vs Swanson,Yves Edwards vs. Akbarh Arreola,Yves Edwards,-109
2014-11-22,UFC Fight Night: Edgar vs Swanson,Yves Edwards vs. Akbarh Arreola,Akbarh Arreola,109
2013-07-27,UFC on FOX: Johnson vs Moraga,Yves Edwards vs. Daron Cruickshank,Yves Edwards,111
2013-07-27,UFC on FOX: Johnson vs Moraga,Yves Edwards vs. Daron Cruickshank,Daron Cruickshank,-111
2014-06-07,UFC Fight Night: Henderson vs Khabilov,Yves Edwards vs. Piotr Hallmann,Yves Edwards,118
2014-06-07,UFC Fight Night: Henderson vs Khabilov,Yves Edwards vs. Piotr Hallmann,Piotr Hallmann,-118
2013-06-15,UFC 161: Evans vs Henderson,Yves Jabouin vs. Dustin Pague,Yves Jabouin,-110
2013-06-15,UFC 161: Evans vs Henderson,Yves Jabouin vs. Dustin Pague,Dustin Pague,110
2014-06-14,UFC 174: Johnson vs Bagautinov,Yves Jabouin vs. Mike Easton,Yves Jabouin,105
2014-06-14,UFC 174: Johnson vs Bagautinov,Yves Jabouin vs. Mike Easton,Mike Easton,-105
2015-04-25,UFC 186: Johnson vs Horiguchi,Yves Jabouin vs. Thomas Almeida,Yves Jabouin,128
2015-04-25,UFC 186: Johnson vs Horiguchi,Yves Jabouin vs. Thomas Almeida,Thomas Almeida,-128
2014-02-22,UFC 170: Rousey vs McMann,Zach Makovsky vs. Josh Sampo,Zach Makovsky,108
2014-02-22,UFC 170: Rousey vs McMann,Zach Makovsky vs. Josh Sampo,Josh Sampo,-108
2015-02-14,UFC Fight Night: Henderson vs Thatch,Zach Makovsky vs. Tim Elliott,Zach Makovsky,122
2015-02-14,UFC Fight Night: Henderson vs Thatch,Zach Makovsky vs. Tim Elliott,Tim Elliott,-122
2015-01-18,UFC Fight Night: McGregor vs Siver,Zhang Lipeng vs. Chris Wade,Zhang Lipeng,227
2015-01-18,UFC Fight Night: McGregor vs Siver,Zhang Lipeng vs. Chris Wade,Chris Wade,-227
2015-05-16,UFC Fight Night: Edgar vs Faber,Zhang Lipeng vs. Kajan Johnson,Zhang Lipeng,106
2015-05-16,UFC Fight Night: Edgar vs Faber,Zhang Lipeng vs. Kajan Johnson,Kajan Johnson,-106
2014-10-04,UFC Fight Night: Nelson vs Story,Zubaira Tukhugov vs. Ernest Chavez,Zubaira Tukhugov,-165
2014-10-04,UFC Fight Night: Nelson vs Story,Zubaira Tukhugov vs. Ernest Chavez,Ernest Chavez,165
