DATE,EVENT,BOUT,FIGHTER,odds
2018-09-08,UFC 228: Woodley vs. Till,Abdul Razak Alhassan vs. Niko Price,Abdul Razak Alhassan,119
2018-09-08,UFC 228: Woodley vs. Till,Abdul Razak Alhassan vs. Niko Price,Niko Price,-119
2018-12-15,UFC Fight Night: Lee vs. Iaquinta,Adam Milstead vs. Mike Rodriguez,Adam Milstead,-141
2018-12-15,UFC Fight Night: Lee vs. Iaquinta,Adam Milstead vs. Mike Rodriguez,Mike Rodriguez,141
2018-11-03,UFC 230: Cormier vs. Lewis,Adam Wieczorek vs. Marcos Rogerio de Lima,Adam Wieczorek,-133
2018-11-03,UFC 230: Cormier vs. Lewis,Adam Wieczorek vs. Marcos Rogerio de Lima,Marcos Rogerio de Lima,133
2017-11-04,UFC 217: Bisping vs. St-Pierre,Aiemann Zahabi vs. Ricardo Ramos,Aiemann Zahabi,265
2017-11-04,UFC 217: Bisping vs. St-Pierre,Aiemann Zahabi vs. Ricardo Ramos,Ricardo Ramos,-265
2019-05-04,UFC Fight Night: Iaquinta vs. Cowboy,Aiemann Zahabi vs. Vince Morales,Aiemann Zahabi,-103
2019-05-04,UFC Fight Night: Iaquinta vs. Cowboy,Aiemann Zahabi vs. Vince Morales,Vince Morales,103
2019-10-05,UFC 243: Whittaker vs. Adesanya,Al Iaquinta vs. Dan Hooker,Al Iaquinta,-126
2019-10-05,UFC 243: Whittaker vs. Adesanya,Al Iaquinta vs. Dan Hooker,Dan Hooker,126
2019-05-04,UFC Fight Night: Iaquinta vs. Cowboy,Al Iaquinta vs. Donald Cerrone,Al Iaquinta,-159
2019-05-04,UFC Fight Night: Iaquinta vs. Cowboy,Al Iaquinta vs. Donald Cerrone,Donald Cerrone,159
2019-04-13,UFC 236: Holloway vs. Poirier 2,Alan Jouban vs. Dwight Grant,Alan Jouban,105
2019-04-13,UFC 236: Holloway vs. Poirier 2,Alan Jouban vs. Dwight Grant,Dwight Grant,-105
2018-02-03,UFC Fight Night: Machida vs. Anders,Alan Patrick vs. Damir Hadzovic,Alan Patrick,-183
2018-02-03,UFC Fight Night: Machida vs. Anders,Alan Patrick vs. Damir Hadzovic,Damir Hadzovic,183
2019-12-21,UFC Fight Night: Edgar vs. The Korean Zombie,Alatengheili vs. Ryan Benoit,Alatengheili,-180
2019-12-21,UFC Fight Night: Edgar vs. The Korean Zombie,Alatengheili vs. Ryan Benoit,Ryan Benoit,180
2018-05-12,UFC 224: Nunes vs. Pennington,Alberto Mina vs. Ramazan Emeev,Alberto Mina,190
2018-05-12,UFC 224: Nunes vs. Pennington,Alberto Mina vs. Ramazan Emeev,Ramazan Emeev,-190
2017-12-09,UFC Fight Night: Swanson vs. Ortega,Alejandro Perez vs. Iuri Alcantara,Alejandro Perez,-183
2017-12-09,UFC Fight Night: Swanson vs. Ortega,Alejandro Perez vs. Iuri Alcantara,Iuri Alcantara,183
2019-07-06,UFC 239: Jones vs. Santos,Alejandro Perez vs. Song Yadong,Alejandro Perez,324
2019-07-06,UFC 239: Jones vs. Santos,Alejandro Perez vs. Song Yadong,Song Yadong,-324
2017-11-04,UFC 217: Bisping vs. St-Pierre,Aleksei Oleinik vs. Curtis Blaydes,Aleksei Oleinik,264
2017-11-04,UFC 217: Bisping vs. St-Pierre,Aleksei Oleinik vs. Curtis Blaydes,Curtis Blaydes,-264
2018-05-12,UFC 224: Nunes vs. Pennington,Aleksei Oleinik vs. Junior Albini,Aleksei Oleinik,164
2018-05-12,UFC 224: Nunes vs. Pennington,Aleksei Oleinik vs. Junior Albini,Junior Albini,-164
2020-01-18,UFC 246: McGregor vs. Cowboy,Aleksei Oleinik vs. Maurice Greene,Aleksei Oleinik,168
2020-01-18,UFC 246: McGregor vs. Cowboy,Aleksei Oleinik vs. Maurice Greene,Maurice Greene,-168
2019-07-20,UFC Fight Night: Dos Anjos vs. Edwards,Aleksei Oleinik vs. Walt Harris,Aleksei Oleinik,183
2019-07-20,UFC Fight Night: Dos Anjos vs. Edwards,Aleksei Oleinik vs. Walt Harris,Walt Harris,-183
2019-09-28,UFC Fight Night: Hermansson vs. Cannonier,Alen Amedovski vs. John Phillips,Alen Amedovski,-107
2019-09-28,UFC Fight Night: Hermansson vs. Cannonier,Alen Amedovski vs. John Phillips,John Phillips,107
2018-07-06,The Ultimate Fighter: Undefeated Finale,Alessio Di Chirico vs. Julian Marquez,Alessio Di Chirico,-176
2018-07-06,The Ultimate Fighter: Undefeated Finale,Alessio Di Chirico vs. Julian Marquez,Julian Marquez,176
2017-12-16,UFC Fight Night: Lawler vs. Dos Anjos,Alessio Di Chirico vs. Oluwale Bamgbose,Alessio Di Chirico,-248
2017-12-16,UFC Fight Night: Lawler vs. Dos Anjos,Alessio Di Chirico vs. Oluwale Bamgbose,Oluwale Bamgbose,248
2018-07-06,The Ultimate Fighter: Undefeated Finale,Alex Caceres vs. Martin Bravo,Alex Caceres,-125
2018-07-06,The Ultimate Fighter: Undefeated Finale,Alex Caceres vs. Martin Bravo,Martin Bravo,125
2019-07-20,UFC Fight Night: Dos Anjos vs. Edwards,Alex Caceres vs. Steven Peterson,Alex Caceres,-175
2019-07-20,UFC Fight Night: Dos Anjos vs. Edwards,Alex Caceres vs. Steven Peterson,Steven Peterson,175
2018-10-27,UFC Fight Night: Oezdemir vs. Smith,Alex Garcia vs. Court McGee,Alex Garcia,101
2018-10-27,UFC Fight Night: Oezdemir vs. Smith,Alex Garcia vs. Court McGee,Court McGee,-101
2019-03-09,UFC Fight Night: Lewis vs. Dos Santos,Alex Morono vs. Zak Ottow,Alex Morono,-224
2019-03-09,UFC Fight Night: Lewis vs. Dos Santos,Alex Morono vs. Zak Ottow,Zak Ottow,224
2018-09-22,UFC Fight Night: Marreta vs. Anders,Alex Oliveira vs. Carlo Pedersoli Jr.,Alex Oliveira,-153
2018-09-22,UFC Fight Night: Marreta vs. Anders,Alex Oliveira vs. Carlo Pedersoli Jr.,Carlo Pedersoli Jr.,153
2018-12-08,UFC 231: Holloway vs. Ortega,Alex Oliveira vs. Gunnar Nelson,Alex Oliveira,-508
2018-12-08,UFC 231: Holloway vs. Ortega,Alex Oliveira vs. Gunnar Nelson,Gunnar Nelson,508
2019-04-27,UFC Fight Night: Jacare vs. Hermansson,Alex Oliveira vs. Mike Perry,Alex Oliveira,-159
2019-04-27,UFC Fight Night: Jacare vs. Hermansson,Alex Oliveira vs. Mike Perry,Mike Perry,159
2017-12-02,UFC 218: Holloway vs. Aldo 2,Alex Oliveira vs. Yancy Medeiros,Alex Oliveira,-248
2017-12-02,UFC 218: Holloway vs. Aldo 2,Alex Oliveira vs. Yancy Medeiros,Yancy Medeiros,248
2018-08-04,UFC 227: Dillashaw vs. Garbrandt 2,Alex Perez vs. Jose Torres,Alex Perez,-179
2018-08-04,UFC 227: Dillashaw vs. Garbrandt 2,Alex Perez vs. Jose Torres,Jose Torres,179
2019-03-30,UFC Fight Night: Barboza vs. Gaethje,Alex Perez vs. Mark De La Rosa,Alex Perez,-103
2019-03-30,UFC Fight Night: Barboza vs. Gaethje,Alex Perez vs. Mark De La Rosa,Mark De La Rosa,103
2019-03-09,UFC Fight Night: Lewis vs. Dos Santos,Alex White vs. Dan Moret,Alex White,-161
2019-03-09,UFC Fight Night: Lewis vs. Dos Santos,Alex White vs. Dan Moret,Dan Moret,161
2019-10-26,UFC Fight Night: Maia vs. Askren,Alex White vs. Rafael Fiziev,Alex White,-268
2019-10-26,UFC Fight Night: Maia vs. Askren,Alex White vs. Rafael Fiziev,Rafael Fiziev,268
2019-06-01,UFC Fight Night: Gustafsson vs. Smith,Alexander Gustafsson vs. Anthony Smith,Alexander Gustafsson,-232
2019-06-01,UFC Fight Night: Gustafsson vs. Smith,Alexander Gustafsson vs. Anthony Smith,Anthony Smith,232
2019-01-19,UFC Fight Night: Cejudo vs. Dillashaw,Alexander Hernandez vs. Donald Cerrone,Alexander Hernandez,-204
2019-01-19,UFC Fight Night: Cejudo vs. Dillashaw,Alexander Hernandez vs. Donald Cerrone,Donald Cerrone,204
2019-07-20,UFC Fight Night: Dos Anjos vs. Edwards,Alexander Hernandez vs. Francisco Trinaldo,Alexander Hernandez,-122
2019-07-20,UFC Fight Night: Dos Anjos vs. Edwards,Alexander Hernandez vs. Francisco Trinaldo,Francisco Trinaldo,122
2018-07-28,UFC Fight Night: Alvarez vs. Poirier 2,Alexander Hernandez vs. Olivier Aubin-Mercier,Alexander Hernandez,105
2018-07-28,UFC Fight Night: Alvarez vs. Poirier 2,Alexander Hernandez vs. Olivier Aubin-Mercier,Olivier Aubin-Mercier,-105
2018-02-10,UFC 221: Romero vs. Rockhold,Alexander Volkanovski vs. Jeremy Kennedy,Alexander Volkanovski,-111
2018-02-10,UFC 221: Romero vs. Rockhold,Alexander Volkanovski vs. Jeremy Kennedy,Jeremy Kennedy,111
2019-11-09,UFC Fight Night: Zabit vs. Kattar,Alexander Volkov vs. Greg Hardy,Alexander Volkov,-114
2019-11-09,UFC Fight Night: Zabit vs. Kattar,Alexander Volkov vs. Greg Hardy,Greg Hardy,114
2019-11-09,UFC Fight Night: Zabit vs. Kattar,Alexander Yakovlev vs. Roosevelt Roberts,Alexander Yakovlev,210
2019-11-09,UFC Fight Night: Zabit vs. Kattar,Alexander Yakovlev vs. Roosevelt Roberts,Roosevelt Roberts,-210
2019-07-27,UFC 240: Holloway vs. Edgar,Alexandre Pantoja vs. Deiveson Figueiredo,Alexandre Pantoja,-126
2019-07-27,UFC 240: Holloway vs. Edgar,Alexandre Pantoja vs. Deiveson Figueiredo,Deiveson Figueiredo,126
2019-12-21,UFC Fight Night: Edgar vs. The Korean Zombie,Alexandre Pantoja vs. Matt Schnell,Alexandre Pantoja,100
2019-12-21,UFC Fight Night: Edgar vs. The Korean Zombie,Alexandre Pantoja vs. Matt Schnell,Matt Schnell,-100
2018-11-17,UFC Fight Night: Magny vs. Ponzinibbio,Alexandre Pantoja vs. Yuta Sasaki,Alexandre Pantoja,-149
2018-11-17,UFC Fight Night: Magny vs. Ponzinibbio,Alexandre Pantoja vs. Yuta Sasaki,Yuta Sasaki,149
2019-04-20,UFC Fight Night: Overeem vs. Oleinik,Alistair Overeem vs. Aleksei Oleinik,Alistair Overeem,-220
2019-04-20,UFC Fight Night: Overeem vs. Oleinik,Alistair Overeem vs. Aleksei Oleinik,Aleksei Oleinik,220
2018-06-09,UFC 225: Whittaker vs. Romero 2,Alistair Overeem vs. Curtis Blaydes,Alistair Overeem,192
2018-06-09,UFC 225: Whittaker vs. Romero 2,Alistair Overeem vs. Curtis Blaydes,Curtis Blaydes,-192
2017-12-02,UFC 218: Holloway vs. Aldo 2,Alistair Overeem vs. Francis Ngannou,Alistair Overeem,114
2017-12-02,UFC 218: Holloway vs. Aldo 2,Alistair Overeem vs. Francis Ngannou,Francis Ngannou,-114
2019-12-07,UFC Fight Night: Overeem vs. Rozenstruik,Alistair Overeem vs. Jairzinho Rozenstruik,Alistair Overeem,-110
2019-12-07,UFC Fight Night: Overeem vs. Rozenstruik,Alistair Overeem vs. Jairzinho Rozenstruik,Jairzinho Rozenstruik,110
2019-06-22,UFC Fight Night: Moicano vs. The Korean Zombie,Allen Crowder vs. Jairzinho Rozenstruik,Allen Crowder,118
2019-06-22,UFC Fight Night: Moicano vs. The Korean Zombie,Allen Crowder vs. Jairzinho Rozenstruik,Jairzinho Rozenstruik,-118
2019-06-29,UFC Fight Night: Ngannou vs. Dos Santos,Alonzo Menifield vs. Paul Craig,Alonzo Menifield,-160
2019-06-29,UFC Fight Night: Ngannou vs. Dos Santos,Alonzo Menifield vs. Paul Craig,Paul Craig,160
2019-06-22,UFC Fight Night: Moicano vs. The Korean Zombie,Andre Ewell vs. Anderson Dos Santos,Andre Ewell,-140
2019-06-22,UFC Fight Night: Moicano vs. The Korean Zombie,Andre Ewell vs. Anderson Dos Santos,Anderson Dos Santos,140
2020-02-08,UFC 247: Jones vs. Reyes,Andre Ewell vs. Jonathan Martinez,Andre Ewell,188
2020-02-08,UFC 247: Jones vs. Reyes,Andre Ewell vs. Jonathan Martinez,Jonathan Martinez,-188
2019-02-17,UFC Fight Night: Ngannou vs. Velasquez,Andre Fili vs. Myles Jury,Andre Fili,185
2019-02-17,UFC Fight Night: Ngannou vs. Velasquez,Andre Fili vs. Myles Jury,Myles Jury,-185
2019-07-13,UFC Fight Night: De Randamie vs. Ladd,Andre Fili vs. Sheymon Moraes,Andre Fili,-129
2019-07-13,UFC Fight Night: De Randamie vs. Ladd,Andre Fili vs. Sheymon Moraes,Sheymon Moraes,129
2020-01-18,UFC 246: McGregor vs. Cowboy,Andre Fili vs. Sodiq Yusuff,Andre Fili,157
2020-01-18,UFC 246: McGregor vs. Cowboy,Andre Fili vs. Sodiq Yusuff,Sodiq Yusuff,-157
2019-04-27,UFC Fight Night: Jacare vs. Hermansson,Andrei Arlovski vs. Augusto Sakai,Andrei Arlovski,228
2019-04-27,UFC Fight Night: Jacare vs. Hermansson,Andrei Arlovski vs. Augusto Sakai,Augusto Sakai,-228
2019-07-20,UFC Fight Night: Dos Anjos vs. Edwards,Andrei Arlovski vs. Ben Rothwell,Andrei Arlovski,-210
2019-07-20,UFC Fight Night: Dos Anjos vs. Edwards,Andrei Arlovski vs. Ben Rothwell,Ben Rothwell,210
2019-11-02,UFC 244: Masvidal vs. Diaz,Andrei Arlovski vs. Jairzinho Rozenstruik,Andrei Arlovski,120
2019-11-02,UFC 244: Masvidal vs. Diaz,Andrei Arlovski vs. Jairzinho Rozenstruik,Jairzinho Rozenstruik,-120
2018-09-15,UFC Fight Night: Hunt vs. Oleinik,Andrei Arlovski vs. Shamil Abdurakhimov,Andrei Arlovski,136
2018-09-15,UFC Fight Night: Hunt vs. Oleinik,Andrei Arlovski vs. Shamil Abdurakhimov,Shamil Abdurakhimov,-136
2018-06-09,UFC 225: Whittaker vs. Romero 2,Andrei Arlovski vs. Tai Tuivasa,Andrei Arlovski,318
2018-06-09,UFC 225: Whittaker vs. Romero 2,Andrei Arlovski vs. Tai Tuivasa,Tai Tuivasa,-318
2018-08-25,UFC Fight Night: Gaethje vs. Vick,Andrew Sanchez vs. Markus Perez,Andrew Sanchez,-144
2018-08-25,UFC Fight Night: Gaethje vs. Vick,Andrew Sanchez vs. Markus Perez,Markus Perez,144
2017-12-01,The Ultimate Fighter: A New World Champion Finale,Andrew Sanchez vs. Ryan Janes,Andrew Sanchez,-189
2017-12-01,The Ultimate Fighter: A New World Champion Finale,Andrew Sanchez vs. Ryan Janes,Ryan Janes,189
2020-01-18,UFC 246: McGregor vs. Cowboy,Anthony Pettis vs. Diego Ferreira,Anthony Pettis,220
2020-01-18,UFC 246: McGregor vs. Cowboy,Anthony Pettis vs. Diego Ferreira,Diego Ferreira,-220
2019-08-17,UFC 241: Cormier vs. Miocic 2,Anthony Pettis vs. Nate Diaz,Anthony Pettis,194
2019-08-17,UFC 241: Cormier vs. Miocic 2,Anthony Pettis vs. Nate Diaz,Nate Diaz,-194
2018-04-21,UFC Fight Night: Barboza vs. Lee,Anthony Rocco Martin vs. Keita Nakamura,Anthony Rocco Martin,-248
2018-04-21,UFC Fight Night: Barboza vs. Lee,Anthony Rocco Martin vs. Keita Nakamura,Keita Nakamura,248
2019-03-09,UFC Fight Night: Lewis vs. Dos Santos,Anthony Rocco Martin vs. Sergio Moraes,Anthony Rocco Martin,-243
2019-03-09,UFC Fight Night: Lewis vs. Dos Santos,Anthony Rocco Martin vs. Sergio Moraes,Sergio Moraes,243
2017-12-09,UFC Fight Night: Swanson vs. Ortega,Antonio Braga Neto vs. Trevin Giles,Antonio Braga Neto,501
2017-12-09,UFC Fight Night: Swanson vs. Ortega,Antonio Braga Neto vs. Trevin Giles,Trevin Giles,-501
2019-05-18,UFC Fight Night: Dos Anjos vs. Lee,Antonio Carlos Junior vs. Ian Heinisch,Antonio Carlos Junior,-175
2019-05-18,UFC Fight Night: Dos Anjos vs. Lee,Antonio Carlos Junior vs. Ian Heinisch,Ian Heinisch,175
2017-10-28,UFC Fight Night: Brunson vs. Machida,Antonio Carlos Junior vs. Jack Marshman,Antonio Carlos Junior,-149
2017-10-28,UFC Fight Night: Brunson vs. Machida,Antonio Carlos Junior vs. Jack Marshman,Jack Marshman,149
2018-04-14,UFC Fight Night: Poirier vs. Gaethje,Arjan Bhullar vs. Adam Wieczorek,Arjan Bhullar,109
2018-04-14,UFC Fight Night: Poirier vs. Gaethje,Arjan Bhullar vs. Adam Wieczorek,Adam Wieczorek,-109
2019-05-04,UFC Fight Night: Iaquinta vs. Cowboy,Arjan Bhullar vs. Juan Adams,Arjan Bhullar,156
2019-05-04,UFC Fight Night: Iaquinta vs. Cowboy,Arjan Bhullar vs. Juan Adams,Juan Adams,-156
2018-10-27,UFC Fight Night: Oezdemir vs. Smith,Arjan Bhullar vs. Marcelo Golm,Arjan Bhullar,144
2018-10-27,UFC Fight Night: Oezdemir vs. Smith,Arjan Bhullar vs. Marcelo Golm,Marcelo Golm,-144
2019-03-16,UFC Fight Night: Till vs. Masvidal,Arnold Allen vs. Jordan Rinaldi,Arnold Allen,-197
2019-03-16,UFC Fight Night: Till vs. Masvidal,Arnold Allen vs. Jordan Rinaldi,Jordan Rinaldi,197
2018-05-27,UFC Fight Night: Thompson vs. Till,Arnold Allen vs. Mads Burnell,Arnold Allen,-165
2018-05-27,UFC Fight Night: Thompson vs. Till,Arnold Allen vs. Mads Burnell,Mads Burnell,165
2017-10-21,UFC Fight Night: Cerrone vs. Till,Artem Lobov vs. Andre Fili,Artem Lobov,253
2017-10-21,UFC Fight Night: Cerrone vs. Till,Artem Lobov vs. Andre Fili,Andre Fili,-253
2019-05-11,UFC 237: Namajunas vs. Andrade,BJ Penn vs. Clay Guida,BJ Penn,271
2019-05-11,UFC 237: Namajunas vs. Andrade,BJ Penn vs. Clay Guida,Clay Guida,-271
2018-12-29,UFC 232: Jones vs. Gustafsson 2,BJ Penn vs. Ryan Hall,BJ Penn,300
2018-12-29,UFC 232: Jones vs. Gustafsson 2,BJ Penn vs. Ryan Hall,Ryan Hall,-300
2019-01-19,UFC Fight Night: Cejudo vs. Dillashaw,Belal Muhammad vs. Geoff Neal,Belal Muhammad,133
2019-01-19,UFC Fight Night: Cejudo vs. Dillashaw,Belal Muhammad vs. Geoff Neal,Geoff Neal,-133
2019-09-07,UFC 242: Khabib vs. Poirier,Belal Muhammad vs. Takashi Sato,Belal Muhammad,-152
2019-09-07,UFC 242: Khabib vs. Poirier,Belal Muhammad vs. Takashi Sato,Takashi Sato,152
2018-02-24,UFC Fight Night: Emmett vs. Stephens,Ben Saunders vs. Alan Jouban,Ben Saunders,142
2018-02-24,UFC Fight Night: Emmett vs. Stephens,Ben Saunders vs. Alan Jouban,Alan Jouban,-142
2019-03-09,UFC Fight Night: Lewis vs. Dos Santos,Beneil Dariush vs. Drew Dober,Beneil Dariush,-270
2019-03-09,UFC Fight Night: Lewis vs. Dos Santos,Beneil Dariush vs. Drew Dober,Drew Dober,270
2019-02-17,UFC Fight Night: Ngannou vs. Velasquez,Benito Lopez vs. Manny Bermudez,Benito Lopez,129
2019-02-17,UFC Fight Night: Ngannou vs. Velasquez,Benito Lopez vs. Manny Bermudez,Manny Bermudez,-129
2019-07-13,UFC Fight Night: De Randamie vs. Ladd,Benito Lopez vs. Vince Morales,Benito Lopez,-118
2019-07-13,UFC Fight Night: De Randamie vs. Ladd,Benito Lopez vs. Vince Morales,Vince Morales,118
2019-06-08,UFC 238: Cejudo vs. Moraes,Bevon Lewis vs. Darren Stewart,Bevon Lewis,124
2019-06-08,UFC 238: Cejudo vs. Moraes,Bevon Lewis vs. Darren Stewart,Darren Stewart,-124
2020-01-25,UFC Fight Night: Blaydes vs. Dos Santos,Bevon Lewis vs. Dequan Townsend,Bevon Lewis,-317
2020-01-25,UFC Fight Night: Blaydes vs. Dos Santos,Bevon Lewis vs. Dequan Townsend,Dequan Townsend,317
2019-03-09,UFC Fight Night: Lewis vs. Dos Santos,Blagoy Ivanov vs. Ben Rothwell,Blagoy Ivanov,-167
2019-03-09,UFC Fight Night: Lewis vs. Dos Santos,Blagoy Ivanov vs. Ben Rothwell,Ben Rothwell,167
2018-12-08,UFC 231: Holloway vs. Ortega,Brad Katona vs. Matthew Lopez,Brad Katona,-249
2018-12-08,UFC 231: Holloway vs. Ortega,Brad Katona vs. Matthew Lopez,Matthew Lopez,249
2019-05-04,UFC Fight Night: Iaquinta vs. Cowboy,Brad Katona vs. Merab Dvalishvili,Brad Katona,134
2019-05-04,UFC Fight Night: Iaquinta vs. Cowboy,Brad Katona vs. Merab Dvalishvili,Merab Dvalishvili,-134
2019-11-02,UFC 244: Masvidal vs. Diaz,Brad Tavares vs. Edmen Shahbazyan,Brad Tavares,328
2019-11-02,UFC 244: Masvidal vs. Diaz,Brad Tavares vs. Edmen Shahbazyan,Edmen Shahbazyan,-328
2018-07-06,The Ultimate Fighter: Undefeated Finale,Brad Tavares vs. Israel Adesanya,Brad Tavares,-137
2018-07-06,The Ultimate Fighter: Undefeated Finale,Brad Tavares vs. Israel Adesanya,Israel Adesanya,137
2018-05-19,UFC Fight Night: Maia vs. Usman,Brandon Moreno vs. Alexandre Pantoja,Brandon Moreno,-237
2018-05-19,UFC Fight Night: Maia vs. Usman,Brandon Moreno vs. Alexandre Pantoja,Alexandre Pantoja,237
2019-12-14,UFC 245: Usman vs. Covington,Brandon Moreno vs. Kai Kara-France,Brandon Moreno,-128
2019-12-14,UFC 245: Usman vs. Covington,Brandon Moreno vs. Kai Kara-France,Kai Kara-France,128
2018-12-29,UFC 232: Jones vs. Gustafsson 2,Brian Kelleher vs. Montel Jackson,Brian Kelleher,214
2018-12-29,UFC 232: Jones vs. Gustafsson 2,Brian Kelleher vs. Montel Jackson,Montel Jackson,-214
2019-06-22,UFC Fight Night: Moicano vs. The Korean Zombie,Bryan Barberena vs. Randy Brown,Bryan Barberena,-125
2019-06-22,UFC Fight Night: Moicano vs. The Korean Zombie,Bryan Barberena vs. Randy Brown,Randy Brown,125
2018-03-03,UFC 222: Cyborg vs. Kunitskaya,Bryan Caraway vs. Cody Stamann,Bryan Caraway,286
2018-03-03,UFC 222: Cyborg vs. Kunitskaya,Bryan Caraway vs. Cody Stamann,Cody Stamann,-286
2019-12-07,UFC Fight Night: Overeem vs. Rozenstruik,Bryce Mitchell vs. Matt Sayles,Bryce Mitchell,107
2019-12-07,UFC Fight Night: Overeem vs. Rozenstruik,Bryce Mitchell vs. Matt Sayles,Matt Sayles,-107
2018-03-03,UFC 222: Cyborg vs. Kunitskaya,CB Dollaway vs. Hector Lombard,CB Dollaway,-188
2018-03-03,UFC 222: Cyborg vs. Kunitskaya,CB Dollaway vs. Hector Lombard,Hector Lombard,188
2018-01-20,UFC 220: Miocic vs. Ngannou,Calvin Kattar vs. Shane Burgos,Calvin Kattar,149
2018-01-20,UFC 220: Miocic vs. Ngannou,Calvin Kattar vs. Shane Burgos,Shane Burgos,-149
2018-04-14,UFC Fight Night: Poirier vs. Gaethje,Carlos Condit vs. Alex Oliveira,Carlos Condit,148
2018-04-14,UFC Fight Night: Poirier vs. Gaethje,Carlos Condit vs. Alex Oliveira,Alex Oliveira,-148
2018-12-29,UFC 232: Jones vs. Gustafsson 2,Carlos Condit vs. Michael Chiesa,Carlos Condit,-174
2018-12-29,UFC 232: Jones vs. Gustafsson 2,Carlos Condit vs. Michael Chiesa,Michael Chiesa,174
2017-12-30,UFC 219: Cyborg vs. Holm,Carlos Condit vs. Neil Magny,Carlos Condit,157
2017-12-30,UFC 219: Cyborg vs. Holm,Carlos Condit vs. Neil Magny,Neil Magny,-157
2020-02-15,UFC Fight Night: Anderson vs. Blachowicz,Casey Kenney vs. Merab Dvalishvili,Casey Kenney,163
2020-02-15,UFC Fight Night: Anderson vs. Blachowicz,Casey Kenney vs. Merab Dvalishvili,Merab Dvalishvili,-163
2018-05-12,UFC 224: Nunes vs. Pennington,Cezar Ferreira vs. Karl Roberson,Cezar Ferreira,249
2018-05-12,UFC 224: Nunes vs. Pennington,Cezar Ferreira vs. Karl Roberson,Karl Roberson,-249
2018-12-08,UFC 231: Holloway vs. Ortega,Chad Laprise vs. Dhiego Lima,Chad Laprise,-228
2018-12-08,UFC 231: Holloway vs. Ortega,Chad Laprise vs. Dhiego Lima,Dhiego Lima,228
2017-12-16,UFC Fight Night: Lawler vs. Dos Anjos,Chad Laprise vs. Galore Bofando,Chad Laprise,100
2017-12-16,UFC Fight Night: Lawler vs. Dos Anjos,Chad Laprise vs. Galore Bofando,Galore Bofando,-100
2018-12-29,UFC 232: Jones vs. Gustafsson 2,Chad Mendes vs. Alexander Volkanovski,Chad Mendes,163
2018-12-29,UFC 232: Jones vs. Gustafsson 2,Chad Mendes vs. Alexander Volkanovski,Alexander Volkanovski,-163
2018-11-10,UFC Fight Night: Korean Zombie vs. Rodriguez,Chan Sung Jung vs. Yair Rodriguez,Chan Sung Jung,255
2018-11-10,UFC Fight Night: Korean Zombie vs. Rodriguez,Chan Sung Jung vs. Yair Rodriguez,Yair Rodriguez,-255
2018-09-08,UFC 228: Woodley vs. Till,Charles Byrd vs. Darren Stewart,Charles Byrd,-170
2018-09-08,UFC 228: Woodley vs. Till,Charles Byrd vs. Darren Stewart,Darren Stewart,170
2018-09-22,UFC Fight Night: Marreta vs. Anders,Charles Oliveira vs. Christos Giagos,Charles Oliveira,-167
2018-09-22,UFC Fight Night: Marreta vs. Anders,Charles Oliveira vs. Christos Giagos,Christos Giagos,167
2019-02-02,UFC Fight Night: Assuncao vs. Moraes 2,Charles Oliveira vs. David Teymur,Charles Oliveira,-125
2019-02-02,UFC Fight Night: Assuncao vs. Moraes 2,Charles Oliveira vs. David Teymur,David Teymur,125
2019-11-16,UFC Fight Night: Blachowicz vs. Jacare,Charles Oliveira vs. Jared Gordon,Charles Oliveira,-151
2019-11-16,UFC Fight Night: Blachowicz vs. Jacare,Charles Oliveira vs. Jared Gordon,Jared Gordon,151
2017-12-02,UFC 218: Holloway vs. Aldo 2,Charles Oliveira vs. Paul Felder,Charles Oliveira,106
2017-12-02,UFC 218: Holloway vs. Aldo 2,Charles Oliveira vs. Paul Felder,Paul Felder,-106
2019-10-18,UFC Fight Night: Reyes vs. Weidman,Charles Rosa vs. Manny Bermudez,Charles Rosa,200
2019-10-18,UFC Fight Night: Reyes vs. Weidman,Charles Rosa vs. Manny Bermudez,Manny Bermudez,-200
2019-09-14,UFC Fight Night: Cowboy vs. Gaethje,Chas Skelly vs. Jordan Griffin,Chas Skelly,175
2019-09-14,UFC Fight Night: Cowboy vs. Gaethje,Chas Skelly vs. Jordan Griffin,Jordan Griffin,-175
2017-11-25,UFC Fight Night: Bisping vs. Gastelum,Chase Sherman vs. Shamil Abdurakhimov,Chase Sherman,-140
2017-11-25,UFC Fight Night: Bisping vs. Gastelum,Chase Sherman vs. Shamil Abdurakhimov,Shamil Abdurakhimov,140
2017-12-09,UFC Fight Night: Swanson vs. Ortega,Chris Gruetzemacher vs. Davi Ramos,Chris Gruetzemacher,-126
2017-12-09,UFC Fight Night: Swanson vs. Ortega,Chris Gruetzemacher vs. Davi Ramos,Davi Ramos,126
2019-08-17,UFC 241: Cormier vs. Miocic 2,Christos Giagos vs. Drakkar Klose,Christos Giagos,106
2019-08-17,UFC 241: Cormier vs. Miocic 2,Christos Giagos vs. Drakkar Klose,Drakkar Klose,-106
2019-12-21,UFC Fight Night: Edgar vs. The Korean Zombie,Ciryl Gane vs. Tanner Boser,Ciryl Gane,-181
2019-12-21,UFC Fight Night: Edgar vs. The Korean Zombie,Ciryl Gane vs. Tanner Boser,Tanner Boser,181
2018-05-19,UFC Fight Night: Maia vs. Usman,Claudio Puelles vs. Felipe Silva,Claudio Puelles,-318
2018-05-19,UFC Fight Night: Maia vs. Usman,Claudio Puelles vs. Felipe Silva,Felipe Silva,318
2019-09-21,UFC Fight Night: Rodriguez vs. Stephens,Claudio Puelles vs. Marcos Mariano,Claudio Puelles,-188
2019-09-21,UFC Fight Night: Rodriguez vs. Stephens,Claudio Puelles vs. Marcos Mariano,Marcos Mariano,188
2018-05-27,UFC Fight Night: Thompson vs. Till,Claudio Silva vs. Nordine Taleb,Claudio Silva,333
2018-05-27,UFC Fight Night: Thompson vs. Till,Claudio Silva vs. Nordine Taleb,Nordine Taleb,-333
2018-06-09,UFC 225: Whittaker vs. Romero 2,Clay Guida vs. Charles Oliveira,Clay Guida,-108
2018-06-09,UFC 225: Whittaker vs. Romero 2,Clay Guida vs. Charles Oliveira,Charles Oliveira,108
2019-03-02,UFC 235: Jones vs. Smith,Cody Garbrandt vs. Pedro Munhoz,Cody Garbrandt,-186
2019-03-02,UFC 235: Jones vs. Smith,Cody Garbrandt vs. Pedro Munhoz,Pedro Munhoz,186
2017-11-04,UFC 217: Bisping vs. St-Pierre,Cody Garbrandt vs. TJ Dillashaw,Cody Garbrandt,111
2017-11-04,UFC 217: Bisping vs. St-Pierre,Cody Garbrandt vs. TJ Dillashaw,TJ Dillashaw,-111
2019-03-02,UFC 235: Jones vs. Smith,Cody Stamann vs. Alejandro Perez,Cody Stamann,-172
2019-03-02,UFC 235: Jones vs. Smith,Cody Stamann vs. Alejandro Perez,Alejandro Perez,172
2019-12-07,UFC Fight Night: Overeem vs. Rozenstruik,Cody Stamann vs. Song Yadong,Cody Stamann,180
2019-12-07,UFC Fight Night: Overeem vs. Rozenstruik,Cody Stamann vs. Song Yadong,Song Yadong,-180
2019-08-03,UFC Fight Night: Covington vs. Lawler,Colby Covington vs. Robbie Lawler,Colby Covington,-580
2019-08-03,UFC Fight Night: Covington vs. Lawler,Colby Covington vs. Robbie Lawler,Robbie Lawler,580
2020-01-18,UFC 246: McGregor vs. Cowboy,Conor McGregor vs. Donald Cerrone,Conor McGregor,-150
2020-01-18,UFC 246: McGregor vs. Cowboy,Conor McGregor vs. Donald Cerrone,Donald Cerrone,150
2020-02-15,UFC Fight Night: Anderson vs. Blachowicz,Corey Anderson vs. Jan Blachowicz,Corey Anderson,-366
2020-02-15,UFC Fight Night: Anderson vs. Blachowicz,Corey Anderson vs. Jan Blachowicz,Jan Blachowicz,366
2019-11-02,UFC 244: Masvidal vs. Diaz,Corey Anderson vs. Johnny Walker,Corey Anderson,-178
2019-11-02,UFC 244: Masvidal vs. Diaz,Corey Anderson vs. Johnny Walker,Johnny Walker,178
2018-04-21,UFC Fight Night: Barboza vs. Lee,Corey Anderson vs. Patrick Cummins,Corey Anderson,-376
2018-04-21,UFC Fight Night: Barboza vs. Lee,Corey Anderson vs. Patrick Cummins,Patrick Cummins,376
2018-08-25,UFC Fight Night: Gaethje vs. Vick,Cory Sandhagen vs. Iuri Alcantara,Cory Sandhagen,-207
2018-08-25,UFC Fight Night: Gaethje vs. Vick,Cory Sandhagen vs. Iuri Alcantara,Iuri Alcantara,207
2019-04-27,UFC Fight Night: Jacare vs. Hermansson,Court McGee vs. Dhiego Lima,Court McGee,-254
2019-04-27,UFC Fight Night: Jacare vs. Hermansson,Court McGee vs. Dhiego Lima,Dhiego Lima,254
2017-11-11,UFC Fight Night: Poirier vs. Pettis,Court McGee vs. Sean Strickland,Court McGee,167
2017-11-11,UFC Fight Night: Poirier vs. Pettis,Court McGee vs. Sean Strickland,Sean Strickland,-167
2019-10-12,UFC Fight Night: Joanna vs. Waterson,Cub Swanson vs. Kron Gracie,Cub Swanson,-130
2019-10-12,UFC Fight Night: Joanna vs. Waterson,Cub Swanson vs. Kron Gracie,Kron Gracie,130
2018-08-04,UFC 227: Dillashaw vs. Garbrandt 2,Cub Swanson vs. Renato Moicano,Cub Swanson,105
2018-08-04,UFC 227: Dillashaw vs. Garbrandt 2,Cub Swanson vs. Renato Moicano,Renato Moicano,-105
2019-05-04,UFC Fight Night: Iaquinta vs. Cowboy,Cub Swanson vs. Shane Burgos,Cub Swanson,-147
2019-05-04,UFC Fight Night: Iaquinta vs. Cowboy,Cub Swanson vs. Shane Burgos,Shane Burgos,147
2018-11-24,UFC Fight Night: Blaydes vs. Ngannou 2,Curtis Blaydes vs. Francis Ngannou,Curtis Blaydes,-203
2018-11-24,UFC Fight Night: Blaydes vs. Ngannou 2,Curtis Blaydes vs. Francis Ngannou,Francis Ngannou,203
2020-01-25,UFC Fight Night: Blaydes vs. Dos Santos,Curtis Blaydes vs. Junior Dos Santos,Curtis Blaydes,-164
2020-01-25,UFC Fight Night: Blaydes vs. Dos Santos,Curtis Blaydes vs. Junior Dos Santos,Junior Dos Santos,164
2019-03-23,UFC Fight Night: Thompson vs. Pettis,Curtis Blaydes vs. Justin Willis,Curtis Blaydes,-139
2019-03-23,UFC Fight Night: Thompson vs. Pettis,Curtis Blaydes vs. Justin Willis,Justin Willis,139
2019-09-07,UFC 242: Khabib vs. Poirier,Curtis Blaydes vs. Shamil Abdurakhimov,Curtis Blaydes,-298
2019-09-07,UFC 242: Khabib vs. Poirier,Curtis Blaydes vs. Shamil Abdurakhimov,Shamil Abdurakhimov,298
2019-04-13,UFC 236: Holloway vs. Poirier 2,Curtis Millender vs. Belal Muhammad,Curtis Millender,-106
2019-04-13,UFC 236: Holloway vs. Poirier 2,Curtis Millender vs. Belal Muhammad,Belal Muhammad,106
2018-07-07,UFC 226: Miocic vs. Cormier,Curtis Millender vs. Max Griffin,Curtis Millender,-137
2018-07-07,UFC 226: Miocic vs. Cormier,Curtis Millender vs. Max Griffin,Max Griffin,137
2018-12-29,UFC 232: Jones vs. Gustafsson 2,Curtis Millender vs. Siyar Bahadurzada,Curtis Millender,-119
2018-12-29,UFC 232: Jones vs. Gustafsson 2,Curtis Millender vs. Siyar Bahadurzada,Siyar Bahadurzada,119
2019-12-21,UFC Fight Night: Edgar vs. The Korean Zombie,Da Woon Jung vs. Mike Rodriguez,Da Woon Jung,-133
2019-12-21,UFC Fight Night: Edgar vs. The Korean Zombie,Da Woon Jung vs. Mike Rodriguez,Mike Rodriguez,133
2017-10-21,UFC Fight Night: Cerrone vs. Till,Damian Stasiak vs. Brian Kelleher,Damian Stasiak,-107
2017-10-21,UFC Fight Night: Cerrone vs. Till,Damian Stasiak vs. Brian Kelleher,Brian Kelleher,107
2018-02-10,UFC 221: Romero vs. Rockhold,Damien Brown vs. Dong Hyun Ma,Damien Brown,136
2018-02-10,UFC 221: Romero vs. Rockhold,Damien Brown vs. Dong Hyun Ma,Dong Hyun Ma,-136
2017-11-18,UFC Fight Night: Werdum vs. Tybura,Damien Brown vs. Frank Camacho,Damien Brown,120
2017-11-18,UFC Fight Night: Werdum vs. Tybura,Damien Brown vs. Frank Camacho,Frank Camacho,-120
2019-06-01,UFC Fight Night: Gustafsson vs. Smith,Damir Hadzovic vs. Christos Giagos,Damir Hadzovic,106
2019-06-01,UFC Fight Night: Gustafsson vs. Smith,Damir Hadzovic vs. Christos Giagos,Christos Giagos,-106
2019-02-23,UFC Fight Night: Blachowicz vs. Santos,Damir Hadzovic vs. Marco Polo Reyes,Damir Hadzovic,127
2019-02-23,UFC Fight Night: Blachowicz vs. Santos,Damir Hadzovic vs. Marco Polo Reyes,Marco Polo Reyes,-127
2019-08-31,UFC Fight Night: Andrade vs. Zhang,Damir Ismagulov vs. Thiago Moises,Damir Ismagulov,-106
2019-08-31,UFC Fight Night: Andrade vs. Zhang,Damir Ismagulov vs. Thiago Moises,Thiago Moises,106
2018-07-07,UFC 226: Miocic vs. Cormier,Dan Hooker vs. Gilbert Burns,Dan Hooker,-124
2018-07-07,UFC 226: Miocic vs. Cormier,Dan Hooker vs. Gilbert Burns,Gilbert Burns,124
2017-12-30,UFC 219: Cyborg vs. Holm,Dan Hooker vs. Marc Diakiese,Dan Hooker,150
2017-12-30,UFC 219: Cyborg vs. Holm,Dan Hooker vs. Marc Diakiese,Marc Diakiese,-150
2019-06-22,UFC Fight Night: Moicano vs. The Korean Zombie,Dan Ige vs. Kevin Aguilar,Dan Ige,-145
2019-06-22,UFC Fight Night: Moicano vs. The Korean Zombie,Dan Ige vs. Kevin Aguilar,Kevin Aguilar,145
2018-11-03,UFC 230: Cormier vs. Lewis,Daniel Cormier vs. Derrick Lewis,Daniel Cormier,-158
2018-11-03,UFC 230: Cormier vs. Lewis,Daniel Cormier vs. Derrick Lewis,Derrick Lewis,158
2019-08-17,UFC 241: Cormier vs. Miocic 2,Daniel Cormier vs. Stipe Miocic,Daniel Cormier,128
2019-08-17,UFC 241: Cormier vs. Miocic 2,Daniel Cormier vs. Stipe Miocic,Stipe Miocic,-128
2018-01-20,UFC 220: Miocic vs. Ngannou,Daniel Cormier vs. Volkan Oezdemir,Daniel Cormier,-136
2018-01-20,UFC 220: Miocic vs. Ngannou,Daniel Cormier vs. Volkan Oezdemir,Volkan Oezdemir,136
2018-05-27,UFC Fight Night: Thompson vs. Till,Daniel Kelly vs. Tom Breese,Daniel Kelly,333
2018-05-27,UFC Fight Night: Thompson vs. Till,Daniel Kelly vs. Tom Breese,Tom Breese,-333
2019-02-23,UFC Fight Night: Blachowicz vs. Santos,Daniel Teymur vs. Chris Fishgold,Daniel Teymur,157
2019-02-23,UFC Fight Night: Blachowicz vs. Santos,Daniel Teymur vs. Chris Fishgold,Chris Fishgold,-157
2019-03-16,UFC Fight Night: Till vs. Masvidal,Danny Henry vs. Dan Ige,Danny Henry,168
2019-03-16,UFC Fight Night: Till vs. Masvidal,Danny Henry vs. Dan Ige,Dan Ige,-168
2019-03-16,UFC Fight Night: Till vs. Masvidal,Danny Roberts vs. Claudio Silva,Danny Roberts,119
2019-03-16,UFC Fight Night: Till vs. Masvidal,Danny Roberts vs. Claudio Silva,Claudio Silva,-119
2018-03-17,UFC Fight Night: Werdum vs. Volkov,Danny Roberts vs. Oliver Enkamp,Danny Roberts,105
2018-03-17,UFC Fight Night: Werdum vs. Volkov,Danny Roberts vs. Oliver Enkamp,Oliver Enkamp,-105
2019-06-01,UFC Fight Night: Gustafsson vs. Smith,Darko Stosic vs. Devin Clark,Darko Stosic,-197
2019-06-01,UFC Fight Night: Gustafsson vs. Smith,Darko Stosic vs. Devin Clark,Devin Clark,197
2019-08-03,UFC Fight Night: Covington vs. Lawler,Darko Stosic vs. Kennedy Nzechukwu,Darko Stosic,135
2019-08-03,UFC Fight Night: Covington vs. Lawler,Darko Stosic vs. Kennedy Nzechukwu,Kennedy Nzechukwu,-135
2018-07-14,UFC Fight Night: Dos Santos vs. Ivanov,Darren Elkins vs. Alexander Volkanovski,Darren Elkins,182
2018-07-14,UFC Fight Night: Dos Santos vs. Ivanov,Darren Elkins vs. Alexander Volkanovski,Alexander Volkanovski,-182
2018-01-14,UFC Fight Night: Stephens vs. Choi,Darren Elkins vs. Michael Johnson,Darren Elkins,-169
2018-01-14,UFC Fight Night: Stephens vs. Choi,Darren Elkins vs. Michael Johnson,Michael Johnson,169
2019-07-13,UFC Fight Night: De Randamie vs. Ladd,Darren Elkins vs. Ryan Hall,Darren Elkins,107
2019-07-13,UFC Fight Night: De Randamie vs. Ladd,Darren Elkins vs. Ryan Hall,Ryan Hall,-107
2019-03-16,UFC Fight Night: Till vs. Masvidal,Darren Till vs. Jorge Masvidal,Darren Till,-102
2019-03-16,UFC Fight Night: Till vs. Masvidal,Darren Till vs. Jorge Masvidal,Jorge Masvidal,102
2018-07-22,UFC Fight Night: Shogun vs. Smith,Davey Grant vs. Manny Bermudez,Davey Grant,134
2018-07-22,UFC Fight Night: Shogun vs. Smith,Davey Grant vs. Manny Bermudez,Manny Bermudez,-134
2018-11-10,UFC Fight Night: Korean Zombie vs. Rodriguez,Davi Ramos vs. John Gunther,Davi Ramos,-140
2018-11-10,UFC Fight Night: Korean Zombie vs. Rodriguez,Davi Ramos vs. John Gunther,John Gunther,140
2018-05-12,UFC 224: Nunes vs. Pennington,Davi Ramos vs. Nick Hein,Davi Ramos,-124
2018-05-12,UFC 224: Nunes vs. Pennington,Davi Ramos vs. Nick Hein,Nick Hein,124
2019-03-30,UFC Fight Night: Barboza vs. Gaethje,David Branch vs. Jack Hermansson,David Branch,366
2019-03-30,UFC Fight Night: Barboza vs. Gaethje,David Branch vs. Jack Hermansson,Jack Hermansson,-366
2018-11-03,UFC 230: Cormier vs. Lewis,David Branch vs. Jared Cannonier,David Branch,-105
2018-11-03,UFC 230: Cormier vs. Lewis,David Branch vs. Jared Cannonier,Jared Cannonier,105
2018-04-21,UFC Fight Night: Barboza vs. Lee,David Branch vs. Thiago Santos,David Branch,229
2018-04-21,UFC Fight Night: Barboza vs. Lee,David Branch vs. Thiago Santos,Thiago Santos,-229
2017-12-02,UFC 218: Holloway vs. Aldo 2,David Teymur vs. Drakkar Klose,David Teymur,-101
2017-12-02,UFC 218: Holloway vs. Aldo 2,David Teymur vs. Drakkar Klose,Drakkar Klose,101
2017-10-28,UFC Fight Night: Brunson vs. Machida,Deiveson Figueiredo vs. Jarred Brooks,Deiveson Figueiredo,-102
2017-10-28,UFC Fight Night: Brunson vs. Machida,Deiveson Figueiredo vs. Jarred Brooks,Jarred Brooks,102
2018-02-03,UFC Fight Night: Machida vs. Anders,Deiveson Figueiredo vs. Joseph Morales,Deiveson Figueiredo,246
2018-02-03,UFC Fight Night: Machida vs. Anders,Deiveson Figueiredo vs. Joseph Morales,Joseph Morales,-246
2019-10-12,UFC Fight Night: Joanna vs. Waterson,Deiveson Figueiredo vs. Tim Elliott,Deiveson Figueiredo,-157
2019-10-12,UFC Fight Night: Joanna vs. Waterson,Deiveson Figueiredo vs. Tim Elliott,Tim Elliott,157
2018-08-04,UFC 227: Dillashaw vs. Garbrandt 2,Demetrious Johnson vs. Henry Cejudo,Demetrious Johnson,-538
2018-08-04,UFC 227: Dillashaw vs. Garbrandt 2,Demetrious Johnson vs. Henry Cejudo,Henry Cejudo,538
2017-10-07,UFC 216: Ferguson vs. Lee,Demetrious Johnson vs. Ray Borg,Demetrious Johnson,-385
2017-10-07,UFC 216: Ferguson vs. Lee,Demetrious Johnson vs. Ray Borg,Ray Borg,385
2019-06-29,UFC Fight Night: Ngannou vs. Dos Santos,Demian Maia vs. Anthony Rocco Martin,Demian Maia,122
2019-06-29,UFC Fight Night: Ngannou vs. Dos Santos,Demian Maia vs. Anthony Rocco Martin,Anthony Rocco Martin,-122
2019-10-26,UFC Fight Night: Maia vs. Askren,Demian Maia vs. Ben Askren,Demian Maia,-624
2019-10-26,UFC Fight Night: Maia vs. Askren,Demian Maia vs. Ben Askren,Ben Askren,624
2017-10-28,UFC Fight Night: Brunson vs. Machida,Demian Maia vs. Colby Covington,Demian Maia,198
2017-10-28,UFC Fight Night: Brunson vs. Machida,Demian Maia vs. Colby Covington,Colby Covington,-198
2018-05-19,UFC Fight Night: Maia vs. Usman,Demian Maia vs. Kamaru Usman,Demian Maia,238
2018-05-19,UFC Fight Night: Maia vs. Usman,Demian Maia vs. Kamaru Usman,Kamaru Usman,-238
2019-02-02,UFC Fight Night: Assuncao vs. Moraes 2,Demian Maia vs. Lyman Good,Demian Maia,-209
2019-02-02,UFC Fight Night: Assuncao vs. Moraes 2,Demian Maia vs. Lyman Good,Lyman Good,209
2018-01-27,UFC Fight Night: Jacare vs. Brunson 2,Dennis Bermudez vs. Andre Fili,Dennis Bermudez,-149
2018-01-27,UFC Fight Night: Jacare vs. Brunson 2,Dennis Bermudez vs. Andre Fili,Andre Fili,149
2018-07-14,UFC Fight Night: Dos Santos vs. Ivanov,Dennis Bermudez vs. Ricky Glenn,Dennis Bermudez,-230
2018-07-14,UFC Fight Night: Dos Santos vs. Ivanov,Dennis Bermudez vs. Ricky Glenn,Ricky Glenn,230
2019-01-19,UFC Fight Night: Cejudo vs. Dillashaw,Dennis Bermudez vs. Te Edwards,Dennis Bermudez,-300
2019-01-19,UFC Fight Night: Cejudo vs. Dillashaw,Dennis Bermudez vs. Te Edwards,Te Edwards,300
2019-05-04,UFC Fight Night: Iaquinta vs. Cowboy,Derek Brunson vs. Elias Theodorou,Derek Brunson,158
2019-05-04,UFC Fight Night: Iaquinta vs. Cowboy,Derek Brunson vs. Elias Theodorou,Elias Theodorou,-158
2019-08-17,UFC 241: Cormier vs. Miocic 2,Derek Brunson vs. Ian Heinisch,Derek Brunson,-129
2019-08-17,UFC 241: Cormier vs. Miocic 2,Derek Brunson vs. Ian Heinisch,Ian Heinisch,129
2018-11-03,UFC 230: Cormier vs. Lewis,Derek Brunson vs. Israel Adesanya,Derek Brunson,122
2018-11-03,UFC 230: Cormier vs. Lewis,Derek Brunson vs. Israel Adesanya,Israel Adesanya,-122
2017-10-28,UFC Fight Night: Brunson vs. Machida,Derek Brunson vs. Lyoto Machida,Derek Brunson,-170
2017-10-28,UFC Fight Night: Brunson vs. Machida,Derek Brunson vs. Lyoto Machida,Lyoto Machida,170
2019-10-18,UFC Fight Night: Reyes vs. Weidman,Deron Winn vs. Darren Stewart,Deron Winn,170
2019-10-18,UFC Fight Night: Reyes vs. Weidman,Deron Winn vs. Darren Stewart,Darren Stewart,-170
2018-10-06,UFC 229: Khabib vs. McGregor,Derrick Lewis vs. Alexander Volkov,Derrick Lewis,104
2018-10-06,UFC 229: Khabib vs. McGregor,Derrick Lewis vs. Alexander Volkov,Alexander Volkov,-104
2019-11-02,UFC 244: Masvidal vs. Diaz,Derrick Lewis vs. Blagoy Ivanov,Derrick Lewis,-119
2019-11-02,UFC 244: Masvidal vs. Diaz,Derrick Lewis vs. Blagoy Ivanov,Blagoy Ivanov,119
2020-02-08,UFC 247: Jones vs. Reyes,Derrick Lewis vs. Ilir Latifi,Derrick Lewis,-133
2020-02-08,UFC 247: Jones vs. Reyes,Derrick Lewis vs. Ilir Latifi,Ilir Latifi,133
2019-03-09,UFC Fight Night: Lewis vs. Dos Santos,Derrick Lewis vs. Junior Dos Santos,Derrick Lewis,189
2019-03-09,UFC Fight Night: Lewis vs. Dos Santos,Derrick Lewis vs. Junior Dos Santos,Junior Dos Santos,-189
2018-02-18,UFC Fight Night: Cerrone vs. Medeiros,Derrick Lewis vs. Marcin Tybura,Derrick Lewis,-143
2018-02-18,UFC Fight Night: Cerrone vs. Medeiros,Derrick Lewis vs. Marcin Tybura,Marcin Tybura,143
2018-06-01,UFC Fight Night: Rivera vs. Moraes,Desmond Green vs. Gleison Tibau,Desmond Green,-287
2018-06-01,UFC Fight Night: Rivera vs. Moraes,Desmond Green vs. Gleison Tibau,Gleison Tibau,287
2018-12-08,UFC 231: Holloway vs. Ortega,Devin Clark vs. Aleksandar Rakic,Devin Clark,157
2018-12-08,UFC 231: Holloway vs. Ortega,Devin Clark vs. Aleksandar Rakic,Aleksandar Rakic,-157
2020-02-15,UFC Fight Night: Anderson vs. Blachowicz,Devin Clark vs. Dequan Townsend,Devin Clark,-235
2020-02-15,UFC Fight Night: Anderson vs. Blachowicz,Devin Clark vs. Dequan Townsend,Dequan Townsend,235
2018-07-28,UFC Fight Night: Alvarez vs. Poirier 2,Devin Powell vs. Alvaro Herrera Mendoza,Devin Powell,130
2018-07-28,UFC Fight Night: Alvarez vs. Poirier 2,Devin Powell vs. Alvaro Herrera Mendoza,Alvaro Herrera Mendoza,-130
2019-02-09,UFC 234: Adesanya vs. Silva,Devonte Smith vs. Dong Hyun Ma,Devonte Smith,-196
2019-02-09,UFC 234: Adesanya vs. Silva,Devonte Smith vs. Dong Hyun Ma,Dong Hyun Ma,196
2018-04-14,UFC Fight Night: Poirier vs. Gaethje,Dhiego Lima vs. Yushin Okami,Dhiego Lima,104
2018-04-14,UFC Fight Night: Poirier vs. Gaethje,Dhiego Lima vs. Yushin Okami,Yushin Okami,-104
2018-05-19,UFC Fight Night: Maia vs. Usman,Diego Rivas vs. Guido Cannetti,Diego Rivas,114
2018-05-19,UFC Fight Night: Maia vs. Usman,Diego Rivas vs. Guido Cannetti,Guido Cannetti,-114
2018-09-08,UFC 228: Woodley vs. Till,Diego Sanchez vs. Craig White,Diego Sanchez,198
2018-09-08,UFC 228: Woodley vs. Till,Diego Sanchez vs. Craig White,Craig White,-198
2019-07-06,UFC 239: Jones vs. Santos,Diego Sanchez vs. Michael Chiesa,Diego Sanchez,339
2019-07-06,UFC 239: Jones vs. Santos,Diego Sanchez vs. Michael Chiesa,Michael Chiesa,-339
2020-02-15,UFC Fight Night: Anderson vs. Blachowicz,Diego Sanchez vs. Michel Pereira,Diego Sanchez,372
2020-02-15,UFC Fight Night: Anderson vs. Blachowicz,Diego Sanchez vs. Michel Pereira,Michel Pereira,-372
2019-03-02,UFC 235: Jones vs. Smith,Diego Sanchez vs. Mickey Gall,Diego Sanchez,355
2019-03-02,UFC 235: Jones vs. Smith,Diego Sanchez vs. Mickey Gall,Mickey Gall,-355
2017-10-21,UFC Fight Night: Cerrone vs. Till,Donald Cerrone vs. Darren Till,Donald Cerrone,183
2017-10-21,UFC Fight Night: Cerrone vs. Till,Donald Cerrone vs. Darren Till,Darren Till,-183
2019-09-14,UFC Fight Night: Cowboy vs. Gaethje,Donald Cerrone vs. Justin Gaethje,Donald Cerrone,-140
2019-09-14,UFC Fight Night: Cowboy vs. Gaethje,Donald Cerrone vs. Justin Gaethje,Justin Gaethje,140
2018-06-23,UFC Fight Night: Cowboy vs. Edwards,Donald Cerrone vs. Leon Edwards,Donald Cerrone,167
2018-06-23,UFC Fight Night: Cowboy vs. Edwards,Donald Cerrone vs. Leon Edwards,Leon Edwards,-167
2018-11-10,UFC Fight Night: Korean Zombie vs. Rodriguez,Donald Cerrone vs. Mike Perry,Donald Cerrone,173
2018-11-10,UFC Fight Night: Korean Zombie vs. Rodriguez,Donald Cerrone vs. Mike Perry,Mike Perry,-173
2018-02-18,UFC Fight Night: Cerrone vs. Medeiros,Donald Cerrone vs. Yancy Medeiros,Donald Cerrone,-130
2018-02-18,UFC Fight Night: Cerrone vs. Medeiros,Donald Cerrone vs. Yancy Medeiros,Yancy Medeiros,130
2019-12-21,UFC Fight Night: Edgar vs. The Korean Zombie,Dooho Choi vs. Charles Jourdain,Dooho Choi,-140
2019-12-21,UFC Fight Night: Edgar vs. The Korean Zombie,Dooho Choi vs. Charles Jourdain,Charles Jourdain,140
2018-02-03,UFC Fight Night: Machida vs. Anders,Douglas Silva de Andrade vs. Marlon Vera,Douglas Silva de Andrade,145
2018-02-03,UFC Fight Night: Machida vs. Anders,Douglas Silva de Andrade vs. Marlon Vera,Marlon Vera,-145
2018-12-29,UFC 232: Jones vs. Gustafsson 2,Douglas Silva de Andrade vs. Petr Yan,Douglas Silva de Andrade,281
2018-12-29,UFC 232: Jones vs. Gustafsson 2,Douglas Silva de Andrade vs. Petr Yan,Petr Yan,-281
2019-11-16,UFC Fight Night: Blachowicz vs. Jacare,Douglas Silva de Andrade vs. Renan Barao,Douglas Silva de Andrade,305
2019-11-16,UFC Fight Night: Blachowicz vs. Jacare,Douglas Silva de Andrade vs. Renan Barao,Renan Barao,-305
2018-01-27,UFC Fight Night: Jacare vs. Brunson 2,Drew Dober vs. Frank Camacho,Drew Dober,146
2018-01-27,UFC Fight Night: Jacare vs. Brunson 2,Drew Dober vs. Frank Camacho,Frank Camacho,-146
2018-08-25,UFC Fight Night: Gaethje vs. Vick,Drew Dober vs. Jon Tuck,Drew Dober,-110
2018-08-25,UFC Fight Night: Gaethje vs. Vick,Drew Dober vs. Jon Tuck,Jon Tuck,110
2019-06-29,UFC Fight Night: Ngannou vs. Dos Santos,Drew Dober vs. Marco Polo Reyes,Drew Dober,-118
2019-06-29,UFC Fight Night: Ngannou vs. Dos Santos,Drew Dober vs. Marco Polo Reyes,Marco Polo Reyes,118
2020-01-18,UFC 246: McGregor vs. Cowboy,Drew Dober vs. Nasrat Haqparast,Drew Dober,362
2020-01-18,UFC 246: McGregor vs. Cowboy,Drew Dober vs. Nasrat Haqparast,Nasrat Haqparast,-362
2018-01-20,UFC 220: Miocic vs. Ngannou,Dustin Ortiz vs. Alexandre Pantoja,Dustin Ortiz,-122
2018-01-20,UFC 220: Miocic vs. Ngannou,Dustin Ortiz vs. Alexandre Pantoja,Alexandre Pantoja,122
2018-07-28,UFC Fight Night: Alvarez vs. Poirier 2,Dustin Ortiz vs. Matheus Nicolau,Dustin Ortiz,118
2018-07-28,UFC Fight Night: Alvarez vs. Poirier 2,Dustin Ortiz vs. Matheus Nicolau,Matheus Nicolau,-118
2017-11-11,UFC Fight Night: Poirier vs. Pettis,Dustin Poirier vs. Anthony Pettis,Dustin Poirier,-265
2017-11-11,UFC Fight Night: Poirier vs. Pettis,Dustin Poirier vs. Anthony Pettis,Anthony Pettis,265
2018-04-14,UFC Fight Night: Poirier vs. Gaethje,Dustin Poirier vs. Justin Gaethje,Dustin Poirier,-720
2018-04-14,UFC Fight Night: Poirier vs. Gaethje,Dustin Poirier vs. Justin Gaethje,Justin Gaethje,720
2019-02-23,UFC Fight Night: Blachowicz vs. Santos,Dwight Grant vs. Carlo Pedersoli Jr.,Dwight Grant,124
2019-02-23,UFC Fight Night: Blachowicz vs. Santos,Dwight Grant vs. Carlo Pedersoli Jr.,Carlo Pedersoli Jr.,-124
2018-07-28,UFC Fight Night: Alvarez vs. Poirier 2,Eddie Alvarez vs. Dustin Poirier,Eddie Alvarez,566
2018-07-28,UFC Fight Night: Alvarez vs. Poirier 2,Eddie Alvarez vs. Dustin Poirier,Dustin Poirier,-566
2017-12-02,UFC 218: Holloway vs. Aldo 2,Eddie Alvarez vs. Justin Gaethje,Eddie Alvarez,146
2017-12-02,UFC 218: Holloway vs. Aldo 2,Eddie Alvarez vs. Justin Gaethje,Justin Gaethje,-146
2018-07-14,UFC Fight Night: Dos Santos vs. Ivanov,Eddie Wineland vs. Alejandro Perez,Eddie Wineland,334
2018-07-14,UFC Fight Night: Dos Santos vs. Ivanov,Eddie Wineland vs. Alejandro Perez,Alejandro Perez,-334
2019-03-02,UFC 235: Jones vs. Smith,Edmen Shahbazyan vs. Charles Byrd,Edmen Shahbazyan,-223
2019-03-02,UFC 235: Jones vs. Smith,Edmen Shahbazyan vs. Charles Byrd,Charles Byrd,223
2019-07-06,UFC 239: Jones vs. Santos,Edmen Shahbazyan vs. Jack Marshman,Edmen Shahbazyan,-696
2019-07-06,UFC 239: Jones vs. Santos,Edmen Shahbazyan vs. Jack Marshman,Jack Marshman,696
2018-12-15,UFC Fight Night: Lee vs. Iaquinta,Edson Barboza vs. Dan Hooker,Edson Barboza,154
2018-12-15,UFC Fight Night: Lee vs. Iaquinta,Edson Barboza vs. Dan Hooker,Dan Hooker,-154
2019-03-30,UFC Fight Night: Barboza vs. Gaethje,Edson Barboza vs. Justin Gaethje,Edson Barboza,-183
2019-03-30,UFC Fight Night: Barboza vs. Gaethje,Edson Barboza vs. Justin Gaethje,Justin Gaethje,183
2018-04-21,UFC Fight Night: Barboza vs. Lee,Edson Barboza vs. Kevin Lee,Edson Barboza,318
2018-04-21,UFC Fight Night: Barboza vs. Lee,Edson Barboza vs. Kevin Lee,Kevin Lee,-318
2019-09-07,UFC 242: Khabib vs. Poirier,Edson Barboza vs. Paul Felder,Edson Barboza,131
2019-09-07,UFC 242: Khabib vs. Poirier,Edson Barboza vs. Paul Felder,Paul Felder,-131
2017-11-18,UFC Fight Night: Werdum vs. Tybura,Elias Theodorou vs. Daniel Kelly,Elias Theodorou,-347
2017-11-18,UFC Fight Night: Werdum vs. Tybura,Elias Theodorou vs. Daniel Kelly,Daniel Kelly,347
2018-12-08,UFC 231: Holloway vs. Ortega,Elias Theodorou vs. Eryk Anders,Elias Theodorou,-282
2018-12-08,UFC 231: Holloway vs. Ortega,Elias Theodorou vs. Eryk Anders,Eryk Anders,282
2018-05-27,UFC Fight Night: Thompson vs. Till,Elias Theodorou vs. Trevor Smith,Elias Theodorou,-245
2018-05-27,UFC Fight Night: Thompson vs. Till,Elias Theodorou vs. Trevor Smith,Trevor Smith,245
2019-03-09,UFC Fight Night: Lewis vs. Dos Santos,Elizeu Zaleski dos Santos vs. Curtis Millender,Elizeu Zaleski dos Santos,-183
2019-03-09,UFC Fight Night: Lewis vs. Dos Santos,Elizeu Zaleski dos Santos vs. Curtis Millender,Curtis Millender,183
2017-10-28,UFC Fight Night: Brunson vs. Machida,Elizeu Zaleski dos Santos vs. Max Griffin,Elizeu Zaleski dos Santos,-194
2017-10-28,UFC Fight Night: Brunson vs. Machida,Elizeu Zaleski dos Santos vs. Max Griffin,Max Griffin,194
2018-05-12,UFC 224: Nunes vs. Pennington,Elizeu Zaleski dos Santos vs. Sean Strickland,Elizeu Zaleski dos Santos,156
2018-05-12,UFC 224: Nunes vs. Pennington,Elizeu Zaleski dos Santos vs. Sean Strickland,Sean Strickland,-156
2018-07-22,UFC Fight Night: Shogun vs. Smith,Emil Meek vs. Bartosz Fabinski,Emil Meek,271
2018-07-22,UFC Fight Night: Shogun vs. Smith,Emil Meek vs. Bartosz Fabinski,Bartosz Fabinski,-271
2019-08-10,UFC Fight Night: Shevchenko vs. Carmouche 2,Enrique Barzola vs. Bobby Moffett,Enrique Barzola,-201
2019-08-10,UFC Fight Night: Shevchenko vs. Carmouche 2,Enrique Barzola vs. Bobby Moffett,Bobby Moffett,201
2018-05-19,UFC Fight Night: Maia vs. Usman,Enrique Barzola vs. Brandon Davis,Enrique Barzola,-140
2018-05-19,UFC Fight Night: Maia vs. Usman,Enrique Barzola vs. Brandon Davis,Brandon Davis,140
2019-03-30,UFC Fight Night: Barboza vs. Gaethje,Enrique Barzola vs. Kevin Aguilar,Enrique Barzola,-272
2019-03-30,UFC Fight Night: Barboza vs. Gaethje,Enrique Barzola vs. Kevin Aguilar,Kevin Aguilar,272
2019-10-26,UFC Fight Night: Maia vs. Askren,Enrique Barzola vs. Movsar Evloev,Enrique Barzola,121
2019-10-26,UFC Fight Night: Maia vs. Askren,Enrique Barzola vs. Movsar Evloev,Movsar Evloev,-121
2018-02-24,UFC Fight Night: Emmett vs. Stephens,Eric Shelton vs. Alex Perez,Eric Shelton,110
2018-02-24,UFC Fight Night: Emmett vs. Stephens,Eric Shelton vs. Alex Perez,Alex Perez,-110
2018-05-27,UFC Fight Night: Thompson vs. Till,Eric Spicely vs. Darren Stewart,Eric Spicely,113
2018-05-27,UFC Fight Night: Thompson vs. Till,Eric Spicely vs. Darren Stewart,Darren Stewart,-113
2017-12-01,The Ultimate Fighter: A New World Champion Finale,Eric Spicely vs. Gerald Meerschaert,Eric Spicely,-116
2017-12-01,The Ultimate Fighter: A New World Champion Finale,Eric Spicely vs. Gerald Meerschaert,Gerald Meerschaert,116
2018-01-27,UFC Fight Night: Jacare vs. Brunson 2,Erik Koch vs. King Green,Erik Koch,178
2018-01-27,UFC Fight Night: Jacare vs. Brunson 2,Erik Koch vs. King Green,King Green,-178
2019-07-27,UFC 240: Holloway vs. Edgar,Erik Koch vs. Kyle Stewart,Erik Koch,122
2019-07-27,UFC 240: Holloway vs. Edgar,Erik Koch vs. Kyle Stewart,Kyle Stewart,-122
2019-10-12,UFC Fight Night: Joanna vs. Waterson,Eryk Anders vs. Gerald Meerschaert,Eryk Anders,115
2019-10-12,UFC Fight Night: Joanna vs. Waterson,Eryk Anders vs. Gerald Meerschaert,Gerald Meerschaert,-115
2019-04-13,UFC 236: Holloway vs. Poirier 2,Eryk Anders vs. Khalil Rountree Jr.,Eryk Anders,-117
2019-04-13,UFC 236: Holloway vs. Poirier 2,Eryk Anders vs. Khalil Rountree Jr.,Khalil Rountree Jr.,117
2018-08-25,UFC Fight Night: Gaethje vs. Vick,Eryk Anders vs. Tim Williams,Eryk Anders,-467
2018-08-25,UFC Fight Night: Gaethje vs. Vick,Eryk Anders vs. Tim Williams,Tim Williams,467
2019-06-29,UFC Fight Night: Ngannou vs. Dos Santos,Eryk Anders vs. Vinicius Moreira,Eryk Anders,-182
2019-06-29,UFC Fight Night: Ngannou vs. Dos Santos,Eryk Anders vs. Vinicius Moreira,Vinicius Moreira,182
2018-03-17,UFC Fight Night: Werdum vs. Volkov,Fabricio Werdum vs. Alexander Volkov,Fabricio Werdum,111
2018-03-17,UFC Fight Night: Werdum vs. Volkov,Fabricio Werdum vs. Alexander Volkov,Alexander Volkov,-111
2017-11-18,UFC Fight Night: Werdum vs. Tybura,Fabricio Werdum vs. Marcin Tybura,Fabricio Werdum,112
2017-11-18,UFC Fight Night: Werdum vs. Tybura,Fabricio Werdum vs. Marcin Tybura,Marcin Tybura,-112
2017-10-07,UFC 216: Ferguson vs. Lee,Fabricio Werdum vs. Walt Harris,Fabricio Werdum,-262
2017-10-07,UFC 216: Ferguson vs. Lee,Fabricio Werdum vs. Walt Harris,Walt Harris,262
2017-10-21,UFC Fight Night: Cerrone vs. Till,Felipe Arantes vs. Josh Emmett,Felipe Arantes,119
2017-10-21,UFC Fight Night: Cerrone vs. Till,Felipe Arantes vs. Josh Emmett,Josh Emmett,-119
2018-06-23,UFC Fight Night: Cowboy vs. Edwards,Felipe Arantes vs. Song Yadong,Felipe Arantes,394
2018-06-23,UFC Fight Night: Cowboy vs. Edwards,Felipe Arantes vs. Song Yadong,Song Yadong,-394
2019-02-17,UFC Fight Night: Ngannou vs. Velasquez,Francis Ngannou vs. Cain Velasquez,Francis Ngannou,149
2019-02-17,UFC Fight Night: Ngannou vs. Velasquez,Francis Ngannou vs. Cain Velasquez,Cain Velasquez,-149
2018-07-07,UFC 226: Miocic vs. Cormier,Francis Ngannou vs. Derrick Lewis,Francis Ngannou,100
2018-07-07,UFC 226: Miocic vs. Cormier,Francis Ngannou vs. Derrick Lewis,Derrick Lewis,-100
2019-06-29,UFC Fight Night: Ngannou vs. Dos Santos,Francis Ngannou vs. Junior Dos Santos,Francis Ngannou,119
2019-06-29,UFC Fight Night: Ngannou vs. Dos Santos,Francis Ngannou vs. Junior Dos Santos,Junior Dos Santos,-119
2017-10-28,UFC Fight Night: Brunson vs. Machida,Francisco Trinaldo vs. Jim Miller,Francisco Trinaldo,-242
2017-10-28,UFC Fight Night: Brunson vs. Machida,Francisco Trinaldo vs. Jim Miller,Jim Miller,242
2019-11-16,UFC Fight Night: Blachowicz vs. Jacare,Francisco Trinaldo vs. King Green,Francisco Trinaldo,-159
2019-11-16,UFC Fight Night: Blachowicz vs. Jacare,Francisco Trinaldo vs. King Green,King Green,159
2019-10-26,UFC Fight Night: Maia vs. Askren,Frank Camacho vs. Beneil Dariush,Frank Camacho,348
2019-10-26,UFC Fight Night: Maia vs. Askren,Frank Camacho vs. Beneil Dariush,Beneil Dariush,-348
2019-12-21,UFC Fight Night: Edgar vs. The Korean Zombie,Frankie Edgar vs. Chan Sung Jung,Frankie Edgar,-325
2019-12-21,UFC Fight Night: Edgar vs. The Korean Zombie,Frankie Edgar vs. Chan Sung Jung,Chan Sung Jung,325
2018-04-21,UFC Fight Night: Barboza vs. Lee,Frankie Edgar vs. Cub Swanson,Frankie Edgar,-173
2018-04-21,UFC Fight Night: Barboza vs. Lee,Frankie Edgar vs. Cub Swanson,Cub Swanson,173
2018-05-19,UFC Fight Night: Maia vs. Usman,Gabriel Benitez vs. Humberto Bandenay,Gabriel Benitez,115
2018-05-19,UFC Fight Night: Maia vs. Usman,Gabriel Benitez vs. Humberto Bandenay,Humberto Bandenay,-115
2019-08-17,UFC 241: Cormier vs. Miocic 2,Gabriel Benitez vs. Sodiq Yusuff,Gabriel Benitez,-133
2019-08-17,UFC 241: Cormier vs. Miocic 2,Gabriel Benitez vs. Sodiq Yusuff,Sodiq Yusuff,133
2018-07-28,UFC Fight Night: Alvarez vs. Poirier 2,Gadzhimurad Antigulov vs. Ion Cutelaba,Gadzhimurad Antigulov,-131
2018-07-28,UFC Fight Night: Alvarez vs. Poirier 2,Gadzhimurad Antigulov vs. Ion Cutelaba,Ion Cutelaba,131
2019-04-20,UFC Fight Night: Overeem vs. Oleinik,Gadzhimurad Antigulov vs. Michal Oleksiejczuk,Gadzhimurad Antigulov,190
2019-04-20,UFC Fight Night: Overeem vs. Oleinik,Gadzhimurad Antigulov vs. Michal Oleksiejczuk,Michal Oleksiejczuk,-190
2019-07-27,UFC 240: Holloway vs. Edgar,Gavin Tucker vs. SeungWoo Choi,Gavin Tucker,148
2019-07-27,UFC 240: Holloway vs. Edgar,Gavin Tucker vs. SeungWoo Choi,SeungWoo Choi,-148
2018-09-08,UFC 228: Woodley vs. Till,Geoff Neal vs. Frank Camacho,Geoff Neal,-194
2018-09-08,UFC 228: Woodley vs. Till,Geoff Neal vs. Frank Camacho,Frank Camacho,194
2019-12-14,UFC 245: Usman vs. Covington,Geoff Neal vs. Mike Perry,Geoff Neal,101
2019-12-14,UFC 245: Usman vs. Covington,Geoff Neal vs. Mike Perry,Mike Perry,-101
2019-07-27,UFC 240: Holloway vs. Edgar,Geoff Neal vs. Niko Price,Geoff Neal,-187
2019-07-27,UFC 240: Holloway vs. Edgar,Geoff Neal vs. Niko Price,Niko Price,187
2018-12-15,UFC Fight Night: Lee vs. Iaquinta,Gerald Meerschaert vs. Jack Hermansson,Gerald Meerschaert,122
2018-12-15,UFC Fight Night: Lee vs. Iaquinta,Gerald Meerschaert vs. Jack Hermansson,Jack Hermansson,-122
2018-07-06,The Ultimate Fighter: Undefeated Finale,Gerald Meerschaert vs. Oskar Piechota,Gerald Meerschaert,157
2018-07-06,The Ultimate Fighter: Undefeated Finale,Gerald Meerschaert vs. Oskar Piechota,Oskar Piechota,-157
2019-08-10,UFC Fight Night: Shevchenko vs. Carmouche 2,Geraldo de Freitas vs. Chris Gutierrez,Geraldo de Freitas,-201
2019-08-10,UFC Fight Night: Shevchenko vs. Carmouche 2,Geraldo de Freitas vs. Chris Gutierrez,Chris Gutierrez,201
2018-10-27,UFC Fight Night: Oezdemir vs. Smith,Gian Villante vs. Ed Herman,Gian Villante,106
2018-10-27,UFC Fight Night: Oezdemir vs. Smith,Gian Villante vs. Ed Herman,Ed Herman,-106
2018-01-20,UFC 220: Miocic vs. Ngannou,Gian Villante vs. Francimar Barroso,Gian Villante,112
2018-01-20,UFC 220: Miocic vs. Ngannou,Gian Villante vs. Francimar Barroso,Francimar Barroso,-112
2018-06-01,UFC Fight Night: Rivera vs. Moraes,Gian Villante vs. Sam Alvey,Gian Villante,138
2018-06-01,UFC Fight Night: Rivera vs. Moraes,Gian Villante vs. Sam Alvey,Sam Alvey,-138
2019-08-10,UFC Fight Night: Shevchenko vs. Carmouche 2,Gilbert Burns vs. Aleksei Kunchenko,Gilbert Burns,-151
2019-08-10,UFC Fight Night: Shevchenko vs. Carmouche 2,Gilbert Burns vs. Aleksei Kunchenko,Aleksei Kunchenko,151
2019-07-06,UFC 239: Jones vs. Santos,Gilbert Melendez vs. Arnold Allen,Gilbert Melendez,544
2019-07-06,UFC 239: Jones vs. Santos,Gilbert Melendez vs. Arnold Allen,Arnold Allen,-544
2018-07-22,UFC Fight Night: Shogun vs. Smith,Glover Teixeira vs. Corey Anderson,Glover Teixeira,456
2018-07-22,UFC Fight Night: Shogun vs. Smith,Glover Teixeira vs. Corey Anderson,Corey Anderson,-456
2019-04-27,UFC Fight Night: Jacare vs. Hermansson,Glover Teixeira vs. Ion Cutelaba,Glover Teixeira,193
2019-04-27,UFC Fight Night: Jacare vs. Hermansson,Glover Teixeira vs. Ion Cutelaba,Ion Cutelaba,-193
2019-01-19,UFC Fight Night: Cejudo vs. Dillashaw,Glover Teixeira vs. Karl Roberson,Glover Teixeira,202
2019-01-19,UFC Fight Night: Cejudo vs. Dillashaw,Glover Teixeira vs. Karl Roberson,Karl Roberson,-202
2017-12-16,UFC Fight Night: Lawler vs. Dos Anjos,Glover Teixeira vs. Misha Cirkunov,Glover Teixeira,250
2017-12-16,UFC Fight Night: Lawler vs. Dos Anjos,Glover Teixeira vs. Misha Cirkunov,Misha Cirkunov,-250
2019-09-14,UFC Fight Night: Cowboy vs. Gaethje,Glover Teixeira vs. Nikita Krylov,Glover Teixeira,458
2019-09-14,UFC Fight Night: Cowboy vs. Gaethje,Glover Teixeira vs. Nikita Krylov,Nikita Krylov,-458
2018-07-07,UFC 226: Miocic vs. Cormier,Gokhan Saki vs. Khalil Rountree Jr.,Gokhan Saki,-112
2018-07-07,UFC 226: Miocic vs. Cormier,Gokhan Saki vs. Khalil Rountree Jr.,Khalil Rountree Jr.,112
2019-04-27,UFC Fight Night: Jacare vs. Hermansson,Greg Hardy vs. Dmitrii Smoliakov,Greg Hardy,-270
2019-04-27,UFC Fight Night: Jacare vs. Hermansson,Greg Hardy vs. Dmitrii Smoliakov,Dmitrii Smoliakov,270
2019-07-20,UFC Fight Night: Dos Anjos vs. Edwards,Greg Hardy vs. Juan Adams,Greg Hardy,-103
2019-07-20,UFC Fight Night: Dos Anjos vs. Edwards,Greg Hardy vs. Juan Adams,Juan Adams,103
2018-06-01,UFC Fight Night: Rivera vs. Moraes,Gregor Gillespie vs. Vinc Pichel,Gregor Gillespie,-178
2018-06-01,UFC Fight Night: Rivera vs. Moraes,Gregor Gillespie vs. Vinc Pichel,Vinc Pichel,178
2019-01-19,UFC Fight Night: Cejudo vs. Dillashaw,Gregor Gillespie vs. Yancy Medeiros,Gregor Gillespie,-268
2019-01-19,UFC Fight Night: Cejudo vs. Dillashaw,Gregor Gillespie vs. Yancy Medeiros,Yancy Medeiros,268
2019-11-09,UFC Fight Night: Zabit vs. Kattar,Grigory Popov vs. Davey Grant,Grigory Popov,288
2019-11-09,UFC Fight Night: Zabit vs. Kattar,Grigory Popov vs. Davey Grant,Davey Grant,-288
2018-11-17,UFC Fight Night: Magny vs. Ponzinibbio,Guido Cannetti vs. Marlon Vera,Guido Cannetti,124
2018-11-17,UFC Fight Night: Magny vs. Ponzinibbio,Guido Cannetti vs. Marlon Vera,Marlon Vera,-124
2019-09-28,UFC Fight Night: Hermansson vs. Cannonier,Gunnar Nelson vs. Gilbert Burns,Gunnar Nelson,153
2019-09-28,UFC Fight Night: Hermansson vs. Cannonier,Gunnar Nelson vs. Gilbert Burns,Gilbert Burns,-153
2017-10-28,UFC Fight Night: Brunson vs. Machida,Hacran Dias vs. Jared Gordon,Hacran Dias,534
2017-10-28,UFC Fight Night: Brunson vs. Machida,Hacran Dias vs. Jared Gordon,Jared Gordon,-534
2018-07-28,UFC Fight Night: Alvarez vs. Poirier 2,Hakeem Dawodu vs. Austin Arnett,Hakeem Dawodu,-283
2018-07-28,UFC Fight Night: Alvarez vs. Poirier 2,Hakeem Dawodu vs. Austin Arnett,Austin Arnett,283
2018-12-08,UFC 231: Holloway vs. Ortega,Hakeem Dawodu vs. Kyle Bochniak,Hakeem Dawodu,-309
2018-12-08,UFC 231: Holloway vs. Ortega,Hakeem Dawodu vs. Kyle Bochniak,Kyle Bochniak,309
2018-05-19,UFC Fight Night: Maia vs. Usman,Henry Briones vs. Frankie Saenz,Henry Briones,254
2018-05-19,UFC Fight Night: Maia vs. Usman,Henry Briones vs. Frankie Saenz,Frankie Saenz,-254
2019-06-08,UFC 238: Cejudo vs. Moraes,Henry Cejudo vs. Marlon Moraes,Henry Cejudo,-125
2019-06-08,UFC 238: Cejudo vs. Moraes,Henry Cejudo vs. Marlon Moraes,Marlon Moraes,125
2017-12-02,UFC 218: Holloway vs. Aldo 2,Henry Cejudo vs. Sergio Pettis,Henry Cejudo,176
2017-12-02,UFC 218: Holloway vs. Aldo 2,Henry Cejudo vs. Sergio Pettis,Sergio Pettis,-176
2019-01-19,UFC Fight Night: Cejudo vs. Dillashaw,Henry Cejudo vs. TJ Dillashaw,Henry Cejudo,205
2019-01-19,UFC Fight Night: Cejudo vs. Dillashaw,Henry Cejudo vs. TJ Dillashaw,TJ Dillashaw,-205
2018-11-24,UFC Fight Night: Blaydes vs. Ngannou 2,Hu Yaozong vs. Rashad Coulter,Hu Yaozong,-270
2018-11-24,UFC Fight Night: Blaydes vs. Ngannou 2,Hu Yaozong vs. Rashad Coulter,Rashad Coulter,270
2018-11-17,UFC Fight Night: Magny vs. Ponzinibbio,Humberto Bandenay vs. Austin Arnett,Humberto Bandenay,-227
2018-11-17,UFC Fight Night: Magny vs. Ponzinibbio,Humberto Bandenay vs. Austin Arnett,Austin Arnett,227
2019-12-14,UFC 245: Usman vs. Covington,Ian Heinisch vs. Omari Akhmedov,Ian Heinisch,144
2019-12-14,UFC 245: Usman vs. Covington,Ian Heinisch vs. Omari Akhmedov,Omari Akhmedov,-144
2018-12-29,UFC 232: Jones vs. Gustafsson 2,Ilir Latifi vs. Corey Anderson,Ilir Latifi,350
2018-12-29,UFC 232: Jones vs. Gustafsson 2,Ilir Latifi vs. Corey Anderson,Corey Anderson,-350
2019-09-28,UFC Fight Night: Hermansson vs. Cannonier,Ion Cutelaba vs. Khalil Rountree Jr.,Ion Cutelaba,-144
2019-09-28,UFC Fight Night: Hermansson vs. Cannonier,Ion Cutelaba vs. Khalil Rountree Jr.,Khalil Rountree Jr.,144
2019-09-07,UFC 242: Khabib vs. Poirier,Islam Makhachev vs. Davi Ramos,Islam Makhachev,-230
2019-09-07,UFC 242: Khabib vs. Poirier,Islam Makhachev vs. Davi Ramos,Davi Ramos,230
2018-01-20,UFC 220: Miocic vs. Ngannou,Islam Makhachev vs. Gleison Tibau,Islam Makhachev,-447
2018-01-20,UFC 220: Miocic vs. Ngannou,Islam Makhachev vs. Gleison Tibau,Gleison Tibau,447
2019-07-06,UFC 239: Jones vs. Santos,Ismail Naurdiev vs. Chance Rencountre,Ismail Naurdiev,-306
2019-07-06,UFC 239: Jones vs. Santos,Ismail Naurdiev vs. Chance Rencountre,Chance Rencountre,306
2019-02-09,UFC 234: Adesanya vs. Silva,Israel Adesanya vs. Anderson Silva,Israel Adesanya,-241
2019-02-09,UFC 234: Adesanya vs. Silva,Israel Adesanya vs. Anderson Silva,Anderson Silva,241
2018-04-14,UFC Fight Night: Poirier vs. Gaethje,Israel Adesanya vs. Marvin Vettori,Israel Adesanya,237
2018-04-14,UFC Fight Night: Poirier vs. Gaethje,Israel Adesanya vs. Marvin Vettori,Marvin Vettori,-237
2018-02-03,UFC Fight Night: Machida vs. Anders,Iuri Alcantara vs. Joe Soto,Iuri Alcantara,-125
2018-02-03,UFC Fight Night: Machida vs. Anders,Iuri Alcantara vs. Joe Soto,Joe Soto,125
2018-01-27,UFC Fight Night: Jacare vs. Brunson 2,Jacare Souza vs. Derek Brunson,Jacare Souza,194
2018-01-27,UFC Fight Night: Jacare vs. Brunson 2,Jacare Souza vs. Derek Brunson,Derek Brunson,-194
2019-04-27,UFC Fight Night: Jacare vs. Hermansson,Jacare Souza vs. Jack Hermansson,Jacare Souza,162
2019-04-27,UFC Fight Night: Jacare vs. Hermansson,Jacare Souza vs. Jack Hermansson,Jack Hermansson,-162
2018-05-12,UFC 224: Nunes vs. Pennington,Jacare Souza vs. Kelvin Gastelum,Jacare Souza,333
2018-05-12,UFC 224: Nunes vs. Pennington,Jacare Souza vs. Kelvin Gastelum,Kelvin Gastelum,-333
2019-09-28,UFC Fight Night: Hermansson vs. Cannonier,Jack Hermansson vs. Jared Cannonier,Jack Hermansson,-250
2019-09-28,UFC Fight Night: Hermansson vs. Cannonier,Jack Hermansson vs. Jared Cannonier,Jared Cannonier,250
2019-03-16,UFC Fight Night: Till vs. Masvidal,Jack Marshman vs. John Phillips,Jack Marshman,-197
2019-03-16,UFC Fight Night: Till vs. Masvidal,Jack Marshman vs. John Phillips,John Phillips,197
2017-11-11,UFC Fight Night: Poirier vs. Pettis,Jake Collier vs. Marcel Fortuna,Jake Collier,121
2017-11-11,UFC Fight Night: Poirier vs. Pettis,Jake Collier vs. Marcel Fortuna,Marcel Fortuna,-121
2018-06-01,UFC Fight Night: Rivera vs. Moraes,Jake Ellenberger vs. Ben Saunders,Jake Ellenberger,-105
2018-06-01,UFC Fight Night: Rivera vs. Moraes,Jake Ellenberger vs. Ben Saunders,Ben Saunders,105
2018-08-25,UFC Fight Night: Gaethje vs. Vick,Jake Ellenberger vs. Bryan Barberena,Jake Ellenberger,280
2018-08-25,UFC Fight Night: Gaethje vs. Vick,Jake Ellenberger vs. Bryan Barberena,Bryan Barberena,-280
2018-12-01,UFC Fight Night: Dos Santos vs. Tuivasa,Jake Matthews vs. Anthony Rocco Martin,Jake Matthews,-158
2018-12-01,UFC Fight Night: Dos Santos vs. Tuivasa,Jake Matthews vs. Anthony Rocco Martin,Anthony Rocco Martin,158
2017-11-18,UFC Fight Night: Werdum vs. Tybura,Jake Matthews vs. Bojan Velickovic,Jake Matthews,-169
2017-11-18,UFC Fight Night: Werdum vs. Tybura,Jake Matthews vs. Bojan Velickovic,Bojan Velickovic,169
2018-02-10,UFC 221: Romero vs. Rockhold,Jake Matthews vs. Li Jingliang,Jake Matthews,104
2018-02-10,UFC 221: Romero vs. Rockhold,Jake Matthews vs. Li Jingliang,Li Jingliang,-104
2019-10-05,UFC 243: Whittaker vs. Adesanya,Jake Matthews vs. Rostem Akman,Jake Matthews,-212
2019-10-05,UFC 243: Whittaker vs. Adesanya,Jake Matthews vs. Rostem Akman,Rostem Akman,212
2019-04-13,UFC 236: Holloway vs. Poirier 2,Jalin Turner vs. Matt Frevola,Jalin Turner,-141
2019-04-13,UFC 236: Holloway vs. Poirier 2,Jalin Turner vs. Matt Frevola,Matt Frevola,141
2018-01-14,UFC Fight Night: Stephens vs. Choi,James Krause vs. Alex White,James Krause,-124
2018-01-14,UFC Fight Night: Stephens vs. Choi,James Krause vs. Alex White,Alex White,124
2018-08-25,UFC Fight Night: Gaethje vs. Vick,James Krause vs. Warlley Alves,James Krause,139
2018-08-25,UFC Fight Night: Gaethje vs. Vick,James Krause vs. Warlley Alves,Warlley Alves,-139
2019-07-20,UFC Fight Night: Dos Anjos vs. Edwards,James Vick vs. Dan Hooker,James Vick,-243
2019-07-20,UFC Fight Night: Dos Anjos vs. Edwards,James Vick vs. Dan Hooker,Dan Hooker,243
2018-02-18,UFC Fight Night: Cerrone vs. Medeiros,James Vick vs. Francisco Trinaldo,James Vick,105
2018-02-18,UFC Fight Night: Cerrone vs. Medeiros,James Vick vs. Francisco Trinaldo,Francisco Trinaldo,-105
2017-11-04,UFC 217: Bisping vs. St-Pierre,James Vick vs. Joe Duffy,James Vick,-124
2017-11-04,UFC 217: Bisping vs. St-Pierre,James Vick vs. Joe Duffy,Joe Duffy,124
2019-02-17,UFC Fight Night: Ngannou vs. Velasquez,James Vick vs. Paul Felder,James Vick,-180
2019-02-17,UFC Fight Night: Ngannou vs. Velasquez,James Vick vs. Paul Felder,Paul Felder,180
2017-10-21,UFC Fight Night: Cerrone vs. Till,Jan Blachowicz vs. Devin Clark,Jan Blachowicz,228
2017-10-21,UFC Fight Night: Cerrone vs. Till,Jan Blachowicz vs. Devin Clark,Devin Clark,-228
2019-11-16,UFC Fight Night: Blachowicz vs. Jacare,Jan Blachowicz vs. Jacare Souza,Jan Blachowicz,-109
2019-11-16,UFC Fight Night: Blachowicz vs. Jacare,Jan Blachowicz vs. Jacare Souza,Jacare Souza,109
2019-07-06,UFC 239: Jones vs. Santos,Jan Blachowicz vs. Luke Rockhold,Jan Blachowicz,-115
2019-07-06,UFC 239: Jones vs. Santos,Jan Blachowicz vs. Luke Rockhold,Luke Rockhold,115
2018-09-15,UFC Fight Night: Hunt vs. Oleinik,Jan Blachowicz vs. Nikita Krylov,Jan Blachowicz,272
2018-09-15,UFC Fight Night: Hunt vs. Oleinik,Jan Blachowicz vs. Nikita Krylov,Nikita Krylov,-272
2019-02-23,UFC Fight Night: Blachowicz vs. Santos,Jan Blachowicz vs. Thiago Santos,Jan Blachowicz,140
2019-02-23,UFC Fight Night: Blachowicz vs. Santos,Jan Blachowicz vs. Thiago Santos,Thiago Santos,-140
2019-05-11,UFC 237: Namajunas vs. Andrade,Jared Cannonier vs. Anderson Silva,Jared Cannonier,-106
2019-05-11,UFC 237: Namajunas vs. Andrade,Jared Cannonier vs. Anderson Silva,Anderson Silva,106
2018-05-19,UFC Fight Night: Maia vs. Usman,Jared Cannonier vs. Dominick Reyes,Jared Cannonier,201
2018-05-19,UFC Fight Night: Maia vs. Usman,Jared Cannonier vs. Dominick Reyes,Dominick Reyes,-201
2017-12-16,UFC Fight Night: Lawler vs. Dos Anjos,Jared Cannonier vs. Jan Blachowicz,Jared Cannonier,-140
2017-12-16,UFC Fight Night: Lawler vs. Dos Anjos,Jared Cannonier vs. Jan Blachowicz,Jan Blachowicz,140
2019-06-29,UFC Fight Night: Ngannou vs. Dos Santos,Jared Gordon vs. Dan Moret,Jared Gordon,-304
2019-06-29,UFC Fight Night: Ngannou vs. Dos Santos,Jared Gordon vs. Dan Moret,Dan Moret,304
2018-02-18,UFC Fight Night: Cerrone vs. Medeiros,Jared Gordon vs. Diego Ferreira,Jared Gordon,-228
2018-02-18,UFC Fight Night: Cerrone vs. Medeiros,Jared Gordon vs. Diego Ferreira,Diego Ferreira,228
2018-12-15,UFC Fight Night: Lee vs. Iaquinta,Jared Gordon vs. Joaquim Silva,Jared Gordon,-152
2018-12-15,UFC Fight Night: Lee vs. Iaquinta,Jared Gordon vs. Joaquim Silva,Joaquim Silva,152
2017-12-09,UFC Fight Night: Swanson vs. Ortega,Jason Knight vs. Gabriel Benitez,Jason Knight,-107
2017-12-09,UFC Fight Night: Swanson vs. Ortega,Jason Knight vs. Gabriel Benitez,Gabriel Benitez,107
2018-11-03,UFC 230: Cormier vs. Lewis,Jason Knight vs. Jordan Rinaldi,Jason Knight,-259
2018-11-03,UFC 230: Cormier vs. Lewis,Jason Knight vs. Jordan Rinaldi,Jordan Rinaldi,259
2018-05-27,UFC Fight Night: Thompson vs. Till,Jason Knight vs. Makwan Amirkhani,Jason Knight,-126
2018-05-27,UFC Fight Night: Thompson vs. Till,Jason Knight vs. Makwan Amirkhani,Makwan Amirkhani,126
2017-11-18,UFC Fight Night: Werdum vs. Tybura,Jenel Lausa vs. Eric Shelton,Jenel Lausa,134
2017-11-18,UFC Fight Night: Werdum vs. Tybura,Jenel Lausa vs. Eric Shelton,Eric Shelton,-134
2018-06-23,UFC Fight Night: Cowboy vs. Edwards,Jenel Lausa vs. Yuta Sasaki,Jenel Lausa,114
2018-06-23,UFC Fight Night: Cowboy vs. Edwards,Jenel Lausa vs. Yuta Sasaki,Yuta Sasaki,-114
2017-12-02,UFC 218: Holloway vs. Aldo 2,Jeremy Kimball vs. Dominick Reyes,Jeremy Kimball,165
2017-12-02,UFC 218: Holloway vs. Aldo 2,Jeremy Kimball vs. Dominick Reyes,Dominick Reyes,-165
2018-01-14,UFC Fight Night: Stephens vs. Choi,Jeremy Stephens vs. Dooho Choi,Jeremy Stephens,-119
2018-01-14,UFC Fight Night: Stephens vs. Choi,Jeremy Stephens vs. Dooho Choi,Dooho Choi,119
2019-03-02,UFC 235: Jones vs. Smith,Jeremy Stephens vs. Zabit Magomedsharipov,Jeremy Stephens,275
2019-03-02,UFC 235: Jones vs. Smith,Jeremy Stephens vs. Zabit Magomedsharipov,Zabit Magomedsharipov,-275
2018-09-08,UFC 228: Woodley vs. Till,Jim Miller vs. Alex White,Jim Miller,203
2018-09-08,UFC 228: Woodley vs. Till,Jim Miller vs. Alex White,Alex White,-203
2018-12-15,UFC Fight Night: Lee vs. Iaquinta,Jim Miller vs. Charles Oliveira,Jim Miller,370
2018-12-15,UFC Fight Night: Lee vs. Iaquinta,Jim Miller vs. Charles Oliveira,Charles Oliveira,-370
2019-08-03,UFC Fight Night: Covington vs. Lawler,Jim Miller vs. Clay Guida,Jim Miller,204
2019-08-03,UFC Fight Night: Covington vs. Lawler,Jim Miller vs. Clay Guida,Clay Guida,-204
2018-04-21,UFC Fight Night: Barboza vs. Lee,Jim Miller vs. Dan Hooker,Jim Miller,166
2018-04-21,UFC Fight Night: Barboza vs. Lee,Jim Miller vs. Dan Hooker,Dan Hooker,-166
2019-04-27,UFC Fight Night: Jacare vs. Hermansson,Jim Miller vs. Jason Gonzalez,Jim Miller,203
2019-04-27,UFC Fight Night: Jacare vs. Hermansson,Jim Miller vs. Jason Gonzalez,Jason Gonzalez,-203
2020-02-15,UFC Fight Night: Anderson vs. Blachowicz,Jim Miller vs. Scott Holtzman,Jim Miller,300
2020-02-15,UFC Fight Night: Anderson vs. Blachowicz,Jim Miller vs. Scott Holtzman,Scott Holtzman,-300
2019-06-01,UFC Fight Night: Gustafsson vs. Smith,Jimi Manuwa vs. Aleksandar Rakic,Jimi Manuwa,376
2019-06-01,UFC Fight Night: Gustafsson vs. Smith,Jimi Manuwa vs. Aleksandar Rakic,Aleksandar Rakic,-376
2018-03-17,UFC Fight Night: Werdum vs. Volkov,Jimi Manuwa vs. Jan Blachowicz,Jimi Manuwa,140
2018-03-17,UFC Fight Night: Werdum vs. Volkov,Jimi Manuwa vs. Jan Blachowicz,Jan Blachowicz,-140
2018-12-08,UFC 231: Holloway vs. Ortega,Jimi Manuwa vs. Thiago Santos,Jimi Manuwa,426
2018-12-08,UFC 231: Holloway vs. Ortega,Jimi Manuwa vs. Thiago Santos,Thiago Santos,-426
2018-09-08,UFC 228: Woodley vs. Till,Jimmie Rivera vs. John Dodson,Jimmie Rivera,114
2018-09-08,UFC 228: Woodley vs. Till,Jimmie Rivera vs. John Dodson,John Dodson,-114
2018-06-01,UFC Fight Night: Rivera vs. Moraes,Jimmie Rivera vs. Marlon Moraes,Jimmie Rivera,-155
2018-06-01,UFC Fight Night: Rivera vs. Moraes,Jimmie Rivera vs. Marlon Moraes,Marlon Moraes,155
2019-06-08,UFC 238: Cejudo vs. Moraes,Jimmie Rivera vs. Petr Yan,Jimmie Rivera,171
2019-06-08,UFC 238: Cejudo vs. Moraes,Jimmie Rivera vs. Petr Yan,Petr Yan,-171
2019-02-09,UFC 234: Adesanya vs. Silva,Jimmy Crute vs. Sam Alvey,Jimmy Crute,-199
2019-02-09,UFC 234: Adesanya vs. Silva,Jimmy Crute vs. Sam Alvey,Sam Alvey,199
2019-08-03,UFC Fight Night: Covington vs. Lawler,Joaquim Silva vs. Nasrat Haqparast,Joaquim Silva,383
2019-08-03,UFC Fight Night: Covington vs. Lawler,Joaquim Silva vs. Nasrat Haqparast,Nasrat Haqparast,-383
2018-04-07,UFC 223: Khabib vs. Iaquinta,Joe Lauzon vs. Chris Gruetzemacher,Joe Lauzon,200
2018-04-07,UFC 223: Khabib vs. Iaquinta,Joe Lauzon vs. Chris Gruetzemacher,Chris Gruetzemacher,-200
2017-11-11,UFC Fight Night: Poirier vs. Pettis,Joe Lauzon vs. Clay Guida,Joe Lauzon,252
2017-11-11,UFC Fight Night: Poirier vs. Pettis,Joe Lauzon vs. Clay Guida,Clay Guida,-252
2017-12-01,The Ultimate Fighter: A New World Champion Finale,Joe Soto vs. Brett Johns,Joe Soto,378
2017-12-01,The Ultimate Fighter: A New World Champion Finale,Joe Soto vs. Brett Johns,Brett Johns,-378
2017-11-11,UFC Fight Night: Poirier vs. Pettis,John Dodson vs. Marlon Moraes,John Dodson,-178
2017-11-11,UFC Fight Night: Poirier vs. Pettis,John Dodson vs. Marlon Moraes,Marlon Moraes,178
2020-02-15,UFC Fight Night: Anderson vs. Blachowicz,John Dodson vs. Nathaniel Wood,John Dodson,133
2020-02-15,UFC Fight Night: Anderson vs. Blachowicz,John Dodson vs. Nathaniel Wood,Nathaniel Wood,-133
2018-03-03,UFC 222: Cyborg vs. Kunitskaya,John Dodson vs. Pedro Munhoz,John Dodson,-212
2018-03-03,UFC 222: Cyborg vs. Kunitskaya,John Dodson vs. Pedro Munhoz,Pedro Munhoz,212
2019-02-23,UFC Fight Night: Blachowicz vs. Santos,John Dodson vs. Petr Yan,John Dodson,171
2019-02-23,UFC Fight Night: Blachowicz vs. Santos,John Dodson vs. Petr Yan,Petr Yan,-171
2018-05-12,UFC 224: Nunes vs. Pennington,John Lineker vs. Brian Kelleher,John Lineker,-264
2018-05-12,UFC 224: Nunes vs. Pennington,John Lineker vs. Brian Kelleher,Brian Kelleher,264
2019-04-27,UFC Fight Night: Jacare vs. Hermansson,John Lineker vs. Cory Sandhagen,John Lineker,106
2019-04-27,UFC Fight Night: Jacare vs. Hermansson,John Lineker vs. Cory Sandhagen,Cory Sandhagen,-106
2017-10-28,UFC Fight Night: Brunson vs. Machida,John Lineker vs. Marlon Vera,John Lineker,-213
2017-10-28,UFC Fight Night: Brunson vs. Machida,John Lineker vs. Marlon Vera,Marlon Vera,213
2017-12-16,UFC Fight Night: Lawler vs. Dos Anjos,John Makdessi vs. Abel Trujillo,John Makdessi,-253
2017-12-16,UFC Fight Night: Lawler vs. Dos Anjos,John Makdessi vs. Abel Trujillo,Abel Trujillo,253
2019-03-23,UFC Fight Night: Thompson vs. Pettis,John Makdessi vs. Jesus Pinedo,John Makdessi,105
2019-03-23,UFC Fight Night: Thompson vs. Pettis,John Makdessi vs. Jesus Pinedo,Jesus Pinedo,-105
2018-07-28,UFC Fight Night: Alvarez vs. Poirier 2,John Makdessi vs. Ross Pearson,John Makdessi,-365
2018-07-28,UFC Fight Night: Alvarez vs. Poirier 2,John Makdessi vs. Ross Pearson,Ross Pearson,365
2017-10-07,UFC 216: Ferguson vs. Lee,John Moraga vs. Bibulatov Magomed,John Moraga,204
2017-10-07,UFC 216: Ferguson vs. Lee,John Moraga vs. Bibulatov Magomed,Bibulatov Magomed,-204
2018-08-25,UFC Fight Night: Gaethje vs. Vick,John Moraga vs. Deiveson Figueiredo,John Moraga,143
2018-08-25,UFC Fight Night: Gaethje vs. Vick,John Moraga vs. Deiveson Figueiredo,Deiveson Figueiredo,-143
2019-02-02,UFC Fight Night: Assuncao vs. Moraes 2,Johnny Walker vs. Justin Ledet,Johnny Walker,-255
2019-02-02,UFC Fight Night: Assuncao vs. Moraes 2,Johnny Walker vs. Justin Ledet,Justin Ledet,255
2017-11-04,UFC 217: Bisping vs. St-Pierre,Johny Hendricks vs. Paulo Costa,Johny Hendricks,103
2017-11-04,UFC 217: Bisping vs. St-Pierre,Johny Hendricks vs. Paulo Costa,Paulo Costa,-103
2018-12-29,UFC 232: Jones vs. Gustafsson 2,Jon Jones vs. Alexander Gustafsson,Jon Jones,-587
2018-12-29,UFC 232: Jones vs. Gustafsson 2,Jon Jones vs. Alexander Gustafsson,Alexander Gustafsson,587
2019-03-02,UFC 235: Jones vs. Smith,Jon Jones vs. Anthony Smith,Jon Jones,-1721
2019-03-02,UFC 235: Jones vs. Smith,Jon Jones vs. Anthony Smith,Anthony Smith,1721
2020-02-08,UFC 247: Jones vs. Reyes,Jon Jones vs. Dominick Reyes,Jon Jones,-672
2020-02-08,UFC 247: Jones vs. Reyes,Jon Jones vs. Dominick Reyes,Dominick Reyes,672
2019-07-06,UFC 239: Jones vs. Santos,Jon Jones vs. Thiago Santos,Jon Jones,-555
2019-07-06,UFC 239: Jones vs. Santos,Jon Jones vs. Thiago Santos,Thiago Santos,555
2020-01-25,UFC Fight Night: Blaydes vs. Dos Santos,Jordan Espinosa vs. Alex Perez,Jordan Espinosa,140
2020-01-25,UFC Fight Night: Blaydes vs. Dos Santos,Jordan Espinosa vs. Alex Perez,Alex Perez,-140
2019-08-03,UFC Fight Night: Covington vs. Lawler,Jordan Espinosa vs. Matt Schnell,Jordan Espinosa,-103
2019-08-03,UFC Fight Night: Covington vs. Lawler,Jordan Espinosa vs. Matt Schnell,Matt Schnell,103
2018-03-03,UFC 222: Cyborg vs. Kunitskaya,Jordan Johnson vs. Adam Milstead,Jordan Johnson,-119
2018-03-03,UFC 222: Cyborg vs. Kunitskaya,Jordan Johnson vs. Adam Milstead,Adam Milstead,119
2018-07-28,UFC Fight Night: Alvarez vs. Poirier 2,Jordan Mein vs. Alex Morono,Jordan Mein,-115
2018-07-28,UFC Fight Night: Alvarez vs. Poirier 2,Jordan Mein vs. Alex Morono,Alex Morono,115
2017-12-16,UFC Fight Night: Lawler vs. Dos Anjos,Jordan Mein vs. Erick Silva,Jordan Mein,-139
2017-12-16,UFC Fight Night: Lawler vs. Dos Anjos,Jordan Mein vs. Erick Silva,Erick Silva,139
2018-01-27,UFC Fight Night: Jacare vs. Brunson 2,Jordan Rinaldi vs. Gregor Gillespie,Jordan Rinaldi,134
2018-01-27,UFC Fight Night: Jacare vs. Brunson 2,Jordan Rinaldi vs. Gregor Gillespie,Gregor Gillespie,-134
2019-07-06,UFC 239: Jones vs. Santos,Jorge Masvidal vs. Ben Askren,Jorge Masvidal,-1274
2019-07-06,UFC 239: Jones vs. Santos,Jorge Masvidal vs. Ben Askren,Ben Askren,1274
2019-11-02,UFC 244: Masvidal vs. Diaz,Jorge Masvidal vs. Nate Diaz,Jorge Masvidal,-179
2019-11-02,UFC 244: Masvidal vs. Diaz,Jorge Masvidal vs. Nate Diaz,Nate Diaz,179
2019-05-11,UFC 237: Namajunas vs. Andrade,Jose Aldo vs. Alexander Volkanovski,Jose Aldo,161
2019-05-11,UFC 237: Namajunas vs. Andrade,Jose Aldo vs. Alexander Volkanovski,Alexander Volkanovski,-161
2018-07-28,UFC Fight Night: Alvarez vs. Poirier 2,Jose Aldo vs. Jeremy Stephens,Jose Aldo,-105
2018-07-28,UFC Fight Night: Alvarez vs. Poirier 2,Jose Aldo vs. Jeremy Stephens,Jeremy Stephens,105
2019-02-02,UFC Fight Night: Assuncao vs. Moraes 2,Jose Aldo vs. Renato Moicano,Jose Aldo,125
2019-02-02,UFC Fight Night: Assuncao vs. Moraes 2,Jose Aldo vs. Renato Moicano,Renato Moicano,-125
2019-09-21,UFC Fight Night: Rodriguez vs. Stephens,Jose Quinonez vs. Carlos Huachin,Jose Quinonez,-196
2019-09-21,UFC Fight Night: Rodriguez vs. Stephens,Jose Quinonez vs. Carlos Huachin,Carlos Huachin,196
2018-11-30,The Ultimate Fighter: Heavy Hitters Finale,Joseph Benavidez vs. Alex Perez,Joseph Benavidez,117
2018-11-30,The Ultimate Fighter: Heavy Hitters Finale,Joseph Benavidez vs. Alex Perez,Alex Perez,-117
2019-01-19,UFC Fight Night: Cejudo vs. Dillashaw,Joseph Benavidez vs. Dustin Ortiz,Joseph Benavidez,-100
2019-01-19,UFC Fight Night: Cejudo vs. Dillashaw,Joseph Benavidez vs. Dustin Ortiz,Dustin Ortiz,100
2018-06-09,UFC 225: Whittaker vs. Romero 2,Joseph Benavidez vs. Sergio Pettis,Joseph Benavidez,144
2018-06-09,UFC 225: Whittaker vs. Romero 2,Joseph Benavidez vs. Sergio Pettis,Sergio Pettis,-144
2018-11-10,UFC Fight Night: Korean Zombie vs. Rodriguez,Joseph Morales vs. Eric Shelton,Joseph Morales,157
2018-11-10,UFC Fight Night: Korean Zombie vs. Rodriguez,Joseph Morales vs. Eric Shelton,Eric Shelton,-157
2018-02-24,UFC Fight Night: Emmett vs. Stephens,Josh Emmett vs. Jeremy Stephens,Josh Emmett,148
2018-02-24,UFC Fight Night: Emmett vs. Stephens,Josh Emmett vs. Jeremy Stephens,Jeremy Stephens,-148
2019-03-30,UFC Fight Night: Barboza vs. Gaethje,Josh Emmett vs. Michael Johnson,Josh Emmett,208
2019-03-30,UFC Fight Night: Barboza vs. Gaethje,Josh Emmett vs. Michael Johnson,Michael Johnson,-208
2019-07-13,UFC Fight Night: De Randamie vs. Ladd,Josh Emmett vs. Mirsad Bektic,Josh Emmett,241
2019-07-13,UFC Fight Night: De Randamie vs. Ladd,Josh Emmett vs. Mirsad Bektic,Mirsad Bektic,-241
2018-02-18,UFC Fight Night: Cerrone vs. Medeiros,Joshua Burkman vs. Alex Morono,Joshua Burkman,478
2018-02-18,UFC Fight Night: Cerrone vs. Medeiros,Joshua Burkman vs. Alex Morono,Alex Morono,-478
2020-02-08,UFC 247: Jones vs. Reyes,Juan Adams vs. Justin Tafa,Juan Adams,190
2020-02-08,UFC 247: Jones vs. Reyes,Juan Adams vs. Justin Tafa,Justin Tafa,-190
2018-06-01,UFC Fight Night: Rivera vs. Moraes,Julio Arce vs. Daniel Teymur,Julio Arce,-215
2018-06-01,UFC Fight Night: Rivera vs. Moraes,Julio Arce vs. Daniel Teymur,Daniel Teymur,215
2019-11-02,UFC 244: Masvidal vs. Diaz,Julio Arce vs. Hakeem Dawodu,Julio Arce,111
2019-11-02,UFC 244: Masvidal vs. Diaz,Julio Arce vs. Hakeem Dawodu,Hakeem Dawodu,-111
2019-05-18,UFC Fight Night: Dos Anjos vs. Lee,Julio Arce vs. Julian Erosa,Julio Arce,-156
2019-05-18,UFC Fight Night: Dos Anjos vs. Lee,Julio Arce vs. Julian Erosa,Julian Erosa,156
2018-11-03,UFC 230: Cormier vs. Lewis,Julio Arce vs. Sheymon Moraes,Julio Arce,-162
2018-11-03,UFC 230: Cormier vs. Lewis,Julio Arce vs. Sheymon Moraes,Sheymon Moraes,162
2019-12-21,UFC Fight Night: Edgar vs. The Korean Zombie,JunYong Park vs. Marc-Andre Barriault,JunYong Park,-106
2019-12-21,UFC Fight Night: Edgar vs. The Korean Zombie,JunYong Park vs. Marc-Andre Barriault,Marc-Andre Barriault,106
2017-11-11,UFC Fight Night: Poirier vs. Pettis,Junior Albini vs. Andrei Arlovski,Junior Albini,-239
2017-11-11,UFC Fight Night: Poirier vs. Pettis,Junior Albini vs. Andrei Arlovski,Andrei Arlovski,239
2018-12-01,UFC Fight Night: Dos Santos vs. Tuivasa,Junior Dos Santos vs. Tai Tuivasa,Junior Dos Santos,116
2018-12-01,UFC Fight Night: Dos Santos vs. Tuivasa,Junior Dos Santos vs. Tai Tuivasa,Tai Tuivasa,-116
2018-02-10,UFC 221: Romero vs. Rockhold,Jussier Formiga vs. Ben Nguyen,Jussier Formiga,271
2018-02-10,UFC 221: Romero vs. Rockhold,Jussier Formiga vs. Ben Nguyen,Ben Nguyen,-271
2019-03-23,UFC Fight Night: Thompson vs. Pettis,Jussier Formiga vs. Deiveson Figueiredo,Jussier Formiga,252
2019-03-23,UFC Fight Night: Thompson vs. Pettis,Jussier Formiga vs. Deiveson Figueiredo,Deiveson Figueiredo,-252
2019-06-29,UFC Fight Night: Ngannou vs. Dos Santos,Jussier Formiga vs. Joseph Benavidez,Jussier Formiga,230
2019-06-29,UFC Fight Night: Ngannou vs. Dos Santos,Jussier Formiga vs. Joseph Benavidez,Joseph Benavidez,-230
2018-08-25,UFC Fight Night: Gaethje vs. Vick,Justin Gaethje vs. James Vick,Justin Gaethje,364
2018-08-25,UFC Fight Night: Gaethje vs. Vick,Justin Gaethje vs. James Vick,James Vick,-364
2018-07-22,UFC Fight Night: Shogun vs. Smith,Justin Ledet vs. Aleksandar Rakic,Justin Ledet,113
2018-07-22,UFC Fight Night: Shogun vs. Smith,Justin Ledet vs. Aleksandar Rakic,Aleksandar Rakic,-113
2018-04-21,UFC Fight Night: Barboza vs. Lee,Justin Willis vs. Chase Sherman,Justin Willis,-246
2018-04-21,UFC Fight Night: Barboza vs. Lee,Justin Willis vs. Chase Sherman,Chase Sherman,246
2019-08-31,UFC Fight Night: Andrade vs. Zhang,Kai Kara-France vs. Mark De La Rosa,Kai Kara-France,-121
2019-08-31,UFC Fight Night: Andrade vs. Zhang,Kai Kara-France vs. Mark De La Rosa,Mark De La Rosa,121
2018-07-28,UFC Fight Night: Alvarez vs. Poirier 2,Kajan Johnson vs. Islam Makhachev,Kajan Johnson,270
2018-07-28,UFC Fight Night: Alvarez vs. Poirier 2,Kajan Johnson vs. Islam Makhachev,Islam Makhachev,-270
2019-12-14,UFC 245: Usman vs. Covington,Kamaru Usman vs. Colby Covington,Kamaru Usman,-170
2019-12-14,UFC 245: Usman vs. Covington,Kamaru Usman vs. Colby Covington,Colby Covington,170
2018-01-14,UFC Fight Night: Stephens vs. Choi,Kamaru Usman vs. Emil Meek,Kamaru Usman,-564
2018-01-14,UFC Fight Night: Stephens vs. Choi,Kamaru Usman vs. Emil Meek,Emil Meek,564
2018-11-03,UFC 230: Cormier vs. Lewis,Karl Roberson vs. Jack Marshman,Karl Roberson,-217
2018-11-03,UFC 230: Cormier vs. Lewis,Karl Roberson vs. Jack Marshman,Jack Marshman,217
2017-09-22,UFC Fight Night: Saint Preux vs. Okami,Keita Nakamura vs. Alex Morono,Keita Nakamura,234
2017-09-22,UFC Fight Night: Saint Preux vs. Okami,Keita Nakamura vs. Alex Morono,Alex Morono,-234
2018-12-01,UFC Fight Night: Dos Santos vs. Tuivasa,Keita Nakamura vs. Salim Touahri,Keita Nakamura,191
2018-12-01,UFC Fight Night: Dos Santos vs. Tuivasa,Keita Nakamura vs. Salim Touahri,Salim Touahri,-191
2019-11-02,UFC 244: Masvidal vs. Diaz,Kelvin Gastelum vs. Darren Till,Kelvin Gastelum,-126
2019-11-02,UFC 244: Masvidal vs. Diaz,Kelvin Gastelum vs. Darren Till,Darren Till,126
2019-04-13,UFC 236: Holloway vs. Poirier 2,Kelvin Gastelum vs. Israel Adesanya,Kelvin Gastelum,-130
2019-04-13,UFC 236: Holloway vs. Poirier 2,Kelvin Gastelum vs. Israel Adesanya,Israel Adesanya,130
2019-06-22,UFC Fight Night: Moicano vs. The Korean Zombie,Kevin Holland vs. Alessio Di Chirico,Kevin Holland,-151
2019-06-22,UFC Fight Night: Moicano vs. The Korean Zombie,Kevin Holland vs. Alessio Di Chirico,Alessio Di Chirico,151
2019-03-30,UFC Fight Night: Barboza vs. Gaethje,Kevin Holland vs. Gerald Meerschaert,Kevin Holland,-189
2019-03-30,UFC Fight Night: Barboza vs. Gaethje,Kevin Holland vs. Gerald Meerschaert,Gerald Meerschaert,189
2018-11-24,UFC Fight Night: Blaydes vs. Ngannou 2,Kevin Holland vs. John Phillips,Kevin Holland,-463
2018-11-24,UFC Fight Night: Blaydes vs. Ngannou 2,Kevin Holland vs. John Phillips,John Phillips,463
2018-12-15,UFC Fight Night: Lee vs. Iaquinta,Kevin Lee vs. Al Iaquinta,Kevin Lee,-282
2018-12-15,UFC Fight Night: Lee vs. Iaquinta,Kevin Lee vs. Al Iaquinta,Al Iaquinta,282
2019-11-02,UFC 244: Masvidal vs. Diaz,Kevin Lee vs. Gregor Gillespie,Kevin Lee,-111
2019-11-02,UFC 244: Masvidal vs. Diaz,Kevin Lee vs. Gregor Gillespie,Gregor Gillespie,111
2018-04-07,UFC 223: Khabib vs. Iaquinta,Khabib Nurmagomedov vs. Al Iaquinta,Khabib Nurmagomedov,-368
2018-04-07,UFC 223: Khabib vs. Iaquinta,Khabib Nurmagomedov vs. Al Iaquinta,Al Iaquinta,368
2018-10-06,UFC 229: Khabib vs. McGregor,Khabib Nurmagomedov vs. Conor McGregor,Khabib Nurmagomedov,-363
2018-10-06,UFC 229: Khabib vs. McGregor,Khabib Nurmagomedov vs. Conor McGregor,Conor McGregor,363
2019-09-07,UFC 242: Khabib vs. Poirier,Khabib Nurmagomedov vs. Dustin Poirier,Khabib Nurmagomedov,-158
2019-09-07,UFC 242: Khabib vs. Poirier,Khabib Nurmagomedov vs. Dustin Poirier,Dustin Poirier,158
2017-12-30,UFC 219: Cyborg vs. Holm,Khabib Nurmagomedov vs. Edson Barboza,Khabib Nurmagomedov,-385
2017-12-30,UFC 219: Cyborg vs. Holm,Khabib Nurmagomedov vs. Edson Barboza,Edson Barboza,385
2019-11-09,UFC Fight Night: Zabit vs. Kattar,Khadis Ibragimov vs. Ed Herman,Khadis Ibragimov,-382
2019-11-09,UFC Fight Night: Zabit vs. Kattar,Khadis Ibragimov vs. Ed Herman,Ed Herman,382
2018-12-15,UFC Fight Night: Lee vs. Iaquinta,King Green vs. Drakkar Klose,King Green,170
2018-12-15,UFC Fight Night: Lee vs. Iaquinta,King Green vs. Drakkar Klose,Drakkar Klose,-170
2018-04-14,UFC Fight Night: Poirier vs. Gaethje,Krzysztof Jotko vs. Brad Tavares,Krzysztof Jotko,-140
2018-04-14,UFC Fight Night: Poirier vs. Gaethje,Krzysztof Jotko vs. Brad Tavares,Brad Tavares,140
2019-05-04,UFC Fight Night: Iaquinta vs. Cowboy,Kyle Nelson vs. Matt Sayles,Kyle Nelson,185
2019-05-04,UFC Fight Night: Iaquinta vs. Cowboy,Kyle Nelson vs. Matt Sayles,Matt Sayles,-185
2019-09-14,UFC Fight Night: Cowboy vs. Gaethje,Kyle Prepolec vs. Austin Hubbard,Kyle Prepolec,110
2019-09-14,UFC Fight Night: Cowboy vs. Gaethje,Kyle Prepolec vs. Austin Hubbard,Austin Hubbard,-110
2019-08-17,UFC 241: Cormier vs. Miocic 2,Kyung Ho Kang vs. Brandon Davis,Kyung Ho Kang,-129
2019-08-17,UFC 241: Cormier vs. Miocic 2,Kyung Ho Kang vs. Brandon Davis,Brandon Davis,129
2018-01-14,UFC Fight Night: Stephens vs. Choi,Kyung Ho Kang vs. Guido Cannetti,Kyung Ho Kang,-137
2018-01-14,UFC Fight Night: Stephens vs. Choi,Kyung Ho Kang vs. Guido Cannetti,Guido Cannetti,137
2019-12-21,UFC Fight Night: Edgar vs. The Korean Zombie,Kyung Ho Kang vs. Pingyuan Liu,Kyung Ho Kang,-120
2019-12-21,UFC Fight Night: Edgar vs. The Korean Zombie,Kyung Ho Kang vs. Pingyuan Liu,Pingyuan Liu,120
2018-07-07,UFC 226: Miocic vs. Cormier,Lando Vannata vs. Drakkar Klose,Lando Vannata,136
2018-07-07,UFC 226: Miocic vs. Cormier,Lando Vannata vs. Drakkar Klose,Drakkar Klose,-136
2017-10-07,UFC 216: Ferguson vs. Lee,Lando Vannata vs. King Green,Lando Vannata,139
2017-10-07,UFC 216: Ferguson vs. Lee,Lando Vannata vs. King Green,King Green,-139
2020-02-15,UFC Fight Night: Anderson vs. Blachowicz,Lando Vannata vs. Yancy Medeiros,Lando Vannata,-160
2020-02-15,UFC Fight Night: Anderson vs. Blachowicz,Lando Vannata vs. Yancy Medeiros,Yancy Medeiros,160
2019-03-16,UFC Fight Night: Till vs. Masvidal,Leon Edwards vs. Gunnar Nelson,Leon Edwards,-359
2019-03-16,UFC Fight Night: Till vs. Masvidal,Leon Edwards vs. Gunnar Nelson,Gunnar Nelson,359
2018-03-17,UFC Fight Night: Werdum vs. Volkov,Leon Edwards vs. Peter Sobotta,Leon Edwards,-130
2018-03-17,UFC Fight Night: Werdum vs. Volkov,Leon Edwards vs. Peter Sobotta,Peter Sobotta,130
2018-06-23,UFC Fight Night: Cowboy vs. Edwards,Li Jingliang vs. Daichi Abe,Li Jingliang,-126
2018-06-23,UFC Fight Night: Cowboy vs. Edwards,Li Jingliang vs. Daichi Abe,Daichi Abe,126
2018-11-24,UFC Fight Night: Blaydes vs. Ngannou 2,Li Jingliang vs. David Zawada,Li Jingliang,-198
2018-11-24,UFC Fight Night: Blaydes vs. Ngannou 2,Li Jingliang vs. David Zawada,David Zawada,198
2019-08-31,UFC Fight Night: Andrade vs. Zhang,Li Jingliang vs. Elizeu Zaleski dos Santos,Li Jingliang,140
2019-08-31,UFC Fight Night: Andrade vs. Zhang,Li Jingliang vs. Elizeu Zaleski dos Santos,Elizeu Zaleski dos Santos,-140
2017-11-25,UFC Fight Night: Bisping vs. Gastelum,Li Jingliang vs. Zak Ottow,Li Jingliang,-127
2017-11-25,UFC Fight Night: Bisping vs. Gastelum,Li Jingliang vs. Zak Ottow,Zak Ottow,127
2017-12-30,UFC 219: Cyborg vs. Holm,Louis Smolka vs. Matheus Nicolau,Louis Smolka,156
2017-12-30,UFC 219: Cyborg vs. Holm,Louis Smolka vs. Matheus Nicolau,Matheus Nicolau,-156
2019-03-09,UFC Fight Night: Lewis vs. Dos Santos,Louis Smolka vs. Matt Schnell,Louis Smolka,-105
2019-03-09,UFC Fight Night: Lewis vs. Dos Santos,Louis Smolka vs. Matt Schnell,Matt Schnell,105
2019-09-14,UFC Fight Night: Cowboy vs. Gaethje,Louis Smolka vs. Ryan MacDonald,Louis Smolka,-124
2019-09-14,UFC Fight Night: Cowboy vs. Gaethje,Louis Smolka vs. Ryan MacDonald,Ryan MacDonald,124
2019-03-23,UFC Fight Night: Thompson vs. Pettis,Luis Pena vs. Steven Peterson,Luis Pena,-132
2019-03-23,UFC Fight Night: Thompson vs. Pettis,Luis Pena vs. Steven Peterson,Steven Peterson,132
2018-02-10,UFC 221: Romero vs. Rockhold,Luke Jumeau vs. Daichi Abe,Luke Jumeau,247
2018-02-10,UFC 221: Romero vs. Rockhold,Luke Jumeau vs. Daichi Abe,Daichi Abe,-247
2019-10-05,UFC 243: Whittaker vs. Adesanya,Luke Jumeau vs. Dhiego Lima,Luke Jumeau,103
2019-10-05,UFC 243: Whittaker vs. Adesanya,Luke Jumeau vs. Dhiego Lima,Dhiego Lima,-103
2017-12-09,UFC Fight Night: Swanson vs. Ortega,Luke Sanders vs. Andre Soukhamthath,Luke Sanders,-165
2017-12-09,UFC Fight Night: Swanson vs. Ortega,Luke Sanders vs. Andre Soukhamthath,Andre Soukhamthath,165
2018-04-14,UFC Fight Night: Poirier vs. Gaethje,Luke Sanders vs. Patrick Williams,Luke Sanders,-186
2018-04-14,UFC Fight Night: Poirier vs. Gaethje,Luke Sanders vs. Patrick Williams,Patrick Williams,186
2018-11-03,UFC 230: Cormier vs. Lewis,Lyman Good vs. Ben Saunders,Lyman Good,-103
2018-11-03,UFC 230: Cormier vs. Lewis,Lyman Good vs. Ben Saunders,Ben Saunders,103
2019-11-02,UFC 244: Masvidal vs. Diaz,Lyman Good vs. Chance Rencountre,Lyman Good,-140
2019-11-02,UFC 244: Masvidal vs. Diaz,Lyman Good vs. Chance Rencountre,Chance Rencountre,140
2018-02-03,UFC Fight Night: Machida vs. Anders,Lyoto Machida vs. Eryk Anders,Lyoto Machida,115
2018-02-03,UFC Fight Night: Machida vs. Anders,Lyoto Machida vs. Eryk Anders,Eryk Anders,-115
2018-01-14,UFC Fight Night: Stephens vs. Choi,Mads Burnell vs. Mike Santiago,Mads Burnell,-166
2018-01-14,UFC Fight Night: Stephens vs. Choi,Mads Burnell vs. Mike Santiago,Mike Santiago,166
2019-11-09,UFC Fight Night: Zabit vs. Kattar,Magomed Ankalaev vs. Dalcha Lungiambula,Magomed Ankalaev,-136
2019-11-09,UFC Fight Night: Zabit vs. Kattar,Magomed Ankalaev vs. Dalcha Lungiambula,Dalcha Lungiambula,136
2018-09-15,UFC Fight Night: Hunt vs. Oleinik,Magomed Ankalaev vs. Marcin Prachnio,Magomed Ankalaev,-200
2018-09-15,UFC Fight Night: Hunt vs. Oleinik,Magomed Ankalaev vs. Marcin Prachnio,Marcin Prachnio,200
2018-09-15,UFC Fight Night: Hunt vs. Oleinik,Mairbek Taisumov vs. Desmond Green,Mairbek Taisumov,-129
2018-09-15,UFC Fight Night: Hunt vs. Oleinik,Mairbek Taisumov vs. Desmond Green,Desmond Green,129
2019-09-07,UFC 242: Khabib vs. Poirier,Mairbek Taisumov vs. Diego Ferreira,Mairbek Taisumov,-178
2019-09-07,UFC 242: Khabib vs. Poirier,Mairbek Taisumov vs. Diego Ferreira,Diego Ferreira,178
2019-12-07,UFC Fight Night: Overeem vs. Rozenstruik,Makhmud Muradov vs. Trevor Smith,Makhmud Muradov,-169
2019-12-07,UFC Fight Night: Overeem vs. Rozenstruik,Makhmud Muradov vs. Trevor Smith,Trevor Smith,169
2019-06-01,UFC Fight Night: Gustafsson vs. Smith,Makwan Amirkhani vs. Chris Fishgold,Makwan Amirkhani,121
2019-06-01,UFC Fight Night: Gustafsson vs. Smith,Makwan Amirkhani vs. Chris Fishgold,Chris Fishgold,-121
2019-08-17,UFC 241: Cormier vs. Miocic 2,Manny Bermudez vs. Casey Kenney,Manny Bermudez,-150
2019-08-17,UFC 241: Cormier vs. Miocic 2,Manny Bermudez vs. Casey Kenney,Casey Kenney,150
2019-03-16,UFC Fight Night: Till vs. Masvidal,Marc Diakiese vs. Joe Duffy,Marc Diakiese,-135
2019-03-16,UFC Fight Night: Till vs. Masvidal,Marc Diakiese vs. Joe Duffy,Joe Duffy,135
2019-09-28,UFC Fight Night: Hermansson vs. Cannonier,Marc Diakiese vs. Lando Vannata,Marc Diakiese,-137
2019-09-28,UFC Fight Night: Hermansson vs. Cannonier,Marc Diakiese vs. Lando Vannata,Lando Vannata,137
2019-07-27,UFC 240: Holloway vs. Edgar,Marc-Andre Barriault vs. Krzysztof Jotko,Marc-Andre Barriault,255
2019-07-27,UFC 240: Holloway vs. Edgar,Marc-Andre Barriault vs. Krzysztof Jotko,Krzysztof Jotko,-255
2019-09-14,UFC Fight Night: Cowboy vs. Gaethje,Marcin Tybura vs. Augusto Sakai,Marcin Tybura,-129
2019-09-14,UFC Fight Night: Cowboy vs. Gaethje,Marcin Tybura vs. Augusto Sakai,Augusto Sakai,129
2019-04-20,UFC Fight Night: Overeem vs. Oleinik,Marcin Tybura vs. Shamil Abdurakhimov,Marcin Tybura,-167
2019-04-20,UFC Fight Night: Overeem vs. Oleinik,Marcin Tybura vs. Shamil Abdurakhimov,Shamil Abdurakhimov,167
2018-07-22,UFC Fight Night: Shogun vs. Smith,Marcin Tybura vs. Stefan Struve,Marcin Tybura,-198
2018-07-22,UFC Fight Night: Shogun vs. Smith,Marcin Tybura vs. Stefan Struve,Stefan Struve,198
2019-09-21,UFC Fight Night: Rodriguez vs. Stephens,Marco Polo Reyes vs. Kyle Nelson,Marco Polo Reyes,127
2019-09-21,UFC Fight Night: Rodriguez vs. Stephens,Marco Polo Reyes vs. Kyle Nelson,Kyle Nelson,-127
2019-07-20,UFC Fight Night: Dos Anjos vs. Edwards,Mario Bautista vs. Jin Soo Son,Mario Bautista,-157
2019-07-20,UFC Fight Night: Dos Anjos vs. Edwards,Mario Bautista vs. Jin Soo Son,Jin Soo Son,157
2018-11-10,UFC Fight Night: Korean Zombie vs. Rodriguez,Mark De La Rosa vs. Joby Sanchez,Mark De La Rosa,-186
2018-11-10,UFC Fight Night: Korean Zombie vs. Rodriguez,Mark De La Rosa vs. Joby Sanchez,Joby Sanchez,186
2020-02-15,UFC Fight Night: Anderson vs. Blachowicz,Mark De La Rosa vs. Raulian Paiva,Mark De La Rosa,136
2020-02-15,UFC Fight Night: Anderson vs. Blachowicz,Mark De La Rosa vs. Raulian Paiva,Raulian Paiva,-136
2018-09-15,UFC Fight Night: Hunt vs. Oleinik,Mark Hunt vs. Aleksei Oleinik,Mark Hunt,-106
2018-09-15,UFC Fight Night: Hunt vs. Oleinik,Mark Hunt vs. Aleksei Oleinik,Aleksei Oleinik,106
2018-02-10,UFC 221: Romero vs. Rockhold,Mark Hunt vs. Curtis Blaydes,Mark Hunt,303
2018-02-10,UFC 221: Romero vs. Rockhold,Mark Hunt vs. Curtis Blaydes,Curtis Blaydes,-303
2018-12-01,UFC Fight Night: Dos Santos vs. Tuivasa,Mark Hunt vs. Justin Willis,Mark Hunt,232
2018-12-01,UFC Fight Night: Dos Santos vs. Tuivasa,Mark Hunt vs. Justin Willis,Justin Willis,-232
2018-05-12,UFC 224: Nunes vs. Pennington,Markus Perez vs. James Bochnovic,Markus Perez,-167
2018-05-12,UFC 224: Nunes vs. Pennington,Markus Perez vs. James Bochnovic,James Bochnovic,167
2019-11-16,UFC Fight Night: Blachowicz vs. Jacare,Markus Perez vs. Wellington Turman,Markus Perez,203
2019-11-16,UFC Fight Night: Blachowicz vs. Jacare,Markus Perez vs. Wellington Turman,Wellington Turman,-203
2019-12-14,UFC 245: Usman vs. Covington,Marlon Moraes vs. Jose Aldo,Marlon Moraes,121
2019-12-14,UFC 245: Usman vs. Covington,Marlon Moraes vs. Jose Aldo,Jose Aldo,-121
2019-10-12,UFC Fight Night: Joanna vs. Waterson,Marlon Vera vs. Andre Ewell,Marlon Vera,113
2019-10-12,UFC Fight Night: Joanna vs. Waterson,Marlon Vera vs. Andre Ewell,Andre Ewell,-113
2019-03-23,UFC Fight Night: Thompson vs. Pettis,Marlon Vera vs. Frankie Saenz,Marlon Vera,-109
2019-03-23,UFC Fight Night: Thompson vs. Pettis,Marlon Vera vs. Frankie Saenz,Frankie Saenz,109
2018-08-04,UFC 227: Dillashaw vs. Garbrandt 2,Marlon Vera vs. Wulijiburen,Marlon Vera,148
2018-08-04,UFC 227: Dillashaw vs. Garbrandt 2,Marlon Vera vs. Wulijiburen,Wulijiburen,-148
2019-09-21,UFC Fight Night: Rodriguez vs. Stephens,Martin Bravo vs. Steven Peterson,Martin Bravo,-135
2019-09-21,UFC Fight Night: Rodriguez vs. Stephens,Martin Bravo vs. Steven Peterson,Steven Peterson,135
2019-10-12,UFC Fight Night: Joanna vs. Waterson,Marvin Vettori vs. Andrew Sanchez,Marvin Vettori,-165
2019-10-12,UFC Fight Night: Joanna vs. Waterson,Marvin Vettori vs. Andrew Sanchez,Andrew Sanchez,165
2019-07-13,UFC Fight Night: De Randamie vs. Ladd,Marvin Vettori vs. Cezar Ferreira,Marvin Vettori,-185
2019-07-13,UFC Fight Night: De Randamie vs. Ladd,Marvin Vettori vs. Cezar Ferreira,Cezar Ferreira,185
2017-12-30,UFC 219: Cyborg vs. Holm,Marvin Vettori vs. Omari Akhmedov,Marvin Vettori,-192
2017-12-30,UFC 219: Cyborg vs. Holm,Marvin Vettori vs. Omari Akhmedov,Omari Akhmedov,192
2018-07-06,The Ultimate Fighter: Undefeated Finale,Matt Bessette vs. Steven Peterson,Matt Bessette,149
2018-07-06,The Ultimate Fighter: Undefeated Finale,Matt Bessette vs. Steven Peterson,Steven Peterson,-149
2019-12-14,UFC 245: Usman vs. Covington,Matt Brown vs. Ben Saunders,Matt Brown,-313
2019-12-14,UFC 245: Usman vs. Covington,Matt Brown vs. Ben Saunders,Ben Saunders,313
2017-11-11,UFC Fight Night: Poirier vs. Pettis,Matt Brown vs. Diego Sanchez,Matt Brown,-661
2017-11-11,UFC Fight Night: Poirier vs. Pettis,Matt Brown vs. Diego Sanchez,Diego Sanchez,661
2018-11-03,UFC 230: Cormier vs. Lewis,Matt Frevola vs. Lando Vannata,Matt Frevola,192
2018-11-03,UFC 230: Cormier vs. Lewis,Matt Frevola vs. Lando Vannata,Lando Vannata,-192
2019-10-12,UFC Fight Night: Joanna vs. Waterson,Matt Frevola vs. Luis Pena,Matt Frevola,248
2019-10-12,UFC Fight Night: Joanna vs. Waterson,Matt Frevola vs. Luis Pena,Luis Pena,-248
2017-10-07,UFC 216: Ferguson vs. Lee,Matt Schnell vs. Marco Beltran,Matt Schnell,201
2017-10-07,UFC 216: Ferguson vs. Lee,Matt Schnell vs. Marco Beltran,Marco Beltran,-201
2018-06-23,UFC Fight Night: Cowboy vs. Edwards,Matt Schnell vs. Naoki Inoue,Matt Schnell,268
2018-06-23,UFC Fight Night: Cowboy vs. Edwards,Matt Schnell vs. Naoki Inoue,Naoki Inoue,-268
2019-06-22,UFC Fight Night: Moicano vs. The Korean Zombie,Matt Wiman vs. Luis Pena,Matt Wiman,293
2019-06-22,UFC Fight Night: Moicano vs. The Korean Zombie,Matt Wiman vs. Luis Pena,Luis Pena,-293
2018-04-14,UFC Fight Night: Poirier vs. Gaethje,Matthew Lopez vs. Alejandro Perez,Matthew Lopez,108
2018-04-14,UFC Fight Night: Poirier vs. Gaethje,Matthew Lopez vs. Alejandro Perez,Alejandro Perez,-108
2019-06-29,UFC Fight Night: Ngannou vs. Dos Santos,Maurice Greene vs. Junior Albini,Maurice Greene,-103
2019-06-29,UFC Fight Night: Ngannou vs. Dos Santos,Maurice Greene vs. Junior Albini,Junior Albini,103
2019-10-26,UFC Fight Night: Maia vs. Askren,Maurice Greene vs. Sergei Pavlovich,Maurice Greene,-119
2019-10-26,UFC Fight Night: Maia vs. Askren,Maurice Greene vs. Sergei Pavlovich,Sergei Pavlovich,119
2018-07-22,UFC Fight Night: Shogun vs. Smith,Mauricio Rua vs. Anthony Smith,Mauricio Rua,-137
2018-07-22,UFC Fight Night: Shogun vs. Smith,Mauricio Rua vs. Anthony Smith,Anthony Smith,137
2019-11-16,UFC Fight Night: Blachowicz vs. Jacare,Mauricio Rua vs. Paul Craig,Mauricio Rua,-113
2019-11-16,UFC Fight Night: Blachowicz vs. Jacare,Mauricio Rua vs. Paul Craig,Paul Craig,113
2018-12-01,UFC Fight Night: Dos Santos vs. Tuivasa,Mauricio Rua vs. Tyson Pedro,Mauricio Rua,260
2018-12-01,UFC Fight Night: Dos Santos vs. Tuivasa,Mauricio Rua vs. Tyson Pedro,Tyson Pedro,-260
2019-10-12,UFC Fight Night: Joanna vs. Waterson,Max Griffin vs. Alex Morono,Max Griffin,216
2019-10-12,UFC Fight Night: Joanna vs. Waterson,Max Griffin vs. Alex Morono,Alex Morono,-216
2019-12-14,UFC 245: Usman vs. Covington,Max Holloway vs. Alexander Volkanovski,Max Holloway,-205
2019-12-14,UFC 245: Usman vs. Covington,Max Holloway vs. Alexander Volkanovski,Alexander Volkanovski,205
2019-04-13,UFC 236: Holloway vs. Poirier 2,Max Holloway vs. Dustin Poirier,Max Holloway,-159
2019-04-13,UFC 236: Holloway vs. Poirier 2,Max Holloway vs. Dustin Poirier,Dustin Poirier,159
2019-07-27,UFC 240: Holloway vs. Edgar,Max Holloway vs. Frankie Edgar,Max Holloway,-177
2019-07-27,UFC 240: Holloway vs. Edgar,Max Holloway vs. Frankie Edgar,Frankie Edgar,177
2017-12-02,UFC 218: Holloway vs. Aldo 2,Max Holloway vs. Jose Aldo,Max Holloway,-334
2017-12-02,UFC 218: Holloway vs. Aldo 2,Max Holloway vs. Jose Aldo,Jose Aldo,334
2018-09-15,UFC Fight Night: Hunt vs. Oleinik,Merab Dvalishvili vs. Terrion Ware,Merab Dvalishvili,-320
2018-09-15,UFC Fight Night: Hunt vs. Oleinik,Merab Dvalishvili vs. Terrion Ware,Terrion Ware,320
2017-11-04,UFC 217: Bisping vs. St-Pierre,Michael Bisping vs. Georges St-Pierre,Michael Bisping,371
2017-11-04,UFC 217: Bisping vs. St-Pierre,Michael Bisping vs. Georges St-Pierre,Georges St-Pierre,-371
2017-11-25,UFC Fight Night: Bisping vs. Gastelum,Michael Bisping vs. Kelvin Gastelum,Michael Bisping,288
2017-11-25,UFC Fight Night: Bisping vs. Gastelum,Michael Bisping vs. Kelvin Gastelum,Kelvin Gastelum,-288
2018-07-07,UFC 226: Miocic vs. Cormier,Michael Chiesa vs. Anthony Pettis,Michael Chiesa,145
2018-07-07,UFC 226: Miocic vs. Cormier,Michael Chiesa vs. Anthony Pettis,Anthony Pettis,-145
2018-08-25,UFC Fight Night: Gaethje vs. Vick,Michael Johnson vs. Andre Fili,Michael Johnson,-119
2018-08-25,UFC Fight Night: Gaethje vs. Vick,Michael Johnson vs. Andre Fili,Andre Fili,119
2018-10-27,UFC Fight Night: Oezdemir vs. Smith,Michael Johnson vs. Artem Lobov,Michael Johnson,-287
2018-10-27,UFC Fight Night: Oezdemir vs. Smith,Michael Johnson vs. Artem Lobov,Artem Lobov,287
2019-10-26,UFC Fight Night: Maia vs. Askren,Michael Johnson vs. Stevie Ray,Michael Johnson,-220
2019-10-26,UFC Fight Night: Maia vs. Askren,Michael Johnson vs. Stevie Ray,Stevie Ray,220
2019-05-18,UFC Fight Night: Dos Anjos vs. Lee,Michael Trizano vs. Grant Dawson,Michael Trizano,101
2019-05-18,UFC Fight Night: Dos Anjos vs. Lee,Michael Trizano vs. Grant Dawson,Grant Dawson,-101
2018-11-10,UFC Fight Night: Korean Zombie vs. Rodriguez,Michael Trizano vs. Luis Pena,Michael Trizano,103
2018-11-10,UFC Fight Night: Korean Zombie vs. Rodriguez,Michael Trizano vs. Luis Pena,Luis Pena,-103
2019-09-28,UFC Fight Night: Hermansson vs. Cannonier,Michal Oleksiejczuk vs. Ovince Saint Preux,Michal Oleksiejczuk,-491
2019-09-28,UFC Fight Night: Hermansson vs. Cannonier,Michal Oleksiejczuk vs. Ovince Saint Preux,Ovince Saint Preux,491
2018-11-17,UFC Fight Night: Magny vs. Ponzinibbio,Michel Prazeres vs. Bartosz Fabinski,Michel Prazeres,150
2018-11-17,UFC Fight Night: Magny vs. Ponzinibbio,Michel Prazeres vs. Bartosz Fabinski,Bartosz Fabinski,-150
2018-02-03,UFC Fight Night: Machida vs. Anders,Michel Prazeres vs. Desmond Green,Michel Prazeres,145
2018-02-03,UFC Fight Night: Machida vs. Anders,Michel Prazeres vs. Desmond Green,Desmond Green,-145
2018-08-25,UFC Fight Night: Gaethje vs. Vick,Mickey Gall vs. George Sullivan,Mickey Gall,-204
2018-08-25,UFC Fight Night: Gaethje vs. Vick,Mickey Gall vs. George Sullivan,George Sullivan,204
2019-08-03,UFC Fight Night: Covington vs. Lawler,Mickey Gall vs. Salim Touahri,Mickey Gall,-132
2019-08-03,UFC Fight Night: Covington vs. Lawler,Mickey Gall vs. Salim Touahri,Salim Touahri,132
2019-10-12,UFC Fight Night: Joanna vs. Waterson,Mike Davis vs. Thomas Gifford,Mike Davis,115
2019-10-12,UFC Fight Night: Joanna vs. Waterson,Mike Davis vs. Thomas Gifford,Thomas Gifford,-115
2018-02-24,UFC Fight Night: Emmett vs. Stephens,Mike Perry vs. Max Griffin,Mike Perry,-241
2018-02-24,UFC Fight Night: Emmett vs. Stephens,Mike Perry vs. Max Griffin,Max Griffin,241
2018-03-03,UFC 222: Cyborg vs. Kunitskaya,Mike Pyle vs. Zak Ottow,Mike Pyle,313
2018-03-03,UFC 222: Cyborg vs. Kunitskaya,Mike Pyle vs. Zak Ottow,Zak Ottow,-313
2018-06-09,UFC 225: Whittaker vs. Romero 2,Mike Santiago vs. Dan Ige,Mike Santiago,118
2018-06-09,UFC 225: Whittaker vs. Romero 2,Mike Santiago vs. Dan Ige,Dan Ige,-118
2020-02-08,UFC 247: Jones vs. Reyes,Miles Johns vs. Mario Bautista,Miles Johns,-195
2020-02-08,UFC 247: Jones vs. Reyes,Miles Johns vs. Mario Bautista,Mario Bautista,195
2020-02-08,UFC 247: Jones vs. Reyes,Mirsad Bektic vs. Dan Ige,Mirsad Bektic,146
2020-02-08,UFC 247: Jones vs. Reyes,Mirsad Bektic vs. Dan Ige,Dan Ige,-146
2018-01-27,UFC Fight Night: Jacare vs. Brunson 2,Mirsad Bektic vs. Godofredo Pepey,Mirsad Bektic,-405
2018-01-27,UFC Fight Night: Jacare vs. Brunson 2,Mirsad Bektic vs. Godofredo Pepey,Godofredo Pepey,405
2019-09-14,UFC Fight Night: Cowboy vs. Gaethje,Misha Cirkunov vs. Jimmy Crute,Misha Cirkunov,135
2019-09-14,UFC Fight Night: Cowboy vs. Gaethje,Misha Cirkunov vs. Jimmy Crute,Jimmy Crute,-135
2019-03-02,UFC 235: Jones vs. Smith,Misha Cirkunov vs. Johnny Walker,Misha Cirkunov,-126
2019-03-02,UFC 235: Jones vs. Smith,Misha Cirkunov vs. Johnny Walker,Johnny Walker,126
2018-10-27,UFC Fight Night: Oezdemir vs. Smith,Misha Cirkunov vs. Patrick Cummins,Misha Cirkunov,-374
2018-10-27,UFC Fight Night: Oezdemir vs. Smith,Misha Cirkunov vs. Patrick Cummins,Patrick Cummins,374
2018-12-01,UFC Fight Night: Dos Santos vs. Tuivasa,Mizuto Hirota vs. Christos Giagos,Mizuto Hirota,149
2018-12-01,UFC Fight Night: Dos Santos vs. Tuivasa,Mizuto Hirota vs. Christos Giagos,Christos Giagos,-149
2019-04-13,UFC 236: Holloway vs. Poirier 2,Montel Jackson vs. Andre Soukhamthath,Montel Jackson,-285
2019-04-13,UFC 236: Holloway vs. Poirier 2,Montel Jackson vs. Andre Soukhamthath,Andre Soukhamthath,285
2020-01-25,UFC Fight Night: Blaydes vs. Dos Santos,Montel Jackson vs. Felipe Colares,Montel Jackson,-183
2020-01-25,UFC Fight Night: Blaydes vs. Dos Santos,Montel Jackson vs. Felipe Colares,Felipe Colares,183
2019-10-26,UFC Fight Night: Maia vs. Askren,Muslim Salikhov vs. Laureano Staropoli,Muslim Salikhov,113
2019-10-26,UFC Fight Night: Maia vs. Askren,Muslim Salikhov vs. Laureano Staropoli,Laureano Staropoli,-113
2018-07-14,UFC Fight Night: Dos Santos vs. Ivanov,Myles Jury vs. Chad Mendes,Myles Jury,-133
2018-07-14,UFC Fight Night: Dos Santos vs. Ivanov,Myles Jury vs. Chad Mendes,Chad Mendes,133
2017-12-30,UFC 219: Cyborg vs. Holm,Myles Jury vs. Ricky Glenn,Myles Jury,-153
2017-12-30,UFC 219: Cyborg vs. Holm,Myles Jury vs. Ricky Glenn,Ricky Glenn,153
2018-07-22,UFC Fight Night: Shogun vs. Smith,Nasrat Haqparast vs. Marc Diakiese,Nasrat Haqparast,-124
2018-07-22,UFC Fight Night: Shogun vs. Smith,Nasrat Haqparast vs. Marc Diakiese,Marc Diakiese,124
2017-11-11,UFC Fight Night: Poirier vs. Pettis,Nate Marquardt vs. Cezar Ferreira,Nate Marquardt,-103
2017-11-11,UFC Fight Night: Poirier vs. Pettis,Nate Marquardt vs. Cezar Ferreira,Cezar Ferreira,103
2018-12-29,UFC 232: Jones vs. Gustafsson 2,Nathaniel Wood vs. Andre Ewell,Nathaniel Wood,112
2018-12-29,UFC 232: Jones vs. Gustafsson 2,Nathaniel Wood vs. Andre Ewell,Andre Ewell,-112
2019-03-16,UFC Fight Night: Till vs. Masvidal,Nathaniel Wood vs. Jose Quinonez,Nathaniel Wood,101
2019-03-16,UFC Fight Night: Till vs. Masvidal,Nathaniel Wood vs. Jose Quinonez,Jose Quinonez,-101
2018-11-17,UFC Fight Night: Magny vs. Ponzinibbio,Neil Magny vs. Santiago Ponzinibbio,Neil Magny,110
2018-11-17,UFC Fight Night: Magny vs. Ponzinibbio,Neil Magny vs. Santiago Ponzinibbio,Santiago Ponzinibbio,-110
2018-07-22,UFC Fight Night: Shogun vs. Smith,Nick Hein vs. Damir Hadzovic,Nick Hein,-129
2018-07-22,UFC Fight Night: Shogun vs. Smith,Nick Hein vs. Damir Hadzovic,Damir Hadzovic,129
2019-06-01,UFC Fight Night: Gustafsson vs. Smith,Nick Hein vs. Frank Camacho,Nick Hein,139
2019-06-01,UFC Fight Night: Gustafsson vs. Smith,Nick Hein vs. Frank Camacho,Frank Camacho,-139
2019-09-28,UFC Fight Night: Hermansson vs. Cannonier,Nicolas Dalby vs. Alex Oliveira,Nicolas Dalby,340
2019-09-28,UFC Fight Night: Hermansson vs. Cannonier,Nicolas Dalby vs. Alex Oliveira,Alex Oliveira,-340
2018-01-27,UFC Fight Night: Jacare vs. Brunson 2,Niko Price vs. George Sullivan,Niko Price,-118
2018-01-27,UFC Fight Night: Jacare vs. Brunson 2,Niko Price vs. George Sullivan,George Sullivan,118
2019-10-12,UFC Fight Night: Joanna vs. Waterson,Niko Price vs. James Vick,Niko Price,231
2019-10-12,UFC Fight Night: Joanna vs. Waterson,Niko Price vs. James Vick,James Vick,-231
2017-12-16,UFC Fight Night: Lawler vs. Dos Anjos,Nordine Taleb vs. Danny Roberts,Nordine Taleb,-196
2017-12-16,UFC Fight Night: Lawler vs. Dos Anjos,Nordine Taleb vs. Danny Roberts,Danny Roberts,196
2019-09-07,UFC 242: Khabib vs. Poirier,Nordine Taleb vs. Muslim Salikhov,Nordine Taleb,-144
2019-09-07,UFC 242: Khabib vs. Poirier,Nordine Taleb vs. Muslim Salikhov,Muslim Salikhov,144
2018-10-27,UFC Fight Night: Oezdemir vs. Smith,Nordine Taleb vs. Sean Strickland,Nordine Taleb,192
2018-10-27,UFC Fight Night: Oezdemir vs. Smith,Nordine Taleb vs. Sean Strickland,Sean Strickland,-192
2019-07-27,UFC 240: Holloway vs. Edgar,Olivier Aubin-Mercier vs. Arman Tsarukyan,Olivier Aubin-Mercier,-137
2019-07-27,UFC 240: Holloway vs. Edgar,Olivier Aubin-Mercier vs. Arman Tsarukyan,Arman Tsarukyan,137
2018-12-08,UFC 231: Holloway vs. Ortega,Olivier Aubin-Mercier vs. Gilbert Burns,Olivier Aubin-Mercier,-193
2018-12-08,UFC 231: Holloway vs. Ortega,Olivier Aubin-Mercier vs. Gilbert Burns,Gilbert Burns,193
2019-09-07,UFC 242: Khabib vs. Poirier,Omari Akhmedov vs. Zak Cummings,Omari Akhmedov,-104
2019-09-07,UFC 242: Khabib vs. Poirier,Omari Akhmedov vs. Zak Cummings,Zak Cummings,104
2017-11-04,UFC 217: Bisping vs. St-Pierre,Ovince Saint Preux vs. Corey Anderson,Ovince Saint Preux,454
2017-11-04,UFC 217: Bisping vs. St-Pierre,Ovince Saint Preux vs. Corey Anderson,Corey Anderson,-454
2018-10-06,UFC 229: Khabib vs. McGregor,Ovince Saint Preux vs. Dominick Reyes,Ovince Saint Preux,398
2018-10-06,UFC 229: Khabib vs. McGregor,Ovince Saint Preux vs. Dominick Reyes,Dominick Reyes,-398
2018-02-24,UFC Fight Night: Emmett vs. Stephens,Ovince Saint Preux vs. Ilir Latifi,Ovince Saint Preux,134
2018-02-24,UFC Fight Night: Emmett vs. Stephens,Ovince Saint Preux vs. Ilir Latifi,Ilir Latifi,-134
2019-04-13,UFC 236: Holloway vs. Poirier 2,Ovince Saint Preux vs. Nikita Krylov,Ovince Saint Preux,560
2019-04-13,UFC 236: Holloway vs. Poirier 2,Ovince Saint Preux vs. Nikita Krylov,Nikita Krylov,-560
2018-06-23,UFC Fight Night: Cowboy vs. Edwards,Ovince Saint Preux vs. Tyson Pedro,Ovince Saint Preux,318
2018-06-23,UFC Fight Night: Cowboy vs. Edwards,Ovince Saint Preux vs. Tyson Pedro,Tyson Pedro,-318
2017-09-22,UFC Fight Night: Saint Preux vs. Okami,Ovince Saint Preux vs. Yushin Okami,Ovince Saint Preux,-109
2017-09-22,UFC Fight Night: Saint Preux vs. Okami,Ovince Saint Preux vs. Yushin Okami,Yushin Okami,109
2019-05-18,UFC Fight Night: Dos Anjos vs. Lee,Patrick Cummins vs. Ed Herman,Patrick Cummins,-131
2019-05-18,UFC Fight Night: Dos Anjos vs. Lee,Patrick Cummins vs. Ed Herman,Ed Herman,131
2018-07-07,UFC 226: Miocic vs. Cormier,Paul Felder vs. Mike Perry,Paul Felder,-112
2018-07-07,UFC 226: Miocic vs. Cormier,Paul Felder vs. Mike Perry,Mike Perry,112
2018-08-04,UFC 227: Dillashaw vs. Garbrandt 2,Pedro Munhoz vs. Brett Johns,Pedro Munhoz,377
2018-08-04,UFC 227: Dillashaw vs. Garbrandt 2,Pedro Munhoz vs. Brett Johns,Brett Johns,-377
2018-11-30,The Ultimate Fighter: Heavy Hitters Finale,Pedro Munhoz vs. Bryan Caraway,Pedro Munhoz,-176
2018-11-30,The Ultimate Fighter: Heavy Hitters Finale,Pedro Munhoz vs. Bryan Caraway,Bryan Caraway,176
2017-10-28,UFC Fight Night: Brunson vs. Machida,Pedro Munhoz vs. Rob Font,Pedro Munhoz,235
2017-10-28,UFC Fight Night: Brunson vs. Machida,Pedro Munhoz vs. Rob Font,Rob Font,-235
2019-12-14,UFC 245: Usman vs. Covington,Petr Yan vs. Urijah Faber,Petr Yan,-248
2019-12-14,UFC 245: Usman vs. Covington,Petr Yan vs. Urijah Faber,Urijah Faber,248
2019-07-13,UFC Fight Night: De Randamie vs. Ladd,Pingyuan Liu vs. Jonathan Martinez,Pingyuan Liu,124
2019-07-13,UFC Fight Night: De Randamie vs. Ladd,Pingyuan Liu vs. Jonathan Martinez,Jonathan Martinez,-124
2018-06-09,UFC 225: Whittaker vs. Romero 2,Rafael Dos Anjos vs. Colby Covington,Rafael Dos Anjos,190
2018-06-09,UFC 225: Whittaker vs. Romero 2,Rafael Dos Anjos vs. Colby Covington,Colby Covington,-190
2018-11-30,The Ultimate Fighter: Heavy Hitters Finale,Rafael Dos Anjos vs. Kamaru Usman,Rafael Dos Anjos,183
2018-11-30,The Ultimate Fighter: Heavy Hitters Finale,Rafael Dos Anjos vs. Kamaru Usman,Kamaru Usman,-183
2019-05-18,UFC Fight Night: Dos Anjos vs. Lee,Rafael Dos Anjos vs. Kevin Lee,Rafael Dos Anjos,128
2019-05-18,UFC Fight Night: Dos Anjos vs. Lee,Rafael Dos Anjos vs. Kevin Lee,Kevin Lee,-128
2019-07-20,UFC Fight Night: Dos Anjos vs. Edwards,Rafael Dos Anjos vs. Leon Edwards,Rafael Dos Anjos,-129
2019-07-20,UFC Fight Night: Dos Anjos vs. Edwards,Rafael Dos Anjos vs. Leon Edwards,Leon Edwards,129
2020-01-25,UFC Fight Night: Blaydes vs. Dos Santos,Rafael Dos Anjos vs. Michael Chiesa,Rafael Dos Anjos,-165
2020-01-25,UFC Fight Night: Blaydes vs. Dos Santos,Rafael Dos Anjos vs. Michael Chiesa,Michael Chiesa,165
2019-11-09,UFC Fight Night: Zabit vs. Kattar,Ramazan Emeev vs. Anthony Rocco Martin,Ramazan Emeev,150
2019-11-09,UFC Fight Night: Zabit vs. Kattar,Ramazan Emeev vs. Anthony Rocco Martin,Anthony Rocco Martin,-150
2017-11-04,UFC 217: Bisping vs. St-Pierre,Randy Brown vs. Mickey Gall,Randy Brown,192
2017-11-04,UFC 217: Bisping vs. St-Pierre,Randy Brown vs. Mickey Gall,Mickey Gall,-192
2018-07-14,UFC Fight Night: Dos Santos vs. Ivanov,Randy Brown vs. Niko Price,Randy Brown,-107
2018-07-14,UFC Fight Night: Dos Santos vs. Ivanov,Randy Brown vs. Niko Price,Niko Price,107
2019-10-18,UFC Fight Night: Reyes vs. Weidman,Randy Costa vs. Boston Salmon,Randy Costa,-497
2019-10-18,UFC Fight Night: Reyes vs. Weidman,Randy Costa vs. Boston Salmon,Boston Salmon,497
2018-08-25,UFC Fight Night: Gaethje vs. Vick,Rani Yahya vs. Luke Sanders,Rani Yahya,-154
2018-08-25,UFC Fight Night: Gaethje vs. Vick,Rani Yahya vs. Luke Sanders,Luke Sanders,154
2019-02-09,UFC 234: Adesanya vs. Silva,Rani Yahya vs. Ricky Simon,Rani Yahya,-121
2019-02-09,UFC 234: Adesanya vs. Silva,Rani Yahya vs. Ricky Simon,Ricky Simon,121
2018-02-24,UFC Fight Night: Emmett vs. Stephens,Rani Yahya vs. Russell Doane,Rani Yahya,-123
2018-02-24,UFC Fight Night: Emmett vs. Stephens,Rani Yahya vs. Russell Doane,Russell Doane,123
2019-12-21,UFC Fight Night: Edgar vs. The Korean Zombie,Raoni Barcelos vs. Said Nurmagomedov,Raoni Barcelos,154
2019-12-21,UFC Fight Night: Edgar vs. The Korean Zombie,Raoni Barcelos vs. Said Nurmagomedov,Said Nurmagomedov,-154
2019-08-17,UFC 241: Cormier vs. Miocic 2,Raphael Assuncao vs. Cory Sandhagen,Raphael Assuncao,176
2019-08-17,UFC 241: Cormier vs. Miocic 2,Raphael Assuncao vs. Cory Sandhagen,Cory Sandhagen,-176
2019-02-02,UFC Fight Night: Assuncao vs. Moraes 2,Raphael Assuncao vs. Marlon Moraes,Raphael Assuncao,-141
2019-02-02,UFC Fight Night: Assuncao vs. Moraes 2,Raphael Assuncao vs. Marlon Moraes,Marlon Moraes,141
2017-11-11,UFC Fight Night: Poirier vs. Pettis,Raphael Assuncao vs. Matthew Lopez,Raphael Assuncao,-166
2017-11-11,UFC Fight Night: Poirier vs. Pettis,Raphael Assuncao vs. Matthew Lopez,Matthew Lopez,166
2018-07-07,UFC 226: Miocic vs. Cormier,Raphael Assuncao vs. Rob Font,Raphael Assuncao,114
2018-07-07,UFC 226: Miocic vs. Cormier,Raphael Assuncao vs. Rob Font,Rob Font,-114
2019-10-26,UFC Fight Night: Maia vs. Askren,Raphael Pessoa vs. Jeff Hughes,Raphael Pessoa,174
2019-10-26,UFC Fight Night: Maia vs. Askren,Raphael Pessoa vs. Jeff Hughes,Jeff Hughes,-174
2018-06-09,UFC 225: Whittaker vs. Romero 2,Rashad Coulter vs. Chris de la Rocha,Rashad Coulter,-134
2018-06-09,UFC 225: Whittaker vs. Romero 2,Rashad Coulter vs. Chris de la Rocha,Chris de la Rocha,134
2018-06-09,UFC 225: Whittaker vs. Romero 2,Rashad Evans vs. Anthony Smith,Rashad Evans,-112
2018-06-09,UFC 225: Whittaker vs. Romero 2,Rashad Evans vs. Anthony Smith,Anthony Smith,112
2018-02-24,UFC Fight Night: Emmett vs. Stephens,Renan Barao vs. Brian Kelleher,Renan Barao,-166
2018-02-24,UFC Fight Night: Emmett vs. Stephens,Renan Barao vs. Brian Kelleher,Brian Kelleher,166
2019-02-17,UFC Fight Night: Ngannou vs. Velasquez,Renan Barao vs. Luke Sanders,Renan Barao,-213
2019-02-17,UFC Fight Night: Ngannou vs. Velasquez,Renan Barao vs. Luke Sanders,Luke Sanders,213
2018-04-07,UFC 223: Khabib vs. Iaquinta,Renato Moicano vs. Calvin Kattar,Renato Moicano,-218
2018-04-07,UFC 223: Khabib vs. Iaquinta,Renato Moicano vs. Calvin Kattar,Calvin Kattar,218
2019-06-22,UFC Fight Night: Moicano vs. The Korean Zombie,Renato Moicano vs. Chan Sung Jung,Renato Moicano,-186
2019-06-22,UFC Fight Night: Moicano vs. The Korean Zombie,Renato Moicano vs. Chan Sung Jung,Chan Sung Jung,186
2019-06-08,UFC 238: Cejudo vs. Moraes,Ricardo Lamas vs. Calvin Kattar,Ricardo Lamas,-220
2019-06-08,UFC 238: Cejudo vs. Moraes,Ricardo Lamas vs. Calvin Kattar,Calvin Kattar,220
2018-11-17,UFC Fight Night: Magny vs. Ponzinibbio,Ricardo Lamas vs. Darren Elkins,Ricardo Lamas,-111
2018-11-17,UFC Fight Night: Magny vs. Ponzinibbio,Ricardo Lamas vs. Darren Elkins,Darren Elkins,111
2017-12-16,UFC Fight Night: Lawler vs. Dos Anjos,Ricardo Lamas vs. Josh Emmett,Ricardo Lamas,100
2017-12-16,UFC Fight Night: Lawler vs. Dos Anjos,Ricardo Lamas vs. Josh Emmett,Josh Emmett,-100
2018-06-09,UFC 225: Whittaker vs. Romero 2,Ricardo Lamas vs. Mirsad Bektic,Ricardo Lamas,247
2018-06-09,UFC 225: Whittaker vs. Romero 2,Ricardo Lamas vs. Mirsad Bektic,Mirsad Bektic,-247
2019-11-16,UFC Fight Night: Blachowicz vs. Jacare,Ricardo Ramos vs. Eduardo Garagorri,Ricardo Ramos,-121
2019-11-16,UFC Fight Night: Blachowicz vs. Jacare,Ricardo Ramos vs. Eduardo Garagorri,Eduardo Garagorri,121
2018-08-04,UFC 227: Dillashaw vs. Garbrandt 2,Ricardo Ramos vs. Kyung Ho Kang,Ricardo Ramos,-213
2018-08-04,UFC 227: Dillashaw vs. Garbrandt 2,Ricardo Ramos vs. Kyung Ho Kang,Kyung Ho Kang,213
2019-02-02,UFC Fight Night: Assuncao vs. Moraes 2,Ricardo Ramos vs. Said Nurmagomedov,Ricardo Ramos,-103
2019-02-02,UFC Fight Night: Assuncao vs. Moraes 2,Ricardo Ramos vs. Said Nurmagomedov,Said Nurmagomedov,103
2019-12-07,UFC Fight Night: Overeem vs. Rozenstruik,Rob Font vs. Ricky Simon,Rob Font,-131
2019-12-07,UFC Fight Night: Overeem vs. Rozenstruik,Rob Font vs. Ricky Simon,Ricky Simon,131
2018-12-15,UFC Fight Night: Lee vs. Iaquinta,Rob Font vs. Sergio Pettis,Rob Font,240
2018-12-15,UFC Fight Night: Lee vs. Iaquinta,Rob Font vs. Sergio Pettis,Sergio Pettis,-240
2017-12-16,UFC Fight Night: Lawler vs. Dos Anjos,Robbie Lawler vs. Rafael Dos Anjos,Robbie Lawler,293
2017-12-16,UFC Fight Night: Lawler vs. Dos Anjos,Robbie Lawler vs. Rafael Dos Anjos,Rafael Dos Anjos,-293
2018-09-08,UFC 228: Woodley vs. Till,Robert Sanchez vs. Jarred Brooks,Robert Sanchez,120
2018-09-08,UFC 228: Woodley vs. Till,Robert Sanchez vs. Jarred Brooks,Jarred Brooks,-120
2018-02-18,UFC Fight Night: Cerrone vs. Medeiros,Robert Sanchez vs. Joby Sanchez,Robert Sanchez,203
2018-02-18,UFC Fight Night: Cerrone vs. Medeiros,Robert Sanchez vs. Joby Sanchez,Joby Sanchez,-203
2019-10-05,UFC 243: Whittaker vs. Adesanya,Robert Whittaker vs. Israel Adesanya,Robert Whittaker,-137
2019-10-05,UFC 243: Whittaker vs. Adesanya,Robert Whittaker vs. Israel Adesanya,Israel Adesanya,137
2018-06-09,UFC 225: Whittaker vs. Romero 2,Robert Whittaker vs. Yoel Romero,Robert Whittaker,-308
2018-06-09,UFC 225: Whittaker vs. Romero 2,Robert Whittaker vs. Yoel Romero,Yoel Romero,308
2019-08-10,UFC Fight Night: Shevchenko vs. Carmouche 2,Rogerio Bontorin vs. Raulian Paiva,Rogerio Bontorin,241
2019-08-10,UFC Fight Night: Shevchenko vs. Carmouche 2,Rogerio Bontorin vs. Raulian Paiva,Raulian Paiva,-241
2020-02-15,UFC Fight Night: Anderson vs. Blachowicz,Rogerio Bontorin vs. Ray Borg,Rogerio Bontorin,168
2020-02-15,UFC Fight Night: Anderson vs. Blachowicz,Rogerio Bontorin vs. Ray Borg,Ray Borg,-168
2019-05-11,UFC 237: Namajunas vs. Andrade,Rogerio Nogueira vs. Ryan Spann,Rogerio Nogueira,352
2019-05-11,UFC 237: Namajunas vs. Andrade,Rogerio Nogueira vs. Ryan Spann,Ryan Spann,-352
2018-06-23,UFC Fight Night: Cowboy vs. Edwards,Rolando Dy vs. Shane Young,Rolando Dy,-111
2018-06-23,UFC Fight Night: Cowboy vs. Edwards,Rolando Dy vs. Shane Young,Shane Young,111
2019-06-29,UFC Fight Night: Ngannou vs. Dos Santos,Roosevelt Roberts vs. Vinc Pichel,Roosevelt Roberts,-328
2019-06-29,UFC Fight Night: Ngannou vs. Dos Santos,Roosevelt Roberts vs. Vinc Pichel,Vinc Pichel,328
2019-03-30,UFC Fight Night: Barboza vs. Gaethje,Ross Pearson vs. Desmond Green,Ross Pearson,379
2019-03-30,UFC Fight Night: Barboza vs. Gaethje,Ross Pearson vs. Desmond Green,Desmond Green,-379
2018-02-10,UFC 221: Romero vs. Rockhold,Ross Pearson vs. Mizuto Hirota,Ross Pearson,-189
2018-02-10,UFC 221: Romero vs. Rockhold,Ross Pearson vs. Mizuto Hirota,Mizuto Hirota,189
2019-02-23,UFC Fight Night: Blachowicz vs. Santos,Rustam Khabilov vs. Diego Ferreira,Rustam Khabilov,-120
2019-02-23,UFC Fight Night: Blachowicz vs. Santos,Rustam Khabilov vs. Diego Ferreira,Diego Ferreira,120
2018-09-15,UFC Fight Night: Hunt vs. Oleinik,Rustam Khabilov vs. Kajan Johnson,Rustam Khabilov,-149
2018-09-15,UFC Fight Night: Hunt vs. Oleinik,Rustam Khabilov vs. Kajan Johnson,Kajan Johnson,149
2019-11-09,UFC Fight Night: Zabit vs. Kattar,Rustam Khabilov vs. Sergey Khandozhko,Rustam Khabilov,124
2019-11-09,UFC Fight Night: Zabit vs. Kattar,Rustam Khabilov vs. Sergey Khandozhko,Sergey Khandozhko,-124
2017-11-18,UFC Fight Night: Werdum vs. Tybura,Ryan Benoit vs. Ashkan Mokhtarian,Ryan Benoit,-168
2017-11-18,UFC Fight Night: Werdum vs. Tybura,Ryan Benoit vs. Ashkan Mokhtarian,Ashkan Mokhtarian,168
2018-04-21,UFC Fight Night: Barboza vs. Lee,Ryan LaFlare vs. Alex Garcia,Ryan LaFlare,-107
2018-04-21,UFC Fight Night: Barboza vs. Lee,Ryan LaFlare vs. Alex Garcia,Alex Garcia,107
2018-10-06,UFC 229: Khabib vs. McGregor,Ryan LaFlare vs. Anthony Rocco Martin,Ryan LaFlare,-149
2018-10-06,UFC 229: Khabib vs. McGregor,Ryan LaFlare vs. Anthony Rocco Martin,Anthony Rocco Martin,149
2019-10-12,UFC Fight Night: Joanna vs. Waterson,Ryan Spann vs. Devin Clark,Ryan Spann,-149
2019-10-12,UFC Fight Night: Joanna vs. Waterson,Ryan Spann vs. Devin Clark,Devin Clark,149
2017-12-02,UFC 218: Holloway vs. Aldo 2,Sabah Homasi vs. Abdul Razak Alhassan,Sabah Homasi,181
2017-12-02,UFC 218: Holloway vs. Aldo 2,Sabah Homasi vs. Abdul Razak Alhassan,Abdul Razak Alhassan,-137
2018-01-20,UFC 220: Miocic vs. Ngannou,Sabah Homasi vs. Abdul Razak Alhassan,Sabah Homasi,116
2018-01-20,UFC 220: Miocic vs. Ngannou,Sabah Homasi vs. Abdul Razak Alhassan,Abdul Razak Alhassan,110
2017-11-11,UFC Fight Night: Poirier vs. Pettis,Sage Northcutt vs. Michel Quinones,Sage Northcutt,-834
2017-11-11,UFC Fight Night: Poirier vs. Pettis,Sage Northcutt vs. Michel Quinones,Michel Quinones,834
2018-02-18,UFC Fight Night: Cerrone vs. Medeiros,Sage Northcutt vs. Thibault Gouti,Sage Northcutt,-714
2018-02-18,UFC Fight Night: Cerrone vs. Medeiros,Sage Northcutt vs. Thibault Gouti,Thibault Gouti,714
2018-07-14,UFC Fight Night: Dos Santos vs. Ivanov,Sage Northcutt vs. Zak Ottow,Sage Northcutt,-326
2018-07-14,UFC Fight Night: Dos Santos vs. Ivanov,Sage Northcutt vs. Zak Ottow,Zak Ottow,326
2019-07-20,UFC Fight Night: Dos Anjos vs. Edwards,Sam Alvey vs. Klidson Abreu,Sam Alvey,129
2019-07-20,UFC Fight Night: Dos Anjos vs. Edwards,Sam Alvey vs. Klidson Abreu,Klidson Abreu,-129
2018-09-22,UFC Fight Night: Marreta vs. Anders,Sam Alvey vs. Rogerio Nogueira,Sam Alvey,-194
2018-09-22,UFC Fight Night: Marreta vs. Anders,Sam Alvey vs. Rogerio Nogueira,Rogerio Nogueira,194
2017-12-16,UFC Fight Night: Lawler vs. Dos Anjos,Santiago Ponzinibbio vs. Mike Perry,Santiago Ponzinibbio,-115
2017-12-16,UFC Fight Night: Lawler vs. Dos Anjos,Santiago Ponzinibbio vs. Mike Perry,Mike Perry,115
2018-10-06,UFC 229: Khabib vs. McGregor,Scott Holtzman vs. Alan Patrick,Scott Holtzman,-121
2018-10-06,UFC 229: Khabib vs. McGregor,Scott Holtzman vs. Alan Patrick,Alan Patrick,121
2017-12-09,UFC Fight Night: Swanson vs. Ortega,Scott Holtzman vs. Darrell Horcher,Scott Holtzman,-258
2017-12-09,UFC Fight Night: Swanson vs. Ortega,Scott Holtzman vs. Darrell Horcher,Darrell Horcher,258
2019-08-03,UFC Fight Night: Covington vs. Lawler,Scott Holtzman vs. Dong Hyun Ma,Scott Holtzman,-190
2019-08-03,UFC Fight Night: Covington vs. Lawler,Scott Holtzman vs. Dong Hyun Ma,Dong Hyun Ma,190
2018-03-03,UFC 222: Cyborg vs. Kunitskaya,Sean O'Malley vs. Andre Soukhamthath,Sean O'Malley,-333
2018-03-03,UFC 222: Cyborg vs. Kunitskaya,Sean O'Malley vs. Andre Soukhamthath,Andre Soukhamthath,333
2019-04-20,UFC Fight Night: Overeem vs. Oleinik,Sergei Pavlovich vs. Marcelo Golm,Sergei Pavlovich,186
2019-04-20,UFC Fight Night: Overeem vs. Oleinik,Sergei Pavlovich vs. Marcelo Golm,Marcelo Golm,-186
2018-09-22,UFC Fight Night: Marreta vs. Anders,Sergio Moraes vs. Ben Saunders,Sergio Moraes,151
2018-09-22,UFC Fight Night: Marreta vs. Anders,Sergio Moraes vs. Ben Saunders,Ben Saunders,-151
2019-11-16,UFC Fight Night: Blachowicz vs. Jacare,Sergio Moraes vs. James Krause,Sergio Moraes,243
2019-11-16,UFC Fight Night: Blachowicz vs. Jacare,Sergio Moraes vs. James Krause,James Krause,-243
2018-02-03,UFC Fight Night: Machida vs. Anders,Sergio Moraes vs. Tim Means,Sergio Moraes,334
2018-02-03,UFC Fight Night: Machida vs. Anders,Sergio Moraes vs. Tim Means,Tim Means,-334
2018-10-06,UFC 229: Khabib vs. McGregor,Sergio Pettis vs. Jussier Formiga,Sergio Pettis,-556
2018-10-06,UFC 229: Khabib vs. McGregor,Sergio Pettis vs. Jussier Formiga,Jussier Formiga,556
2019-12-21,UFC Fight Night: Edgar vs. The Korean Zombie,SeungWoo Choi vs. Suman Mokhtarian,SeungWoo Choi,-128
2019-12-21,UFC Fight Night: Edgar vs. The Korean Zombie,SeungWoo Choi vs. Suman Mokhtarian,Suman Mokhtarian,128
2018-11-03,UFC 230: Cormier vs. Lewis,Shane Burgos vs. Kurt Holobaugh,Shane Burgos,-256
2018-11-03,UFC 230: Cormier vs. Lewis,Shane Burgos vs. Kurt Holobaugh,Kurt Holobaugh,256
2019-11-02,UFC 244: Masvidal vs. Diaz,Shane Burgos vs. Makwan Amirkhani,Shane Burgos,-162
2019-11-02,UFC 244: Masvidal vs. Diaz,Shane Burgos vs. Makwan Amirkhani,Makwan Amirkhani,162
2019-02-09,UFC 234: Adesanya vs. Silva,Shane Young vs. Austin Arnett,Shane Young,-116
2019-02-09,UFC 234: Adesanya vs. Silva,Shane Young vs. Austin Arnett,Austin Arnett,116
2018-06-23,UFC Fight Night: Cowboy vs. Edwards,Shinsho Anzai vs. Jake Matthews,Shinsho Anzai,379
2018-06-23,UFC Fight Night: Cowboy vs. Edwards,Shinsho Anzai vs. Jake Matthews,Jake Matthews,-379
2019-09-28,UFC Fight Night: Hermansson vs. Cannonier,Siyar Bahadurzada vs. Ismail Naurdiev,Siyar Bahadurzada,443
2019-09-28,UFC Fight Night: Hermansson vs. Cannonier,Siyar Bahadurzada vs. Ismail Naurdiev,Ismail Naurdiev,-443
2018-04-21,UFC Fight Night: Barboza vs. Lee,Siyar Bahadurzada vs. Luan Chagas,Siyar Bahadurzada,268
2018-04-21,UFC Fight Night: Barboza vs. Lee,Siyar Bahadurzada vs. Luan Chagas,Luan Chagas,-268
2019-03-30,UFC Fight Night: Barboza vs. Gaethje,Sodiq Yusuff vs. Sheymon Moraes,Sodiq Yusuff,-114
2019-03-30,UFC Fight Night: Barboza vs. Gaethje,Sodiq Yusuff vs. Sheymon Moraes,Sheymon Moraes,114
2018-11-24,UFC Fight Night: Blaydes vs. Ngannou 2,Song Kenan vs. Alex Morono,Song Kenan,162
2018-11-24,UFC Fight Night: Blaydes vs. Ngannou 2,Song Kenan vs. Alex Morono,Alex Morono,-162
2019-08-31,UFC Fight Night: Andrade vs. Zhang,Song Kenan vs. Derrick Krantz,Song Kenan,-140
2019-08-31,UFC Fight Night: Andrade vs. Zhang,Song Kenan vs. Derrick Krantz,Derrick Krantz,140
2018-03-03,UFC 222: Cyborg vs. Kunitskaya,Stefan Struve vs. Andrei Arlovski,Stefan Struve,-140
2018-03-03,UFC 222: Cyborg vs. Kunitskaya,Stefan Struve vs. Andrei Arlovski,Andrei Arlovski,140
2019-12-07,UFC Fight Night: Overeem vs. Rozenstruik,Stefan Struve vs. Ben Rothwell,Stefan Struve,-184
2019-12-07,UFC Fight Night: Overeem vs. Rozenstruik,Stefan Struve vs. Ben Rothwell,Ben Rothwell,184
2019-02-23,UFC Fight Night: Blachowicz vs. Santos,Stefan Struve vs. Marcos Rogerio de Lima,Stefan Struve,216
2019-02-23,UFC Fight Night: Blachowicz vs. Santos,Stefan Struve vs. Marcos Rogerio de Lima,Marcos Rogerio de Lima,-216
2019-03-23,UFC Fight Night: Thompson vs. Pettis,Stephen Thompson vs. Anthony Pettis,Stephen Thompson,-251
2019-03-23,UFC Fight Night: Thompson vs. Pettis,Stephen Thompson vs. Anthony Pettis,Anthony Pettis,251
2018-05-27,UFC Fight Night: Thompson vs. Till,Stephen Thompson vs. Darren Till,Stephen Thompson,101
2018-05-27,UFC Fight Night: Thompson vs. Till,Stephen Thompson vs. Darren Till,Darren Till,-101
2017-11-04,UFC 217: Bisping vs. St-Pierre,Stephen Thompson vs. Jorge Masvidal,Stephen Thompson,172
2017-11-04,UFC 217: Bisping vs. St-Pierre,Stephen Thompson vs. Jorge Masvidal,Jorge Masvidal,-172
2019-11-02,UFC 244: Masvidal vs. Diaz,Stephen Thompson vs. Vicente Luque,Stephen Thompson,-101
2019-11-02,UFC 244: Masvidal vs. Diaz,Stephen Thompson vs. Vicente Luque,Vicente Luque,101
2018-10-27,UFC Fight Night: Oezdemir vs. Smith,Stevie Ray vs. Jessin Ayari,Stevie Ray,111
2018-10-27,UFC Fight Night: Oezdemir vs. Smith,Stevie Ray vs. Jessin Ayari,Jessin Ayari,-111
2018-03-17,UFC Fight Night: Werdum vs. Volkov,Stevie Ray vs. Kajan Johnson,Stevie Ray,-129
2018-03-17,UFC Fight Night: Werdum vs. Volkov,Stevie Ray vs. Kajan Johnson,Kajan Johnson,129
2019-06-01,UFC Fight Night: Gustafsson vs. Smith,Stevie Ray vs. Leonardo Santos,Stevie Ray,-223
2019-06-01,UFC Fight Night: Gustafsson vs. Smith,Stevie Ray vs. Leonardo Santos,Leonardo Santos,223
2018-07-07,UFC 226: Miocic vs. Cormier,Stipe Miocic vs. Daniel Cormier,Stipe Miocic,-308
2018-07-07,UFC 226: Miocic vs. Cormier,Stipe Miocic vs. Daniel Cormier,Daniel Cormier,308
2018-01-20,UFC 220: Miocic vs. Ngannou,Stipe Miocic vs. Francis Ngannou,Stipe Miocic,-129
2018-01-20,UFC 220: Miocic vs. Ngannou,Stipe Miocic vs. Francis Ngannou,Francis Ngannou,129
2019-04-20,UFC Fight Night: Overeem vs. Oleinik,Sultan Aliev vs. Keita Nakamura,Sultan Aliev,-116
2019-04-20,UFC Fight Night: Overeem vs. Oleinik,Sultan Aliev vs. Keita Nakamura,Keita Nakamura,116
2019-08-31,UFC Fight Night: Andrade vs. Zhang,Sumudaerji vs. Andre Soukhamthath,Sumudaerji,-225
2019-08-31,UFC Fight Night: Andrade vs. Zhang,Sumudaerji vs. Andre Soukhamthath,Andre Soukhamthath,225
2018-08-04,UFC 227: Dillashaw vs. Garbrandt 2,TJ Dillashaw vs. Cody Garbrandt,TJ Dillashaw,-125
2018-08-04,UFC 227: Dillashaw vs. Garbrandt 2,TJ Dillashaw vs. Cody Garbrandt,Cody Garbrandt,125
2019-06-08,UFC 238: Cejudo vs. Moraes,Tai Tuivasa vs. Blagoy Ivanov,Tai Tuivasa,-258
2019-06-08,UFC 238: Cejudo vs. Moraes,Tai Tuivasa vs. Blagoy Ivanov,Blagoy Ivanov,258
2018-02-10,UFC 221: Romero vs. Rockhold,Tai Tuivasa vs. Cyril Asker,Tai Tuivasa,-169
2018-02-10,UFC 221: Romero vs. Rockhold,Tai Tuivasa vs. Cyril Asker,Cyril Asker,169
2019-10-05,UFC 243: Whittaker vs. Adesanya,Tai Tuivasa vs. Serghei Spivac,Tai Tuivasa,-175
2019-10-05,UFC 243: Whittaker vs. Adesanya,Tai Tuivasa vs. Serghei Spivac,Serghei Spivac,175
2018-02-10,UFC 221: Romero vs. Rockhold,Teruto Ishihara vs. Jose Quinonez,Teruto Ishihara,116
2018-02-10,UFC 221: Romero vs. Rockhold,Teruto Ishihara vs. Jose Quinonez,Jose Quinonez,-116
2019-02-09,UFC 234: Adesanya vs. Silva,Teruto Ishihara vs. Kyung Ho Kang,Teruto Ishihara,125
2019-02-09,UFC 234: Adesanya vs. Silva,Teruto Ishihara vs. Kyung Ho Kang,Kyung Ho Kang,-125
2017-10-07,UFC 216: Ferguson vs. Lee,Thales Leites vs. Brad Tavares,Thales Leites,183
2017-10-07,UFC 216: Ferguson vs. Lee,Thales Leites vs. Brad Tavares,Brad Tavares,-183
2018-09-22,UFC Fight Night: Marreta vs. Anders,Thales Leites vs. Hector Lombard,Thales Leites,121
2018-09-22,UFC Fight Night: Marreta vs. Anders,Thales Leites vs. Hector Lombard,Hector Lombard,-121
2018-05-12,UFC 224: Nunes vs. Pennington,Thales Leites vs. Jack Hermansson,Thales Leites,226
2018-05-12,UFC 224: Nunes vs. Pennington,Thales Leites vs. Jack Hermansson,Jack Hermansson,-226
2019-05-11,UFC 237: Namajunas vs. Andrade,Thiago Alves vs. Laureano Staropoli,Thiago Alves,160
2019-05-11,UFC 237: Namajunas vs. Andrade,Thiago Alves vs. Laureano Staropoli,Laureano Staropoli,-160
2019-02-02,UFC Fight Night: Assuncao vs. Moraes 2,Thiago Alves vs. Max Griffin,Thiago Alves,107
2019-02-02,UFC Fight Night: Assuncao vs. Moraes 2,Thiago Alves vs. Max Griffin,Max Griffin,-107
2019-12-07,UFC Fight Night: Overeem vs. Rozenstruik,Thiago Alves vs. Tim Means,Thiago Alves,212
2019-12-07,UFC Fight Night: Overeem vs. Rozenstruik,Thiago Alves vs. Tim Means,Tim Means,-212
2019-05-11,UFC 237: Namajunas vs. Andrade,Thiago Moises vs. Kurt Holobaugh,Thiago Moises,-127
2019-05-11,UFC 237: Namajunas vs. Andrade,Thiago Moises vs. Kurt Holobaugh,Kurt Holobaugh,127
2018-02-03,UFC Fight Night: Machida vs. Anders,Thiago Santos vs. Anthony Smith,Thiago Santos,-262
2018-02-03,UFC Fight Night: Machida vs. Anders,Thiago Santos vs. Anthony Smith,Anthony Smith,262
2018-09-22,UFC Fight Night: Marreta vs. Anders,Thiago Santos vs. Eryk Anders,Thiago Santos,-197
2018-09-22,UFC Fight Night: Marreta vs. Anders,Thiago Santos vs. Eryk Anders,Eryk Anders,197
2017-10-28,UFC Fight Night: Brunson vs. Machida,Thiago Santos vs. Jack Hermansson,Thiago Santos,163
2017-10-28,UFC Fight Night: Brunson vs. Machida,Thiago Santos vs. Jack Hermansson,Jack Hermansson,-163
2018-10-27,UFC Fight Night: Oezdemir vs. Smith,Thibault Gouti vs. Nasrat Haqparast,Thibault Gouti,597
2018-10-27,UFC Fight Night: Oezdemir vs. Smith,Thibault Gouti vs. Nasrat Haqparast,Nasrat Haqparast,-597
2018-01-20,UFC 220: Miocic vs. Ngannou,Thomas Almeida vs. Rob Font,Thomas Almeida,-129
2018-01-20,UFC 220: Miocic vs. Ngannou,Thomas Almeida vs. Rob Font,Rob Font,129
2018-04-14,UFC Fight Night: Poirier vs. Gaethje,Tim Boetsch vs. Antonio Carlos Junior,Tim Boetsch,227
2018-04-14,UFC Fight Night: Poirier vs. Gaethje,Tim Boetsch vs. Antonio Carlos Junior,Antonio Carlos Junior,-227
2019-03-09,UFC Fight Night: Lewis vs. Dos Santos,Tim Boetsch vs. Omari Akhmedov,Tim Boetsch,155
2019-03-09,UFC Fight Night: Lewis vs. Dos Santos,Tim Boetsch vs. Omari Akhmedov,Omari Akhmedov,-155
2020-01-18,UFC 246: McGregor vs. Cowboy,Tim Elliott vs. Askar Askarov,Tim Elliott,-107
2020-01-18,UFC 246: McGregor vs. Cowboy,Tim Elliott vs. Askar Askarov,Askar Askarov,107
2017-11-18,UFC Fight Night: Werdum vs. Tybura,Tim Means vs. Belal Muhammad,Tim Means,-199
2017-11-18,UFC Fight Night: Werdum vs. Tybura,Tim Means vs. Belal Muhammad,Belal Muhammad,199
2019-03-09,UFC Fight Night: Lewis vs. Dos Santos,Tim Means vs. Niko Price,Tim Means,-321
2019-03-09,UFC Fight Night: Lewis vs. Dos Santos,Tim Means vs. Niko Price,Niko Price,321
2018-11-30,The Ultimate Fighter: Heavy Hitters Finale,Tim Means vs. Ricky Rainey,Tim Means,-485
2018-11-30,The Ultimate Fighter: Heavy Hitters Finale,Tim Means vs. Ricky Rainey,Ricky Rainey,485
2018-02-03,UFC Fight Night: Machida vs. Anders,Timothy Johnson vs. Marcelo Golm,Timothy Johnson,588
2018-02-03,UFC Fight Night: Machida vs. Anders,Timothy Johnson vs. Marcelo Golm,Marcelo Golm,-588
2017-10-07,UFC 216: Ferguson vs. Lee,Tom Duquesnoy vs. Cody Stamann,Tom Duquesnoy,211
2017-10-07,UFC 216: Ferguson vs. Lee,Tom Duquesnoy vs. Cody Stamann,Cody Stamann,-211
2018-03-17,UFC Fight Night: Werdum vs. Volkov,Tom Duquesnoy vs. Terrion Ware,Tom Duquesnoy,-253
2018-03-17,UFC Fight Night: Werdum vs. Volkov,Tom Duquesnoy vs. Terrion Ware,Terrion Ware,253
2018-10-06,UFC 229: Khabib vs. McGregor,Tony Ferguson vs. Anthony Pettis,Tony Ferguson,-323
2018-10-06,UFC 229: Khabib vs. McGregor,Tony Ferguson vs. Anthony Pettis,Anthony Pettis,323
2019-06-08,UFC 238: Cejudo vs. Moraes,Tony Ferguson vs. Donald Cerrone,Tony Ferguson,-313
2019-06-08,UFC 238: Cejudo vs. Moraes,Tony Ferguson vs. Donald Cerrone,Donald Cerrone,313
2017-10-07,UFC 216: Ferguson vs. Lee,Tony Ferguson vs. Kevin Lee,Tony Ferguson,-140
2017-10-07,UFC 216: Ferguson vs. Lee,Tony Ferguson vs. Kevin Lee,Kevin Lee,140
2019-08-03,UFC Fight Night: Covington vs. Lawler,Trevin Giles vs. Gerald Meerschaert,Trevin Giles,-196
2019-08-03,UFC Fight Night: Covington vs. Lawler,Trevin Giles vs. Gerald Meerschaert,Gerald Meerschaert,196
2020-02-08,UFC 247: Jones vs. Reyes,Trevin Giles vs. James Krause,Trevin Giles,-181
2020-02-08,UFC 247: Jones vs. Reyes,Trevin Giles vs. James Krause,James Krause,181
2018-12-15,UFC Fight Night: Lee vs. Iaquinta,Trevor Smith vs. Zak Cummings,Trevor Smith,109
2018-12-15,UFC Fight Night: Lee vs. Iaquinta,Trevor Smith vs. Zak Cummings,Zak Cummings,-109
2018-09-08,UFC 228: Woodley vs. Till,Tyron Woodley vs. Darren Till,Tyron Woodley,185
2018-09-08,UFC 228: Woodley vs. Till,Tyron Woodley vs. Darren Till,Darren Till,-185
2019-03-02,UFC 235: Jones vs. Smith,Tyron Woodley vs. Kamaru Usman,Tyron Woodley,236
2019-03-02,UFC 235: Jones vs. Smith,Tyron Woodley vs. Kamaru Usman,Kamaru Usman,-236
2018-02-10,UFC 221: Romero vs. Rockhold,Tyson Pedro vs. Saparbeg Safarov,Tyson Pedro,-429
2018-02-10,UFC 221: Romero vs. Rockhold,Tyson Pedro vs. Saparbeg Safarov,Saparbeg Safarov,429
2019-09-14,UFC Fight Night: Cowboy vs. Gaethje,Uriah Hall vs. Antonio Carlos Junior,Uriah Hall,260
2019-09-14,UFC Fight Night: Cowboy vs. Gaethje,Uriah Hall vs. Antonio Carlos Junior,Antonio Carlos Junior,-260
2018-07-07,UFC 226: Miocic vs. Cormier,Uriah Hall vs. Paulo Costa,Uriah Hall,169
2018-07-07,UFC 226: Miocic vs. Cormier,Uriah Hall vs. Paulo Costa,Paulo Costa,-169
2019-07-13,UFC Fight Night: De Randamie vs. Ladd,Urijah Faber vs. Ricky Simon,Urijah Faber,188
2019-07-13,UFC Fight Night: De Randamie vs. Ladd,Urijah Faber vs. Ricky Simon,Ricky Simon,-188
2019-02-17,UFC Fight Night: Ngannou vs. Velasquez,Vicente Luque vs. Bryan Barberena,Vicente Luque,-178
2019-02-17,UFC Fight Night: Ngannou vs. Velasquez,Vicente Luque vs. Bryan Barberena,Bryan Barberena,178
2018-05-19,UFC Fight Night: Maia vs. Usman,Vicente Luque vs. Chad Laprise,Vicente Luque,-160
2018-05-19,UFC Fight Night: Maia vs. Usman,Vicente Luque vs. Chad Laprise,Chad Laprise,160
2019-08-10,UFC Fight Night: Shevchenko vs. Carmouche 2,Vicente Luque vs. Mike Perry,Vicente Luque,-159
2019-08-10,UFC Fight Night: Shevchenko vs. Carmouche 2,Vicente Luque vs. Mike Perry,Mike Perry,159
2017-10-28,UFC Fight Night: Brunson vs. Machida,Vicente Luque vs. Niko Price,Vicente Luque,-177
2017-10-28,UFC Fight Night: Brunson vs. Machida,Vicente Luque vs. Niko Price,Niko Price,177
2018-01-27,UFC Fight Night: Jacare vs. Brunson 2,Vinc Pichel vs. Joaquim Silva,Vinc Pichel,148
2018-01-27,UFC Fight Night: Jacare vs. Brunson 2,Vinc Pichel vs. Joaquim Silva,Joaquim Silva,-148
2019-09-21,UFC Fight Night: Rodriguez vs. Stephens,Vinicius Moreira vs. Paul Craig,Vinicius Moreira,165
2019-09-21,UFC Fight Night: Rodriguez vs. Stephens,Vinicius Moreira vs. Paul Craig,Paul Craig,-165
2018-05-12,UFC 224: Nunes vs. Pennington,Vitor Belfort vs. Lyoto Machida,Vitor Belfort,131
2018-05-12,UFC 224: Nunes vs. Pennington,Vitor Belfort vs. Lyoto Machida,Lyoto Machida,-131
2019-12-21,UFC Fight Night: Edgar vs. The Korean Zombie,Volkan Oezdemir vs. Aleksandar Rakic,Volkan Oezdemir,103
2019-12-21,UFC Fight Night: Edgar vs. The Korean Zombie,Volkan Oezdemir vs. Aleksandar Rakic,Aleksandar Rakic,-103
2018-10-27,UFC Fight Night: Oezdemir vs. Smith,Volkan Oezdemir vs. Anthony Smith,Volkan Oezdemir,-197
2018-10-27,UFC Fight Night: Oezdemir vs. Smith,Volkan Oezdemir vs. Anthony Smith,Anthony Smith,197
2019-03-16,UFC Fight Night: Till vs. Masvidal,Volkan Oezdemir vs. Dominick Reyes,Volkan Oezdemir,120
2019-03-16,UFC Fight Night: Till vs. Masvidal,Volkan Oezdemir vs. Dominick Reyes,Dominick Reyes,-120
2019-08-10,UFC Fight Night: Shevchenko vs. Carmouche 2,Volkan Oezdemir vs. Ilir Latifi,Volkan Oezdemir,-137
2019-08-10,UFC Fight Night: Shevchenko vs. Carmouche 2,Volkan Oezdemir vs. Ilir Latifi,Ilir Latifi,137
2018-06-01,UFC Fight Night: Rivera vs. Moraes,Walt Harris vs. Daniel Spitz,Walt Harris,124
2018-06-01,UFC Fight Night: Rivera vs. Moraes,Walt Harris vs. Daniel Spitz,Daniel Spitz,-124
2017-11-04,UFC 217: Bisping vs. St-Pierre,Walt Harris vs. Mark Godbeer,Walt Harris,147
2017-11-04,UFC 217: Bisping vs. St-Pierre,Walt Harris vs. Mark Godbeer,Mark Godbeer,-147
2019-11-16,UFC Fight Night: Blachowicz vs. Jacare,Warlley Alves vs. Randy Brown,Warlley Alves,114
2019-11-16,UFC Fight Night: Blachowicz vs. Jacare,Warlley Alves vs. Randy Brown,Randy Brown,-114
2019-05-11,UFC 237: Namajunas vs. Andrade,Warlley Alves vs. Sergio Moraes,Warlley Alves,-190
2019-05-11,UFC 237: Namajunas vs. Andrade,Warlley Alves vs. Sergio Moraes,Sergio Moraes,190
2018-05-12,UFC 224: Nunes vs. Pennington,Warlley Alves vs. Sultan Aliev,Warlley Alves,-235
2018-05-12,UFC 224: Nunes vs. Pennington,Warlley Alves vs. Sultan Aliev,Sultan Aliev,235
2019-04-13,UFC 236: Holloway vs. Poirier 2,Wilson Reis vs. Alexandre Pantoja,Wilson Reis,184
2019-04-13,UFC 236: Holloway vs. Poirier 2,Wilson Reis vs. Alexandre Pantoja,Alexandre Pantoja,-184
2018-12-01,UFC Fight Night: Dos Santos vs. Tuivasa,Wilson Reis vs. Ben Nguyen,Wilson Reis,103
2018-12-01,UFC Fight Night: Dos Santos vs. Tuivasa,Wilson Reis vs. Ben Nguyen,Ben Nguyen,-103
2018-04-14,UFC Fight Night: Poirier vs. Gaethje,Wilson Reis vs. John Moraga,Wilson Reis,-155
2018-04-14,UFC Fight Night: Poirier vs. Gaethje,Wilson Reis vs. John Moraga,John Moraga,155
2019-02-09,UFC 234: Adesanya vs. Silva,Wulijiburen vs. Jonathan Martinez,Wulijiburen,110
2019-02-09,UFC 234: Adesanya vs. Silva,Wulijiburen vs. Jonathan Martinez,Jonathan Martinez,-110
2019-10-18,UFC Fight Night: Reyes vs. Weidman,Yair Rodriguez vs. Jeremy Stephens,Yair Rodriguez,-153
2019-10-18,UFC Fight Night: Reyes vs. Weidman,Yair Rodriguez vs. Jeremy Stephens,Jeremy Stephens,153
2018-02-10,UFC 221: Romero vs. Rockhold,Yoel Romero vs. Luke Rockhold,Yoel Romero,-109
2018-02-10,UFC 221: Romero vs. Rockhold,Yoel Romero vs. Luke Rockhold,Luke Rockhold,109
2019-08-17,UFC 241: Cormier vs. Miocic 2,Yoel Romero vs. Paulo Costa,Yoel Romero,102
2019-08-17,UFC 241: Cormier vs. Miocic 2,Yoel Romero vs. Paulo Costa,Paulo Costa,-102
2018-12-01,UFC Fight Night: Dos Santos vs. Tuivasa,Yushin Okami vs. Aleksei Kunchenko,Yushin Okami,-152
2018-12-01,UFC Fight Night: Dos Santos vs. Tuivasa,Yushin Okami vs. Aleksei Kunchenko,Aleksei Kunchenko,152
2018-09-08,UFC 228: Woodley vs. Till,Zabit Magomedsharipov vs. Brandon Davis,Zabit Magomedsharipov,-253
2018-09-08,UFC 228: Woodley vs. Till,Zabit Magomedsharipov vs. Brandon Davis,Brandon Davis,253
2019-11-09,UFC Fight Night: Zabit vs. Kattar,Zabit Magomedsharipov vs. Calvin Kattar,Zabit Magomedsharipov,-391
2019-11-09,UFC Fight Night: Zabit vs. Kattar,Zabit Magomedsharipov vs. Calvin Kattar,Calvin Kattar,391
2018-04-07,UFC 223: Khabib vs. Iaquinta,Zabit Magomedsharipov vs. Kyle Bochniak,Zabit Magomedsharipov,-552
2018-04-07,UFC 223: Khabib vs. Iaquinta,Zabit Magomedsharipov vs. Kyle Bochniak,Kyle Bochniak,552
2018-05-19,UFC Fight Night: Maia vs. Usman,Zak Cummings vs. Michel Prazeres,Zak Cummings,120
2018-05-19,UFC Fight Night: Maia vs. Usman,Zak Cummings vs. Michel Prazeres,Michel Prazeres,-120
2019-05-18,UFC Fight Night: Dos Anjos vs. Lee,Zak Cummings vs. Trevin Giles,Zak Cummings,301
2019-05-18,UFC Fight Night: Dos Anjos vs. Lee,Zak Cummings vs. Trevin Giles,Trevin Giles,-301
2019-11-09,UFC Fight Night: Zabit vs. Kattar,Zelim Imadaev vs. Danny Roberts,Zelim Imadaev,-239
2019-11-09,UFC Fight Night: Zabit vs. Kattar,Zelim Imadaev vs. Danny Roberts,Danny Roberts,239
